location_id,canonical_city,canonical_state,canonical_country,location_tier
GGLOC-00001,Remote,,,UNKNOWN
GGLOC-00002,Kolkata,West Bengal,India,TIER_1
GGLOC-00003,Chandigarh,Chandigarh,India,TIER_2
GGLOC-00004,Lucknow,,,UNKNOWN
GGLOC-00005,Ahmedabad,Gujarat,India,TIER_2
GGLOC-00006,Nagpur,Maharashtra,India,TIER_2
GGLOC-00007,Hyderabad,Telangana,India,TIER_1
GGLOC-00008,Chennai,Tamil Nadu,India,TIER_1
GGLOC-00009,Kochi,Kerala,India,TIER_2
GGLOC-00010,Bengaluru,Karnataka,India,TIER_1
GGLOC-00011,Jaipur,Rajasthan,India,TIER_2
GGLOC-00012,Pune,Maharashtra,India,TIER_1
GGLOC-00013,Mumbai,Maharashtra,India,TIER_1
GGLOC-00014,Bhubaneswar,,,UNKNOWN
GGLOC-00015,Indore,Madhya Pradesh,India,TIER_2
GGLOC-00016,Delhi,Delhi,India,TIER_1
GGLOC-00017,Coimbatore,Tamil Nadu,India,TIER_2
GGLOC-00018,Armonk,,Westchester County,UNKNOWN
GGLOC-00019,Fountain,,El Paso County,UNKNOWN
GGLOC-00020,Bayou Blue,,Terrebonne Parish,UNKNOWN
GGLOC-00021,Town N Country,,Hillsborough County,UNKNOWN
GGLOC-00022,Huntington,,Chittenden County,UNKNOWN
GGLOC-00023,London,,United Kingdom,UNKNOWN
GGLOC-00024,Panama Beach,,Bay County,UNKNOWN
GGLOC-00025,Milton Keynes,,Buckinghamshire,UNKNOWN
GGLOC-00026,Newark,,Licking County,UNKNOWN
GGLOC-00027,Ruidoso,,Lincoln County,UNKNOWN
GGLOC-00028,Palo Alto,,Santa Clara County,UNKNOWN
GGLOC-00029,Bickerstaffe,,Ormskirk,UNKNOWN
GGLOC-00030,Crotona Park,,Bronx,UNKNOWN
GGLOC-00031,Waite Park,,Stearns County,UNKNOWN
GGLOC-00032,Columbus,,Bartholomew County,UNKNOWN
GGLOC-00033,Munroe Falls,,Summit County,UNKNOWN
GGLOC-00034,Oak Creek,,Milwaukee County,UNKNOWN
GGLOC-00035,West Garfield Park,,Chicago,UNKNOWN
GGLOC-00036,Sabbath Day Point,,Warren County,UNKNOWN
GGLOC-00037,Hopkinsville,,Christian County,UNKNOWN
GGLOC-00038,Jackson,,Jackson County,UNKNOWN
GGLOC-00039,Greene,,Androscoggin County,UNKNOWN
GGLOC-00040,South Des Moines,,Polk County,UNKNOWN
GGLOC-00041,Charleston,,Kanawha County,UNKNOWN
GGLOC-00042,Bridgewater,,Somerset County,UNKNOWN
GGLOC-00043,Harbville,,Jasper County,UNKNOWN
GGLOC-00044,Sunnyvale,,Santa Clara County,UNKNOWN
GGLOC-00045,Dover,,Tuscarawas County,UNKNOWN
GGLOC-00046,Fargo,,Cass County,UNKNOWN
GGLOC-00047,Cocoa,,Brevard County,UNKNOWN
GGLOC-00048,Racine,,Racine County,UNKNOWN
GGLOC-00049,Holts Summit,,Callaway County,UNKNOWN
GGLOC-00050,Englewood,,Bergen County,UNKNOWN
GGLOC-00051,Richmond,,Sagadahoc County,UNKNOWN
GGLOC-00052,Bryte,,Yolo County,UNKNOWN
GGLOC-00053,Lazy Lake,,Broward County,UNKNOWN
GGLOC-00054,Harrisburg,,Cabarrus County,UNKNOWN
GGLOC-00055,Maple Bluff,,Dane County,UNKNOWN
GGLOC-00056,Holyoke,,Phillips County,UNKNOWN
GGLOC-00057,Shunk,,Sullivan County,UNKNOWN
GGLOC-00058,Marathon,,Cortland County,UNKNOWN
GGLOC-00059,Hudson,,Summit County,UNKNOWN
GGLOC-00060,Picture Rocks,,Lycoming County,UNKNOWN
GGLOC-00061,North Bend,,Coos County,UNKNOWN
GGLOC-00062,Waterloo,,Black Hawk County,UNKNOWN
GGLOC-00063,Laporte,,Sullivan County,UNKNOWN
GGLOC-00064,Humberstone,,Leicester,UNKNOWN
GGLOC-00065,Drake,,Edgecombe County,UNKNOWN
GGLOC-00066,New York,New York,United States,UNKNOWN
GGLOC-00067,Reading,,Berkshire,UNKNOWN
GGLOC-00068,Clearfield,,Davis County,UNKNOWN
GGLOC-00069,Bustins Island,,Cumberland County,UNKNOWN
GGLOC-00070,Juneau,,Alaska,UNKNOWN
GGLOC-00071,Lancaster,,Dallas,UNKNOWN
GGLOC-00072,Aurora,,Kane County,UNKNOWN
GGLOC-00073,Willoughby,,Lake County,UNKNOWN
GGLOC-00074,Lowell,,Benton County,UNKNOWN
GGLOC-00075,Conyers,,Rockdale County,UNKNOWN
GGLOC-00076,West Falls Church,,Fairfax County,UNKNOWN
GGLOC-00077,Aurora,,Arapahoe County,UNKNOWN
GGLOC-00078,Leckhampton,,Cheltenham,UNKNOWN
GGLOC-00079,West Hills,,Los Angeles County,UNKNOWN
GGLOC-00080,Palmer,,Hampden County,UNKNOWN
GGLOC-00081,Arlington,,Middlesex County,UNKNOWN
GGLOC-00082,Emeryville,,Alameda County,UNKNOWN
GGLOC-00083,Myrtle Beach,,Horry County,UNKNOWN
GGLOC-00084,Rock Springs,,Sweetwater County,UNKNOWN
GGLOC-00085,Portage,,Porter County,UNKNOWN
GGLOC-00086,Kingsbridge And Riverdale,,Bronx,UNKNOWN
GGLOC-00087,Dundee,,Kane County,UNKNOWN
GGLOC-00088,Basford,,Crewe,UNKNOWN
GGLOC-00089,Leavesden,,Watford,UNKNOWN
GGLOC-00090,South Freeport,,Cumberland County,UNKNOWN
GGLOC-00091,Athens,,Bradford County,UNKNOWN
GGLOC-00092,Victor,,Ravalli County,UNKNOWN
GGLOC-00093,Hanworth,,Feltham,UNKNOWN
GGLOC-00094,Harmony,,Rusk County,UNKNOWN
GGLOC-00095,Black Earth,,Dane County,UNKNOWN
GGLOC-00096,Waimanalo,,Honolulu,UNKNOWN
GGLOC-00097,Sugar Land,,Fort Bend County,UNKNOWN
GGLOC-00098,Hampton,,Hampton County,UNKNOWN
GGLOC-00099,Big Spring,,Cumberland County,UNKNOWN
GGLOC-00100,Milton,,Rock County,UNKNOWN
GGLOC-00101,Solihull,,West Midlands,UNKNOWN
GGLOC-00102,Auburn,,Gloucester County,UNKNOWN
GGLOC-00103,Melbourne,,Izard County,UNKNOWN
GGLOC-00104,Reno,,Clark County,UNKNOWN
GGLOC-00105,Pleasant Valley,,Clay County,UNKNOWN
GGLOC-00106,The Colony,,Denton County,UNKNOWN
GGLOC-00107,Morristown,,Morris County,UNKNOWN
GGLOC-00108,Ardwick,,Manchester,UNKNOWN
GGLOC-00109,San Jacinto,,Riverside County,UNKNOWN
GGLOC-00110,Middle East,,Philadelphia County,UNKNOWN
GGLOC-00111,Rock Island,,Rock Island County,UNKNOWN
GGLOC-00112,Plainville,,Hartford County,UNKNOWN
GGLOC-00113,Menasha,,Winnebago County,UNKNOWN
GGLOC-00114,Cedar Rapids,,Linn County,UNKNOWN
GGLOC-00115,Duluth,,Saint Louis County,UNKNOWN
GGLOC-00116,Hiram,,Cleburne County,UNKNOWN
GGLOC-00117,Bensalem,,Bucks County,UNKNOWN
GGLOC-00118,Pasadena Park,,Saint Louis County,UNKNOWN
GGLOC-00119,Dedham,,Norfolk County,UNKNOWN
GGLOC-00120,East Dundee,,Kane County,UNKNOWN
GGLOC-00121,Nelson,,Lancashire,UNKNOWN
GGLOC-00122,Enterprise,,Clark County,UNKNOWN
GGLOC-00123,Wyckoff,,Bergen County,UNKNOWN
GGLOC-00124,Arlingham,,Gloucester,UNKNOWN
GGLOC-00125,Winchester,,Middlesex County,UNKNOWN
GGLOC-00126,Batley,,West Yorkshire,UNKNOWN
GGLOC-00127,Cherry Hill,,Camden County,UNKNOWN
GGLOC-00128,Bausman,,Lancaster County,UNKNOWN
GGLOC-00129,Bethel Heights,,Washington County,UNKNOWN
GGLOC-00130,Cockrell Hill,,Dallas,UNKNOWN
GGLOC-00131,Maitland,,Orange County,UNKNOWN
GGLOC-00132,North Bethesda,,Montgomery County,UNKNOWN
GGLOC-00133,Lockport,,Will County,UNKNOWN
GGLOC-00134,Auburn,,Lee County,UNKNOWN
GGLOC-00135,Buckingham,,Dallas,UNKNOWN
GGLOC-00136,Rowlett,,Dallas,UNKNOWN
GGLOC-00137,Kennesaw,,Cobb County,UNKNOWN
GGLOC-00138,Gladewater,,Gregg County,UNKNOWN
GGLOC-00139,Jeffersonville,,Clark County,UNKNOWN
GGLOC-00140,Burbank,,Los Angeles County,UNKNOWN
GGLOC-00141,Laurie,,Morgan County,UNKNOWN
GGLOC-00142,Bath,,Mason County,UNKNOWN
GGLOC-00143,West Galveston,,Galveston County,UNKNOWN
GGLOC-00144,Pacific,,Franklin County,UNKNOWN
GGLOC-00145,Paxton,,Ford County,UNKNOWN
GGLOC-00146,Maple Grove,,Hennepin County,UNKNOWN
GGLOC-00147,Artesia,,Los Angeles County,UNKNOWN
GGLOC-00148,Rockbridge,,Gwinnett County,UNKNOWN
GGLOC-00149,West Dundee,,Kane County,UNKNOWN
GGLOC-00150,Hatboro,,Montgomery County,UNKNOWN
GGLOC-00151,Panorama Village,,Montgomery County,UNKNOWN
GGLOC-00152,Oregon City,,Clackamas County,UNKNOWN
GGLOC-00153,Florham Park,,Morris County,UNKNOWN
GGLOC-00154,Buffalo,,Buffalo County,UNKNOWN
GGLOC-00155,Forest Hills,,Davidson County,UNKNOWN
GGLOC-00156,Yateley,,Hampshire,UNKNOWN
GGLOC-00157,Didcot,,Oxfordshire,UNKNOWN
GGLOC-00158,Spring Lake,,Monmouth County,UNKNOWN
GGLOC-00159,Fountainebleau,,Miami-Dade County,UNKNOWN
GGLOC-00160,Montrose,,Montrose County,UNKNOWN
GGLOC-00161,Cleveland,,Liberty County,UNKNOWN
GGLOC-00162,Addyston,,Hamilton County,UNKNOWN
GGLOC-00163,Everett,,Glynn County,UNKNOWN
GGLOC-00164,Holmen,,La Crosse County,UNKNOWN
GGLOC-00165,East Ellijay,,Gilmer County,UNKNOWN
GGLOC-00166,Bolingbrook,,Will County,UNKNOWN
GGLOC-00167,Southwood,,Vigo County,UNKNOWN
GGLOC-00168,Daly City,,San Mateo County,UNKNOWN
GGLOC-00169,Montevallo,,Shelby County,UNKNOWN
GGLOC-00170,La Verne,,Los Angeles County,UNKNOWN
GGLOC-00171,Broadview Heights,,Cuyahoga County,UNKNOWN
GGLOC-00172,Canton,,Saint Lawrence County,UNKNOWN
GGLOC-00173,Farmington Hills,,Oakland County,UNKNOWN
GGLOC-00174,Sheffield Lake,,Lorain County,UNKNOWN
GGLOC-00175,Bridgewater,,Plymouth County,UNKNOWN
GGLOC-00176,Orleans,,Barnstable County,UNKNOWN
GGLOC-00177,Westford,,Middlesex County,UNKNOWN
GGLOC-00178,Progress,,Washington County,UNKNOWN
GGLOC-00179,Bemis,,Madison County,UNKNOWN
GGLOC-00180,Rowland Heights,,Los Angeles County,UNKNOWN
GGLOC-00181,New Braunfels,,Comal County,UNKNOWN
GGLOC-00182,O Fallon,,Saint Charles County,UNKNOWN
GGLOC-00183,Archer,,Laramie County,UNKNOWN
GGLOC-00184,Little Meadows,,Susquehanna County,UNKNOWN
GGLOC-00185,Deritend,,Birmingham,UNKNOWN
GGLOC-00186,Roslindale,,Suffolk County,UNKNOWN
GGLOC-00187,Prompton,,Wayne County,UNKNOWN
GGLOC-00188,Petaluma,,Sonoma County,UNKNOWN
GGLOC-00189,Provo,,Butler County,UNKNOWN
GGLOC-00190,Canton,,Bradford County,UNKNOWN
GGLOC-00191,Watford,,Hertfordshire,UNKNOWN
GGLOC-00192,Miami,,Miami-Dade County,UNKNOWN
GGLOC-00193,Brunswick,,Cumberland County,UNKNOWN
GGLOC-00194,Dyersburg,,Dyer County,UNKNOWN
GGLOC-00195,Binfield,,Bracknell,UNKNOWN
GGLOC-00196,Woonsocket,,Providence County,UNKNOWN
GGLOC-00197,Calabasas,,Los Angeles County,UNKNOWN
GGLOC-00198,Roanoke,,Denton County,UNKNOWN
GGLOC-00199,East Long Beach,,Los Angeles County,UNKNOWN
GGLOC-00200,Richmond,,Richmond County,UNKNOWN
GGLOC-00201,Saint Clair Shores,,Macomb County,UNKNOWN
GGLOC-00202,North Yarmouth,,Cumberland County,UNKNOWN
GGLOC-00203,Costow,,Swindon,UNKNOWN
GGLOC-00204,Potsdam,,Saint Lawrence County,UNKNOWN
GGLOC-00205,Staffordshire,,West Midlands,UNKNOWN
GGLOC-00206,Birkenhead,,Merseyside,UNKNOWN
GGLOC-00207,Lawrence,,Lawrence County,UNKNOWN
GGLOC-00208,Lake Ronkonkoma Heights,,Suffolk County,UNKNOWN
GGLOC-00209,Canyon Crest,,Riverside County,UNKNOWN
GGLOC-00210,North Myrtle Beach,,Horry County,UNKNOWN
GGLOC-00211,Hamden,,New Haven County,UNKNOWN
GGLOC-00212,Dryden,,Tompkins County,UNKNOWN
GGLOC-00213,Albrightsville,,Carbon County,UNKNOWN
GGLOC-00214,Brice,,Jay County,UNKNOWN
GGLOC-00215,Seward,,Seward County,UNKNOWN
GGLOC-00216,Tucson,,Pima County,UNKNOWN
GGLOC-00217,Painesville,,Lake County,UNKNOWN
GGLOC-00218,Hilliard,,Nassau County,UNKNOWN
GGLOC-00219,Norwalk,,Warren County,UNKNOWN
GGLOC-00220,Norman,,Cleveland County,UNKNOWN
GGLOC-00221,Pleasant Grove,,Utah County,UNKNOWN
GGLOC-00222,Saint Albans,,Kanawha County,UNKNOWN
GGLOC-00223,Florence,,Lane County,UNKNOWN
GGLOC-00224,Woodside,,Houston,UNKNOWN
GGLOC-00225,Waconia,,Carver County,UNKNOWN
GGLOC-00226,East Hampton,,Suffolk County,UNKNOWN
GGLOC-00227,Valley View,,Kane County,UNKNOWN
GGLOC-00228,Smyrna,,Cobb County,UNKNOWN
GGLOC-00229,Frazer,,Chester County,UNKNOWN
GGLOC-00230,Maple Heights,,Floyd County,UNKNOWN
GGLOC-00231,Dunkerton,,Black Hawk County,UNKNOWN
GGLOC-00232,Amery,,Polk County,UNKNOWN
GGLOC-00233,Sacramento,,Sacramento County,UNKNOWN
GGLOC-00234,Guilford,,Dearborn County,UNKNOWN
GGLOC-00235,College Estates,,Frederick County,UNKNOWN
GGLOC-00236,Hood River,,Hood River County,UNKNOWN
GGLOC-00237,Memphis,,Desoto County,UNKNOWN
GGLOC-00238,Allentown,,Lehigh County,UNKNOWN
GGLOC-00239,Guilford,,New Haven County,UNKNOWN
GGLOC-00240,St. Andrews,,Fife,UNKNOWN
GGLOC-00241,Lehigh Valley,,Northampton County,UNKNOWN
GGLOC-00242,Reynoldsburg,,Franklin County,UNKNOWN
GGLOC-00243,Wilmington,,New Castle County,UNKNOWN
GGLOC-00244,Marshfield,,Wood County,UNKNOWN
GGLOC-00245,Langley,,York County,UNKNOWN
GGLOC-00246,Saint Bernard,,Saint Bernard Parish,UNKNOWN
GGLOC-00247,Edmonds,,Madison County,UNKNOWN
GGLOC-00248,Longwood,,Seminole County,UNKNOWN
GGLOC-00249,Crawley,,West Sussex,UNKNOWN
GGLOC-00250,Ballwin,,Saint Louis County,UNKNOWN
GGLOC-00251,Lancaster,,Lancaster County,UNKNOWN
GGLOC-00252,Shippensburg,,Cumberland County,UNKNOWN
GGLOC-00253,Hilton Head Island,,Beaufort County,UNKNOWN
GGLOC-00254,Sherman,,Grayson County,UNKNOWN
GGLOC-00255,Fox Chapel,,Allegheny County,UNKNOWN
GGLOC-00256,Campbellsville,,Taylor County,UNKNOWN
GGLOC-00257,Yanceyville,,Caswell County,UNKNOWN
GGLOC-00258,Eden Prairie,,Hennepin County,UNKNOWN
GGLOC-00259,Oakland Park,,Broward County,UNKNOWN
GGLOC-00260,Knoxville,,Knox County,UNKNOWN
GGLOC-00261,Pooler,,Chatham County,UNKNOWN
GGLOC-00262,Nuneaton,,Warwickshire,UNKNOWN
GGLOC-00263,Frederick,,Frederick County,UNKNOWN
GGLOC-00264,Syracuse,,Onondaga County,UNKNOWN
GGLOC-00265,Henderson,,Clark County,UNKNOWN
GGLOC-00266,Hillwood,,Houston,UNKNOWN
GGLOC-00267,Oak Ridge,,Anderson County,UNKNOWN
GGLOC-00268,Cumberland Center,,Cumberland County,UNKNOWN
GGLOC-00269,Northville,,Wayne County,UNKNOWN
GGLOC-00270,Bayonne,,Hudson County,UNKNOWN
GGLOC-00271,Bayview,,Milwaukee County,UNKNOWN
GGLOC-00272,Lake Barrington,,Lake County,UNKNOWN
GGLOC-00273,Mishawaka,,St. Joseph County,UNKNOWN
GGLOC-00274,Harleysville,,Montgomery County,UNKNOWN
GGLOC-00275,Norfolk,,Norfolk County,UNKNOWN
GGLOC-00276,North Conway,,Carroll County,UNKNOWN
GGLOC-00277,Stafford,,Stafford County,UNKNOWN
GGLOC-00278,Port Glasgow,,Inverclyde,UNKNOWN
GGLOC-00279,Hurst,,Tarrant County,UNKNOWN
GGLOC-00280,East Chicago,,Lake County,UNKNOWN
GGLOC-00281,Ipswich,,Suffolk,UNKNOWN
GGLOC-00282,Julington Creek,,St. Johns County,UNKNOWN
GGLOC-00283,Pageland,,Chesterfield County,UNKNOWN
GGLOC-00284,Newport,,Wales,UNKNOWN
GGLOC-00285,Avon,,Hartford County,UNKNOWN
GGLOC-00286,Blackstone,,Nottoway County,UNKNOWN
GGLOC-00287,Richmond Heights,,Miami-Dade County,UNKNOWN
GGLOC-00288,West Ashville,,Buncombe County,UNKNOWN
GGLOC-00289,Litchfield,,Maricopa County,UNKNOWN
GGLOC-00290,Sewickley,,Allegheny County,UNKNOWN
GGLOC-00291,Rogers,,Benton County,UNKNOWN
GGLOC-00292,Edmonds,,Snohomish County,UNKNOWN
GGLOC-00293,Lisbon Falls,,Androscoggin County,UNKNOWN
GGLOC-00294,Hooksett,,Merrimack County,UNKNOWN
GGLOC-00295,Brandy,,Culpeper County,UNKNOWN
GGLOC-00296,Beach Haven,,Luzerne County,UNKNOWN
GGLOC-00297,Honolulu,,Hawaii,UNKNOWN
GGLOC-00298,Beaver Falls,,Beaver County,UNKNOWN
GGLOC-00299,Wilkes Barre,,Luzerne County,UNKNOWN
GGLOC-00300,Fort Defiance,,Apache County,UNKNOWN
GGLOC-00301,Waco,,Madison County,UNKNOWN
GGLOC-00302,Glendale,,Milwaukee County,UNKNOWN
GGLOC-00303,Lincolnwood,,Cook County,UNKNOWN
GGLOC-00304,Bonita Springs,,Lee County,UNKNOWN
GGLOC-00305,Easton,,Bristol,UNKNOWN
GGLOC-00306,Lincoln,,Lancaster County,UNKNOWN
GGLOC-00307,Bridgeport,,Gloucester County,UNKNOWN
GGLOC-00308,Pinehurst,,Middlesex County,UNKNOWN
GGLOC-00309,Hazard,,Perry County,UNKNOWN
GGLOC-00310,Kewaunee,,Kewaunee County,UNKNOWN
GGLOC-00311,Freeland,,Luzerne County,UNKNOWN
GGLOC-00312,Jonesville,,Chittenden County,UNKNOWN
GGLOC-00313,Belmont Heights,,Salt Lake County,UNKNOWN
GGLOC-00314,Smith Park,,Chicago,UNKNOWN
GGLOC-00315,Lenton,,Nottingham,UNKNOWN
GGLOC-00316,Middleburg,,Loudoun County,UNKNOWN
GGLOC-00317,Sarver,,Butler County,UNKNOWN
GGLOC-00318,Chicago Ridge,,Cook County,UNKNOWN
GGLOC-00319,Strood,,Rochester,UNKNOWN
GGLOC-00320,Bena,,Gloucester County,UNKNOWN
GGLOC-00321,Bethlehem,,Ohio County,UNKNOWN
GGLOC-00322,Edwards,,Eagle County,UNKNOWN
GGLOC-00323,Utica,,Oneida County,UNKNOWN
GGLOC-00324,Wellesley Hills,,Norfolk County,UNKNOWN
GGLOC-00325,Morrison,,Jefferson County,UNKNOWN
GGLOC-00326,East Chatham,,Columbia County,UNKNOWN
GGLOC-00327,Rochelle,,Ogle County,UNKNOWN
GGLOC-00328,Branson,,Taney County,UNKNOWN
GGLOC-00329,Eliot,,York County,UNKNOWN
GGLOC-00330,Island,,Galveston County,UNKNOWN
GGLOC-00331,Winchester,,Litchfield County,UNKNOWN
GGLOC-00332,Silverstone,,Towcester,UNKNOWN
GGLOC-00333,Okeana,,Butler County,UNKNOWN
GGLOC-00334,Vanport,,Beaver County,UNKNOWN
GGLOC-00335,Morrisonville,,Clinton County,UNKNOWN
GGLOC-00336,Netherton,,Bootle,UNKNOWN
GGLOC-00337,Middletown,,New Castle County,UNKNOWN
GGLOC-00338,Northern Ireland,,Uk,UNKNOWN
GGLOC-00339,Mehlville,,Saint Louis County,UNKNOWN
GGLOC-00340,Clayton,,Saint Louis County,UNKNOWN
GGLOC-00341,Elko,,Elko County,UNKNOWN
GGLOC-00342,O'Fallon,,Saint Louis,UNKNOWN
GGLOC-00343,Cimarron,,Gray County,UNKNOWN
GGLOC-00344,Swansea,,Bristol County,UNKNOWN
GGLOC-00345,Santa Ana,,Orange County,UNKNOWN
GGLOC-00346,Ampney Crucis,,Cirencester,UNKNOWN
GGLOC-00347,Rumson,,Monmouth County,UNKNOWN
GGLOC-00348,Mettawa,,Lake County,UNKNOWN
GGLOC-00349,Ellisville,,Jones County,UNKNOWN
GGLOC-00350,Greenfield,,Highland County,UNKNOWN
GGLOC-00351,Harrogate,,North Yorkshire,UNKNOWN
GGLOC-00352,Oak Harbor,,Ottawa County,UNKNOWN
GGLOC-00353,Lafayette,,Boulder County,UNKNOWN
GGLOC-00354,Groesbeck,,Hamilton County,UNKNOWN
GGLOC-00355,St Marys,,St. Joseph County,UNKNOWN
GGLOC-00356,Worthington,,Franklin County,UNKNOWN
GGLOC-00357,Loves Park,,Winnebago County,UNKNOWN
GGLOC-00358,Keene,,Cheshire County,UNKNOWN
GGLOC-00359,Mccutchanville,,Vanderburgh County,UNKNOWN
GGLOC-00360,Spring Valley,,Rockland County,UNKNOWN
GGLOC-00361,Portland,,Multnomah County,UNKNOWN
GGLOC-00362,Mountville,,Lancaster County,UNKNOWN
GGLOC-00363,Wellingborough,,Northamptonshire,UNKNOWN
GGLOC-00364,Salem,,Salem County,UNKNOWN
GGLOC-00365,Newnham,,Daventry,UNKNOWN
GGLOC-00366,Richardson,,Dallas,UNKNOWN
GGLOC-00367,Sherborne St. John,,Basingstoke,UNKNOWN
GGLOC-00368,Okemos,,Ingham County,UNKNOWN
GGLOC-00369,Minneapolis,,Hennepin County,UNKNOWN
GGLOC-00370,Mineola,,Nassau County,UNKNOWN
GGLOC-00371,Lejeune,,Onslow County,UNKNOWN
GGLOC-00372,Middletown,,Middlesex County,UNKNOWN
GGLOC-00373,Bethany,,Oklahoma County,UNKNOWN
GGLOC-00374,Milford,,Worcester County,UNKNOWN
GGLOC-00375,Newfield,,Tompkins County,UNKNOWN
GGLOC-00376,Fort Washington,,Montgomery County,UNKNOWN
GGLOC-00377,Saint Lucie West,,St. Lucie County,UNKNOWN
GGLOC-00378,Hampton,,Rockingham County,UNKNOWN
GGLOC-00379,Peninsula,,Summit County,UNKNOWN
GGLOC-00380,San Mateo,,San Mateo County,UNKNOWN
GGLOC-00381,Rock Hill,,York County,UNKNOWN
GGLOC-00382,Barnhart,,Jefferson County,UNKNOWN
GGLOC-00383,Hessville,,Lake County,UNKNOWN
GGLOC-00384,Graham,,Alamance County,UNKNOWN
GGLOC-00385,Poplar Bluff,,Butler County,UNKNOWN
GGLOC-00386,Lands End,,Twyford,UNKNOWN
GGLOC-00387,Owasso,,Tulsa County,UNKNOWN
GGLOC-00388,Canonsburg,,Washington County,UNKNOWN
GGLOC-00389,Harvey,,Cook County,UNKNOWN
GGLOC-00390,Riverside County,,California,UNKNOWN
GGLOC-00391,Chatham,,Kent,UNKNOWN
GGLOC-00392,Pearl,,Ada County,UNKNOWN
GGLOC-00393,West Side,,Worcester County,UNKNOWN
GGLOC-00394,Petersburg,,Grant County,UNKNOWN
GGLOC-00395,Ladue,,Saint Louis County,UNKNOWN
GGLOC-00396,Port Washington,,Ozaukee County,UNKNOWN
GGLOC-00397,East Midlands,,Uk,UNKNOWN
GGLOC-00398,Arundel,,York County,UNKNOWN
GGLOC-00399,Thousand Oaks,,Ventura County,UNKNOWN
GGLOC-00400,Ladywood,,Birmingham,UNKNOWN
GGLOC-00401,Shakopee,,Scott County,UNKNOWN
GGLOC-00402,Pear Tree,,Derby,UNKNOWN
GGLOC-00403,Los Ranchos De Albuquerque,,Bernalillo County,UNKNOWN
GGLOC-00404,Kissimmee,,Osceola County,UNKNOWN
GGLOC-00405,Bonham,,Fannin County,UNKNOWN
GGLOC-00406,Toledo,,Lucas County,UNKNOWN
GGLOC-00407,North Hinksey Village,,Oxford,UNKNOWN
GGLOC-00408,Burgoon,,Sandusky County,UNKNOWN
GGLOC-00409,Woodbury,,Washington County,UNKNOWN
GGLOC-00410,Nicholasville,,Jessamine County,UNKNOWN
GGLOC-00411,Laredo,,Webb County,UNKNOWN
GGLOC-00412,Auburn,,Dekalb County,UNKNOWN
GGLOC-00413,Coral Springs,,Broward County,UNKNOWN
GGLOC-00414,Weston Place,,Schuylkill County,UNKNOWN
GGLOC-00415,North Springs,,Dekalb County,UNKNOWN
GGLOC-00416,Elizabethtown,,Hardin County,UNKNOWN
GGLOC-00417,Vandalia,,Montgomery County,UNKNOWN
GGLOC-00418,Cleveland,,Cuyahoga County,UNKNOWN
GGLOC-00419,Rexburg,,Madison County,UNKNOWN
GGLOC-00420,Tannersville,,Monroe County,UNKNOWN
GGLOC-00421,Coulsdon North,,Coulsdon,UNKNOWN
GGLOC-00422,Peoria,,Maricopa County,UNKNOWN
GGLOC-00423,Bingham Farms,,Oakland County,UNKNOWN
GGLOC-00424,Kirkwood,,Broome County,UNKNOWN
GGLOC-00425,Milan,,Cibola County,UNKNOWN
GGLOC-00426,Dudley,,West Midlands,UNKNOWN
GGLOC-00427,Eastlake,,Lake County,UNKNOWN
GGLOC-00428,Lenexa,,Johnson County,UNKNOWN
GGLOC-00429,Flushing,,Queens,UNKNOWN
GGLOC-00430,Edina,,Hennepin County,UNKNOWN
GGLOC-00431,Bangor,,Penobscot County,UNKNOWN
GGLOC-00432,Rancho Cucamonga,,San Bernardino County,UNKNOWN
GGLOC-00433,Obetz,,Franklin County,UNKNOWN
GGLOC-00434,Healey,,Batley,UNKNOWN
GGLOC-00435,Madisonville,,Hopkins County,UNKNOWN
GGLOC-00436,Exeter,,Devon,UNKNOWN
GGLOC-00437,Bladensburg,,Prince George'S County,UNKNOWN
GGLOC-00438,Rusholme,,Manchester,UNKNOWN
GGLOC-00439,Portsmouth,,Rockingham County,UNKNOWN
GGLOC-00440,West Fort Dodge,,Webster County,UNKNOWN
GGLOC-00441,Muskego,,Waukesha County,UNKNOWN
GGLOC-00442,Shieldfield,,Newcastle Upon Tyne,UNKNOWN
GGLOC-00443,Franklin,,Johnson County,UNKNOWN
GGLOC-00444,Cliftonville,,Northampton,UNKNOWN
GGLOC-00445,Country Life Acres,,Saint Louis County,UNKNOWN
GGLOC-00446,El Centro,,Imperial County,UNKNOWN
GGLOC-00447,Superior,,Boulder County,UNKNOWN
GGLOC-00448,Goldsboro,,Wayne County,UNKNOWN
GGLOC-00449,Piedmont,,Greenville County,UNKNOWN
GGLOC-00450,Palm Beach Gardens,,Palm Beach County,UNKNOWN
GGLOC-00451,Hood College,,Frederick County,UNKNOWN
GGLOC-00452,Rockville,,Montgomery County,UNKNOWN
GGLOC-00453,Lathrop,,San Joaquin County,UNKNOWN
GGLOC-00454,Vestavia Hills,,Jefferson County,UNKNOWN
GGLOC-00455,Hinckley,,Leicestershire,UNKNOWN
GGLOC-00456,Prairieville,,Lee County,UNKNOWN
GGLOC-00457,Gretna,,Sarpy County,UNKNOWN
GGLOC-00458,Stephenson,,Frederick County,UNKNOWN
GGLOC-00459,Flat Rock,,Jackson County,UNKNOWN
GGLOC-00460,Radcliff,,Hardin County,UNKNOWN
GGLOC-00461,Higganum,,Middlesex County,UNKNOWN
GGLOC-00462,Madison,,Dane County,UNKNOWN
GGLOC-00463,Oklahoma City,,Oklahoma County,UNKNOWN
GGLOC-00464,Olmsted Falls,,Cuyahoga County,UNKNOWN
GGLOC-00465,Minnetonka Beach,,Hennepin County,UNKNOWN
GGLOC-00466,Grovetown,,Columbia County,UNKNOWN
GGLOC-00467,Ponderosa,,Cumberland County,UNKNOWN
GGLOC-00468,Gloucester,,Gloucestershire,UNKNOWN
GGLOC-00469,Holy City,,Santa Clara County,UNKNOWN
GGLOC-00470,Lincolnshire,,Lake County,UNKNOWN
GGLOC-00471,Wrexham Technology Park,,Wrexham,UNKNOWN
GGLOC-00472,Danbury,,Fairfield County,UNKNOWN
GGLOC-00473,Evans,,Weld County,UNKNOWN
GGLOC-00474,Sayre,,Beckham County,UNKNOWN
GGLOC-00475,Woodinville,,King County,UNKNOWN
GGLOC-00476,Upland,,San Bernardino County,UNKNOWN
GGLOC-00477,Luton,,Bedfordshire,UNKNOWN
GGLOC-00478,Garner,,Wake County,UNKNOWN
GGLOC-00479,Rutland Town,,Rutland County,UNKNOWN
GGLOC-00480,Knutsford,,Cheshire,UNKNOWN
GGLOC-00481,Exton,,Chester County,UNKNOWN
GGLOC-00482,Sterling,,Kenai Peninsula,UNKNOWN
GGLOC-00483,Aspen Hill,,Montgomery County,UNKNOWN
GGLOC-00484,Texarkana,,Bowie County,UNKNOWN
GGLOC-00485,Rosslyn,,Arlington County,UNKNOWN
GGLOC-00486,Wokingham,,Berkshire,UNKNOWN
GGLOC-00487,Townsend,,Mcintosh County,UNKNOWN
GGLOC-00488,Tumwater,,Thurston County,UNKNOWN
GGLOC-00489,Mid Florida,,Seminole County,UNKNOWN
GGLOC-00490,Larne,,Northern Ireland,UNKNOWN
GGLOC-00491,Elliots Town,,New Tredegar,UNKNOWN
GGLOC-00492,Derby,,Derbyshire,UNKNOWN
GGLOC-00493,Westfield,,Union County,UNKNOWN
GGLOC-00494,Victor,,Ontario County,UNKNOWN
GGLOC-00495,University,,Charlottesville City,UNKNOWN
GGLOC-00496,Roxborough,,Douglas County,UNKNOWN
GGLOC-00497,Olivette,,Saint Louis County,UNKNOWN
GGLOC-00498,Connersville,,Fayette County,UNKNOWN
GGLOC-00499,Forest Hill,,Richmond,UNKNOWN
GGLOC-00500,Blaine,,Boone County,UNKNOWN
GGLOC-00501,Nicholson,,Wyoming County,UNKNOWN
GGLOC-00502,Fenton,,Saint Louis County,UNKNOWN
GGLOC-00503,Needham,,Norfolk County,UNKNOWN
GGLOC-00504,Beaumont,,Jefferson County,UNKNOWN
GGLOC-00505,Griffith,,Los Angeles County,UNKNOWN
GGLOC-00506,Lake,,King County,UNKNOWN
GGLOC-00507,Holland,,Ottawa County,UNKNOWN
GGLOC-00508,Delray Beach,,Palm Beach County,UNKNOWN
GGLOC-00509,Jermyn,,Lackawanna County,UNKNOWN
GGLOC-00510,Bothell,,King County,UNKNOWN
GGLOC-00511,Rainbow City,,Etowah County,UNKNOWN
GGLOC-00512,Mankato,,Blue Earth County,UNKNOWN
GGLOC-00513,West Hollywood,,Los Angeles County,UNKNOWN
GGLOC-00514,Sioux City,,Woodbury County,UNKNOWN
GGLOC-00515,Wind Gap,,Northampton County,UNKNOWN
GGLOC-00516,Palmyra,,Jefferson County,UNKNOWN
GGLOC-00517,Willmar,,Kandiyohi County,UNKNOWN
GGLOC-00518,Warren Park,,Marion County,UNKNOWN
GGLOC-00519,Zephyrhills,,Pasco County,UNKNOWN
GGLOC-00520,Bonsack,,Roanoke,UNKNOWN
GGLOC-00521,Haddonfield,,Camden County,UNKNOWN
GGLOC-00522,Windsor,,Windsor & Maidenhead,UNKNOWN
GGLOC-00523,Elk River,,Sherburne County,UNKNOWN
GGLOC-00524,Minocqua,,Oconto County,UNKNOWN
GGLOC-00525,Oakwood,,Buchanan County,UNKNOWN
GGLOC-00526,Stockton,,San Joaquin County,UNKNOWN
GGLOC-00527,Maltby,,Snohomish County,UNKNOWN
GGLOC-00528,Wells,,York County,UNKNOWN
GGLOC-00529,Westport,,Fairfield County,UNKNOWN
GGLOC-00530,Belleville,,Yell County,UNKNOWN
GGLOC-00531,Lakewood,,Mchenry County,UNKNOWN
GGLOC-00532,Republic,,Greene County,UNKNOWN
GGLOC-00533,Roy,,Pierce County,UNKNOWN
GGLOC-00534,Phinizy,,Columbia County,UNKNOWN
GGLOC-00535,Cape Girardeau,,Cape Girardeau County,UNKNOWN
GGLOC-00536,Wayne,,Wayne County,UNKNOWN
GGLOC-00537,South Main,,Orange County,UNKNOWN
GGLOC-00538,Belton,,Cass County,UNKNOWN
GGLOC-00539,Birmingham,,Oakland County,UNKNOWN
GGLOC-00540,Auburn,,Cayuga County,UNKNOWN
GGLOC-00541,Scottsbluff,,Scotts Bluff County,UNKNOWN
GGLOC-00542,Orange City,,Volusia County,UNKNOWN
GGLOC-00543,Villa Fontana Park,,Carolina,UNKNOWN
GGLOC-00544,Athens,,Mcminn County,UNKNOWN
GGLOC-00545,Tandem,,Huddersfield,UNKNOWN
GGLOC-00546,Swillington Common,,Leeds,UNKNOWN
GGLOC-00547,West End,,Dauphin County,UNKNOWN
GGLOC-00548,Westborough,,Worcester County,UNKNOWN
GGLOC-00549,Linthicum,,Anne Arundel County,UNKNOWN
GGLOC-00550,Philpot,,Daviess County,UNKNOWN
GGLOC-00551,Huntington,,Huntington County,UNKNOWN
GGLOC-00552,Pampisford,,Cambridge,UNKNOWN
GGLOC-00553,Calverton Park,,Saint Louis County,UNKNOWN
GGLOC-00554,Fall River,,Columbia County,UNKNOWN
GGLOC-00555,Mountain Brook,,Jefferson County,UNKNOWN
GGLOC-00556,Corvallis,,Benton County,UNKNOWN
GGLOC-00557,Andersonville,,Chicago,UNKNOWN
GGLOC-00558,South Boston,,Suffolk County,UNKNOWN
GGLOC-00559,West Scarborough,,Cumberland County,UNKNOWN
GGLOC-00560,Lake Oswego,,Clackamas County,UNKNOWN
GGLOC-00561,Mount Kisco,,Westchester County,UNKNOWN
GGLOC-00562,Zionsville,,Boone County,UNKNOWN
GGLOC-00563,Brook Park,,Cuyahoga County,UNKNOWN
GGLOC-00564,Titusville,,Brevard County,UNKNOWN
GGLOC-00565,Greeley Square,,Manhattan,UNKNOWN
GGLOC-00566,Crystal,,Arlington County,UNKNOWN
GGLOC-00567,Byrnes Mill,,Jefferson County,UNKNOWN
GGLOC-00568,Fullerton,,Orange County,UNKNOWN
GGLOC-00569,Daniels,,Raleigh County,UNKNOWN
GGLOC-00570,Sargeant,,Mower County,UNKNOWN
GGLOC-00571,Eltham,,King William County,UNKNOWN
GGLOC-00572,Dawsonville,,Dawson County,UNKNOWN
GGLOC-00573,Olathe,,Johnson County,UNKNOWN
GGLOC-00574,Stillwater,,Columbia County,UNKNOWN
GGLOC-00575,Methley,,Leeds,UNKNOWN
GGLOC-00576,Bridge Of Dee,,Aberdeen,UNKNOWN
GGLOC-00577,Fort Lewis,,Salem,UNKNOWN
GGLOC-00578,Rocky Mount,,Edgecombe County,UNKNOWN
GGLOC-00579,Danderhall,,Dalkeith,UNKNOWN
GGLOC-00580,Duxbury,,Plymouth County,UNKNOWN
GGLOC-00581,Lake Mohegan,,Westchester County,UNKNOWN
GGLOC-00582,Moscow,,Latah County,UNKNOWN
GGLOC-00583,Hitchin,,Hertfordshire,UNKNOWN
GGLOC-00584,Eastlake,,Adams County,UNKNOWN
GGLOC-00585,New Town,,Middlesex County,UNKNOWN
GGLOC-00586,Raritan,,Somerset County,UNKNOWN
GGLOC-00587,Bethlehem,,Northampton County,UNKNOWN
GGLOC-00588,Lehman,,Pike County,UNKNOWN
GGLOC-00589,Oceanside,,San Diego County,UNKNOWN
GGLOC-00590,Newton,,Jasper County,UNKNOWN
GGLOC-00591,Lancaster,,Los Angeles County,UNKNOWN
GGLOC-00592,Cloverdale,,Shelby County,UNKNOWN
GGLOC-00593,Antrim,,County Antrim,UNKNOWN
GGLOC-00594,Hertfordshire,,Eastern England,UNKNOWN
GGLOC-00595,Branford,,New Haven County,UNKNOWN
GGLOC-00596,Lumber Bridge,,Robeson County,UNKNOWN
GGLOC-00597,Delmar,,Albany County,UNKNOWN
GGLOC-00598,Henderson,,Henderson County,UNKNOWN
GGLOC-00599,Carney,,Baltimore County,UNKNOWN
GGLOC-00600,Topeka,,Shawnee County,UNKNOWN
GGLOC-00601,Hutchinson,,Reno County,UNKNOWN
GGLOC-00602,Windham,,Windham County,UNKNOWN
GGLOC-00603,Wahoo,,Saunders County,UNKNOWN
GGLOC-00604,Terra Alta,,Preston County,UNKNOWN
GGLOC-00605,Galesburg,,Knox County,UNKNOWN
GGLOC-00606,Denver,,Colorado,UNKNOWN
GGLOC-00607,Rockford,,Winnebago County,UNKNOWN
GGLOC-00608,Schertz,,Guadalupe County,UNKNOWN
GGLOC-00609,Glen Burnie,,Anne Arundel County,UNKNOWN
GGLOC-00610,Scotland,,Uk,UNKNOWN
GGLOC-00611,Plainsboro,,Middlesex County,UNKNOWN
GGLOC-00612,Northgate,,King County,UNKNOWN
GGLOC-00613,South Pasadena,,Los Angeles County,UNKNOWN
GGLOC-00614,Montevideo,,Chippewa County,UNKNOWN
GGLOC-00615,Farmington,,Washington County,UNKNOWN
GGLOC-00616,Wilmington,,Los Angeles County,UNKNOWN
GGLOC-00617,Northpoint,,Pulaski County,UNKNOWN
GGLOC-00618,Martinsville,,Martinsville City,UNKNOWN
GGLOC-00619,Campbell,,Campbell County,UNKNOWN
GGLOC-00620,Lees Summit,,Jackson County,UNKNOWN
GGLOC-00621,Arlington,,Columbia County,UNKNOWN
GGLOC-00622,Greenwich,,Fairfield County,UNKNOWN
GGLOC-00623,Suisun,,Solano County,UNKNOWN
GGLOC-00624,Portland,,Cumberland County,UNKNOWN
GGLOC-00625,Darien,,Fairfield County,UNKNOWN
GGLOC-00626,Lakewood,,Los Angeles County,UNKNOWN
GGLOC-00627,Scott,,Lafayette Parish,UNKNOWN
GGLOC-00628,Albuquerque,,Bernalillo County,UNKNOWN
GGLOC-00629,Reston,,Fairfax County,UNKNOWN
GGLOC-00630,Willows Green,,Chelmsford,UNKNOWN
GGLOC-00631,Windham,,Cumberland County,UNKNOWN
GGLOC-00632,Tampa Palms,,Hillsborough County,UNKNOWN
GGLOC-00633,Keighley,,West Yorkshire,UNKNOWN
GGLOC-00634,Des Plaines,,Cook County,UNKNOWN
GGLOC-00635,Middletown,,Dauphin County,UNKNOWN
GGLOC-00636,Biddeford,,York County,UNKNOWN
GGLOC-00637,Wilmington,,New Hanover County,UNKNOWN
GGLOC-00638,Cuyahoga Falls,,Summit County,UNKNOWN
GGLOC-00639,Lisburn,,Northern Ireland,UNKNOWN
GGLOC-00640,Millersville,,Anne Arundel County,UNKNOWN
GGLOC-00641,Norwich,,Norfolk,UNKNOWN
GGLOC-00642,Sunrise,,Broward County,UNKNOWN
GGLOC-00643,Nampa,,Canyon County,UNKNOWN
GGLOC-00644,Basingstoke,,Hampshire,UNKNOWN
GGLOC-00645,Stickney,,Cook County,UNKNOWN
GGLOC-00646,Slough,,Berkshire,UNKNOWN
GGLOC-00647,Travis Heights,,Travis County,UNKNOWN
GGLOC-00648,Paramus,,Bergen County,UNKNOWN
GGLOC-00649,Wilson,,Wilson County,UNKNOWN
GGLOC-00650,Cedar Hill,,Dallas,UNKNOWN
GGLOC-00651,Sandusky,,Erie County,UNKNOWN
GGLOC-00652,Long Island,,Cumberland County,UNKNOWN
GGLOC-00653,West Saint Paul,,Dakota County,UNKNOWN
GGLOC-00654,Oak Lane,,Philadelphia County,UNKNOWN
GGLOC-00655,Nottingham,,Nottinghamshire,UNKNOWN
GGLOC-00656,South Orange,,Essex County,UNKNOWN
GGLOC-00657,Cumming,,Forsyth County,UNKNOWN
GGLOC-00658,Florissant,,Teller County,UNKNOWN
GGLOC-00659,Longview,,Gregg County,UNKNOWN
GGLOC-00660,Pagosa Springs,,Archuleta County,UNKNOWN
GGLOC-00661,Auburn Hills,,Oakland County,UNKNOWN
GGLOC-00662,Hastings,,East Sussex,UNKNOWN
GGLOC-00663,Pontiac,,Oakland County,UNKNOWN
GGLOC-00664,Bible School Park,,Broome County,UNKNOWN
GGLOC-00665,Camarillo,,Ventura County,UNKNOWN
GGLOC-00666,Penngrove,,Sonoma County,UNKNOWN
GGLOC-00667,Silverdale,,Kitsap County,UNKNOWN
GGLOC-00668,Fountain Inn,,Greenville County,UNKNOWN
GGLOC-00669,Observatory,,Allegheny County,UNKNOWN
GGLOC-00670,Well End,,Borehamwood,UNKNOWN
GGLOC-00671,Canandaigua,,Ontario County,UNKNOWN
GGLOC-00672,Lansing,,Ingham County,UNKNOWN
GGLOC-00673,Coquille,,Coos County,UNKNOWN
GGLOC-00674,Haymount,,Cumberland County,UNKNOWN
GGLOC-00675,Colesville,,Broome County,UNKNOWN
GGLOC-00676,Edinburgh,,Scotland,UNKNOWN
GGLOC-00677,Old Round Rock,,Williamson County,UNKNOWN
GGLOC-00678,Metairie,,Jefferson Parish,UNKNOWN
GGLOC-00679,Miramar,,Broward County,UNKNOWN
GGLOC-00680,Bowling Green,,Warren County,UNKNOWN
GGLOC-00681,Granville Summit,,Bradford County,UNKNOWN
GGLOC-00682,Chesapeake,,Chesapeake City,UNKNOWN
GGLOC-00683,Ruskin,,Hillsborough County,UNKNOWN
GGLOC-00684,Saratoga Springs,,Saratoga County,UNKNOWN
GGLOC-00685,Manchester,,Hillsborough County,UNKNOWN
GGLOC-00686,Caversham,,Reading,UNKNOWN
GGLOC-00687,Los Gatos,,Santa Clara County,UNKNOWN
GGLOC-00688,Norfolk,,Eastern England,UNKNOWN
GGLOC-00689,Hollister,,Taney County,UNKNOWN
GGLOC-00690,Shelbyville,,Shelby County,UNKNOWN
GGLOC-00691,Green Park,,Saint Louis County,UNKNOWN
GGLOC-00692,Northeast,,Davidson County,UNKNOWN
GGLOC-00693,Seybold,,Miami-Dade County,UNKNOWN
GGLOC-00694,Campbell,,Santa Clara County,UNKNOWN
GGLOC-00695,Downey,,Los Angeles County,UNKNOWN
GGLOC-00696,Lima,,Lagrange County,UNKNOWN
GGLOC-00697,Cerritos,,Los Angeles County,UNKNOWN
GGLOC-00698,Whippany,,Morris County,UNKNOWN
GGLOC-00699,Hartland,,Waukesha County,UNKNOWN
GGLOC-00700,Perris,,Riverside County,UNKNOWN
GGLOC-00701,Myrtle,,Union County,UNKNOWN
GGLOC-00702,Lake Zurich,,Lake County,UNKNOWN
GGLOC-00703,Montgomery City,,Montgomery County,UNKNOWN
GGLOC-00704,Lorain,,Lorain County,UNKNOWN
GGLOC-00705,Durham Lane Industrial Park,,Eaglescliffe,UNKNOWN
GGLOC-00706,Olney,,Richland County,UNKNOWN
GGLOC-00707,Karo,,Grady County,UNKNOWN
GGLOC-00708,Copperas Cove,,Coryell County,UNKNOWN
GGLOC-00709,Philadelphia,,Philadelphia County,UNKNOWN
GGLOC-00710,North Charleston,,Charleston County,UNKNOWN
GGLOC-00711,Sango,,Montgomery County,UNKNOWN
GGLOC-00712,Boston,,Thomas County,UNKNOWN
GGLOC-00713,Driver,,Suffolk City,UNKNOWN
GGLOC-00714,Central Valley,,Shasta County,UNKNOWN
GGLOC-00715,Rutledge,,Wapello County,UNKNOWN
GGLOC-00716,Algoma,,Pontotoc County,UNKNOWN
GGLOC-00717,Stratmoor Hills,,El Paso County,UNKNOWN
GGLOC-00718,Batesville,,Independence County,UNKNOWN
GGLOC-00719,Warson Woods,,Saint Louis County,UNKNOWN
GGLOC-00720,Talcott Village,,Hartford County,UNKNOWN
GGLOC-00721,Fortville,,Hancock County,UNKNOWN
GGLOC-00722,Cooper,,Manhattan,UNKNOWN
GGLOC-00723,Lindon,,Utah County,UNKNOWN
GGLOC-00724,Carrollton,,Carroll County,UNKNOWN
GGLOC-00725,Billings,,Yellowstone County,UNKNOWN
GGLOC-00726,Jonesboro,,Clayton County,UNKNOWN
GGLOC-00727,Middleton,,Canyon County,UNKNOWN
GGLOC-00728,Costa Mesa,,Orange County,UNKNOWN
GGLOC-00729,Halesowen,,West Midlands,UNKNOWN
GGLOC-00730,Monona,,Dane County,UNKNOWN
GGLOC-00731,Saint Augustine,,St. Johns County,UNKNOWN
GGLOC-00732,Hamilton Square,,Mercer County,UNKNOWN
GGLOC-00733,Baltimore,,Baltimore County,UNKNOWN
GGLOC-00734,Withamsville,,Clermont County,UNKNOWN
GGLOC-00735,Watertown,,Codington County,UNKNOWN
GGLOC-00736,Dothan,,Houston County,UNKNOWN
GGLOC-00737,Montgomery,,Somerset County,UNKNOWN
GGLOC-00738,Farmers Branch,,Dallas,UNKNOWN
GGLOC-00739,High Ridge,,Jefferson County,UNKNOWN
GGLOC-00740,High Wycombe,,Buckinghamshire,UNKNOWN
GGLOC-00741,Sturtevant,,Racine County,UNKNOWN
GGLOC-00742,Highland Park,,Dallas,UNKNOWN
GGLOC-00743,Denham Springs,,Livingston Parish,UNKNOWN
GGLOC-00744,Manchester,,Saint Louis County,UNKNOWN
GGLOC-00745,Mclean,,Pierce County,UNKNOWN
GGLOC-00746,Buxton,,York County,UNKNOWN
GGLOC-00747,Dupont,,Pierce County,UNKNOWN
GGLOC-00748,Steamboat,,Routt County,UNKNOWN
GGLOC-00749,Revere Beach,,Suffolk County,UNKNOWN
GGLOC-00750,Uxbridge,,Worcester County,UNKNOWN
GGLOC-00751,Upper Union,,Schenectady County,UNKNOWN
GGLOC-00752,Lake Havasu City,,Mohave County,UNKNOWN
GGLOC-00753,Briarwood Beach,,Medina County,UNKNOWN
GGLOC-00754,Arsenal,,Allegheny County,UNKNOWN
GGLOC-00755,Montecito,,Santa Barbara County,UNKNOWN
GGLOC-00756,Navarre,,Stark County,UNKNOWN
GGLOC-00757,Margate,,Kent,UNKNOWN
GGLOC-00758,Clifton Park,,Saratoga County,UNKNOWN
GGLOC-00759,Hesston,,Harvey County,UNKNOWN
GGLOC-00760,Tonawanda,,Erie County,UNKNOWN
GGLOC-00761,Newton,,Middlesex County,UNKNOWN
GGLOC-00762,Circle Pines,,Anoka County,UNKNOWN
GGLOC-00763,Pomeroy,,Meigs County,UNKNOWN
GGLOC-00764,Bloomfield,,Essex County,UNKNOWN
GGLOC-00765,Woodlawn,,Campbell County,UNKNOWN
GGLOC-00766,Seneca,,Oconee County,UNKNOWN
GGLOC-00767,Cherry Hills,,Arapahoe County,UNKNOWN
GGLOC-00768,Bridgend,,Bridgend County,UNKNOWN
GGLOC-00769,Hattiesburg,,Forrest County,UNKNOWN
GGLOC-00770,Tuscon,,Pima County,UNKNOWN
GGLOC-00771,Woods Cross Roads,,Gloucester County,UNKNOWN
GGLOC-00772,Hobe Sound,,Martin County,UNKNOWN
GGLOC-00773,Butler,,Butler County,UNKNOWN
GGLOC-00774,Chelsea And Clinton,,Manhattan,UNKNOWN
GGLOC-00775,North Las Vegas,,Clark County,UNKNOWN
GGLOC-00776,Georgetown,,Scott County,UNKNOWN
GGLOC-00777,Hemet,,Riverside County,UNKNOWN
GGLOC-00778,Champaign,,Champaign County,UNKNOWN
GGLOC-00779,South Lake,,Tarrant County,UNKNOWN
GGLOC-00780,Monterey Park,,Los Angeles County,UNKNOWN
GGLOC-00781,El Monte,,Los Angeles County,UNKNOWN
GGLOC-00782,Hillingdon,,Uxbridge,UNKNOWN
GGLOC-00783,Marquette,,Marquette County,UNKNOWN
GGLOC-00784,Highlands Ranch,,Douglas County,UNKNOWN
GGLOC-00785,Lenox Square Finance,,Fulton County,UNKNOWN
GGLOC-00786,Johnson Creek,,Jefferson County,UNKNOWN
GGLOC-00787,Greenpoint,,Brooklyn,UNKNOWN
GGLOC-00788,Capshaw,,Limestone County,UNKNOWN
GGLOC-00789,Sharon Center,,Medina County,UNKNOWN
GGLOC-00790,Utica,,Clark County,UNKNOWN
GGLOC-00791,Sharon,,Madison County,UNKNOWN
GGLOC-00792,Streetsboro,,Portage County,UNKNOWN
GGLOC-00793,Hutchinson Island,,St. Lucie County,UNKNOWN
GGLOC-00794,Minerva Park,,Franklin County,UNKNOWN
GGLOC-00795,Philatelic,,Alameda County,UNKNOWN
GGLOC-00796,Parsippany,,Morris County,UNKNOWN
GGLOC-00797,Double Oak,,Denton County,UNKNOWN
GGLOC-00798,Attleboro,,Bristol County,UNKNOWN
GGLOC-00799,Leon,,Decatur County,UNKNOWN
GGLOC-00800,Oradell,,Bergen County,UNKNOWN
GGLOC-00801,Sparks,,Baltimore County,UNKNOWN
GGLOC-00802,Benton Harbor,,Berrien County,UNKNOWN
GGLOC-00803,Annandale,,Butler County,UNKNOWN
GGLOC-00804,Zebulon,,Wake County,UNKNOWN
GGLOC-00805,Chestertown,,Kent County,UNKNOWN
GGLOC-00806,Petersfield,,Hampshire,UNKNOWN
GGLOC-00807,Foxborough,,Norfolk County,UNKNOWN
GGLOC-00808,Rockwall,,Rockwall County,UNKNOWN
GGLOC-00809,Loudonville,,Albany County,UNKNOWN
GGLOC-00810,Titusville,,Mercer County,UNKNOWN
GGLOC-00811,Fairview,,Williamson County,UNKNOWN
GGLOC-00812,Windsor,,Hartford County,UNKNOWN
GGLOC-00813,Rockledge,,Brevard County,UNKNOWN
GGLOC-00814,Dorchester,,Dorset,UNKNOWN
GGLOC-00815,Weybridge,,Surrey,UNKNOWN
GGLOC-00816,Mountain View,,Stone County,UNKNOWN
GGLOC-00817,Sioux Falls,,Minnehaha County,UNKNOWN
GGLOC-00818,Westwood,,Saint Louis County,UNKNOWN
GGLOC-00819,Poland Spring,,Androscoggin County,UNKNOWN
GGLOC-00820,Stoke-On-Trent,,Staffordshire,UNKNOWN
GGLOC-00821,Leicestershire,,East Midlands,UNKNOWN
GGLOC-00822,Chillicothe,,Peoria County,UNKNOWN
GGLOC-00823,Weston,,Broward County,UNKNOWN
GGLOC-00824,Mckees Rocks,,Allegheny County,UNKNOWN
GGLOC-00825,Thompson,,Windham County,UNKNOWN
GGLOC-00826,Jacksonville,,Calhoun County,UNKNOWN
GGLOC-00827,Evergreen Park,,Cook County,UNKNOWN
GGLOC-00828,Hinesville,,Liberty County,UNKNOWN
GGLOC-00829,Green Fields,,Dauphin County,UNKNOWN
GGLOC-00830,Portage,,Kalamazoo County,UNKNOWN
GGLOC-00831,Grey Forest,,Bexar County,UNKNOWN
GGLOC-00832,Barnehurst,,Bexleyheath,UNKNOWN
GGLOC-00833,Braintree,,Norfolk County,UNKNOWN
GGLOC-00834,Palm Harbor,,Pinellas County,UNKNOWN
GGLOC-00835,Blakeslee,,Monroe County,UNKNOWN
GGLOC-00836,Round Lake,,Lake County,UNKNOWN
GGLOC-00837,Stillwater,,Payne County,UNKNOWN
GGLOC-00838,Cheboygan,,Cheboygan County,UNKNOWN
GGLOC-00839,Palos Hills,,Cook County,UNKNOWN
GGLOC-00840,Lynn,,Henry County,UNKNOWN
GGLOC-00841,Kingfield,,Woking,UNKNOWN
GGLOC-00842,Columbus,,Hempstead County,UNKNOWN
GGLOC-00843,Princeton,,Caldwell County,UNKNOWN
GGLOC-00844,Baxter,,Pueblo County,UNKNOWN
GGLOC-00845,Germantown,,Montgomery County,UNKNOWN
GGLOC-00846,Bournemouth,,Dorset,UNKNOWN
GGLOC-00847,Oak Grove Village,,Franklin County,UNKNOWN
GGLOC-00848,Chambersburg,,Franklin County,UNKNOWN
GGLOC-00849,Comstock,,Kalamazoo County,UNKNOWN
GGLOC-00850,Castleton,,Marion County,UNKNOWN
GGLOC-00851,Bethesda,,Wayne County,UNKNOWN
GGLOC-00852,Lehighton,,Carbon County,UNKNOWN
GGLOC-00853,Marina,,Monterey County,UNKNOWN
GGLOC-00854,Wake Crossroads,,Wake County,UNKNOWN
GGLOC-00855,Newcomerstown,,Tuscarawas County,UNKNOWN
GGLOC-00856,Presidio Of Monterey,,Monterey County,UNKNOWN
GGLOC-00857,Strasburg,,Shenandoah County,UNKNOWN
GGLOC-00858,Newark,,Alameda County,UNKNOWN
GGLOC-00859,Sunol,,Alameda County,UNKNOWN
GGLOC-00860,Antioch,,Davidson County,UNKNOWN
GGLOC-00861,Athens,,Greene County,UNKNOWN
GGLOC-00862,Velda Village Hills,,Saint Louis County,UNKNOWN
GGLOC-00863,Haddenham,,Ely,UNKNOWN
GGLOC-00864,Hudson,,Middlesex County,UNKNOWN
GGLOC-00865,Yorktown,,Westchester County,UNKNOWN
GGLOC-00866,Pembina,,Pembina County,UNKNOWN
GGLOC-00867,Blackhawk,,Jefferson County,UNKNOWN
GGLOC-00868,Allentown,,Apache County,UNKNOWN
GGLOC-00869,Hinesburg,,Chittenden County,UNKNOWN
GGLOC-00870,Corbettsville,,Broome County,UNKNOWN
GGLOC-00871,Osage,,Osage County,UNKNOWN
GGLOC-00872,Glen Cove,,Jefferson County,UNKNOWN
GGLOC-00873,Hattiesburg South,,Forrest County,UNKNOWN
GGLOC-00874,Fishkill,,Dutchess County,UNKNOWN
GGLOC-00875,Nassau Bay,,Harris County,UNKNOWN
GGLOC-00876,Letchworth Garden City,,Hertfordshire,UNKNOWN
GGLOC-00877,Flordell Hills,,Saint Louis County,UNKNOWN
GGLOC-00878,Waynesboro,,Burke County,UNKNOWN
GGLOC-00879,Bletchley,,Milton Keynes,UNKNOWN
GGLOC-00880,Byron,,Olmsted County,UNKNOWN
GGLOC-00881,Brookside,,Black Hawk County,UNKNOWN
GGLOC-00882,Lightfoot,,York County,UNKNOWN
GGLOC-00883,Northlake,,Denton County,UNKNOWN
GGLOC-00884,Mount Dora,,Lake County,UNKNOWN
GGLOC-00885,Newport,,Newport County,UNKNOWN
GGLOC-00886,Largo,,Prince George'S County,UNKNOWN
GGLOC-00887,Orange Park,,Clay County,UNKNOWN
GGLOC-00888,Duryea,,Luzerne County,UNKNOWN
GGLOC-00889,Grand Forks,,Grand Forks County,UNKNOWN
GGLOC-00890,Fredericktown,,Madison County,UNKNOWN
GGLOC-00891,Carrollton,,Orleans Parish,UNKNOWN
GGLOC-00892,Bell Gardens,,Los Angeles County,UNKNOWN
GGLOC-00893,Hampton Roads,,Hampton City,UNKNOWN
GGLOC-00894,Modesto,,Stanislaus County,UNKNOWN
GGLOC-00895,Staines,,Surrey,UNKNOWN
GGLOC-00896,Geneva,,Ontario County,UNKNOWN
GGLOC-00897,San Jose,,San Miguel County,UNKNOWN
GGLOC-00898,Camp Lake,,Kenosha County,UNKNOWN
GGLOC-00899,Meriden,,New Haven County,UNKNOWN
GGLOC-00900,Russiaville,,Howard County,UNKNOWN
GGLOC-00901,Ithaca,,Tompkins County,UNKNOWN
GGLOC-00902,Newtown,,Powys,UNKNOWN
GGLOC-00903,Somerset,,Somerset County,UNKNOWN
GGLOC-00904,Christian Valley,,Placer County,UNKNOWN
GGLOC-00905,Shavano Park,,Bexar County,UNKNOWN
GGLOC-00906,Sun City West,,Maricopa County,UNKNOWN
GGLOC-00907,Ocala,,Marion County,UNKNOWN
GGLOC-00908,Hato Rey,,San Juan,UNKNOWN
GGLOC-00909,Cleveland Heights,,Cuyahoga County,UNKNOWN
GGLOC-00910,Plains,,Sanders County,UNKNOWN
GGLOC-00911,Upper East Side,,Manhattan,UNKNOWN
GGLOC-00912,Church Langley,,Harlow,UNKNOWN
GGLOC-00913,Oregon,,Butte County,UNKNOWN
GGLOC-00914,Annapolis,,Parke County,UNKNOWN
GGLOC-00915,Scunthorpe,,North Lincolnshire,UNKNOWN
GGLOC-00916,Concord,,Merrimack County,UNKNOWN
GGLOC-00917,Jericho,,Chittenden County,UNKNOWN
GGLOC-00918,Southglenn,,Centennial,UNKNOWN
GGLOC-00919,Ephrata,,Lancaster County,UNKNOWN
GGLOC-00920,Lake Iroquois,,Chittenden County,UNKNOWN
GGLOC-00921,Lookout Mountain,,Walker County,UNKNOWN
GGLOC-00922,Hartford,,Washington County,UNKNOWN
GGLOC-00923,Arvada,,Jefferson County,UNKNOWN
GGLOC-00924,Appleton,,Outagamie County,UNKNOWN
GGLOC-00925,Hudson,,Columbia County,UNKNOWN
GGLOC-00926,Yarnton,,Kidlington,UNKNOWN
GGLOC-00927,Worthington Hills,,Jefferson County,UNKNOWN
GGLOC-00928,Grandview Heights,,Franklin County,UNKNOWN
GGLOC-00929,Cranston,,Providence County,UNKNOWN
GGLOC-00930,Greensboro,,Guilford County,UNKNOWN
GGLOC-00931,Doylestown,,Bucks County,UNKNOWN
GGLOC-00932,Parkgate,,Rotherham,UNKNOWN
GGLOC-00933,Latrobe,,Westmoreland County,UNKNOWN
GGLOC-00934,Cincinnati,,Greene County,UNKNOWN
GGLOC-00935,Mt Repose,,Clermont County,UNKNOWN
GGLOC-00936,Alafaya,,Orange County,UNKNOWN
GGLOC-00937,Hastings,,Adams County,UNKNOWN
GGLOC-00938,Kingston,,Bartow County,UNKNOWN
GGLOC-00939,Nashville,,Howard County,UNKNOWN
GGLOC-00940,Deerfield Beach,,Broward County,UNKNOWN
GGLOC-00941,East Jordan,,Charlevoix County,UNKNOWN
GGLOC-00942,Brigantine,,Atlantic County,UNKNOWN
GGLOC-00943,Cape Coral,,Lee County,UNKNOWN
GGLOC-00944,Kentwood,,Kent County,UNKNOWN
GGLOC-00945,Lawrence,,Douglas County,UNKNOWN
GGLOC-00946,Thibodaux,,Lafourche Parish,UNKNOWN
GGLOC-00947,James Store,,Mathews County,UNKNOWN
GGLOC-00948,Stowe,,Montgomery County,UNKNOWN
GGLOC-00949,Carlsbad,,San Diego County,UNKNOWN
GGLOC-00950,Oakland,,Pottawattamie County,UNKNOWN
GGLOC-00951,Deposit,,Broome County,UNKNOWN
GGLOC-00952,Riverside,,Greene County,UNKNOWN
GGLOC-00953,Wigan,,Greater Manchester,UNKNOWN
GGLOC-00954,Providence,,Providence County,UNKNOWN
GGLOC-00955,Totton,,Southampton,UNKNOWN
GGLOC-00956,Lewisburg,,Marshall County,UNKNOWN
GGLOC-00957,Nanuet,,Rockland County,UNKNOWN
GGLOC-00958,University Buffalo,,Erie County,UNKNOWN
GGLOC-00959,Gibsonton,,Hillsborough County,UNKNOWN
GGLOC-00960,Newton Abbot,,Devon,UNKNOWN
GGLOC-00961,Garden,,Weld County,UNKNOWN
GGLOC-00962,Earlville,,Delaware County,UNKNOWN
GGLOC-00963,Sandusky,,Decatur County,UNKNOWN
GGLOC-00964,Cardiff,,Cardiff County,UNKNOWN
GGLOC-00965,Chandler'S Ford,,Eastleigh,UNKNOWN
GGLOC-00966,Zanesville,,Muskingum County,UNKNOWN
GGLOC-00967,Canton,,Haywood County,UNKNOWN
GGLOC-00968,Rincon,,Pima County,UNKNOWN
GGLOC-00969,Harmony,,Butler County,UNKNOWN
GGLOC-00970,Trammells,,Harris County,UNKNOWN
GGLOC-00971,Springfield,,Greene County,UNKNOWN
GGLOC-00972,Wichita Falls,,Wichita County,UNKNOWN
GGLOC-00973,Whitestown,,Boone County,UNKNOWN
GGLOC-00974,Roxbury,,Morris County,UNKNOWN
GGLOC-00975,Ramsey,,Anoka County,UNKNOWN
GGLOC-00976,Danville,,Vermilion County,UNKNOWN
GGLOC-00977,Malden,,Middlesex County,UNKNOWN
GGLOC-00978,South Elgin,,Kane County,UNKNOWN
GGLOC-00979,Odessa,,Hillsborough County,UNKNOWN
GGLOC-00980,Melrose,,Middlesex County,UNKNOWN
GGLOC-00981,Valley City,,Barnes County,UNKNOWN
GGLOC-00982,Vineland,,Cumberland County,UNKNOWN
GGLOC-00983,Cross Plains,,Dane County,UNKNOWN
GGLOC-00984,Beech Croft,,Suffolk County,UNKNOWN
GGLOC-00985,Groveport,,Franklin County,UNKNOWN
GGLOC-00986,Glendale,,Los Angeles County,UNKNOWN
GGLOC-00987,Yazoo City,,Yazoo County,UNKNOWN
GGLOC-00988,York,,York County,UNKNOWN
GGLOC-00989,Cheshire,,New Haven County,UNKNOWN
GGLOC-00990,Weequahic,,Essex County,UNKNOWN
GGLOC-00991,Needingworth,,St. Ives,UNKNOWN
GGLOC-00992,Fort Atkinson,,Jefferson County,UNKNOWN
GGLOC-00993,San Francisco,California,United States,UNKNOWN
GGLOC-00994,North Norwich,,Chenango County,UNKNOWN
GGLOC-00995,Vestal,,Broome County,UNKNOWN
GGLOC-00996,Novi,,Oakland County,UNKNOWN
GGLOC-00997,Sabattus,,Androscoggin County,UNKNOWN
GGLOC-00998,Hammond,,Lake County,UNKNOWN
GGLOC-00999,Villa Park,,Dupage County,UNKNOWN
GGLOC-01000,La Palma,,Orange County,UNKNOWN
GGLOC-01001,Sonoma,,Sonoma County,UNKNOWN
GGLOC-01002,Newburgh,,Warrick County,UNKNOWN
GGLOC-01003,Somerset,,Bristol County,UNKNOWN
GGLOC-01004,Hammonton,,Atlantic County,UNKNOWN
GGLOC-01005,Chardon,,Geauga County,UNKNOWN
GGLOC-01006,Lighthorne Heath,,Leamington Spa,UNKNOWN
GGLOC-01007,Brownsville,,Cameron County,UNKNOWN
GGLOC-01008,Matamoras,,Pike County,UNKNOWN
GGLOC-01009,Greenland,,Washington County,UNKNOWN
GGLOC-01010,Glasgow,,Scotland,UNKNOWN
GGLOC-01011,Bolton,,Greater Manchester,UNKNOWN
GGLOC-01012,Base Line,,San Bernardino County,UNKNOWN
GGLOC-01013,Cumberland,,Cumberland County,UNKNOWN
GGLOC-01014,Walnut,,Pottawattamie County,UNKNOWN
GGLOC-01015,Abilene,,Dickinson County,UNKNOWN
GGLOC-01016,Douglas,,Cochise County,UNKNOWN
GGLOC-01017,Chillicothe,,Ross County,UNKNOWN
GGLOC-01018,Fredericksburg,,Gillespie County,UNKNOWN
GGLOC-01019,Davidsonville,,Anne Arundel County,UNKNOWN
GGLOC-01020,Stratford,,Fairfield County,UNKNOWN
GGLOC-01021,Canton,,Cherokee County,UNKNOWN
GGLOC-01022,Cannon Falls,,Goodhue County,UNKNOWN
GGLOC-01023,Castlewood,,Centennial,UNKNOWN
GGLOC-01024,Allegan,,Allegan County,UNKNOWN
GGLOC-01025,Casper,,Natrona County,UNKNOWN
GGLOC-01026,San Bernardino,,San Bernardino County,UNKNOWN
GGLOC-01027,Collierville,,San Joaquin County,UNKNOWN
GGLOC-01028,Williamsport,,Warren County,UNKNOWN
GGLOC-01029,Canyon,,Randall County,UNKNOWN
GGLOC-01030,Lowell,,Cochise County,UNKNOWN
GGLOC-01031,Hampshire,,South East England,UNKNOWN
GGLOC-01032,College Heights Durango,,La Plata County,UNKNOWN
GGLOC-01033,Weldon Spring,,Saint Charles County,UNKNOWN
GGLOC-01034,Kihei,,Maui,UNKNOWN
GGLOC-01035,Crowley,,Acadia Parish,UNKNOWN
GGLOC-01036,Caledonia,,Kent County,UNKNOWN
GGLOC-01037,Glenview,,Cook County,UNKNOWN
GGLOC-01038,Readville,,Suffolk County,UNKNOWN
GGLOC-01039,Woodburn,,Marion County,UNKNOWN
GGLOC-01040,Woodbridge,,Prince William County,UNKNOWN
GGLOC-01041,Spartanburg,,Spartanburg County,UNKNOWN
GGLOC-01042,South Miami Heights,,Miami-Dade County,UNKNOWN
GGLOC-01043,Lorton,,Fairfax County,UNKNOWN
GGLOC-01044,Tindale Crescent,,Bishop Auckland,UNKNOWN
GGLOC-01045,Hanover,,Anne Arundel County,UNKNOWN
GGLOC-01046,Cleves,,Hardin County,UNKNOWN
GGLOC-01047,Clarkson Valley,,Saint Louis County,UNKNOWN
GGLOC-01048,Pasadena Hills,,Saint Louis County,UNKNOWN
GGLOC-01049,Pelican Rapids,,Otter Tail County,UNKNOWN
GGLOC-01050,Mount Meigs,,Montgomery County,UNKNOWN
GGLOC-01051,Westchase,,Hillsborough County,UNKNOWN
GGLOC-01052,Plain City,,Madison County,UNKNOWN
GGLOC-01053,Springdale,,Washington County,UNKNOWN
GGLOC-01054,Yuma,,Yuma County,UNKNOWN
GGLOC-01055,Lakewood,,Saint Louis County,UNKNOWN
GGLOC-01056,Federalsburg,,Caroline County,UNKNOWN
GGLOC-01057,Belchertown,,Hampshire County,UNKNOWN
GGLOC-01058,Muirend,,Glasgow,UNKNOWN
GGLOC-01059,Wisconsin Dells,,Columbia County,UNKNOWN
GGLOC-01060,Palmdale,,Los Angeles County,UNKNOWN
GGLOC-01061,Dublin,,Laurens County,UNKNOWN
GGLOC-01062,Kearney,,Buffalo County,UNKNOWN
GGLOC-01063,Cedar Park,,Williamson County,UNKNOWN
GGLOC-01064,Lakeside,,Tarrant County,UNKNOWN
GGLOC-01065,Guntersville,,Marshall County,UNKNOWN
GGLOC-01066,Prairie Village,,Johnson County,UNKNOWN
GGLOC-01067,Hemel Hempstead,,Hertfordshire,UNKNOWN
GGLOC-01068,Sebastopol,,Sonoma County,UNKNOWN
GGLOC-01069,Urbanización Torrimar,,Guaynabo,UNKNOWN
GGLOC-01070,Grass Valley,,Nevada County,UNKNOWN
GGLOC-01071,Gregory,,Gregory County,UNKNOWN
GGLOC-01072,Old Town,,Pennington County,UNKNOWN
GGLOC-01073,Bellevue,,King County,UNKNOWN
GGLOC-01074,Seabrook,,Harris County,UNKNOWN
GGLOC-01075,Solms,,Comal County,UNKNOWN
GGLOC-01076,Underhill Flats,,Chittenden County,UNKNOWN
GGLOC-01077,Rochester,,Kent,UNKNOWN
GGLOC-01078,Secaucus,,Hudson County,UNKNOWN
GGLOC-01079,Elmira Heights,,Chemung County,UNKNOWN
GGLOC-01080,Dunton,,Biggleswade,UNKNOWN
GGLOC-01081,West Side,,Yakima County,UNKNOWN
GGLOC-01082,Lockwood,,Yellowstone County,UNKNOWN
GGLOC-01083,Rego Park,,Queens,UNKNOWN
GGLOC-01084,Duxford,,Cambridge,UNKNOWN
GGLOC-01085,Oregon,,Us,UNKNOWN
GGLOC-01086,Duncanville,,Dallas,UNKNOWN
GGLOC-01087,Northampton,,Northamptonshire,UNKNOWN
GGLOC-01088,Evansville,,Vanderburgh County,UNKNOWN
GGLOC-01089,Gibsonburg,,Sandusky County,UNKNOWN
GGLOC-01090,West Des Moines,,Polk County,UNKNOWN
GGLOC-01091,Middle Village,,Queens,UNKNOWN
GGLOC-01092,International,,King County,UNKNOWN
GGLOC-01093,Corbriggs,,Chesterfield,UNKNOWN
GGLOC-01094,Falmouth Foreside,,Cumberland County,UNKNOWN
GGLOC-01095,Indiana,,Indiana County,UNKNOWN
GGLOC-01096,Astoria,,Queens,UNKNOWN
GGLOC-01097,Brookings,,Curry County,UNKNOWN
GGLOC-01098,Edgewood,,Richland County,UNKNOWN
GGLOC-01099,Heidenheimer,,Bell County,UNKNOWN
GGLOC-01100,Wilmington,,Middlesex County,UNKNOWN
GGLOC-01101,Port Crane,,Broome County,UNKNOWN
GGLOC-01102,Columbia,,King County,UNKNOWN
GGLOC-01103,Williams Creek,,Marion County,UNKNOWN
GGLOC-01104,Battle Creek,,Calhoun County,UNKNOWN
GGLOC-01105,Bridgeton,,Cumberland County,UNKNOWN
GGLOC-01106,Hancock,,Delaware County,UNKNOWN
GGLOC-01107,Burlington City,,Burlington County,UNKNOWN
GGLOC-01108,Fort Neal,,Wood County,UNKNOWN
GGLOC-01109,Marietta,,Cobb County,UNKNOWN
GGLOC-01110,Cologne,,King William County,UNKNOWN
GGLOC-01111,Madeira,,Hamilton County,UNKNOWN
GGLOC-01112,Deeside,,Flintshire,UNKNOWN
GGLOC-01113,Bristol,,Bristol County,UNKNOWN
GGLOC-01114,Orchards,,Clark County,UNKNOWN
GGLOC-01115,Macon,,Bibb County,UNKNOWN
GGLOC-01116,Anaheim,,Orange County,UNKNOWN
GGLOC-01117,Morris Plains,,Morris County,UNKNOWN
GGLOC-01118,Hillview,,Bonneville County,UNKNOWN
GGLOC-01119,Alton,,Madison County,UNKNOWN
GGLOC-01120,Niwot,,Boulder County,UNKNOWN
GGLOC-01121,Mead,,Weld County,UNKNOWN
GGLOC-01122,Freeville,,Tompkins County,UNKNOWN
GGLOC-01123,Stoke Pound,,Bromsgrove,UNKNOWN
GGLOC-01124,Hemlock,,Saginaw County,UNKNOWN
GGLOC-01125,San Marcos,,San Diego County,UNKNOWN
GGLOC-01126,Milford,,New Haven County,UNKNOWN
GGLOC-01127,Branksome,,Poole,UNKNOWN
GGLOC-01128,Leon Junction,,Coryell County,UNKNOWN
GGLOC-01129,Wooster,,Wayne County,UNKNOWN
GGLOC-01130,Marblehead,,Essex County,UNKNOWN
GGLOC-01131,Palm Bay,,Brevard County,UNKNOWN
GGLOC-01132,Fort Seneca,,Seneca County,UNKNOWN
GGLOC-01133,Algona,,King County,UNKNOWN
GGLOC-01134,Canton,,Stark County,UNKNOWN
GGLOC-01135,New Kensington,,Westmoreland County,UNKNOWN
GGLOC-01136,Evansdale,,Black Hawk County,UNKNOWN
GGLOC-01137,Lewisville,,Monroe County,UNKNOWN
GGLOC-01138,Newton Le Willows,,Bedale,UNKNOWN
GGLOC-01139,Mira Loma,,Riverside County,UNKNOWN
GGLOC-01140,Lompoc,,Santa Barbara County,UNKNOWN
GGLOC-01141,Dodge Center,,Dodge County,UNKNOWN
GGLOC-01142,Atkinson,,Rockingham County,UNKNOWN
GGLOC-01143,Highland Lake,,Sullivan County,UNKNOWN
GGLOC-01144,Duncan,,Spartanburg County,UNKNOWN
GGLOC-01145,Hamburg,,Sussex County,UNKNOWN
GGLOC-01146,Green Bay,,Menominee County,UNKNOWN
GGLOC-01147,South Miami,,Miami-Dade County,UNKNOWN
GGLOC-01148,Formby,,Liverpool,UNKNOWN
GGLOC-01149,St Paul,,Collin County,UNKNOWN
GGLOC-01150,Troy,,Pike County,UNKNOWN
GGLOC-01151,Burlington,,Racine County,UNKNOWN
GGLOC-01152,Keystone,,Benton County,UNKNOWN
GGLOC-01153,Balsall Heath,,Birmingham,UNKNOWN
GGLOC-01154,Forada,,Stearns County,UNKNOWN
GGLOC-01155,South East England,,Uk,UNKNOWN
GGLOC-01156,Reeders Grove,,Northumberland County,UNKNOWN
GGLOC-01157,Stamford,,Fairfield County,UNKNOWN
GGLOC-01158,Atglen,,Chester County,UNKNOWN
GGLOC-01159,Ashland,,Hanover County,UNKNOWN
GGLOC-01160,Fort George,,Manhattan,UNKNOWN
GGLOC-01161,Arcadia,,Los Angeles County,UNKNOWN
GGLOC-01162,Edison,,Middlesex County,UNKNOWN
GGLOC-01163,Belfast,,Northern Ireland,UNKNOWN
GGLOC-01164,Pride Park,,Derby,UNKNOWN
GGLOC-01165,Fairgrounds,,Caddo Parish,UNKNOWN
GGLOC-01166,Austin,,Travis County,UNKNOWN
GGLOC-01167,East Port Orchard,,Kitsap County,UNKNOWN
GGLOC-01168,Dunsbach Ferry,,Albany County,UNKNOWN
GGLOC-01169,Winchester,,Clark County,UNKNOWN
GGLOC-01170,Milton,,Norfolk County,UNKNOWN
GGLOC-01171,Scottsdale,,Maricopa County,UNKNOWN
GGLOC-01172,Pompano Beach,,Broward County,UNKNOWN
GGLOC-01173,Olyphant,,Lackawanna County,UNKNOWN
GGLOC-01174,Port Clinton,,Ottawa County,UNKNOWN
GGLOC-01175,Vienna,,Fairfax County,UNKNOWN
GGLOC-01176,Federal Heights,,Adams County,UNKNOWN
GGLOC-01177,St. Julians,,Newport,UNKNOWN
GGLOC-01178,Stevensville,,Queen Anne'S County,UNKNOWN
GGLOC-01179,Brookline,,Allegheny County,UNKNOWN
GGLOC-01180,Wekiva Springs,,Seminole County,UNKNOWN
GGLOC-01181,Livingston,,Essex County,UNKNOWN
GGLOC-01182,Park,,Waynesboro City,UNKNOWN
GGLOC-01183,Fall River,,Bristol County,UNKNOWN
GGLOC-01184,Garsington,,Oxford,UNKNOWN
GGLOC-01185,Farmington,,San Juan County,UNKNOWN
GGLOC-01186,Kingston,,Luzerne County,UNKNOWN
GGLOC-01187,Decatur,,Dekalb County,UNKNOWN
GGLOC-01188,Redding,,Shasta County,UNKNOWN
GGLOC-01189,Holladay,,Salt Lake County,UNKNOWN
GGLOC-01190,North Hykeham,,Lincoln,UNKNOWN
GGLOC-01191,Oak Forest,,Cook County,UNKNOWN
GGLOC-01192,Valley City,,Medina County,UNKNOWN
GGLOC-01193,Hammond,,Wabasha County,UNKNOWN
GGLOC-01194,Wavendon Gate,,Milton Keynes,UNKNOWN
GGLOC-01195,Los Lunas,,Valencia County,UNKNOWN
GGLOC-01196,Hillcrest Heights,,Prince George'S County,UNKNOWN
GGLOC-01197,Westwood,,Lassen County,UNKNOWN
GGLOC-01198,Rome,,Bradford County,UNKNOWN
GGLOC-01199,White Haven,,Luzerne County,UNKNOWN
GGLOC-01200,De Forest,,Dane County,UNKNOWN
GGLOC-01201,Bordersville,,Houston,UNKNOWN
GGLOC-01202,Greenwood,,Johnson County,UNKNOWN
GGLOC-01203,Lahaina,,Maui,UNKNOWN
GGLOC-01204,North Lawndale,,Chicago,UNKNOWN
GGLOC-01205,Newton Highlands,,Middlesex County,UNKNOWN
GGLOC-01206,Brentwood,,Williamson County,UNKNOWN
GGLOC-01207,Harvard Square,,Middlesex County,UNKNOWN
GGLOC-01208,Riverdale,,Fresno County,UNKNOWN
GGLOC-01209,Akron,,Hale County,UNKNOWN
GGLOC-01210,Saint Joseph,,Buchanan County,UNKNOWN
GGLOC-01211,Clinton,,East Feliciana Parish,UNKNOWN
GGLOC-01212,Salinas,,Monterey County,UNKNOWN
GGLOC-01213,Forestburgh,,Sullivan County,UNKNOWN
GGLOC-01214,Newburyport,,Essex County,UNKNOWN
GGLOC-01215,West Las Vegas,,San Miguel County,UNKNOWN
GGLOC-01216,Gilbertville,,Worcester County,UNKNOWN
GGLOC-01217,Grand Chute,,Outagamie County,UNKNOWN
GGLOC-01218,Loudwater,,High Wycombe,UNKNOWN
GGLOC-01219,Mosby,,Fairfax County,UNKNOWN
GGLOC-01220,Solon,,Cuyahoga County,UNKNOWN
GGLOC-01221,Greenland,,Rockingham County,UNKNOWN
GGLOC-01222,Charlotte Hall,,St. Mary'S County,UNKNOWN
GGLOC-01223,Marshall,,Searcy County,UNKNOWN
GGLOC-01224,Minnetonka Mills,,Hennepin County,UNKNOWN
GGLOC-01225,Lake Park,,Palm Beach County,UNKNOWN
GGLOC-01226,Essex,,Eastern England,UNKNOWN
GGLOC-01227,Kalamazoo,,Kalamazoo County,UNKNOWN
GGLOC-01228,Sylvania,,Lucas County,UNKNOWN
GGLOC-01229,Schaumburg,,Cook County,UNKNOWN
GGLOC-01230,Sunset Hills,,Saint Louis County,UNKNOWN
GGLOC-01231,Pleasant Grove,,Jefferson County,UNKNOWN
GGLOC-01232,South Windsor,,Hartford County,UNKNOWN
GGLOC-01233,Greentown,,Stark County,UNKNOWN
GGLOC-01234,Cornelius,,Washington County,UNKNOWN
GGLOC-01235,Ark,,Gloucester County,UNKNOWN
GGLOC-01236,Laguna Niguel,,Orange County,UNKNOWN
GGLOC-01237,Coco River,,Collier County,UNKNOWN
GGLOC-01238,Hayes,,Stanley County,UNKNOWN
GGLOC-01239,Princeton,,Miami-Dade County,UNKNOWN
GGLOC-01240,Lawton,,Cherokee County,UNKNOWN
GGLOC-01241,Maltby,,Middlesbrough,UNKNOWN
GGLOC-01242,Mill Creek,,Tehama County,UNKNOWN
GGLOC-01243,Green Bay,,Brown County,UNKNOWN
GGLOC-01244,Chattanooga,,Hamilton County,UNKNOWN
GGLOC-01245,Chester,,Morris County,UNKNOWN
GGLOC-01246,Guilford College,,Guilford County,UNKNOWN
GGLOC-01247,West Endicott,,Broome County,UNKNOWN
GGLOC-01248,Lake Quivira,,Johnson County,UNKNOWN
GGLOC-01249,Tewkesbury,,Gloucestershire,UNKNOWN
GGLOC-01250,Woodland Hills,,Los Angeles County,UNKNOWN
GGLOC-01251,Pikesville,,Baltimore County,UNKNOWN
GGLOC-01252,Glass,,Gloucester County,UNKNOWN
GGLOC-01253,Allen,,Collin County,UNKNOWN
GGLOC-01254,Paradise,,Clark County,UNKNOWN
GGLOC-01255,Lauderdale,,Ramsey County,UNKNOWN
GGLOC-01256,Brookville,,Montgomery County,UNKNOWN
GGLOC-01257,Sun,,Williamson County,UNKNOWN
GGLOC-01258,Berwick,,Columbia County,UNKNOWN
GGLOC-01259,Bushkill,,Pike County,UNKNOWN
GGLOC-01260,Lockport,,Niagara County,UNKNOWN
GGLOC-01261,Druid,,Baltimore,UNKNOWN
GGLOC-01262,Manchester,,Delaware County,UNKNOWN
GGLOC-01263,Meridian,,Ashley County,UNKNOWN
GGLOC-01264,East Providence,,Providence County,UNKNOWN
GGLOC-01265,Heeley,,Sheffield,UNKNOWN
GGLOC-01266,Bordentown,,Burlington County,UNKNOWN
GGLOC-01267,Stockbridge,,Henry County,UNKNOWN
GGLOC-01268,Marshall,,Calhoun County,UNKNOWN
GGLOC-01269,New Haven,,New Haven County,UNKNOWN
GGLOC-01270,Ellisburg,,Camden County,UNKNOWN
GGLOC-01271,Oregon,,Lucas County,UNKNOWN
GGLOC-01272,Winnersh,,Wokingham,UNKNOWN
GGLOC-01273,Santa Fe Springs,,Los Angeles County,UNKNOWN
GGLOC-01274,Shickshinny,,Luzerne County,UNKNOWN
GGLOC-01275,Levelland,,Hockley County,UNKNOWN
GGLOC-01276,Colchester,,Chittenden County,UNKNOWN
GGLOC-01277,Dover,,Kent County,UNKNOWN
GGLOC-01278,Odessa,,Ector County,UNKNOWN
GGLOC-01279,Bethany,,New Haven County,UNKNOWN
GGLOC-01280,Nolanville,,Bell County,UNKNOWN
GGLOC-01281,Nineveh,,Broome County,UNKNOWN
GGLOC-01282,Cold Spring,,Campbell County,UNKNOWN
GGLOC-01283,Dexter,,Penobscot County,UNKNOWN
GGLOC-01284,Overton,,Rusk County,UNKNOWN
GGLOC-01285,North Salt Lake,,Davis County,UNKNOWN
GGLOC-01286,Upper Marlboro,,Prince George'S County,UNKNOWN
GGLOC-01287,Suffolk,,Suffolk City,UNKNOWN
GGLOC-01288,Aberdeen,,Brown County,UNKNOWN
GGLOC-01289,Colma,,San Mateo County,UNKNOWN
GGLOC-01290,Welshpool,,Powys,UNKNOWN
GGLOC-01291,Gainesville,,Alachua County,UNKNOWN
GGLOC-01292,San Luis,,Yuma County,UNKNOWN
GGLOC-01293,Marion,,Grant County,UNKNOWN
GGLOC-01294,Cottage Grove,,Dane County,UNKNOWN
GGLOC-01295,Grandview,,Carroll County,UNKNOWN
GGLOC-01296,Burlington,,Alamance County,UNKNOWN
GGLOC-01297,Alief,,Houston,UNKNOWN
GGLOC-01298,Schenectady,,Schenectady County,UNKNOWN
GGLOC-01299,Halifax,,Plymouth County,UNKNOWN
GGLOC-01300,Millville,,Butler County,UNKNOWN
GGLOC-01301,Loomis,,Placer County,UNKNOWN
GGLOC-01302,Oneonta,,Blount County,UNKNOWN
GGLOC-01303,Fontana,,San Bernardino County,UNKNOWN
GGLOC-01304,Canton,,Fulton County,UNKNOWN
GGLOC-01305,Franklin Lakes,,Bergen County,UNKNOWN
GGLOC-01306,Rome,,Floyd County,UNKNOWN
GGLOC-01307,Londonderry,,Rockingham County,UNKNOWN
GGLOC-01308,Cardinal,,Mathews County,UNKNOWN
GGLOC-01309,Newark,,Essex County,UNKNOWN
GGLOC-01310,Mehoopany,,Wyoming County,UNKNOWN
GGLOC-01311,San Dimas,,Los Angeles County,UNKNOWN
GGLOC-01312,Warwick,,Warwickshire,UNKNOWN
GGLOC-01313,Villa Hills,,Kenton County,UNKNOWN
GGLOC-01314,Harvard,,Mchenry County,UNKNOWN
GGLOC-01315,Cambridge,,Story County,UNKNOWN
GGLOC-01316,Nevada,,Us,UNKNOWN
GGLOC-01317,Robbinsville,,Mercer County,UNKNOWN
GGLOC-01318,Waco,,York County,UNKNOWN
GGLOC-01319,Treowen,,Newtown,UNKNOWN
GGLOC-01320,Poynette,,Columbia County,UNKNOWN
GGLOC-01321,Greenbank,,Plymouth,UNKNOWN
GGLOC-01322,Fair Haven,,Saint Clair County,UNKNOWN
GGLOC-01323,Reading,,Middlesex County,UNKNOWN
GGLOC-01324,Martinsburg,,Berkeley County,UNKNOWN
GGLOC-01325,Drayton,,Pembina County,UNKNOWN
GGLOC-01326,Hackensack,,Bergen County,UNKNOWN
GGLOC-01327,Carbondale,,Amador County,UNKNOWN
GGLOC-01328,Calhoun City,,Calhoun County,UNKNOWN
GGLOC-01329,Berkeley Heights,,Union County,UNKNOWN
GGLOC-01330,Woodridge,,Dupage County,UNKNOWN
GGLOC-01331,Monterey,,Monterey County,UNKNOWN
GGLOC-01332,Broadmoor,,Orleans Parish,UNKNOWN
GGLOC-01333,Alpharetta,,Fulton County,UNKNOWN
GGLOC-01334,Detroit,,Pike County,UNKNOWN
GGLOC-01335,Owego,,Tioga County,UNKNOWN
GGLOC-01336,Palm Desert,,Riverside County,UNKNOWN
GGLOC-01337,Spring Hill,,Hernando County,UNKNOWN
GGLOC-01338,Huntsville,,Madison County,UNKNOWN
GGLOC-01339,Benicia,,Solano County,UNKNOWN
GGLOC-01340,Brighton,,East Sussex,UNKNOWN
GGLOC-01341,Trafford Park,,Manchester,UNKNOWN
GGLOC-01342,Edwardsburg,,Cass County,UNKNOWN
GGLOC-01343,Mc Farland,,Kern County,UNKNOWN
GGLOC-01344,Mount Pleasant,,Racine County,UNKNOWN
GGLOC-01345,Cheektowaga,,Erie County,UNKNOWN
GGLOC-01346,Saint Louis,,Saint Louis County,UNKNOWN
GGLOC-01347,New Hartford,,Oneida County,UNKNOWN
GGLOC-01348,Centreville,,Fairfax County,UNKNOWN
GGLOC-01349,Russett,,Anne Arundel County,UNKNOWN
GGLOC-01350,La Mirada,,Los Angeles County,UNKNOWN
GGLOC-01351,Elmwood Park,,Cook County,UNKNOWN
GGLOC-01352,Shawanese,,Luzerne County,UNKNOWN
GGLOC-01353,Clackamas,,Clackamas County,UNKNOWN
GGLOC-01354,Aberdare,,Rhondda Cynon Taff,UNKNOWN
GGLOC-01355,Cheviot,,Columbia County,UNKNOWN
GGLOC-01356,New Kingstown,,Cumberland County,UNKNOWN
GGLOC-01357,Lakeside,,Navajo County,UNKNOWN
GGLOC-01358,Melville,,Suffolk County,UNKNOWN
GGLOC-01359,Guasti,,San Bernardino County,UNKNOWN
GGLOC-01360,Edgemere,,Baltimore County,UNKNOWN
GGLOC-01361,Forest Hill,,Tarrant County,UNKNOWN
GGLOC-01362,Jonesville,,Alachua County,UNKNOWN
GGLOC-01363,Columbia Station,,Lorain County,UNKNOWN
GGLOC-01364,Lake Mary,,Seminole County,UNKNOWN
GGLOC-01365,Birmingham,,Jefferson County,UNKNOWN
GGLOC-01366,Crystal Lake Park,,Saint Louis County,UNKNOWN
GGLOC-01367,Elmira,,Chemung County,UNKNOWN
GGLOC-01368,Indian Orchard,,Hampden County,UNKNOWN
GGLOC-01369,Springfield,,Delaware County,UNKNOWN
GGLOC-01370,Tifton,,Tift County,UNKNOWN
GGLOC-01371,South Camden,,Camden County,UNKNOWN
GGLOC-01372,Fayfield,,York County,UNKNOWN
GGLOC-01373,Palatka,,Putnam County,UNKNOWN
GGLOC-01374,Trowse,,Norwich,UNKNOWN
GGLOC-01375,Riegelwood,,Columbus County,UNKNOWN
GGLOC-01376,Coachella,,Riverside County,UNKNOWN
GGLOC-01377,North East England,,Uk,UNKNOWN
GGLOC-01378,Trumbull,,Fairfield County,UNKNOWN
GGLOC-01379,Indian Creek,,Lake County,UNKNOWN
GGLOC-01380,Dike,,Humboldt County,UNKNOWN
GGLOC-01381,North Reading,,Middlesex County,UNKNOWN
GGLOC-01382,Jennings,,Hamilton County,UNKNOWN
GGLOC-01383,Ypsilanti,,Washtenaw County,UNKNOWN
GGLOC-01384,South Windham,,Cumberland County,UNKNOWN
GGLOC-01385,Temple,,Bell County,UNKNOWN
GGLOC-01386,Golden Acres,,Harris County,UNKNOWN
GGLOC-01387,Imperial Beach,,San Diego County,UNKNOWN
GGLOC-01388,Colbyville,,Washington County,UNKNOWN
GGLOC-01389,Fairview,,Collin County,UNKNOWN
GGLOC-01390,Montfort,,Grant County,UNKNOWN
GGLOC-01391,Vail,,Pima County,UNKNOWN
GGLOC-01392,Saginaw,,Tarrant County,UNKNOWN
GGLOC-01393,Wake Island,,Honolulu,UNKNOWN
GGLOC-01394,Carlstadt,,Bergen County,UNKNOWN
GGLOC-01395,Seaside,,Monterey County,UNKNOWN
GGLOC-01396,Rush City,,Chisago County,UNKNOWN
GGLOC-01397,Remerton,,Lowndes County,UNKNOWN
GGLOC-01398,Bannockburn,,Lake County,UNKNOWN
GGLOC-01399,Overland,,Johnson County,UNKNOWN
GGLOC-01400,Saint Michael,,Wright County,UNKNOWN
GGLOC-01401,Fayville,,Worcester County,UNKNOWN
GGLOC-01402,Wickliffe,,Lake County,UNKNOWN
GGLOC-01403,West Sand Lake,,Rensselaer County,UNKNOWN
GGLOC-01404,Lower West Side,,Chicago,UNKNOWN
GGLOC-01405,Murdock,,Charlotte County,UNKNOWN
GGLOC-01406,South Fallsburg,,Sullivan County,UNKNOWN
GGLOC-01407,Plainview,,Macoupin County,UNKNOWN
GGLOC-01408,Eugene,,Cole County,UNKNOWN
GGLOC-01409,Teeds Grove,,Clinton County,UNKNOWN
GGLOC-01410,Cheltenham Trade Park,,Cheltenham,UNKNOWN
GGLOC-01411,Florida,,,UNKNOWN
GGLOC-01412,Maimi,,Ottawa County,UNKNOWN
GGLOC-01413,Baychester,,Bronx,UNKNOWN
GGLOC-01414,Brookline Village,,Norfolk County,UNKNOWN
GGLOC-01415,Stoughton,,Norfolk County,UNKNOWN
GGLOC-01416,Grand Prairie,,Dallas,UNKNOWN
GGLOC-01417,Ames,,Story County,UNKNOWN
GGLOC-01418,Hilltop,,Anoka County,UNKNOWN
GGLOC-01419,Rowstock,,Didcot,UNKNOWN
GGLOC-01420,Binghamton,,Broome County,UNKNOWN
GGLOC-01421,Salisbury,,Essex County,UNKNOWN
GGLOC-01422,Howell,,Livingston County,UNKNOWN
GGLOC-01423,Cranford,,Hounslow,UNKNOWN
GGLOC-01424,Lancaster,,Fairfield County,UNKNOWN
GGLOC-01425,Seaford,,Sussex County,UNKNOWN
GGLOC-01426,Dorking,,Surrey,UNKNOWN
GGLOC-01427,Woking,,Surrey,UNKNOWN
GGLOC-01428,Bella Villa,,Saint Louis County,UNKNOWN
GGLOC-01429,Anderson,,Anderson County,UNKNOWN
GGLOC-01430,Newport News,,Newport News City,UNKNOWN
GGLOC-01431,Enon,,Clark County,UNKNOWN
GGLOC-01432,Manitou Springs,,El Paso County,UNKNOWN
GGLOC-01433,Spring Valley Lake,,San Bernardino County,UNKNOWN
GGLOC-01434,Dekalb,,Dekalb County,UNKNOWN
GGLOC-01435,Rockaway Beach,,Queens,UNKNOWN
GGLOC-01436,Marysville,,Yuba County,UNKNOWN
GGLOC-01437,Castle Point,,Hudson County,UNKNOWN
GGLOC-01438,Baileys Crossroads,,Fairfax County,UNKNOWN
GGLOC-01439,Chattanooga,,Comanche County,UNKNOWN
GGLOC-01440,Dunaire,,Dekalb County,UNKNOWN
GGLOC-01441,Flowood,,Rankin County,UNKNOWN
GGLOC-01442,Bradenton,,Manatee County,UNKNOWN
GGLOC-01443,Phenix City,,Russell County,UNKNOWN
GGLOC-01444,West Lafayette,,Tippecanoe County,UNKNOWN
GGLOC-01445,Jackson,,Butts County,UNKNOWN
GGLOC-01446,Hiland,,Natrona County,UNKNOWN
GGLOC-01447,Lutz,,Hillsborough County,UNKNOWN
GGLOC-01448,College Park,,Fulton County,UNKNOWN
GGLOC-01449,Park Ridge,,Cook County,UNKNOWN
GGLOC-01450,Deltona,,Volusia County,UNKNOWN
GGLOC-01451,White Rock,,Los Alamos County,UNKNOWN
GGLOC-01452,Simpsonville,,Howard County,UNKNOWN
GGLOC-01453,Murrieta Hot Springs,,Riverside County,UNKNOWN
GGLOC-01454,Burr Ridge,,Dupage County,UNKNOWN
GGLOC-01455,Hopeful Heights,,Boone County,UNKNOWN
GGLOC-01456,Grand Central,,Manhattan,UNKNOWN
GGLOC-01457,Walpole,,Norfolk County,UNKNOWN
GGLOC-01458,Meeker,,Pierce County,UNKNOWN
GGLOC-01459,Burien,,King County,UNKNOWN
GGLOC-01460,Lynchburg,,Lynchburg City,UNKNOWN
GGLOC-01461,Summit Avenue,,Hudson County,UNKNOWN
GGLOC-01462,Jackson,,Ocean County,UNKNOWN
GGLOC-01463,Riseley,,Reading,UNKNOWN
GGLOC-01464,Muskogee,,Muskogee County,UNKNOWN
GGLOC-01465,Poages Mill,,Roanoke County,UNKNOWN
GGLOC-01466,Kirkland,,King County,UNKNOWN
GGLOC-01467,Benson,,Douglas County,UNKNOWN
GGLOC-01468,Berthoud,,Larimer County,UNKNOWN
GGLOC-01469,Phoenix,,Jackson County,UNKNOWN
GGLOC-01470,Wyoming,,Kent County,UNKNOWN
GGLOC-01471,North Royalton,,Cuyahoga County,UNKNOWN
GGLOC-01472,Pasadena,,Los Angeles County,UNKNOWN
GGLOC-01473,Westminster,,Adams County,UNKNOWN
GGLOC-01474,Biggin Hill,,Westerham,UNKNOWN
GGLOC-01475,Forestdale,,Jefferson County,UNKNOWN
GGLOC-01476,Augusta,,Kennebec County,UNKNOWN
GGLOC-01477,Craig,,Moffat County,UNKNOWN
GGLOC-01478,Fort Lowell,,Pima County,UNKNOWN
GGLOC-01479,Spokane Valley,,Spokane County,UNKNOWN
GGLOC-01480,Dover,,Pope County,UNKNOWN
GGLOC-01481,Custom House,,Orleans Parish,UNKNOWN
GGLOC-01482,East Greenbush,,Rensselaer County,UNKNOWN
GGLOC-01483,Celina,,Collin County,UNKNOWN
GGLOC-01484,Land O Lakes,,Pasco County,UNKNOWN
GGLOC-01485,Morrisville,,Bucks County,UNKNOWN
GGLOC-01486,Jefferson,,Kanawha County,UNKNOWN
GGLOC-01487,Branchburg,,Somerset County,UNKNOWN
GGLOC-01488,Haltom,,Tarrant County,UNKNOWN
GGLOC-01489,Middle West,,Philadelphia County,UNKNOWN
GGLOC-01490,Robbinsdale,,Hennepin County,UNKNOWN
GGLOC-01491,Charleston Air Force Base,,Charleston County,UNKNOWN
GGLOC-01492,Carson,,Washington County,UNKNOWN
GGLOC-01493,Esperance,,Schoharie County,UNKNOWN
GGLOC-01494,Beachwood,,Ocean County,UNKNOWN
GGLOC-01495,Cambois,,Blyth,UNKNOWN
GGLOC-01496,Purcellville,,Loudoun County,UNKNOWN
GGLOC-01497,Bonita,,San Diego County,UNKNOWN
GGLOC-01498,Duluth,,Gwinnett County,UNKNOWN
GGLOC-01499,Ontario,,San Bernardino County,UNKNOWN
GGLOC-01500,San Ramon,,Contra Costa County,UNKNOWN
GGLOC-01501,Roselle,,Dupage County,UNKNOWN
GGLOC-01502,Sefton,,Liverpool,UNKNOWN
GGLOC-01503,Century,,Los Angeles County,UNKNOWN
GGLOC-01504,Siluria,,Shelby County,UNKNOWN
GGLOC-01505,Walton,,Milton Keynes,UNKNOWN
GGLOC-01506,Ashville,,St. Clair County,UNKNOWN
GGLOC-01507,Fairfield,,Solano County,UNKNOWN
GGLOC-01508,Eldorado Springs,,Boulder County,UNKNOWN
GGLOC-01509,Hancock,,Houghton County,UNKNOWN
GGLOC-01510,Forksville,,Sullivan County,UNKNOWN
GGLOC-01511,Everett,,Bedford County,UNKNOWN
GGLOC-01512,Cottage Grove,,Washington County,UNKNOWN
GGLOC-01513,Closter,,Bergen County,UNKNOWN
GGLOC-01514,Glenpool,,Tulsa County,UNKNOWN
GGLOC-01515,Arnold,,Jefferson County,UNKNOWN
GGLOC-01516,Radford,,Virginia,UNKNOWN
GGLOC-01517,Spring Valley,,Berks County,UNKNOWN
GGLOC-01518,Florence,,Florence County,UNKNOWN
GGLOC-01519,Wakefield,,Middlesex County,UNKNOWN
GGLOC-01520,Underhill Center,,Chittenden County,UNKNOWN
GGLOC-01521,Hickory Hill,,Shelby County,UNKNOWN
GGLOC-01522,Westlake Village,,Ventura County,UNKNOWN
GGLOC-01523,Wilbraham,,Hampden County,UNKNOWN
GGLOC-01524,Columbia Cross Roads,,Bradford County,UNKNOWN
GGLOC-01525,China Grove,,Bexar County,UNKNOWN
GGLOC-01526,West Vail,,Eagle County,UNKNOWN
GGLOC-01527,Middleton Stoney,,Bicester,UNKNOWN
GGLOC-01528,Blue Ash,,Hamilton County,UNKNOWN
GGLOC-01529,Elgin,,Bastrop County,UNKNOWN
GGLOC-01530,Mount Pleasant,,Isabella County,UNKNOWN
GGLOC-01531,Buford,,Gwinnett County,UNKNOWN
GGLOC-01532,Northridge,,Los Angeles County,UNKNOWN
GGLOC-01533,Manassas,,Prince William County,UNKNOWN
GGLOC-01534,Pierre,,Hughes County,UNKNOWN
GGLOC-01535,Silverdale,,Cowley County,UNKNOWN
GGLOC-01536,Norland Park,,Dekalb County,UNKNOWN
GGLOC-01537,Assembly,,Haywood County,UNKNOWN
GGLOC-01538,Hayfield,,Hancock County,UNKNOWN
GGLOC-01539,Montebello,,Rockland County,UNKNOWN
GGLOC-01540,Albany,,Alameda County,UNKNOWN
GGLOC-01541,Worcester,,Worcester County,UNKNOWN
GGLOC-01542,Centerville,,Lancaster County,UNKNOWN
GGLOC-01543,Selma,,Guadalupe County,UNKNOWN
GGLOC-01544,Monett,,Barry County,UNKNOWN
GGLOC-01545,Jerome,,Bronx,UNKNOWN
GGLOC-01546,Blue Jay,,San Bernardino County,UNKNOWN
GGLOC-01547,Waterbury,,Washington County,UNKNOWN
GGLOC-01548,Pocono Lake Preserve,,Monroe County,UNKNOWN
GGLOC-01549,Clyde,,Haywood County,UNKNOWN
GGLOC-01550,Crofton,,Anne Arundel County,UNKNOWN
GGLOC-01551,Taylor,,Wayne County,UNKNOWN
GGLOC-01552,Nassau,,Rensselaer County,UNKNOWN
GGLOC-01553,Fircrest,,Pierce County,UNKNOWN
GGLOC-01554,Berea,,Ashley County,UNKNOWN
GGLOC-01555,Riva,,Anne Arundel County,UNKNOWN
GGLOC-01556,Richmond,,Fort Bend County,UNKNOWN
GGLOC-01557,Haymarket,,Prince William County,UNKNOWN
GGLOC-01558,Ayr,,St. Ives,UNKNOWN
GGLOC-01559,Brevard,,Transylvania County,UNKNOWN
GGLOC-01560,Fresno,,Fresno County,UNKNOWN
GGLOC-01561,Manor,,New Castle County,UNKNOWN
GGLOC-01562,Twentynine Palms,,San Bernardino County,UNKNOWN
GGLOC-01563,Rocky Ridge,,Sainte Genevieve County,UNKNOWN
GGLOC-01564,Montgomery,,Montgomery County,UNKNOWN
GGLOC-01565,Vacaville,,Solano County,UNKNOWN
GGLOC-01566,James Island,,Charleston County,UNKNOWN
GGLOC-01567,Axtell,,Mclennan County,UNKNOWN
GGLOC-01568,Brookfield,,Waukesha County,UNKNOWN
GGLOC-01569,Appleton,,Pope County,UNKNOWN
GGLOC-01570,Rincon,,Effingham County,UNKNOWN
GGLOC-01571,Brandon,,Kiowa County,UNKNOWN
GGLOC-01572,Greenville,,Greenville County,UNKNOWN
GGLOC-01573,Dacula,,Gwinnett County,UNKNOWN
GGLOC-01574,Mount Healthy,,Hamilton County,UNKNOWN
GGLOC-01575,Garden City,,Ada County,UNKNOWN
GGLOC-01576,Longview,,Cowlitz County,UNKNOWN
GGLOC-01577,Zachary,,East Baton Rouge Parish,UNKNOWN
GGLOC-01578,Nashville,,Davidson County,UNKNOWN
GGLOC-01579,Basildon,,Essex,UNKNOWN
GGLOC-01580,Porterville,,Tulare County,UNKNOWN
GGLOC-01581,Sandia Base,,Bernalillo County,UNKNOWN
GGLOC-01582,New Bilton,,Rugby,UNKNOWN
GGLOC-01583,Crewe,,Cheshire,UNKNOWN
GGLOC-01584,Old Westfield,,Suffolk County,UNKNOWN
GGLOC-01585,Taunton,,Somerset,UNKNOWN
GGLOC-01586,Brookside,,Chittenden County,UNKNOWN
GGLOC-01587,Mason,,Mason County,UNKNOWN
GGLOC-01588,Fond Du Lac,,Fond Du Lac County,UNKNOWN
GGLOC-01589,Grenoside,,Sheffield,UNKNOWN
GGLOC-01590,Mission Bend,,Fort Bend County,UNKNOWN
GGLOC-01591,American Fork,,Utah County,UNKNOWN
GGLOC-01592,Lakewood,,Ocean County,UNKNOWN
GGLOC-01593,Mcallen,,Hidalgo County,UNKNOWN
GGLOC-01594,Laguna Woods,,Orange County,UNKNOWN
GGLOC-01595,Flower Mound,,Denton County,UNKNOWN
GGLOC-01596,Saint Charles,,Kane County,UNKNOWN
GGLOC-01597,Kingston,,Ulster County,UNKNOWN
GGLOC-01598,Stow,,Oxford County,UNKNOWN
GGLOC-01599,Vista,,San Diego County,UNKNOWN
GGLOC-01600,Grand Rapids,,Kent County,UNKNOWN
GGLOC-01601,Miami Beach,,Miami-Dade County,UNKNOWN
GGLOC-01602,Shelby,,Cleveland County,UNKNOWN
GGLOC-01603,Diablo Grande,,Stanislaus County,UNKNOWN
GGLOC-01604,Centerville,,Appanoose County,UNKNOWN
GGLOC-01605,High Point,,Decatur County,UNKNOWN
GGLOC-01606,Fernan Lake Village,,Kootenai County,UNKNOWN
GGLOC-01607,Falcon,,El Paso County,UNKNOWN
GGLOC-01608,Irving,,Dallas,UNKNOWN
GGLOC-01609,West Jefferson,,Ashe County,UNKNOWN
GGLOC-01610,Franklin,,Williamson County,UNKNOWN
GGLOC-01611,Newport Beach,,Orange County,UNKNOWN
GGLOC-01612,Parkway,,Gwinnett County,UNKNOWN
GGLOC-01613,New Canaan,,Fairfield County,UNKNOWN
GGLOC-01614,Moody,,York County,UNKNOWN
GGLOC-01615,Lake Ariel,,Wayne County,UNKNOWN
GGLOC-01616,Woodson Terrace,,Saint Louis County,UNKNOWN
GGLOC-01617,Reading,,Berks County,UNKNOWN
GGLOC-01618,Niles,,Cook County,UNKNOWN
GGLOC-01619,Dalton,,Lackawanna County,UNKNOWN
GGLOC-01620,Bascom,,Jackson County,UNKNOWN
GGLOC-01621,Polson,,Lake County,UNKNOWN
GGLOC-01622,Hoole,,Chester,UNKNOWN
GGLOC-01623,Gloucester,,Gloucester County,UNKNOWN
GGLOC-01624,Kilmarnock,,Lancaster County,UNKNOWN
GGLOC-01625,Danville,,Androscoggin County,UNKNOWN
GGLOC-01626,Fargo,,Saint Clair County,UNKNOWN
GGLOC-01627,Taylorsville,,Spencer County,UNKNOWN
GGLOC-01628,Mount Juliet,,Wilson County,UNKNOWN
GGLOC-01629,Yorkville,,Kendall County,UNKNOWN
GGLOC-01630,Robertson,,Saint Louis County,UNKNOWN
GGLOC-01631,Daniel Island,,Berkeley County,UNKNOWN
GGLOC-01632,Mariemont,,Hamilton County,UNKNOWN
GGLOC-01633,Live Oak,,Bexar County,UNKNOWN
GGLOC-01634,Five Corners,,Hudson County,UNKNOWN
GGLOC-01635,Dot,,Mclennan County,UNKNOWN
GGLOC-01636,Dinuba,,Tulare County,UNKNOWN
GGLOC-01637,Shafter,,Kern County,UNKNOWN
GGLOC-01638,Church Street,,Manhattan,UNKNOWN
GGLOC-01639,Lake Forest,,Orange County,UNKNOWN
GGLOC-01640,Menlo Park,,San Mateo County,UNKNOWN
GGLOC-01641,Pico Heights,,Los Angeles County,UNKNOWN
GGLOC-01642,Longmont,,Boulder County,UNKNOWN
GGLOC-01643,Coffeyville,,Montgomery County,UNKNOWN
GGLOC-01644,Piscataway,,Middlesex County,UNKNOWN
GGLOC-01645,Taylor,,Lackawanna County,UNKNOWN
GGLOC-01646,Tanner,,Limestone County,UNKNOWN
GGLOC-01647,Orcutt,,Santa Barbara County,UNKNOWN
GGLOC-01648,Beach Lake,,Wayne County,UNKNOWN
GGLOC-01649,Iowa,,Johnson County,UNKNOWN
GGLOC-01650,Wakefield,,West Yorkshire,UNKNOWN
GGLOC-01651,Knight,,Vanderburgh County,UNKNOWN
GGLOC-01652,Waldwick,,Bergen County,UNKNOWN
GGLOC-01653,Deerfield,,Kearny County,UNKNOWN
GGLOC-01654,La Cienga,,Santa Fe County,UNKNOWN
GGLOC-01655,Franconia,,Fairfax County,UNKNOWN
GGLOC-01656,Minneapolis,,Ottawa County,UNKNOWN
GGLOC-01657,Olivenhain,,San Diego County,UNKNOWN
GGLOC-01658,Flourtown,,Montgomery County,UNKNOWN
GGLOC-01659,Wilsonville,,Clackamas County,UNKNOWN
GGLOC-01660,Bexley,,Kent,UNKNOWN
GGLOC-01661,Overland Park,,Johnson County,UNKNOWN
GGLOC-01662,Valley View,,Cuyahoga County,UNKNOWN
GGLOC-01663,Claremont,,Los Angeles County,UNKNOWN
GGLOC-01664,Hamilton,,Madison County,UNKNOWN
GGLOC-01665,Saint Johns,,St. Johns County,UNKNOWN
GGLOC-01666,Fultondale,,Jefferson County,UNKNOWN
GGLOC-01667,Mountlake Terrace,,Snohomish County,UNKNOWN
GGLOC-01668,Solon,,Johnson County,UNKNOWN
GGLOC-01669,Universal City,,Los Angeles County,UNKNOWN
GGLOC-01670,Fort Bliss,,El Paso County,UNKNOWN
GGLOC-01671,Sherwood,,Pulaski County,UNKNOWN
GGLOC-01672,Upper Gwynedd,,Montgomery County,UNKNOWN
GGLOC-01673,Agua Fria,,Santa Fe County,UNKNOWN
GGLOC-01674,Willingboro,,Burlington County,UNKNOWN
GGLOC-01675,Bryan,,Brazos County,UNKNOWN
GGLOC-01676,Bryn Mawr,,Delaware County,UNKNOWN
GGLOC-01677,Woodbine,,Whitley County,UNKNOWN
GGLOC-01678,Naperville,,Dupage County,UNKNOWN
GGLOC-01679,Halifax,,West Yorkshire,UNKNOWN
GGLOC-01680,Greenville,,Butler County,UNKNOWN
GGLOC-01681,Lakewood,,Denver,UNKNOWN
GGLOC-01682,Algona,,Kossuth County,UNKNOWN
GGLOC-01683,Belmont,,Belmont County,UNKNOWN
GGLOC-01684,Draper,,Salt Lake County,UNKNOWN
GGLOC-01685,Lafayette Square,,Orleans Parish,UNKNOWN
GGLOC-01686,Council Bluffs,,Pottawattamie County,UNKNOWN
GGLOC-01687,Spring Valley,,Clark County,UNKNOWN
GGLOC-01688,Pullman,,Whitman County,UNKNOWN
GGLOC-01689,Bloomfield,,Davis County,UNKNOWN
GGLOC-01690,Coraopolis,,Allegheny County,UNKNOWN
GGLOC-01691,Charlottesville,,Hancock County,UNKNOWN
GGLOC-01692,Fenham,,Newcastle Upon Tyne,UNKNOWN
GGLOC-01693,South Bend,,St. Joseph County,UNKNOWN
GGLOC-01694,Hermiston,,Umatilla County,UNKNOWN
GGLOC-01695,Veradale,,Spokane County,UNKNOWN
GGLOC-01696,Ridgewood,,Bergen County,UNKNOWN
GGLOC-01697,Albany,,Albany County,UNKNOWN
GGLOC-01698,Show Low,,Navajo County,UNKNOWN
GGLOC-01699,Mountain Center,,Riverside County,UNKNOWN
GGLOC-01700,Ventonleague,,Hayle,UNKNOWN
GGLOC-01701,North Miami,,Miami-Dade County,UNKNOWN
GGLOC-01702,Ben Claire,,Minnehaha County,UNKNOWN
GGLOC-01703,Fairlawn,,Bergen County,UNKNOWN
GGLOC-01704,Saluda,,Saluda County,UNKNOWN
GGLOC-01705,Muncie,,Delaware County,UNKNOWN
GGLOC-01706,Madison,,Morris County,UNKNOWN
GGLOC-01707,Wall Street,,Manhattan,UNKNOWN
GGLOC-01708,Grimsby,,North East Lincolnshire,UNKNOWN
GGLOC-01709,Upper Montclair,,Essex County,UNKNOWN
GGLOC-01710,Granby,,Hartford County,UNKNOWN
GGLOC-01711,Quivira,,Johnson County,UNKNOWN
GGLOC-01712,Saginaw,,Saginaw County,UNKNOWN
GGLOC-01713,Great Barr,,Birmingham,UNKNOWN
GGLOC-01714,Woodstock,,Windsor County,UNKNOWN
GGLOC-01715,Oakland,,Oakland County,UNKNOWN
GGLOC-01716,Saugus,,Essex County,UNKNOWN
GGLOC-01717,East Camden,,Camden County,UNKNOWN
GGLOC-01718,Whitehall,,Lehigh County,UNKNOWN
GGLOC-01719,Charlotte,,Chittenden County,UNKNOWN
GGLOC-01720,Ewell,,Epsom,UNKNOWN
GGLOC-01721,East Branch,,Delaware County,UNKNOWN
GGLOC-01722,Greeneville,,Greene County,UNKNOWN
GGLOC-01723,Gatesville,,Coryell County,UNKNOWN
GGLOC-01724,Cherry Grove,,Fillmore County,UNKNOWN
GGLOC-01725,Antlers Park,,Dakota County,UNKNOWN
GGLOC-01726,Plant City,,Hillsborough County,UNKNOWN
GGLOC-01727,Mongmong,,Mongmong-Toto-Maite,UNKNOWN
GGLOC-01728,Eagle Rock,,Bonneville County,UNKNOWN
GGLOC-01729,Sublette,,Haskell County,UNKNOWN
GGLOC-01730,Florin,,Sacramento County,UNKNOWN
GGLOC-01731,Raleigh,,Wake County,UNKNOWN
GGLOC-01732,9 Mile Point,,Jefferson Parish,UNKNOWN
GGLOC-01733,Lynnwood,,Snohomish County,UNKNOWN
GGLOC-01734,New Cassel,,Nassau County,UNKNOWN
GGLOC-01735,Fredericksburg City,,Virginia,UNKNOWN
GGLOC-01736,Gilbert,,Maricopa County,UNKNOWN
GGLOC-01737,Purchase,,Westchester County,UNKNOWN
GGLOC-01738,Richland,,Pasco County,UNKNOWN
GGLOC-01739,Smithboro,,Tioga County,UNKNOWN
GGLOC-01740,Baldwin,,Nassau County,UNKNOWN
GGLOC-01741,San Augustine,,San Augustine County,UNKNOWN
GGLOC-01742,Porkellis,,Helston,UNKNOWN
GGLOC-01743,Lansdale,,Montgomery County,UNKNOWN
GGLOC-01744,West Allis,,Milwaukee County,UNKNOWN
GGLOC-01745,East Sandwich,,Barnstable County,UNKNOWN
GGLOC-01746,Sammamish,,King County,UNKNOWN
GGLOC-01747,Osseo,,Hennepin County,UNKNOWN
GGLOC-01748,Pinola,,Cumberland County,UNKNOWN
GGLOC-01749,Mill Creek,,Snohomish County,UNKNOWN
GGLOC-01750,Ysleta Del Sur Pueblo,,El Paso County,UNKNOWN
GGLOC-01751,Hanover,,Rock County,UNKNOWN
GGLOC-01752,Spring Valley,,San Diego County,UNKNOWN
GGLOC-01753,Riverlea,,Franklin County,UNKNOWN
GGLOC-01754,Daphne,,Baldwin County,UNKNOWN
GGLOC-01755,Mesa,,Maricopa County,UNKNOWN
GGLOC-01756,Whittier,,Los Angeles County,UNKNOWN
GGLOC-01757,Hockley Mine,,Harris County,UNKNOWN
GGLOC-01758,Davis Junction,,Ogle County,UNKNOWN
GGLOC-01759,College Station,,Pulaski County,UNKNOWN
GGLOC-01760,Vivian,,Caddo Parish,UNKNOWN
GGLOC-01761,North College Hill,,Hamilton County,UNKNOWN
GGLOC-01762,King Of Prussia,,Montgomery County,UNKNOWN
GGLOC-01763,Brandon,,Rankin County,UNKNOWN
GGLOC-01764,Muncy Valley,,Sullivan County,UNKNOWN
GGLOC-01765,Grayson,,Gwinnett County,UNKNOWN
GGLOC-01766,Lamar Park,,Forrest County,UNKNOWN
GGLOC-01767,Highland,,Oakland County,UNKNOWN
GGLOC-01768,Green Acres,,Palm Beach County,UNKNOWN
GGLOC-01769,Saint George,,Knox County,UNKNOWN
GGLOC-01770,Del Rey Oaks,,Monterey County,UNKNOWN
GGLOC-01771,Carolina Forest,,Horry County,UNKNOWN
GGLOC-01772,Columbus,,Muscogee County,UNKNOWN
GGLOC-01773,Meadowdale,,Kitsap County,UNKNOWN
GGLOC-01774,Dakota Ridge,,Jefferson County,UNKNOWN
GGLOC-01775,West Milwaukee,,Milwaukee County,UNKNOWN
GGLOC-01776,Castalia,,Erie County,UNKNOWN
GGLOC-01777,Pioneer,,Williams County,UNKNOWN
GGLOC-01778,Belgrave,,Leicester,UNKNOWN
GGLOC-01779,Lakeville Estates,,Nassau County,UNKNOWN
GGLOC-01780,Novato,,Marin County,UNKNOWN
GGLOC-01781,Keokuk,,Lee County,UNKNOWN
GGLOC-01782,Strathmoor Manor,,Jefferson County,UNKNOWN
GGLOC-01783,Newbury,,Essex County,UNKNOWN
GGLOC-01784,Tysons,,Fairfax County,UNKNOWN
GGLOC-01785,Fort Detrick,,Frederick County,UNKNOWN
GGLOC-01786,Ralston,,Douglas County,UNKNOWN
GGLOC-01787,Gig Harbor,,Pierce County,UNKNOWN
GGLOC-01788,Purmela,,Coryell County,UNKNOWN
GGLOC-01789,Schley,,Gloucester County,UNKNOWN
GGLOC-01790,Greenville,,Pitt County,UNKNOWN
GGLOC-01791,Shawnee,,Johnson County,UNKNOWN
GGLOC-01792,Underhill,,Chittenden County,UNKNOWN
GGLOC-01793,Peaks Island,,Cumberland County,UNKNOWN
GGLOC-01794,Bosqueville,,Mclennan County,UNKNOWN
GGLOC-01795,Monroe,,Snohomish County,UNKNOWN
GGLOC-01796,Evansville,,Rock County,UNKNOWN
GGLOC-01797,Medford,,Jackson County,UNKNOWN
GGLOC-01798,Wisconsin,,Us,UNKNOWN
GGLOC-01799,Sistersville,,Tyler County,UNKNOWN
GGLOC-01800,Manchester,,Greater Manchester,UNKNOWN
GGLOC-01801,Youngstown,,Bay County,UNKNOWN
GGLOC-01802,Woodbridge,,New Haven County,UNKNOWN
GGLOC-01803,Houston Acres,,Jefferson County,UNKNOWN
GGLOC-01804,Louisville,,Boulder County,UNKNOWN
GGLOC-01805,Hartland,,Livingston County,UNKNOWN
GGLOC-01806,Mansfield,,Nottinghamshire,UNKNOWN
GGLOC-01807,Laramie,,Albany County,UNKNOWN
GGLOC-01808,Marinette,,Marinette County,UNKNOWN
GGLOC-01809,Orangeville,,Columbia County,UNKNOWN
GGLOC-01810,City Ranch,,Los Angeles County,UNKNOWN
GGLOC-01811,White Plains,,Charles County,UNKNOWN
GGLOC-01812,Yorkshire And The Humber,,Uk,UNKNOWN
GGLOC-01813,Maindy,,Cardiff,UNKNOWN
GGLOC-01814,Happy Valley,,Clackamas County,UNKNOWN
GGLOC-01815,Tuckahoe,,Henrico County,UNKNOWN
GGLOC-01816,Lake Jackson,,Brazoria County,UNKNOWN
GGLOC-01817,Mount Upton,,Chenango County,UNKNOWN
GGLOC-01818,Fife,,Pierce County,UNKNOWN
GGLOC-01819,Selma,,Dallas County,UNKNOWN
GGLOC-01820,Lake Charles,,Calcasieu Parish,UNKNOWN
GGLOC-01821,Great Bend,,Susquehanna County,UNKNOWN
GGLOC-01822,Soldotna,,Kenai Peninsula,UNKNOWN
GGLOC-01823,South River,,Marion County,UNKNOWN
GGLOC-01824,Fitchburg,,Dane County,UNKNOWN
GGLOC-01825,Bernardsville,,Somerset County,UNKNOWN
GGLOC-01826,Biloxi,,Harrison County,UNKNOWN
GGLOC-01827,Fort Wayne,,Allen County,UNKNOWN
GGLOC-01828,Basking Ridge,,Somerset County,UNKNOWN
GGLOC-01829,Maidenhead,,Windsor & Maidenhead,UNKNOWN
GGLOC-01830,Mechanicsburg,,Cumberland County,UNKNOWN
GGLOC-01831,Mount Vernon,,Knox County,UNKNOWN
GGLOC-01832,Princeton Junction,,Mercer County,UNKNOWN
GGLOC-01833,Easton,,Fairfield County,UNKNOWN
GGLOC-01834,Clyde,,Contra Costa County,UNKNOWN
GGLOC-01835,Durham,,Durham County,UNKNOWN
GGLOC-01836,Calumet Heights,,Chicago,UNKNOWN
GGLOC-01837,Sauget,,Saint Clair County,UNKNOWN
GGLOC-01838,Arlington,,Tarrant County,UNKNOWN
GGLOC-01839,Illinois Medical District,,Chicago,UNKNOWN
GGLOC-01840,West Burlington,,Des Moines County,UNKNOWN
GGLOC-01841,Shorewood Hills,,Dane County,UNKNOWN
GGLOC-01842,Prathersville,,Boone County,UNKNOWN
GGLOC-01843,Gorham,,Cumberland County,UNKNOWN
GGLOC-01844,Canyon Country,,Los Angeles County,UNKNOWN
GGLOC-01845,Parma Heights,,Cuyahoga County,UNKNOWN
GGLOC-01846,Poughkeepsie,,Dutchess County,UNKNOWN
GGLOC-01847,Atlantic Beach,,Duval County,UNKNOWN
GGLOC-01848,Westland,,Wayne County,UNKNOWN
GGLOC-01849,Salford,,Greater Manchester,UNKNOWN
GGLOC-01850,West Chester,,Butler County,UNKNOWN
GGLOC-01851,Sunland,,Los Angeles County,UNKNOWN
GGLOC-01852,Lakin,,Kearny County,UNKNOWN
GGLOC-01853,Barrington,,Los Angeles County,UNKNOWN
GGLOC-01854,Noble,,Cleveland County,UNKNOWN
GGLOC-01855,Cheshire,,North West England,UNKNOWN
GGLOC-01856,Coventry,,West Midlands,UNKNOWN
GGLOC-01857,Winter Park,,Orange County,UNKNOWN
GGLOC-01858,Guildford,,Surrey,UNKNOWN
GGLOC-01859,North,,Essex County,UNKNOWN
GGLOC-01860,Salmon Creek,,Clark County,UNKNOWN
GGLOC-01861,East Arlington,,Middlesex County,UNKNOWN
GGLOC-01862,Fremont,,Sandusky County,UNKNOWN
GGLOC-01863,Harbison,,Lexington County,UNKNOWN
GGLOC-01864,Liberty,,Clay County,UNKNOWN
GGLOC-01865,Center Grove,,Dubuque County,UNKNOWN
GGLOC-01866,Lemay,,Saint Louis County,UNKNOWN
GGLOC-01867,Hulme,,Manchester,UNKNOWN
GGLOC-01868,West Yorkshire,,Yorkshire And The Humber,UNKNOWN
GGLOC-01869,Peachtree Corners,,Gwinnett County,UNKNOWN
GGLOC-01870,Barstow,,San Bernardino County,UNKNOWN
GGLOC-01871,Gulfport,,Pinellas County,UNKNOWN
GGLOC-01872,Hawley,,Wayne County,UNKNOWN
GGLOC-01873,Snellville,,Gwinnett County,UNKNOWN
GGLOC-01874,Newton Heath,,Manchester,UNKNOWN
GGLOC-01875,Mullica Hill,,Gloucester County,UNKNOWN
GGLOC-01876,Shaker Heights,,Cuyahoga County,UNKNOWN
GGLOC-01877,Harrison,,Westchester County,UNKNOWN
GGLOC-01878,Wilmington,,Clinton County,UNKNOWN
GGLOC-01879,Sparta,,Sussex County,UNKNOWN
GGLOC-01880,Largo,,Pinellas County,UNKNOWN
GGLOC-01881,Ranchos De Taos,,Taos County,UNKNOWN
GGLOC-01882,Oakdale,,Stanislaus County,UNKNOWN
GGLOC-01883,North Randall,,Cuyahoga County,UNKNOWN
GGLOC-01884,Richfield,,Hennepin County,UNKNOWN
GGLOC-01885,Ross,,Audubon County,UNKNOWN
GGLOC-01886,Eastmoor,,Wakefield,UNKNOWN
GGLOC-01887,Flowes Store,,Cabarrus County,UNKNOWN
GGLOC-01888,State College,,Centre County,UNKNOWN
GGLOC-01889,Prairieville,,Ascension Parish,UNKNOWN
GGLOC-01890,Fort Hood,,Bell County,UNKNOWN
GGLOC-01891,De Pere,,Brown County,UNKNOWN
GGLOC-01892,Shawnee,,Gallatin County,UNKNOWN
GGLOC-01893,Dayton,,Montgomery County,UNKNOWN
GGLOC-01894,Franklin,,Simpson County,UNKNOWN
GGLOC-01895,Florence,,Burlington County,UNKNOWN
GGLOC-01896,Lakeville,,Sonoma County,UNKNOWN
GGLOC-01897,Brooklyn Park,,Hennepin County,UNKNOWN
GGLOC-01898,Lafayette Parish,,Louisiana,UNKNOWN
GGLOC-01899,Dearborn,,Wayne County,UNKNOWN
GGLOC-01900,Unadilla,,Otsego County,UNKNOWN
GGLOC-01901,Methuen,,Essex County,UNKNOWN
GGLOC-01902,Hootenville,,Saint Tammany Parish,UNKNOWN
GGLOC-01903,Westwood Hills,,Johnson County,UNKNOWN
GGLOC-01904,Harrison,,Boone County,UNKNOWN
GGLOC-01905,Nebraska,,Us,UNKNOWN
GGLOC-01906,Tigard,,Washington County,UNKNOWN
GGLOC-01907,Cochecton Center,,Sullivan County,UNKNOWN
GGLOC-01908,New Milford,,Susquehanna County,UNKNOWN
GGLOC-01909,Ashland,,Saunders County,UNKNOWN
GGLOC-01910,Easton,,Talbot County,UNKNOWN
GGLOC-01911,Corby,,Northamptonshire,UNKNOWN
GGLOC-01912,Crownsville,,Anne Arundel County,UNKNOWN
GGLOC-01913,Oakley,,Contra Costa County,UNKNOWN
GGLOC-01914,Fenton,,Kossuth County,UNKNOWN
GGLOC-01915,Lansingburg,,Rensselaer County,UNKNOWN
GGLOC-01916,Beaver Creek,,Greene County,UNKNOWN
GGLOC-01917,Yosemite,,Mariposa County,UNKNOWN
GGLOC-01918,Olivia,,Harnett County,UNKNOWN
GGLOC-01919,Winooski,,Chittenden County,UNKNOWN
GGLOC-01920,Chester,,Cheshire,UNKNOWN
GGLOC-01921,Mamaroneck,,Westchester County,UNKNOWN
GGLOC-01922,Pinehurst,,Snohomish County,UNKNOWN
GGLOC-01923,Tacoma,,Pierce County,UNKNOWN
GGLOC-01924,Conway,,Faulkner County,UNKNOWN
GGLOC-01925,Redmond,,King County,UNKNOWN
GGLOC-01926,Langley Air Force Base,,Hampton,UNKNOWN
GGLOC-01927,Oakland,,Alameda County,UNKNOWN
GGLOC-01928,Ashford,,Kent,UNKNOWN
GGLOC-01929,Clarksburg,,Berkshire County,UNKNOWN
GGLOC-01930,Fort Douglas,,Salt Lake County,UNKNOWN
GGLOC-01931,Hendersonville,,Sumner County,UNKNOWN
GGLOC-01932,Vero Beach,,Indian River County,UNKNOWN
GGLOC-01933,Starkville,,Oktibbeha County,UNKNOWN
GGLOC-01934,Louisville,,Blount County,UNKNOWN
GGLOC-01935,Grawn,,Grand Traverse County,UNKNOWN
GGLOC-01936,Powell,,Dekalb County,UNKNOWN
GGLOC-01937,Longbridge,,Warwick,UNKNOWN
GGLOC-01938,Vallejo,,Solano County,UNKNOWN
GGLOC-01939,Remington,,Jasper County,UNKNOWN
GGLOC-01940,Robinson,,Mclennan County,UNKNOWN
GGLOC-01941,Cupertino,,Santa Clara County,UNKNOWN
GGLOC-01942,Millburn,,Essex County,UNKNOWN
GGLOC-01943,Seal Beach,,Orange County,UNKNOWN
GGLOC-01944,Leyland,,Lancashire,UNKNOWN
GGLOC-01945,Franklin,,Norfolk County,UNKNOWN
GGLOC-01946,Kensington,,Chicago,UNKNOWN
GGLOC-01947,Gillette,,Campbell County,UNKNOWN
GGLOC-01948,White Lake,,Sullivan County,UNKNOWN
GGLOC-01949,Us,,,UNKNOWN
GGLOC-01950,High Bridge And Morrisania,,Bronx,UNKNOWN
GGLOC-01951,Riverside,,Riverside County,UNKNOWN
GGLOC-01952,Wilbur Park,,Saint Louis County,UNKNOWN
GGLOC-01953,Bel Ridge,,Saint Louis County,UNKNOWN
GGLOC-01954,Nevada,,Story County,UNKNOWN
GGLOC-01955,Tallahassee,,Leon County,UNKNOWN
GGLOC-01956,Colorado Springs,,El Paso County,UNKNOWN
GGLOC-01957,Grapevine,,Tarrant County,UNKNOWN
GGLOC-01958,Rensselaer,,Jasper County,UNKNOWN
GGLOC-01959,Middlewich,,Cheshire,UNKNOWN
GGLOC-01960,Rossmoyne,,Hamilton County,UNKNOWN
GGLOC-01961,Oldbrook,,Milton Keynes,UNKNOWN
GGLOC-01962,Hockley,,Harris County,UNKNOWN
GGLOC-01963,Marble Cliff,,Franklin County,UNKNOWN
GGLOC-01964,Sydenham,,Leamington Spa,UNKNOWN
GGLOC-01965,Hillsboro,,Washington County,UNKNOWN
GGLOC-01966,Oronoco,,Olmsted County,UNKNOWN
GGLOC-01967,Manteca,,San Joaquin County,UNKNOWN
GGLOC-01968,Mc Lean,,Fairfax County,UNKNOWN
GGLOC-01969,Terre Haute,,Vigo County,UNKNOWN
GGLOC-01970,West Point,,Cullman County,UNKNOWN
GGLOC-01971,Swansea,,Wales,UNKNOWN
GGLOC-01972,Chorley,,Lancashire,UNKNOWN
GGLOC-01973,Bondurant,,Polk County,UNKNOWN
GGLOC-01974,Pocahontas,,Pocahontas County,UNKNOWN
GGLOC-01975,Talleyville,,New Castle County,UNKNOWN
GGLOC-01976,Calistoga,,Napa County,UNKNOWN
GGLOC-01977,Grandville,,Kent County,UNKNOWN
GGLOC-01978,Hyde Park,,Leeds,UNKNOWN
GGLOC-01979,New Rochelle,,Westchester County,UNKNOWN
GGLOC-01980,Deerfield,,Dane County,UNKNOWN
GGLOC-01981,Etiwanda,,San Bernardino County,UNKNOWN
GGLOC-01982,Ridgewood,,Queens,UNKNOWN
GGLOC-01983,Petersburg City,,Virginia,UNKNOWN
GGLOC-01984,Ripon,,Fond Du Lac County,UNKNOWN
GGLOC-01985,Knowlhill,,Milton Keynes,UNKNOWN
GGLOC-01986,Makakilo,,Honolulu,UNKNOWN
GGLOC-01987,Hollywood,,Broward County,UNKNOWN
GGLOC-01988,Brigham City,,Box Elder County,UNKNOWN
GGLOC-01989,Summerville,,Dorchester County,UNKNOWN
GGLOC-01990,Green Springs,,York County,UNKNOWN
GGLOC-01991,Wherstead,,Ipswich,UNKNOWN
GGLOC-01992,Libertyville,,Covington County,UNKNOWN
GGLOC-01993,Berwyn,,Chester County,UNKNOWN
GGLOC-01994,Chelsea,,Shelby County,UNKNOWN
GGLOC-01995,Dexter,,Stoddard County,UNKNOWN
GGLOC-01996,Elkhart,,Elkhart County,UNKNOWN
GGLOC-01997,Sterling Heights,,Macomb County,UNKNOWN
GGLOC-01998,Rancho Santa Margarita,,Orange County,UNKNOWN
GGLOC-01999,Horseneck Beach,,Bristol County,UNKNOWN
GGLOC-02000,Schorsch Village,,Chicago,UNKNOWN
GGLOC-02001,Nether Poppleton,,York,UNKNOWN
GGLOC-02002,Old Orchard Beach,,York County,UNKNOWN
GGLOC-02003,Watervliet,,Albany County,UNKNOWN
GGLOC-02004,County Antrim,,Northern Ireland,UNKNOWN
GGLOC-02005,Schley,,Howard County,UNKNOWN
GGLOC-02006,Derby,,New Haven County,UNKNOWN
GGLOC-02007,Kapolei,,Honolulu,UNKNOWN
GGLOC-02008,Decatur Island,,Skagit County,UNKNOWN
GGLOC-02009,Telford,,Shropshire,UNKNOWN
GGLOC-02010,Lilburn,,Gwinnett County,UNKNOWN
GGLOC-02011,Walham,,Gloucester,UNKNOWN
GGLOC-02012,Clearwater,,Pinellas County,UNKNOWN
GGLOC-02013,Swindon,,Wiltshire,UNKNOWN
GGLOC-02014,Turner,,Marion County,UNKNOWN
GGLOC-02015,Louisburg,,Franklin County,UNKNOWN
GGLOC-02016,Summit,,Union County,UNKNOWN
GGLOC-02017,Nas North Island,,San Diego County,UNKNOWN
GGLOC-02018,Archer Heights,,Chicago,UNKNOWN
GGLOC-02019,Glenville,,Fairfield County,UNKNOWN
GGLOC-02020,Los Angeles,,Los Angeles County,UNKNOWN
GGLOC-02021,Aiea,,Honolulu,UNKNOWN
GGLOC-02022,Garden,,Finney County,UNKNOWN
GGLOC-02023,Scotia,,Schenectady County,UNKNOWN
GGLOC-02024,Laurel,,Prince George'S County,UNKNOWN
GGLOC-02025,Arlington Heights,,Cook County,UNKNOWN
GGLOC-02026,Bentley Springs,,Baltimore County,UNKNOWN
GGLOC-02027,Savage,,Anne Arundel County,UNKNOWN
GGLOC-02028,Unionville Center,,Union County,UNKNOWN
GGLOC-02029,West Pottergate,,Norwich,UNKNOWN
GGLOC-02030,Converse,,Bexar County,UNKNOWN
GGLOC-02031,Cedar,,Cole County,UNKNOWN
GGLOC-02032,Cambridge,,Henry County,UNKNOWN
GGLOC-02033,Aventura,,Miami-Dade County,UNKNOWN
GGLOC-02034,Charlotte,,Clinton County,UNKNOWN
GGLOC-02035,Berry Hill,,Davidson County,UNKNOWN
GGLOC-02036,West Palm Beach,,Palm Beach County,UNKNOWN
GGLOC-02037,Clawson,,Oakland County,UNKNOWN
GGLOC-02038,Clyde Hill,,King County,UNKNOWN
GGLOC-02039,Fayetteville,,Washington County,UNKNOWN
GGLOC-02040,Steubenville,,Jefferson County,UNKNOWN
GGLOC-02041,Goodhope,,Cumberland County,UNKNOWN
GGLOC-02042,Pleasant Prairie,,Kenosha County,UNKNOWN
GGLOC-02043,Garner,,Hancock County,UNKNOWN
GGLOC-02044,Atlantic Beach,,Carteret County,UNKNOWN
GGLOC-02045,Statesville,,Iredell County,UNKNOWN
GGLOC-02046,Harker Heights,,Bell County,UNKNOWN
GGLOC-02047,Plano,,Kendall County,UNKNOWN
GGLOC-02048,West Mclean,,Fairfax County,UNKNOWN
GGLOC-02049,Aiken,,Aiken County,UNKNOWN
GGLOC-02050,Farnborough,,Hampshire,UNKNOWN
GGLOC-02051,Mckinney,,Collin County,UNKNOWN
GGLOC-02052,Medford,,Taylor County,UNKNOWN
GGLOC-02053,Midvale,,Salt Lake County,UNKNOWN
GGLOC-02054,Rapid City,,Kalkaska County,UNKNOWN
GGLOC-02055,Grand Blanc,,Genesee County,UNKNOWN
GGLOC-02056,Greencastle,,Putnam County,UNKNOWN
GGLOC-02057,Columbus,,Franklin County,UNKNOWN
GGLOC-02058,Foster,,Bracken County,UNKNOWN
GGLOC-02059,Atherton,,San Mateo County,UNKNOWN
GGLOC-02060,Andover,,Tolland County,UNKNOWN
GGLOC-02061,Hutto,,Williamson County,UNKNOWN
GGLOC-02062,Richland,,Benton County,UNKNOWN
GGLOC-02063,Newtonville,,Albany County,UNKNOWN
GGLOC-02064,Borehamwood,,Hertfordshire,UNKNOWN
GGLOC-02065,Bradley Fold,,Bolton,UNKNOWN
GGLOC-02066,Arlington,,Bennington County,UNKNOWN
GGLOC-02067,Cameron,,Cameron Parish,UNKNOWN
GGLOC-02068,Aliquippa,,Beaver County,UNKNOWN
GGLOC-02069,Park,,Sedgwick County,UNKNOWN
GGLOC-02070,Borough Hall,,Queens,UNKNOWN
GGLOC-02071,Bradley,,Kankakee County,UNKNOWN
GGLOC-02072,North Houston,,Harris County,UNKNOWN
GGLOC-02073,Shark River Hills,,Monmouth County,UNKNOWN
GGLOC-02074,Elyria,,Lorain County,UNKNOWN
GGLOC-02075,Yarmouth,,Cumberland County,UNKNOWN
GGLOC-02076,Weir,,Williamson County,UNKNOWN
GGLOC-02077,Rocklin,,Placer County,UNKNOWN
GGLOC-02078,North Ridgeville,,Lorain County,UNKNOWN
GGLOC-02079,Starrville,,Smith County,UNKNOWN
GGLOC-02080,Chickamauga,,Hamilton County,UNKNOWN
GGLOC-02081,West Slope,,Washington County,UNKNOWN
GGLOC-02082,Thorney,,Peterborough,UNKNOWN
GGLOC-02083,Bellerive,,Saint Louis County,UNKNOWN
GGLOC-02084,Post Falls,,Kootenai County,UNKNOWN
GGLOC-02085,West Union,,Fayette County,UNKNOWN
GGLOC-02086,Oldbury,,West Midlands,UNKNOWN
GGLOC-02087,Jbphh,,Honolulu,UNKNOWN
GGLOC-02088,Newark,,New Castle County,UNKNOWN
GGLOC-02089,Avon,,Houston County,UNKNOWN
GGLOC-02090,Palermo,,Kennebec County,UNKNOWN
GGLOC-02091,Hyde Lea,,Stafford,UNKNOWN
GGLOC-02092,Loehmanns Plaza,,Monroe County,UNKNOWN
GGLOC-02093,Brainerd,,Crow Wing County,UNKNOWN
GGLOC-02094,Perry,,Dallas County,UNKNOWN
GGLOC-02095,Vernon,,Waukesha County,UNKNOWN
GGLOC-02096,Conshohocken,,Montgomery County,UNKNOWN
GGLOC-02097,Times Square,,King County,UNKNOWN
GGLOC-02098,Millwood,,Spokane County,UNKNOWN
GGLOC-02099,Bushey,,Hertfordshire,UNKNOWN
GGLOC-02100,East Haven,,New Haven County,UNKNOWN
GGLOC-02101,York,,North Yorkshire,UNKNOWN
GGLOC-02102,Golden,,Jefferson County,UNKNOWN
GGLOC-02103,Whitby,,Ellesmere Port,UNKNOWN
GGLOC-02104,South Waverly,,Bradford County,UNKNOWN
GGLOC-02105,Gardner,,Johnson County,UNKNOWN
GGLOC-02106,Kennydale,,King County,UNKNOWN
GGLOC-02107,Uptown,,Hudson County,UNKNOWN
GGLOC-02108,Santa Cruz,,Santa Cruz County,UNKNOWN
GGLOC-02109,Yulan,,Sullivan County,UNKNOWN
GGLOC-02110,Capitol,,Richmond,UNKNOWN
GGLOC-02111,Dalton,,Whitfield County,UNKNOWN
GGLOC-02112,Chenango Bridge,,Broome County,UNKNOWN
GGLOC-02113,Hazelwood,,Loddiswell,UNKNOWN
GGLOC-02114,Springfield,,Windsor County,UNKNOWN
GGLOC-02115,Triana,,Madison County,UNKNOWN
GGLOC-02116,Chapel Hill,,Orange County,UNKNOWN
GGLOC-02117,Saint Croix Falls,,Polk County,UNKNOWN
GGLOC-02118,Novelty,,Geauga County,UNKNOWN
GGLOC-02119,Galena,,Jo Daviess County,UNKNOWN
GGLOC-02120,Derbyshire,,East Midlands,UNKNOWN
GGLOC-02121,Cottage Lake,,King County,UNKNOWN
GGLOC-02122,Louisa,,Lawrence County,UNKNOWN
GGLOC-02123,Lathrup Village,,Oakland County,UNKNOWN
GGLOC-02124,San Luis Obispo,,San Luis Obispo County,UNKNOWN
GGLOC-02125,Manchester,,Hartford County,UNKNOWN
GGLOC-02126,Irondale,,Adams County,UNKNOWN
GGLOC-02127,San Carlos,,San Mateo County,UNKNOWN
GGLOC-02128,District,,Berks County,UNKNOWN
GGLOC-02129,Scottsboro,,Jackson County,UNKNOWN
GGLOC-02130,Fountain Valley,,Orange County,UNKNOWN
GGLOC-02131,Linworth,,Franklin County,UNKNOWN
GGLOC-02132,Saint Petersburg,,Pinellas County,UNKNOWN
GGLOC-02133,Ahtanum,,Yakima County,UNKNOWN
GGLOC-02134,Harlow Wood,,Mansfield,UNKNOWN
GGLOC-02135,Triangle,,Prince William County,UNKNOWN
GGLOC-02136,Apopka,,Orange County,UNKNOWN
GGLOC-02137,Grand Prairie,,Jersey County,UNKNOWN
GGLOC-02138,Springfield,,Hampden County,UNKNOWN
GGLOC-02139,Youree,,Caddo Parish,UNKNOWN
GGLOC-02140,Thornhill Lees,,Dewsbury,UNKNOWN
GGLOC-02141,Webster Groves,,Saint Louis County,UNKNOWN
GGLOC-02142,Parker,,Douglas County,UNKNOWN
GGLOC-02143,Belleville,,Dane County,UNKNOWN
GGLOC-02144,Cordova,,Valdez-Cordova,UNKNOWN
GGLOC-02145,Redstone Arsenal,,Madison County,UNKNOWN
GGLOC-02146,Maple Grove,,Trigg County,UNKNOWN
GGLOC-02147,Missoula,,Missoula County,UNKNOWN
GGLOC-02148,West Seattle,,King County,UNKNOWN
GGLOC-02149,East Maine,,Broome County,UNKNOWN
GGLOC-02150,Hillcrest,,Ogle County,UNKNOWN
GGLOC-02151,Ashton-In-Makerfield,,Wigan,UNKNOWN
GGLOC-02152,Helotes,,Bexar County,UNKNOWN
GGLOC-02153,Brockton,,Plymouth County,UNKNOWN
GGLOC-02154,Lisbon,,Androscoggin County,UNKNOWN
GGLOC-02155,Atoka,,Tipton County,UNKNOWN
GGLOC-02156,Digswell,,Welwyn,UNKNOWN
GGLOC-02157,Tupelo,,Lee County,UNKNOWN
GGLOC-02158,Satsuma,,Harris County,UNKNOWN
GGLOC-02159,Paducah,,Mccracken County,UNKNOWN
GGLOC-02160,Lake Mills,,Jefferson County,UNKNOWN
GGLOC-02161,Painted Post,,Steuben County,UNKNOWN
GGLOC-02162,Amberley,,Hamilton County,UNKNOWN
GGLOC-02163,Hazle Township,,Luzerne County,UNKNOWN
GGLOC-02164,Atlanta,,Fulton County,UNKNOWN
GGLOC-02165,Stanley,,Liverpool,UNKNOWN
GGLOC-02166,Saint Francisville,,West Feliciana Parish,UNKNOWN
GGLOC-02167,Port Charlotte,,Charlotte County,UNKNOWN
GGLOC-02168,Falls Creek,,Jefferson County,UNKNOWN
GGLOC-02169,Cypress Gardens,,Polk County,UNKNOWN
GGLOC-02170,Defiance,,Defiance County,UNKNOWN
GGLOC-02171,Lake City,,Craighead County,UNKNOWN
GGLOC-02172,Gates Mills,,Cuyahoga County,UNKNOWN
GGLOC-02173,Harwood Heights,,Cook County,UNKNOWN
GGLOC-02174,Bushwick And Williamsburg,,Brooklyn,UNKNOWN
GGLOC-02175,Summerville,,Chattooga County,UNKNOWN
GGLOC-02176,Finneytown,,Hamilton County,UNKNOWN
GGLOC-02177,Grantsburg,,Johnson County,UNKNOWN
GGLOC-02178,Edmond,,Oklahoma County,UNKNOWN
GGLOC-02179,Skokie,,Cook County,UNKNOWN
GGLOC-02180,Eastmont,,Snohomish County,UNKNOWN
GGLOC-02181,Groveland,,Lake County,UNKNOWN
GGLOC-02182,Calera,,Shelby County,UNKNOWN
GGLOC-02183,Estero,,Lee County,UNKNOWN
GGLOC-02184,Charlotte Amalie,,Saint Thomas,UNKNOWN
GGLOC-02185,Perrysburg,,Wood County,UNKNOWN
GGLOC-02186,Reigate,,Surrey,UNKNOWN
GGLOC-02187,Saint Helen,,Roscommon County,UNKNOWN
GGLOC-02188,Monroe,,Monroe County,UNKNOWN
GGLOC-02189,Jonesville,,Hillsdale County,UNKNOWN
GGLOC-02190,Kent,,King County,UNKNOWN
GGLOC-02191,Medford,,Middlesex County,UNKNOWN
GGLOC-02192,Oro Valley,,Pima County,UNKNOWN
GGLOC-02193,Orange,,Orange County,UNKNOWN
GGLOC-02194,Syracuse,,Kosciusko County,UNKNOWN
GGLOC-02195,Tongue Point,,Clatsop County,UNKNOWN
GGLOC-02196,Santa Fe,,Santa Fe County,UNKNOWN
GGLOC-02197,Camden,,Benton County,UNKNOWN
GGLOC-02198,Penns Grove,,Salem County,UNKNOWN
GGLOC-02199,Jackson,,Luzerne County,UNKNOWN
GGLOC-02200,North Concord,,Cabarrus County,UNKNOWN
GGLOC-02201,Bolton Valley,,Chittenden County,UNKNOWN
GGLOC-02202,Walton,,Chesterfield,UNKNOWN
GGLOC-02203,Tucker,,Dekalb County,UNKNOWN
GGLOC-02204,Barrett Parkway,,Cobb County,UNKNOWN
GGLOC-02205,Lewistown,,Mifflin County,UNKNOWN
GGLOC-02206,Alamance,,Alamance County,UNKNOWN
GGLOC-02207,Battle Lake,,Otter Tail County,UNKNOWN
GGLOC-02208,Brooklyn Center,,Hennepin County,UNKNOWN
GGLOC-02209,Newtown,,Bucks County,UNKNOWN
GGLOC-02210,Waymart,,Wayne County,UNKNOWN
GGLOC-02211,Clarksville,,Montgomery County,UNKNOWN
GGLOC-02212,Wellsburg,,Chemung County,UNKNOWN
GGLOC-02213,Sandy Plains,,Fulton County,UNKNOWN
GGLOC-02214,Ocean Village,,Southampton,UNKNOWN
GGLOC-02215,Gwynneville,,Shelby County,UNKNOWN
GGLOC-02216,Lebanon,,Lebanon County,UNKNOWN
GGLOC-02217,Francisville,,Boone County,UNKNOWN
GGLOC-02218,Beaverton,,Washington County,UNKNOWN
GGLOC-02219,Fort Thomas,,Campbell County,UNKNOWN
GGLOC-02220,Eugene,,Lane County,UNKNOWN
GGLOC-02221,Candor,,Tioga County,UNKNOWN
GGLOC-02222,Mountville,,Troup County,UNKNOWN
GGLOC-02223,Marion,,Mcdowell County,UNKNOWN
GGLOC-02224,Mineral Wells,,Wood County,UNKNOWN
GGLOC-02225,Villas,,Cape May County,UNKNOWN
GGLOC-02226,Granite Falls,,Caldwell County,UNKNOWN
GGLOC-02227,Enetai,,Kitsap County,UNKNOWN
GGLOC-02228,Kansas,,Wyandotte County,UNKNOWN
GGLOC-02229,Katy,,Harris County,UNKNOWN
GGLOC-02230,Winthrop,,Suffolk County,UNKNOWN
GGLOC-02231,Park Forest,,Cook County,UNKNOWN
GGLOC-02232,Lindale Park,,Houston,UNKNOWN
GGLOC-02233,Warner Robins,,Houston County,UNKNOWN
GGLOC-02234,Reno,,Washoe County,UNKNOWN
GGLOC-02235,Correll Park,,Rowan County,UNKNOWN
GGLOC-02236,Woosehill,,Wokingham,UNKNOWN
GGLOC-02237,Odessa,,Schuyler County,UNKNOWN
GGLOC-02238,Highlandtown,,Baltimore,UNKNOWN
GGLOC-02239,Chino,,San Bernardino County,UNKNOWN
GGLOC-02240,Deer Park,,Washington County,UNKNOWN
GGLOC-02241,Warren,,Warren County,UNKNOWN
GGLOC-02242,Thomaston,,Upson County,UNKNOWN
GGLOC-02243,Thornton,,Adams County,UNKNOWN
GGLOC-02244,Worthington,,Nobles County,UNKNOWN
GGLOC-02245,Eagan,,Dakota County,UNKNOWN
GGLOC-02246,Walnut Ridge,,Lawrence County,UNKNOWN
GGLOC-02247,Tarrytown,,Westchester County,UNKNOWN
GGLOC-02248,Dublin,,Franklin County,UNKNOWN
GGLOC-02249,Cameron,,Milam County,UNKNOWN
GGLOC-02250,Alexandria,,Rapides Parish,UNKNOWN
GGLOC-02251,Charlevoix,,Charlevoix County,UNKNOWN
GGLOC-02252,Webster City,,Hamilton County,UNKNOWN
GGLOC-02253,North Palm Beach,,Palm Beach County,UNKNOWN
GGLOC-02254,Kenosha,,Kenosha County,UNKNOWN
GGLOC-02255,Urbanización El Vedado,,San Juan,UNKNOWN
GGLOC-02256,Americus,,Sumter County,UNKNOWN
GGLOC-02257,Saint Charles,,Charles County,UNKNOWN
GGLOC-02258,Huntingburg,,Dubois County,UNKNOWN
GGLOC-02259,Lytham,,Lytham St. Annes,UNKNOWN
GGLOC-02260,Phoenix,,Maricopa County,UNKNOWN
GGLOC-02261,Fleischmanns,,Delaware County,UNKNOWN
GGLOC-02262,Meadows,,Hudson County,UNKNOWN
GGLOC-02263,Fifth City,,Chicago,UNKNOWN
GGLOC-02264,San Antonio,,Bexar County,UNKNOWN
GGLOC-02265,Avon Lake,,Warren County,UNKNOWN
GGLOC-02266,Belle Haven,,Fairfield County,UNKNOWN
GGLOC-02267,Niagara Falls,,Niagara County,UNKNOWN
GGLOC-02268,Vashon,,King County,UNKNOWN
GGLOC-02269,South Hill,,Pierce County,UNKNOWN
GGLOC-02270,Wenatchee,,Chelan County,UNKNOWN
GGLOC-02271,Frankfort,,Franklin County,UNKNOWN
GGLOC-02272,Chesnee,,Spartanburg County,UNKNOWN
GGLOC-02273,Ocean City,,Cape May County,UNKNOWN
GGLOC-02274,Milton,,Cambridge,UNKNOWN
GGLOC-02275,Moorestown,,Burlington County,UNKNOWN
GGLOC-02276,Sanford,,York County,UNKNOWN
GGLOC-02277,Chesterton,,Cambridge,UNKNOWN
GGLOC-02278,Diamond,,Orange County,UNKNOWN
GGLOC-02279,Conestee,,Greenville County,UNKNOWN
GGLOC-02280,Liverpool,,Merseyside,UNKNOWN
GGLOC-02281,Glasgow,,New Castle County,UNKNOWN
GGLOC-02282,Johns Pass,,Pinellas County,UNKNOWN
GGLOC-02283,Warren,,Trumbull County,UNKNOWN
GGLOC-02284,Edison,,El Paso County,UNKNOWN
GGLOC-02285,Stillwater,,Washington County,UNKNOWN
GGLOC-02286,East Orchard Mesa,,Mesa County,UNKNOWN
GGLOC-02287,Rickmansworth,,Hertfordshire,UNKNOWN
GGLOC-02288,Barton Under Needwood,,Burton-On-Trent,UNKNOWN
GGLOC-02289,Bexley,,Franklin County,UNKNOWN
GGLOC-02290,La Jolla,,San Diego County,UNKNOWN
GGLOC-02291,Papillion,,Sarpy County,UNKNOWN
GGLOC-02292,Edgewood,,Orange County,UNKNOWN
GGLOC-02293,Belgrade,,Stearns County,UNKNOWN
GGLOC-02294,Kirkwood,,Alpine County,UNKNOWN
GGLOC-02295,Southfield,,Oakland County,UNKNOWN
GGLOC-02296,Dellwood,,Emanuel County,UNKNOWN
GGLOC-02297,Golden Valley,,Hennepin County,UNKNOWN
GGLOC-02298,Morgan Hill,,Santa Clara County,UNKNOWN
GGLOC-02299,Leamington Spa,,Warwickshire,UNKNOWN
GGLOC-02300,Forest Lake,,Lake County,UNKNOWN
GGLOC-02301,Flint,,Genesee County,UNKNOWN
GGLOC-02302,North Canton,,Stark County,UNKNOWN
GGLOC-02303,Mount Carmel,,New Haven County,UNKNOWN
GGLOC-02304,Naples,,Collier County,UNKNOWN
GGLOC-02305,Leesburg,,Cherokee County,UNKNOWN
GGLOC-02306,Risingsun,,Polk County,UNKNOWN
GGLOC-02307,Wailuku,,Maui,UNKNOWN
GGLOC-02308,Queen Creek,,Maricopa County,UNKNOWN
GGLOC-02309,Pataskala,,Licking County,UNKNOWN
GGLOC-02310,Hiram,,Paulding County,UNKNOWN
GGLOC-02311,Holliston,,Middlesex County,UNKNOWN
GGLOC-02312,Burnley,,Lancashire,UNKNOWN
GGLOC-02313,East Boston,,Suffolk County,UNKNOWN
GGLOC-02314,Alameda,,Bernalillo County,UNKNOWN
GGLOC-02315,Edgefield,,Edgefield County,UNKNOWN
GGLOC-02316,Maple Shade,,Burlington County,UNKNOWN
GGLOC-02317,Pinecraft,,Sarasota County,UNKNOWN
GGLOC-02318,West Springfield,,Fairfax County,UNKNOWN
GGLOC-02319,Cary,,Wake County,UNKNOWN
GGLOC-02320,Saffron Walden,,Essex,UNKNOWN
GGLOC-02321,Onancock,,Accomack County,UNKNOWN
GGLOC-02322,Pemberville,,Wood County,UNKNOWN
GGLOC-02323,Woods Cross,,Davis County,UNKNOWN
GGLOC-02324,Monrovia,,Los Angeles County,UNKNOWN
GGLOC-02325,Plantation,,Broward County,UNKNOWN
GGLOC-02326,Davie,,Broward County,UNKNOWN
GGLOC-02327,Bloomington,,San Bernardino County,UNKNOWN
GGLOC-02328,Lenoxville,,Susquehanna County,UNKNOWN
GGLOC-02329,Elmhurst,,Dupage County,UNKNOWN
GGLOC-02330,Markham,,Cook County,UNKNOWN
GGLOC-02331,Blodgett Mills,,Cortland County,UNKNOWN
GGLOC-02332,Ellsworth,,Ellsworth County,UNKNOWN
GGLOC-02333,Worcester,,Worcestershire,UNKNOWN
GGLOC-02334,Laurel,,Sussex County,UNKNOWN
GGLOC-02335,Glen,,St. Clair County,UNKNOWN
GGLOC-02336,Sun City Center,,Hillsborough County,UNKNOWN
GGLOC-02337,Frontenac,,Crawford County,UNKNOWN
GGLOC-02338,Wolcott,,New Haven County,UNKNOWN
GGLOC-02339,Redings Mill,,Jasper County,UNKNOWN
GGLOC-02340,Sheffield,,South Yorkshire,UNKNOWN
GGLOC-02341,Dahlgren,,King George County,UNKNOWN
GGLOC-02342,Severna Park,,Anne Arundel County,UNKNOWN
GGLOC-02343,Independence,,Buchanan County,UNKNOWN
GGLOC-02344,Santa Paula,,Ventura County,UNKNOWN
GGLOC-02345,Viroqua,,Vernon County,UNKNOWN
GGLOC-02346,Vets Row,,Peoria County,UNKNOWN
GGLOC-02347,Sealy,,Austin County,UNKNOWN
GGLOC-02348,South Portland,,Cumberland County,UNKNOWN
GGLOC-02349,Island Lake,,Kitsap County,UNKNOWN
GGLOC-02350,Casa Blanca,,Riverside County,UNKNOWN
GGLOC-02351,Lexington Park,,St. Mary'S County,UNKNOWN
GGLOC-02352,Arkansas,,Us,UNKNOWN
GGLOC-02353,Ashburn Park,,Cook County,UNKNOWN
GGLOC-02354,Taunton,,Bristol County,UNKNOWN
GGLOC-02355,Hook,,Hampshire,UNKNOWN
GGLOC-02356,Port Huron,,Saint Clair County,UNKNOWN
GGLOC-02357,Prichard,,Mobile County,UNKNOWN
GGLOC-02358,Bluff Park,,Jefferson County,UNKNOWN
GGLOC-02359,White,,Bartow County,UNKNOWN
GGLOC-02360,Bennet,,Lancaster County,UNKNOWN
GGLOC-02361,Gardena,,Los Angeles County,UNKNOWN
GGLOC-02362,Plum Springs,,Warren County,UNKNOWN
GGLOC-02363,Normanton,,Grantham,UNKNOWN
GGLOC-02364,Middlesbrough,,North Yorkshire,UNKNOWN
GGLOC-02365,Creve Coeur,,Saint Louis County,UNKNOWN
GGLOC-02366,Tyrone,,Fayette County,UNKNOWN
GGLOC-02367,Carle Place,,Nassau County,UNKNOWN
GGLOC-02368,Manning,,Carroll County,UNKNOWN
GGLOC-02369,Corona Del Mar,,Orange County,UNKNOWN
GGLOC-02370,Carmel,,Bradley County,UNKNOWN
GGLOC-02371,Vinita Park,,Saint Louis County,UNKNOWN
GGLOC-02372,Owings Mills,,Baltimore County,UNKNOWN
GGLOC-02373,Winterhill,,Milton Keynes,UNKNOWN
GGLOC-02374,Emsworth,,Allegheny County,UNKNOWN
GGLOC-02375,Boyertown,,Berks County,UNKNOWN
GGLOC-02376,Berlin,,Ashley County,UNKNOWN
GGLOC-02377,Stafford Township,,Ocean County,UNKNOWN
GGLOC-02378,Sharonville,,Hamilton County,UNKNOWN
GGLOC-02379,Issaquah,,King County,UNKNOWN
GGLOC-02380,Cross Plains,,Callahan County,UNKNOWN
GGLOC-02381,Baraboo,,Sauk County,UNKNOWN
GGLOC-02382,Tarrytown,,Travis County,UNKNOWN
GGLOC-02383,Dry Sandford,,Abingdon,UNKNOWN
GGLOC-02384,Frisco,,Summit County,UNKNOWN
GGLOC-02385,Rochester,,Fulton County,UNKNOWN
GGLOC-02386,East Grinstead,,West Sussex,UNKNOWN
GGLOC-02387,Indian Rock,,Upshur County,UNKNOWN
GGLOC-02388,Cotoosa,,Rogers County,UNKNOWN
GGLOC-02389,Mount Prospect,,Cook County,UNKNOWN
GGLOC-02390,Linden,,Montgomery County,UNKNOWN
GGLOC-02391,Staples Mill,,Henrico County,UNKNOWN
GGLOC-02392,Harlingen,,Cameron County,UNKNOWN
GGLOC-02393,South Nutfield,,Redhill,UNKNOWN
GGLOC-02394,Shreveport,,Caddo Parish,UNKNOWN
GGLOC-02395,Buffalo Grove,,Lake County,UNKNOWN
GGLOC-02396,Dry Ridge,,Grant County,UNKNOWN
GGLOC-02397,Burlington,,Des Moines County,UNKNOWN
GGLOC-02398,Calumet City,,Cook County,UNKNOWN
GGLOC-02399,Artington,,Guildford,UNKNOWN
GGLOC-02400,West Enola,,Cumberland County,UNKNOWN
GGLOC-02401,Wolf Trap,,Halifax County,UNKNOWN
GGLOC-02402,Silverton,,Marion County,UNKNOWN
GGLOC-02403,Falmouth,,Barnstable County,UNKNOWN
GGLOC-02404,West Berlin,,Camden County,UNKNOWN
GGLOC-02405,Bessemer,,Jefferson County,UNKNOWN
GGLOC-02406,Green Island,,Albany County,UNKNOWN
GGLOC-02407,Stanford,,Santa Clara County,UNKNOWN
GGLOC-02408,Edmundson,,Saint Louis County,UNKNOWN
GGLOC-02409,Arnold,,Calaveras County,UNKNOWN
GGLOC-02410,K-Town,,Chicago,UNKNOWN
GGLOC-02411,Bastrop,,Bastrop County,UNKNOWN
GGLOC-02412,Arlington,,Baltimore,UNKNOWN
GGLOC-02413,Winterhaven,,Imperial County,UNKNOWN
GGLOC-02414,New Gloucester,,Cumberland County,UNKNOWN
GGLOC-02415,Valley,,Douglas County,UNKNOWN
GGLOC-02416,Woodbridge,,Suffolk,UNKNOWN
GGLOC-02417,Laud Lakes,,Broward County,UNKNOWN
GGLOC-02418,West Lawn,,Chicago,UNKNOWN
GGLOC-02419,Sewell,,Gloucester County,UNKNOWN
GGLOC-02420,Huntington Beach,,Orange County,UNKNOWN
GGLOC-02421,Stevenage,,Hertfordshire,UNKNOWN
GGLOC-02422,Bloomville,,Delaware County,UNKNOWN
GGLOC-02423,Mount Laurel,,Burlington County,UNKNOWN
GGLOC-02424,Speedwell,,Jackson County,UNKNOWN
GGLOC-02425,New Baltimore,,Macomb County,UNKNOWN
GGLOC-02426,Westlake,,Cuyahoga County,UNKNOWN
GGLOC-02427,Prosser,,Hall County,UNKNOWN
GGLOC-02428,Bellmead,,Mclennan County,UNKNOWN
GGLOC-02429,Mcadoo,,Schuylkill County,UNKNOWN
GGLOC-02430,Garfield Heights,,Cuyahoga County,UNKNOWN
GGLOC-02431,Canton,,Wayne County,UNKNOWN
GGLOC-02432,Sleepy Hollow,,Westchester County,UNKNOWN
GGLOC-02433,Northwestern,,Natchitoches Parish,UNKNOWN
GGLOC-02434,Commerce,,Los Angeles County,UNKNOWN
GGLOC-02435,Clinton,,Anderson County,UNKNOWN
GGLOC-02436,Marlboro,,Monmouth County,UNKNOWN
GGLOC-02437,Harbor City,,Los Angeles County,UNKNOWN
GGLOC-02438,La Porte City,,Black Hawk County,UNKNOWN
GGLOC-02439,West Trenton,,Mercer County,UNKNOWN
GGLOC-02440,Wellborn,,Brazos County,UNKNOWN
GGLOC-02441,Eaton Park,,Polk County,UNKNOWN
GGLOC-02442,Shelburne,,Chittenden County,UNKNOWN
GGLOC-02443,Balboa,,Orange County,UNKNOWN
GGLOC-02444,Boylston,,Worcester County,UNKNOWN
GGLOC-02445,Rochester,,Monroe County,UNKNOWN
GGLOC-02446,Crown Point,,Lake County,UNKNOWN
GGLOC-02447,Kent,,Portage County,UNKNOWN
GGLOC-02448,Roseville,,Placer County,UNKNOWN
GGLOC-02449,Blackburn,,Lancashire,UNKNOWN
GGLOC-02450,Lebanon,,Wilson County,UNKNOWN
GGLOC-02451,Forest Park,,Clayton County,UNKNOWN
GGLOC-02452,Clermont,,Lake County,UNKNOWN
GGLOC-02453,Salt Lake County,,Utah,UNKNOWN
GGLOC-02454,Hinckley,,Pine County,UNKNOWN
GGLOC-02455,Picayune,,Pearl River County,UNKNOWN
GGLOC-02456,Northwoods,,Dupage County,UNKNOWN
GGLOC-02457,Johnson,,Washington County,UNKNOWN
GGLOC-02458,Batavia,,Kane County,UNKNOWN
GGLOC-02459,Huntsville,,Walker County,UNKNOWN
GGLOC-02460,Minster,,Auglaize County,UNKNOWN
GGLOC-02461,Kenmore,,Erie County,UNKNOWN
GGLOC-02462,Greensboro,,Hale County,UNKNOWN
GGLOC-02463,Highbridge,,Eastleigh,UNKNOWN
GGLOC-02464,Hawthorne,,Los Angeles County,UNKNOWN
GGLOC-02465,Green Valley,,Mercer County,UNKNOWN
GGLOC-02466,Ellijay,,Gilmer County,UNKNOWN
GGLOC-02467,Webster,,Monroe County,UNKNOWN
GGLOC-02468,Malton,,North Yorkshire,UNKNOWN
GGLOC-02469,Blackpool,,Lancashire,UNKNOWN
GGLOC-02470,Burton-On-Trent,,Staffordshire,UNKNOWN
GGLOC-02471,Dungannon,,County Tyrone,UNKNOWN
GGLOC-02472,Conover,,Catawba County,UNKNOWN
GGLOC-02473,Yarlet,,Stafford,UNKNOWN
GGLOC-02474,Glen Rock,,York County,UNKNOWN
GGLOC-02475,Salt Lake City,,Salt Lake County,UNKNOWN
GGLOC-02476,Plainfield,,Windham County,UNKNOWN
GGLOC-02477,Bournville,,Birmingham,UNKNOWN
GGLOC-02478,Newington,,Hartford County,UNKNOWN
GGLOC-02479,Rosemead,,Los Angeles County,UNKNOWN
GGLOC-02480,Orenco,,Washington County,UNKNOWN
GGLOC-02481,Charlack,,Saint Louis County,UNKNOWN
GGLOC-02482,Anaheim Hills,,Orange County,UNKNOWN
GGLOC-02483,Archbald,,Lackawanna County,UNKNOWN
GGLOC-02484,Watkins,,Aurora,UNKNOWN
GGLOC-02485,West Sacramento,,Yolo County,UNKNOWN
GGLOC-02486,Paw Creek,,Mecklenburg County,UNKNOWN
GGLOC-02487,Clarks Summit,,Lackawanna County,UNKNOWN
GGLOC-02488,Hayfield,,Dodge County,UNKNOWN
GGLOC-02489,Lockbourne,,Franklin County,UNKNOWN
GGLOC-02490,Stone Ridge,,Loudoun County,UNKNOWN
GGLOC-02491,Russell Springs,,Russell County,UNKNOWN
GGLOC-02492,Queen Anne,,King County,UNKNOWN
GGLOC-02493,Sparks,,Bell County,UNKNOWN
GGLOC-02494,Weston-Super-Mare,,North Somerset,UNKNOWN
GGLOC-02495,Spencer,,Rowan County,UNKNOWN
GGLOC-02496,Fort Myer,,Arlington County,UNKNOWN
GGLOC-02497,Saddle Brook,,Bergen County,UNKNOWN
GGLOC-02498,Lake Mead Rancheros,,Mohave County,UNKNOWN
GGLOC-02499,Brick,,Ocean County,UNKNOWN
GGLOC-02500,Culpeper,,Culpeper County,UNKNOWN
GGLOC-02501,Palmyra,,Burlington County,UNKNOWN
GGLOC-02502,Burlington,,Ward County,UNKNOWN
GGLOC-02503,Manchester Science Park,,Manchester,UNKNOWN
GGLOC-02504,Macedonia,,Cleburne County,UNKNOWN
GGLOC-02505,Cedar Pass,,Utah County,UNKNOWN
GGLOC-02506,Gramercy Park And Murray Hill,,Manhattan,UNKNOWN
GGLOC-02507,Riviera Beach,,Palm Beach County,UNKNOWN
GGLOC-02508,Pflugerville,,Travis County,UNKNOWN
GGLOC-02509,Wantagh,,Nassau County,UNKNOWN
GGLOC-02510,Tiffin,,Seneca County,UNKNOWN
GGLOC-02511,Elrick,,Westhill,UNKNOWN
GGLOC-02512,Riverdale,,Clayton County,UNKNOWN
GGLOC-02513,Boca Raton,,Palm Beach County,UNKNOWN
GGLOC-02514,Frankfort,,Will County,UNKNOWN
GGLOC-02515,Sheridan,,Hamilton County,UNKNOWN
GGLOC-02516,Driftwood,,Pierce County,UNKNOWN
GGLOC-02517,Vista Grove,,Dekalb County,UNKNOWN
GGLOC-02518,Gibsonia,,Polk County,UNKNOWN
GGLOC-02519,Lithopolis,,Fairfield County,UNKNOWN
GGLOC-02520,Cuddebackville,,Orange County,UNKNOWN
GGLOC-02521,Wheaton,,Montgomery County,UNKNOWN
GGLOC-02522,Buckskin Joe,,Fremont County,UNKNOWN
GGLOC-02523,Lake Geneva,,Walworth County,UNKNOWN
GGLOC-02524,Chavies,,Perry County,UNKNOWN
GGLOC-02525,Centerdale,,Providence County,UNKNOWN
GGLOC-02526,Watauga,,Tarrant County,UNKNOWN
GGLOC-02527,Clayton,,Rabun County,UNKNOWN
GGLOC-02528,Eastern England,,Uk,UNKNOWN
GGLOC-02529,Woodbridge,,Middlesex County,UNKNOWN
GGLOC-02530,Nashua,,Hillsborough County,UNKNOWN
GGLOC-02531,Glen Rock,,Bergen County,UNKNOWN
GGLOC-02532,Erie,,Erie County,UNKNOWN
GGLOC-02533,Rush Valley,,Tooele County,UNKNOWN
GGLOC-02534,Walburg,,Williamson County,UNKNOWN
GGLOC-02535,Cherry Hill,,Perry County,UNKNOWN
GGLOC-02536,Ottumwa,,Wapello County,UNKNOWN
GGLOC-02537,Enon,,Fredericksburg City,UNKNOWN
GGLOC-02538,Silver Lane,,Hartford County,UNKNOWN
GGLOC-02539,Norwich,,Chenango County,UNKNOWN
GGLOC-02540,Hendersonville,,Henderson County,UNKNOWN
GGLOC-02541,Andover,,Hampshire,UNKNOWN
GGLOC-02542,Puyallup,,Pierce County,UNKNOWN
GGLOC-02543,Lima,,Allen County,UNKNOWN
GGLOC-02544,Ashintilly,,Mcintosh County,UNKNOWN
GGLOC-02545,Broomfield,,Colorado,UNKNOWN
GGLOC-02546,Bel Air,,Harford County,UNKNOWN
GGLOC-02547,Marlton,,Burlington County,UNKNOWN
GGLOC-02548,Uk,,,UNKNOWN
GGLOC-02549,Brewster,,Putnam County,UNKNOWN
GGLOC-02550,Columbia,,Boone County,UNKNOWN
GGLOC-02551,New Smyrna Beach,,Volusia County,UNKNOWN
GGLOC-02552,Janesville,,Lassen County,UNKNOWN
GGLOC-02553,California,,Us,UNKNOWN
GGLOC-02554,New Castle,,New Castle County,UNKNOWN
GGLOC-02555,Federal Way,,King County,UNKNOWN
GGLOC-02556,Saint Davids,,Delaware County,UNKNOWN
GGLOC-02557,Hop Bottom,,Susquehanna County,UNKNOWN
GGLOC-02558,Englewood,,Arapahoe County,UNKNOWN
GGLOC-02559,Lakeville,,St. Joseph County,UNKNOWN
GGLOC-02560,Mcdonough,,Henry County,UNKNOWN
GGLOC-02561,Newcastle Upon Tyne,,Tyne & Wear,UNKNOWN
GGLOC-02562,Sherman Oaks,,Los Angeles County,UNKNOWN
GGLOC-02563,Asbury Park,,Monmouth County,UNKNOWN
GGLOC-02564,Beaverton,,Gladwin County,UNKNOWN
GGLOC-02565,Lebanon,,Linn County,UNKNOWN
GGLOC-02566,Rossford,,Wood County,UNKNOWN
GGLOC-02567,Dublin,,Alameda County,UNKNOWN
GGLOC-02568,Pine Island,,Goodhue County,UNKNOWN
GGLOC-02569,Berkeley Springs,,Morgan County,UNKNOWN
GGLOC-02570,Village Of Los Ranchos,,Bernalillo County,UNKNOWN
GGLOC-02571,Long Island,,Sacramento County,UNKNOWN
GGLOC-02572,Withington,,Hereford,UNKNOWN
GGLOC-02573,Jasper,,Pickens County,UNKNOWN
GGLOC-02574,Upper Darby,,Delaware County,UNKNOWN
GGLOC-02575,Murray,,Salt Lake County,UNKNOWN
GGLOC-02576,South Yorkshire,,Yorkshire And The Humber,UNKNOWN
GGLOC-02577,Sanford,,Covington County,UNKNOWN
GGLOC-02578,Randolph,,Morris County,UNKNOWN
GGLOC-02579,Sylmar,,Los Angeles County,UNKNOWN
GGLOC-02580,Bocking,,Braintree,UNKNOWN
GGLOC-02581,Tempe,,Maricopa County,UNKNOWN
GGLOC-02582,Walsall,,West Midlands,UNKNOWN
GGLOC-02583,Chinchilla,,Lackawanna County,UNKNOWN
GGLOC-02584,Tyler,,Smith County,UNKNOWN
GGLOC-02585,Downsville,,Delaware County,UNKNOWN
GGLOC-02586,Clarksville,,Johnson County,UNKNOWN
GGLOC-02587,Alameda Pt,,Alameda County,UNKNOWN
GGLOC-02588,Studio,,Los Angeles County,UNKNOWN
GGLOC-02589,North Berwick,,East Lothian,UNKNOWN
GGLOC-02590,Clayton,,Jefferson County,UNKNOWN
GGLOC-02591,Lawton,,Comanche County,UNKNOWN
GGLOC-02592,Oaklands,,St. Albans,UNKNOWN
GGLOC-02593,Hampton City,,Virginia,UNKNOWN
GGLOC-02594,Carmel,,Hamilton County,UNKNOWN
GGLOC-02595,Pisgah Forest,,Transylvania County,UNKNOWN
GGLOC-02596,Deland,,Volusia County,UNKNOWN
GGLOC-02597,Princeton,,Mille Lacs County,UNKNOWN
GGLOC-02598,Beverly,,Bell County,UNKNOWN
GGLOC-02599,Bend,,Deschutes County,UNKNOWN
GGLOC-02600,Fort Madison,,Lee County,UNKNOWN
GGLOC-02601,Cottonwood,,Yavapai County,UNKNOWN
GGLOC-02602,Monticello,,Wright County,UNKNOWN
GGLOC-02603,Dane,,Dane County,UNKNOWN
GGLOC-02604,Chisolm,,Montgomery County,UNKNOWN
GGLOC-02605,Oxford,,Oxfordshire,UNKNOWN
GGLOC-02606,Oak Brook Mall,,Dupage County,UNKNOWN
GGLOC-02607,Fishers,,Hamilton County,UNKNOWN
GGLOC-02608,Saint Cloud,,Osceola County,UNKNOWN
GGLOC-02609,Meridian,,Ada County,UNKNOWN
GGLOC-02610,Edgewater,,Jefferson County,UNKNOWN
GGLOC-02611,Centralia,,Marion County,UNKNOWN
GGLOC-02612,Arbuckle,,Colusa County,UNKNOWN
GGLOC-02613,Silver Lake,,Snohomish County,UNKNOWN
GGLOC-02614,Anchorage,,Alaska,UNKNOWN
GGLOC-02615,Hyde Park,,Suffolk County,UNKNOWN
GGLOC-02616,El Toro,,Orange County,UNKNOWN
GGLOC-02617,Douglaston,,Queens,UNKNOWN
GGLOC-02618,Maryland,,Anne Arundel County,UNKNOWN
GGLOC-02619,Crest Hill,,Will County,UNKNOWN
GGLOC-02620,Alexandria,,Alexandria City,UNKNOWN
GGLOC-02621,Goodfellow Terrace,,Saint Louis,UNKNOWN
GGLOC-02622,San Bruno,,San Mateo County,UNKNOWN
GGLOC-02623,Zion,,Izard County,UNKNOWN
GGLOC-02624,Colonie,,Albany County,UNKNOWN
GGLOC-02625,Semilong,,Northampton,UNKNOWN
GGLOC-02626,Bloomington Hills,,Washington County,UNKNOWN
GGLOC-02627,Danville,,Boyle County,UNKNOWN
GGLOC-02628,Bossier City,,Bossier Parish,UNKNOWN
GGLOC-02629,Grosse Pointe,,Wayne County,UNKNOWN
GGLOC-02630,Fairfield,,Jefferson County,UNKNOWN
GGLOC-02631,West Columbia,,Lexington County,UNKNOWN
GGLOC-02632,Shenandoah,,East Baton Rouge Parish,UNKNOWN
GGLOC-02633,Savannah,,Hardin County,UNKNOWN
GGLOC-02634,Meyersdale,,Somerset County,UNKNOWN
GGLOC-02635,Middleburg,,Clay County,UNKNOWN
GGLOC-02636,Garden,,Chatham County,UNKNOWN
GGLOC-02637,Beach,,Chesterfield County,UNKNOWN
GGLOC-02638,Holy,,Santa Clara County,UNKNOWN
GGLOC-02639,Corsham,,Wiltshire,UNKNOWN
GGLOC-02640,San Juan,,Puerto Rico,UNKNOWN
GGLOC-02641,Northampton,,Hampshire County,UNKNOWN
GGLOC-02642,Royal Oak,,Saline County,UNKNOWN
GGLOC-02643,Morehead,,Rowan County,UNKNOWN
GGLOC-02644,Plainfield,,Hendricks County,UNKNOWN
GGLOC-02645,Stowe,,Lamoille County,UNKNOWN
GGLOC-02646,Bryant,,Saline County,UNKNOWN
GGLOC-02647,Portsmouth,,Hampshire,UNKNOWN
GGLOC-02648,Tye,,Taylor County,UNKNOWN
GGLOC-02649,Bena,,Cass County,UNKNOWN
GGLOC-02650,Palms,,Los Angeles County,UNKNOWN
GGLOC-02651,Timpanogos,,Utah County,UNKNOWN
GGLOC-02652,Riverview,,Lee County,UNKNOWN
GGLOC-02653,High Point,,Guilford County,UNKNOWN
GGLOC-02654,Allington,,Chippenham,UNKNOWN
GGLOC-02655,Jasper,,Walker County,UNKNOWN
GGLOC-02656,West Bend,,Washington County,UNKNOWN
GGLOC-02657,Santa Maria,,Santa Barbara County,UNKNOWN
GGLOC-02658,Rodbourne Cheney,,Swindon,UNKNOWN
GGLOC-02659,Grover,,Cleveland County,UNKNOWN
GGLOC-02660,Cahokia,,Saint Clair County,UNKNOWN
GGLOC-02661,Gateway,,Lee County,UNKNOWN
GGLOC-02662,Gateway,,Thomas County,UNKNOWN
GGLOC-02663,Cambra,,Luzerne County,UNKNOWN
GGLOC-02664,Franklin,,Franklin County,UNKNOWN
GGLOC-02665,Central Point,,Jackson County,UNKNOWN
GGLOC-02666,Hilliard,,Franklin County,UNKNOWN
GGLOC-02667,Walterboro,,Colleton County,UNKNOWN
GGLOC-02668,Lincoln City,,Lincoln County,UNKNOWN
GGLOC-02669,Little Elm,,Denton County,UNKNOWN
GGLOC-02670,Avon,,Eagle County,UNKNOWN
GGLOC-02671,Loughborough,,Leicestershire,UNKNOWN
GGLOC-02672,Santa Rosa,,Sonoma County,UNKNOWN
GGLOC-02673,Holcot,,Northampton,UNKNOWN
GGLOC-02674,Picnic Point,,Pierce County,UNKNOWN
GGLOC-02675,Chesterfield,,Chesterfield County,UNKNOWN
GGLOC-02676,Mobile,,Mobile County,UNKNOWN
GGLOC-02677,Massachusetts,,Us,UNKNOWN
GGLOC-02678,Gorst,,Kitsap County,UNKNOWN
GGLOC-02679,Ohio,,Us,UNKNOWN
GGLOC-02680,Lubbock,,Lubbock County,UNKNOWN
GGLOC-02681,Lynnfield,,Essex County,UNKNOWN
GGLOC-02682,Homecroft,,Marion County,UNKNOWN
GGLOC-02683,Yorba Linda,,Orange County,UNKNOWN
GGLOC-02684,Nine Ashes,,Ingatestone,UNKNOWN
GGLOC-02685,Scranton,,Lackawanna County,UNKNOWN
GGLOC-02686,Santa Clara,,Santa Clara County,UNKNOWN
GGLOC-02687,Guys Cliffe,,Warwick,UNKNOWN
GGLOC-02688,Black Mountain,,Buncombe County,UNKNOWN
GGLOC-02689,Columbia,,Columbia County,UNKNOWN
GGLOC-02690,Dixon,,Dixon County,UNKNOWN
GGLOC-02691,East Carlton,,Yeadon,UNKNOWN
GGLOC-02692,Schererville,,Lake County,UNKNOWN
GGLOC-02693,Affton,,Saint Louis County,UNKNOWN
GGLOC-02694,Saint Lawrence,,Berks County,UNKNOWN
GGLOC-02695,South Natick,,Middlesex County,UNKNOWN
GGLOC-02696,Livermore,,Alameda County,UNKNOWN
GGLOC-02697,Cornelius,,Mecklenburg County,UNKNOWN
GGLOC-02698,Poulsbo,,Kitsap County,UNKNOWN
GGLOC-02699,Lynn,,Essex County,UNKNOWN
GGLOC-02700,Williston,,Chittenden County,UNKNOWN
GGLOC-02701,Penbrook,,Dauphin County,UNKNOWN
GGLOC-02702,Powell,,Delaware County,UNKNOWN
GGLOC-02703,Westampton,,Burlington County,UNKNOWN
GGLOC-02704,Springfield,,Fairfax County,UNKNOWN
GGLOC-02705,Delaware,,Delaware County,UNKNOWN
GGLOC-02706,Amelia,,Amelia County,UNKNOWN
GGLOC-02707,Jeffersonville,,Sullivan County,UNKNOWN
GGLOC-02708,Garden City,,Finney County,UNKNOWN
GGLOC-02709,Oildale,,Kern County,UNKNOWN
GGLOC-02710,West Miami,,Miami-Dade County,UNKNOWN
GGLOC-02711,Friendship,,Guilford County,UNKNOWN
GGLOC-02712,Etna,,Licking County,UNKNOWN
GGLOC-02713,Brentwood,,Suffolk County,UNKNOWN
GGLOC-02714,Rabbs,,Lavaca County,UNKNOWN
GGLOC-02715,New Windsor,,Orange County,UNKNOWN
GGLOC-02716,Wayzata,,Hennepin County,UNKNOWN
GGLOC-02717,Culver City,,Los Angeles County,UNKNOWN
GGLOC-02718,Twin Oaks,,Saint Louis County,UNKNOWN
GGLOC-02719,Maplewood,,York County,UNKNOWN
GGLOC-02720,Hayward,,Alameda County,UNKNOWN
GGLOC-02721,Norfolk,,Norfolk City,UNKNOWN
GGLOC-02722,Dowtown Carrier Annex,,Los Angeles County,UNKNOWN
GGLOC-02723,Hardy County,,West Virginia,UNKNOWN
GGLOC-02724,Temple City,,Los Angeles County,UNKNOWN
GGLOC-02725,Alplaus,,Schenectady County,UNKNOWN
GGLOC-02726,Woodthorpe,,Loughborough,UNKNOWN
GGLOC-02727,Aberdeen,,Aberdeenshire,UNKNOWN
GGLOC-02728,Brooklyn,,Conecuh County,UNKNOWN
GGLOC-02729,Sunderland,,Tyne & Wear,UNKNOWN
GGLOC-02730,Pearland,,Brazoria County,UNKNOWN
GGLOC-02731,Cloverleaf,,Madison County,UNKNOWN
GGLOC-02732,Oswego,,Oswego County,UNKNOWN
GGLOC-02733,Michigan City,,Laporte County,UNKNOWN
GGLOC-02734,Hilo,,Hawaii,UNKNOWN
GGLOC-02735,Villano Beach,,St. Johns County,UNKNOWN
GGLOC-02736,Caulcott,,Bicester,UNKNOWN
GGLOC-02737,Fairmont City,,Saint Clair County,UNKNOWN
GGLOC-02738,Fairfield,,Freestone County,UNKNOWN
GGLOC-02739,Coos Bay,,Coos County,UNKNOWN
GGLOC-02740,Montbello,,Denver,UNKNOWN
GGLOC-02741,Glasgow Village,,Saint Louis County,UNKNOWN
GGLOC-02742,Sidney,,Shelby County,UNKNOWN
GGLOC-02743,Grove,,Wantage,UNKNOWN
GGLOC-02744,Elkins Park,,Montgomery County,UNKNOWN
GGLOC-02745,Maumelle,,Pulaski County,UNKNOWN
GGLOC-02746,Mcminnville,,Yamhill County,UNKNOWN
GGLOC-02747,Camp Hill,,Cumberland County,UNKNOWN
GGLOC-02748,East Palo Alto,,Santa Clara County,UNKNOWN
GGLOC-02749,Vicksburg,,Warren County,UNKNOWN
GGLOC-02750,Piketon,,Pike County,UNKNOWN
GGLOC-02751,Maryville,,Nodaway County,UNKNOWN
GGLOC-02752,Jackson,,Madison County,UNKNOWN
GGLOC-02753,Lihue,,Kauai,UNKNOWN
GGLOC-02754,Menands,,Albany County,UNKNOWN
GGLOC-02755,Belleville,,Essex County,UNKNOWN
GGLOC-02756,Gwehelog,,Usk,UNKNOWN
GGLOC-02757,Grand River,,Decatur County,UNKNOWN
GGLOC-02758,Lagrange,,Lagrange County,UNKNOWN
GGLOC-02759,Hawthorn Woods,,Lake County,UNKNOWN
GGLOC-02760,Saint Leo,,Pasco County,UNKNOWN
GGLOC-02761,New Brighton,,Ramsey County,UNKNOWN
GGLOC-02762,Lincolnville,,Dorchester County,UNKNOWN
GGLOC-02763,Ormeau,,Belfast,UNKNOWN
GGLOC-02764,Loudwater,,Rickmansworth,UNKNOWN
GGLOC-02765,Bridgeport,,Jackson County,UNKNOWN
GGLOC-02766,Hilsea,,Portsmouth,UNKNOWN
GGLOC-02767,Wyalusing,,Bradford County,UNKNOWN
GGLOC-02768,Dock,,Floyd County,UNKNOWN
GGLOC-02769,Monroe,,Middlesex County,UNKNOWN
GGLOC-02770,Inver Grove Heights,,Dakota County,UNKNOWN
GGLOC-02771,Oak Harbor,,Island County,UNKNOWN
GGLOC-02772,Morton,,Tazewell County,UNKNOWN
GGLOC-02773,Bellefontaine Neighbors,,Saint Louis County,UNKNOWN
GGLOC-02774,Smallfield,,Horley,UNKNOWN
GGLOC-02775,Greektown,,Chicago,UNKNOWN
GGLOC-02776,Pullman,,Allegan County,UNKNOWN
GGLOC-02777,San Gabriel,,Los Angeles County,UNKNOWN
GGLOC-02778,Graveley,,Hitchin,UNKNOWN
GGLOC-02779,Topeka,,Lagrange County,UNKNOWN
GGLOC-02780,Town,,Essex County,UNKNOWN
GGLOC-02781,Saint Francis,,Milwaukee County,UNKNOWN
GGLOC-02782,Bayport,,Suffolk County,UNKNOWN
GGLOC-02783,Township Of Washington,,Bergen County,UNKNOWN
GGLOC-02784,Hillsdale,,Hillsdale County,UNKNOWN
GGLOC-02785,Jere Baxter,,Davidson County,UNKNOWN
GGLOC-02786,South Boston,,Halifax County,UNKNOWN
GGLOC-02787,Cumberland,,Providence County,UNKNOWN
GGLOC-02788,Donalsonville,,Seminole County,UNKNOWN
GGLOC-02789,Clemson,,Pickens County,UNKNOWN
GGLOC-02790,Independence,,Jackson County,UNKNOWN
GGLOC-02791,Menomonee Falls,,Waukesha County,UNKNOWN
GGLOC-02792,Levittown,,Bucks County,UNKNOWN
GGLOC-02793,Rochester Hills,,Oakland County,UNKNOWN
GGLOC-02794,Lake George,,Oconto County,UNKNOWN
GGLOC-02795,Wellston,,Saint Louis County,UNKNOWN
GGLOC-02796,Lemon Grove,,San Diego County,UNKNOWN
GGLOC-02797,Charlottesville City,,Virginia,UNKNOWN
GGLOC-02798,Princeton,,Mercer County,UNKNOWN
GGLOC-02799,Bismarck,,Burleigh County,UNKNOWN
GGLOC-02800,Marysville,,Snohomish County,UNKNOWN
GGLOC-02801,Benton City,,Benton County,UNKNOWN
GGLOC-02802,Darlington,,County Durham,UNKNOWN
GGLOC-02803,The Park,,Nottingham,UNKNOWN
GGLOC-02804,Salina,,Apache County,UNKNOWN
GGLOC-02805,Belvidere,,Boone County,UNKNOWN
GGLOC-02806,Pillaton,,Saltash,UNKNOWN
GGLOC-02807,Lacy Lakeview,,Mclennan County,UNKNOWN
GGLOC-02808,Lincoln,,Placer County,UNKNOWN
GGLOC-02809,Wytheville,,Wythe County,UNKNOWN
GGLOC-02810,Little Tucson,,Pima County,UNKNOWN
GGLOC-02811,Huntleigh,,Saint Louis County,UNKNOWN
GGLOC-02812,Chatfield,,Fillmore County,UNKNOWN
GGLOC-02813,Moline,,Rock Island County,UNKNOWN
GGLOC-02814,Elkton,,Teller County,UNKNOWN
GGLOC-02815,La Porte,,Yuba County,UNKNOWN
GGLOC-02816,Caldwell,,Burnet County,UNKNOWN
GGLOC-02817,Killeen,,Bell County,UNKNOWN
GGLOC-02818,Newtown,,El Dorado County,UNKNOWN
GGLOC-02819,Rosebud,,Falls County,UNKNOWN
GGLOC-02820,Cucamonga,,San Bernardino County,UNKNOWN
GGLOC-02821,Carencro,,Lafayette Parish,UNKNOWN
GGLOC-02822,Warren,,Macomb County,UNKNOWN
GGLOC-02823,Bogalusa,,Washington Parish,UNKNOWN
GGLOC-02824,Wollaston,,Norfolk County,UNKNOWN
GGLOC-02825,Fort Smith,,Sebastian County,UNKNOWN
GGLOC-02826,South Tucson,,Pima County,UNKNOWN
GGLOC-02827,Jersey,,Lincoln County,UNKNOWN
GGLOC-02828,Signal Hill,,Los Angeles County,UNKNOWN
GGLOC-02829,Sylvania,,Bradford County,UNKNOWN
GGLOC-02830,Dormansville,,Albany County,UNKNOWN
GGLOC-02831,Aylesbury,,Buckinghamshire,UNKNOWN
GGLOC-02832,Chalfant Valley,,Inyo County,UNKNOWN
GGLOC-02833,Orlando,,Orange County,UNKNOWN
GGLOC-02834,Kendleshire,,Winterbourne,UNKNOWN
GGLOC-02835,Peoria,,Peoria County,UNKNOWN
GGLOC-02836,Ewing,,Mercer County,UNKNOWN
GGLOC-02837,Quincy,,Norfolk County,UNKNOWN
GGLOC-02838,Paterson,,Passaic County,UNKNOWN
GGLOC-02839,Dillon,,Summit County,UNKNOWN
GGLOC-02840,Belgrade,,Gallatin County,UNKNOWN
GGLOC-02841,Malta,,Saratoga County,UNKNOWN
GGLOC-02842,Mountain View,,Santa Clara County,UNKNOWN
GGLOC-02843,Klein,,Musselshell County,UNKNOWN
GGLOC-02844,Beech Grove,,Marion County,UNKNOWN
GGLOC-02845,Knife Falls,,Carlton County,UNKNOWN
GGLOC-02846,Joetown,,Washington County,UNKNOWN
GGLOC-02847,Moses Lake,,Grant County,UNKNOWN
GGLOC-02848,Troy,,Oakland County,UNKNOWN
GGLOC-02849,Severn,,Anne Arundel County,UNKNOWN
GGLOC-02850,North Aurora,,Kane County,UNKNOWN
GGLOC-02851,Burnsville,,Dakota County,UNKNOWN
GGLOC-02852,Richland Hills,,Tarrant County,UNKNOWN
GGLOC-02853,Schodack Landing,,Rensselaer County,UNKNOWN
GGLOC-02854,Leeds,,Jefferson County,UNKNOWN
GGLOC-02855,Dixon,,Solano County,UNKNOWN
GGLOC-02856,Shiprock,,San Juan County,UNKNOWN
GGLOC-02857,Lawrence,,Essex County,UNKNOWN
GGLOC-02858,Cedar Hammock,,Manatee County,UNKNOWN
GGLOC-02859,Bicester,,Oxfordshire,UNKNOWN
GGLOC-02860,District Heights,,Prince George'S County,UNKNOWN
GGLOC-02861,Leland,,Brunswick County,UNKNOWN
GGLOC-02862,Nixon,,Gonzales County,UNKNOWN
GGLOC-02863,North Haven,,New Haven County,UNKNOWN
GGLOC-02864,Lincoln,,Lincoln County,UNKNOWN
GGLOC-02865,West Buxton,,York County,UNKNOWN
GGLOC-02866,Park Terrace,,Broome County,UNKNOWN
GGLOC-02867,La Mesa,,San Diego County,UNKNOWN
GGLOC-02868,Barlby,,Selby,UNKNOWN
GGLOC-02869,Springfield,,Sangamon County,UNKNOWN
GGLOC-02870,Woodlawn,,Baltimore County,UNKNOWN
GGLOC-02871,Loma Linda,,San Bernardino County,UNKNOWN
GGLOC-02872,Bloomington,,Hennepin County,UNKNOWN
GGLOC-02873,Larchmont,,Westchester County,UNKNOWN
GGLOC-02874,San Diego,,San Diego County,UNKNOWN
GGLOC-02875,Lode,,Cambridge,UNKNOWN
GGLOC-02876,Burlington,,Middlesex County,UNKNOWN
GGLOC-02877,Soquel,,Santa Cruz County,UNKNOWN
GGLOC-02878,Indian Wells,,Riverside County,UNKNOWN
GGLOC-02879,Maple Falls,,Whatcom County,UNKNOWN
GGLOC-02880,Greater Third Ward,,Houston,UNKNOWN
GGLOC-02881,Northlake,,Dekalb County,UNKNOWN
GGLOC-02882,Bermuda Dunes,,Riverside County,UNKNOWN
GGLOC-02883,Bradner,,Wood County,UNKNOWN
GGLOC-02884,Hillsboro,,Jasper County,UNKNOWN
GGLOC-02885,Burlington,,Kit Carson County,UNKNOWN
GGLOC-02886,Maricopa,,Pinal County,UNKNOWN
GGLOC-02887,Mission Hills,,Los Angeles County,UNKNOWN
GGLOC-02888,Country Club Hills,,Cook County,UNKNOWN
GGLOC-02889,Elmwood Place,,Hamilton County,UNKNOWN
GGLOC-02890,Saint Helena,,Napa County,UNKNOWN
GGLOC-02891,Matthews,,Mecklenburg County,UNKNOWN
GGLOC-02892,Fayetteville,,Onondaga County,UNKNOWN
GGLOC-02893,Mableton,,Cobb County,UNKNOWN
GGLOC-02894,Travelers Rest,,Greenville County,UNKNOWN
GGLOC-02895,West Roxbury,,Suffolk County,UNKNOWN
GGLOC-02896,Higher Tranmere,,Birkenhead,UNKNOWN
GGLOC-02897,Otto,,Jefferson County,UNKNOWN
GGLOC-02898,New Jersey,,Us,UNKNOWN
GGLOC-02899,Blue Mounds,,Dane County,UNKNOWN
GGLOC-02900,Quantico,,Prince William County,UNKNOWN
GGLOC-02901,Iowa City,,Johnson County,UNKNOWN
GGLOC-02902,Trenton,,Mercer County,UNKNOWN
GGLOC-02903,Bensenville,,Dupage County,UNKNOWN
GGLOC-02904,White Plains,,Westchester County,UNKNOWN
GGLOC-02905,South Burlington,,Chittenden County,UNKNOWN
GGLOC-02906,Waialua,,Honolulu,UNKNOWN
GGLOC-02907,Dorchester,,Suffolk County,UNKNOWN
GGLOC-02908,Maryville,,Blount County,UNKNOWN
GGLOC-02909,Rastrick,,Brighouse,UNKNOWN
GGLOC-02910,Tracyton,,Kitsap County,UNKNOWN
GGLOC-02911,Whyteleafe,,Surrey,UNKNOWN
GGLOC-02912,Natick,,Middlesex County,UNKNOWN
GGLOC-02913,Garland,,Dallas,UNKNOWN
GGLOC-02914,Kennett Square,,Chester County,UNKNOWN
GGLOC-02915,Wesley Chapel,,Pasco County,UNKNOWN
GGLOC-02916,Corona,,Pima County,UNKNOWN
GGLOC-02917,South Austin,,Chicago,UNKNOWN
GGLOC-02918,Montclair,,San Bernardino County,UNKNOWN
GGLOC-02919,Bermuda Park,,Nuneaton,UNKNOWN
GGLOC-02920,Vernon Hills,,Lake County,UNKNOWN
GGLOC-02921,Valley Center,,San Diego County,UNKNOWN
GGLOC-02922,Astoria,,Clatsop County,UNKNOWN
GGLOC-02923,Cammack Village,,Pulaski County,UNKNOWN
GGLOC-02924,Greeley,,Weld County,UNKNOWN
GGLOC-02925,West Buechel,,Jefferson County,UNKNOWN
GGLOC-02926,Sconset,,Nantucket,UNKNOWN
GGLOC-02927,Hunlock Creek,,Luzerne County,UNKNOWN
GGLOC-02928,Winter Hill,,Middlesex County,UNKNOWN
GGLOC-02929,East Claridon,,Geauga County,UNKNOWN
GGLOC-02930,Murfreesboro,,Hertford County,UNKNOWN
GGLOC-02931,Rocky Point,,Suffolk County,UNKNOWN
GGLOC-02932,Gainesville,,Hall County,UNKNOWN
GGLOC-02933,Kenner,,Jefferson Parish,UNKNOWN
GGLOC-02934,Everett,,Snohomish County,UNKNOWN
GGLOC-02935,Everett,,Middlesex County,UNKNOWN
GGLOC-02936,Seattle,,King County,UNKNOWN
GGLOC-02937,North Little Rock,,Pulaski County,UNKNOWN
GGLOC-02938,Dent,,Hamilton County,UNKNOWN
GGLOC-02939,West Akron,,Summit County,UNKNOWN
GGLOC-02940,Mount Shasta,,Siskiyou County,UNKNOWN
GGLOC-02941,Warren,,Somerset County,UNKNOWN
GGLOC-02942,Congleton,,Cheshire,UNKNOWN
GGLOC-02943,Little Rock,,Pulaski County,UNKNOWN
GGLOC-02944,Thonotosassa,,Hillsborough County,UNKNOWN
GGLOC-02945,Aspen Gerbaz,,Pitkin County,UNKNOWN
GGLOC-02946,Eller,,Forsyth County,UNKNOWN
GGLOC-02947,Golf Manor,,Hamilton County,UNKNOWN
GGLOC-02948,Castle Gresley,,Swadlincote,UNKNOWN
GGLOC-02949,West Melbourne,,Brevard County,UNKNOWN
GGLOC-02950,Gloucestershire,,South West England,UNKNOWN
GGLOC-02951,Lakewood,,Pierce County,UNKNOWN
GGLOC-02952,Scullville,,Atlantic County,UNKNOWN
GGLOC-02953,Uniontown,,Stark County,UNKNOWN
GGLOC-02954,Grand Meadow,,Mower County,UNKNOWN
GGLOC-02955,Bristol,,South West England,UNKNOWN
GGLOC-02956,Hyde Park,,Hamilton County,UNKNOWN
GGLOC-02957,Prestonwood,,Collin County,UNKNOWN
GGLOC-02958,Hubberts Bridge,,Boston,UNKNOWN
GGLOC-02959,Buchanan,,Westchester County,UNKNOWN
GGLOC-02960,The Acreage,,Palm Beach County,UNKNOWN
GGLOC-02961,Chico,,Butte County,UNKNOWN
GGLOC-02962,Kingwood,,Houston,UNKNOWN
GGLOC-02963,Brookline,,Norfolk County,UNKNOWN
GGLOC-02964,Pleasanthill,,Mercer County,UNKNOWN
GGLOC-02965,Deerfield,,Lake County,UNKNOWN
GGLOC-02966,Fort Lee,,Bergen County,UNKNOWN
GGLOC-02967,Lanse,,Baraga County,UNKNOWN
GGLOC-02968,Duvall,,Shelby County,UNKNOWN
GGLOC-02969,Shropshire,,West Midlands,UNKNOWN
GGLOC-02970,Abbotts Barton,,Winchester,UNKNOWN
GGLOC-02971,Madison,,Madison County,UNKNOWN
GGLOC-02972,Melbourne,,Brevard County,UNKNOWN
GGLOC-02973,Chicago,,Cook County,UNKNOWN
GGLOC-02974,North Cambridge,,Middlesex County,UNKNOWN
GGLOC-02975,Lake Villa,,Lake County,UNKNOWN
GGLOC-02976,Tewksbury,,Middlesex County,UNKNOWN
GGLOC-02977,Pecos,,San Miguel County,UNKNOWN
GGLOC-02978,Waipahu,,Honolulu,UNKNOWN
GGLOC-02979,Monroe,,Orange County,UNKNOWN
GGLOC-02980,Little Falls,,Herkimer County,UNKNOWN
GGLOC-02981,Jeffersonville,,Wayne County,UNKNOWN
GGLOC-02982,Lake Sherwood,,Ventura County,UNKNOWN
GGLOC-02983,Hickory,,Catawba County,UNKNOWN
GGLOC-02984,Eola,,Dupage County,UNKNOWN
GGLOC-02985,Fairview,,Chicot County,UNKNOWN
GGLOC-02986,Aliso Viejo,,Orange County,UNKNOWN
GGLOC-02987,Holiday,,Orange County,UNKNOWN
GGLOC-02988,Winthrop Harbor,,Lake County,UNKNOWN
GGLOC-02989,Tysons Corner,,Fairfax County,UNKNOWN
GGLOC-02990,Acushnet,,Bristol County,UNKNOWN
GGLOC-02991,New Stanton,,Westmoreland County,UNKNOWN
GGLOC-02992,Forsyth,,Macon County,UNKNOWN
GGLOC-02993,Smyrna,,Kent County,UNKNOWN
GGLOC-02994,Richland,,Kalamazoo County,UNKNOWN
GGLOC-02995,Lansing,,Cook County,UNKNOWN
GGLOC-02996,Barrington,,Camden County,UNKNOWN
GGLOC-02997,Marshalltown,,Marshall County,UNKNOWN
GGLOC-02998,Spinney Hill,,Northampton,UNKNOWN
GGLOC-02999,Peterborough,,Eastern England,UNKNOWN
GGLOC-03000,Hagerstown,,Washington County,UNKNOWN
GGLOC-03001,Garden Village,,Hull,UNKNOWN
GGLOC-03002,Redwood City,,San Mateo County,UNKNOWN
GGLOC-03003,Unalaska,,Aleutians West,UNKNOWN
GGLOC-03004,Bay Shore,,Suffolk County,UNKNOWN
GGLOC-03005,Linden,,Union County,UNKNOWN
GGLOC-03006,Spanish Lake,,Saint Louis County,UNKNOWN
GGLOC-03007,Bestwood Village,,Nottingham,UNKNOWN
GGLOC-03008,Prairie Rose,,Cass County,UNKNOWN
GGLOC-03009,North Andover,,Essex County,UNKNOWN
GGLOC-03010,Minnetonka,,Hennepin County,UNKNOWN
GGLOC-03011,Clifton Forge,,Alleghany County,UNKNOWN
GGLOC-03012,Highland,,Madison County,UNKNOWN
GGLOC-03013,Mount Rainier,,Prince George'S County,UNKNOWN
GGLOC-03014,Macy,,Thurston County,UNKNOWN
GGLOC-03015,Mattapan,,Suffolk County,UNKNOWN
GGLOC-03016,William Penn Annex East,,Philadelphia County,UNKNOWN
GGLOC-03017,Sauk City,,Sauk County,UNKNOWN
GGLOC-03018,St. James,,Bristol,UNKNOWN
GGLOC-03019,Chadds Ford,,Delaware County,UNKNOWN
GGLOC-03020,Uphams Corner,,Suffolk County,UNKNOWN
GGLOC-03021,Wildwood,,Cape May County,UNKNOWN
GGLOC-03022,Morris,,Otsego County,UNKNOWN
GGLOC-03023,Pleasant Run Farms,,Hamilton County,UNKNOWN
GGLOC-03024,Abilene,,Taylor County,UNKNOWN
GGLOC-03025,Goodyear,,Maricopa County,UNKNOWN
GGLOC-03026,Edinburgh,,Johnson County,UNKNOWN
GGLOC-03027,Hartselle,,Morgan County,UNKNOWN
GGLOC-03028,Saco,,York County,UNKNOWN
GGLOC-03029,Snohomish,,Snohomish County,UNKNOWN
GGLOC-03030,Westlake,,Calcasieu Parish,UNKNOWN
GGLOC-03031,North Kingstown,,Washington County,UNKNOWN
GGLOC-03032,Corbins Corner,,Hartford County,UNKNOWN
GGLOC-03033,Plymouth,,Marshall County,UNKNOWN
GGLOC-03034,Capitol Hill,,King County,UNKNOWN
GGLOC-03035,Hambleton,,Thirsk,UNKNOWN
GGLOC-03036,Prosper,,Collin County,UNKNOWN
GGLOC-03037,Cape Canaveral,,Brevard County,UNKNOWN
GGLOC-03038,Eagle,,Eagle County,UNKNOWN
GGLOC-03039,Fieldsboro,,Burlington County,UNKNOWN
GGLOC-03040,Millville,,Sussex County,UNKNOWN
GGLOC-03041,Suffolk,,Eastern England,UNKNOWN
GGLOC-03042,Clarksburg,,Shelby County,UNKNOWN
GGLOC-03043,Yellville,,Marion County,UNKNOWN
GGLOC-03044,Altama,,Glynn County,UNKNOWN
GGLOC-03045,Richmond,,Madison County,UNKNOWN
GGLOC-03046,South Kearny,,Hudson County,UNKNOWN
GGLOC-03047,Long Beach,,Los Angeles County,UNKNOWN
GGLOC-03048,Waimea,,KauaʻI County,UNKNOWN
GGLOC-03049,Berwick,,York County,UNKNOWN
GGLOC-03050,Rancho Mirage,,Riverside County,UNKNOWN
GGLOC-03051,Warr Acres,,Oklahoma County,UNKNOWN
GGLOC-03052,Alverton,,Penzance,UNKNOWN
GGLOC-03053,Moreno Valley,,Riverside County,UNKNOWN
GGLOC-03054,Mare Island,,Solano County,UNKNOWN
GGLOC-03055,East Vail,,Eagle County,UNKNOWN
GGLOC-03056,Saint George,,Washington County,UNKNOWN
GGLOC-03057,Bellemont,,Coconino County,UNKNOWN
GGLOC-03058,Hesper,,Yellowstone County,UNKNOWN
GGLOC-03059,Moneta,,Bedford County,UNKNOWN
GGLOC-03060,North Olmsted,,Cuyahoga County,UNKNOWN
GGLOC-03061,Mount Vernon,,Rockcastle County,UNKNOWN
GGLOC-03062,Mount Pleasant,,Westmoreland County,UNKNOWN
GGLOC-03063,Hartlepool,,County Durham,UNKNOWN
GGLOC-03064,Maryland,,Us,UNKNOWN
GGLOC-03065,Jamestown,,Fentress County,UNKNOWN
GGLOC-03066,Monticello,,Sullivan County,UNKNOWN
GGLOC-03067,Gahanna,,Franklin County,UNKNOWN
GGLOC-03068,West Hanover,,Plymouth County,UNKNOWN
GGLOC-03069,Dodge,,Ford County,UNKNOWN
GGLOC-03070,Libertyville,,Lake County,UNKNOWN
GGLOC-03071,Isla Vista,,Santa Barbara County,UNKNOWN
GGLOC-03072,Colton,,San Bernardino County,UNKNOWN
GGLOC-03073,Glenburn,,Penobscot County,UNKNOWN
GGLOC-03074,Woodburn,,Macoupin County,UNKNOWN
GGLOC-03075,Towson,,Baltimore County,UNKNOWN
GGLOC-03076,Matthewstown,,Forsyth County,UNKNOWN
GGLOC-03077,Round Lake,,Saratoga County,UNKNOWN
GGLOC-03078,Texarkana,,Miller County,UNKNOWN
GGLOC-03079,Nokomis,,Sarasota County,UNKNOWN
GGLOC-03080,Burlington,,Chittenden County,UNKNOWN
GGLOC-03081,Crew Lake,,Richland Parish,UNKNOWN
GGLOC-03082,Springfield,,Effingham County,UNKNOWN
GGLOC-03083,Williamsville,,Erie County,UNKNOWN
GGLOC-03084,Ridgeley,,Mineral County,UNKNOWN
GGLOC-03085,Danville,,Danville City,UNKNOWN
GGLOC-03086,Monadale,,Williamson County,UNKNOWN
GGLOC-03087,Weymouth,,Norfolk County,UNKNOWN
GGLOC-03088,Azusa,,Los Angeles County,UNKNOWN
GGLOC-03089,Warren,,Knox County,UNKNOWN
GGLOC-03090,Stafford,,Staffordshire,UNKNOWN
GGLOC-03091,Buckhead,,Atlanta,UNKNOWN
GGLOC-03092,Great Lakes,,Lake County,UNKNOWN
GGLOC-03093,Santa Monica,,Los Angeles County,UNKNOWN
GGLOC-03094,Beaufort,,Beaufort County,UNKNOWN
GGLOC-03095,Gold Canyon,,Pinal County,UNKNOWN
GGLOC-03096,Milford,,Pike County,UNKNOWN
GGLOC-03097,Saint Ann,,Saint Louis County,UNKNOWN
GGLOC-03098,Lafayette,,Lafayette Parish,UNKNOWN
GGLOC-03099,West Hazleton,,Luzerne County,UNKNOWN
GGLOC-03100,Kittery,,York County,UNKNOWN
GGLOC-03101,Vancouver,,Clark County,UNKNOWN
GGLOC-03102,Eufaula,,Barbour County,UNKNOWN
GGLOC-03103,West Chicago,,Dupage County,UNKNOWN
GGLOC-03104,Jenkintown,,Montgomery County,UNKNOWN
GGLOC-03105,Harford Mills,,Tioga County,UNKNOWN
GGLOC-03106,Hillburn,,Rockland County,UNKNOWN
GGLOC-03107,Edinburgh City Centre,,Edinburgh,UNKNOWN
GGLOC-03108,Northfield,,Cook County,UNKNOWN
GGLOC-03109,Twinsburg,,Summit County,UNKNOWN
GGLOC-03110,Kent Lakes,,Putnam County,UNKNOWN
GGLOC-03111,Pascagoula,,Jackson County,UNKNOWN
GGLOC-03112,Deptford,,Gloucester County,UNKNOWN
GGLOC-03113,Tukwila,,King County,UNKNOWN
GGLOC-03114,Parkman,,Piscataquis County,UNKNOWN
GGLOC-03115,Fisherville,,Jefferson County,UNKNOWN
GGLOC-03116,Coldwater,,Branch County,UNKNOWN
GGLOC-03117,French Island,,La Crosse County,UNKNOWN
GGLOC-03118,Uniontown,,Fayette County,UNKNOWN
GGLOC-03119,Saint Bernard,,Hamilton County,UNKNOWN
GGLOC-03120,Lincoln Park,,Wayne County,UNKNOWN
GGLOC-03121,Lower Burrell,,Westmoreland County,UNKNOWN
GGLOC-03122,The Village,,Oklahoma County,UNKNOWN
GGLOC-03123,Pueblo,,Pueblo County,UNKNOWN
GGLOC-03124,Troy,,Bradford County,UNKNOWN
GGLOC-03125,Cockeysville,,Baltimore County,UNKNOWN
GGLOC-03126,Jackson,,Hinds County,UNKNOWN
GGLOC-03127,Brushy Creek,,Williamson County,UNKNOWN
GGLOC-03128,Needham Heights,,Norfolk County,UNKNOWN
GGLOC-03129,Masonville,,Delaware County,UNKNOWN
GGLOC-03130,Caryville,,Eau Claire County,UNKNOWN
GGLOC-03131,Peekskill,,Westchester County,UNKNOWN
GGLOC-03132,Mendham,,Morris County,UNKNOWN
GGLOC-03133,Addison,,Dallas,UNKNOWN
GGLOC-03134,Hershey,,Dauphin County,UNKNOWN
GGLOC-03135,Port Aransas,,Nueces County,UNKNOWN
GGLOC-03136,University Park,,Dallas,UNKNOWN
GGLOC-03137,Plainfield,,Will County,UNKNOWN
GGLOC-03138,Tyngsborough,,Middlesex County,UNKNOWN
GGLOC-03139,San Jose,,Santa Clara County,UNKNOWN
GGLOC-03140,Seven Corners,,Fairfax County,UNKNOWN
GGLOC-03141,Holden Heights,,Orange County,UNKNOWN
GGLOC-03142,Midland,,Midland County,UNKNOWN
GGLOC-03143,Ashburn,,Loudoun County,UNKNOWN
GGLOC-03144,Langhorne,,Bucks County,UNKNOWN
GGLOC-03145,Bellwood,,Cook County,UNKNOWN
GGLOC-03146,Oxnard,,Ventura County,UNKNOWN
GGLOC-03147,Burke,,Fairfax County,UNKNOWN
GGLOC-03148,Bala Cynwyd,,Montgomery County,UNKNOWN
GGLOC-03149,Altadena,,Los Angeles County,UNKNOWN
GGLOC-03150,Houma,,Terrebonne Parish,UNKNOWN
GGLOC-03151,Mchenry,,Mchenry County,UNKNOWN
GGLOC-03152,Hoyt Heights,,Sumter County,UNKNOWN
GGLOC-03153,Gladstone,,Clackamas County,UNKNOWN
GGLOC-03154,Lake In The Hills,,Mchenry County,UNKNOWN
GGLOC-03155,Sylacauga,,Talladega County,UNKNOWN
GGLOC-03156,Park Hills,,Kenton County,UNKNOWN
GGLOC-03157,New Carlisle,,St. Joseph County,UNKNOWN
GGLOC-03158,Bear Creek,,Luzerne County,UNKNOWN
GGLOC-03159,Bridgend County,,Wales,UNKNOWN
GGLOC-03160,Plymouth,,Wayne County,UNKNOWN
GGLOC-03161,Three Point,,Williamson County,UNKNOWN
GGLOC-03162,Fox Valley Facility,,Dupage County,UNKNOWN
GGLOC-03163,Brookston,,White County,UNKNOWN
GGLOC-03164,Easley,,Pickens County,UNKNOWN
GGLOC-03165,Savannah,,Chatham County,UNKNOWN
GGLOC-03166,Verona,,Dane County,UNKNOWN
GGLOC-03167,Montville,,Morris County,UNKNOWN
GGLOC-03168,Waterford,,Oakland County,UNKNOWN
GGLOC-03169,Broomhall,,Worcestershire,UNKNOWN
GGLOC-03170,North West England,,Uk,UNKNOWN
GGLOC-03171,Muskegon,,Muskegon County,UNKNOWN
GGLOC-03172,Sea Girt,,Monmouth County,UNKNOWN
GGLOC-03173,Wyoming,,Luzerne County,UNKNOWN
GGLOC-03174,Lauderdale Isles,,Broward County,UNKNOWN
GGLOC-03175,Jonestown,,Lebanon County,UNKNOWN
GGLOC-03176,Sellersburg,,Clark County,UNKNOWN
GGLOC-03177,Pleasant Hills,,Allegheny County,UNKNOWN
GGLOC-03178,West Jefferson,,Walker County,UNKNOWN
GGLOC-03179,Catskill,,Greene County,UNKNOWN
GGLOC-03180,Douglas,,Juneau,UNKNOWN
GGLOC-03181,Wapwallopen,,Luzerne County,UNKNOWN
GGLOC-03182,Folsom,,Sacramento County,UNKNOWN
GGLOC-03183,Oscar,,Bell County,UNKNOWN
GGLOC-03184,Milford,,Sussex County,UNKNOWN
GGLOC-03185,Magnolia Park,,Los Angeles County,UNKNOWN
GGLOC-03186,Clayton,,Contra Costa County,UNKNOWN
GGLOC-03187,Arecibo,,Puerto Rico,UNKNOWN
GGLOC-03188,Coronado,,Pima County,UNKNOWN
GGLOC-03189,Pineridge,,Lexington County,UNKNOWN
GGLOC-03190,Duanesburg,,Schenectady County,UNKNOWN
GGLOC-03191,O'Hare,,Chicago,UNKNOWN
GGLOC-03192,Brandon,,Hillsborough County,UNKNOWN
GGLOC-03193,Peck Slip,,Manhattan,UNKNOWN
GGLOC-03194,Ferguson,,Saint Louis County,UNKNOWN
GGLOC-03195,Lewiston,,Nez Perce County,UNKNOWN
GGLOC-03196,Lochbuie,,Weld County,UNKNOWN
GGLOC-03197,Four Mile Lk,,Washtenaw County,UNKNOWN
GGLOC-03198,Emmer Green,,Reading,UNKNOWN
GGLOC-03199,Spring Hill,,Nevada County,UNKNOWN
GGLOC-03200,Oberlin,,Lorain County,UNKNOWN
GGLOC-03201,New Britain,,Hartford County,UNKNOWN
GGLOC-03202,Hobart,,Lake County,UNKNOWN
GGLOC-03203,Dawson,,Terrell County,UNKNOWN
GGLOC-03204,Lake Lure,,Rutherford County,UNKNOWN
GGLOC-03205,Palm City,,Martin County,UNKNOWN
GGLOC-03206,Camp Pendleton,,San Diego County,UNKNOWN
GGLOC-03207,Pembroke Lakes,,Broward County,UNKNOWN
GGLOC-03208,Bertram,,Burleson County,UNKNOWN
GGLOC-03209,Cascade,,Kent County,UNKNOWN
GGLOC-03210,Freehold,,Monmouth County,UNKNOWN
GGLOC-03211,Linlithgow,,West Lothian,UNKNOWN
GGLOC-03212,Schiller Park,,Cook County,UNKNOWN
GGLOC-03213,Clair Mel,,Hillsborough County,UNKNOWN
GGLOC-03214,Jupiter,,Palm Beach County,UNKNOWN
GGLOC-03215,Durango,,Dubuque County,UNKNOWN
GGLOC-03216,Crestwood,,Cook County,UNKNOWN
GGLOC-03217,Shelbyville,,Bedford County,UNKNOWN
GGLOC-03218,Grayslake,,Lake County,UNKNOWN
GGLOC-03219,Irving,,Chautauqua County,UNKNOWN
GGLOC-03220,Athens,,Limestone County,UNKNOWN
GGLOC-03221,Prince,,Manhattan,UNKNOWN
GGLOC-03222,Fernandina Beach,,Nassau County,UNKNOWN
GGLOC-03223,Clifton,,Mesa County,UNKNOWN
GGLOC-03224,Viola,,Olmsted County,UNKNOWN
GGLOC-03225,Muir Woods,,Marin County,UNKNOWN
GGLOC-03226,Altoona,,Polk County,UNKNOWN
GGLOC-03227,Nescopeck,,Luzerne County,UNKNOWN
GGLOC-03228,Detroit,,Wayne County,UNKNOWN
GGLOC-03229,Fairview Village,,Montgomery County,UNKNOWN
GGLOC-03230,Southaven,,Desoto County,UNKNOWN
GGLOC-03231,Poole,,Dorset,UNKNOWN
GGLOC-03232,Crownhill,,Milton Keynes,UNKNOWN
GGLOC-03233,Starlight Hills,,Los Angeles County,UNKNOWN
GGLOC-03234,Urbanización Levittown,,Toa Baja,UNKNOWN
GGLOC-03235,Cheltenham,,Prince George'S County,UNKNOWN
GGLOC-03236,Moulton,,Northampton,UNKNOWN
GGLOC-03237,Leesburg,,Loudoun County,UNKNOWN
GGLOC-03238,Oak Park,,Ventura County,UNKNOWN
GGLOC-03239,Carson Mall,,Carson City,UNKNOWN
GGLOC-03240,Carnation,,King County,UNKNOWN
GGLOC-03241,Weslaco,,Hidalgo County,UNKNOWN
GGLOC-03242,Juno Beach,,Palm Beach County,UNKNOWN
GGLOC-03243,Glenwood Springs,,Garfield County,UNKNOWN
GGLOC-03244,Gresham,,Multnomah County,UNKNOWN
GGLOC-03245,Southworth,,Kitsap County,UNKNOWN
GGLOC-03246,Dover,,Olmsted County,UNKNOWN
GGLOC-03247,Fort Logan,,Denver,UNKNOWN
GGLOC-03248,Shortlands,,Bromley,UNKNOWN
GGLOC-03249,Oshkosh,,Winnebago County,UNKNOWN
GGLOC-03250,Pineville,,Mecklenburg County,UNKNOWN
GGLOC-03251,Canton,,Hartford County,UNKNOWN
GGLOC-03252,Dixon,,Lee County,UNKNOWN
GGLOC-03253,Ashland,,Jackson County,UNKNOWN
GGLOC-03254,Indio,,Riverside County,UNKNOWN
GGLOC-03255,Granville,,Licking County,UNKNOWN
GGLOC-03256,Clay,,Jefferson County,UNKNOWN
GGLOC-03257,Greensburg,,Westmoreland County,UNKNOWN
GGLOC-03258,Bakersfield,,Kern County,UNKNOWN
GGLOC-03259,Rogers Park,,Chicago,UNKNOWN
GGLOC-03260,Miles City,,Custer County,UNKNOWN
GGLOC-03261,Grandview Heights,,Watauga County,UNKNOWN
GGLOC-03262,Grandview,,Franklin County,UNKNOWN
GGLOC-03263,Mechanic Falls,,Androscoggin County,UNKNOWN
GGLOC-03264,Rolleston-On-Dove,,Burton-On-Trent,UNKNOWN
GGLOC-03265,Grover,,Bradford County,UNKNOWN
GGLOC-03266,Idaho City,,Boise County,UNKNOWN
GGLOC-03267,South Bloomfield,,Pickaway County,UNKNOWN
GGLOC-03268,Atlantic City,,Atlantic County,UNKNOWN
GGLOC-03269,Compton,,Los Angeles County,UNKNOWN
GGLOC-03270,Baton Rouge,,East Baton Rouge Parish,UNKNOWN
GGLOC-03271,Universal City,,Bexar County,UNKNOWN
GGLOC-03272,Wadsworth,,Lake County,UNKNOWN
GGLOC-03273,Mascot,,Furnas County,UNKNOWN
GGLOC-03274,Shepherdstown,,Jefferson County,UNKNOWN
GGLOC-03275,Milton,,Northumberland County,UNKNOWN
GGLOC-03276,Northfield,,Rice County,UNKNOWN
GGLOC-03277,Lake Worth,,Palm Beach County,UNKNOWN
GGLOC-03278,Fishponds,,Bristol,UNKNOWN
GGLOC-03279,Thief River Falls,,Pennington County,UNKNOWN
GGLOC-03280,Edgewater Park,,Burlington County,UNKNOWN
GGLOC-03281,Town Of Nocatee,,St. Johns County,UNKNOWN
GGLOC-03282,Sappington,,Saint Louis County,UNKNOWN
GGLOC-03283,Decatur,,Macon County,UNKNOWN
GGLOC-03284,Fairless Hills,,Bucks County,UNKNOWN
GGLOC-03285,Fruitridge,,Sacramento County,UNKNOWN
GGLOC-03286,Rolling Meadows,,Cook County,UNKNOWN
GGLOC-03287,Ocean Springs,,Jackson County,UNKNOWN
GGLOC-03288,Howell,,Monmouth County,UNKNOWN
GGLOC-03289,Gary,,Lake County,UNKNOWN
GGLOC-03290,Downtown Joliet,,Will County,UNKNOWN
GGLOC-03291,Safety Harbor,,Pinellas County,UNKNOWN
GGLOC-03292,Benton,,Marshall County,UNKNOWN
GGLOC-03293,Bedford,,Tarrant County,UNKNOWN
GGLOC-03294,Huntingdon,,Huntingdon County,UNKNOWN
GGLOC-03295,Moody,,St. Clair County,UNKNOWN
GGLOC-03296,Tuscaloosa,,Tuscaloosa County,UNKNOWN
GGLOC-03297,Harrisburg,,Dauphin County,UNKNOWN
GGLOC-03298,Mcmicken Heights,,King County,UNKNOWN
GGLOC-03299,Chesterland,,Geauga County,UNKNOWN
GGLOC-03300,Georgia,,Us,UNKNOWN
GGLOC-03301,Round Rock,,Williamson County,UNKNOWN
GGLOC-03302,Andover,,Essex County,UNKNOWN
GGLOC-03303,Kittanning,,Armstrong County,UNKNOWN
GGLOC-03304,Sun,,Riverside County,UNKNOWN
GGLOC-03305,Bedfordshire,,Eastern England,UNKNOWN
GGLOC-03306,Urbanna,,Middlesex County,UNKNOWN
GGLOC-03307,Fairfield,,Fairfield County,UNKNOWN
GGLOC-03308,Salisbury,,Wicomico County,UNKNOWN
GGLOC-03309,Hanover,,Hanover County,UNKNOWN
GGLOC-03310,Brighton,,Adams County,UNKNOWN
GGLOC-03311,Tunkhannock,,Wyoming County,UNKNOWN
GGLOC-03312,Mission Hill,,Suffolk County,UNKNOWN
GGLOC-03313,Fairfax,,Fairfax County,UNKNOWN
GGLOC-03314,South Waltham,,Middlesex County,UNKNOWN
GGLOC-03315,Lodi,,Columbia County,UNKNOWN
GGLOC-03316,Brier,,Snohomish County,UNKNOWN
GGLOC-03317,Clinton,,Custer County,UNKNOWN
GGLOC-03318,Moline Acres,,Saint Louis County,UNKNOWN
GGLOC-03319,Urbana,,Champaign County,UNKNOWN
GGLOC-03320,Vernon,,Oneida County,UNKNOWN
GGLOC-03321,Cleveland,,Bradley County,UNKNOWN
GGLOC-03322,Black Forest,,El Paso County,UNKNOWN
GGLOC-03323,Chandler Heights,,Maricopa County,UNKNOWN
GGLOC-03324,Crestwood,,Houston,UNKNOWN
GGLOC-03325,Sayville,,Suffolk County,UNKNOWN
GGLOC-03326,Hillcrest,,Broward County,UNKNOWN
GGLOC-03327,Jonesboro,,Craighead County,UNKNOWN
GGLOC-03328,North Hills,,Wake County,UNKNOWN
GGLOC-03329,Chatham,,Morris County,UNKNOWN
GGLOC-03330,Syracuse,,Hamilton County,UNKNOWN
GGLOC-03331,Weatherford,,Parmer County,UNKNOWN
GGLOC-03332,Annapolis,,Anne Arundel County,UNKNOWN
GGLOC-03333,Forked River,,Ocean County,UNKNOWN
GGLOC-03334,Dortches,,Edgecombe County,UNKNOWN
GGLOC-03335,Cypress,,Harris County,UNKNOWN
GGLOC-03336,Blaine,,Anoka County,UNKNOWN
GGLOC-03337,Beloit,,Rock County,UNKNOWN
GGLOC-03338,Edinburg,,Hidalgo County,UNKNOWN
GGLOC-03339,Thames View Industrial Park,,Abingdon,UNKNOWN
GGLOC-03340,Five Points,,Wake County,UNKNOWN
GGLOC-03341,Southampton,,Hampshire,UNKNOWN
GGLOC-03342,Lewistown,,Frederick County,UNKNOWN
GGLOC-03343,Helena,,Shelby County,UNKNOWN
GGLOC-03344,Highwood,,Lake County,UNKNOWN
GGLOC-03345,Waco,,Mclennan County,UNKNOWN
GGLOC-03346,The Ridgeway,,Enfield,UNKNOWN
GGLOC-03347,Chalfont St. Giles,,Buckinghamshire,UNKNOWN
GGLOC-03348,Bootle,,Merseyside,UNKNOWN
GGLOC-03349,Louviers,,Douglas County,UNKNOWN
GGLOC-03350,Washburn,,Marshall County,UNKNOWN
GGLOC-03351,San Antonio,,Conejos County,UNKNOWN
GGLOC-03352,Mount Eden,,Alameda County,UNKNOWN
GGLOC-03353,Elmira,,Stark County,UNKNOWN
GGLOC-03354,Gouldsboro,,Wayne County,UNKNOWN
GGLOC-03355,Tustin,,Orange County,UNKNOWN
GGLOC-03356,Main Avenue Station,,Passaic County,UNKNOWN
GGLOC-03357,Minnesota Lake,,Faribault County,UNKNOWN
GGLOC-03358,Aquashicola,,Carbon County,UNKNOWN
GGLOC-03359,San Rafael,,Marin County,UNKNOWN
GGLOC-03360,White Oak,,Gregg County,UNKNOWN
GGLOC-03361,Ridgemont,,Monroe County,UNKNOWN
GGLOC-03362,Glenrothes,,Fife,UNKNOWN
GGLOC-03363,North Sioux City,,Union County,UNKNOWN
GGLOC-03364,Greenwood Village,,Arapahoe County,UNKNOWN
GGLOC-03365,Douglasville,,Douglas County,UNKNOWN
GGLOC-03366,Elizabeth,,Elbert County,UNKNOWN
GGLOC-03367,Rickerby,,Carlisle,UNKNOWN
GGLOC-03368,Alamogordo,,Otero County,UNKNOWN
GGLOC-03369,Kelly Springs,,Houston County,UNKNOWN
GGLOC-03370,Kailua,,Honolulu,UNKNOWN
GGLOC-03371,Smithtown,,Suffolk County,UNKNOWN
GGLOC-03372,Sheboygan,,Sheboygan County,UNKNOWN
GGLOC-03373,Groveland,,Bingham County,UNKNOWN
GGLOC-03374,Emmaus,,Lehigh County,UNKNOWN
GGLOC-03375,Conway,,Carroll County,UNKNOWN
GGLOC-03376,Harrisburg,,St. Clair County,UNKNOWN
GGLOC-03377,West Acton,,Middlesex County,UNKNOWN
GGLOC-03378,Seatac,,King County,UNKNOWN
GGLOC-03379,Newbury,,West Berkshire,UNKNOWN
GGLOC-03380,Truckee,,Nevada County,UNKNOWN
GGLOC-03381,Warwickshire,,West Midlands,UNKNOWN
GGLOC-03382,Stoneham,,Middlesex County,UNKNOWN
GGLOC-03383,Trenton,,Gilchrist County,UNKNOWN
GGLOC-03384,Ogunquit,,York County,UNKNOWN
GGLOC-03385,Dunbarton,,Aiken County,UNKNOWN
GGLOC-03386,Olympia,,Richland County,UNKNOWN
GGLOC-03387,North Decatur,,Dekalb County,UNKNOWN
GGLOC-03388,Wheat Ridge,,Jefferson County,UNKNOWN
GGLOC-03389,Van Etten,,Chemung County,UNKNOWN
GGLOC-03390,Montgomery,,Kendall County,UNKNOWN
GGLOC-03391,Mexico,,Oxford County,UNKNOWN
GGLOC-03392,Fenton,,Genesee County,UNKNOWN
GGLOC-03393,Miamiville,,Clermont County,UNKNOWN
GGLOC-03394,Temecula,,Riverside County,UNKNOWN
GGLOC-03395,Etna,,Siskiyou County,UNKNOWN
GGLOC-03396,Glendale,,Maricopa County,UNKNOWN
GGLOC-03397,Athens,,Athens County,UNKNOWN
GGLOC-03398,Holmdel,,Monmouth County,UNKNOWN
GGLOC-03399,Mulberry,,Crawford County,UNKNOWN
GGLOC-03400,South Hutchinson,,Reno County,UNKNOWN
GGLOC-03401,Mount Horeb,,Dane County,UNKNOWN
GGLOC-03402,Spring Valley,,Yavapai County,UNKNOWN
GGLOC-03403,Huber,,Bibb County,UNKNOWN
GGLOC-03404,Gurnee,,Lake County,UNKNOWN
GGLOC-03405,Redcliffe,,Bristol,UNKNOWN
GGLOC-03406,Wildwood,,Sumter County,UNKNOWN
GGLOC-03407,Peru,,Lasalle County,UNKNOWN
GGLOC-03408,Sarasota,,Manatee County,UNKNOWN
GGLOC-03409,Harrisonburg,,Harrisonburg City,UNKNOWN
GGLOC-03410,Coconut Grove,,Miami-Dade County,UNKNOWN
GGLOC-03411,Belle Plaine,,Benton County,UNKNOWN
GGLOC-03412,Rochdale Village,,Queens,UNKNOWN
GGLOC-03413,Grand Ledge,,Eaton County,UNKNOWN
GGLOC-03414,Westminster,,Orange County,UNKNOWN
GGLOC-03415,Dixiana,,Jefferson County,UNKNOWN
GGLOC-03416,Jefferson City,,Jefferson County,UNKNOWN
GGLOC-03417,Canton,,Norfolk County,UNKNOWN
GGLOC-03418,Asheville,,Buncombe County,UNKNOWN
GGLOC-03419,Kinloch,,Saint Louis County,UNKNOWN
GGLOC-03420,Fort Leavenworth,,Leavenworth County,UNKNOWN
GGLOC-03421,Oshkosh,,Garden County,UNKNOWN
GGLOC-03422,Leatherhead,,Surrey,UNKNOWN
GGLOC-03423,Newburgh Heights,,Cuyahoga County,UNKNOWN
GGLOC-03424,Ingleton,,Darlington,UNKNOWN
GGLOC-03425,Leeds,,West Yorkshire,UNKNOWN
GGLOC-03426,Dunstable,,Bedfordshire,UNKNOWN
GGLOC-03427,Tacoma,,Delaware County,UNKNOWN
GGLOC-03428,Barneveld,,Iowa County,UNKNOWN
GGLOC-03429,Raymond,,Coweta County,UNKNOWN
GGLOC-03430,Johns Creek,,Fulton County,UNKNOWN
GGLOC-03431,Annandale,,Fairfax County,UNKNOWN
GGLOC-03432,Auburndale,,Middlesex County,UNKNOWN
GGLOC-03433,Grafton,,Grafton County,UNKNOWN
GGLOC-03434,Pond Cove,,Cumberland County,UNKNOWN
GGLOC-03435,Glendora,,Los Angeles County,UNKNOWN
GGLOC-03436,Hygiene,,Boulder County,UNKNOWN
GGLOC-03437,Fremont,,Alameda County,UNKNOWN
GGLOC-03438,Waunakee,,Dane County,UNKNOWN
GGLOC-03439,Royersford,,Montgomery County,UNKNOWN
GGLOC-03440,Troy,,Miami County,UNKNOWN
GGLOC-03441,South Florida,,Broward County,UNKNOWN
GGLOC-03442,Shreve Island,,Caddo Parish,UNKNOWN
GGLOC-03443,West Peabody,,Essex County,UNKNOWN
GGLOC-03444,Maple Valley,,Summit County,UNKNOWN
GGLOC-03445,Exeter,,Tulare County,UNKNOWN
GGLOC-03446,Dunn Loring,,Fairfax County,UNKNOWN
GGLOC-03447,West Indianapolis,,Marion County,UNKNOWN
GGLOC-03448,Florence,,Pinal County,UNKNOWN
GGLOC-03449,Upper Arlington,,Franklin County,UNKNOWN
GGLOC-03450,Colonial Heights,,Colonial Heights City,UNKNOWN
GGLOC-03451,Tyler Park,,Hudson County,UNKNOWN
GGLOC-03452,Pine Lawn,,Saint Louis,UNKNOWN
GGLOC-03453,Cardiff County,,Wales,UNKNOWN
GGLOC-03454,George School,,Bucks County,UNKNOWN
GGLOC-03455,Loch Alpine,,Washtenaw County,UNKNOWN
GGLOC-03456,Naples,,Los Angeles County,UNKNOWN
GGLOC-03457,Briarwood,,Queens,UNKNOWN
GGLOC-03458,Kittery Point,,York County,UNKNOWN
GGLOC-03459,Whitehall,,Avoyelles Parish,UNKNOWN
GGLOC-03460,Boulder,,Boulder County,UNKNOWN
GGLOC-03461,Turnersville,,Camden County,UNKNOWN
GGLOC-03462,Fogelsville,,Lehigh County,UNKNOWN
GGLOC-03463,Covington,,Covington City,UNKNOWN
GGLOC-03464,Maryland Heights,,Saint Louis County,UNKNOWN
GGLOC-03465,Woodville,,Jackson County,UNKNOWN
GGLOC-03466,Haven,,Sheboygan County,UNKNOWN
GGLOC-03467,Buellton,,Santa Barbara County,UNKNOWN
GGLOC-03468,Wake Forest,,Wake County,UNKNOWN
GGLOC-03469,Williamsburg,,James City County,UNKNOWN
GGLOC-03470,Mesquite,,Dallas,UNKNOWN
GGLOC-03471,Bedford,,Bedford County,UNKNOWN
GGLOC-03472,Defreestville,,Rensselaer County,UNKNOWN
GGLOC-03473,Laconia,,Belknap County,UNKNOWN
GGLOC-03474,Metuchen,,Middlesex County,UNKNOWN
GGLOC-03475,New Glarus,,Green County,UNKNOWN
GGLOC-03476,Springtown,,Parmer County,UNKNOWN
GGLOC-03477,Covington,,Newton County,UNKNOWN
GGLOC-03478,Pinehaven,,Charleston County,UNKNOWN
GGLOC-03479,Turners Falls,,Franklin County,UNKNOWN
GGLOC-03480,Shively,,Jefferson County,UNKNOWN
GGLOC-03481,Austin,,Lonoke County,UNKNOWN
GGLOC-03482,Williams Grv,,Cumberland County,UNKNOWN
GGLOC-03483,Woodbridge,,San Joaquin County,UNKNOWN
GGLOC-03484,Sunset Island,,Miami-Dade County,UNKNOWN
GGLOC-03485,Pompton Plains,,Morris County,UNKNOWN
GGLOC-03486,University Park,,Manatee County,UNKNOWN
GGLOC-03487,Daytona Beach,,Volusia County,UNKNOWN
GGLOC-03488,Bisham,,Marlow,UNKNOWN
GGLOC-03489,Mantua,,Gloucester County,UNKNOWN
GGLOC-03490,Conyngham,,Luzerne County,UNKNOWN
GGLOC-03491,Elk Run Heights,,Black Hawk County,UNKNOWN
GGLOC-03492,Damariscotta,,Lincoln County,UNKNOWN
GGLOC-03493,Sebring,,Highlands County,UNKNOWN
GGLOC-03494,Grangetown,,Cardiff,UNKNOWN
GGLOC-03495,Shoreline,,King County,UNKNOWN
GGLOC-03496,Indianapolis,,Marion County,UNKNOWN
GGLOC-03497,Hingham,,Plymouth County,UNKNOWN
GGLOC-03498,Wiltshire,,South West England,UNKNOWN
GGLOC-03499,Marysville,,Union County,UNKNOWN
GGLOC-03500,Hatfield,,Montgomery County,UNKNOWN
GGLOC-03501,Woodbridge,,Monroe County,UNKNOWN
GGLOC-03502,Millsap,,Parmer County,UNKNOWN
GGLOC-03503,Puritas Park,,Cuyahoga County,UNKNOWN
GGLOC-03504,Columbus,,Lowndes County,UNKNOWN
GGLOC-03505,The Woodlands,,Montgomery County,UNKNOWN
GGLOC-03506,Lakeland,,Polk County,UNKNOWN
GGLOC-03507,Shannon Plaza,,Durham County,UNKNOWN
GGLOC-03508,Danville East,,Montour County,UNKNOWN
GGLOC-03509,Middletown,,Butler County,UNKNOWN
GGLOC-03510,Twin Falls,,Twin Falls County,UNKNOWN
GGLOC-03511,Yorktown Heights,,Westchester County,UNKNOWN
GGLOC-03512,Quincy,,Plumas County,UNKNOWN
GGLOC-03513,East Glastonbury,,Hartford County,UNKNOWN
GGLOC-03514,Elgin,,Kane County,UNKNOWN
GGLOC-03515,Cushing,,Salt Lake County,UNKNOWN
GGLOC-03516,Upper West Side,,Manhattan,UNKNOWN
GGLOC-03517,Bowie,,Prince George'S County,UNKNOWN
GGLOC-03518,Fleet,,Hampshire,UNKNOWN
GGLOC-03519,Brompton,,Gillingham,UNKNOWN
GGLOC-03520,Huntersville,,Ripley County,UNKNOWN
GGLOC-03521,Osnaburg,,Stark County,UNKNOWN
GGLOC-03522,San Tan Valley,,Pinal County,UNKNOWN
GGLOC-03523,Lafayette,,Tippecanoe County,UNKNOWN
GGLOC-03524,Davenport,,Scott County,UNKNOWN
GGLOC-03525,Santa Teresa,,Doña Ana County,UNKNOWN
GGLOC-03526,Bemidji,,Beltrami County,UNKNOWN
GGLOC-03527,West Lebanon,,Grafton County,UNKNOWN
GGLOC-03528,Valparaiso,,Porter County,UNKNOWN
GGLOC-03529,Highland Heights,,Campbell County,UNKNOWN
GGLOC-03530,Waban,,Middlesex County,UNKNOWN
GGLOC-03531,Huntington,,Orange County,UNKNOWN
GGLOC-03532,Withdean,,Brighton,UNKNOWN
GGLOC-03533,Estill Springs,,Franklin County,UNKNOWN
GGLOC-03534,Eldridge/West Oaks,,Houston,UNKNOWN
GGLOC-03535,Weatherby Lake,,Platte County,UNKNOWN
GGLOC-03536,Hollister,,San Benito County,UNKNOWN
GGLOC-03537,Choctaw,,Oklahoma County,UNKNOWN
GGLOC-03538,Westchester,,Cook County,UNKNOWN
GGLOC-03539,Hamilton,,Mercer County,UNKNOWN
GGLOC-03540,Newton Lower Falls,,Middlesex County,UNKNOWN
GGLOC-03541,Mokena,,Will County,UNKNOWN
GGLOC-03542,Alameda,,Alameda County,UNKNOWN
GGLOC-03543,Madison,,Davidson County,UNKNOWN
GGLOC-03544,Eastwick,,Philadelphia County,UNKNOWN
GGLOC-03545,Monroe,,Ouachita Parish,UNKNOWN
GGLOC-03546,Kenwood,,Sonoma County,UNKNOWN
GGLOC-03547,Simsbury,,Hartford County,UNKNOWN
GGLOC-03548,Boskydell,,Jackson County,UNKNOWN
GGLOC-03549,Riverside,,Providence County,UNKNOWN
GGLOC-03550,Jacksonville,,Duval County,UNKNOWN
GGLOC-03551,Englewood,,Sarasota County,UNKNOWN
GGLOC-03552,West Loop,,Chicago,UNKNOWN
GGLOC-03553,Oxon Hill,,Prince George'S County,UNKNOWN
GGLOC-03554,Hazelwood,,Allen County,UNKNOWN
GGLOC-03555,William Penn Annex West,,Philadelphia County,UNKNOWN
GGLOC-03556,Welwyn Garden City,,Hertfordshire,UNKNOWN
GGLOC-03557,Wantage,,Oxfordshire,UNKNOWN
GGLOC-03558,Ada,,Pontotoc County,UNKNOWN
GGLOC-03559,River North,,Chicago,UNKNOWN
GGLOC-03560,Devils Lake,,Ramsey County,UNKNOWN
GGLOC-03561,Oakwood,,Montgomery County,UNKNOWN
GGLOC-03562,Orangeburg,,Rockland County,UNKNOWN
GGLOC-03563,Auburn Gresham,,Chicago,UNKNOWN
GGLOC-03564,Chandler,,Maricopa County,UNKNOWN
GGLOC-03565,Kohrville,,Harris County,UNKNOWN
GGLOC-03566,Hinsdale,,Dupage County,UNKNOWN
GGLOC-03567,Northfield,,Litchfield County,UNKNOWN
GGLOC-03568,South Cheektowaga,,Erie County,UNKNOWN
GGLOC-03569,Jersey City,,Hudson County,UNKNOWN
GGLOC-03570,Murrell,,Lancaster County,UNKNOWN
GGLOC-03571,Redondo Beach,,Los Angeles County,UNKNOWN
GGLOC-03572,Moscow,,Lackawanna County,UNKNOWN
GGLOC-03573,Fort Irwin,,San Bernardino County,UNKNOWN
GGLOC-03574,Balboa Island,,Orange County,UNKNOWN
GGLOC-03575,Bismarck,,Hot Spring County,UNKNOWN
GGLOC-03576,Roanoke,,Roanoke County,UNKNOWN
GGLOC-03577,Victoria,,Victoria County,UNKNOWN
GGLOC-03578,Winchester,,Drew County,UNKNOWN
GGLOC-03579,Torrance,,Los Angeles County,UNKNOWN
GGLOC-03580,Jericho,,Nassau County,UNKNOWN
GGLOC-03581,Clyde,,Sandusky County,UNKNOWN
GGLOC-03582,Williston,,Levy County,UNKNOWN
GGLOC-03583,Provo,,Utah County,UNKNOWN
GGLOC-03584,Hollywood,,Clark County,UNKNOWN
GGLOC-03585,Hopewell,,Hopewell City,UNKNOWN
GGLOC-03586,Brooklyn,,Susquehanna County,UNKNOWN
GGLOC-03587,Falls Church City,,Virginia,UNKNOWN
GGLOC-03588,North Hill,,Summit County,UNKNOWN
GGLOC-03589,Prescott Valley,,Yavapai County,UNKNOWN
GGLOC-03590,Lakeport,,Lake County,UNKNOWN
GGLOC-03591,Fulton,,Hempstead County,UNKNOWN
GGLOC-03592,Roaring Branch,,Tioga County,UNKNOWN
GGLOC-03593,Normandy Isle,,Miami-Dade County,UNKNOWN
GGLOC-03594,Bethel,,Alaska,UNKNOWN
GGLOC-03595,Woodstock,,Howard County,UNKNOWN
GGLOC-03596,Skyland,,Tuscaloosa County,UNKNOWN
GGLOC-03597,Surrey,,South East England,UNKNOWN
GGLOC-03598,Feasterville,,Bucks County,UNKNOWN
GGLOC-03599,South Norfolk,,Chesapeake City,UNKNOWN
GGLOC-03600,Long Ashton,,Bristol,UNKNOWN
GGLOC-03601,Simi Valley,,Ventura County,UNKNOWN
GGLOC-03602,Chagrin Falls,,Cuyahoga County,UNKNOWN
GGLOC-03603,Rocky Hill,,Hartford County,UNKNOWN
GGLOC-03604,Perry,,Perry County,UNKNOWN
GGLOC-03605,North Richmond,,Contra Costa County,UNKNOWN
GGLOC-03606,Dandridge,,Jefferson County,UNKNOWN
GGLOC-03607,Creve Coeur,,Tazewell County,UNKNOWN
GGLOC-03608,Ny State Campus,,Albany County,UNKNOWN
GGLOC-03609,Cheyenne,,Laramie County,UNKNOWN
GGLOC-03610,Imperial,,Imperial County,UNKNOWN
GGLOC-03611,Collingdale,,Delaware County,UNKNOWN
GGLOC-03612,Williams,,Tulsa County,UNKNOWN
GGLOC-03613,Faribault,,Rice County,UNKNOWN
GGLOC-03614,Visalia,,Tulare County,UNKNOWN
GGLOC-03615,Illinois,,Us,UNKNOWN
GGLOC-03616,Byron,,Contra Costa County,UNKNOWN
GGLOC-03617,Westwood,,Norfolk County,UNKNOWN
GGLOC-03618,Waldon,,Contra Costa County,UNKNOWN
GGLOC-03619,Edgewater,,Anne Arundel County,UNKNOWN
GGLOC-03620,Redfield,,Jefferson County,UNKNOWN
GGLOC-03621,Cypress,,Orange County,UNKNOWN
GGLOC-03622,Wealdstone,,Harrow,UNKNOWN
GGLOC-03623,Falmouth,,Cumberland County,UNKNOWN
GGLOC-03624,Azalea Park,,Orange County,UNKNOWN
GGLOC-03625,Akron,,Summit County,UNKNOWN
GGLOC-03626,Fayetteville,,Fayette County,UNKNOWN
GGLOC-03627,Shelburne,,Franklin County,UNKNOWN
GGLOC-03628,Hamilton,,Hamilton County,UNKNOWN
GGLOC-03629,Kannapolis,,Cabarrus County,UNKNOWN
GGLOC-03630,Daffan,,Travis County,UNKNOWN
GGLOC-03631,Pittsburgh,,Allegheny County,UNKNOWN
GGLOC-03632,Elger Bay,,Snohomish County,UNKNOWN
GGLOC-03633,North Holmwood,,Dorking,UNKNOWN
GGLOC-03634,Towanda,,Bradford County,UNKNOWN
GGLOC-03635,Paragould,,Greene County,UNKNOWN
GGLOC-03636,Port Everglades,,Broward County,UNKNOWN
GGLOC-03637,Murfreesboro,,Rutherford County,UNKNOWN
GGLOC-03638,Parryville,,Carbon County,UNKNOWN
GGLOC-03639,Salado,,Bell County,UNKNOWN
GGLOC-03640,State Farm,,Arlington County,UNKNOWN
GGLOC-03641,Pottstown,,Montgomery County,UNKNOWN
GGLOC-03642,Opa Locka,,Miami-Dade County,UNKNOWN
GGLOC-03643,Greene,,Chenango County,UNKNOWN
GGLOC-03644,Luzerne,,Luzerne County,UNKNOWN
GGLOC-03645,Walnut Hills,,Hamilton County,UNKNOWN
GGLOC-03646,Endwell,,Broome County,UNKNOWN
GGLOC-03647,West Gulfport,,Gulfport,UNKNOWN
GGLOC-03648,Narrowsburg,,Sullivan County,UNKNOWN
GGLOC-03649,Brooklyn Heights,,Cuyahoga County,UNKNOWN
GGLOC-03650,Sweet Home,,Linn County,UNKNOWN
GGLOC-03651,White Marsh,,Baltimore County,UNKNOWN
GGLOC-03652,Godfrey,,Madison County,UNKNOWN
GGLOC-03653,North Metro,,Gwinnett County,UNKNOWN
GGLOC-03654,Hyattsville,,Prince George'S County,UNKNOWN
GGLOC-03655,Surfside Beach,,Horry County,UNKNOWN
GGLOC-03656,Stuart,,Martin County,UNKNOWN
GGLOC-03657,Leonardtown,,St. Mary'S County,UNKNOWN
GGLOC-03658,Des Moines,,Polk County,UNKNOWN
GGLOC-03659,Southend-On-Sea,,Essex,UNKNOWN
GGLOC-03660,Omaha,,Douglas County,UNKNOWN
GGLOC-03661,Ceylon,,Adams County,UNKNOWN
GGLOC-03662,Cody,,Park County,UNKNOWN
GGLOC-03663,Fort Sam Houston,,Bexar County,UNKNOWN
GGLOC-03664,Salem,,Essex County,UNKNOWN
GGLOC-03665,Freeport,,Cumberland County,UNKNOWN
GGLOC-03666,Miamitown,,Hamilton County,UNKNOWN
GGLOC-03667,Bethpage,,Nassau County,UNKNOWN
GGLOC-03668,Jones Springs,,Berkeley County,UNKNOWN
GGLOC-03669,Ogdensburg,,Saint Lawrence County,UNKNOWN
GGLOC-03670,Irvine,,Orange County,UNKNOWN
GGLOC-03671,Palm Coast,,Flagler County,UNKNOWN
GGLOC-03672,Palos Heights,,Cook County,UNKNOWN
GGLOC-03673,Turner,,Androscoggin County,UNKNOWN
GGLOC-03674,Afton,,Greene County,UNKNOWN
GGLOC-03675,North Tonawanda,,Niagara County,UNKNOWN
GGLOC-03676,Marietta,,Washington County,UNKNOWN
GGLOC-03677,Kokomo,,Howard County,UNKNOWN
GGLOC-03678,Jericho,,Lee County,UNKNOWN
GGLOC-03679,Union,,Union County,UNKNOWN
GGLOC-03680,Meadowbrook,,Shelby County,UNKNOWN
GGLOC-03681,Wellsville,,Allegany County,UNKNOWN
GGLOC-03682,Phillips Ranch,,Los Angeles County,UNKNOWN
GGLOC-03683,Albion,,Boone County,UNKNOWN
GGLOC-03684,East Greenwich,,Kent County,UNKNOWN
GGLOC-03685,New Richmond,,Clermont County,UNKNOWN
GGLOC-03686,Fair Oaks,,Kendall County,UNKNOWN
GGLOC-03687,Prescott,,Yavapai County,UNKNOWN
GGLOC-03688,Miamisburg,,Montgomery County,UNKNOWN
GGLOC-03689,Hayes,,Bromley,UNKNOWN
GGLOC-03690,Millbrook,,Larne,UNKNOWN
GGLOC-03691,Portland,,Fremont County,UNKNOWN
GGLOC-03692,Arlington,,Arlington County,UNKNOWN
GGLOC-03693,Asheboro,,Randolph County,UNKNOWN
GGLOC-03694,Sycamore,,Jefferson County,UNKNOWN
GGLOC-03695,Kohler,,Sheboygan County,UNKNOWN
GGLOC-03696,Mount Laurel Township,,Burlington County,UNKNOWN
GGLOC-03697,San Angelo,,Tom Green County,UNKNOWN
GGLOC-03698,Bee Cave,,Travis County,UNKNOWN
GGLOC-03699,White,,Larue County,UNKNOWN
GGLOC-03700,Union Grove,,Racine County,UNKNOWN
GGLOC-03701,Mount Vernon,,Westchester County,UNKNOWN
GGLOC-03702,Swampscott,,Essex County,UNKNOWN
GGLOC-03703,Pleasanton,,Alameda County,UNKNOWN
GGLOC-03704,Wenonah,,Jefferson County,UNKNOWN
GGLOC-03705,Allston,,Suffolk County,UNKNOWN
GGLOC-03706,Mount Pleasant,,Charleston County,UNKNOWN
GGLOC-03707,Fort Monroe,,Hampton City,UNKNOWN
GGLOC-03708,Pantego,,Tarrant County,UNKNOWN
GGLOC-03709,Beachwood,,Cuyahoga County,UNKNOWN
GGLOC-03710,Morgantown,,Monongalia County,UNKNOWN
GGLOC-03711,Deer Park,,Suffolk County,UNKNOWN
GGLOC-03712,Bozeman,,Gallatin County,UNKNOWN
GGLOC-03713,Nesquehoning,,Carbon County,UNKNOWN
GGLOC-03714,West Truckee,,Nevada County,UNKNOWN
GGLOC-03715,Hunts Point And Mott Haven,,Bronx,UNKNOWN
GGLOC-03716,Mount Marion,,Ulster County,UNKNOWN
GGLOC-03717,Johnson City,,Washington County,UNKNOWN
GGLOC-03718,Wilmslow,,Cheshire,UNKNOWN
GGLOC-03719,Silver Lake,,York County,UNKNOWN
GGLOC-03720,Bridgetown,,Hamilton County,UNKNOWN
GGLOC-03721,Maryville,,Madison County,UNKNOWN
GGLOC-03722,Newton,,Newton County,UNKNOWN
GGLOC-03723,Laporte County,,Indiana,UNKNOWN
GGLOC-03724,Jacksboro,,Campbell County,UNKNOWN
GGLOC-03725,Santa Rita,,Guam,UNKNOWN
GGLOC-03726,Big Sandy,,Upshur County,UNKNOWN
GGLOC-03727,Cahaba Heights,,Jefferson County,UNKNOWN
GGLOC-03728,College Station,,Brazos County,UNKNOWN
GGLOC-03729,Wakefield,,Washington County,UNKNOWN
GGLOC-03730,Scotchtown Branch,,Orange County,UNKNOWN
GGLOC-03731,Brunswick,,Medina County,UNKNOWN
GGLOC-03732,Oak Hill,,Fayette County,UNKNOWN
GGLOC-03733,Windsor,,Windsor County,UNKNOWN
GGLOC-03734,Oyster Bay,,Nassau County,UNKNOWN
GGLOC-03735,Carteret,,Middlesex County,UNKNOWN
GGLOC-03736,Rensselaer,,Rensselaer County,UNKNOWN
GGLOC-03737,San Martin,,Santa Clara County,UNKNOWN
GGLOC-03738,Mckinney,,Bradley County,UNKNOWN
GGLOC-03739,Delair,,Camden County,UNKNOWN
GGLOC-03740,West Newton,,Middlesex County,UNKNOWN
GGLOC-03741,Borough Park,,Brooklyn,UNKNOWN
GGLOC-03742,Broken Arrow,,Tulsa County,UNKNOWN
GGLOC-03743,Lewiston,,Androscoggin County,UNKNOWN
GGLOC-03744,Cypress,,Hale County,UNKNOWN
GGLOC-03745,Susquehanna,,Susquehanna County,UNKNOWN
GGLOC-03746,Clayton,,Johnston County,UNKNOWN
GGLOC-03747,Blacksburg,,Montgomery County,UNKNOWN
GGLOC-03748,Fruit Hill,,Hamilton County,UNKNOWN
GGLOC-03749,Ironbound,,Essex County,UNKNOWN
GGLOC-03750,Clinton,,Worcester County,UNKNOWN
GGLOC-03751,Pimmit,,Fairfax County,UNKNOWN
GGLOC-03752,Stanton Point,,Lake County,UNKNOWN
GGLOC-03753,Falls Village,,Litchfield County,UNKNOWN
GGLOC-03754,North Platte,,Lincoln County,UNKNOWN
GGLOC-03755,West Orange,,Essex County,UNKNOWN
GGLOC-03756,Fairfield,,Beaufort County,UNKNOWN
GGLOC-03757,Yarrow Point,,King County,UNKNOWN
GGLOC-03758,Claryville,,Campbell County,UNKNOWN
GGLOC-03759,Chesapeake,,Lawrence County,UNKNOWN
GGLOC-03760,Albany,,Dougherty County,UNKNOWN
GGLOC-03761,Redmond,,Deschutes County,UNKNOWN
GGLOC-03762,Eureka,,Carroll County,UNKNOWN
GGLOC-03763,Camp Dennison,,Hamilton County,UNKNOWN
GGLOC-03764,Clifford,,Bartholomew County,UNKNOWN
GGLOC-03765,Searcy,,White County,UNKNOWN
GGLOC-03766,Romeoville,,Will County,UNKNOWN
GGLOC-03767,Pine Bluff,,Sacramento County,UNKNOWN
GGLOC-03768,Milwaukee,,Milwaukee County,UNKNOWN
GGLOC-03769,Madisonville,,Saint Tammany Parish,UNKNOWN
GGLOC-03770,La Habra,,Orange County,UNKNOWN
GGLOC-03771,Itasca,,Dupage County,UNKNOWN
GGLOC-03772,Traders Point,,Marion County,UNKNOWN
GGLOC-03773,Village Of Wellington,,Palm Beach County,UNKNOWN
GGLOC-03774,Crossett,,Ashley County,UNKNOWN
GGLOC-03775,Chawton,,Alton,UNKNOWN
GGLOC-03776,Essex Junction,,Chittenden County,UNKNOWN
GGLOC-03777,Belton,,Bell County,UNKNOWN
GGLOC-03778,Jones,,Oklahoma County,UNKNOWN
GGLOC-03779,New Brunswick,,Middlesex County,UNKNOWN
GGLOC-03780,Morningdale,,Worcester County,UNKNOWN
GGLOC-03781,Grove City,,Mercer County,UNKNOWN
GGLOC-03782,Englefield,,Reading,UNKNOWN
GGLOC-03783,Parkersburg,,Wood County,UNKNOWN
GGLOC-03784,Matthews,,Jefferson County,UNKNOWN
GGLOC-03785,Washington,,Alamosa County,UNKNOWN
GGLOC-03786,Carbondale,,Lackawanna County,UNKNOWN
GGLOC-03787,Republic,,Republic County,UNKNOWN
GGLOC-03788,Evans,,Columbia County,UNKNOWN
GGLOC-03789,University,,Latah County,UNKNOWN
GGLOC-03790,Burton,,Madison County,UNKNOWN
GGLOC-03791,Westwood,,Hamilton County,UNKNOWN
GGLOC-03792,Ensley,,Escambia County,UNKNOWN
GGLOC-03793,Prairie Du Sac,,Sauk County,UNKNOWN
GGLOC-03794,Oxford,,Benton County,UNKNOWN
GGLOC-03795,Port Saint Lucie,,St. Lucie County,UNKNOWN
GGLOC-03796,Lake Helen,,Volusia County,UNKNOWN
GGLOC-03797,Monticello,,Wayne County,UNKNOWN
GGLOC-03798,Fairbank,,Santa Cruz County,UNKNOWN
GGLOC-03799,Orrville,,Wayne County,UNKNOWN
GGLOC-03800,Stanwell,,Staines,UNKNOWN
GGLOC-03801,Seguin,,Guadalupe County,UNKNOWN
GGLOC-03802,Mount Jackson,,Shenandoah County,UNKNOWN
GGLOC-03803,Nantucket,,Massachusetts,UNKNOWN
GGLOC-03804,Oneonta,,Otsego County,UNKNOWN
GGLOC-03805,Long Grove,,Lake County,UNKNOWN
GGLOC-03806,Chicopee,,Hampden County,UNKNOWN
GGLOC-03807,Clay Center,,Clay County,UNKNOWN
GGLOC-03808,Chapman Ranch,,Nueces County,UNKNOWN
GGLOC-03809,Bitteswell,,Lutterworth,UNKNOWN
GGLOC-03810,Waverly,,Tioga County,UNKNOWN
GGLOC-03811,Escondido,,San Diego County,UNKNOWN
GGLOC-03812,Wellesley,,Norfolk County,UNKNOWN
GGLOC-03813,Mentor,,Dubois County,UNKNOWN
GGLOC-03814,North Riverside,,Cook County,UNKNOWN
GGLOC-03815,Waterbury,,New Haven County,UNKNOWN
GGLOC-03816,Sidlow,,Reigate,UNKNOWN
GGLOC-03817,Granger,,Williamson County,UNKNOWN
GGLOC-03818,Bowling Green,,Wood County,UNKNOWN
GGLOC-03819,Holt,,Ingham County,UNKNOWN
GGLOC-03820,Haltom City,,Tarrant County,UNKNOWN
GGLOC-03821,Reynoldsburg,,Johnson County,UNKNOWN
GGLOC-03822,Goodwood,,Chichester,UNKNOWN
GGLOC-03823,Newton Solney,,Burton-On-Trent,UNKNOWN
GGLOC-03824,Charleston,,Charleston County,UNKNOWN
GGLOC-03825,Franklin,,Warren County,UNKNOWN
GGLOC-03826,Siesta Key,,Sarasota County,UNKNOWN
GGLOC-03827,Park,,Lake County,UNKNOWN
GGLOC-03828,Mendota,,Lasalle County,UNKNOWN
GGLOC-03829,Lagrange,,Lorain County,UNKNOWN
GGLOC-03830,San Fernando,,Los Angeles County,UNKNOWN
GGLOC-03831,Walnut Creek,,Contra Costa County,UNKNOWN
GGLOC-03832,Kennebunk,,York County,UNKNOWN
GGLOC-03833,New Munster,,Kenosha County,UNKNOWN
GGLOC-03834,Lanesboro,,Susquehanna County,UNKNOWN
GGLOC-03835,Kansas City,,Wyandotte County,UNKNOWN
GGLOC-03836,Mustang,,Canadian County,UNKNOWN
GGLOC-03837,Eudowood,,Baltimore County,UNKNOWN
GGLOC-03838,Cambridge,,Cambridgeshire,UNKNOWN
GGLOC-03839,Manistee,,Manistee County,UNKNOWN
GGLOC-03840,Rubidoux,,Riverside County,UNKNOWN
GGLOC-03841,Laurinburg,,Scotland County,UNKNOWN
GGLOC-03842,Santa Barbara,,Santa Barbara County,UNKNOWN
GGLOC-03843,Waukee,,Dallas County,UNKNOWN
GGLOC-03844,Columbia,,Howard County,UNKNOWN
GGLOC-03845,Frisco,,Collin County,UNKNOWN
GGLOC-03846,East Irvine,,Orange County,UNKNOWN
GGLOC-03847,Euless,,Tarrant County,UNKNOWN
GGLOC-03848,Gastonia,,Gaston County,UNKNOWN
GGLOC-03849,Lincoln County,,Nevada,UNKNOWN
GGLOC-03850,Pinewood,,Chittenden County,UNKNOWN
GGLOC-03851,Quincy,,Gadsden County,UNKNOWN
GGLOC-03852,New Orleans,,Orleans Parish,UNKNOWN
GGLOC-03853,Rangeley,,Franklin County,UNKNOWN
GGLOC-03854,Weldon Spring Heights,,Saint Charles County,UNKNOWN
GGLOC-03855,Oxford,,Oxford County,UNKNOWN
GGLOC-03856,Flagstaff,,Coconino County,UNKNOWN
GGLOC-03857,Burncross,,Sheffield,UNKNOWN
GGLOC-03858,Harwood,,Anne Arundel County,UNKNOWN
GGLOC-03859,West Woodstock,,Windsor County,UNKNOWN
GGLOC-03860,Winamac,,Pulaski County,UNKNOWN
GGLOC-03861,Freeport,,Stephenson County,UNKNOWN
GGLOC-03862,Spring Lake Park,,Anoka County,UNKNOWN
GGLOC-03863,Corpus Christi,,Nueces County,UNKNOWN
GGLOC-03864,Suquamish,,Kitsap County,UNKNOWN
GGLOC-03865,South Base,,Houston County,UNKNOWN
GGLOC-03866,Altamont,,Alameda County,UNKNOWN
GGLOC-03867,Ramona,,San Diego County,UNKNOWN
GGLOC-03868,Morrisville,,Wake County,UNKNOWN
GGLOC-03869,Sullivans Island,,Charleston County,UNKNOWN
GGLOC-03870,Lockport,,Lafourche Parish,UNKNOWN
GGLOC-03871,Harmans,,Anne Arundel County,UNKNOWN
GGLOC-03872,Salem,,Marion County,UNKNOWN
GGLOC-03873,Brown Deer,,Milwaukee County,UNKNOWN
GGLOC-03874,Decatur,,Morgan County,UNKNOWN
GGLOC-03875,University City,,Saint Louis County,UNKNOWN
GGLOC-03876,Citrus Heights,,Sacramento County,UNKNOWN
GGLOC-03877,Virginia Beach,,Virginia Beach City,UNKNOWN
GGLOC-03878,Elkins,,Randolph County,UNKNOWN
GGLOC-03879,Yuba City,,Sutter County,UNKNOWN
GGLOC-03880,Doral,,Miami-Dade County,UNKNOWN
GGLOC-03881,Memphis,,Clark County,UNKNOWN
GGLOC-03882,Ashland,,Ashland County,UNKNOWN
GGLOC-03883,Homestead,,Miami-Dade County,UNKNOWN
GGLOC-03884,Firth,,Lancaster County,UNKNOWN
GGLOC-03885,Virginia,,Us,UNKNOWN
GGLOC-03886,Castle Donington,,Derby,UNKNOWN
GGLOC-03887,Wardley,,Swinton,UNKNOWN
GGLOC-03888,Mapleton,,Utah County,UNKNOWN
GGLOC-03889,Corn Creek,,Clark County,UNKNOWN
GGLOC-03890,South West England,,Uk,UNKNOWN
GGLOC-03891,East Lansing,,Ingham County,UNKNOWN
GGLOC-03892,Lindsey,,Wood County,UNKNOWN
GGLOC-03893,Park City,,Summit County,UNKNOWN
GGLOC-03894,Greenville County,,South Carolina,UNKNOWN
GGLOC-03895,East Case,,Baltimore,UNKNOWN
GGLOC-03896,El Dorado Hills,,El Dorado County,UNKNOWN
GGLOC-03897,Marlboro,,Windham County,UNKNOWN
GGLOC-03898,Canebrake,,Mcdowell County,UNKNOWN
GGLOC-03899,Union Park,,Orange County,UNKNOWN
GGLOC-03900,Burlingame,,San Mateo County,UNKNOWN
GGLOC-03901,Highlands,,Macon County,UNKNOWN
GGLOC-03902,Bayberry,,Onondaga County,UNKNOWN
GGLOC-03903,Rancho Belago,,Riverside County,UNKNOWN
GGLOC-03904,Kealakekua,,Hawaii,UNKNOWN
GGLOC-03905,Tullahoma,,Coffee County,UNKNOWN
GGLOC-03906,Haleyville,,Winston County,UNKNOWN
GGLOC-03907,Bay View,,Emmet County,UNKNOWN
GGLOC-03908,South Milwaukee,,Milwaukee County,UNKNOWN
GGLOC-03909,Elgin,,Kershaw County,UNKNOWN
GGLOC-03910,Buffalo Prairie,,Rock Island County,UNKNOWN
GGLOC-03911,Linthicum Heights,,Anne Arundel County,UNKNOWN
GGLOC-03912,Elmore,,Elmore County,UNKNOWN
GGLOC-03913,Plano,,Collin County,UNKNOWN
GGLOC-03914,Calwa,,Fresno County,UNKNOWN
GGLOC-03915,Warrington,,Cheshire,UNKNOWN
GGLOC-03916,Downers Grove,,Dupage County,UNKNOWN
GGLOC-03917,Mundelein,,Lake County,UNKNOWN
GGLOC-03918,Toledo,,Cleveland County,UNKNOWN
GGLOC-03919,Hialeah,,Miami-Dade County,UNKNOWN
GGLOC-03920,Talladega,,Talladega County,UNKNOWN
GGLOC-03921,Ames Lake,,King County,UNKNOWN
GGLOC-03922,Gray,,Cumberland County,UNKNOWN
GGLOC-03923,Harvey,,Jefferson Parish,UNKNOWN
GGLOC-03924,Farmingdale,,Nassau County,UNKNOWN
GGLOC-03925,South Hackensack,,Bergen County,UNKNOWN
GGLOC-03926,El Segundo,,Los Angeles County,UNKNOWN
GGLOC-03927,Ellensburg,,Kittitas County,UNKNOWN
GGLOC-03928,Sandy,,Salt Lake County,UNKNOWN
GGLOC-03929,Centreville,,Bibb County,UNKNOWN
GGLOC-03930,Beverly Hills,,Los Angeles County,UNKNOWN
GGLOC-03931,Tuxedo,,Fulton County,UNKNOWN
GGLOC-03932,North Fond Du Lac,,Fond Du Lac County,UNKNOWN
GGLOC-03933,Boone,,Boone County,UNKNOWN
GGLOC-03934,East Brunswick,,Middlesex County,UNKNOWN
GGLOC-03935,Newcastle,,Placer County,UNKNOWN
GGLOC-03936,West Jefferson,,Madison County,UNKNOWN
GGLOC-03937,Granite Falls,,Yellow Medicine County,UNKNOWN
GGLOC-03938,Grays,,Essex,UNKNOWN
GGLOC-03939,Holland-On-Sea,,Clacton-On-Sea,UNKNOWN
GGLOC-03940,Haydon Wick,,Swindon,UNKNOWN
GGLOC-03941,Newhall,,Los Angeles County,UNKNOWN
GGLOC-03942,Marianna,,Jackson County,UNKNOWN
GGLOC-03943,Carol Stream,,Dupage County,UNKNOWN
GGLOC-03944,Watertown,,Litchfield County,UNKNOWN
GGLOC-03945,Livonia,,Wayne County,UNKNOWN
GGLOC-03946,Lewis Center,,Delaware County,UNKNOWN
GGLOC-03947,Wautoma,,Waushara County,UNKNOWN
GGLOC-03948,Ball Ground,,Cherokee County,UNKNOWN
GGLOC-03949,Nanticoke,,Luzerne County,UNKNOWN
GGLOC-03950,Bow Mar,,Jefferson County,UNKNOWN
GGLOC-03951,Wytham,,Oxford,UNKNOWN
GGLOC-03952,Timonium,,Baltimore County,UNKNOWN
GGLOC-03953,Clayton,,Clayton County,UNKNOWN
GGLOC-03954,Zion,,Lake County,UNKNOWN
GGLOC-03955,Ellesmere Port,,Cheshire,UNKNOWN
GGLOC-03956,Winnsboro,,Fairfield County,UNKNOWN
GGLOC-03957,Glen Allen,,Henrico County,UNKNOWN
GGLOC-03958,Rollinsville,,Gilpin County,UNKNOWN
GGLOC-03959,Leander,,Williamson County,UNKNOWN
GGLOC-03960,Mercer Island,,King County,UNKNOWN
GGLOC-03961,North Albemarle,,Stanly County,UNKNOWN
GGLOC-03962,Valatie,,Columbia County,UNKNOWN
GGLOC-03963,Pineville,,Bell County,UNKNOWN
GGLOC-03964,Uniontown,,Perry County,UNKNOWN
GGLOC-03965,Rolling Hills,,Los Angeles County,UNKNOWN
GGLOC-03966,Marina Del Rey,,Los Angeles County,UNKNOWN
GGLOC-03967,Wyoming,,Wyoming County,UNKNOWN
GGLOC-03968,Hanley Hills,,Saint Louis County,UNKNOWN
GGLOC-03969,Houston,,Houston County,UNKNOWN
GGLOC-03970,Winsted,,Litchfield County,UNKNOWN
GGLOC-03971,Roseland,,Sonoma County,UNKNOWN
GGLOC-03972,Green Lawn Terrace,,Jefferson Parish,UNKNOWN
GGLOC-03973,Parkwood,,Kitsap County,UNKNOWN
GGLOC-03974,Arroyo Grande,,San Luis Obispo County,UNKNOWN
GGLOC-03975,Amesbury,,Essex County,UNKNOWN
GGLOC-03976,Racine,,Mower County,UNKNOWN
GGLOC-03977,Parker,,La Paz County,UNKNOWN
GGLOC-03978,Capitol View,,Richland County,UNKNOWN
GGLOC-03979,Troy,,Bell County,UNKNOWN
GGLOC-03980,Beckley,,Raleigh County,UNKNOWN
GGLOC-03981,Hanscom Air Force Base,,Middlesex County,UNKNOWN
GGLOC-03982,Santa Clara,,Lane County,UNKNOWN
GGLOC-03983,Arnold,,Anne Arundel County,UNKNOWN
GGLOC-03984,Warwick,,Franklin County,UNKNOWN
GGLOC-03985,Essex,,Middlesex County,UNKNOWN
GGLOC-03986,Henderson,,Vance County,UNKNOWN
GGLOC-03987,East Flat Rock,,Henderson County,UNKNOWN
GGLOC-03988,Mission Woods,,Johnson County,UNKNOWN
GGLOC-03989,Jefferson City,,Cole County,UNKNOWN
GGLOC-03990,Rib Mountain,,Marathon County,UNKNOWN
GGLOC-03991,Bowmans,,Schuylkill County,UNKNOWN
GGLOC-03992,Auburn,,Androscoggin County,UNKNOWN
GGLOC-03993,Aspen,,Pitkin County,UNKNOWN
GGLOC-03994,Willimantic,,Windham County,UNKNOWN
GGLOC-03995,Oakleaf Plantation,,Clay County,UNKNOWN
GGLOC-03996,Somerset,,Pulaski County,UNKNOWN
GGLOC-03997,Southlake,,Tarrant County,UNKNOWN
GGLOC-03998,Quincy,,Adams County,UNKNOWN
GGLOC-03999,Etowah,,Mcminn County,UNKNOWN
GGLOC-04000,Saint Paul,,Saint Charles County,UNKNOWN
GGLOC-04001,North Billerica,,Middlesex County,UNKNOWN
GGLOC-04002,Bethesda,,Montgomery County,UNKNOWN
GGLOC-04003,Celina,,Mercer County,UNKNOWN
GGLOC-04004,Gausdale,,Knox County,UNKNOWN
GGLOC-04005,Wolverhampton,,West Midlands,UNKNOWN
GGLOC-04006,Hebron,,Boone County,UNKNOWN
GGLOC-04007,Waxahachie,,Ellis County,UNKNOWN
GGLOC-04008,Stony Brook,,Suffolk County,UNKNOWN
GGLOC-04009,Saint Andrews,,Charleston County,UNKNOWN
GGLOC-04010,Brook Park,,Pine County,UNKNOWN
GGLOC-04011,The Dalles,,Wasco County,UNKNOWN
GGLOC-04012,Euclid,,Cuyahoga County,UNKNOWN
GGLOC-04013,Villa Nueva,,Cameron County,UNKNOWN
GGLOC-04014,Westerville,,Franklin County,UNKNOWN
GGLOC-04015,West Seneca,,Erie County,UNKNOWN
GGLOC-04016,Two Rivers,,Manitowoc County,UNKNOWN
GGLOC-04017,Modello,,Miami-Dade County,UNKNOWN
GGLOC-04018,Kalispell,,Flathead County,UNKNOWN
GGLOC-04019,Pharr,,Hidalgo County,UNKNOWN
GGLOC-04020,Trussville,,Jefferson County,UNKNOWN
GGLOC-04021,Medford,,Delaware County,UNKNOWN
GGLOC-04022,Stone Mountain,,Dekalb County,UNKNOWN
GGLOC-04023,Santa Clarita,,Los Angeles County,UNKNOWN
GGLOC-04024,Lake Dallas,,Denton County,UNKNOWN
GGLOC-04025,Westcliff-On-Sea,,Essex,UNKNOWN
GGLOC-04026,Littleton,,Arapahoe County,UNKNOWN
GGLOC-04027,Pewee Valley,,Oldham County,UNKNOWN
GGLOC-04028,Bristol,,Sullivan County,UNKNOWN
GGLOC-04029,North Atlanta,,Dekalb County,UNKNOWN
GGLOC-04030,Stanley,,Johnson County,UNKNOWN
GGLOC-04031,Woodland Park,,Teller County,UNKNOWN
GGLOC-04032,Solana Beach,,San Diego County,UNKNOWN
GGLOC-04033,Venice,,Los Angeles County,UNKNOWN
GGLOC-04034,Ormond Beach,,Volusia County,UNKNOWN
GGLOC-04035,Metairie Terrace,,Metairie,UNKNOWN
GGLOC-04036,Brownsburg,,Hendricks County,UNKNOWN
GGLOC-04037,Kildeer,,Lake County,UNKNOWN
GGLOC-04038,Hidalgo,,Hidalgo County,UNKNOWN
GGLOC-04039,Arizona,,Us,UNKNOWN
GGLOC-04040,Banta,,San Joaquin County,UNKNOWN
GGLOC-04041,Winston,,Polk County,UNKNOWN
GGLOC-04042,Wicomico,,Gloucester County,UNKNOWN
GGLOC-04043,Kimmswick,,Jefferson County,UNKNOWN
GGLOC-04044,Osceola,,Mississippi County,UNKNOWN
GGLOC-04045,Yonkers,,Westchester County,UNKNOWN
GGLOC-04046,Cassville,,Barry County,UNKNOWN
GGLOC-04047,Spokane,,Spokane County,UNKNOWN
GGLOC-04048,Aberdeen,,Harford County,UNKNOWN
GGLOC-04049,Connecticut,,Us,UNKNOWN
GGLOC-04050,Normal,,Mclean County,UNKNOWN
GGLOC-04051,Corsicana,,Navarro County,UNKNOWN
GGLOC-04052,Timbergrove Manor,,Houston,UNKNOWN
GGLOC-04053,Norman,,Kearney County,UNKNOWN
GGLOC-04054,Moncks Corner,,Berkeley County,UNKNOWN
GGLOC-04055,Olympic View,,Kitsap County,UNKNOWN
GGLOC-04056,North Burlington,,Chittenden County,UNKNOWN
GGLOC-04057,Jeffersonville,,Fayette County,UNKNOWN
GGLOC-04058,Kirkwood,,Saint Louis County,UNKNOWN
GGLOC-04059,Hazleton,,Luzerne County,UNKNOWN
GGLOC-04060,Great Barrington,,Berkshire County,UNKNOWN
GGLOC-04061,Glendale,,Denver,UNKNOWN
GGLOC-04062,Wauwatosa,,Milwaukee County,UNKNOWN
GGLOC-04063,Milford,,Oakland County,UNKNOWN
GGLOC-04064,Webbs Cross Roads,,Russell County,UNKNOWN
GGLOC-04065,Washington Street,,Hudson County,UNKNOWN
GGLOC-04066,East Granby,,Hartford County,UNKNOWN
GGLOC-04067,Norristown,,Emanuel County,UNKNOWN
GGLOC-04068,Fishersville,,Augusta County,UNKNOWN
GGLOC-04069,Monroeton,,Bradford County,UNKNOWN
GGLOC-04070,Ware Neck,,Gloucester County,UNKNOWN
GGLOC-04071,Beaux Arts Village,,King County,UNKNOWN
GGLOC-04072,Washington,,Washington County,UNKNOWN
GGLOC-04073,Cincinnati,,Hamilton County,UNKNOWN
GGLOC-04074,Lansdowne,,Delaware County,UNKNOWN
GGLOC-04075,West Covina,,Los Angeles County,UNKNOWN
GGLOC-04076,Glasgow City Centre,,Glasgow,UNKNOWN
GGLOC-04077,Lawrenceville,,Gwinnett County,UNKNOWN
GGLOC-04078,East Lake-Orient Park,,Hillsborough County,UNKNOWN
GGLOC-04079,Galveston,,Galveston County,UNKNOWN
GGLOC-04080,Spring Green,,Sauk County,UNKNOWN
GGLOC-04081,Pepperstock,,Luton,UNKNOWN
GGLOC-04082,Beaver Meadows,,Carbon County,UNKNOWN
GGLOC-04083,Cookeville,,Putnam County,UNKNOWN
GGLOC-04084,Forestville,,Sonoma County,UNKNOWN
GGLOC-04085,Thorpe Astley,,Braunstone,UNKNOWN
GGLOC-04086,Clevedon,,North Somerset,UNKNOWN
GGLOC-04087,Town And Country,,Saint Louis County,UNKNOWN
GGLOC-04088,Arco Plaza,,Los Angeles County,UNKNOWN
GGLOC-04089,Bridgeport,,Fairfield County,UNKNOWN
GGLOC-04090,Sherrards Green,,Malvern,UNKNOWN
GGLOC-04091,Temple Terrace,,Hillsborough County,UNKNOWN
GGLOC-04092,Buena Park,,Orange County,UNKNOWN
GGLOC-04093,Alexandria,,Douglas County,UNKNOWN
GGLOC-04094,Tobyhanna,,Monroe County,UNKNOWN
GGLOC-04095,Rio,,Columbia County,UNKNOWN
GGLOC-04096,Thalman,,Glynn County,UNKNOWN
GGLOC-04097,Russell,,Lake County,UNKNOWN
GGLOC-04098,Brooklyn Heights,,Brooklyn,UNKNOWN
GGLOC-04099,Rices Crossing,,Williamson County,UNKNOWN
GGLOC-04100,West Medford,,Middlesex County,UNKNOWN
GGLOC-04101,Warren,,Bristol County,UNKNOWN
GGLOC-04102,Bradwell Common,,Milton Keynes,UNKNOWN
GGLOC-04103,Collegeville,,Montgomery County,UNKNOWN
GGLOC-04104,Toms River,,Ocean County,UNKNOWN
GGLOC-04105,Meers,,Comanche County,UNKNOWN
GGLOC-04106,Cudahy,,Milwaukee County,UNKNOWN
GGLOC-04107,Teaneck,,Bergen County,UNKNOWN
GGLOC-04108,Shrewsbury,,Shropshire,UNKNOWN
GGLOC-04109,Downey,,Lake County,UNKNOWN
GGLOC-04110,Bridgeton,,Saint Louis County,UNKNOWN
GGLOC-04111,Southport,,Merseyside,UNKNOWN
GGLOC-04112,Alliance,,Stark County,UNKNOWN
GGLOC-04113,New Hudson,,Oakland County,UNKNOWN
GGLOC-04114,Lake Stevens,,Snohomish County,UNKNOWN
GGLOC-04115,Laurel Park,,Henderson County,UNKNOWN
GGLOC-04116,Nacogdoches,,Nacogdoches County,UNKNOWN
GGLOC-04117,Newark Valley,,Tioga County,UNKNOWN
GGLOC-04118,Marblehead,,Ottawa County,UNKNOWN
GGLOC-04119,Sheridan,,Sheridan County,UNKNOWN
GGLOC-04120,Gladstone,,Delta County,UNKNOWN
GGLOC-04121,Rochester,,Sangamon County,UNKNOWN
GGLOC-04122,Owosso,,Shiawassee County,UNKNOWN
GGLOC-04123,Tualatin,,Washington County,UNKNOWN
GGLOC-04124,New Rome,,Franklin County,UNKNOWN
GGLOC-04125,Roseburg,,Union County,UNKNOWN
GGLOC-04126,Neenah,,Winnebago County,UNKNOWN
GGLOC-04127,Mandeville,,Saint Tammany Parish,UNKNOWN
GGLOC-04128,Waukesha,,Waukesha County,UNKNOWN
GGLOC-04129,Troutdale,,Multnomah County,UNKNOWN
GGLOC-04130,New Berlin,,Waukesha County,UNKNOWN
GGLOC-04131,Flemington,,Hunterdon County,UNKNOWN
GGLOC-04132,Alhambra,,Los Angeles County,UNKNOWN
GGLOC-04133,Barnet,,Hertfordshire,UNKNOWN
GGLOC-04134,Cambridge,,Dorchester County,UNKNOWN
GGLOC-04135,St. Neots,,Cambridgeshire,UNKNOWN
GGLOC-04136,Mc Neil,,Travis County,UNKNOWN
GGLOC-04137,Salem,,Columbiana County,UNKNOWN
GGLOC-04138,Verona,,Sutter County,UNKNOWN
GGLOC-04139,Caerphilly County,,Wales,UNKNOWN
GGLOC-04140,Fort Myers,,Lee County,UNKNOWN
GGLOC-04141,Longboat Key,,Manatee County,UNKNOWN
GGLOC-04142,Cheyenne,,Roger Mills County,UNKNOWN
GGLOC-04143,Mount Carmel,,Hamilton County,UNKNOWN
GGLOC-04144,Tulare,,Tulare County,UNKNOWN
GGLOC-04145,Chelmsford,,Essex,UNKNOWN
GGLOC-04146,Bellevue,,Blaine County,UNKNOWN
GGLOC-04147,Eastgate,,Liberty County,UNKNOWN
GGLOC-04148,Elgin,,Wabasha County,UNKNOWN
GGLOC-04149,Leawood,,Johnson County,UNKNOWN
GGLOC-04150,Ash Vale,,Aldershot,UNKNOWN
GGLOC-04151,Selden,,Suffolk County,UNKNOWN
GGLOC-04152,Camp Johnson,,Chittenden County,UNKNOWN
GGLOC-04153,Charles Town,,Jefferson County,UNKNOWN
GGLOC-04154,Spanish Fork,,Utah County,UNKNOWN
GGLOC-04155,Bedford,,Bedfordshire,UNKNOWN
GGLOC-04156,North Chicago,,Lake County,UNKNOWN
GGLOC-04157,Lake Park,,Union County,UNKNOWN
GGLOC-04158,Charlotte,,Mecklenburg County,UNKNOWN
GGLOC-04159,Hartford,,Hartford County,UNKNOWN
GGLOC-04160,Naugatuck,,New Haven County,UNKNOWN
GGLOC-04161,Grove City,,Franklin County,UNKNOWN
GGLOC-04162,Berkeley,,Saint Louis County,UNKNOWN
GGLOC-04163,Barnstable,,Barnstable County,UNKNOWN
GGLOC-04164,Grand Junction,,Mesa County,UNKNOWN
GGLOC-04165,Kinnelon,,Morris County,UNKNOWN
GGLOC-04166,Westmont,,Dupage County,UNKNOWN
GGLOC-04167,Irondale,,Jefferson County,UNKNOWN
GGLOC-04168,Shawnee Hills,,Delaware County,UNKNOWN
GGLOC-04169,Casa Grande,,Pinal County,UNKNOWN
GGLOC-04170,Fareham,,Hampshire,UNKNOWN
GGLOC-04171,Wilton Manors,,Broward County,UNKNOWN
GGLOC-04172,Butylo,,Essex County,UNKNOWN
GGLOC-04173,Mukilteo,,Snohomish County,UNKNOWN
GGLOC-04174,Harbor,,Curry County,UNKNOWN
GGLOC-04175,Chestnut Hill,,Middlesex County,UNKNOWN
GGLOC-04176,National Harbor,,Prince George'S County,UNKNOWN
GGLOC-04177,Bracknell,,Berkshire,UNKNOWN
GGLOC-04178,Leedale,,Bell County,UNKNOWN
GGLOC-04179,Pottstown,,Peoria County,UNKNOWN
GGLOC-04180,Montgomery Village,,Montgomery County,UNKNOWN
GGLOC-04181,Ventura,,Ventura County,UNKNOWN
GGLOC-04182,Rochester,,Olmsted County,UNKNOWN
GGLOC-04183,Commerce City,,Adams County,UNKNOWN
GGLOC-04184,Des Peres,,Saint Louis County,UNKNOWN
GGLOC-04185,Honesdale,,Wayne County,UNKNOWN
GGLOC-04186,Short Hills,,Essex County,UNKNOWN
GGLOC-04187,Highland Beach,,Palm Beach County,UNKNOWN
GGLOC-04188,Rockingham,,Richmond County,UNKNOWN
GGLOC-04189,Charlton,,Worcester County,UNKNOWN
GGLOC-04190,Marvin,,Union County,UNKNOWN
GGLOC-04191,Appling,,Columbia County,UNKNOWN
GGLOC-04192,Pleasant Corners,,Pickaway County,UNKNOWN
GGLOC-04193,Barnstaple,,Devon,UNKNOWN
GGLOC-04194,Regina,,Lancaster County,UNKNOWN
GGLOC-04195,Guthrie,,Logan County,UNKNOWN
GGLOC-04196,Embry Hills,,Dekalb County,UNKNOWN
GGLOC-04197,Dearborn Park,,Chicago,UNKNOWN
GGLOC-04198,Portola Valley,,San Mateo County,UNKNOWN
GGLOC-04199,Burnet,,Burleson County,UNKNOWN
GGLOC-04200,Marion,,Marion County,UNKNOWN
GGLOC-04201,Whitney Point,,Broome County,UNKNOWN
GGLOC-04202,Greenvale,,Nassau County,UNKNOWN
GGLOC-04203,Mansfield,,De Soto Parish,UNKNOWN
GGLOC-04204,Algonquin,,Mchenry County,UNKNOWN
GGLOC-04205,Coppell,,Dallas,UNKNOWN
GGLOC-04206,Southam,,Cheltenham,UNKNOWN
GGLOC-04207,Lowdham,,Nottingham,UNKNOWN
GGLOC-04208,Chantilly,,Fairfax County,UNKNOWN
GGLOC-04209,Mint Hill,,Mecklenburg County,UNKNOWN
GGLOC-04210,Saint Charles,,Winona County,UNKNOWN
GGLOC-04211,Dunedin,,Pinellas County,UNKNOWN
GGLOC-04212,Maple Valley,,King County,UNKNOWN
GGLOC-04213,Oakview,,Clay County,UNKNOWN
GGLOC-04214,Bridgeview,,Cook County,UNKNOWN
GGLOC-04215,Dayton,,Marengo County,UNKNOWN
GGLOC-04216,Hockley,,Birmingham,UNKNOWN
GGLOC-04217,Bratenahl,,Cuyahoga County,UNKNOWN
GGLOC-04218,Sevenoaks,,Kent,UNKNOWN
GGLOC-04219,Stow,,Summit County,UNKNOWN
GGLOC-04220,Tomahawk,,Lincoln County,UNKNOWN
GGLOC-04221,East Grand Forks,,Polk County,UNKNOWN
GGLOC-04222,Columbia,,Maury County,UNKNOWN
GGLOC-04223,Aurora,,Aurora County,UNKNOWN
GGLOC-04224,Nethercote,,Banbury,UNKNOWN
GGLOC-04225,Valleyview,,Franklin County,UNKNOWN
GGLOC-04226,Northglenn,,Adams County,UNKNOWN
GGLOC-04227,Bremerton,,Kitsap County,UNKNOWN
GGLOC-04228,Houston,,Harris County,UNKNOWN
GGLOC-04229,Camden,,Camden County,UNKNOWN
GGLOC-04230,Griffing,,Jefferson County,UNKNOWN
GGLOC-04231,Fotheringhay,,Peterborough,UNKNOWN
GGLOC-04232,Union Dale,,Susquehanna County,UNKNOWN
GGLOC-04233,Union City,,Alameda County,UNKNOWN
GGLOC-04234,Ruby Junction,,Saint Louis County,UNKNOWN
GGLOC-04235,Pequannock,,Morris County,UNKNOWN
GGLOC-04236,Fondren,,Harris County,UNKNOWN
GGLOC-04237,Beverly Hills,,Cabell County,UNKNOWN
GGLOC-04238,Willowbrook,,Dupage County,UNKNOWN
GGLOC-04239,Frankfort,,Clinton County,UNKNOWN
GGLOC-04240,Saint Paul,,Ramsey County,UNKNOWN
GGLOC-04241,Berea,,Madison County,UNKNOWN
GGLOC-04242,Saint Martins,,Cole County,UNKNOWN
GGLOC-04243,Pines,,Laporte County,UNKNOWN
GGLOC-04244,Watson,,Clark County,UNKNOWN
GGLOC-04245,Nonantum,,Middlesex County,UNKNOWN
GGLOC-04246,Lawncrest,,Philadelphia County,UNKNOWN
GGLOC-04247,Brooklyn,,Green County,UNKNOWN
GGLOC-04248,East Meadow,,Nassau County,UNKNOWN
GGLOC-04249,Aberdeen,,Monroe County,UNKNOWN
GGLOC-04250,Holland,,Bell County,UNKNOWN
GGLOC-04251,Devens,,Middlesex County,UNKNOWN
GGLOC-04252,New Burlington,,Delaware County,UNKNOWN
GGLOC-04253,Unity Village,,Jackson County,UNKNOWN
GGLOC-04254,Sierra,,Washoe County,UNKNOWN
GGLOC-04255,Bainbridge,,Chenango County,UNKNOWN
GGLOC-04256,Fruitland,,Wicomico County,UNKNOWN
GGLOC-04257,Shelby,,Shelby County,UNKNOWN
GGLOC-04258,Bay City,,Bay County,UNKNOWN
GGLOC-04259,Roxbury Crossing,,Suffolk County,UNKNOWN
GGLOC-04260,College Point,,Queens,UNKNOWN
GGLOC-04261,Lake Panorama,,Guthrie County,UNKNOWN
GGLOC-04262,Portsmouth,,Portsmouth City,UNKNOWN
GGLOC-04263,Fair Haven,,New Haven County,UNKNOWN
GGLOC-04264,La Chute,,Caddo Parish,UNKNOWN
GGLOC-04265,Bath,,Bath & N E Somerset,UNKNOWN
GGLOC-04266,Roebuck,,Spartanburg County,UNKNOWN
GGLOC-04267,Kingston,,Plymouth County,UNKNOWN
GGLOC-04268,Kelly,,Marathon County,UNKNOWN
GGLOC-04269,Tumon,,Agana Heights,UNKNOWN
GGLOC-04270,Stateville,,Will County,UNKNOWN
GGLOC-04271,Northbrook,,Cook County,UNKNOWN
GGLOC-04272,Greensboro Ndc,,Guilford County,UNKNOWN
GGLOC-04273,Minooka,,Grundy County,UNKNOWN
GGLOC-04274,Orono,,Penobscot County,UNKNOWN
GGLOC-04275,Darbydale,,Franklin County,UNKNOWN
GGLOC-04276,Belle Plain,,Pueblo County,UNKNOWN
GGLOC-04277,Penn Yan,,Yates County,UNKNOWN
GGLOC-04278,Sipson,,West Drayton,UNKNOWN
GGLOC-04279,Lynnview,,Jefferson County,UNKNOWN
GGLOC-04280,Royerton,,Delaware County,UNKNOWN
GGLOC-04281,Imperial,,Allegheny County,UNKNOWN
GGLOC-04282,Edgerton,,Rock County,UNKNOWN
GGLOC-04283,Encinitas,,San Diego County,UNKNOWN
GGLOC-04284,Versailles,,Allegheny County,UNKNOWN
GGLOC-04285,Kasson,,Dodge County,UNKNOWN
GGLOC-04286,Hunts Point,,King County,UNKNOWN
GGLOC-04287,Montclair,,Essex County,UNKNOWN
GGLOC-04288,Rockrimmon,,El Paso County,UNKNOWN
GGLOC-04289,Roswell,,Fulton County,UNKNOWN
GGLOC-04290,Sharpsburg,,Wilson County,UNKNOWN
GGLOC-04291,Hadley,,Hampshire County,UNKNOWN
GGLOC-04292,Port Orange,,Volusia County,UNKNOWN
GGLOC-04293,Medina,,Medina County,UNKNOWN
GGLOC-04294,Philadelphia,,Loudon County,UNKNOWN
GGLOC-04295,Port Arthur,,Jefferson County,UNKNOWN
GGLOC-04296,Phoenixville,,Chester County,UNKNOWN
GGLOC-04297,Heywood,,Greater Manchester,UNKNOWN
GGLOC-04298,Merrillville,,Lake County,UNKNOWN
GGLOC-04299,Pluckemin,,Somerset County,UNKNOWN
GGLOC-04300,Pontiac,,Livingston County,UNKNOWN
GGLOC-04301,Findlay,,Hancock County,UNKNOWN
GGLOC-04302,Gulfport,,Harrison County,UNKNOWN
GGLOC-04303,Indianola,,Warren County,UNKNOWN
GGLOC-04304,Brodheadsville,,Monroe County,UNKNOWN
GGLOC-04305,Sausalito,,Marin County,UNKNOWN
GGLOC-04306,Christchurch,,Dorset,UNKNOWN
GGLOC-04307,Northborough,,Worcester County,UNKNOWN
GGLOC-04308,Breckenridge Hills,,Saint Louis County,UNKNOWN
GGLOC-04309,Doolie,,Iredell County,UNKNOWN
GGLOC-04310,Eagle Rock,,Wake County,UNKNOWN
GGLOC-04311,Glan-Y-Llyn,,Taffs Well,UNKNOWN
GGLOC-04312,Brecksville,,Cuyahoga County,UNKNOWN
GGLOC-04313,San Marcos,,Hays County,UNKNOWN
GGLOC-04314,Bristol,,Kenosha County,UNKNOWN
GGLOC-04315,Venice,,Sarasota County,UNKNOWN
GGLOC-04316,Eastgate,,King County,UNKNOWN
GGLOC-04317,Ramsey,,Bergen County,UNKNOWN
GGLOC-04318,Riverhead,,Suffolk County,UNKNOWN
GGLOC-04319,Pine Ridge,,Dekalb County,UNKNOWN
GGLOC-04320,Low Hill,,Liverpool,UNKNOWN
GGLOC-04321,Sandy Hill,,Vernon Parish,UNKNOWN
GGLOC-04322,Altoona,,Eau Claire County,UNKNOWN
GGLOC-04323,Bartlett,,Dupage County,UNKNOWN
GGLOC-04324,Old Sixth Ward,,Houston,UNKNOWN
GGLOC-04325,Lake Wylie,,York County,UNKNOWN
GGLOC-04326,Pickerington,,Fairfield County,UNKNOWN
GGLOC-04327,Shadow Hills,,Los Angeles County,UNKNOWN
GGLOC-04328,West Chester,,Chester County,UNKNOWN
GGLOC-04329,Lonetree,,Douglas County,UNKNOWN
GGLOC-04330,Burton,,Genesee County,UNKNOWN
GGLOC-04331,East Dubuque,,Jo Daviess County,UNKNOWN
GGLOC-04332,Herndon,,Fairfax County,UNKNOWN
GGLOC-04333,Rehoboth Beach,,Sussex County,UNKNOWN
GGLOC-04334,Handsworth,,Birmingham,UNKNOWN
GGLOC-04335,Pecan Way Terrace,,Orangeburg County,UNKNOWN
GGLOC-04336,Morristown,,Winnebago County,UNKNOWN
GGLOC-04337,Lexington,,Lexington County,UNKNOWN
GGLOC-04338,Watertown,,Middlesex County,UNKNOWN
GGLOC-04339,Midway,,King County,UNKNOWN
GGLOC-04340,Louisville,,Jefferson County,UNKNOWN
GGLOC-04341,Norcross,,Gwinnett County,UNKNOWN
GGLOC-04342,Bettendorf,,Scott County,UNKNOWN
GGLOC-04343,Grand Rapids,,Itasca County,UNKNOWN
GGLOC-04344,Coon Rapids,,Anoka County,UNKNOWN
GGLOC-04345,South Berwick,,York County,UNKNOWN
GGLOC-04346,Castro Valley,,Alameda County,UNKNOWN
GGLOC-04347,Vienna,,Johnson County,UNKNOWN
GGLOC-04348,Hudson,,Weld County,UNKNOWN
GGLOC-04349,Jardín De Loiza,,Loíza,UNKNOWN
GGLOC-04350,Miami,,Ottawa County,UNKNOWN
GGLOC-04351,Easton,,Northampton County,UNKNOWN
GGLOC-04352,Middlesboro,,Bell County,UNKNOWN
GGLOC-04353,White Marsh,,Gloucester County,UNKNOWN
GGLOC-04354,Olive Branch,,Desoto County,UNKNOWN
GGLOC-04355,Clearview,,Okfuskee County,UNKNOWN
GGLOC-04356,Hundleby,,Spilsby,UNKNOWN
GGLOC-04357,Port Allen,,West Baton Rouge Parish,UNKNOWN
GGLOC-04358,Andover,,Butler County,UNKNOWN
GGLOC-04359,Keswick,,Shasta County,UNKNOWN
GGLOC-04360,Webtown,,Wayne County,UNKNOWN
GGLOC-04361,Mack,,Mesa County,UNKNOWN
GGLOC-04362,Plano,,Madison County,UNKNOWN
GGLOC-04363,Canal Street,,Manhattan,UNKNOWN
GGLOC-04364,El Dorado,,Union County,UNKNOWN
GGLOC-04365,La Grange,,Dutchess County,UNKNOWN
GGLOC-04366,Hugo,,Washington County,UNKNOWN
GGLOC-04367,Saron,,Denbigh,UNKNOWN
GGLOC-04368,Flatbush,,Brooklyn,UNKNOWN
GGLOC-04369,Washington Court House,,Fayette County,UNKNOWN
GGLOC-04370,Saint John,,Saint Louis County,UNKNOWN
GGLOC-04371,Bon Air,,Chesterfield County,UNKNOWN
GGLOC-04372,Oak Grove,,Christian County,UNKNOWN
GGLOC-04373,Apex,,Delaware County,UNKNOWN
GGLOC-04374,Pico Rivera,,Los Angeles County,UNKNOWN
GGLOC-04375,Concord,,Contra Costa County,UNKNOWN
GGLOC-04376,Crossville,,Cumberland County,UNKNOWN
GGLOC-04377,Marlborough,,Middlesex County,UNKNOWN
GGLOC-04378,Baytown,,Harris County,UNKNOWN
GGLOC-04379,Denton,,Denton County,UNKNOWN
GGLOC-04380,Bowling Green,,Hardee County,UNKNOWN
GGLOC-04381,Bonnie,,Utah County,UNKNOWN
GGLOC-04382,Harpursville,,Broome County,UNKNOWN
GGLOC-04383,West Los Angeles,,Los Angeles County,UNKNOWN
GGLOC-04384,Greenbelt,,Prince George'S County,UNKNOWN
GGLOC-04385,North Carolina,,Us,UNKNOWN
GGLOC-04386,Silver Dollar,,Taney County,UNKNOWN
GGLOC-04387,Royalton,,Dauphin County,UNKNOWN
GGLOC-04388,Lancaster,,Garrard County,UNKNOWN
GGLOC-04389,Covina,,Los Angeles County,UNKNOWN
GGLOC-04390,Cover,,Elko County,UNKNOWN
GGLOC-04391,Navy Yard City,,Kitsap County,UNKNOWN
GGLOC-04392,Surprise,,Maricopa County,UNKNOWN
GGLOC-04393,Bethel Park,,Allegheny County,UNKNOWN
GGLOC-04394,Macon,,Macon County,UNKNOWN
GGLOC-04395,Saratoga,,Santa Clara County,UNKNOWN
GGLOC-04396,Langdon,,Dawlish,UNKNOWN
GGLOC-04397,Chelmsford,,Middlesex County,UNKNOWN
GGLOC-04398,Mangonia Park,,Palm Beach County,UNKNOWN
GGLOC-04399,Montpelier,,Washington County,UNKNOWN
GGLOC-04400,Denville,,Morris County,UNKNOWN
GGLOC-04401,Lovington,,Lea County,UNKNOWN
GGLOC-04402,Little Chute,,Outagamie County,UNKNOWN
GGLOC-04403,Millard,,Douglas County,UNKNOWN
GGLOC-04404,Newell,,Mecklenburg County,UNKNOWN
GGLOC-04405,Gardendale,,Jefferson County,UNKNOWN
GGLOC-04406,Bourbonnais,,Kankakee County,UNKNOWN
GGLOC-04407,Banbury,,Oxfordshire,UNKNOWN
GGLOC-04408,Blue Bell,,Montgomery County,UNKNOWN
GGLOC-04409,Lasswade,,Midlothian,UNKNOWN
GGLOC-04410,Eau Claire,,Eau Claire County,UNKNOWN
GGLOC-04411,Pensacola,,Escambia County,UNKNOWN
GGLOC-04412,Fitchburg,,Worcester County,UNKNOWN
GGLOC-04413,Bryson City,,Swain County,UNKNOWN
GGLOC-04414,Germantown,,Shelby County,UNKNOWN
GGLOC-04415,Alex,,Rapides Parish,UNKNOWN
GGLOC-04416,Dutton,,Kent County,UNKNOWN
GGLOC-04417,Marlborough,,Hartford County,UNKNOWN
GGLOC-04418,Mount Air,,Franklin County,UNKNOWN
GGLOC-04419,Willow Grove,,Montgomery County,UNKNOWN
GGLOC-04420,Greenwood,,Greenwood County,UNKNOWN
GGLOC-04421,Lakeside,,Henrico County,UNKNOWN
GGLOC-04422,Fairburn,,Fulton County,UNKNOWN
GGLOC-04423,Wrockwardine Wood,,Telford,UNKNOWN
GGLOC-04424,Cambridge,,Middlesex County,UNKNOWN
GGLOC-04425,Sullivan,,Jefferson County,UNKNOWN
GGLOC-04426,Boys Town,,Douglas County,UNKNOWN
GGLOC-04427,West Midlands,,Uk,UNKNOWN
GGLOC-04428,East Nassau,,Rensselaer County,UNKNOWN
GGLOC-04429,Hampton Cove,,Madison County,UNKNOWN
GGLOC-04430,Bridgewater Farms,,Delaware County,UNKNOWN
GGLOC-04431,Berkshire,,Tioga County,UNKNOWN
GGLOC-04432,Augusta,,Richmond County,UNKNOWN
GGLOC-04433,State House,,Lancaster County,UNKNOWN
GGLOC-04434,Saint Albans,,Franklin County,UNKNOWN
GGLOC-04435,Newtown,,Disley,UNKNOWN
GGLOC-04436,Dallas,,Texas,UNKNOWN
GGLOC-04437,Albion,,Noble County,UNKNOWN
GGLOC-04438,Starke,,Bradford County,UNKNOWN
GGLOC-04439,Elizabethtown,,Bartholomew County,UNKNOWN
GGLOC-04440,Peterlee,,County Durham,UNKNOWN
GGLOC-04441,Holbeck,,Leeds,UNKNOWN
GGLOC-04442,Red Wing,,Goodhue County,UNKNOWN
GGLOC-04443,Van Cott,,Bronx,UNKNOWN
GGLOC-04444,Orient,,Adair County,UNKNOWN
GGLOC-04445,Hueytown,,Jefferson County,UNKNOWN
GGLOC-04446,Tenafly,,Bergen County,UNKNOWN
GGLOC-04447,Devon,,Chester County,UNKNOWN
GGLOC-04448,Kernersville,,Forsyth County,UNKNOWN
GGLOC-04449,Modeste,,Ascension Parish,UNKNOWN
GGLOC-04450,Durham,,County Durham,UNKNOWN
GGLOC-04451,Bedford,,Hillsborough County,UNKNOWN
GGLOC-04452,Eagle River,,Anchorage,UNKNOWN
GGLOC-04453,Gulfway Terrace,,Houston,UNKNOWN
GGLOC-04454,Cary,,Mchenry County,UNKNOWN
GGLOC-04455,Newport,,Cocke County,UNKNOWN
GGLOC-04456,Fairhope,,Baldwin County,UNKNOWN
GGLOC-04457,Lehi,,Utah County,UNKNOWN
GGLOC-04458,Carson City,,Nevada,UNKNOWN
GGLOC-04459,Cheltenham,,Gloucestershire,UNKNOWN
GGLOC-04460,Williams,,Coconino County,UNKNOWN
GGLOC-04461,Wyoming,,Hamilton County,UNKNOWN
GGLOC-04462,Gibbsboro,,Camden County,UNKNOWN
GGLOC-04463,Hooven,,Hamilton County,UNKNOWN
GGLOC-04464,Claiborne,,Saint Tammany Parish,UNKNOWN
GGLOC-04465,Spring,,Harris County,UNKNOWN
GGLOC-04466,Punxsutawney,,Jefferson County,UNKNOWN
GGLOC-04467,Oakville,,Napa County,UNKNOWN
GGLOC-04468,Spearfish,,Lawrence County,UNKNOWN
GGLOC-04469,Audubon Place,,Houston,UNKNOWN
GGLOC-04470,West Plains,,Howell County,UNKNOWN
GGLOC-04471,Belmont,,San Mateo County,UNKNOWN
GGLOC-04472,Balcones,,Travis County,UNKNOWN
GGLOC-04473,Columbia,,Richland County,UNKNOWN
GGLOC-04474,Suwanee,,Gwinnett County,UNKNOWN
GGLOC-04475,Tring,,Hertfordshire,UNKNOWN
GGLOC-04476,Ligonier,,Westmoreland County,UNKNOWN
GGLOC-04477,Renton,,King County,UNKNOWN
GGLOC-04478,Evendale,,Juniata County,UNKNOWN
GGLOC-04479,Aztec,,San Juan County,UNKNOWN
GGLOC-04480,American Canyon,,Napa County,UNKNOWN
GGLOC-04481,Norfolk Downs,,Norfolk County,UNKNOWN
GGLOC-04482,Reseda,,Los Angeles County,UNKNOWN
GGLOC-04483,Fort Worth,,Tarrant County,UNKNOWN
GGLOC-04484,Milton Village,,Norfolk County,UNKNOWN
GGLOC-04485,Temple,,Carroll County,UNKNOWN
GGLOC-04486,Centennial,,Arapahoe County,UNKNOWN
GGLOC-04487,Sand Lake,,Orange County,UNKNOWN
GGLOC-04488,Great Falls,,Fairfax County,UNKNOWN
GGLOC-04489,Rocky Mount,,Miller County,UNKNOWN
GGLOC-04490,Lake Forest Park,,King County,UNKNOWN
GGLOC-04491,Shrewsbury,,Jefferson Parish,UNKNOWN
GGLOC-04492,Joliet,,Will County,UNKNOWN
GGLOC-04493,West Newbury,,Essex County,UNKNOWN
GGLOC-04494,Old Fort,,Mcdowell County,UNKNOWN
GGLOC-04495,Ovingham,,Prudhoe,UNKNOWN
GGLOC-04496,East Kingsford,,Dickinson County,UNKNOWN
GGLOC-04497,Gibson,,Susquehanna County,UNKNOWN
GGLOC-04498,Vails Gate,,Orange County,UNKNOWN
GGLOC-04499,Brentwood,,Contra Costa County,UNKNOWN
GGLOC-04500,Union City,,Fulton County,UNKNOWN
GGLOC-04501,Winona Lake,,Kosciusko County,UNKNOWN
GGLOC-04502,Scranton,,Menifee County,UNKNOWN
GGLOC-04503,Sedalia,,Douglas County,UNKNOWN
GGLOC-04504,Mooresville,,Iredell County,UNKNOWN
GGLOC-04505,Merrimac,,Essex County,UNKNOWN
GGLOC-04506,Welby,,Adams County,UNKNOWN
GGLOC-04507,Hastings,,Dakota County,UNKNOWN
GGLOC-04508,Bay Village,,Cuyahoga County,UNKNOWN
GGLOC-04509,Afton,,Chenango County,UNKNOWN
GGLOC-04510,Haverhill,,Palm Beach County,UNKNOWN
GGLOC-04511,Suffern,,Rockland County,UNKNOWN
GGLOC-04512,Oakley,,Hamilton County,UNKNOWN
GGLOC-04513,Ann Arbor,,Washtenaw County,UNKNOWN
GGLOC-04514,Barker,,Harris County,UNKNOWN
GGLOC-04515,North Yorkshire,,Yorkshire And The Humber,UNKNOWN
GGLOC-04516,Sahuarita,,Pima County,UNKNOWN
GGLOC-04517,Hospital,,Broome County,UNKNOWN
GGLOC-04518,Stockport,,Greater Manchester,UNKNOWN
GGLOC-04519,Dulles Town Center,,Loudoun County,UNKNOWN
GGLOC-04520,Antioch,,Contra Costa County,UNKNOWN
GGLOC-04521,Yardley,,Bucks County,UNKNOWN
GGLOC-04522,Center Point,,Jefferson County,UNKNOWN
GGLOC-04523,Medford,,Burlington County,UNKNOWN
GGLOC-04524,Martinez,,Columbia County,UNKNOWN
GGLOC-04525,South Bowie,,Prince George'S County,UNKNOWN
GGLOC-04526,Tracy,,San Joaquin County,UNKNOWN
GGLOC-04527,Elk Grove,,Sacramento County,UNKNOWN
GGLOC-04528,Great Falls,,Cascade County,UNKNOWN
GGLOC-04529,Savoy,,Champaign County,UNKNOWN
GGLOC-04530,South Lake Tahoe,,El Dorado County,UNKNOWN
GGLOC-04531,Lansford,,Carbon County,UNKNOWN
GGLOC-04532,Windsor Castle,,Windsor,UNKNOWN
GGLOC-04533,Holcomb,,Finney County,UNKNOWN
GGLOC-04534,Rye Brook,,Westchester County,UNKNOWN
GGLOC-04535,Bergen,,Genesee County,UNKNOWN
GGLOC-04536,Avenel,,Middlesex County,UNKNOWN
GGLOC-04537,Kennewick,,Benton County,UNKNOWN
GGLOC-04538,Tampa,,Hillsborough County,UNKNOWN
GGLOC-04539,Cambourne,,Cambridge,UNKNOWN
GGLOC-04540,Hammonton,,Yuba County,UNKNOWN
GGLOC-04541,Sturgis,,St. Joseph County,UNKNOWN
GGLOC-04542,Big Flats,,Chemung County,UNKNOWN
GGLOC-04543,Wales,,Uk,UNKNOWN
GGLOC-04544,Plainview,,Nassau County,UNKNOWN
GGLOC-04545,Williamsport,,Lycoming County,UNKNOWN
GGLOC-04546,Las Cruces,,Doña Ana County,UNKNOWN
GGLOC-04547,Birmingham,,West Midlands,UNKNOWN
GGLOC-04548,Preble,,Brown County,UNKNOWN
GGLOC-04549,Rochester,,Strafford County,UNKNOWN
GGLOC-04550,Wichita,,Sedgwick County,UNKNOWN
GGLOC-04551,Novelty,,Snohomish County,UNKNOWN
GGLOC-04552,Douglassville,,Berks County,UNKNOWN
GGLOC-04553,Loveland,,Larimer County,UNKNOWN
GGLOC-04554,Greendale,,Dearborn County,UNKNOWN
GGLOC-04555,Fredericksburg,,Gasconade County,UNKNOWN
GGLOC-04556,Hendon,,Sunderland,UNKNOWN
GGLOC-04557,Urbandale,,Alexander County,UNKNOWN
GGLOC-04558,Simpsonville,,Greenville County,UNKNOWN
GGLOC-04559,Prices Fork,,Montgomery County,UNKNOWN
GGLOC-04560,Chesham,,Buckinghamshire,UNKNOWN
GGLOC-04561,Bartow,,Polk County,UNKNOWN
GGLOC-04562,Jenks,,Tulsa County,UNKNOWN
GGLOC-04563,Gaylord,,Otsego County,UNKNOWN
GGLOC-04564,Granite City,,Madison County,UNKNOWN
GGLOC-04565,O Fallon,,Saint Clair County,UNKNOWN
GGLOC-04566,Monument,,El Paso County,UNKNOWN
GGLOC-04567,Johnson City,,Broome County,UNKNOWN
GGLOC-04568,Trade,,Alexandria City,UNKNOWN
GGLOC-04569,Chesterfield,,Saint Louis County,UNKNOWN
GGLOC-04570,Montrose,,Summit County,UNKNOWN
GGLOC-04571,Stewartville,,Olmsted County,UNKNOWN
GGLOC-04572,Cincinnatus,,Cortland County,UNKNOWN
GGLOC-04573,Eastbourne,,East Sussex,UNKNOWN
GGLOC-04574,Normandy Park,,King County,UNKNOWN
GGLOC-04575,Allendale,,Berkshire County,UNKNOWN
GGLOC-04576,Fayetteville,,Cumberland County,UNKNOWN
GGLOC-04577,Saltaire,,Mobile County,UNKNOWN
GGLOC-04578,Riverton,,Sangamon County,UNKNOWN
GGLOC-04579,Barrow,,North Slope,UNKNOWN
GGLOC-04580,Sparrows Point,,Baltimore County,UNKNOWN
GGLOC-04581,Morgantown,,Morgan County,UNKNOWN
GGLOC-04582,Henryville,,Monroe County,UNKNOWN
GGLOC-04583,Pagedale,,Saint Louis County,UNKNOWN
GGLOC-04584,Concord,,Jefferson County,UNKNOWN
GGLOC-04585,North Creek,,Snohomish County,UNKNOWN
GGLOC-04586,Harlow,,Essex,UNKNOWN
GGLOC-04587,Morganfield,,Union County,UNKNOWN
GGLOC-04588,Ilford,,Essex,UNKNOWN
GGLOC-04589,Woodbury,,Gloucester County,UNKNOWN
GGLOC-04590,Glen Wild,,Sullivan County,UNKNOWN
GGLOC-04591,Franklin D Roosevelt,,Manhattan,UNKNOWN
GGLOC-04592,Spencer,,Tioga County,UNKNOWN
GGLOC-04593,Athens,,Clarke County,UNKNOWN
GGLOC-04594,Queens Village,,Queens,UNKNOWN
GGLOC-04595,Satanta,,Haskell County,UNKNOWN
GGLOC-04596,Hayward,,Sawyer County,UNKNOWN
GGLOC-04597,Textile Finance,,Los Angeles County,UNKNOWN
GGLOC-04598,Wilmette,,Cook County,UNKNOWN
GGLOC-04599,Rock Hill,,Grant Parish,UNKNOWN
GGLOC-04600,Dodge City,,Ford County,UNKNOWN
GGLOC-04601,Ford Heights,,Cook County,UNKNOWN
GGLOC-04602,Hilton,,Blandford Forum,UNKNOWN
GGLOC-04603,Chelsea,,Suffolk County,UNKNOWN
GGLOC-04604,Manhattan,,Will County,UNKNOWN
GGLOC-04605,Bainbridge Island,,Kitsap County,UNKNOWN
GGLOC-04606,Echo Lake,,Lake County,UNKNOWN
GGLOC-04607,Bentonville,,Benton County,UNKNOWN
GGLOC-04608,Benton,,Columbia County,UNKNOWN
GGLOC-04609,Lexington,,Fayette County,UNKNOWN
GGLOC-04610,Westbrook,,Cumberland County,UNKNOWN
GGLOC-04611,Youngstown,,Mahoning County,UNKNOWN
GGLOC-04612,Cottleville,,Saint Charles County,UNKNOWN
GGLOC-04613,Idledale,,Jefferson County,UNKNOWN
GGLOC-04614,Kirksville,,Adair County,UNKNOWN
GGLOC-04615,Wareham,,Plymouth County,UNKNOWN
GGLOC-04616,Lonsdale,,Knox County,UNKNOWN
GGLOC-04617,Clifton Springs,,Ontario County,UNKNOWN
GGLOC-04618,Chalvey,,Slough,UNKNOWN
GGLOC-04619,City,,Clark County,UNKNOWN
GGLOC-04620,Beaumont,,Riverside County,UNKNOWN
GGLOC-04621,Belmont,,Middlesex County,UNKNOWN
GGLOC-04622,Dunlap,,Peoria County,UNKNOWN
GGLOC-04623,Mount Clemens,,Macomb County,UNKNOWN
GGLOC-04624,Pewaukee,,Waukesha County,UNKNOWN
GGLOC-04625,Kirkland,,Yavapai County,UNKNOWN
GGLOC-04626,Normanton,,West Yorkshire,UNKNOWN
GGLOC-04627,Styal,,Wilmslow,UNKNOWN
GGLOC-04628,Kent,,Elmore County,UNKNOWN
GGLOC-04629,Sebastian,,Indian River County,UNKNOWN
GGLOC-04630,Barry Square,,Hartford County,UNKNOWN
GGLOC-04631,Westgate,,Monroe County,UNKNOWN
GGLOC-04632,Kansas City,,Jackson County,UNKNOWN
GGLOC-04633,Norwood,,Peoria County,UNKNOWN
GGLOC-04634,Castle Rock,,Douglas County,UNKNOWN
GGLOC-04635,Covedale,,Hamilton County,UNKNOWN
GGLOC-04636,Queen Park,,Chittenden County,UNKNOWN
GGLOC-04637,Dunn,,Harnett County,UNKNOWN
GGLOC-04638,Uptown,,Marion County,UNKNOWN
GGLOC-04639,Conroe,,Montgomery County,UNKNOWN
GGLOC-04640,South,,Arlington County,UNKNOWN
GGLOC-04641,Orland Park,,Cook County,UNKNOWN
GGLOC-04642,Lackland Air Force Base,,Bexar County,UNKNOWN
GGLOC-04643,Bloomfield,,Allegheny County,UNKNOWN
GGLOC-04644,Valley Park,,Saint Louis County,UNKNOWN
GGLOC-04645,Studio City,,Los Angeles County,UNKNOWN
GGLOC-04646,Front Royal,,Warren County,UNKNOWN
GGLOC-04647,Sayre,,Bradford County,UNKNOWN
GGLOC-04648,Barnsley,,South Yorkshire,UNKNOWN
GGLOC-04649,Breinigsville,,Lehigh County,UNKNOWN
GGLOC-04650,Eyota,,Olmsted County,UNKNOWN
GGLOC-04651,Day Heights,,Clermont County,UNKNOWN
GGLOC-04652,Lytchett Matravers,,Poole,UNKNOWN
GGLOC-04653,Helena,,Lewis And Clark County,UNKNOWN
GGLOC-04654,Coral Gables,,Miami-Dade County,UNKNOWN
GGLOC-04655,Dormanstown,,Redcar,UNKNOWN
GGLOC-04656,Lake Wales,,Polk County,UNKNOWN
GGLOC-04657,El Paso,,El Paso County,UNKNOWN
GGLOC-04658,Lilydale,,Dakota County,UNKNOWN
GGLOC-04659,El Cajon,,San Diego County,UNKNOWN
GGLOC-04660,Little Egg Harbor Township,,Ocean County,UNKNOWN
GGLOC-04661,Washington,,Us,UNKNOWN
GGLOC-04662,Loretto,,Marion County,UNKNOWN
GGLOC-04663,Melissa,,Collin County,UNKNOWN
GGLOC-04664,Woolverton,,Bath,UNKNOWN
GGLOC-04665,Eastwood,,Onondaga County,UNKNOWN
GGLOC-04666,Eaton,,Norwich,UNKNOWN
GGLOC-04667,Washington,,D.C.,UNKNOWN
GGLOC-04668,Deal,,Kent,UNKNOWN
GGLOC-04669,Edgemere,,Worcester County,UNKNOWN
GGLOC-04670,Mount Pleasant,,Maury County,UNKNOWN
GGLOC-04671,Baxter,,Crow Wing County,UNKNOWN
GGLOC-04672,Waterville,,Oneida County,UNKNOWN
GGLOC-04673,Martinsburg,,Keokuk County,UNKNOWN
GGLOC-04674,Sherwood Park,,Salt Lake County,UNKNOWN
GGLOC-04675,Rapid City,,Pennington County,UNKNOWN
GGLOC-04676,Trotwood,,Montgomery County,UNKNOWN
GGLOC-04677,Tyler,,Lincoln County,UNKNOWN
GGLOC-04678,Gosmore,,Hitchin,UNKNOWN
GGLOC-04679,New Albany,,Floyd County,UNKNOWN
GGLOC-04680,Wayne,,Delaware County,UNKNOWN
GGLOC-04681,Bridgeville,,Allegheny County,UNKNOWN
GGLOC-04682,Corona,,Riverside County,UNKNOWN
GGLOC-04683,Yaphank,,Suffolk County,UNKNOWN
GGLOC-04684,Carroll,,Carroll County,UNKNOWN
GGLOC-04685,Eagle Lake,,Polk County,UNKNOWN
GGLOC-04686,Zumbrota,,Goodhue County,UNKNOWN
GGLOC-04687,Jamaica,,Queens,UNKNOWN
GGLOC-04688,Genoa City,,Walworth County,UNKNOWN
GGLOC-04689,Parker,,Collin County,UNKNOWN
GGLOC-04690,Celebration,,Osceola County,UNKNOWN
GGLOC-04691,Arcadia,,Desoto County,UNKNOWN
GGLOC-04692,Dallas,,Luzerne County,UNKNOWN
GGLOC-04693,Troy,,Rensselaer County,UNKNOWN
GGLOC-04694,Oneida,,Brown County,UNKNOWN
GGLOC-04695,Minden,,Rusk County,UNKNOWN
GGLOC-04696,High Meadows,,Peoria County,UNKNOWN
GGLOC-04697,Benbrook,,Tarrant County,UNKNOWN
GGLOC-04698,Chesterfield,,Derbyshire,UNKNOWN
GGLOC-04699,Redlands,,San Bernardino County,UNKNOWN
GGLOC-04700,Fort Shafter,,Honolulu,UNKNOWN
GGLOC-04701,Tenneryville,,Gregg County,UNKNOWN
GGLOC-04702,Boise,,Ada County,UNKNOWN
GGLOC-04703,Barkhamsted,,Litchfield County,UNKNOWN
GGLOC-04704,Rialto,,San Bernardino County,UNKNOWN
GGLOC-04705,Black Jack,,Saint Louis County,UNKNOWN
GGLOC-04706,Tulsa,,Tulsa County,UNKNOWN
GGLOC-04707,Diana,,Upshur County,UNKNOWN
GGLOC-04708,Carlisle,,Cumberland County,UNKNOWN
GGLOC-04709,Guadalupe,,Maricopa County,UNKNOWN
GGLOC-04710,Paradise Valley,,Maricopa County,UNKNOWN
GGLOC-04711,Newberry,,Alachua County,UNKNOWN
GGLOC-04712,Stanton Fitzwarren,,Swindon,UNKNOWN
GGLOC-04713,Kendal,,Cumbria,UNKNOWN
GGLOC-04714,Sumner,,Pierce County,UNKNOWN
GGLOC-04715,Keyport,,Monmouth County,UNKNOWN
GGLOC-04716,Boston,,Suffolk County,UNKNOWN
GGLOC-04717,Ridgeside,,Hamilton County,UNKNOWN
GGLOC-04718,Mantorville,,Dodge County,UNKNOWN
GGLOC-04719,Del Mar,,San Diego County,UNKNOWN
GGLOC-04720,Hempstead,,Nassau County,UNKNOWN
GGLOC-04721,Rayleigh,,Essex,UNKNOWN
GGLOC-04722,Hoover,,Jefferson County,UNKNOWN
GGLOC-04723,Port Salerno,,Martin County,UNKNOWN
GGLOC-04724,Vernon,,Sussex County,UNKNOWN
GGLOC-04725,Scott City,,Scott County,UNKNOWN
GGLOC-04726,Bloomington,,Monroe County,UNKNOWN
GGLOC-04727,Glenns,,Middlesex County,UNKNOWN
GGLOC-04728,Leicester,,Leicestershire,UNKNOWN
GGLOC-04729,Englewood Cliffs,,Bergen County,UNKNOWN
GGLOC-04730,Maplewood,,Ramsey County,UNKNOWN
GGLOC-04731,Swannanoa,,Buncombe County,UNKNOWN
GGLOC-04732,Poway,,San Diego County,UNKNOWN
GGLOC-04733,Torresdale South,,Philadelphia County,UNKNOWN
GGLOC-04734,Glen Spey,,Sullivan County,UNKNOWN
GGLOC-04735,Cape Fear,,New Hanover County,UNKNOWN
GGLOC-04736,Springdale,,Allegheny County,UNKNOWN
GGLOC-04737,El Reno,,Canadian County,UNKNOWN
GGLOC-04738,Memphis,,Shelby County,UNKNOWN
GGLOC-04739,Medicine Lake,,Hennepin County,UNKNOWN
GGLOC-04740,Kankakee,,Kankakee County,UNKNOWN
GGLOC-04741,Burley,,Cassia County,UNKNOWN
GGLOC-04742,Cullman,,Cullman County,UNKNOWN
GGLOC-04743,Bohemia,,Suffolk County,UNKNOWN
GGLOC-04744,Hudson,,Hillsborough County,UNKNOWN
GGLOC-04745,Natchitoches,,Natchitoches Parish,UNKNOWN
GGLOC-04746,Charlotte,,Eaton County,UNKNOWN
GGLOC-04747,Edmonton,,Metcalfe County,UNKNOWN
GGLOC-04748,Lithia Springs,,Douglas County,UNKNOWN
GGLOC-04749,Gloucester Point,,Gloucester County,UNKNOWN
GGLOC-04750,Donelson,,Davidson County,UNKNOWN
GGLOC-04751,Playa Del Rey,,Los Angeles County,UNKNOWN
GGLOC-04752,Liberty Park,,Spokane County,UNKNOWN
GGLOC-04753,Great Chesterford,,Saffron Walden,UNKNOWN
GGLOC-04754,Pasco,,Franklin County,UNKNOWN
GGLOC-04755,One Horse Store,,Arkansas County,UNKNOWN
GGLOC-04756,Oxford,,Chenango County,UNKNOWN
GGLOC-04757,Marlin,,Falls County,UNKNOWN
GGLOC-04758,Waddell,,Maricopa County,UNKNOWN
GGLOC-04759,Winslow,,Kennebec County,UNKNOWN
GGLOC-04760,Olympia,,Thurston County,UNKNOWN
GGLOC-04761,Raleigh,,Smith County,UNKNOWN
GGLOC-04762,Beverly,,Essex County,UNKNOWN
GGLOC-04763,Margate,,Broward County,UNKNOWN
GGLOC-04764,Davis,,Yolo County,UNKNOWN
GGLOC-04765,Bisti,,San Juan County,UNKNOWN
GGLOC-04766,Winchester City,,Virginia,UNKNOWN
GGLOC-04767,Gillett,,Bradford County,UNKNOWN
GGLOC-04768,Dimondale,,Eaton County,UNKNOWN
GGLOC-04769,Fruitport,,Muskegon County,UNKNOWN
GGLOC-04770,Wallingford,,New Haven County,UNKNOWN
GGLOC-04771,Santa Rosa Valley,,Ventura County,UNKNOWN
GGLOC-04772,Brooklyn,,Cuyahoga County,UNKNOWN
GGLOC-04773,Milton,,Fulton County,UNKNOWN
GGLOC-04774,Forest Glen,,Montgomery County,UNKNOWN
GGLOC-04775,Lanham Seabrook,,Prince George'S County,UNKNOWN
GGLOC-04776,Acton,,Los Angeles County,UNKNOWN
GGLOC-04777,Bullhead City,,Mohave County,UNKNOWN
GGLOC-04778,Winter Haven,,Polk County,UNKNOWN
GGLOC-04779,Cooper City,,Broward County,UNKNOWN
GGLOC-04780,Essex,,Chittenden County,UNKNOWN
GGLOC-04781,Xenia,,Greene County,UNKNOWN
GGLOC-04782,Berkeley,,Alameda County,UNKNOWN
GGLOC-04783,Greenfield,,Hancock County,UNKNOWN
GGLOC-04784,Filton,,Bristol,UNKNOWN
GGLOC-04785,Damascus,,Wayne County,UNKNOWN
GGLOC-04786,Onalaska,,La Crosse County,UNKNOWN
GGLOC-04787,North Terre Haute,,Vigo County,UNKNOWN
GGLOC-04788,Warren,,Worcester County,UNKNOWN
GGLOC-04789,New Albany,,Franklin County,UNKNOWN
GGLOC-04790,Casas Adobes,,Pima County,UNKNOWN
GGLOC-04791,Homewood,,Jefferson County,UNKNOWN
GGLOC-04792,Fort Lauderdale,,Broward County,UNKNOWN
GGLOC-04793,Calico Ridge,,Clark County,UNKNOWN
GGLOC-04794,Ordinary,,Gloucester County,UNKNOWN
GGLOC-04795,Mauldin,,Greenville County,UNKNOWN
GGLOC-04796,Hanford,,Kings County,UNKNOWN
GGLOC-04797,Rocky River,,Cuyahoga County,UNKNOWN
GGLOC-04798,Mission Viejo,,Orange County,UNKNOWN
GGLOC-04799,Nellysford,,Nelson County,UNKNOWN
GGLOC-04800,Park Street,,St. Albans,UNKNOWN
GGLOC-04801,Hyannis,,Barnstable County,UNKNOWN
GGLOC-04802,Green Meadow,,Prince George'S County,UNKNOWN
GGLOC-04803,Fairport,,Monroe County,UNKNOWN
GGLOC-04804,Texas,,Us,UNKNOWN
GGLOC-04805,Clanton,,Chilton County,UNKNOWN
GGLOC-04806,Sun Prairie,,Dane County,UNKNOWN
GGLOC-04807,Milpitas,,Santa Clara County,UNKNOWN
GGLOC-04808,St. Ippolyts,,Hitchin,UNKNOWN
GGLOC-04809,Framingham,,Middlesex County,UNKNOWN
GGLOC-04810,Newnan,,Coweta County,UNKNOWN
GGLOC-04811,Wheeling,,Cook County,UNKNOWN
GGLOC-04812,Bartlett,,Bell County,UNKNOWN
GGLOC-04813,Elsmere,,Albany County,UNKNOWN
GGLOC-04814,Kearny,,Hudson County,UNKNOWN
GGLOC-04815,Parsippany Troy Hills,,Morris County,UNKNOWN
GGLOC-04816,Darbyville,,Pickaway County,UNKNOWN
GGLOC-04817,Village Of Indian Springs,,Butler County,UNKNOWN
GGLOC-04818,Clive,,Polk County,UNKNOWN
GGLOC-04819,Statesboro,,Bulloch County,UNKNOWN
GGLOC-04820,Crayford,,Dartford,UNKNOWN
GGLOC-04821,North Richland Hills,,Tarrant County,UNKNOWN
GGLOC-04822,Avondale,,Clay County,UNKNOWN
GGLOC-04823,Folkston,,Charlton County,UNKNOWN
GGLOC-04824,Parkdale,,Hamilton County,UNKNOWN
GGLOC-04825,Port Orchard,,Kitsap County,UNKNOWN
GGLOC-04826,Kilgore,,Gregg County,UNKNOWN
GGLOC-04827,Winston Salem,,Forsyth County,UNKNOWN
GGLOC-04828,Newfoundland,,Wayne County,UNKNOWN
GGLOC-04829,Walton,,Delaware County,UNKNOWN
GGLOC-04830,Brea,,Orange County,UNKNOWN
GGLOC-04831,Clear Creek,,Monroe County,UNKNOWN
GGLOC-04832,Rockford,,Bingham County,UNKNOWN
GGLOC-04833,Mosheim,,Greene County,UNKNOWN
GGLOC-04834,Hammond,,Tangipahoa Parish,UNKNOWN
GGLOC-04835,Strongsville,,Cuyahoga County,UNKNOWN
GGLOC-04836,Seaside,,Clatsop County,UNKNOWN
GGLOC-04837,Las Vegas,,Clark County,UNKNOWN
GGLOC-04838,Decatur,,Meigs County,UNKNOWN
GGLOC-04839,Lexington,,Middlesex County,UNKNOWN
GGLOC-04840,Montclair,,Denver,UNKNOWN
GGLOC-04841,Seymour,,Sevier County,UNKNOWN
GGLOC-04842,Murphy,,Owyhee County,UNKNOWN
GGLOC-04843,Pierpont,,Boone County,UNKNOWN
GGLOC-04844,Hermitage,,Davidson County,UNKNOWN
GGLOC-04845,Plymouth,,Luzerne County,UNKNOWN
GGLOC-04846,Briggs,,Los Angeles County,UNKNOWN
GGLOC-04847,Kingsport,,Sullivan County,UNKNOWN
GGLOC-04848,Brunswick,,Glynn County,UNKNOWN
GGLOC-04849,Adelaide,,King County,UNKNOWN
GGLOC-04850,Lakeview,,Utah County,UNKNOWN
GGLOC-04851,Stanford,,Lincoln County,UNKNOWN
GGLOC-04852,Clearwater,,Aiken County,UNKNOWN
GGLOC-04853,Ankeny,,Polk County,UNKNOWN
GGLOC-04854,Scarborough,,North Yorkshire,UNKNOWN
GGLOC-04855,Haslett,,Ingham County,UNKNOWN
GGLOC-04856,Sulphur,,Calcasieu Parish,UNKNOWN
GGLOC-04857,Joplin,,Jasper County,UNKNOWN
GGLOC-04858,Cedar Falls,,Black Hawk County,UNKNOWN
GGLOC-04859,Altoona,,Blair County,UNKNOWN
GGLOC-04860,Medley,,Miami-Dade County,UNKNOWN
GGLOC-04861,Fostoria,,Seneca County,UNKNOWN
GGLOC-04862,Fort George G Meade,,Anne Arundel County,UNKNOWN
GGLOC-04863,Hereford,,Herefordshire,UNKNOWN
GGLOC-04864,Highland Heights,,Cuyahoga County,UNKNOWN
GGLOC-04865,Woodway,,Mclennan County,UNKNOWN
GGLOC-04866,Tarrant,,Jefferson County,UNKNOWN
GGLOC-04867,Buffalo,,Erie County,UNKNOWN
GGLOC-04868,Amarillo,,Potter County,UNKNOWN
GGLOC-04869,Georgetown,,Georgetown County,UNKNOWN
GGLOC-04870,Savage,,Scott County,UNKNOWN
GGLOC-04871,Frieze Hill,,Taunton,UNKNOWN
GGLOC-04872,Lake Shore,,Anne Arundel County,UNKNOWN
GGLOC-04873,Eaton Socon,,St. Neots,UNKNOWN
GGLOC-04874,Mcgregor,,Aitkin County,UNKNOWN
GGLOC-04875,Claremont,,Sullivan County,UNKNOWN
GGLOC-04876,Fort Collins,,Larimer County,UNKNOWN
GGLOC-04877,La Crosse,,La Crosse County,UNKNOWN
GGLOC-04878,Clear Lake,,Cerro Gordo County,UNKNOWN
GGLOC-04879,Bettsville,,Seneca County,UNKNOWN
GGLOC-04880,Handbridge,,Chester,UNKNOWN
GGLOC-04881,Byhalia,,Marshall County,UNKNOWN
GGLOC-04882,Dessau,,Travis County,UNKNOWN
GGLOC-04883,Plymouth,,Plymouth County,UNKNOWN
GGLOC-04884,Glendale,,Queens,UNKNOWN
GGLOC-04885,Oak Park,,Cook County,UNKNOWN
GGLOC-04886,West Kennebunk,,York County,UNKNOWN
GGLOC-04887,Yalesville,,New Haven County,UNKNOWN
GGLOC-04888,Walkern,,Hertfordshire,UNKNOWN
GGLOC-04889,Swatara Sta,,Dauphin County,UNKNOWN
GGLOC-04890,Golden,,Co,UNKNOWN
GGLOC-04891,Fort Bragg,,Nc,UNKNOWN
GGLOC-04892,Manassas,,Va,UNKNOWN
GGLOC-04893,Kendall,,Fl,UNKNOWN
GGLOC-04894,Turlock,,Ca,UNKNOWN
GGLOC-04895,Ludhiana,,Punjab,UNKNOWN
GGLOC-04896,Clinton,,Ia,UNKNOWN
GGLOC-04897,Lake Worth,,Fl,UNKNOWN
GGLOC-04898,Ciudad De México,,Cdmx,UNKNOWN
GGLOC-04899,Bemidji,,Mn,UNKNOWN
GGLOC-04900,Fairfax,,Va,UNKNOWN
GGLOC-04901,Suitland,,,UNKNOWN
GGLOC-04902,Civil Engineering,,,UNKNOWN
GGLOC-04903,Duala,,,UNKNOWN
GGLOC-04904,Accra,,Gh,UNKNOWN
GGLOC-04905,La Mirada,,Ca,UNKNOWN
GGLOC-04906,University Center,,Mi,UNKNOWN
GGLOC-04907,East Greenwich,,Ri,UNKNOWN
GGLOC-04908,Inglewood,,Ca,UNKNOWN
GGLOC-04909,Benin,,,UNKNOWN
GGLOC-04910,Cullowhee,,Nc,UNKNOWN
GGLOC-04911,Orenburg,,,UNKNOWN
GGLOC-04912,Wayne,,Nj,UNKNOWN
GGLOC-04913,Phoenix,,Az,UNKNOWN
GGLOC-04914,Bhopal,,In,UNKNOWN
GGLOC-04915,France,,Eu,UNKNOWN
GGLOC-04916,Uniondale,,Ny,UNKNOWN
GGLOC-04917,Baguio City,,Benguet,UNKNOWN
GGLOC-04918,Stevensville,,Md,UNKNOWN
GGLOC-04919,Crystal Lake,,Il,UNKNOWN
GGLOC-04920,Randolph,,,UNKNOWN
GGLOC-04921,Corpus,,,UNKNOWN
GGLOC-04922,Mekelle,,Ethiopia,UNKNOWN
GGLOC-04923,Batna,,Va,UNKNOWN
GGLOC-04924,June 2009,,,UNKNOWN
GGLOC-04925,Independence,,Oh,UNKNOWN
GGLOC-04926,Linkoping,,Se,UNKNOWN
GGLOC-04927,Round Rock,,Tx,UNKNOWN
GGLOC-04928,Paramus,,Nj,UNKNOWN
GGLOC-04929,East Stroudsburg,,Pa,UNKNOWN
GGLOC-04930,Vietnam,,,UNKNOWN
GGLOC-04931,Coconut Creek,,Fl,UNKNOWN
GGLOC-04932,Mendota Heights,,Mn,UNKNOWN
GGLOC-04933,Plattsburgh,,Ny,UNKNOWN
GGLOC-04934,Mandeville,,La,UNKNOWN
GGLOC-04935,Kurnool,,In,UNKNOWN
GGLOC-04936,Stanford,,,UNKNOWN
GGLOC-04937,Palms,,Ca,UNKNOWN
GGLOC-04938,Belle Chasse,,La,UNKNOWN
GGLOC-04939,Southfield,,,UNKNOWN
GGLOC-04940,Us Army Signal School,,,UNKNOWN
GGLOC-04941,Amsterdam,,Ny,UNKNOWN
GGLOC-04942,Carrollton,,Tx,UNKNOWN
GGLOC-04943,Oceanside,,,UNKNOWN
GGLOC-04944,Chesterfield,,Sc,UNKNOWN
GGLOC-04945,Bryan - Dallas,,Tx,UNKNOWN
GGLOC-04946,Westmister,,Md,UNKNOWN
GGLOC-04947,Ypsilanti,,Mi,UNKNOWN
GGLOC-04948,Schiller Park,,Il,UNKNOWN
GGLOC-04949,Perú,,,UNKNOWN
GGLOC-04950,Spartanburg,,Sc,UNKNOWN
GGLOC-04951,Chittagong,,Bangladesh,UNKNOWN
GGLOC-04952,Joplin,,Mo,UNKNOWN
GGLOC-04953,Barnesville,,Ga,UNKNOWN
GGLOC-04954,Arcata,,Ca,UNKNOWN
GGLOC-04955,Pasadena,,Ca,UNKNOWN
GGLOC-04956,Wyoming,,Mi,UNKNOWN
GGLOC-04957,Selma,,Al,UNKNOWN
GGLOC-04958,Timonium,,Md,UNKNOWN
GGLOC-04959,May-2014,,,UNKNOWN
GGLOC-04960,Guangzhou,,Cn,UNKNOWN
GGLOC-04961,2006 To 2008,,,UNKNOWN
GGLOC-04962,Medical Technology,,,UNKNOWN
GGLOC-04963,Brandywine,,Md,UNKNOWN
GGLOC-04964,Santa Monica,,Ca,UNKNOWN
GGLOC-04965,Union,,Va,UNKNOWN
GGLOC-04966,Upper Marlboro,,Md,UNKNOWN
GGLOC-04967,Calhoun,,Ga,UNKNOWN
GGLOC-04968,Barbourville,,Ky,UNKNOWN
GGLOC-04969,India,,,UNKNOWN
GGLOC-04970,Tamil Nadu,,,UNKNOWN
GGLOC-04971,Cambridge,,,UNKNOWN
GGLOC-04972,Addis Ababa,,,UNKNOWN
GGLOC-04973,Melbourne,,,UNKNOWN
GGLOC-04974,Huddersfield,,,UNKNOWN
GGLOC-04975,Islamabad,,,UNKNOWN
GGLOC-04976,México,,,UNKNOWN
GGLOC-04977,Thiruvananthapuram,,Kerala,UNKNOWN
GGLOC-04978,Cazenovia,,Ny,UNKNOWN
GGLOC-04979,New Stanton,,Pa,UNKNOWN
GGLOC-04980,Elmhurst,,Il,UNKNOWN
GGLOC-04981,Tijuana,,Mx,UNKNOWN
GGLOC-04982,New Braunfels,,Tx,UNKNOWN
GGLOC-04983,Cape Town,,,UNKNOWN
GGLOC-04984,Multan,,,UNKNOWN
GGLOC-04985,Vijayawada,,Andhra Pradesh,UNKNOWN
GGLOC-04986,2012,,,UNKNOWN
GGLOC-04987,San Marcos,,,UNKNOWN
GGLOC-04988,Computer Information Systems,,,UNKNOWN
GGLOC-04989,Eng,,,UNKNOWN
GGLOC-04990,Yekaterinburg,,Ru,UNKNOWN
GGLOC-04991,Missouri,,,UNKNOWN
GGLOC-04992,Edwardsville,,Pa,UNKNOWN
GGLOC-04993,San-Francisco,,Ca,UNKNOWN
GGLOC-04994,Lumberton,,Nc,UNKNOWN
GGLOC-04995,Jabalpur,,Madhya Pradesh,UNKNOWN
GGLOC-04996,Moldova,,,UNKNOWN
GGLOC-04997,Jnt University,,,UNKNOWN
GGLOC-04998,Aberdeen,,Sd,UNKNOWN
GGLOC-04999,Edo State,,,UNKNOWN
GGLOC-05000,May 2010,,,UNKNOWN
GGLOC-05001,Lowell,,Ma,UNKNOWN
GGLOC-05002,Baton Rouge,,,UNKNOWN
GGLOC-05003,Leiden,,Nl,UNKNOWN
GGLOC-05004,Dubai,,Ae,UNKNOWN
GGLOC-05005,Easton,,Pa,UNKNOWN
GGLOC-05006,Bhilwara,,,UNKNOWN
GGLOC-05007,Buea Cameroon,,,UNKNOWN
GGLOC-05008,Arizona - Mesa,,Az,UNKNOWN
GGLOC-05009,Taipei,,Tw,UNKNOWN
GGLOC-05010,Martinez,,Ga,UNKNOWN
GGLOC-05011,Armenia,,,UNKNOWN
GGLOC-05012,Somerville,,Nj,UNKNOWN
GGLOC-05013,Oxford,,Oh,UNKNOWN
GGLOC-05014,Pipestone,,Mn,UNKNOWN
GGLOC-05015,Radnor,,Pa,UNKNOWN
GGLOC-05016,Tuscaloosa,,Al,UNKNOWN
GGLOC-05017,Pembroke Pines,,Fl,UNKNOWN
GGLOC-05018,Saint Joseph,,Mo,UNKNOWN
GGLOC-05019,Redwood City,,Ca,UNKNOWN
GGLOC-05020,Havana,,Cu,UNKNOWN
GGLOC-05021,Bhilai,,Chhattisgarh,UNKNOWN
GGLOC-05022,Fullerton,,Ca,UNKNOWN
GGLOC-05023,Minsk,,Belarus,UNKNOWN
GGLOC-05024,La Mesa,,Ca,UNKNOWN
GGLOC-05025,Rewa,,,UNKNOWN
GGLOC-05026,Petersburg,,Va,UNKNOWN
GGLOC-05027,Medford,,Ny,UNKNOWN
GGLOC-05028,Herndon,,Va,UNKNOWN
GGLOC-05029,2012 To 2016,,,UNKNOWN
GGLOC-05030,Collinsville,,Il,UNKNOWN
GGLOC-05031,Central,,Sc,UNKNOWN
GGLOC-05032,Douala,,Cm,UNKNOWN
GGLOC-05033,Orland Park,,Il,UNKNOWN
GGLOC-05034,Eaton,,Oh,UNKNOWN
GGLOC-05035,36 C.M.Recto Ave. Lipa City,,,UNKNOWN
GGLOC-05036,Deland,,Fl,UNKNOWN
GGLOC-05037,Danville,,Il,UNKNOWN
GGLOC-05038,Usa,,Ny,UNKNOWN
GGLOC-05039,Willimantic,,Ct,UNKNOWN
GGLOC-05040,Dayton,,Oh,UNKNOWN
GGLOC-05041,Marrero,,La,UNKNOWN
GGLOC-05042,South Hadley,,Ma,UNKNOWN
GGLOC-05043,Timisoara,,Us,UNKNOWN
GGLOC-05044,Vilonia,,Ar,UNKNOWN
GGLOC-05045,Gaithersburg,,Md,UNKNOWN
GGLOC-05046,2019,,,UNKNOWN
GGLOC-05047,2002 To 2004,,,UNKNOWN
GGLOC-05048,Cresson,,Pa,UNKNOWN
GGLOC-05049,Aguadilla,,Pr,UNKNOWN
GGLOC-05050,Utah,,,UNKNOWN
GGLOC-05051,Campus-Sankalchand Patel College Of Engineering,,,UNKNOWN
GGLOC-05052,Bangkok,,Th,UNKNOWN
GGLOC-05053,Wilmore,,Ky,UNKNOWN
GGLOC-05054,Pan?Evo,,,UNKNOWN
GGLOC-05055,Kinshasa,,,UNKNOWN
GGLOC-05056,Lexington,,Us,UNKNOWN
GGLOC-05057,Newtown,,Pa,UNKNOWN
GGLOC-05058,United States,,,UNKNOWN
GGLOC-05059,Azusa,,,UNKNOWN
GGLOC-05060,Denison,,Tx,UNKNOWN
GGLOC-05061,Peru,,Ne,UNKNOWN
GGLOC-05062,Lancaster,,Tx,UNKNOWN
GGLOC-05063,Wanaque,,Nj,UNKNOWN
GGLOC-05064,Raanana,,,UNKNOWN
GGLOC-05065,Coos Bay,,Or,UNKNOWN
GGLOC-05066,Berrien Springs,,Mi,UNKNOWN
GGLOC-05067,Fort Smith,,Ar,UNKNOWN
GGLOC-05068,Poughkeepsie,,Ny,UNKNOWN
GGLOC-05069,Maryland - College Park,,Md,UNKNOWN
GGLOC-05070,Oak Park,,Il,UNKNOWN
GGLOC-05071,Bath,,,UNKNOWN
GGLOC-05072,Mankato,,,UNKNOWN
GGLOC-05073,Alvordton,,Oh,UNKNOWN
GGLOC-05074,Tunis,,,UNKNOWN
GGLOC-05075,Urbana-Champaign,,Il,UNKNOWN
GGLOC-05076,Fort Carson,,Co,UNKNOWN
GGLOC-05077,Hafiz Abad,,,UNKNOWN
GGLOC-05078,Milan,,It,UNKNOWN
GGLOC-05079,N Smithfield,,Ri,UNKNOWN
GGLOC-05080,Westchester,,Il,UNKNOWN
GGLOC-05081,Norwood,,Ma,UNKNOWN
GGLOC-05082,Kannur University - Kannur,,In,UNKNOWN
GGLOC-05083,2006 To 2010,,,UNKNOWN
GGLOC-05084,Tarboro,,Nc,UNKNOWN
GGLOC-05085,Dublin,,Va,UNKNOWN
GGLOC-05086,Independence,,Wi,UNKNOWN
GGLOC-05087,Allendale,,Mi,UNKNOWN
GGLOC-05088,Moline,,Il,UNKNOWN
GGLOC-05089,Imperial Beach,,Ca,UNKNOWN
GGLOC-05090,Bellefonte,,Pa,UNKNOWN
GGLOC-05091,Kirumampakkam - Puducherry,,Puducherry,UNKNOWN
GGLOC-05092,Troy,,Ny,UNKNOWN
GGLOC-05093,Lake Elsinore,,Ca,UNKNOWN
GGLOC-05094,Jackson,,Ms,UNKNOWN
GGLOC-05095,Vizianagaram,,Andhra Pradesh,UNKNOWN
GGLOC-05096,Adama,,,UNKNOWN
GGLOC-05097,Brattleboro,,Vt,UNKNOWN
GGLOC-05098,Auburn,,Wa,UNKNOWN
GGLOC-05099,Hammond,,La,UNKNOWN
GGLOC-05100,Chittagong,,,UNKNOWN
GGLOC-05101,July 2001,,,UNKNOWN
GGLOC-05102,Vadodara,,Gujarat,UNKNOWN
GGLOC-05103,Zagreb,,Croatia,UNKNOWN
GGLOC-05104,State College,,Pa,UNKNOWN
GGLOC-05105,Ballston Spa,,Ny,UNKNOWN
GGLOC-05106,Sherman,,Tx,UNKNOWN
GGLOC-05107,Potsdam,,Ny,UNKNOWN
GGLOC-05108,September 2007 To June 2012,,,UNKNOWN
GGLOC-05109,Richardson,,Tx,UNKNOWN
GGLOC-05110,Opelousas,,La,UNKNOWN
GGLOC-05111,Clarkston,,,UNKNOWN
GGLOC-05112,Concord,,Ca,UNKNOWN
GGLOC-05113,Haryana,,India,UNKNOWN
GGLOC-05114,Jntu,,India,UNKNOWN
GGLOC-05115,September 2008 To June 2012,,,UNKNOWN
GGLOC-05116,Nainital,,Uttarakhand,UNKNOWN
GGLOC-05117,Moorhead,,Mn,UNKNOWN
GGLOC-05118,2013 To 2016,,,UNKNOWN
GGLOC-05119,Rtmnu,,India,UNKNOWN
GGLOC-05120,Marcy,,Ny,UNKNOWN
GGLOC-05121,Conway,,Sc,UNKNOWN
GGLOC-05122,Cordelia,,Ca,UNKNOWN
GGLOC-05123,Carson City,,Nv,UNKNOWN
GGLOC-05124,Texas,,Vt,UNKNOWN
GGLOC-05125,Los Angeles,,Ca,UNKNOWN
GGLOC-05126,Greenville,,Sc,UNKNOWN
GGLOC-05127,May 2018,,,UNKNOWN
GGLOC-05128,May 2008,,,UNKNOWN
GGLOC-05129,Auburn Hills,,,UNKNOWN
GGLOC-05130,Novosibirsk,,Ru,UNKNOWN
GGLOC-05131,Longview,,Wa,UNKNOWN
GGLOC-05132,Dekalb,,Il,UNKNOWN
GGLOC-05133,Bundoora,,Australia,UNKNOWN
GGLOC-05134,Tel Aviv,,,UNKNOWN
GGLOC-05135,Bhilai,,,UNKNOWN
GGLOC-05136,Bakersfield,,Ca,UNKNOWN
GGLOC-05137,Tripoli,,Ly,UNKNOWN
GGLOC-05138,Haryana State Government,,,UNKNOWN
GGLOC-05139,Albion,,Mi,UNKNOWN
GGLOC-05140,Vietnam,,Pr,UNKNOWN
GGLOC-05141,Sidney,,Ne,UNKNOWN
GGLOC-05142,Rochester,,Mn,UNKNOWN
GGLOC-05143,Sanford,,Fl,UNKNOWN
GGLOC-05144,Buies Creek,,Nc,UNKNOWN
GGLOC-05145,Boulder,,Co,UNKNOWN
GGLOC-05146,Copenhagen,,,UNKNOWN
GGLOC-05147,Thane,,Ak,UNKNOWN
GGLOC-05148,Tehran,,Iran,UNKNOWN
GGLOC-05149,Wise,,Va,UNKNOWN
GGLOC-05150,Poznan,,Poland,UNKNOWN
GGLOC-05151,Kazan,,Ru,UNKNOWN
GGLOC-05152,Scotland,,,UNKNOWN
GGLOC-05153,Woodstock,,Ga,UNKNOWN
GGLOC-05154,Layton,,Ut,UNKNOWN
GGLOC-05155,Plymouth,,Nh,UNKNOWN
GGLOC-05156,Fortaleza - Brazil,,,UNKNOWN
GGLOC-05157,Cookeville,,Tn,UNKNOWN
GGLOC-05158,California State University - Los Angeles,,Ca,UNKNOWN
GGLOC-05159,Belmar,,Nj,UNKNOWN
GGLOC-05160,Montgomery,,Al,UNKNOWN
GGLOC-05161,Computer Science,,,UNKNOWN
GGLOC-05162,New Castle,,Pa,UNKNOWN
GGLOC-05163,Luhansk,,Ua,UNKNOWN
GGLOC-05164,Ado,,Nigeria,UNKNOWN
GGLOC-05165,Princess Anne,,Md,UNKNOWN
GGLOC-05166,Doylestown,,Pa,UNKNOWN
GGLOC-05167,El Monte,,Ca,UNKNOWN
GGLOC-05168,Youngwood,,Pa,UNKNOWN
GGLOC-05169,Lafayette,,Ca,UNKNOWN
GGLOC-05170,N.Y N.Y,,Us,UNKNOWN
GGLOC-05171,Hayward,,,UNKNOWN
GGLOC-05172,Yazd,,Iran,UNKNOWN
GGLOC-05173,Jamshoro-Pakistan,,,UNKNOWN
GGLOC-05174,Chester,,Pa,UNKNOWN
GGLOC-05175,Chihuahua,,Mx,UNKNOWN
GGLOC-05176,Hot Springs,,Ar,UNKNOWN
GGLOC-05177,Blr,,,UNKNOWN
GGLOC-05178,Lakeland Afb,,,UNKNOWN
GGLOC-05179,Razam,,In,UNKNOWN
GGLOC-05180,Guyton,,Ga,UNKNOWN
GGLOC-05181,Eugene,,,UNKNOWN
GGLOC-05182,Mafraq,,,UNKNOWN
GGLOC-05183,Egypt,,,UNKNOWN
GGLOC-05184,Lufkin,,Tx,UNKNOWN
GGLOC-05185,Lehi,,Ut,UNKNOWN
GGLOC-05186,Samara,,Ru,UNKNOWN
GGLOC-05187,Howrah,,In,UNKNOWN
GGLOC-05188,Rockledge,,Fl,UNKNOWN
GGLOC-05189,Starkville,,Ms,UNKNOWN
GGLOC-05190,Willingboro,,Nj,UNKNOWN
GGLOC-05191,Electronics And Communication Engineering,,,UNKNOWN
GGLOC-05192,Clarion,,Pa,UNKNOWN
GGLOC-05193,Riverside,,Ca,UNKNOWN
GGLOC-05194,Yaoundé,,,UNKNOWN
GGLOC-05195,Rio De Janeiro,,Br,UNKNOWN
GGLOC-05196,Sharon,,Pa,UNKNOWN
GGLOC-05197,New Mexico,,,UNKNOWN
GGLOC-05198,April 2018,,,UNKNOWN
GGLOC-05199,Hattiesburg,,Ms,UNKNOWN
GGLOC-05200,Bayamón,,,UNKNOWN
GGLOC-05201,Crete,,Ne,UNKNOWN
GGLOC-05202,Fayette,,Ia,UNKNOWN
GGLOC-05203,Online,,,UNKNOWN
GGLOC-05204,Ashland,,Ma,UNKNOWN
GGLOC-05205,Tn,,India,UNKNOWN
GGLOC-05206,Australia,,,UNKNOWN
GGLOC-05207,Clinton,,Oh,UNKNOWN
GGLOC-05208,Westerville,,Oh,UNKNOWN
GGLOC-05209,April 2011,,,UNKNOWN
GGLOC-05210,Terrell,,Tx,UNKNOWN
GGLOC-05211,Rio De Janeiro,,Rj,UNKNOWN
GGLOC-05212,Poteau,,Ok,UNKNOWN
GGLOC-05213,Minsk,,By,UNKNOWN
GGLOC-05214,Wolverhampton,,,UNKNOWN
GGLOC-05215,Weston,,Fl,UNKNOWN
GGLOC-05216,Sao Paulo And Rio De Janeiro,,,UNKNOWN
GGLOC-05217,Zanesville,,Oh,UNKNOWN
GGLOC-05218,V V Nagar,,Gujarat,UNKNOWN
GGLOC-05219,Vienna,,Va,UNKNOWN
GGLOC-05220,Damascus,,,UNKNOWN
GGLOC-05221,New Taipei City,,Tw,UNKNOWN
GGLOC-05222,Almaty,,Kz,UNKNOWN
GGLOC-05223,St. Maarten,,An,UNKNOWN
GGLOC-05224,Victorville,,Ca,UNKNOWN
GGLOC-05225,2011,,,UNKNOWN
GGLOC-05226,Norwood,,Oh,UNKNOWN
GGLOC-05227,May 2002,,,UNKNOWN
GGLOC-05228,Tomsk,,Russia,UNKNOWN
GGLOC-05229,Germantown - Rockville,,Md,UNKNOWN
GGLOC-05230,Manchester,,Ct,UNKNOWN
GGLOC-05231,Osun,,,UNKNOWN
GGLOC-05232,Alexandria,,,UNKNOWN
GGLOC-05233,Fort Meade,,Md,UNKNOWN
GGLOC-05234,Raymond,,Ms,UNKNOWN
GGLOC-05235,Draper,,Ut,UNKNOWN
GGLOC-05236,Computer Networks And Cybersecurity,,,UNKNOWN
GGLOC-05237,Calumet City,,Il,UNKNOWN
GGLOC-05238,Pasadena,,Tx,UNKNOWN
GGLOC-05239,Kansas City,,Mo,UNKNOWN
GGLOC-05240,Nanjing,,Cn,UNKNOWN
GGLOC-05241,Corey Station - Pensacola,,Fl,UNKNOWN
GGLOC-05242,Long Island City,,Ny,UNKNOWN
GGLOC-05243,Hampton,,Va,UNKNOWN
GGLOC-05244,Fort Dodge,,Ia,UNKNOWN
GGLOC-05245,Winslow,,Az,UNKNOWN
GGLOC-05246,Greenfield,,Ma,UNKNOWN
GGLOC-05247,2014 To 2018,,,UNKNOWN
GGLOC-05248,Rochester,,Mi,UNKNOWN
GGLOC-05249,Kasur,,,UNKNOWN
GGLOC-05250,Waterloo,,Ca,UNKNOWN
GGLOC-05251,Frankfort,,Il,UNKNOWN
GGLOC-05252,Tucson - Tucson,,Az,UNKNOWN
GGLOC-05253,Maxwell,,Ca,UNKNOWN
GGLOC-05254,Knoxville,,Tn,UNKNOWN
GGLOC-05255,Rumson,,Nj,UNKNOWN
GGLOC-05256,Rialto,,Ca,UNKNOWN
GGLOC-05257,Freetown,,Sl,UNKNOWN
GGLOC-05258,Council Bluffs,,Ia,UNKNOWN
GGLOC-05259,Black Rock,,Ar,UNKNOWN
GGLOC-05260,Northern Virginia,,,UNKNOWN
GGLOC-05261,San Antonio,,Fl,UNKNOWN
GGLOC-05262,Maxwell-Gunter Afb,,Al,UNKNOWN
GGLOC-05263,Danville,,Va,UNKNOWN
GGLOC-05264,Panipat,,Haryana,UNKNOWN
GGLOC-05265,Philippines,,,UNKNOWN
GGLOC-05266,Amherst,,Ma,UNKNOWN
GGLOC-05267,Stephenville,,Tx,UNKNOWN
GGLOC-05268,Monticello,,Ny,UNKNOWN
GGLOC-05269,Hauppauge,,Ny,UNKNOWN
GGLOC-05270,Jagdalpur,,Chhattisgarh,UNKNOWN
GGLOC-05271,Computer Application,,,UNKNOWN
GGLOC-05272,Gujarat,,India,UNKNOWN
GGLOC-05273,Alachua,,Fl,UNKNOWN
GGLOC-05274,Kumasi,,Gh,UNKNOWN
GGLOC-05275,Gahanna,,Ohio,UNKNOWN
GGLOC-05276,Binghamton,,Ny,UNKNOWN
GGLOC-05277,Subang,,,UNKNOWN
GGLOC-05278,Omaha,,Ne,UNKNOWN
GGLOC-05279,Bridgewater,,Ma,UNKNOWN
GGLOC-05280,Xi'An,,China,UNKNOWN
GGLOC-05281,Twentynine Palms,,Ca,UNKNOWN
GGLOC-05282,Weeki Wachee,,Fl,UNKNOWN
GGLOC-05283,Wilmington,,Oh,UNKNOWN
GGLOC-05284,Henniker,,Nh,UNKNOWN
GGLOC-05285,Chester,,Nj,UNKNOWN
GGLOC-05286,Indiana University Of Pennsylvania (Iup),,,UNKNOWN
GGLOC-05287,Sundargarh,,Orissa,UNKNOWN
GGLOC-05288,Nj,,,UNKNOWN
GGLOC-05289,Lucknow,,In,UNKNOWN
GGLOC-05290,Chicago Il,,,UNKNOWN
GGLOC-05291,Palmdale,,Ca,UNKNOWN
GGLOC-05292,Lagos,,Gu,UNKNOWN
GGLOC-05293,Evanston,,Il,UNKNOWN
GGLOC-05294,Tarrytown,,Ny,UNKNOWN
GGLOC-05295,Ananthapur,,In,UNKNOWN
GGLOC-05296,Millington,,Mi,UNKNOWN
GGLOC-05297,Woodbridge,,Va,UNKNOWN
GGLOC-05298,Rosharon,,Tx,UNKNOWN
GGLOC-05299,Monroeville,,Pa,UNKNOWN
GGLOC-05300,Miramar,,Fl,UNKNOWN
GGLOC-05301,Maxwell Afb,,,UNKNOWN
GGLOC-05302,North Dartmouth,,,UNKNOWN
GGLOC-05303,Overland Park,,,UNKNOWN
GGLOC-05304,El Segundo,,Ca,UNKNOWN
GGLOC-05305,Patiala,,Punjab,UNKNOWN
GGLOC-05306,2009 To 2012,,,UNKNOWN
GGLOC-05307,Seymour-Johnson Afb,,Nc,UNKNOWN
GGLOC-05308,Information Systems,,,UNKNOWN
GGLOC-05309,Edmonton,,Ab,UNKNOWN
GGLOC-05310,Chamblee,,Ga,UNKNOWN
GGLOC-05311,Saint Rose,,La,UNKNOWN
GGLOC-05312,Metro,,,UNKNOWN
GGLOC-05313,Orchard Park,,Ny,UNKNOWN
GGLOC-05314,Gadsden,,Al,UNKNOWN
GGLOC-05315,Trenton,,Nj,UNKNOWN
GGLOC-05316,Seminole,,Fl,UNKNOWN
GGLOC-05317,Yuma,,Az,UNKNOWN
GGLOC-05318,Rocky Face,,Ga,UNKNOWN
GGLOC-05319,Wuhan,,Cn,UNKNOWN
GGLOC-05320,Cedar Springs,,Mi,UNKNOWN
GGLOC-05321,Spencerport,,Ny,UNKNOWN
GGLOC-05322,Jackson,,Mn,UNKNOWN
GGLOC-05323,Ethiopia,,,UNKNOWN
GGLOC-05324,Reisterstown,,Md,UNKNOWN
GGLOC-05325,2021,,,UNKNOWN
GGLOC-05326,Culiacan,,,UNKNOWN
GGLOC-05327,Donetsk,,Ua,UNKNOWN
GGLOC-05328,Alhambra,,Ca,UNKNOWN
GGLOC-05329,September 2007 To May 2009,,,UNKNOWN
GGLOC-05330,Manatee,,Fl,UNKNOWN
GGLOC-05331,Peshawar,,,UNKNOWN
GGLOC-05332,Harrogate,,Tn,UNKNOWN
GGLOC-05333,Millersville,,Md,UNKNOWN
GGLOC-05334,Lusaka,,Zambia,UNKNOWN
GGLOC-05335,Gurnee,,Il,UNKNOWN
GGLOC-05336,Chesterbrook,,Pa,UNKNOWN
GGLOC-05337,Leawood,,Ks,UNKNOWN
GGLOC-05338,Harrisonburg,,Va,UNKNOWN
GGLOC-05339,Singapore,,,UNKNOWN
GGLOC-05340,Centennial,,Co,UNKNOWN
GGLOC-05341,Vancouver,,Bc,UNKNOWN
GGLOC-05342,None In Computer Science,,,UNKNOWN
GGLOC-05343,New Market,,Md,UNKNOWN
GGLOC-05344,Mount Holly,,Nj,UNKNOWN
GGLOC-05345,Kolhapur,,Maharashtra,UNKNOWN
GGLOC-05346,Cleveland,,Oh,UNKNOWN
GGLOC-05347,Tianjin,,,UNKNOWN
GGLOC-05348,Blagoevgrad,,,UNKNOWN
GGLOC-05349,Mayagüez,,Pr,UNKNOWN
GGLOC-05350,Clarkston,,Ga,UNKNOWN
GGLOC-05351,Camarillo,,Ca,UNKNOWN
GGLOC-05352,April 2004 To June 2008,,,UNKNOWN
GGLOC-05353,Akron,,Oh,UNKNOWN
GGLOC-05354,Maracay State Aragua,,Pr,UNKNOWN
GGLOC-05355,Dayton,,Nj,UNKNOWN
GGLOC-05356,January 2010 To October 2012,,,UNKNOWN
GGLOC-05357,New Hampton,,Nh,UNKNOWN
GGLOC-05358,Riyadh,,Sa,UNKNOWN
GGLOC-05359,29 Palms,,Ca,UNKNOWN
GGLOC-05360,Vancouver,,Wa,UNKNOWN
GGLOC-05361,Gahanna,,Oh,UNKNOWN
GGLOC-05362,Russellville,,Ar,UNKNOWN
GGLOC-05363,Allentown,,Pa,UNKNOWN
GGLOC-05364,Sira,,Karnataka,UNKNOWN
GGLOC-05365,Winter Garden,,Fl,UNKNOWN
GGLOC-05366,Zwolle,,Nl,UNKNOWN
GGLOC-05367,Sales,,,UNKNOWN
GGLOC-05368,Abu Dhabi,,,UNKNOWN
GGLOC-05369,Zionsville,,In,UNKNOWN
GGLOC-05370,Normal,,Il,UNKNOWN
GGLOC-05371,Chattanooga,,Tn,UNKNOWN
GGLOC-05372,Santa Clara,,Ca,UNKNOWN
GGLOC-05373,Schuylkill Haven,,Pa,UNKNOWN
GGLOC-05374,Lahore,,Va,UNKNOWN
GGLOC-05375,Rosemead,,Ca,UNKNOWN
GGLOC-05376,Braidwood,,Il,UNKNOWN
GGLOC-05377,Wadala,,,UNKNOWN
GGLOC-05378,Bayamón,,Pr,UNKNOWN
GGLOC-05379,Hawassa,,,UNKNOWN
GGLOC-05380,Hamtramck,,Mi,UNKNOWN
GGLOC-05381,Worthington,,Oh,UNKNOWN
GGLOC-05382,Emmetsburg,,Ia,UNKNOWN
GGLOC-05383,Vineland,,Nj,UNKNOWN
GGLOC-05384,Nacit In Computer Studies,,,UNKNOWN
GGLOC-05385,Fairfield,,Ca,UNKNOWN
GGLOC-05386,Ngaoundere,,,UNKNOWN
GGLOC-05387,Guntur,,,UNKNOWN
GGLOC-05388,Bad Aibling,,Germany,UNKNOWN
GGLOC-05389,Englewood,,Co,UNKNOWN
GGLOC-05390,Stevenson,,Md,UNKNOWN
GGLOC-05391,Howrah Zilla School,,,UNKNOWN
GGLOC-05392,Springdale,,Ar,UNKNOWN
GGLOC-05393,North Brunswick,,Nj,UNKNOWN
GGLOC-05394,Interlochen,,Mi,UNKNOWN
GGLOC-05395,San Jose,,California,UNKNOWN
GGLOC-05396,Bowling Green,,Ky,UNKNOWN
GGLOC-05397,Italy,,,UNKNOWN
GGLOC-05398,Haridwar,,Uttarakhand,UNKNOWN
GGLOC-05399,Hoboken,,Nj,UNKNOWN
GGLOC-05400,Buenos Aires,,Buenos Aires,UNKNOWN
GGLOC-05401,Onley,,Md - Usa,UNKNOWN
GGLOC-05402,Computer Engineer,,,UNKNOWN
GGLOC-05403,Kingsville,,Tx,UNKNOWN
GGLOC-05404,Maryville,,Mo,UNKNOWN
GGLOC-05405,Pendleton,,Sc,UNKNOWN
GGLOC-05406,Oceanport,,Nj,UNKNOWN
GGLOC-05407,Portland,,,UNKNOWN
GGLOC-05408,Santa Fe,,Nm,UNKNOWN
GGLOC-05409,Project Management,,,UNKNOWN
GGLOC-05410,Ardmore,,Ok,UNKNOWN
GGLOC-05411,Pondicherry,,,UNKNOWN
GGLOC-05412,Electrical And Electronic Engineering,,,UNKNOWN
GGLOC-05413,Valley,,Wa,UNKNOWN
GGLOC-05414,Bristol,,Pa,UNKNOWN
GGLOC-05415,Livingston,,Nj,UNKNOWN
GGLOC-05416,Gaithersburg,,,UNKNOWN
GGLOC-05417,Cse,,,UNKNOWN
GGLOC-05418,Lock Haven,,Pa,UNKNOWN
GGLOC-05419,Bowling Green,,,UNKNOWN
GGLOC-05420,Hopewell,,Nc,UNKNOWN
GGLOC-05421,Saugerties,,,UNKNOWN
GGLOC-05422,Rockville,,Md,UNKNOWN
GGLOC-05423,Potomac,,Va,UNKNOWN
GGLOC-05424,Romeoville,,Il,UNKNOWN
GGLOC-05425,Dhaka,,Bd,UNKNOWN
GGLOC-05426,Ogun State,,,UNKNOWN
GGLOC-05427,Campbellsville,,Ky,UNKNOWN
GGLOC-05428,Havana,,Cuba,UNKNOWN
GGLOC-05429,Bogota,,Co,UNKNOWN
GGLOC-05430,Owosso,,Mi,UNKNOWN
GGLOC-05431,Mérida,,Ve,UNKNOWN
GGLOC-05432,Cameroon,,,UNKNOWN
GGLOC-05433,Greenwood,,Sc,UNKNOWN
GGLOC-05434,Leesburg,,Fl,UNKNOWN
GGLOC-05435,Long Island University - Brookville,,Ny,UNKNOWN
GGLOC-05436,Conway,,Ar,UNKNOWN
GGLOC-05437,Nantes (44),,,UNKNOWN
GGLOC-05438,Bhubaneshwar,,Orissa,UNKNOWN
GGLOC-05439,Tahlequah,,Ok,UNKNOWN
GGLOC-05440,Flower Mound,,Tx,UNKNOWN
GGLOC-05441,Miami,,,UNKNOWN
GGLOC-05442,West Burlington,,Ia,UNKNOWN
GGLOC-05443,Sicklerville,,Nj,UNKNOWN
GGLOC-05444,Organizational Management,,,UNKNOWN
GGLOC-05445,Ojai,,Ca,UNKNOWN
GGLOC-05446,Itta Bena,,Ms,UNKNOWN
GGLOC-05447,Hackensack,,Nj,UNKNOWN
GGLOC-05448,Karnataka,,,UNKNOWN
GGLOC-05449,Corsicana,,Tx,UNKNOWN
GGLOC-05450,P.A.C Kamra,,,UNKNOWN
GGLOC-05451,Asmara,,,UNKNOWN
GGLOC-05452,Louisiana,,,UNKNOWN
GGLOC-05453,Tx,,,UNKNOWN
GGLOC-05454,Charles Town,,Wv,UNKNOWN
GGLOC-05455,Casablanca,,,UNKNOWN
GGLOC-05456,Jacksonville,,Nc,UNKNOWN
GGLOC-05457,Bethune Cookman University,,,UNKNOWN
GGLOC-05458,March 2015 To December 2017,,,UNKNOWN
GGLOC-05459,Las Vegas,,Nv,UNKNOWN
GGLOC-05460,Tampa,,,UNKNOWN
GGLOC-05461,Galway,,,UNKNOWN
GGLOC-05462,Accra,,,UNKNOWN
GGLOC-05463,Rio Piedras,,Pr,UNKNOWN
GGLOC-05464,Shoreline,,Wa,UNKNOWN
GGLOC-05465,Not Provided,,,UNKNOWN
GGLOC-05466,Lombard,,Il,UNKNOWN
GGLOC-05467,Salem,,Va,UNKNOWN
GGLOC-05468,Rajasthan,,,UNKNOWN
GGLOC-05469,Warren,,Mi,UNKNOWN
GGLOC-05470,Centro-Madrid,,Madrid Provincia,UNKNOWN
GGLOC-05471,Manati,,Us,UNKNOWN
GGLOC-05472,Liberal Arts And Science,,,UNKNOWN
GGLOC-05473,Langley Park,,Md,UNKNOWN
GGLOC-05474,Nampa,,Id,UNKNOWN
GGLOC-05475,San Diego,,Ca,UNKNOWN
GGLOC-05476,Tarrant County,,,UNKNOWN
GGLOC-05477,Carson,,Ca,UNKNOWN
GGLOC-05478,Ternopil,,,UNKNOWN
GGLOC-05479,Athens,,Gr,UNKNOWN
GGLOC-05480,Lewisville,,Id,UNKNOWN
GGLOC-05481,Rensselaer,,In,UNKNOWN
GGLOC-05482,Lausanne,,,UNKNOWN
GGLOC-05483,Bellflower,,Ca,UNKNOWN
GGLOC-05484,Hungary,,,UNKNOWN
GGLOC-05485,Cairo,,,UNKNOWN
GGLOC-05486,Auburn,,Al,UNKNOWN
GGLOC-05487,Toppenish,,Wa,UNKNOWN
GGLOC-05488,Indi,,Karnataka,UNKNOWN
GGLOC-05489,Lognes,,France,UNKNOWN
GGLOC-05490,Mahwah,,Nj,UNKNOWN
GGLOC-05491,Bucharest,,,UNKNOWN
GGLOC-05492,New Ipswich,,Nh,UNKNOWN
GGLOC-05493,Rogers,,,UNKNOWN
GGLOC-05494,Johnsburg,,Il,UNKNOWN
GGLOC-05495,Kabul,,Af,UNKNOWN
GGLOC-05496,Stockbridge,,Ga,UNKNOWN
GGLOC-05497,Novi Sad,,,UNKNOWN
GGLOC-05498,Canton,,Oh,UNKNOWN
GGLOC-05499,Stevens Point,,Wi,UNKNOWN
GGLOC-05500,Mangalore,,Karnataka,UNKNOWN
GGLOC-05501,Saratoga,,Ny,UNKNOWN
GGLOC-05502,Saransk,,,UNKNOWN
GGLOC-05503,Fresno - Clovis,,Ca,UNKNOWN
GGLOC-05504,Inver Grove Heights,,Mn,UNKNOWN
GGLOC-05505,Vizag,,,UNKNOWN
GGLOC-05506,Oakland,,Ca,UNKNOWN
GGLOC-05507,Springfield,,Mo,UNKNOWN
GGLOC-05508,Rochester,,Nh,UNKNOWN
GGLOC-05509,Khujand,,Sughd,UNKNOWN
GGLOC-05510,Shrewsbury,,Ma,UNKNOWN
GGLOC-05511,New Albany,,In,UNKNOWN
GGLOC-05512,St. Petersburg,,Ru,UNKNOWN
GGLOC-05513,Pa,,,UNKNOWN
GGLOC-05514,Township Of Randolph,,Nj,UNKNOWN
GGLOC-05515,Snellville,,Ga,UNKNOWN
GGLOC-05516,Union,,Nj,UNKNOWN
GGLOC-05517,Colorado Springs,,,UNKNOWN
GGLOC-05518,Bessemer,,Al,UNKNOWN
GGLOC-05519,Georgia,,,UNKNOWN
GGLOC-05520,Randolph,,Vt,UNKNOWN
GGLOC-05521,Murray,,Ut,UNKNOWN
GGLOC-05522,Warren,,Oh,UNKNOWN
GGLOC-05523,Ananthapuram,,In,UNKNOWN
GGLOC-05524,Dover,,De,UNKNOWN
GGLOC-05525,Pleasantville,,Ny,UNKNOWN
GGLOC-05526,Ewing,,Nj,UNKNOWN
GGLOC-05527,Jaslo,,,UNKNOWN
GGLOC-05528,Burnaby,,Bc,UNKNOWN
GGLOC-05529,Oklahoma City,,Ok,UNKNOWN
GGLOC-05530,Fort Oglethorpe,,Ga,UNKNOWN
GGLOC-05531,Sahiwal,,Pk,UNKNOWN
GGLOC-05532,Yaounde,,Cm,UNKNOWN
GGLOC-05533,Willmar,,Mn,UNKNOWN
GGLOC-05534,Platteville,,Wi,UNKNOWN
GGLOC-05535,Farmingdale,,Ny,UNKNOWN
GGLOC-05536,Rock,,Us,UNKNOWN
GGLOC-05537,Chepstow,,Ks,UNKNOWN
GGLOC-05538,Pheniox,,,UNKNOWN
GGLOC-05539,Raleigh-Durham,,Nc,UNKNOWN
GGLOC-05540,Cypress,,Ca,UNKNOWN
GGLOC-05541,Nottingham,,Uk,UNKNOWN
GGLOC-05542,Petermarigzburg,,,UNKNOWN
GGLOC-05543,Seoul,,,UNKNOWN
GGLOC-05544,St Joseph'S College Ondo Nigeria,,,UNKNOWN
GGLOC-05545,Orange,,Nj,UNKNOWN
GGLOC-05546,Electrical Engineering,,,UNKNOWN
GGLOC-05547,Menomonie,,Wi,UNKNOWN
GGLOC-05548,Pelham,,Nh,UNKNOWN
GGLOC-05549,Waynesville,,Nc,UNKNOWN
GGLOC-05550,Cordova,,Tn,UNKNOWN
GGLOC-05551,Salt Lake City,,Ut,UNKNOWN
GGLOC-05552,Chemistry,,,UNKNOWN
GGLOC-05553,Fredericksburg,,,UNKNOWN
GGLOC-05554,Brookings,,Sd,UNKNOWN
GGLOC-05555,Auckland,,New Zealand,UNKNOWN
GGLOC-05556,University Park,,Fl,UNKNOWN
GGLOC-05557,Pilani,,Rajasthan,UNKNOWN
GGLOC-05558,University Center,,,UNKNOWN
GGLOC-05559,World Education Services,,,UNKNOWN
GGLOC-05560,Hamilton,,On,UNKNOWN
GGLOC-05561,2008 To 2011,,,UNKNOWN
GGLOC-05562,Woodbridge,,Nj,UNKNOWN
GGLOC-05563,Hialeah,,Fl,UNKNOWN
GGLOC-05564,Meridian,,Ms,UNKNOWN
GGLOC-05565,Milford,,Ct,UNKNOWN
GGLOC-05566,Colorado City,,Co,UNKNOWN
GGLOC-05567,Athens,,,UNKNOWN
GGLOC-05568,Ada,,Ok,UNKNOWN
GGLOC-05569,Campus-Parul Institute Of Engineering,,,UNKNOWN
GGLOC-05570,Arizona,,,UNKNOWN
GGLOC-05571,Chitwan,,,UNKNOWN
GGLOC-05572,2015,,,UNKNOWN
GGLOC-05573,May 2016,,,UNKNOWN
GGLOC-05574,Brisbane,,Qld,UNKNOWN
GGLOC-05575,Port Charlotte,,Fl,UNKNOWN
GGLOC-05576,09/12,,,UNKNOWN
GGLOC-05577,August 2002 To August 2006,,,UNKNOWN
GGLOC-05578,Cedar Knolls,,Nj,UNKNOWN
GGLOC-05579,Gujarat,,In,UNKNOWN
GGLOC-05580,Villanova,,Pa,UNKNOWN
GGLOC-05581,Rantoul,,Il,UNKNOWN
GGLOC-05582,Kansas City,,Ks,UNKNOWN
GGLOC-05583,Tech,,Us,UNKNOWN
GGLOC-05584,New Hope,,Pa 2001,UNKNOWN
GGLOC-05585,Gujarat,,,UNKNOWN
GGLOC-05586,Venice,,Ca,UNKNOWN
GGLOC-05587,Pennsylvania,,,UNKNOWN
GGLOC-05588,Oakland,,Mi,UNKNOWN
GGLOC-05589,Hurst,,Tx,UNKNOWN
GGLOC-05590,8200 Van Nuys Blvd,,Ca,UNKNOWN
GGLOC-05591,Largo,,Md,UNKNOWN
GGLOC-05592,West Liberty,,Wv,UNKNOWN
GGLOC-05593,Notre Dame,,In,UNKNOWN
GGLOC-05594,Fayetteville,,Nc,UNKNOWN
GGLOC-05595,Parsippany,,Nj,UNKNOWN
GGLOC-05596,Muncie,,In,UNKNOWN
GGLOC-05597,West Deptford,,Nj,UNKNOWN
GGLOC-05598,Longwood,,Fl,UNKNOWN
GGLOC-05599,Suffern,,Ny,UNKNOWN
GGLOC-05600,La Verne,,Ca,UNKNOWN
GGLOC-05601,Mcallen,,Tx,UNKNOWN
GGLOC-05602,Gresham,,Or,UNKNOWN
GGLOC-05603,Mogadishu,,So,UNKNOWN
GGLOC-05604,Mountain Home,,Ar,UNKNOWN
GGLOC-05605,Escondido,,Ca,UNKNOWN
GGLOC-05606,Vincennes,,In,UNKNOWN
GGLOC-05607,Bamberg,,Sc,UNKNOWN
GGLOC-05608,Essex,,Md,UNKNOWN
GGLOC-05609,1983 To 1985,,,UNKNOWN
GGLOC-05610,Ogun State Nigeria,,,UNKNOWN
GGLOC-05611,Tehr?N,,,UNKNOWN
GGLOC-05612,Appalachian,,Va,UNKNOWN
GGLOC-05613,Rehrersburg,,Pa,UNKNOWN
GGLOC-05614,Lynchburg,,Va,UNKNOWN
GGLOC-05615,Lake Jackson,,Tx,UNKNOWN
GGLOC-05616,Minnesota,,Us,UNKNOWN
GGLOC-05617,Bend,,Or,UNKNOWN
GGLOC-05618,Spring Arbor,,Mi,UNKNOWN
GGLOC-05619,France,,,UNKNOWN
GGLOC-05620,Waukegan,,Il,UNKNOWN
GGLOC-05621,Hickory Hills,,Il,UNKNOWN
GGLOC-05622,Adelaide Sa,,,UNKNOWN
GGLOC-05623,Rivne,,,UNKNOWN
GGLOC-05624,Rochester Hills,,Mi,UNKNOWN
GGLOC-05625,2008 To 2012,,,UNKNOWN
GGLOC-05626,May 1999,,,UNKNOWN
GGLOC-05627,El Dorado,,Ks,UNKNOWN
GGLOC-05628,Henderson,,Nv,UNKNOWN
GGLOC-05629,Downey,,Ca,UNKNOWN
GGLOC-05630,Wampum,,Pa,UNKNOWN
GGLOC-05631,Douala,,,UNKNOWN
GGLOC-05632,Forest Hills,,Ny,UNKNOWN
GGLOC-05633,Dryden,,Ny,UNKNOWN
GGLOC-05634,Petaluma,,Ca,UNKNOWN
GGLOC-05635,Saint Leo,,,UNKNOWN
GGLOC-05636,New Orleans,,La,UNKNOWN
GGLOC-05637,Young,,Az,UNKNOWN
GGLOC-05638,Camp Pendleton,,Ca,UNKNOWN
GGLOC-05639,Lake Charles,,La,UNKNOWN
GGLOC-05640,Peoria,,Az,UNKNOWN
GGLOC-05641,Bristol,,Ri,UNKNOWN
GGLOC-05642,Portland,,Maine,UNKNOWN
GGLOC-05643,Watertown,,Ct,UNKNOWN
GGLOC-05644,Anantapur,,,UNKNOWN
GGLOC-05645,Charlotte,,Nc,UNKNOWN
GGLOC-05646,Lagos,,,UNKNOWN
GGLOC-05647,Pittsburgh,,,UNKNOWN
GGLOC-05648,Anderson,,In,UNKNOWN
GGLOC-05649,Purcellville,,Va,UNKNOWN
GGLOC-05650,Cedar Hill,,Tx,UNKNOWN
GGLOC-05651,Warner,,Ok,UNKNOWN
GGLOC-05652,Stoughton,,Ma,UNKNOWN
GGLOC-05653,Morehead City,,Nc,UNKNOWN
GGLOC-05654,Canandaigua,,Ny,UNKNOWN
GGLOC-05655,Queensbury,,Ny,UNKNOWN
GGLOC-05656,Fredericksburg,,Va,UNKNOWN
GGLOC-05657,Fort Eustis,,Va,UNKNOWN
GGLOC-05658,Melbourne Vic,,,UNKNOWN
GGLOC-05659,Masters,,Mo,UNKNOWN
GGLOC-05660,Onalaska,,Tx,UNKNOWN
GGLOC-05661,Johnston,,Ia,UNKNOWN
GGLOC-05662,Adelphi,,,UNKNOWN
GGLOC-05663,Riyadh,,Saudi Arabia,UNKNOWN
GGLOC-05664,July 2018 To July 2020,,,UNKNOWN
GGLOC-05665,Moga,,Punjab,UNKNOWN
GGLOC-05666,Dacono,,Co,UNKNOWN
GGLOC-05667,Monterrey,,,UNKNOWN
GGLOC-05668,Brigham City,,Ut,UNKNOWN
GGLOC-05669,Faisalabad,,Pk,UNKNOWN
GGLOC-05670,Beaumont,,Tx,UNKNOWN
GGLOC-05671,Dumas,,Tx,UNKNOWN
GGLOC-05672,Bluffton,,Sc,UNKNOWN
GGLOC-05673,Cheney,,Wa,UNKNOWN
GGLOC-05674,El Paso,,Tx,UNKNOWN
GGLOC-05675,Clarkesville,,Ga,UNKNOWN
GGLOC-05676,Bethesda,,Md,UNKNOWN
GGLOC-05677,Beijing,,,UNKNOWN
GGLOC-05678,Fiji,,,UNKNOWN
GGLOC-05679,Western Governors University,,,UNKNOWN
GGLOC-05680,Bamenda,,,UNKNOWN
GGLOC-05681,Gujrat,,,UNKNOWN
GGLOC-05682,Sioux Falls,,Sd,UNKNOWN
GGLOC-05683,2010,,,UNKNOWN
GGLOC-05684,Angola,,In,UNKNOWN
GGLOC-05685,Gweru,,,UNKNOWN
GGLOC-05686,Linden,,Mi,UNKNOWN
GGLOC-05687,Calumet,,Us,UNKNOWN
GGLOC-05688,Ikeja,,Lagos,UNKNOWN
GGLOC-05689,Montclair,,Nj,UNKNOWN
GGLOC-05690,Highlands Ranch,,Co,UNKNOWN
GGLOC-05691,Oakwood,,Ga,UNKNOWN
GGLOC-05692,Costa Mesa,,Ca,UNKNOWN
GGLOC-05693,Eau Claire,,Wi,UNKNOWN
GGLOC-05694,Tulsa,,Ok,UNKNOWN
GGLOC-05695,Huntington Beach,,Ca,UNKNOWN
GGLOC-05696,June 2018,,,UNKNOWN
GGLOC-05697,Emporia,,Ks,UNKNOWN
GGLOC-05698,Pittsford,,Ny,UNKNOWN
GGLOC-05699,Malibu,,Ca,UNKNOWN
GGLOC-05700,Jaunpur,,Uttar Pradesh,UNKNOWN
GGLOC-05701,Camden,,De,UNKNOWN
GGLOC-05702,Portharcourt,,,UNKNOWN
GGLOC-05703,Lomé,,Togo,UNKNOWN
GGLOC-05704,Blountville,,Tn,UNKNOWN
GGLOC-05705,Lagrange,,Ga,UNKNOWN
GGLOC-05706,Manoa,,Hi,UNKNOWN
GGLOC-05707,Raleigh,,Nc,UNKNOWN
GGLOC-05708,Cheshire,,Ct,UNKNOWN
GGLOC-05709,Auckland,,Auckland,UNKNOWN
GGLOC-05710,Stockton,,Ca,UNKNOWN
GGLOC-05711,Enugu,,,UNKNOWN
GGLOC-05712,Beijing,,Cn,UNKNOWN
GGLOC-05713,Stuart,,Fl,UNKNOWN
GGLOC-05714,Springdale,,Pa,UNKNOWN
GGLOC-05715,Fort Knox,,Ky,UNKNOWN
GGLOC-05716,Seven Hills,,Oh,UNKNOWN
GGLOC-05717,Abilene,,Tx,UNKNOWN
GGLOC-05718,Hanceville,,Al,UNKNOWN
GGLOC-05719,Port-Au-Prince,,Ht,UNKNOWN
GGLOC-05720,Odessa,,Tx,UNKNOWN
GGLOC-05721,Senegal,,,UNKNOWN
GGLOC-05722,Michigan,,,UNKNOWN
GGLOC-05723,Richmond,,Ky,UNKNOWN
GGLOC-05724,Tomball,,Tx,UNKNOWN
GGLOC-05725,Malaysia,,,UNKNOWN
GGLOC-05726,Mount Laurel,,Nj,UNKNOWN
GGLOC-05727,Fort Lee,,Va,UNKNOWN
GGLOC-05728,Port Harcourt,,,UNKNOWN
GGLOC-05729,Malta,,Il,UNKNOWN
GGLOC-05730,Norfolk,,Ne,UNKNOWN
GGLOC-05731,Bhubaneswar,,In,UNKNOWN
GGLOC-05732,Aberdeen,,,UNKNOWN
GGLOC-05733,Rochester,,Ny,UNKNOWN
GGLOC-05734,Albertville,,Al,UNKNOWN
GGLOC-05735,University 1993,,,UNKNOWN
GGLOC-05736,Springfield,,Ma,UNKNOWN
GGLOC-05737,Goiânia,,,UNKNOWN
GGLOC-05738,Sampaloc,,,UNKNOWN
GGLOC-05739,Eden Prairie,,Mn,UNKNOWN
GGLOC-05740,Beltsville,,Md,UNKNOWN
GGLOC-05741,Jonkoping,,Se,UNKNOWN
GGLOC-05742,Chester,,,UNKNOWN
GGLOC-05743,Owenton,,Ky,UNKNOWN
GGLOC-05744,2000,,,UNKNOWN
GGLOC-05745,State College,,,UNKNOWN
GGLOC-05746,Bishkek,,Kg,UNKNOWN
GGLOC-05747,Flint,,Mi,UNKNOWN
GGLOC-05748,Nepal,,,UNKNOWN
GGLOC-05749,Minneapolis,,Us,UNKNOWN
GGLOC-05750,B.I.T,,,UNKNOWN
GGLOC-05751,Ad,,,UNKNOWN
GGLOC-05752,Prince Georges,,Md,UNKNOWN
GGLOC-05753,Ann Arbor,,Mi,UNKNOWN
GGLOC-05754,Gaffney,,Sc,UNKNOWN
GGLOC-05755,Bloomsburg,,,UNKNOWN
GGLOC-05756,Moreno Valley,,Ca,UNKNOWN
GGLOC-05757,Asmara,,Er,UNKNOWN
GGLOC-05758,Monterrey,,N. L.,UNKNOWN
GGLOC-05759,Rapid City,,Sd,UNKNOWN
GGLOC-05760,Garland,,Tx,UNKNOWN
GGLOC-05761,New Britain,,Ct,UNKNOWN
GGLOC-05762,Durham County,,Nc,UNKNOWN
GGLOC-05763,Casper,,Wy,UNKNOWN
GGLOC-05764,Orem,,Utah 84058,UNKNOWN
GGLOC-05765,Tyngsboro,,Ma,UNKNOWN
GGLOC-05766,Long Beach,,Ms,UNKNOWN
GGLOC-05767,Antioch,,Ca,UNKNOWN
GGLOC-05768,Salt Lake,,Ut,UNKNOWN
GGLOC-05769,Hawaii,,,UNKNOWN
GGLOC-05770,Kuala Lumpur,,My,UNKNOWN
GGLOC-05771,Rancho Cucamonga,,Ca,UNKNOWN
GGLOC-05772,Loch Sheldrake,,Ny,UNKNOWN
GGLOC-05773,Fairfield,,Ia,UNKNOWN
GGLOC-05774,Birmingham,,Al,UNKNOWN
GGLOC-05775,Unh,,,UNKNOWN
GGLOC-05776,Ky,,,UNKNOWN
GGLOC-05777,Ås,,No,UNKNOWN
GGLOC-05778,Liverpool,,,UNKNOWN
GGLOC-05779,Cincinnati,,Ohio,UNKNOWN
GGLOC-05780,Coral Springs,,Fl,UNKNOWN
GGLOC-05781,Kabul,,,UNKNOWN
GGLOC-05782,River Grove,,Il,UNKNOWN
GGLOC-05783,Thanjavur,,In,UNKNOWN
GGLOC-05784,Kerala State Board,,,UNKNOWN
GGLOC-05785,2009 To 2011,,,UNKNOWN
GGLOC-05786,Wahpeton,,Nd,UNKNOWN
GGLOC-05787,Computer Studies,,,UNKNOWN
GGLOC-05788,Beebe,,Ar,UNKNOWN
GGLOC-05789,Baku,,Az,UNKNOWN
GGLOC-05790,Creedmoor,,Nc,UNKNOWN
GGLOC-05791,Maharashtra,,,UNKNOWN
GGLOC-05792,Memphis,,,UNKNOWN
GGLOC-05793,Moose Jaw,,Sk,UNKNOWN
GGLOC-05794,Baghdad,,,UNKNOWN
GGLOC-05795,Irvine,,Ca,UNKNOWN
GGLOC-05796,Amsterdam,,Nl,UNKNOWN
GGLOC-05797,January 2015,,,UNKNOWN
GGLOC-05798,Georgetown,,De,UNKNOWN
GGLOC-05799,Caguas,,Pr,UNKNOWN
GGLOC-05800,Saint Joseph,,Mi,UNKNOWN
GGLOC-05801,Robbinsville,,Nj,UNKNOWN
GGLOC-05802,August 2012 To June 2016,,,UNKNOWN
GGLOC-05803,Florissant,,Mo,UNKNOWN
GGLOC-05804,Budapest,,Hu,UNKNOWN
GGLOC-05805,1997 To July 2001,,,UNKNOWN
GGLOC-05806,Williamsburg,,Ky,UNKNOWN
GGLOC-05807,Lancaster,,Ma,UNKNOWN
GGLOC-05808,Cedar Rapids,,Ia,UNKNOWN
GGLOC-05809,Espoo,,Fi,UNKNOWN
GGLOC-05810,Santa Clara,,,UNKNOWN
GGLOC-05811,Mobile,,Al,UNKNOWN
GGLOC-05812,Salem,,Ma,UNKNOWN
GGLOC-05813,Southeast,,Us,UNKNOWN
GGLOC-05814,Cleveland,,Ms,UNKNOWN
GGLOC-05815,Park Hills,,Ky,UNKNOWN
GGLOC-05816,Gurugram,Haryana,India,TIER_1
GGLOC-05817,San Juan,,Pr,UNKNOWN
GGLOC-05818,Huntingdon,,Pa,UNKNOWN
GGLOC-05819,Mexico State,,Mx,UNKNOWN
GGLOC-05820,Borger,,Tx,UNKNOWN
GGLOC-05821,Pace,,Fl,UNKNOWN
GGLOC-05822,Lenexa,,Ks,UNKNOWN
GGLOC-05823,Somerville,,,UNKNOWN
GGLOC-05824,Mendoza,,,UNKNOWN
GGLOC-05825,Turku,,Finland,UNKNOWN
GGLOC-05826,San Luis Obispo,,,UNKNOWN
GGLOC-05827,Madison,,Ga,UNKNOWN
GGLOC-05828,Montpellier,,,UNKNOWN
GGLOC-05829,East Orange,,Nj,UNKNOWN
GGLOC-05830,Massachusetts,,,UNKNOWN
GGLOC-05831,Santa Clara,,Cuba,UNKNOWN
GGLOC-05832,Mokena,,Il,UNKNOWN
GGLOC-05833,Perth Amboy,,Nj,UNKNOWN
GGLOC-05834,Bettendorf,,Ia,UNKNOWN
GGLOC-05835,Tripoli,,Ia,UNKNOWN
GGLOC-05836,Chapel Hill,,Nc,UNKNOWN
GGLOC-05837,Prague,,Cz,UNKNOWN
GGLOC-05838,Cerritos,,Ca,UNKNOWN
GGLOC-05839,Pueblo,,Co,UNKNOWN
GGLOC-05840,Middletown,,Oh,UNKNOWN
GGLOC-05841,Nacogdoches,,Tx,UNKNOWN
GGLOC-05842,Jackson,,Ga,UNKNOWN
GGLOC-05843,New Wilmington,,Pa,UNKNOWN
GGLOC-05844,Hannibal,,Mo,UNKNOWN
GGLOC-05845,New Kent,,Va,UNKNOWN
GGLOC-05846,White Plains,,Ny,UNKNOWN
GGLOC-05847,Benton,,Mo,UNKNOWN
GGLOC-05848,Carteret,,Nj,UNKNOWN
GGLOC-05849,West Palm Beach,,,UNKNOWN
GGLOC-05850,Sri Lanka - Kalmunai,,,UNKNOWN
GGLOC-05851,Vidalia,,Ga,UNKNOWN
GGLOC-05852,Tarbes,,Fr,UNKNOWN
GGLOC-05853,Seattle,,Wa,UNKNOWN
GGLOC-05854,Quantico,,Va,UNKNOWN
GGLOC-05855,Johnston City,,,UNKNOWN
GGLOC-05856,Leicester,,,UNKNOWN
GGLOC-05857,Johnson City,,Tn,UNKNOWN
GGLOC-05858,Maitland,,Fl,UNKNOWN
GGLOC-05859,Glastonbury,,Ct,UNKNOWN
GGLOC-05860,Richmond,,Va,UNKNOWN
GGLOC-05861,California,,,UNKNOWN
GGLOC-05862,Faridabad,,,UNKNOWN
GGLOC-05863,Computer Information System,,,UNKNOWN
GGLOC-05864,Peoria,,Il,UNKNOWN
GGLOC-05865,Bethpage,,Ny,UNKNOWN
GGLOC-05866,Bristol,,,UNKNOWN
GGLOC-05867,Ivory,,Tn,UNKNOWN
GGLOC-05868,Eden Prairie And Brooklyn Park,,Us,UNKNOWN
GGLOC-05869,Edinburg,,Tx,UNKNOWN
GGLOC-05870,Fredonia,,Ny,UNKNOWN
GGLOC-05871,Palestine,,Tx,UNKNOWN
GGLOC-05872,Usaf,,,UNKNOWN
GGLOC-05873,Sierra Vista,,Az,UNKNOWN
GGLOC-05874,Windsor,,Ct,UNKNOWN
GGLOC-05875,Bapatla,,Andhra Pradesh,UNKNOWN
GGLOC-05876,Broken Arrow,,Ok,UNKNOWN
GGLOC-05877,Bareilly,,Uttar Pradesh,UNKNOWN
GGLOC-05878,Institute,,Wv,UNKNOWN
GGLOC-05879,Jacksonville,,,UNKNOWN
GGLOC-05880,Miami,,Fl,UNKNOWN
GGLOC-05881,Toronto,Ontario,Canada,UNKNOWN
GGLOC-05882,Ny,,,UNKNOWN
GGLOC-05883,Leysin,,Ch,UNKNOWN
GGLOC-05884,Chubbuck,,Id,UNKNOWN
GGLOC-05885,Ankeny,,Ia,UNKNOWN
GGLOC-05886,Los Angeles,,,UNKNOWN
GGLOC-05887,Mohali,,Punjab - India,UNKNOWN
GGLOC-05888,New Richmond,,Oh,UNKNOWN
GGLOC-05889,June 2017,,,UNKNOWN
GGLOC-05890,Wheaton,,Md,UNKNOWN
GGLOC-05891,Cs,,,UNKNOWN
GGLOC-05892,Palm Springs,,Fl,UNKNOWN
GGLOC-05893,Pine Bluff,,Ar,UNKNOWN
GGLOC-05894,Bedford,,Ma,UNKNOWN
GGLOC-05895,Oroville,,Ca,UNKNOWN
GGLOC-05896,Huntington,,Wv,UNKNOWN
GGLOC-05897,Maine,,,UNKNOWN
GGLOC-05898,Taganrog,,,UNKNOWN
GGLOC-05899,Meadville,,Pa,UNKNOWN
GGLOC-05900,San Deigo,,Ca,UNKNOWN
GGLOC-05901,Warrensburg,,Ny,UNKNOWN
GGLOC-05902,2015 To 2017,,,UNKNOWN
GGLOC-05903,Vladivostok,,Ru,UNKNOWN
GGLOC-05904,Medellín,,Antioquia,UNKNOWN
GGLOC-05905,Everman,,Tx,UNKNOWN
GGLOC-05906,Frostburg,,Md,UNKNOWN
GGLOC-05907,Kanpur,,Uttar Pradesh,UNKNOWN
GGLOC-05908,Manassas Park,,Va,UNKNOWN
GGLOC-05909,Mission Viejo,,Ca,UNKNOWN
GGLOC-05910,Lansing,,Il,UNKNOWN
GGLOC-05911,Dakar,,Sn,UNKNOWN
GGLOC-05912,Technology,,,UNKNOWN
GGLOC-05913,Naples,,It,UNKNOWN
GGLOC-05914,Ft. Lauderdale,,Fl,UNKNOWN
GGLOC-05915,Cypress,,Tx,UNKNOWN
GGLOC-05916,Duluth,,Ga,UNKNOWN
GGLOC-05917,Quarryville,,Pa,UNKNOWN
GGLOC-05918,December 2019,,,UNKNOWN
GGLOC-05919,Elk Grove,,Ca,UNKNOWN
GGLOC-05920,Bucaramanga,,Santander,UNKNOWN
GGLOC-05921,Southampton,,Pa,UNKNOWN
GGLOC-05922,Heidelberg,,Germany,UNKNOWN
GGLOC-05923,Randallstown,,Md,UNKNOWN
GGLOC-05924,Highland Park,,Mi,UNKNOWN
GGLOC-05925,Des Moines,,Wa,UNKNOWN
GGLOC-05926,Ball,,La,UNKNOWN
GGLOC-05927,Patrick Afb,,Fl,UNKNOWN
GGLOC-05928,Bel Air,,Md,UNKNOWN
GGLOC-05929,Mount Pleasant,,Tx,UNKNOWN
GGLOC-05930,Alvin,,Tx,UNKNOWN
GGLOC-05931,Young Harris,,Ga,UNKNOWN
GGLOC-05932,Mesquite,,Tx,UNKNOWN
GGLOC-05933,Fort Huachuca,,Az,UNKNOWN
GGLOC-05934,Clayton State Unversity,,,UNKNOWN
GGLOC-05935,Takoma Park,,,UNKNOWN
GGLOC-05936,Huron,,Oh,UNKNOWN
GGLOC-05937,Roanoke,,Va,UNKNOWN
GGLOC-05938,Daly City,,Ca,UNKNOWN
GGLOC-05939,Visalia,,Ca,UNKNOWN
GGLOC-05940,Kathmandu,,Np,UNKNOWN
GGLOC-05941,Langhorne,,Pa,UNKNOWN
GGLOC-05942,Xi'An,,Cn,UNKNOWN
GGLOC-05943,Round Lake,,,UNKNOWN
GGLOC-05944,Lake Isabella,,Ca,UNKNOWN
GGLOC-05945,Rani,,Rajasthan,UNKNOWN
GGLOC-05946,Renton,,Wa,UNKNOWN
GGLOC-05947,Andhra,,India,UNKNOWN
GGLOC-05948,St. Louis,,,UNKNOWN
GGLOC-05949,Qinhuangdao,,Cn,UNKNOWN
GGLOC-05950,Pasadena,,Md,UNKNOWN
GGLOC-05951,Sterling,,Co,UNKNOWN
GGLOC-05952,Fort Lauderdale,,,UNKNOWN
GGLOC-05953,Fargo,,Nd,UNKNOWN
GGLOC-05954,August 2008 To December 2011,,,UNKNOWN
GGLOC-05955,Belgrade,,,UNKNOWN
GGLOC-05956,Tinker Afb,,Ok,UNKNOWN
GGLOC-05957,Kissimmee,,Fl,UNKNOWN
GGLOC-05958,Fort Wayne,,In,UNKNOWN
GGLOC-05959,Caracas-Venezuela,,,UNKNOWN
GGLOC-05960,Apopka,,Fl,UNKNOWN
GGLOC-05961,Upper Montclair,,Nj,UNKNOWN
GGLOC-05962,Harvard University - Harvard Extension School,,,UNKNOWN
GGLOC-05963,May,,Ok,UNKNOWN
GGLOC-05964,Uyo,,,UNKNOWN
GGLOC-05965,Alpharetta,,Ga,UNKNOWN
GGLOC-05966,Brooklyn,,Ny,UNKNOWN
GGLOC-05967,Johannesburg,,Gauteng,UNKNOWN
GGLOC-05968,Keene,,Nh,UNKNOWN
GGLOC-05969,Wilmington,,Nc,UNKNOWN
GGLOC-05970,Everett,,Wa,UNKNOWN
GGLOC-05971,Beirut,,Lb,UNKNOWN
GGLOC-05972,Lewisburg,,Pa,UNKNOWN
GGLOC-05973,Nibley,,Ut,UNKNOWN
GGLOC-05974,La Junta,,Co,UNKNOWN
GGLOC-05975,Durham,,Nh,UNKNOWN
GGLOC-05976,Nairobi,,,UNKNOWN
GGLOC-05977,Stratford,,Ct,UNKNOWN
GGLOC-05978,New Rochelle,,Ny,UNKNOWN
GGLOC-05979,October 2006 To October 2010,,,UNKNOWN
GGLOC-05980,Columbus,,,UNKNOWN
GGLOC-05981,Melbourne,,Fl,UNKNOWN
GGLOC-05982,Jamison,,Pa 2001,UNKNOWN
GGLOC-05983,Converse,,Tx,UNKNOWN
GGLOC-05984,Nanded,,India,UNKNOWN
GGLOC-05985,Calicut,,Kerala,UNKNOWN
GGLOC-05986,Dauh Puri Kauh,,,UNKNOWN
GGLOC-05987,West Bengal,,,UNKNOWN
GGLOC-05988,Poplarville,,Ms,UNKNOWN
GGLOC-05989,Lansing,,Mi,UNKNOWN
GGLOC-05990,Witbank,,,UNKNOWN
GGLOC-05991,Annandale,,Va,UNKNOWN
GGLOC-05992,Decorah,,Ia,UNKNOWN
GGLOC-05993,Thousand Oaks,,Ca,UNKNOWN
GGLOC-05994,Southington,,Ct,UNKNOWN
GGLOC-05995,W Lafayette,,In,UNKNOWN
GGLOC-05996,Hempstead,,Ny,UNKNOWN
GGLOC-05997,Stellenbosch,,Za,UNKNOWN
GGLOC-05998,Belton,,Tx,UNKNOWN
GGLOC-05999,August 2012 To May 2015,,,UNKNOWN
GGLOC-06000,Western Grove,,Ar,UNKNOWN
GGLOC-06001,Marietta,,Ga,UNKNOWN
GGLOC-06002,Pinellas Park,,Fl,UNKNOWN
GGLOC-06003,Huntley,,Il,UNKNOWN
GGLOC-06004,Eschweiler,,Germany,UNKNOWN
GGLOC-06005,Gurabo,,Us,UNKNOWN
GGLOC-06006,Rancho Cucamonga,,,UNKNOWN
GGLOC-06007,Unity,,Me,UNKNOWN
GGLOC-06008,West Africa,,,UNKNOWN
GGLOC-06009,Rex,,Ga,UNKNOWN
GGLOC-06010,San German Campus,,,UNKNOWN
GGLOC-06011,Belleville,,Il,UNKNOWN
GGLOC-06012,St Louis University,,,UNKNOWN
GGLOC-06013,Du Quoin,,Il,UNKNOWN
GGLOC-06014,Lees Summit,,Mo,UNKNOWN
GGLOC-06015,?????,,,UNKNOWN
GGLOC-06016,Nanticoke,,Pa,UNKNOWN
GGLOC-06017,Woodland Hills,,Ca,UNKNOWN
GGLOC-06018,Stillwater,,Ok,UNKNOWN
GGLOC-06019,Norwalk,,Ca,UNKNOWN
GGLOC-06020,Saint Petersburg,,,UNKNOWN
GGLOC-06021,Reno,,Nv,UNKNOWN
GGLOC-06022,Marburg,,,UNKNOWN
GGLOC-06023,Nicosia,,,UNKNOWN
GGLOC-06024,Northwest,,Us,UNKNOWN
GGLOC-06025,Brevard,,Nc,UNKNOWN
GGLOC-06026,Duluth,,Mn,UNKNOWN
GGLOC-06027,Davao City,,,UNKNOWN
GGLOC-06028,Bhubaneswar Odisha,,,UNKNOWN
GGLOC-06029,Queens College,,,UNKNOWN
GGLOC-06030,Circleville,,Oh,UNKNOWN
GGLOC-06031,Sparkill,,Ny,UNKNOWN
GGLOC-06032,Kansas,,Us,UNKNOWN
GGLOC-06033,Sacramento,,Ca,UNKNOWN
GGLOC-06034,Fairfair,,Va,UNKNOWN
GGLOC-06035,Getzville,,Ny,UNKNOWN
GGLOC-06036,Westland,,Mi,UNKNOWN
GGLOC-06037,Karnal,,Haryana,UNKNOWN
GGLOC-06038,Forestville,,Md,UNKNOWN
GGLOC-06039,Sargodha,,,UNKNOWN
GGLOC-06040,Ottawa,,Ks,UNKNOWN
GGLOC-06041,November 2010,,,UNKNOWN
GGLOC-06042,Topeka,,Ks,UNKNOWN
GGLOC-06043,Macon,,Mo,UNKNOWN
GGLOC-06044,León,,,UNKNOWN
GGLOC-06045,Dnipro,,,UNKNOWN
GGLOC-06046,Springfield,,Pa,UNKNOWN
GGLOC-06047,San José,,Provincia De San José,UNKNOWN
GGLOC-06048,Kentfield,,Ca,UNKNOWN
GGLOC-06049,Bismarck,,Nd,UNKNOWN
GGLOC-06050,Orange County,,,UNKNOWN
GGLOC-06051,Sydney,New South Wales,Australia,UNKNOWN
GGLOC-06052,Northampton,,Ma,UNKNOWN
GGLOC-06053,2015 To 2019,,,UNKNOWN
GGLOC-06054,??????,,,UNKNOWN
GGLOC-06055,Stafford,,Va,UNKNOWN
GGLOC-06056,Palos Hills,,Il,UNKNOWN
GGLOC-06057,Camden,,Nj,UNKNOWN
GGLOC-06058,2016 To 2018,,,UNKNOWN
GGLOC-06059,Guthrie,,Ok,UNKNOWN
GGLOC-06060,Vanderbilt,,Mi,UNKNOWN
GGLOC-06061,São Paulo,,,UNKNOWN
GGLOC-06062,Central Valley High School,,,UNKNOWN
GGLOC-06063,Warwick,,Ri,UNKNOWN
GGLOC-06064,Dominguez Hills,,,UNKNOWN
GGLOC-06065,Bulgaria,,,UNKNOWN
GGLOC-06066,Fort Worth,,Tx,UNKNOWN
GGLOC-06067,Tinley Park,,Il,UNKNOWN
GGLOC-06068,Parma,,Oh,UNKNOWN
GGLOC-06069,Namibia,,,UNKNOWN
GGLOC-06070,Ft Bragg,,Nc,UNKNOWN
GGLOC-06071,Kirkwood,,Mo,UNKNOWN
GGLOC-06072,Madurai,,Tamil Nadu,UNKNOWN
GGLOC-06073,Santa Cruz,,Ca,UNKNOWN
GGLOC-06074,Sheffield,,,UNKNOWN
GGLOC-06075,Tamil Nadu,,India,UNKNOWN
GGLOC-06076,May 2015,,,UNKNOWN
GGLOC-06077,Woodstock,,Vt,UNKNOWN
GGLOC-06078,Lauderdale Lakes,,Fl,UNKNOWN
GGLOC-06079,January 2010 To May 2011,,,UNKNOWN
GGLOC-06080,Dixie State University,,,UNKNOWN
GGLOC-06081,Saratoga Springs,,Ny,UNKNOWN
GGLOC-06082,Greenwich,,Ct,UNKNOWN
GGLOC-06083,Goshen,,In,UNKNOWN
GGLOC-06084,Burlington,,Co,UNKNOWN
GGLOC-06085,Breukelen,,Netherlands,UNKNOWN
GGLOC-06086,Arlington,,Tx,UNKNOWN
GGLOC-06087,Shepherdstown,,Wv,UNKNOWN
GGLOC-06088,Minna,,,UNKNOWN
GGLOC-06089,La Habana,,,UNKNOWN
GGLOC-06090,Ciudad Bolivar,,,UNKNOWN
GGLOC-06091,Saratoga,,Ca,UNKNOWN
GGLOC-06092,California,,Pa,UNKNOWN
GGLOC-06093,Oklahoma,,Us,UNKNOWN
GGLOC-06094,Albany,,Ny,UNKNOWN
GGLOC-06095,Suva,,Fj,UNKNOWN
GGLOC-06096,Pokhara,,,UNKNOWN
GGLOC-06097,May,,,UNKNOWN
GGLOC-06098,Pasco,,Wa,UNKNOWN
GGLOC-06099,Ephraim,,Ut,UNKNOWN
GGLOC-06100,Enola,,Pa,UNKNOWN
GGLOC-06101,San Luis Obispo,,Ca,UNKNOWN
GGLOC-06102,Chantilly,,Va.,UNKNOWN
GGLOC-06103,June 2012,,,UNKNOWN
GGLOC-06104,Jalisco,,Mex,UNKNOWN
GGLOC-06105,Montpellier,,Fr,UNKNOWN
GGLOC-06106,Uganda,,,UNKNOWN
GGLOC-06107,Paris,,Tx,UNKNOWN
GGLOC-06108,Department Of Homeland Security Federal Law Enforcement Training Center,,,UNKNOWN
GGLOC-06109,Education Building,,,UNKNOWN
GGLOC-06110,Roseville,,Ca,UNKNOWN
GGLOC-06111,Forest Lake,,Mn,UNKNOWN
GGLOC-06112,St. Mary'S City,,Md,UNKNOWN
GGLOC-06113,Saginaw,,Mi,UNKNOWN
GGLOC-06114,Winchester,,Ky,UNKNOWN
GGLOC-06115,Dortmund,,De,UNKNOWN
GGLOC-06116,Charlottesville,,Va,UNKNOWN
GGLOC-06117,Wenonah,,Nj,UNKNOWN
GGLOC-06118,University At Albany Ny,,,UNKNOWN
GGLOC-06119,New Haven,,Ct,UNKNOWN
GGLOC-06120,Needham,,Ma,UNKNOWN
GGLOC-06121,Gunupur,,Orissa,UNKNOWN
GGLOC-06122,June 2019,,,UNKNOWN
GGLOC-06123,Hutchinson,,Mn,UNKNOWN
GGLOC-06124,Smithfield,,,UNKNOWN
GGLOC-06125,Mckinney,,Tx,UNKNOWN
GGLOC-06126,Main Campus,,,UNKNOWN
GGLOC-06127,Aurora,,Il,UNKNOWN
GGLOC-06128,Mount Vernon,,Ia,UNKNOWN
GGLOC-06129,Negev,,,UNKNOWN
GGLOC-06130,Lincoln,,Il,UNKNOWN
GGLOC-06131,Mehsana,,In,UNKNOWN
GGLOC-06132,New Castle,,De,UNKNOWN
GGLOC-06133,Powell,,Wy,UNKNOWN
GGLOC-06134,Irondale,,Al,UNKNOWN
GGLOC-06135,Rosedale,,Md,UNKNOWN
GGLOC-06136,Runnemede,,Nj,UNKNOWN
GGLOC-06137,Albany,,Ga,UNKNOWN
GGLOC-06138,Fort Hood,,Tx,UNKNOWN
GGLOC-06139,Olathe,,Ks,UNKNOWN
GGLOC-06140,Bangor,,Me,UNKNOWN
GGLOC-06141,Madrid,,Es,UNKNOWN
GGLOC-06142,Karachi,,,UNKNOWN
GGLOC-06143,Mansfield,,Tx,UNKNOWN
GGLOC-06144,Caldwell,,Id,UNKNOWN
GGLOC-06145,Greencastle,,In,UNKNOWN
GGLOC-06146,Kakinada,,In,UNKNOWN
GGLOC-06147,Mckenzie,,Tn,UNKNOWN
GGLOC-06148,Chandigard,,India,UNKNOWN
GGLOC-06149,Radford,,Va,UNKNOWN
GGLOC-06150,Austin,,Tx,UNKNOWN
GGLOC-06151,Iraq,,,UNKNOWN
GGLOC-06152,Cali,,Colombia,UNKNOWN
GGLOC-06153,August 2016 To December 2020,,,UNKNOWN
GGLOC-06154,Long Branch,,Nj,UNKNOWN
GGLOC-06155,Amravati,,Maharashtra,UNKNOWN
GGLOC-06156,Troy,,Al,UNKNOWN
GGLOC-06157,Midwest City,,Ok,UNKNOWN
GGLOC-06158,Virginia Beach,,Va,UNKNOWN
GGLOC-06159,Tirana,,Al,UNKNOWN
GGLOC-06160,South Korea,,,UNKNOWN
GGLOC-06161,Tampa,,Fl,UNKNOWN
GGLOC-06162,Minneapolis-Saint Paul,,Mn,UNKNOWN
GGLOC-06163,Carbondale,,Il,UNKNOWN
GGLOC-06164,Usa,,,UNKNOWN
GGLOC-06165,Roma,,Lazio,UNKNOWN
GGLOC-06166,Wollongong,,Australia,UNKNOWN
GGLOC-06167,West Palm Beach,,Fl,UNKNOWN
GGLOC-06168,Storrs,,Ct,UNKNOWN
GGLOC-06169,Worcester,,Ma,UNKNOWN
GGLOC-06170,Maharashtra,,In,UNKNOWN
GGLOC-06171,Woodridge,,Il,UNKNOWN
GGLOC-06172,Norco,,Ca,UNKNOWN
GGLOC-06173,Leesville,,La,UNKNOWN
GGLOC-06174,Lima,,Pa,UNKNOWN
GGLOC-06175,July 2002 To May 2005,,,UNKNOWN
GGLOC-06176,Fort Mill,,Sc,UNKNOWN
GGLOC-06177,New Ulm,,Mn,UNKNOWN
GGLOC-06178,Mexico,,Mo,UNKNOWN
GGLOC-06179,Rabat,,Ma,UNKNOWN
GGLOC-06180,Taunton,,Ma,UNKNOWN
GGLOC-06181,Lake Forest,,Il,UNKNOWN
GGLOC-06182,Southampton,,Us,UNKNOWN
GGLOC-06183,Aston,,Pa,UNKNOWN
GGLOC-06184,Capitol Heights,,Md,UNKNOWN
GGLOC-06185,Ibadan,,Oy,UNKNOWN
GGLOC-06186,Flossmoor,,Il,UNKNOWN
GGLOC-06187,Kennesaw,,Ga,UNKNOWN
GGLOC-06188,Damascus,,Sy,UNKNOWN
GGLOC-06189,Winter Park,,Fl,UNKNOWN
GGLOC-06190,Township Of Center,,Pa,UNKNOWN
GGLOC-06191,Washington Dc - Columbia,,Wa,UNKNOWN
GGLOC-06192,Owerri,,,UNKNOWN
GGLOC-06193,Dhaka,,,UNKNOWN
GGLOC-06194,Harrisburg,,,UNKNOWN
GGLOC-06195,West,,Tx,UNKNOWN
GGLOC-06196,Kalyani,,West Bengal,UNKNOWN
GGLOC-06197,Westminster,,Co,UNKNOWN
GGLOC-06198,Huntsville,,,UNKNOWN
GGLOC-06199,Sunnyside,,Wa,UNKNOWN
GGLOC-06200,Chestnut Hill,,Ma,UNKNOWN
GGLOC-06201,Pr,,,UNKNOWN
GGLOC-06202,Rzeszow,,,UNKNOWN
GGLOC-06203,Moscow,,Id,UNKNOWN
GGLOC-06204,Dartmouth,,Ma,UNKNOWN
GGLOC-06205,Grayslake,,Il,UNKNOWN
GGLOC-06206,Bothell,,Wa,UNKNOWN
GGLOC-06207,Haiti,,,UNKNOWN
GGLOC-06208,Pulaski,,Tn,UNKNOWN
GGLOC-06209,Mars Hill,,Nc,UNKNOWN
GGLOC-06210,Cranston,,Ri,UNKNOWN
GGLOC-06211,Bayside,,Ny,UNKNOWN
GGLOC-06212,Loudonville,,Ny,UNKNOWN
GGLOC-06213,December 2012,,,UNKNOWN
GGLOC-06214,Norilsk,,,UNKNOWN
GGLOC-06215,Davangere,,Karnataka,UNKNOWN
GGLOC-06216,Paterson,,Nj,UNKNOWN
GGLOC-06217,Jamestown,,Nc,UNKNOWN
GGLOC-06218,Mountain View,,Ca,UNKNOWN
GGLOC-06219,Florham Park,,Nj,UNKNOWN
GGLOC-06220,Aksum,,Et,UNKNOWN
GGLOC-06221,Monterrey Nl Mexico,,,UNKNOWN
GGLOC-06222,Pottsville,,Pa,UNKNOWN
GGLOC-06223,Milano,,,UNKNOWN
GGLOC-06224,Waterloo,,Ia,UNKNOWN
GGLOC-06225,Miami,,Us,UNKNOWN
GGLOC-06226,Cicero,,Il,UNKNOWN
GGLOC-06227,Fremont,,Oh,UNKNOWN
GGLOC-06228,Hoffman Estates,,Il,UNKNOWN
GGLOC-06229,Bartlett,,Tn,UNKNOWN
GGLOC-06230,Kiev,,,UNKNOWN
GGLOC-06231,Kirksville,,Mo,UNKNOWN
GGLOC-06232,Cranford,,Nj,UNKNOWN
GGLOC-06233,Tomsk,,Ru,UNKNOWN
GGLOC-06234,Palomar College,,,UNKNOWN
GGLOC-06235,Fayetteville,,Ar,UNKNOWN
GGLOC-06236,East Greenwich,,,UNKNOWN
GGLOC-06237,Taos,,Nm,UNKNOWN
GGLOC-06238,Gallatin,,Tn,UNKNOWN
GGLOC-06239,South Paris,,Me,UNKNOWN
GGLOC-06240,Salina,,Ks,UNKNOWN
GGLOC-06241,Malvern,,Pa,UNKNOWN
GGLOC-06242,Cupertino,,Ca,UNKNOWN
GGLOC-06243,Lakewood,,Nj,UNKNOWN
GGLOC-06244,Ranchi University,,,UNKNOWN
GGLOC-06245,Marion,,In,UNKNOWN
GGLOC-06246,North Little Rock,,Ar,UNKNOWN
GGLOC-06247,Maharashtra Board,,,UNKNOWN
GGLOC-06248,Florence,,Al,UNKNOWN
GGLOC-06249,Linn,,Mo,UNKNOWN
GGLOC-06250,Shanghai,,Cn,UNKNOWN
GGLOC-06251,Whitewater,,Wi,UNKNOWN
GGLOC-06252,Patna,,Bihar,UNKNOWN
GGLOC-06253,Lahore,,,UNKNOWN
GGLOC-06254,Moorestown,,Nj,UNKNOWN
GGLOC-06255,Fort Sam Houston,,Tx,UNKNOWN
GGLOC-06256,Rancho Palos Verdes,,Ca,UNKNOWN
GGLOC-06257,Shaoyang,,Cn,UNKNOWN
GGLOC-06258,Waco,,Tx,UNKNOWN
GGLOC-06259,New Jersey,,,UNKNOWN
GGLOC-06260,La Plume,,Pa,UNKNOWN
GGLOC-06261,Brasilia,,Brazil,UNKNOWN
GGLOC-06262,Foxborough,,Ma,UNKNOWN
GGLOC-06263,Istanbul,,,UNKNOWN
GGLOC-06264,Computer And Information Science,,,UNKNOWN
GGLOC-06265,Broomfield,,Co,UNKNOWN
GGLOC-06266,Rock Hill,,Sc,UNKNOWN
GGLOC-06267,Paris,,France,UNKNOWN
GGLOC-06268,Maple Grove,,Mn,UNKNOWN
GGLOC-06269,San Bruno,,Ca,UNKNOWN
GGLOC-06270,Novosibirsk,,,UNKNOWN
GGLOC-06271,White Marsh,,Md,UNKNOWN
GGLOC-06272,Salem,,Tamil Nadu,UNKNOWN
GGLOC-06273,Martinsburg,,Pa,UNKNOWN
GGLOC-06274,Jntuh In Computer Science Engineering,,,UNKNOWN
GGLOC-06275,Newport Beach,,Ca,UNKNOWN
GGLOC-06276,Williams,,Us,UNKNOWN
GGLOC-06277,Colorado Spring,,Co,UNKNOWN
GGLOC-06278,January 2000 To June 2005,,,UNKNOWN
GGLOC-06279,March 2004,,,UNKNOWN
GGLOC-06280,Lubbock,,Tx,UNKNOWN
GGLOC-06281,Monmouth,,Il,UNKNOWN
GGLOC-06282,Baghdad,,Iq,UNKNOWN
GGLOC-06283,Present,,,UNKNOWN
GGLOC-06284,Farmington,,Ct,UNKNOWN
GGLOC-06285,Lincoln Park,,Il,UNKNOWN
GGLOC-06286,Kampala,,Ug,UNKNOWN
GGLOC-06287,Tours,,Fr,UNKNOWN
GGLOC-06288,Fort Benning,,Ga,UNKNOWN
GGLOC-06289,Siloam Springs,,Ar,UNKNOWN
GGLOC-06290,Bloomfield,,Nj,UNKNOWN
GGLOC-06291,Costa Rica,,,UNKNOWN
GGLOC-06292,Pittsburg,,Ca,UNKNOWN
GGLOC-06293,Churchville,,Md,UNKNOWN
GGLOC-06294,University Of Illinois At Chicago - Chicago,,Il,UNKNOWN
GGLOC-06295,Portland,,Me,UNKNOWN
GGLOC-06296,Thatcher,,Az,UNKNOWN
GGLOC-06297,Northfield,,Vt,UNKNOWN
GGLOC-06298,Orange Beach,,Al,UNKNOWN
GGLOC-06299,Copley,,Oh,UNKNOWN
GGLOC-06300,Beeville,,Tx,UNKNOWN
GGLOC-06301,Durham,,Nc,UNKNOWN
GGLOC-06302,Stamford,,Ct,UNKNOWN
GGLOC-06303,Hollywood,,Ca,UNKNOWN
GGLOC-06304,Murfreesboro,,Tn,UNKNOWN
GGLOC-06305,Curitiba,,,UNKNOWN
GGLOC-06306,Cienfuegos,,Cuba,UNKNOWN
GGLOC-06307,Barbados,,,UNKNOWN
GGLOC-06308,Hamilton,,Oh,UNKNOWN
GGLOC-06309,Kimasi,,,UNKNOWN
GGLOC-06310,Puducherry,,,UNKNOWN
GGLOC-06311,Kharagpur,,West Bengal,UNKNOWN
GGLOC-06312,Moscow,,Russian Federation,UNKNOWN
GGLOC-06313,Wellesley,,Ma,UNKNOWN
GGLOC-06314,July 2012,,,UNKNOWN
GGLOC-06315,Anantapur,,Andhra Pradesh,UNKNOWN
GGLOC-06316,Hyattsville,,Md,UNKNOWN
GGLOC-06317,Jbn,,,UNKNOWN
GGLOC-06318,Spokane Valley,,Wa,UNKNOWN
GGLOC-06319,Woodward,,Ok,UNKNOWN
GGLOC-06320,Clarksville,,Tn,UNKNOWN
GGLOC-06321,Bucharest,,Ro,UNKNOWN
GGLOC-06322,Gambrills,,Md,UNKNOWN
GGLOC-06323,Addis Ababa,,Et,UNKNOWN
GGLOC-06324,Cherry Hill,,Nj,UNKNOWN
GGLOC-06325,Campbellsville University,,,UNKNOWN
GGLOC-06326,Greenville,,Nc,UNKNOWN
GGLOC-06327,Coventry,,,UNKNOWN
GGLOC-06328,Portsmouth,,Nh,UNKNOWN
GGLOC-06329,Portsmouth,,Va,UNKNOWN
GGLOC-06330,Pereira,,Risaralda,UNKNOWN
GGLOC-06331,Pensacola,,Fl,UNKNOWN
GGLOC-06332,Venezuela,,,UNKNOWN
GGLOC-06333,Sunbury,,Pa,UNKNOWN
GGLOC-06334,Tribhuwan University,,,UNKNOWN
GGLOC-06335,Floral Park,,Ny,UNKNOWN
GGLOC-06336,Cartagena,,Murcia Provincia,UNKNOWN
GGLOC-06337,Woodside,,De,UNKNOWN
GGLOC-06338,Sharon Hill,,Pa,UNKNOWN
GGLOC-06339,Alamosa,,Co,UNKNOWN
GGLOC-06340,Buckhannon,,Wv,UNKNOWN
GGLOC-06341,Blue Bell,,Pa,UNKNOWN
GGLOC-06342,Overland Park,,Ks,UNKNOWN
GGLOC-06343,Des Moines,,Ia,UNKNOWN
GGLOC-06344,Kingston Upon Hull,,,UNKNOWN
GGLOC-06345,Unionville,,Ct,UNKNOWN
GGLOC-06346,Chesapeake,,Va,UNKNOWN
GGLOC-06347,Santiago,,Mn,UNKNOWN
GGLOC-06348,Union County College,,,UNKNOWN
GGLOC-06349,Monmouth Beach,,Nj,UNKNOWN
GGLOC-06350,Algiers,,Dz,UNKNOWN
GGLOC-06351,August 2013 To May 2015,,,UNKNOWN
GGLOC-06352,Taylorsville - Taylorsville,,Ut,UNKNOWN
GGLOC-06353,Zheng Zhou,,,UNKNOWN
GGLOC-06354,Minot,,Nd,UNKNOWN
GGLOC-06355,Anhui,,,UNKNOWN
GGLOC-06356,2002,,,UNKNOWN
GGLOC-06357,Hyderbad,,Telangana,UNKNOWN
GGLOC-06358,Bridgeville,,Pa,UNKNOWN
GGLOC-06359,Chelyabinsk,,Ru,UNKNOWN
GGLOC-06360,Clayton,,Oh,UNKNOWN
GGLOC-06361,Oakdale,,Pa,UNKNOWN
GGLOC-06362,Brewton,,Al,UNKNOWN
GGLOC-06363,Chillicothe,,Oh,UNKNOWN
GGLOC-06364,Ukiah,,Ca,UNKNOWN
GGLOC-06365,Pasadena,,,UNKNOWN
GGLOC-06366,North Texas,,,UNKNOWN
GGLOC-06367,Valencia,,Es,UNKNOWN
GGLOC-06368,Northridge,,Ca,UNKNOWN
GGLOC-06369,Hawassa,,Eth,UNKNOWN
GGLOC-06370,Kumasi,,,UNKNOWN
GGLOC-06371,Andhra Pradesh,,,UNKNOWN
GGLOC-06372,Chicago,,Il,UNKNOWN
GGLOC-06373,Évry Val D'Essonne,,,UNKNOWN
GGLOC-06374,Yakima,,Wa,UNKNOWN
GGLOC-06375,Missoula,,Mt,UNKNOWN
GGLOC-06376,North Ridgeville,,Oh,UNKNOWN
GGLOC-06377,Damascus,,Va,UNKNOWN
GGLOC-06378,Vidisha,,In,UNKNOWN
GGLOC-06379,Chesterfield,,Va,UNKNOWN
GGLOC-06380,Asu Polytechnic Campus,,,UNKNOWN
GGLOC-06381,Computer Engineering,,,UNKNOWN
GGLOC-06382,Ocala,,,UNKNOWN
GGLOC-06383,Ca,,,UNKNOWN
GGLOC-06384,Gulfport,,Ms,UNKNOWN
GGLOC-06385,Palatine,,Il,UNKNOWN
GGLOC-06386,Orangeburg,,Ny,UNKNOWN
GGLOC-06387,Calgary,,Ab,UNKNOWN
GGLOC-06388,Weslaco,,Tx,UNKNOWN
GGLOC-06389,Laurel,,,UNKNOWN
GGLOC-06390,August 2015 To December 2017,,,UNKNOWN
GGLOC-06391,Fort Pierce,,Fl,UNKNOWN
GGLOC-06392,Various,,,UNKNOWN
GGLOC-06393,Ithaca,,,UNKNOWN
GGLOC-06394,Khandwa,,Madhya Pradesh,UNKNOWN
GGLOC-06395,Glen Allen,,Va,UNKNOWN
GGLOC-06396,Dallas,,Tx,UNKNOWN
GGLOC-06397,Sacramento,,,UNKNOWN
GGLOC-06398,Frıdek-Místek,,,UNKNOWN
GGLOC-06399,Denton,,Tx,UNKNOWN
GGLOC-06400,Ibadan,,,UNKNOWN
GGLOC-06401,Collin County,,Tx,UNKNOWN
GGLOC-06402,Granville,,Oh,UNKNOWN
GGLOC-06403,Babson Park,,Ma,UNKNOWN
GGLOC-06404,Fullerton,,,UNKNOWN
GGLOC-06405,Utica,,Ny,UNKNOWN
GGLOC-06406,Barton,,Oh,UNKNOWN
GGLOC-06407,Cumberland,,Md,UNKNOWN
GGLOC-06408,Hamden,,Ct,UNKNOWN
GGLOC-06409,Pontiac,,Mi,UNKNOWN
GGLOC-06410,Reedsburg,,Wi,UNKNOWN
GGLOC-06411,Brunswick,,Ga,UNKNOWN
GGLOC-06412,Lakewood,,Co,UNKNOWN
GGLOC-06413,Vilnius,,Lt,UNKNOWN
GGLOC-06414,Washington,,Dc,UNKNOWN
GGLOC-06415,Varina,,Us,UNKNOWN
GGLOC-06416,Cloud University,,,UNKNOWN
GGLOC-06417,Indiana,,,UNKNOWN
GGLOC-06418,Syracuse,,,UNKNOWN
GGLOC-06419,Santo Domingo,,Pr,UNKNOWN
GGLOC-06420,Greenwood Village,,Co,UNKNOWN
GGLOC-06421,Ghaziabad,Uttar Pradesh,India,TIER_2
GGLOC-06422,Mutanabi High School - Abu Dhabi,,Ae,UNKNOWN
GGLOC-06423,Palm Beach Gardens,,Fl,UNKNOWN
GGLOC-06424,Kharkiv,,Ukraine,UNKNOWN
GGLOC-06425,Destrehan,,La,UNKNOWN
GGLOC-06426,Hudson,,Nc,UNKNOWN
GGLOC-06427,Orange City,,Ia,UNKNOWN
GGLOC-06428,Oslo,,No,UNKNOWN
GGLOC-06429,Selden,,Ny,UNKNOWN
GGLOC-06430,Addis,,La,UNKNOWN
GGLOC-06431,Okmulgee,,Ok,UNKNOWN
GGLOC-06432,Liberty,,Mo,UNKNOWN
GGLOC-06433,Steilacoom,,Wa,UNKNOWN
GGLOC-06434,Troyes,,Fr,UNKNOWN
GGLOC-06435,Greenbelt,,Md,UNKNOWN
GGLOC-06436,Jamaica,,Ny,UNKNOWN
GGLOC-06437,Clinton,,Ny,UNKNOWN
GGLOC-06438,Menifee,,Ca,UNKNOWN
GGLOC-06439,Belarus,,,UNKNOWN
GGLOC-06440,Tehran - Iran,,,UNKNOWN
GGLOC-06441,Mechanical Engineering,,,UNKNOWN
GGLOC-06442,Martinsburg,,Wv,UNKNOWN
GGLOC-06443,Kathmandu,,,UNKNOWN
GGLOC-06444,Missouri City,,Mo,UNKNOWN
GGLOC-06445,Flushing,,Ny,UNKNOWN
GGLOC-06446,Shorewood,,Il,UNKNOWN
GGLOC-06447,Tianjin,,Cn,UNKNOWN
GGLOC-06448,Rockwell,,Ia,UNKNOWN
GGLOC-06449,Mansfield,,Oh,UNKNOWN
GGLOC-06450,Old Westbury,,Ny,UNKNOWN
GGLOC-06451,Denmark,,Sc,UNKNOWN
GGLOC-06452,Cedarville,,Oh,UNKNOWN
GGLOC-06453,Ciego De Avila,,,UNKNOWN
GGLOC-06454,Surat,,Gujarat,UNKNOWN
GGLOC-06455,Monroe,,La,UNKNOWN
GGLOC-06456,Metairie,,La,UNKNOWN
GGLOC-06457,Bartonsville,,Pa,UNKNOWN
GGLOC-06458,Coraopolis,,Pa,UNKNOWN
GGLOC-06459,Pensacola Naval Air Station,,Fl,UNKNOWN
GGLOC-06460,Benghazi,,,UNKNOWN
GGLOC-06461,Orange Coast College,,,UNKNOWN
GGLOC-06462,Guatemala,,,UNKNOWN
GGLOC-06463,Valley Center,,Ca,UNKNOWN
GGLOC-06464,Dobson,,Nc,UNKNOWN
GGLOC-06465,Rocky Mount,,Nc,UNKNOWN
GGLOC-06466,Boise State University,,,UNKNOWN
GGLOC-06467,Chadron,,Ne,UNKNOWN
GGLOC-06468,Norton,,Ma,UNKNOWN
GGLOC-06469,Tallahassee,,Fl,UNKNOWN
GGLOC-06470,District Of Columbia War Memorial,,Dc,UNKNOWN
GGLOC-06471,Santa Monica College,,,UNKNOWN
GGLOC-06472,St. Clair County Community College,,,UNKNOWN
GGLOC-06473,Lyndonville,,Vt,UNKNOWN
GGLOC-06474,West Point,,Ny,UNKNOWN
GGLOC-06475,Greeley,,Co,UNKNOWN
GGLOC-06476,Djibouti,,,UNKNOWN
GGLOC-06477,Delaware,,,UNKNOWN
GGLOC-06478,Noida,Uttar Pradesh,India,TIER_1
GGLOC-06479,Abia,,Ng,UNKNOWN
GGLOC-06480,Lille (59),,,UNKNOWN
GGLOC-06481,Shortsville,,Ny,UNKNOWN
GGLOC-06482,Lehman,,Pa,UNKNOWN
GGLOC-06483,2000 To 2004,,,UNKNOWN
GGLOC-06484,Port Au Prince,,Ht,UNKNOWN
GGLOC-06485,Pullman,,Wa,UNKNOWN
GGLOC-06486,Oh,,,UNKNOWN
GGLOC-06487,Riverhead,,Ny,UNKNOWN
GGLOC-06488,Mn,,,UNKNOWN
GGLOC-06489,Idaho,,,UNKNOWN
GGLOC-06490,Torrance,,Ca,UNKNOWN
GGLOC-06491,Kingsville,,,UNKNOWN
GGLOC-06492,Plano,,Tx,UNKNOWN
GGLOC-06493,Franklin D Roosevelt High School,,,UNKNOWN
GGLOC-06494,Drumright,,Ok,UNKNOWN
GGLOC-06495,Rolling Meadows,,Il,UNKNOWN
GGLOC-06496,Jerusalem,,Il,UNKNOWN
GGLOC-06497,Lenoir,,Nc,UNKNOWN
GGLOC-06498,Tucson,,Az,UNKNOWN
GGLOC-06499,Akron Campus,,,UNKNOWN
GGLOC-06500,Plainview,,Tx,UNKNOWN
GGLOC-06501,West Hartford,,Ct,UNKNOWN
GGLOC-06502,Grayson,,Ga,UNKNOWN
GGLOC-06503,North Manchester,,In,UNKNOWN
GGLOC-06504,Saint Davids,,Pa,UNKNOWN
GGLOC-06505,Temple Terrace,,Fl,UNKNOWN
GGLOC-06506,Ranchi,,Jharkhand,UNKNOWN
GGLOC-06507,Fayette,,Al,UNKNOWN
GGLOC-06508,Jamaica,,,UNKNOWN
GGLOC-06509,Oak Brook,,Il,UNKNOWN
GGLOC-06510,Pittsburg,,Ks,UNKNOWN
GGLOC-06511,Granite City,,Il,UNKNOWN
GGLOC-06512,Laredo,,Tx,UNKNOWN
GGLOC-06513,Gold Coast Qld,,,UNKNOWN
GGLOC-06514,Manchester,,Tn,UNKNOWN
GGLOC-06515,Bucureşti,,,UNKNOWN
GGLOC-06516,Paducah,,Ky,UNKNOWN
GGLOC-06517,Dayton,,,UNKNOWN
GGLOC-06518,Falls Church,,Va,UNKNOWN
GGLOC-06519,Reston,,Va,UNKNOWN
GGLOC-06520,Fort Valley,,Ga,UNKNOWN
GGLOC-06521,Gastonia,,Nc,UNKNOWN
GGLOC-06522,Springfield,,Va,UNKNOWN
GGLOC-06523,Commerce,,Tx,UNKNOWN
GGLOC-06524,Lima,,Pe,UNKNOWN
GGLOC-06525,Montgomery,,,UNKNOWN
GGLOC-06526,Brahmapur,,Orissa,UNKNOWN
GGLOC-06527,East Los Angeles College - Monterey Park,,Ca,UNKNOWN
GGLOC-06528,Lexington,,Ky,UNKNOWN
GGLOC-06529,Durgapur,,West Bengal,UNKNOWN
GGLOC-06530,North Chili,,Ny,UNKNOWN
GGLOC-06531,China,,,UNKNOWN
GGLOC-06532,East,,Us,UNKNOWN
GGLOC-06533,Mill Valley,,Ca,UNKNOWN
GGLOC-06534,Colfax,,Ca,UNKNOWN
GGLOC-06535,Denton,,,UNKNOWN
GGLOC-06536,Ivano-Frankivsk,,Ukraine,UNKNOWN
GGLOC-06537,West Valley City,,Ut,UNKNOWN
GGLOC-06538,El Cerrito,,Ca,UNKNOWN
GGLOC-06539,St Louis,,,UNKNOWN
GGLOC-06540,General Studies,,,UNKNOWN
GGLOC-06541,Swartz Creek,,Mi,UNKNOWN
GGLOC-06542,Madison,,Al,UNKNOWN
GGLOC-06543,Lone Tree,,Co,UNKNOWN
GGLOC-06544,Mays Landing,,Nj,UNKNOWN
GGLOC-06545,Saint Paul,,Mn,UNKNOWN
GGLOC-06546,Maryland,,,UNKNOWN
GGLOC-06547,El Cajon,,Ca,UNKNOWN
GGLOC-06548,Grand Forks,,Nd,UNKNOWN
GGLOC-06549,Palo Alto,,Ca,UNKNOWN
GGLOC-06550,West Haven,,Ct,UNKNOWN
GGLOC-06551,Merida,,Venezuela,UNKNOWN
GGLOC-06552,Yola,,,UNKNOWN
GGLOC-06553,Ajmer,,Rajasthan,UNKNOWN
GGLOC-06554,Barcelona,,Anzoátegui,UNKNOWN
GGLOC-06555,Dunwoody,,Ga,UNKNOWN
GGLOC-06556,Sonipat,,Haryana,UNKNOWN
GGLOC-06557,Jamestown,,Ny,UNKNOWN
GGLOC-06558,Rangoon,,,UNKNOWN
GGLOC-06559,Concord,,Nh,UNKNOWN
GGLOC-06560,Kathmandu,,Nepal,UNKNOWN
GGLOC-06561,Manhattan,,Ny,UNKNOWN
GGLOC-06562,Nanjing,,,UNKNOWN
GGLOC-06563,North Canton,,Oh,UNKNOWN
GGLOC-06564,Marcellus,,Ny,UNKNOWN
GGLOC-06565,Altoona,,Pa,UNKNOWN
GGLOC-06566,Hammond,,In,UNKNOWN
GGLOC-06567,Santa Barbara,,Ca,UNKNOWN
GGLOC-06568,Corvallis,,Or,UNKNOWN
GGLOC-06569,Punjab,,,UNKNOWN
GGLOC-06570,West Windsor,,Nj,UNKNOWN
GGLOC-06571,Palghar,,,UNKNOWN
GGLOC-06572,Canton,,Mi,UNKNOWN
GGLOC-06573,Bloomington - Indianapolis,,In,UNKNOWN
GGLOC-06574,Nellore,,Andhra Pradesh,UNKNOWN
GGLOC-06575,Jodhpur,,Rajasthan,UNKNOWN
GGLOC-06576,Maroussi,,Gr,UNKNOWN
GGLOC-06577,Killeen,,Tx,UNKNOWN
GGLOC-06578,Lehigh Acres,,Fl,UNKNOWN
GGLOC-06579,Buenos Aires,,,UNKNOWN
GGLOC-06580,June 2007,,,UNKNOWN
GGLOC-06581,Richmond,,In,UNKNOWN
GGLOC-06582,Virginia,,,UNKNOWN
GGLOC-06583,Lorton,,Va,UNKNOWN
GGLOC-06584,Liberia,,,UNKNOWN
GGLOC-06585,2008 To 2010,,,UNKNOWN
GGLOC-06586,Business Administration,,,UNKNOWN
GGLOC-06587,Deerfield,,Il,UNKNOWN
GGLOC-06588,Provo,,Ut,UNKNOWN
GGLOC-06589,West Chester,,Pa,UNKNOWN
GGLOC-06590,Colorado,,Us,UNKNOWN
GGLOC-06591,Tamuning,,Gu,UNKNOWN
GGLOC-06592,Pleasant Hill,,Ca,UNKNOWN
GGLOC-06593,Guntur,,In,UNKNOWN
GGLOC-06594,Newport,,Ri,UNKNOWN
GGLOC-06595,Redding,,Ca,UNKNOWN
GGLOC-06596,Woodstock,,Va,UNKNOWN
GGLOC-06597,Iran,,,UNKNOWN
GGLOC-06598,Blairsville,,Pa,UNKNOWN
GGLOC-06599,Athens,,Tx,UNKNOWN
GGLOC-06600,Helsinki,,Fi,UNKNOWN
GGLOC-06601,Kakinada,,Andra Pradesh,UNKNOWN
GGLOC-06602,Peshawar,,Pk,UNKNOWN
GGLOC-06603,Trenton,,Oh,UNKNOWN
GGLOC-06604,Watkinsville,,Ga,UNKNOWN
GGLOC-06605,Hanoi,,,UNKNOWN
GGLOC-06606,Weston,,,UNKNOWN
GGLOC-06607,Glendora,,Ca,UNKNOWN
GGLOC-06608,Kalamazoo,,Mi,UNKNOWN
GGLOC-06609,Dobbs Ferry,,Ny,UNKNOWN
GGLOC-06610,Battle Creek,,Mi,UNKNOWN
GGLOC-06611,May 2005,,,UNKNOWN
GGLOC-06612,Exeter,,Ri,UNKNOWN
GGLOC-06613,Friendswood,,Tx,UNKNOWN
GGLOC-06614,San Mateo,,Ca,UNKNOWN
GGLOC-06615,Wheeling,,Wv,UNKNOWN
GGLOC-06616,Tamilnadu,,,UNKNOWN
GGLOC-06617,Boiling Springs,,Nc,UNKNOWN
GGLOC-06618,Orange,,Ca,UNKNOWN
GGLOC-06619,Ongole,,Andhra Pradesh,UNKNOWN
GGLOC-06620,Lucca,,,UNKNOWN
GGLOC-06621,Houston,,,UNKNOWN
GGLOC-06622,Sonora,,Ca,UNKNOWN
GGLOC-06623,Clemson,,Sc,UNKNOWN
GGLOC-06624,Howard University,,,UNKNOWN
GGLOC-06625,The Gambia,,,UNKNOWN
GGLOC-06626,Kenya,,,UNKNOWN
GGLOC-06627,Rhode Island,,,UNKNOWN
GGLOC-06628,Munich,,De,UNKNOWN
GGLOC-06629,Recife,,Br,UNKNOWN
GGLOC-06630,Norwich,,Ct,UNKNOWN
GGLOC-06631,May 2014,,,UNKNOWN
GGLOC-06632,Auckland City,,Auckland,UNKNOWN
GGLOC-06633,Harriman,,Tn,UNKNOWN
GGLOC-06634,Piracicaba,,Brazil,UNKNOWN
GGLOC-06635,Tacoma,,Wa,UNKNOWN
GGLOC-06636,Addis Ababa,,Ethiopia,UNKNOWN
GGLOC-06637,Prairie View,,Tx,UNKNOWN
GGLOC-06638,Anoka Ramsey,,Mn,UNKNOWN
GGLOC-06639,Benagaluru,,,UNKNOWN
GGLOC-06640,Lawrenceville,,Ga,UNKNOWN
GGLOC-06641,Artesia,,Nm,UNKNOWN
GGLOC-06642,College Park,,,UNKNOWN
GGLOC-06643,Los Altos Hills,,Ca,UNKNOWN
GGLOC-06644,Georgetown,,,UNKNOWN
GGLOC-06645,Southbridge,,Ma,UNKNOWN
GGLOC-06646,Okada,,Nigeria,UNKNOWN
GGLOC-06647,Des Plaines,,Il,UNKNOWN
GGLOC-06648,Bloomfield Hills,,Mi,UNKNOWN
GGLOC-06649,Moore,,Ok,UNKNOWN
GGLOC-06650,Easton,,Ma,UNKNOWN
GGLOC-06651,Summerdale,,Pa,UNKNOWN
GGLOC-06652,Mandsaur,,Madhya Pradesh,UNKNOWN
GGLOC-06653,Lawton,,Ok,UNKNOWN
GGLOC-06654,Arts And Sciences School Of Arts,,,UNKNOWN
GGLOC-06655,San Jose,,Ca,UNKNOWN
GGLOC-06656,Saint Georges,,De,UNKNOWN
GGLOC-06657,Westminster,,Md,UNKNOWN
GGLOC-06658,Clearwater,,Fl,UNKNOWN
GGLOC-06659,Las Villas,,,UNKNOWN
GGLOC-06660,Winooski,,Vt,UNKNOWN
GGLOC-06661,Sierra Vista,,,UNKNOWN
GGLOC-06662,Scranton,,Pa,UNKNOWN
GGLOC-06663,Natixis Epargne,,,UNKNOWN
GGLOC-06664,San Pablo,,Ca,UNKNOWN
GGLOC-06665,Dolton,,Il,UNKNOWN
GGLOC-06666,Smyrna,,Ga,UNKNOWN
GGLOC-06667,Portsmouth,,Oh,UNKNOWN
GGLOC-06668,Kent State University,,,UNKNOWN
GGLOC-06669,Beaverton,,Or,UNKNOWN
GGLOC-06670,Hollywood,,Fl,UNKNOWN
GGLOC-06671,Austin,,Mn,UNKNOWN
GGLOC-06672,Northwestern,,Us,UNKNOWN
GGLOC-06673,Warrensburg,,Mo,UNKNOWN
GGLOC-06674,Galveston,,Tx,UNKNOWN
GGLOC-06675,Valparaiso,,In,UNKNOWN
GGLOC-06676,Seaside,,Ca,UNKNOWN
GGLOC-06677,Bowie State University,,,UNKNOWN
GGLOC-06678,July 2007 To November 2009,,,UNKNOWN
GGLOC-06679,Long Beach,,Ca,UNKNOWN
GGLOC-06680,Manzanillo,,,UNKNOWN
GGLOC-06681,Kokkola,,,UNKNOWN
GGLOC-06682,Białystok,,,UNKNOWN
GGLOC-06683,Oswego,,Ny,UNKNOWN
GGLOC-06684,Bay Saint Louis,,Ms,UNKNOWN
GGLOC-06685,Makati,,,UNKNOWN
GGLOC-06686,La Caleta,,,UNKNOWN
GGLOC-06687,September 2012 To May 2017,,,UNKNOWN
GGLOC-06688,Bahir Dar,,,UNKNOWN
GGLOC-06689,Kigali,,Rw,UNKNOWN
GGLOC-06690,Saint Joseph,,Mn,UNKNOWN
GGLOC-06691,Mission,,Tx,UNKNOWN
GGLOC-06692,Morrisville,,Ny,UNKNOWN
GGLOC-06693,Fremont,,Ca,UNKNOWN
GGLOC-06694,July 2010,,,UNKNOWN
GGLOC-06695,Sioux City,,Ia,UNKNOWN
GGLOC-06696,Great Lakes,,Il,UNKNOWN
GGLOC-06697,Midlothian,,Va,UNKNOWN
GGLOC-06698,Webster,,Tx,UNKNOWN
GGLOC-06699,Laguna Beach,,Ca,UNKNOWN
GGLOC-06700,Iju Ishaga,,Lagos Nigeria,UNKNOWN
GGLOC-06701,Tempe,,,UNKNOWN
GGLOC-06702,Odu Computer Science,,,UNKNOWN
GGLOC-06703,Takoma Park,,Md,UNKNOWN
GGLOC-06704,Pretoria,,Gauteng,UNKNOWN
GGLOC-06705,Concord,,Nc,UNKNOWN
GGLOC-06706,Ng,,,UNKNOWN
GGLOC-06707,Chicago,,,UNKNOWN
GGLOC-06708,Skopje,,Mk,UNKNOWN
GGLOC-06709,Mineola,,Ny,UNKNOWN
GGLOC-06710,Franklin Springs,,Ga,UNKNOWN
GGLOC-06711,Douglas,,Az,UNKNOWN
GGLOC-06712,Halifax,,Canada,UNKNOWN
GGLOC-06713,College Park Md,,,UNKNOWN
GGLOC-06714,Lome,,,UNKNOWN
GGLOC-06715,Columbus,,Oh,UNKNOWN
GGLOC-06716,Platte City,,Mo,UNKNOWN
GGLOC-06717,Fenton,,Mi,UNKNOWN
GGLOC-06718,June 2010,,,UNKNOWN
GGLOC-06719,San Bernardino,,Ca,UNKNOWN
GGLOC-06720,Miami,,Ok,UNKNOWN
GGLOC-06721,Odessa,,Ua,UNKNOWN
GGLOC-06722,Rock Island,,Il,UNKNOWN
GGLOC-06723,Carolina,,Pr,UNKNOWN
GGLOC-06724,Bandjoun,,,UNKNOWN
GGLOC-06725,Downingtown,,Pa,UNKNOWN
GGLOC-06726,Abuja,,,UNKNOWN
GGLOC-06727,Springfield,,Il,UNKNOWN
GGLOC-06728,Dumaguete,,,UNKNOWN
GGLOC-06729,Maracaibo,,,UNKNOWN
GGLOC-06730,Kenosha,,Wi,UNKNOWN
GGLOC-06731,Lafayette,,In,UNKNOWN
GGLOC-06732,Eastern Michigan University,,,UNKNOWN
GGLOC-06733,Ludlow,,Ma,UNKNOWN
GGLOC-06734,Sunrise,,Fl,UNKNOWN
GGLOC-06735,Mount Pleasant,,Mi,UNKNOWN
GGLOC-06736,Global Learning Department,,,UNKNOWN
GGLOC-06737,Ukraine,,,UNKNOWN
GGLOC-06738,Rajamahendri,,In,UNKNOWN
GGLOC-06739,Fulton,,Mo,UNKNOWN
GGLOC-06740,Tripoli,,Lb,UNKNOWN
GGLOC-06741,Cheyney,,Pa,UNKNOWN
GGLOC-06742,King Of Prussia,,Pa,UNKNOWN
GGLOC-06743,December 2018,,,UNKNOWN
GGLOC-06744,East Canton,,Oh,UNKNOWN
GGLOC-06745,Bellevue,,Ne,UNKNOWN
GGLOC-06746,Tumkur,,,UNKNOWN
GGLOC-06747,Nigeria,,,UNKNOWN
GGLOC-06748,Andalusia,,Al,UNKNOWN
GGLOC-06749,Leesburg,,Va,UNKNOWN
GGLOC-06750,Brussels,,,UNKNOWN
GGLOC-06751,Tyler,,,UNKNOWN
GGLOC-06752,Morgantown,,Wv,UNKNOWN
GGLOC-06753,Harrison,,Ar,UNKNOWN
GGLOC-06754,Woodbridge,,,UNKNOWN
GGLOC-06755,Kent,,,UNKNOWN
GGLOC-06756,Gwinnett,,Us,UNKNOWN
GGLOC-06757,Parkville,,Mo,UNKNOWN
GGLOC-06758,Ia,,,UNKNOWN
GGLOC-06759,Saurashtra University,,,UNKNOWN
GGLOC-06760,Greenfield,,Wi,UNKNOWN
GGLOC-06761,Northeastern,,,UNKNOWN
GGLOC-06762,Tarn-Taran,,Punjab,UNKNOWN
GGLOC-06763,Hill,,Us,UNKNOWN
GGLOC-06764,River Forest,,Il,UNKNOWN
GGLOC-06765,Trussville,,Al,UNKNOWN
GGLOC-06766,Ho Chi Minh City,,Vn,UNKNOWN
GGLOC-06767,Hanover,,Md,UNKNOWN
GGLOC-06768,Orangeburg,,Sc,UNKNOWN
GGLOC-06769,Ile-Ife,,,UNKNOWN
GGLOC-06770,Pomona,,Nj,UNKNOWN
GGLOC-06771,Saudi Arabia,,,UNKNOWN
GGLOC-06772,New Carrollton,,Md,UNKNOWN
GGLOC-06773,York,,Ny,UNKNOWN
GGLOC-06774,Plainfield,,Vt,UNKNOWN
GGLOC-06775,January 2019,,,UNKNOWN
GGLOC-06776,1982 To 1986,,,UNKNOWN
GGLOC-06777,Augusta,,Ga,UNKNOWN
GGLOC-06778,Chicopee,,Ma,UNKNOWN
GGLOC-06779,Amiens,,Fr,UNKNOWN
GGLOC-06780,Claremont,,Ca,UNKNOWN
GGLOC-06781,Russian Federation,,,UNKNOWN
GGLOC-06782,Birmingham,,,UNKNOWN
GGLOC-06783,Tijuana,,,UNKNOWN
GGLOC-06784,Smithfield,,Ri,UNKNOWN
GGLOC-06785,Maracaibo,,Ve,UNKNOWN
GGLOC-06786,Glen Ellyn,,Il,UNKNOWN
GGLOC-06787,Maracaibo,,Venezuela,UNKNOWN
GGLOC-06788,1990 To 1992,,,UNKNOWN
GGLOC-06789,Laurel,,Md,UNKNOWN
GGLOC-06790,Rohnert Park,,Ca,UNKNOWN
GGLOC-06791,Athens,,Ga,UNKNOWN
GGLOC-06792,Milpitas,,Ca,UNKNOWN
GGLOC-06793,Tullahoma,,Tn,UNKNOWN
GGLOC-06794,Allahabad,,Uttar Pradesh,UNKNOWN
GGLOC-06795,Anoka,,Mn,UNKNOWN
GGLOC-06796,San Antonio,,,UNKNOWN
GGLOC-06797,West Columbia,,Sc,UNKNOWN
GGLOC-06798,Mendocino,,Ca,UNKNOWN
GGLOC-06799,Ft - Lee,,Va,UNKNOWN
GGLOC-06800,Ekpoma,,Edo State,UNKNOWN
GGLOC-06801,Westfield,,Ma,UNKNOWN
GGLOC-06802,River Falls,,Wi,UNKNOWN
GGLOC-06803,Urbana,,Il,UNKNOWN
GGLOC-06804,In,,,UNKNOWN
GGLOC-06805,Blackwell,,Ok,UNKNOWN
GGLOC-06806,Electrical Engineering & Electronics,,,UNKNOWN
GGLOC-06807,Lawrenceville,,Nj,UNKNOWN
GGLOC-06808,Montville,,Oh,UNKNOWN
GGLOC-06809,Dalian,,Liaoning,UNKNOWN
GGLOC-06810,Heerlen,,The Netherlands,UNKNOWN
GGLOC-06811,Nicholasville,,Ky,UNKNOWN
GGLOC-06812,Spokane,,Wa,UNKNOWN
GGLOC-06813,Ne,,,UNKNOWN
GGLOC-06814,Midland,,Mi,UNKNOWN
GGLOC-06815,Portales,,Nm,UNKNOWN
GGLOC-06816,Florence,,Sc,UNKNOWN
GGLOC-06817,Huntsville,,Al,UNKNOWN
GGLOC-06818,Linden,,Nj,UNKNOWN
GGLOC-06819,Salvador,,Bahia,UNKNOWN
GGLOC-06820,Atoka,,,UNKNOWN
GGLOC-06821,Gainsville,,,UNKNOWN
GGLOC-06822,Randolph Afb,,Tx,UNKNOWN
GGLOC-06823,Waldorf,,Md,UNKNOWN
GGLOC-06824,Voronezh,,Ru,UNKNOWN
GGLOC-06825,Washington,,,UNKNOWN
GGLOC-06826,Pemberton,,Nj,UNKNOWN
GGLOC-06827,Jacksonville,,Al,UNKNOWN
GGLOC-06828,Arnold,,Mo,UNKNOWN
GGLOC-06829,League City,,Tx,UNKNOWN
GGLOC-06830,Tashkent,,Uz,UNKNOWN
GGLOC-06831,Richmond,,,UNKNOWN
GGLOC-06832,Rizal,,Philippines,UNKNOWN
GGLOC-06833,Clovis,,Ca,UNKNOWN
GGLOC-06834,Republic Of Serbia,,,UNKNOWN
GGLOC-06835,Gainesville,,Va,UNKNOWN
GGLOC-06836,January 2002,,,UNKNOWN
GGLOC-06837,September 2008 To May 2012,,,UNKNOWN
GGLOC-06838,Davie,,Fl,UNKNOWN
GGLOC-06839,Storrs,,,UNKNOWN
GGLOC-06840,January 2005 To January 2008,,,UNKNOWN
GGLOC-06841,Largo,,,UNKNOWN
GGLOC-06842,Glendale,,Az,UNKNOWN
GGLOC-06843,Maumee,,Oh,UNKNOWN
GGLOC-06844,Wesson,,Ms,UNKNOWN
GGLOC-06845,Board Placer,,,UNKNOWN
GGLOC-06846,Brussels,,Il,UNKNOWN
GGLOC-06847,Norwich Naval Submarine Base School,,,UNKNOWN
GGLOC-06848,Villejuif,,,UNKNOWN
GGLOC-06849,Amman,,Jordan,UNKNOWN
GGLOC-06850,Fitchburg,,Ma,UNKNOWN
GGLOC-06851,West Liberty,,,UNKNOWN
GGLOC-06852,Rutherford,,Nj,UNKNOWN
GGLOC-06853,Carlisle,,Pa,UNKNOWN
GGLOC-06854,Ramat Gan,,,UNKNOWN
GGLOC-06855,Seoul,,Kr,UNKNOWN
GGLOC-06856,North Dartmouth,,Ma,UNKNOWN
GGLOC-06857,Alliance Oh,,,UNKNOWN
GGLOC-06858,Canterbury,,,UNKNOWN
GGLOC-06859,Irving,,Tx,UNKNOWN
GGLOC-06860,Macedonia,,Oh,UNKNOWN
GGLOC-06861,Ponce,,Puerto Rico,UNKNOWN
GGLOC-06862,Rolla,,Mo,UNKNOWN
GGLOC-06863,Kansas State University,,,UNKNOWN
GGLOC-06864,Ruston,,La,UNKNOWN
GGLOC-06865,Cottondale,,Fl,UNKNOWN
GGLOC-06866,2010 To 2015,,,UNKNOWN
GGLOC-06867,Philadelphia,,Pa,UNKNOWN
GGLOC-06868,Frankfort,,Ky,UNKNOWN
GGLOC-06869,Ames,,Ia,UNKNOWN
GGLOC-06870,Jacksonville,,Fl,UNKNOWN
GGLOC-06871,Saint Louis,,,UNKNOWN
GGLOC-06872,Xiamen,,China,UNKNOWN
GGLOC-06873,Utica College,,,UNKNOWN
GGLOC-06874,Wappingers Falls,,Ny,UNKNOWN
GGLOC-06875,Burlington,,Vt,UNKNOWN
GGLOC-06876,Kiev,,Ua,UNKNOWN
GGLOC-06877,Madison County,,,UNKNOWN
GGLOC-06878,Ellensburg,,Wa,UNKNOWN
GGLOC-06879,Glassboro,,Nj,UNKNOWN
GGLOC-06880,Honolulu,,Hi,UNKNOWN
GGLOC-06881,Center Valley,,Pa,UNKNOWN
GGLOC-06882,Area/Industry Expertise - Black,,Al,UNKNOWN
GGLOC-06883,Geneseo,,Ny,UNKNOWN
GGLOC-06884,Charlestown,,Ma,UNKNOWN
GGLOC-06885,Gomel,,Belarus,UNKNOWN
GGLOC-06886,Billings,,Mt,UNKNOWN
GGLOC-06887,Health Care Informatics,,,UNKNOWN
GGLOC-06888,Chittoor,,In,UNKNOWN
GGLOC-06889,Catonsville,,Md,UNKNOWN
GGLOC-06890,Rome,,Ga,UNKNOWN
GGLOC-06891,Mexico City,,Mexico,UNKNOWN
GGLOC-06892,Arkadelphia,,Ar,UNKNOWN
GGLOC-06893,Coeur D'Alene,,Id,UNKNOWN
GGLOC-06894,Tiffin,,Oh,UNKNOWN
GGLOC-06895,Cochran,,Ga,UNKNOWN
GGLOC-06896,Hong Kong,,Hk,UNKNOWN
GGLOC-06897,College Park,,Md,UNKNOWN
GGLOC-06898,Tupelo,,Ms,UNKNOWN
GGLOC-06899,Butler,,In,UNKNOWN
GGLOC-06900,Odisha,,In,UNKNOWN
GGLOC-06901,Suny Cobleskill,,,UNKNOWN
GGLOC-06902,Southhampton,,Pa,UNKNOWN
GGLOC-06903,Saint Leo,,Fl,UNKNOWN
GGLOC-06904,Fort Wayne,,,UNKNOWN
GGLOC-06905,Murray,,,UNKNOWN
GGLOC-06906,Anderson,,Sc,UNKNOWN
GGLOC-06907,Amman,,Jo,UNKNOWN
GGLOC-06908,View,,Tx,UNKNOWN
GGLOC-06909,Slippery Rock,,Pa,UNKNOWN
GGLOC-06910,Germantown,,Md,UNKNOWN
GGLOC-06911,Milton,,Fl,UNKNOWN
GGLOC-06912,Timisoara,,,UNKNOWN
GGLOC-06913,Bloomington,,Il,UNKNOWN
GGLOC-06914,Frederick,,Md,UNKNOWN
GGLOC-06915,Aurangabad,,Maharashtra,UNKNOWN
GGLOC-06916,Moon Township,,Pa,UNKNOWN
GGLOC-06917,Daytona Beach,,Fl,UNKNOWN
GGLOC-06918,Mehsana,,India,UNKNOWN
GGLOC-06919,Guatemala City,,,UNKNOWN
GGLOC-06920,Iselin,,Nj,UNKNOWN
GGLOC-06921,Manchester,,,UNKNOWN
GGLOC-06922,Santa Maria,,Ca,UNKNOWN
GGLOC-06923,Electrical & Electronics Engineering,,,UNKNOWN
GGLOC-06924,Palm Beach,,Fl,UNKNOWN
GGLOC-06925,Oshkosh,,Wi,UNKNOWN
GGLOC-06926,Sheridan,,Or,UNKNOWN
GGLOC-06927,Waterford,,Mi,UNKNOWN
GGLOC-06928,Lublin,,,UNKNOWN
GGLOC-06929,Leon,,Mexico,UNKNOWN
GGLOC-06930,Santa Ana,,Ca,UNKNOWN
GGLOC-06931,Sugar Grove,,Il,UNKNOWN
GGLOC-06932,La Crosse,,Wi,UNKNOWN
GGLOC-06933,Waldwick,,Nj,UNKNOWN
GGLOC-06934,Cedar City,,Ut,UNKNOWN
GGLOC-06935,Lackland Afb,,Tx,UNKNOWN
GGLOC-06936,Tuskegee,,Al,UNKNOWN
GGLOC-06937,Van Nuys,,Ca,UNKNOWN
GGLOC-06938,Ondo Nigeria,,,UNKNOWN
GGLOC-06939,Rzeszow,,Poland,UNKNOWN
GGLOC-06940,Campus,,,UNKNOWN
GGLOC-06941,Waycross,,Ga,UNKNOWN
GGLOC-06942,Dalton,,Ga,UNKNOWN
GGLOC-06943,Tunis,,Tunisia,UNKNOWN
GGLOC-06944,Hartford,,Ct,UNKNOWN
GGLOC-06945,2009 To 2013,,,UNKNOWN
GGLOC-06946,Saint Peter,,Mn,UNKNOWN
GGLOC-06947,Muskegon,,Mi,UNKNOWN
GGLOC-06948,May 2012 To Present,,,UNKNOWN
GGLOC-06949,Forensic Sciences,,,UNKNOWN
GGLOC-06950,Cleveland State,,,UNKNOWN
GGLOC-06951,Norman,,Ok,UNKNOWN
GGLOC-06952,Darien,,Ct,UNKNOWN
GGLOC-06953,Danbury,,Ct,UNKNOWN
GGLOC-06954,Valencia,,Ca,UNKNOWN
GGLOC-06955,Middletown,,Va,UNKNOWN
GGLOC-06956,Lacey,,Wa,UNKNOWN
GGLOC-06957,Berryville,,Ar,UNKNOWN
GGLOC-06958,Fulton,,,UNKNOWN
GGLOC-06959,Cocoa,,Fl,UNKNOWN
GGLOC-06960,Forest Park,,Ga,UNKNOWN
GGLOC-06961,Fairborn,,Oh,UNKNOWN
GGLOC-06962,Appleton,,Wi,UNKNOWN
GGLOC-06963,Saint Louis Park,,Mn,UNKNOWN
GGLOC-06964,Guangzhou,,,UNKNOWN
GGLOC-06965,Prague,,,UNKNOWN
GGLOC-06966,Tetovo,,,UNKNOWN
GGLOC-06967,March 2016 To June 2016,,,UNKNOWN
GGLOC-06968,Computer Science Engineering,,,UNKNOWN
GGLOC-06969,Carrollton,,Ga,UNKNOWN
GGLOC-06970,Minnesota,,,UNKNOWN
GGLOC-06971,Las Colinas,,Tx,UNKNOWN
GGLOC-06972,Colorado Springs,,Co,UNKNOWN
GGLOC-06973,Denpasar,,,UNKNOWN
GGLOC-06974,Winona,,Mn,UNKNOWN
GGLOC-06975,Port-Au-Prince,,,UNKNOWN
GGLOC-06976,Enfield,,Ct,UNKNOWN
GGLOC-06977,2010 To 2012,,,UNKNOWN
GGLOC-06978,Calabar,,,UNKNOWN
GGLOC-06979,Abidjan,,Ci,UNKNOWN
GGLOC-06980,Broomall,,Pa,UNKNOWN
GGLOC-06981,Mehsana,,Gujarat,UNKNOWN
GGLOC-06982,Panjab,,,UNKNOWN
GGLOC-06983,Oak Ridge,,Tn,UNKNOWN
GGLOC-06984,Jefferson,,Us,UNKNOWN
GGLOC-06985,Boston,,Ma,UNKNOWN
GGLOC-06986,Damietta,,,UNKNOWN
GGLOC-06987,Yaounde Cameroon,,,UNKNOWN
GGLOC-06988,Natchitoches,,La,UNKNOWN
GGLOC-06989,Electrical & Communications,,,UNKNOWN
GGLOC-06990,1993 To 1997,,,UNKNOWN
GGLOC-06991,Cape Coral,,Fl,UNKNOWN
GGLOC-06992,Cairo,,Eg,UNKNOWN
GGLOC-06993,July 2005 To May 2009,,,UNKNOWN
GGLOC-06994,Buffalo - Buffalo,,Ny,UNKNOWN
GGLOC-06995,Palmyra,,Va,UNKNOWN
GGLOC-06996,Union City,,Ca,UNKNOWN
GGLOC-06997,Spearfish,,Sd,UNKNOWN
GGLOC-06998,Myrtle Beach,,Sc,UNKNOWN
GGLOC-06999,Fayette,,Mo,UNKNOWN
GGLOC-07000,Loretto,,Pa,UNKNOWN
GGLOC-07001,May 2011,,,UNKNOWN
GGLOC-07002,Davenport,,Ia,UNKNOWN
GGLOC-07003,Kakinada,,Andhra Pradesh,UNKNOWN
GGLOC-07004,Cuba,,,UNKNOWN
GGLOC-07005,Pristina (Kosovo),,,UNKNOWN
GGLOC-07006,Islamabad,,Pk,UNKNOWN
GGLOC-07007,Gent,,,UNKNOWN
GGLOC-07008,Kokomo,,In,UNKNOWN
GGLOC-07009,Seattle,,,UNKNOWN
GGLOC-07010,Saint Cloud,,Mn,UNKNOWN
GGLOC-07011,Goffstown,,Nh,UNKNOWN
GGLOC-07012,Voorhees,,Nj,UNKNOWN
GGLOC-07013,Port-Harcourt,,,UNKNOWN
GGLOC-07014,Madison,,Ms,UNKNOWN
GGLOC-07015,Chuncheon,,,UNKNOWN
GGLOC-07016,Milwaukee,,,UNKNOWN
GGLOC-07017,Grand Forks,,,UNKNOWN
GGLOC-07018,Mysore,,Karnataka,UNKNOWN
GGLOC-07019,Grand Rapids,,,UNKNOWN
GGLOC-07020,Emeryville,,Ca,UNKNOWN
GGLOC-07021,Oviedo - Oviedo,,Fl,UNKNOWN
GGLOC-07022,April 2007,,,UNKNOWN
GGLOC-07023,Jackson,,Mi,UNKNOWN
GGLOC-07024,West Hills,,Ca,UNKNOWN
GGLOC-07025,Electronics & Communication,,,UNKNOWN
GGLOC-07026,Upland,,Ca,UNKNOWN
GGLOC-07027,1997 To 1999,,,UNKNOWN
GGLOC-07028,Madison,,Oh,UNKNOWN
GGLOC-07029,Farmington,,Me,UNKNOWN
GGLOC-07030,Dominican Republic,,,UNKNOWN
GGLOC-07031,Dade City,,Fl,UNKNOWN
GGLOC-07032,Sylmar,,Ca,UNKNOWN
GGLOC-07033,Buena Park,,Ca,UNKNOWN
GGLOC-07034,Kharkov,,,UNKNOWN
GGLOC-07035,İstanbul,,,UNKNOWN
GGLOC-07036,Aleppo,,,UNKNOWN
GGLOC-07037,Monterey,,Ca,UNKNOWN
GGLOC-07038,Clermont-Ferrand,,,UNKNOWN
GGLOC-07039,Waynesboro,,Ga,UNKNOWN
GGLOC-07040,Manila,,Philippines,UNKNOWN
GGLOC-07041,Millburn,,Nj,UNKNOWN
GGLOC-07042,Port Clinton,,Oh,UNKNOWN
GGLOC-07043,Wabash,,In,UNKNOWN
GGLOC-07044,Wilberforce,,Oh,UNKNOWN
GGLOC-07045,Changanacheri,,Kerala,UNKNOWN
GGLOC-07046,Kenner,,La,UNKNOWN
GGLOC-07047,Shippensburg,,Pa,UNKNOWN
GGLOC-07048,May 2012,,,UNKNOWN
GGLOC-07049,Tübingen,,De,UNKNOWN
GGLOC-07050,Bensalem,,Pa,UNKNOWN
GGLOC-07051,Cape Coast,,Ghana,UNKNOWN
GGLOC-07052,Boca Raton,,Fl,UNKNOWN
GGLOC-07053,West Lafayette,,In,UNKNOWN
GGLOC-07054,Orem,,Ut,UNKNOWN
GGLOC-07055,Awka Anambra State,,,UNKNOWN
GGLOC-07056,Ponce,,Pr,UNKNOWN
GGLOC-07057,Newport,,Ky,UNKNOWN
GGLOC-07058,Hanoi,,Vn,UNKNOWN
GGLOC-07059,July 2014,,,UNKNOWN
GGLOC-07060,East Bay,,Ca,UNKNOWN
GGLOC-07061,Mission Hills,,Ca,UNKNOWN
GGLOC-07062,Il,,,UNKNOWN
GGLOC-07063,City Of Sunrise,,Fl,UNKNOWN
GGLOC-07064,Bachelor 1997,,,UNKNOWN
GGLOC-07065,Morelia,,Mich.,UNKNOWN
GGLOC-07066,Philadelphia,,,UNKNOWN
GGLOC-07067,Bluffton,,Oh,UNKNOWN
GGLOC-07068,Socorro,,Nm,UNKNOWN
GGLOC-07069,New Waverly,,Tx,UNKNOWN
GGLOC-07070,Kingston,,,UNKNOWN
GGLOC-07071,Orrville,,Oh,UNKNOWN
GGLOC-07072,Mildenhall,,,UNKNOWN
GGLOC-07073,Waxahachie,,Tx,UNKNOWN
GGLOC-07074,Roswell,,Ga,UNKNOWN
GGLOC-07075,Centerville,,In,UNKNOWN
GGLOC-07076,Walnut Cove,,Nc,UNKNOWN
GGLOC-07077,Minsk,,,UNKNOWN
GGLOC-07078,Amarillo,,Tx,UNKNOWN
GGLOC-07079,Imperial,,Ca,UNKNOWN
GGLOC-07080,Oxon Hill,,Md,UNKNOWN
GGLOC-07081,Essex,,Vt,UNKNOWN
GGLOC-07082,Gujranwala,,Pk,UNKNOWN
GGLOC-07083,Lewiston,,Me,UNKNOWN
GGLOC-07084,Minnetonka,,Mn,UNKNOWN
GGLOC-07085,Manipal,,,UNKNOWN
GGLOC-07086,Switzerland,,,UNKNOWN
GGLOC-07087,Bethany,,Wv,UNKNOWN
GGLOC-07088,Orono,,Me,UNKNOWN
GGLOC-07089,Union City,,Ga,UNKNOWN
GGLOC-07090,Tempe,,Az,UNKNOWN
GGLOC-07091,Dallas-Fort Worth,,Tx,UNKNOWN
GGLOC-07092,September 2012 To May 2016,,,UNKNOWN
GGLOC-07093,Hamilton,,Mi,UNKNOWN
GGLOC-07094,Texas,,Usa,UNKNOWN
GGLOC-07095,Jonesboro,,Ga,UNKNOWN
GGLOC-07096,São Paulo,,Br,UNKNOWN
GGLOC-07097,West Covina,,Ca,UNKNOWN
GGLOC-07098,East Hartford,,Ct,UNKNOWN
GGLOC-07099,Hartford,,Nb,UNKNOWN
GGLOC-07100,Johnson,,Vt,UNKNOWN
GGLOC-07101,Northlake College,,,UNKNOWN
GGLOC-07102,Farmville,,,UNKNOWN
GGLOC-07103,Stony Brook,,Ny,UNKNOWN
GGLOC-07104,South Florida,,,UNKNOWN
GGLOC-07105,Covington,,Ga,UNKNOWN
GGLOC-07106,Staten Island,,Ny,UNKNOWN
GGLOC-07107,California,,Usa,UNKNOWN
GGLOC-07108,Brentwood,,Ny,UNKNOWN
GGLOC-07109,Blagoevgrad,,Bulgaria,UNKNOWN
GGLOC-07110,Kharkiv,,,UNKNOWN
GGLOC-07111,Madhya Pradesh,,In,UNKNOWN
GGLOC-07112,Redlands,,Ca,UNKNOWN
GGLOC-07113,Vestal,,,UNKNOWN
GGLOC-07114,Bahir Dar,,Ethiopia,UNKNOWN
GGLOC-07115,San Cristobal,,Nm,UNKNOWN
GGLOC-07116,Dublin,,,UNKNOWN
GGLOC-07117,Gurabo,,Pr,UNKNOWN
GGLOC-07118,Information Technologies,,,UNKNOWN
GGLOC-07119,Amsterdam,,,UNKNOWN
GGLOC-07120,Warangal,,In,UNKNOWN
GGLOC-07121,Aynor,,Sc,UNKNOWN
GGLOC-07122,Chantilly,,Va,UNKNOWN
GGLOC-07123,Selinsgrove,,Pa,UNKNOWN
GGLOC-07124,Enterprise,,Al,UNKNOWN
GGLOC-07125,Post,,,UNKNOWN
GGLOC-07126,Belarus,,Minsk,UNKNOWN
GGLOC-07127,Ado Ekiti,,,UNKNOWN
GGLOC-07128,Leon,,,UNKNOWN
GGLOC-07129,Suez,,,UNKNOWN
GGLOC-07130,Jinan,,,UNKNOWN
GGLOC-07131,Canfield,,Oh,UNKNOWN
GGLOC-07132,Lagos,,Es,UNKNOWN
GGLOC-07133,Fontana,,Ca,UNKNOWN
GGLOC-07134,Grass Valley,,Ca,UNKNOWN
GGLOC-07135,Piqua,,Oh,UNKNOWN
GGLOC-07136,Plymouth Meeting,,Pa,UNKNOWN
GGLOC-07137,Cali,,Valle,UNKNOWN
GGLOC-07138,Wisconsin,,,UNKNOWN
GGLOC-07139,Glenville,,Wv,UNKNOWN
GGLOC-07140,La Habra,,Ca,UNKNOWN
GGLOC-07141,Wells,,Me,UNKNOWN
GGLOC-07142,Louisville,,Oh,UNKNOWN
GGLOC-07143,St. Petersburg,,Fl,UNKNOWN
GGLOC-07144,Clayton State University,,,UNKNOWN
GGLOC-07145,1977,,,UNKNOWN
GGLOC-07146,Information Technology,,,UNKNOWN
GGLOC-07147,Oakdale,,Ny,UNKNOWN
GGLOC-07148,Norcross,,Ga,UNKNOWN
GGLOC-07149,Murray,,Ky,UNKNOWN
GGLOC-07150,Millen,,Ga,UNKNOWN
GGLOC-07151,Swarthmore,,Pa,UNKNOWN
GGLOC-07152,Hesston,,Ks,UNKNOWN
GGLOC-07153,Har Megiddo,,Israel,UNKNOWN
GGLOC-07154,Aguascalientes,,,UNKNOWN
GGLOC-07155,Winnemucca,,Nv,UNKNOWN
GGLOC-07156,Maumelle,,Ar,UNKNOWN
GGLOC-07157,Laramie,,Wy,UNKNOWN
GGLOC-07158,2013,,,UNKNOWN
GGLOC-07159,Atchison,,Ks,UNKNOWN
GGLOC-07160,Deridder,,La,UNKNOWN
GGLOC-07161,Dhar El Mahraz University,,,UNKNOWN
GGLOC-07162,May 2009,,,UNKNOWN
GGLOC-07163,George Washington University,,,UNKNOWN
GGLOC-07164,Alfred,,Ny,UNKNOWN
GGLOC-07165,Ndp Technology Of Science,,,UNKNOWN
GGLOC-07166,Rio Rancho,,Nm,UNKNOWN
GGLOC-07167,Cotonou,,,UNKNOWN
GGLOC-07168,Lompoc,,Ca,UNKNOWN
GGLOC-07169,Moapa Valley,,Nv,UNKNOWN
GGLOC-07170,Vellore,,In,UNKNOWN
GGLOC-07171,Board Of Secondary,,,UNKNOWN
GGLOC-07172,Sylhet,,Bangaldesh,UNKNOWN
GGLOC-07173,Buea,,Cameroon,UNKNOWN
GGLOC-07174,Prescott Valley,,Az,UNKNOWN
GGLOC-07175,Monaca,,Pa,UNKNOWN
GGLOC-07176,Farmville,,Va,UNKNOWN
GGLOC-07177,Ellicott City,,Md,UNKNOWN
GGLOC-07178,Oshawa,,On,UNKNOWN
GGLOC-07179,Beirut,,,UNKNOWN
GGLOC-07180,October 2010,,,UNKNOWN
GGLOC-07181,Highland Falls,,Ny,UNKNOWN
GGLOC-07182,Thanjavur,,Tamil Nadu,UNKNOWN
GGLOC-07183,Diamond Bar,,Ca,UNKNOWN
GGLOC-07184,Canyon,,Tx,UNKNOWN
GGLOC-07185,Bogota,,Cundinamarca,UNKNOWN
GGLOC-07186,Prattville,,Al,UNKNOWN
GGLOC-07187,Taiyuan,,Cn,UNKNOWN
GGLOC-07188,York,,Pa,UNKNOWN
GGLOC-07189,Newport News,,Va,UNKNOWN
GGLOC-07190,Park Rapids,,Co,UNKNOWN
GGLOC-07191,Arlington Heights,,Il,UNKNOWN
GGLOC-07192,Tamil Nadu,,In,UNKNOWN
GGLOC-07193,Londonderry,,Nh,UNKNOWN
GGLOC-07194,Dix Hills,,Ny,UNKNOWN
GGLOC-07195,Uttar Pradesh,,In,UNKNOWN
GGLOC-07196,Vitebsk,,Belarus,UNKNOWN
GGLOC-07197,Economy,,Pa,UNKNOWN
GGLOC-07198,Levittown,,Ny,UNKNOWN
GGLOC-07199,Dschang,,,UNKNOWN
GGLOC-07200,Lake Mary,,Fl,UNKNOWN
GGLOC-07201,A??,,,UNKNOWN
GGLOC-07202,Angamaly,,India,UNKNOWN
GGLOC-07203,Hyd,,,UNKNOWN
GGLOC-07204,Lagos,,Nigeria,UNKNOWN
GGLOC-07205,Walnut,,Ca,UNKNOWN
GGLOC-07206,August 2009 To May 2013,,,UNKNOWN
GGLOC-07207,Oakland,,Or,UNKNOWN
GGLOC-07208,Glendale,,Ca,UNKNOWN
GGLOC-07209,Weymouth,,Ma,UNKNOWN
GGLOC-07210,Owerri,,Im,UNKNOWN
GGLOC-07211,Belgrade,,Rs,UNKNOWN
GGLOC-07212,Bossier City,,La,UNKNOWN
GGLOC-07213,Hillsdale,,Mi,UNKNOWN
GGLOC-07214,Rodez,,Fr,UNKNOWN
GGLOC-07215,June 2013,,,UNKNOWN
GGLOC-07216,Tarentum,,Pa,UNKNOWN
GGLOC-07217,Medford,,Or,UNKNOWN
GGLOC-07218,Clinton Township,,Mi,UNKNOWN
GGLOC-07219,May 1990,,,UNKNOWN
GGLOC-07220,Bethlehem,,Pa,UNKNOWN
GGLOC-07221,Yarmouk University Model School,,,UNKNOWN
GGLOC-07222,Bangladesh,,,UNKNOWN
GGLOC-07223,Howland,,Me,UNKNOWN
GGLOC-07224,Brownsville,,,UNKNOWN
GGLOC-07225,Hoover,,Al,UNKNOWN
GGLOC-07226,Vladimir,,,UNKNOWN
GGLOC-07227,Cuba,,Mo,UNKNOWN
GGLOC-07228,Culver,,In,UNKNOWN
GGLOC-07229,Moscow,,Ru,UNKNOWN
GGLOC-07230,Cuba,,La,UNKNOWN
GGLOC-07231,Centereach,,Ny,UNKNOWN
GGLOC-07232,Storm Lake,,Ia,UNKNOWN
GGLOC-07233,Software Engineering,,,UNKNOWN
GGLOC-07234,Moon,,Pa,UNKNOWN
GGLOC-07235,Shreveport,,,UNKNOWN
GGLOC-07236,Weatherford,,Ok,UNKNOWN
GGLOC-07237,Madison,,Wi,UNKNOWN
GGLOC-07238,Ash Flat,,Ar,UNKNOWN
GGLOC-07239,Ciego De Ávila,,Cuba,UNKNOWN
GGLOC-07240,Ponemah,,Mn,UNKNOWN
GGLOC-07241,Adelphi - Adelphi,,Md,UNKNOWN
GGLOC-07242,May 2007,,,UNKNOWN
GGLOC-07243,Savannah,,Ga,UNKNOWN
GGLOC-07244,Md,,,UNKNOWN
GGLOC-07245,Kigali,,,UNKNOWN
GGLOC-07246,Rivers State Polytechnic Bori,,,UNKNOWN
GGLOC-07247,Grenoble,,Pa,UNKNOWN
GGLOC-07248,Kerala,,,UNKNOWN
GGLOC-07249,Holland,,Mi,UNKNOWN
GGLOC-07250,Wheatfield,,In,UNKNOWN
GGLOC-07251,Decatur,,Il,UNKNOWN
GGLOC-07252,Morgan State University,,,UNKNOWN
GGLOC-07253,Ho Chi Minh,,Vn,UNKNOWN
GGLOC-07254,Elizabethton High School 1993,,,UNKNOWN
GGLOC-07255,Richmond,,Tx,UNKNOWN
GGLOC-07256,Tezpur,,Assam,UNKNOWN
GGLOC-07257,Cluj-Napoca,,,UNKNOWN
GGLOC-07258,Edison,,,UNKNOWN
GGLOC-07259,Warner Robins,,Ga,UNKNOWN
GGLOC-07260,June 2010 To June 2014,,,UNKNOWN
GGLOC-07261,Burlington,,Ks,UNKNOWN
GGLOC-07262,Milledgeville,,Ga,UNKNOWN
GGLOC-07263,Ghana,,,UNKNOWN
GGLOC-07264,Yonkers,,Ny,UNKNOWN
GGLOC-07265,May 2019,,,UNKNOWN
GGLOC-07266,Glen Elyn,,,UNKNOWN
GGLOC-07267,Brighton,,Co,UNKNOWN
GGLOC-07268,June 2008,,,UNKNOWN
GGLOC-07269,Belfast,,,UNKNOWN
GGLOC-07270,Kutztown,,Pa,UNKNOWN
GGLOC-07271,Typically,,,UNKNOWN
GGLOC-07272,Ashby,,Mn,UNKNOWN
GGLOC-07273,Normal,,Al,UNKNOWN
GGLOC-07274,Fort Lauderdale,,Fl,UNKNOWN
GGLOC-07275,Albuquerque,,Nm,UNKNOWN
GGLOC-07276,Fairfield,,Ct,UNKNOWN
GGLOC-07277,Valencia,,,UNKNOWN
GGLOC-07278,May 2017,,,UNKNOWN
GGLOC-07279,Ardmore,,Pa,UNKNOWN
GGLOC-07280,Framingham,,Ma,UNKNOWN
GGLOC-07281,Morehead,,Ky,UNKNOWN
GGLOC-07282,2013 To 2015,,,UNKNOWN
GGLOC-07283,Sumner,,Wa,UNKNOWN
GGLOC-07284,Jackson,,Tn,UNKNOWN
GGLOC-07285,Temple,,Tx,UNKNOWN
GGLOC-07286,Edison,,Nj,UNKNOWN
GGLOC-07287,Ocala,,Fl,UNKNOWN
GGLOC-07288,Moscow,,Russia,UNKNOWN
GGLOC-07289,Norristown,,Pa,UNKNOWN
GGLOC-07290,Storrs Mansfield,,Ct,UNKNOWN
GGLOC-07291,Durant,,Ok,UNKNOWN
GGLOC-07292,Ontario,,Ca,UNKNOWN
GGLOC-07293,Newburgh,,In,UNKNOWN
GGLOC-07294,Clovis,,Nm,UNKNOWN
GGLOC-07295,Phoenix,,Arizona,UNKNOWN
GGLOC-07296,San Marcos,,Ca,UNKNOWN
GGLOC-07297,Puyallup,,Wa,UNKNOWN
GGLOC-07298,Orange,,Ma,UNKNOWN
GGLOC-07299,Pittsburgh,,Pa,UNKNOWN
GGLOC-07300,Fountain Valley,,Ca,UNKNOWN
GGLOC-07301,Sunshine,,La,UNKNOWN
GGLOC-07302,Anchorage,,Ak,UNKNOWN
GGLOC-07303,Akungba,,,UNKNOWN
GGLOC-07304,College Station,,Tx,UNKNOWN
GGLOC-07305,Newcastle,,,UNKNOWN
GGLOC-07306,Rome,,Ny,UNKNOWN
GGLOC-07307,Holyoke,,Ma,UNKNOWN
GGLOC-07308,Media,,Pa,UNKNOWN
GGLOC-07309,Naples,,Fl,UNKNOWN
GGLOC-07310,Waterbury,,Ct,UNKNOWN
GGLOC-07311,Summit,,Nj,UNKNOWN
GGLOC-07312,Pocahontas,,Ar,UNKNOWN
GGLOC-07313,2012 To 2013,,,UNKNOWN
GGLOC-07314,Portland,,Or,UNKNOWN
GGLOC-07315,Turin,,It,UNKNOWN
GGLOC-07316,Bradenton,,Fl,UNKNOWN
GGLOC-07317,Melville,,Ny,UNKNOWN
GGLOC-07318,Brownsville,,Tx,UNKNOWN
GGLOC-07319,Ulsan,,South Korea,UNKNOWN
GGLOC-07320,General Beaver River Central School,,,UNKNOWN
GGLOC-07321,Fairfax,,,UNKNOWN
GGLOC-07322,Goodman,,Ms,UNKNOWN
GGLOC-07323,West Des Moines,,Ia,UNKNOWN
GGLOC-07324,Wichita,,Ks,UNKNOWN
GGLOC-07325,Kerala Chemmad,,,UNKNOWN
GGLOC-07326,Dearborn,,Mi,UNKNOWN
GGLOC-07327,Arleta,,Ca,UNKNOWN
GGLOC-07328,Grand Junction,,Co,UNKNOWN
GGLOC-07329,Mysuru,,Karnataka,UNKNOWN
GGLOC-07330,Buffalo,,Ny,UNKNOWN
GGLOC-07331,Bowling Green,,Oh,UNKNOWN
GGLOC-07332,Us Army,,,UNKNOWN
GGLOC-07333,Nuzvid,,Andhra Pradesh,UNKNOWN
GGLOC-07334,Taipei,,,UNKNOWN
GGLOC-07335,Fountain,,Co,UNKNOWN
GGLOC-07336,Andhra Pradesh,,In,UNKNOWN
GGLOC-07337,Silver Spring,,Md,UNKNOWN
GGLOC-07338,Jashore,,,UNKNOWN
GGLOC-07339,Dire Dawa,,,UNKNOWN
GGLOC-07340,Ilaro,,,UNKNOWN
GGLOC-07341,Littleton,,Co,UNKNOWN
GGLOC-07342,Teaneck,,Nj,UNKNOWN
GGLOC-07343,Queens,,,UNKNOWN
GGLOC-07344,Bhatkal,,Karnataka,UNKNOWN
GGLOC-07345,New Port Richey,,Fl,UNKNOWN
GGLOC-07346,Cuyahoga Falls,,Oh,UNKNOWN
GGLOC-07347,Fort Gay,,Wv,UNKNOWN
GGLOC-07348,New Britain,,Pa,UNKNOWN
GGLOC-07349,Waltham,,Ma,UNKNOWN
GGLOC-07350,Ephrata,,Pa,UNKNOWN
GGLOC-07351,Ondo,,,UNKNOWN
GGLOC-07352,Adelphi,,Md,UNKNOWN
GGLOC-07353,World Wide,,,UNKNOWN
GGLOC-07354,Menasha,,Wi,UNKNOWN
GGLOC-07355,Jeffersonville,,In,UNKNOWN
GGLOC-07356,Richmond Va,,,UNKNOWN
GGLOC-07357,Brecksville,,Oh,UNKNOWN
GGLOC-07358,Morrow,,Ga,UNKNOWN
GGLOC-07359,Maize,,Ks,UNKNOWN
GGLOC-07360,Ruskin,,Fl,UNKNOWN
GGLOC-07361,Newport,,Or,UNKNOWN
GGLOC-07362,Kent,,Wa,UNKNOWN
GGLOC-07363,Cranfield,,,UNKNOWN
GGLOC-07364,Canastota,,Ny,UNKNOWN
GGLOC-07365,Valdosta,,Ga,UNKNOWN
GGLOC-07366,North Charleston,,Sc,UNKNOWN
GGLOC-07367,El Paso,,Texas,UNKNOWN
GGLOC-07368,Sandy Springs,,Ga,UNKNOWN
GGLOC-07369,Afghanistan,,,UNKNOWN
GGLOC-07370,January 2004,,,UNKNOWN
GGLOC-07371,Township Of Moon,,Pa,UNKNOWN
GGLOC-07372,Fort Leavenworth,,Ks,UNKNOWN
GGLOC-07373,City,,,UNKNOWN
GGLOC-07374,Perimeter,,Us,UNKNOWN
GGLOC-07375,Thornton,,Co,UNKNOWN
GGLOC-07376,Camden,,Sc,UNKNOWN
GGLOC-07377,Madrid,,,UNKNOWN
GGLOC-07378,Landover,,Md,UNKNOWN
GGLOC-07379,Newark,,Oh,UNKNOWN
GGLOC-07380,Grodno,,,UNKNOWN
GGLOC-07381,Raurkela,,Orissa,UNKNOWN
GGLOC-07382,University Park,,Pa,UNKNOWN
GGLOC-07383,Coventry,,United Kingdom,UNKNOWN
GGLOC-07384,Hilo,,Hi,UNKNOWN
GGLOC-07385,Rohtak,,Haryana,UNKNOWN
GGLOC-07386,Puebla,,Pue.,UNKNOWN
GGLOC-07387,Lisle,,Il,UNKNOWN
GGLOC-07388,North Mankato,,Mn,UNKNOWN
GGLOC-07389,Vishakapatnam,,Andhra Pradesh,UNKNOWN
GGLOC-07390,New Brunswick,,,UNKNOWN
GGLOC-07391,N Charleston,,Sc,UNKNOWN
GGLOC-07392,Kalama,,Wa,UNKNOWN
GGLOC-07393,Edinburgh,,City Of Edinburgh,UNKNOWN
GGLOC-07394,Poland,,Eu,UNKNOWN
GGLOC-07395,Madeira,,Ohio,UNKNOWN
GGLOC-07396,South Carolina,,,UNKNOWN
GGLOC-07397,Reynosa Tamaulipas Mexico,,,UNKNOWN
GGLOC-07398,May 2018 To December 2019,,,UNKNOWN
GGLOC-07399,Boltos Institute,,,UNKNOWN
GGLOC-07400,Israel,,,UNKNOWN
GGLOC-07401,Kumasi,,Ashanti,UNKNOWN
GGLOC-07402,Ravenna,,Oh,UNKNOWN
GGLOC-07403,Columbia,,Md,UNKNOWN
GGLOC-07404,Berlin,,De,UNKNOWN
GGLOC-07405,Ocean Springs,,Ms,UNKNOWN
GGLOC-07406,Saint Petersburg,,Ru,UNKNOWN
GGLOC-07407,Rawalpindi,,Pk,UNKNOWN
GGLOC-07408,Ut,,,UNKNOWN
GGLOC-07409,Burlington,,Ma,UNKNOWN
GGLOC-07410,Indiana,,Pa,UNKNOWN
GGLOC-07411,Dyersburg,,Tn,UNKNOWN
GGLOC-07412,Picayune,,Ms,UNKNOWN
GGLOC-07413,Tuckerton,,Nj,UNKNOWN
GGLOC-07414,Alexandria,,Mn,UNKNOWN
GGLOC-07415,Hudson,,Wi,UNKNOWN
GGLOC-07416,Łódź,,Łódzkie,UNKNOWN
GGLOC-07417,Winchester,,Va,UNKNOWN
GGLOC-07418,Baku,,,UNKNOWN
GGLOC-07419,Tokyo,,Jp,UNKNOWN
GGLOC-07420,Criminal Justice,,,UNKNOWN
GGLOC-07421,Emmitsburg,,Md,UNKNOWN
GGLOC-07422,Honesdale,,Pa,UNKNOWN
GGLOC-07423,Geography Department,,,UNKNOWN
GGLOC-07424,Havelock,,Nc,UNKNOWN
GGLOC-07425,Pewaukee,,Wi,UNKNOWN
GGLOC-07426,Winneba,,,UNKNOWN
GGLOC-07427,Lawrence,,Ks,UNKNOWN
GGLOC-07428,Williamsport,,Pa,UNKNOWN
GGLOC-07429,Whittier,,Ca,UNKNOWN
GGLOC-07430,2005,,,UNKNOWN
GGLOC-07431,June 2015,,,UNKNOWN
GGLOC-07432,Dudley,,Ma,UNKNOWN
GGLOC-07433,August 2004 To May 2005,,,UNKNOWN
GGLOC-07434,Haverhill,,Ma,UNKNOWN
GGLOC-07435,Nanjing,,Cn September 2009 To June 2013,UNKNOWN
GGLOC-07436,Niceville,,Fl,UNKNOWN
GGLOC-07437,Mesa,,Az,UNKNOWN
GGLOC-07438,Abbottabad,,Pk,UNKNOWN
GGLOC-07439,Darien,,Ga,UNKNOWN
GGLOC-07440,May,,Mo,UNKNOWN
GGLOC-07441,Pretoria,,Ga,UNKNOWN
GGLOC-07442,Monticello,,Ar,UNKNOWN
GGLOC-07443,Dc,,,UNKNOWN
GGLOC-07444,Kearney,,Ne,UNKNOWN
GGLOC-07445,Hertfordshire,,,UNKNOWN
GGLOC-07446,Houghton,,Mi,UNKNOWN
GGLOC-07447,Monroe,,Nc,UNKNOWN
GGLOC-07448,Wayne,,Pa,UNKNOWN
GGLOC-07449,Middletown,,Pa,UNKNOWN
GGLOC-07450,Stevenson University,,,UNKNOWN
GGLOC-07451,Houston,,Tx,UNKNOWN
GGLOC-07452,June 2014,,,UNKNOWN
GGLOC-07453,Homestead,,Fl,UNKNOWN
GGLOC-07454,Valley,,Us,UNKNOWN
GGLOC-07455,Kurukshetra,,In,UNKNOWN
GGLOC-07456,Buea,,,UNKNOWN
GGLOC-07457,May 2013,,,UNKNOWN
GGLOC-07458,Modesto,,Ca,UNKNOWN
GGLOC-07459,Manila,,Ar,UNKNOWN
GGLOC-07460,Sierra Leone,,,UNKNOWN
GGLOC-07461,University Of Nebraska - Lincoln,,Ne,UNKNOWN
GGLOC-07462,Bhimavaram,,Andhra Pradesh,UNKNOWN
GGLOC-07463,Coral Gables,,Fl,UNKNOWN
GGLOC-07464,Lisbon,,Pt,UNKNOWN
GGLOC-07465,Nanchang,,Cn,UNKNOWN
GGLOC-07466,La Plata,,Md,UNKNOWN
GGLOC-07467,Konya,,,UNKNOWN
GGLOC-07468,La Jolla,,Ca,UNKNOWN
GGLOC-07469,Istanbul,,Tr,UNKNOWN
GGLOC-07470,Oceanside,,Ca,UNKNOWN
GGLOC-07471,North Carolina,,,UNKNOWN
GGLOC-07472,Ekiti,,,UNKNOWN
GGLOC-07473,Gaya,,Bihar,UNKNOWN
GGLOC-07474,Toms River,,Nj,UNKNOWN
GGLOC-07475,Seaside,,,UNKNOWN
GGLOC-07476,Sarasota,,Fl,UNKNOWN
GGLOC-07477,Evansville,,Wi,UNKNOWN
GGLOC-07478,Santa Clarita,,Ca,UNKNOWN
GGLOC-07479,Lugansk,,Ua,UNKNOWN
GGLOC-07480,Auburn Hills,,Mi,UNKNOWN
GGLOC-07481,Gothenburg,,,UNKNOWN
GGLOC-07482,Lancaster University,,,UNKNOWN
GGLOC-07483,Pearland,,Tx,UNKNOWN
GGLOC-07484,Vellore,,Tamil Nadu,UNKNOWN
GGLOC-07485,Asheville,,Nc,UNKNOWN
GGLOC-07486,Wiggins,,Ms,UNKNOWN
GGLOC-07487,Lancaster,,Ca,UNKNOWN
GGLOC-07488,Chicago,,Illinois,UNKNOWN
GGLOC-07489,Ocean City,,Nj,UNKNOWN
GGLOC-07490,Dhaka,,Bangladesh,UNKNOWN
GGLOC-07491,Mechanicsburg,,Pa,UNKNOWN
GGLOC-07492,Example City,,State,UNKNOWN
GGLOC-07493,Joliet,,Il,UNKNOWN
GGLOC-07494,Bremerton,,Wa,UNKNOWN
GGLOC-07495,Fall River,,Ma,UNKNOWN
GGLOC-07496,Mérida,,Mérida,UNKNOWN
GGLOC-07497,Big Rapids,,Mi,UNKNOWN
GGLOC-07498,Williamsburg,,Va,UNKNOWN
GGLOC-07499,Olney,,Il,UNKNOWN
GGLOC-07500,Vidyanagar University,,Andhra Pradesh,UNKNOWN
GGLOC-07501,Providence,,Ri,UNKNOWN
GGLOC-07502,Miami Shores,,Fl,UNKNOWN
GGLOC-07503,Hooksett,,Nh,UNKNOWN
GGLOC-07504,Detroit,,Mi,UNKNOWN
GGLOC-07505,Brookville,,Ny,UNKNOWN
GGLOC-07506,Paris,,Fr,UNKNOWN
GGLOC-07507,Texas City,,Tx,UNKNOWN
GGLOC-07508,Wamego,,Ks,UNKNOWN
GGLOC-07509,Kent,,Oh,UNKNOWN
GGLOC-07510,Warangal,,Telangana,UNKNOWN
GGLOC-07511,Guaynabo,,Pr,UNKNOWN
GGLOC-07512,Chelyabinsk,,,UNKNOWN
GGLOC-07513,Langston,,Ok,UNKNOWN
GGLOC-07514,Visakhapatnam,,Andhra Pradesh,UNKNOWN
GGLOC-07515,Lenox,,Ma,UNKNOWN
GGLOC-07516,Anantapur,,In,UNKNOWN
GGLOC-07517,Boise,,Id,UNKNOWN
GGLOC-07518,Katonah,,Ny,UNKNOWN
GGLOC-07519,Rockford,,,UNKNOWN
GGLOC-07520,???,,,UNKNOWN
GGLOC-07521,Newton,,Nj,UNKNOWN
GGLOC-07522,Corpus Christi,,Tx,UNKNOWN
GGLOC-07523,Elgin,,Il,UNKNOWN
GGLOC-07524,Bouake,,,UNKNOWN
GGLOC-07525,Ridge,,Ny,UNKNOWN
GGLOC-07526,Denver,,Co,UNKNOWN
GGLOC-07527,Cape Girardeau,,Mo,UNKNOWN
GGLOC-07528,Fort Jackson,,Sc,UNKNOWN
GGLOC-07529,Texarkana,,Tx,UNKNOWN
GGLOC-07530,Brighton,,,UNKNOWN
GGLOC-07531,Oxnard,,Ca,UNKNOWN
GGLOC-07532,Columbia Heights,,Mn,UNKNOWN
GGLOC-07533,Braintree,,Ma,UNKNOWN
GGLOC-07534,Oakbrook Terrace,,Il,UNKNOWN
GGLOC-07535,Goose Creek,,Sc,UNKNOWN
GGLOC-07536,Puttur,,Karnataka,UNKNOWN
GGLOC-07537,Enugu State,,,UNKNOWN
GGLOC-07538,Barranquitas,,Pr,UNKNOWN
GGLOC-07539,Alexandria,,Pa,UNKNOWN
GGLOC-07540,Wi,,,UNKNOWN
GGLOC-07541,Auxerre (89),,,UNKNOWN
GGLOC-07542,Parker,,Co,UNKNOWN
GGLOC-07543,Reedley,,Ca,UNKNOWN
GGLOC-07544,Herat,,Afghanistan,UNKNOWN
GGLOC-07545,Aichi,,Japan,UNKNOWN
GGLOC-07546,Independence,,Mo,UNKNOWN
GGLOC-07547,Darjiling,,West Bengal,UNKNOWN
GGLOC-07548,Helena,,Mt,UNKNOWN
GGLOC-07549,Katy,,Tx,UNKNOWN
GGLOC-07550,Sri Lanka,,,UNKNOWN
GGLOC-07551,Ostrava,,,UNKNOWN
GGLOC-07552,Reading,,Pa,UNKNOWN
GGLOC-07553,Urbandale,,Ia,UNKNOWN
GGLOC-07554,Saint Charles,,Mo,UNKNOWN
GGLOC-07555,Santa Rosa,,Ca,UNKNOWN
GGLOC-07556,Greensboro,,Nc,UNKNOWN
GGLOC-07557,Sialkot,,Pk,UNKNOWN
GGLOC-07558,Cambridge,,Ma,UNKNOWN
GGLOC-07559,Jntu,,,UNKNOWN
GGLOC-07560,Stavanger,,,UNKNOWN
GGLOC-07561,San Salvador,,,UNKNOWN
GGLOC-07562,Puerto Rico,,,UNKNOWN
GGLOC-07563,Puducherry,,Puducherry,UNKNOWN
GGLOC-07564,Middlesboro,,Ky,UNKNOWN
GGLOC-07565,Rexburg,,Id,UNKNOWN
GGLOC-07566,Fresno,,Ca,UNKNOWN
GGLOC-07567,Anand,,In,UNKNOWN
GGLOC-07568,Cols Ohio,,,UNKNOWN
GGLOC-07569,Paris,,,UNKNOWN
GGLOC-07570,Mammoth Cave,,Ky,UNKNOWN
GGLOC-07571,Nc,,,UNKNOWN
GGLOC-07572,Blacksburg,,Va,UNKNOWN
GGLOC-07573,Yaounde,,,UNKNOWN
GGLOC-07574,Mons,,,UNKNOWN
GGLOC-07575,May 1995,,,UNKNOWN
GGLOC-07576,Oneonta,,Ny,UNKNOWN
GGLOC-07577,Nashua,,Nh,UNKNOWN
GGLOC-07578,San Diego Naval Station,,Ca,UNKNOWN
GGLOC-07579,San Jose,,,UNKNOWN
GGLOC-07580,Dendron,,Va,UNKNOWN
GGLOC-07581,Klamath Falls,,Or,UNKNOWN
GGLOC-07582,Longmont,,Co,UNKNOWN
GGLOC-07583,Morocco,,,UNKNOWN
GGLOC-07584,1988 To 1993,,,UNKNOWN
GGLOC-07585,Harrison,,Ny,UNKNOWN
GGLOC-07586,Findlay,,Oh,UNKNOWN
GGLOC-07587,Cedar Falls,,Ia,UNKNOWN
GGLOC-07588,Palm Desert,,Ca,UNKNOWN
GGLOC-07589,Colombo,,,UNKNOWN
GGLOC-07590,Lakewood,,Wa,UNKNOWN
GGLOC-07591,Gunter Afb,,Al,UNKNOWN
GGLOC-07592,May 2003,,,UNKNOWN
GGLOC-07593,Buenos Aires,,Ar,UNKNOWN
GGLOC-07594,Arlington,,Va,UNKNOWN
GGLOC-07595,Mc Farland,,Wi,UNKNOWN
GGLOC-07596,Ottumwa,,Ia,UNKNOWN
GGLOC-07597,Marawoy,,Lipa City,UNKNOWN
GGLOC-07598,Bhopal,,Madhya Pradesh,UNKNOWN
GGLOC-07599,Electrical And Electronics Engineering,,,UNKNOWN
GGLOC-07600,Gainesville,,Fl,UNKNOWN
GGLOC-07601,Lebanon,,Il,UNKNOWN
GGLOC-07602,Dublin,,Oh,UNKNOWN
GGLOC-07603,Tirunelveli,,Tamil Nadu,UNKNOWN
GGLOC-07604,Orlando,,,UNKNOWN
GGLOC-07605,Lubbock - Tech,,Us,UNKNOWN
GGLOC-07606,Angola,,,UNKNOWN
GGLOC-07607,Leonardtown,,Md,UNKNOWN
GGLOC-07608,Aldelphi,,Md,UNKNOWN
GGLOC-07609,Crystal City,,Va,UNKNOWN
GGLOC-07610,Jeddah,,,UNKNOWN
GGLOC-07611,Madison,,Sd,UNKNOWN
GGLOC-07612,August 2002 To May 2004,,,UNKNOWN
GGLOC-07613,Decatur,,Ga,UNKNOWN
GGLOC-07614,Weldon,,Nc,UNKNOWN
GGLOC-07615,Higher Secondary Education Board,,,UNKNOWN
GGLOC-07616,Skokie,,Il,UNKNOWN
GGLOC-07617,Sweden - Houston,,Tx,UNKNOWN
GGLOC-07618,Stratham,,Nh,UNKNOWN
GGLOC-07619,Lebanon,,Oh,UNKNOWN
GGLOC-07620,Wadesboro,,Nc,UNKNOWN
GGLOC-07621,Edmond,,Ok,UNKNOWN
GGLOC-07622,Eluru,,Andhra Pradesh,UNKNOWN
GGLOC-07623,Southbury,,Ct,UNKNOWN
GGLOC-07624,Hanahan,,Sc,UNKNOWN
GGLOC-07625,Accra,,Ghana,UNKNOWN
GGLOC-07626,Detroit,,,UNKNOWN
GGLOC-07627,Tucker,,Ga,UNKNOWN
GGLOC-07628,Monterrey,,Mx,UNKNOWN
GGLOC-07629,Richfield,,Mn,UNKNOWN
GGLOC-07630,Springdale,,Md,UNKNOWN
GGLOC-07631,Bristol,,Tn,UNKNOWN
GGLOC-07632,Breese,,Il,UNKNOWN
GGLOC-07633,Poland,,Oh,UNKNOWN
GGLOC-07634,Boling,,Tx,UNKNOWN
GGLOC-07635,Caracas,,Distrito Capital,UNKNOWN
GGLOC-07636,Lusaka,,Zm,UNKNOWN
GGLOC-07637,Dallas,,Pa,UNKNOWN
GGLOC-07638,June 1994,,,UNKNOWN
GGLOC-07639,Middletown,,Ct,UNKNOWN
GGLOC-07640,Kwazulu-Natal,,,UNKNOWN
GGLOC-07641,Ho Chi Minh,,,UNKNOWN
GGLOC-07642,Addison,,Tx,UNKNOWN
GGLOC-07643,December 2015,,,UNKNOWN
GGLOC-07644,Ondo,,Nigeria,UNKNOWN
GGLOC-07645,April 2014,,,UNKNOWN
GGLOC-07646,Bridgeport,,Ct,UNKNOWN
GGLOC-07647,October 2012 To June 2015,,,UNKNOWN
GGLOC-07648,Merrimack,,Nh,UNKNOWN
GGLOC-07649,Harvard,,Ma,UNKNOWN
GGLOC-07650,Charlestown,,,UNKNOWN
GGLOC-07651,Saint Louis,,Mo,UNKNOWN
GGLOC-07652,Cibolo,,Tx,UNKNOWN
GGLOC-07653,Bulandshahr,,Uttar Pradesh,UNKNOWN
GGLOC-07654,Sagar,,Madhya Pradesh,UNKNOWN
GGLOC-07655,Milwaukee,,Wi,UNKNOWN
GGLOC-07656,Xiamen,,,UNKNOWN
GGLOC-07657,Surprise,,Az,UNKNOWN
GGLOC-07658,Trinidad,,,UNKNOWN
GGLOC-07659,Mexico,,,UNKNOWN
GGLOC-07660,Midland,,Tx,UNKNOWN
GGLOC-07661,Joint Base Lewis Mcchord,,Wa,UNKNOWN
GGLOC-07662,Hagerstown,,Md,UNKNOWN
GGLOC-07663,Winona Lake,,In,UNKNOWN
GGLOC-07664,Gj,,India,UNKNOWN
GGLOC-07665,Pomona,,Ca,UNKNOWN
GGLOC-07666,Annapolis,,Md,UNKNOWN
GGLOC-07667,Shreveport,,La,UNKNOWN
GGLOC-07668,Toledo,,Oh,UNKNOWN
GGLOC-07669,Guangzhou,,China,UNKNOWN
GGLOC-07670,Ondo State,,,UNKNOWN
GGLOC-07671,Guadalajara,,Mx,UNKNOWN
GGLOC-07672,Daleville,,Va,UNKNOWN
GGLOC-07673,South Australia,,,UNKNOWN
GGLOC-07674,Cecilia,,Ky,UNKNOWN
GGLOC-07675,Iowa,,,UNKNOWN
GGLOC-07676,Township Of Brick,,Nj,UNKNOWN
GGLOC-07677,Livermore,,Ca,UNKNOWN
GGLOC-07678,Kirkland,,Wa,UNKNOWN
GGLOC-07679,Martinez,,Ca,UNKNOWN
GGLOC-07680,Keesler Afb,,Ms,UNKNOWN
GGLOC-07681,June 2005,,,UNKNOWN
GGLOC-07682,Sankt Gallen,,Sg,UNKNOWN
GGLOC-07683,Waipahu,,Hi,UNKNOWN
GGLOC-07684,Tennessee,,,UNKNOWN
GGLOC-07685,Jerez De La Frontera,,Cádiz Provincia,UNKNOWN
GGLOC-07686,Harlingen,,Tx,UNKNOWN
GGLOC-07687,Benin City Edo State Nigeria,,,UNKNOWN
GGLOC-07688,Rockford,,Il,UNKNOWN
GGLOC-07689,Anand,,Gujarat,UNKNOWN
GGLOC-07690,Panama City,,Fl,UNKNOWN
GGLOC-07691,Woodbridge Va,,,UNKNOWN
GGLOC-07692,Hamburg,,Ny,UNKNOWN
GGLOC-07693,Atoka,,Ok,UNKNOWN
GGLOC-07694,Bellingham,,Wa,UNKNOWN
GGLOC-07695,Delta,,Ut,UNKNOWN
GGLOC-07696,Charleston,,Sc,UNKNOWN
GGLOC-07697,Oklahoma,,,UNKNOWN
GGLOC-07698,Lincroft,,Nj,UNKNOWN
GGLOC-07699,Bethel Park,,Pa,UNKNOWN
GGLOC-07700,Creve Coeur,,Mo,UNKNOWN
GGLOC-07701,Garden City,,Ny,UNKNOWN
GGLOC-07702,North Haven,,Ct,UNKNOWN
GGLOC-07703,Moberly,,Mo,UNKNOWN
GGLOC-07704,Greensburg,,Pa,UNKNOWN
GGLOC-07705,Henan,,,UNKNOWN
GGLOC-07706,Takoradi,,Ghana,UNKNOWN
GGLOC-07707,Grafenwohr,,De,UNKNOWN
GGLOC-07708,Gainesville,,Ga,UNKNOWN
GGLOC-07709,Naperville,,Il,UNKNOWN
GGLOC-07710,Towson,,Md,UNKNOWN
GGLOC-07711,Honolulu,,,UNKNOWN
GGLOC-07712,Wilkes-Barre,,Pa,UNKNOWN
GGLOC-07713,Paris (75),,,UNKNOWN
GGLOC-07714,Gatineau,,Canada,UNKNOWN
GGLOC-07715,Kapolei,,Hi,UNKNOWN
GGLOC-07716,Parkville,,Md,UNKNOWN
GGLOC-07717,Mi,,,UNKNOWN
GGLOC-07718,Northbrook,,Il,UNKNOWN
GGLOC-07719,Lithonia,,Ga,UNKNOWN
GGLOC-07720,Sparta,,Nj,UNKNOWN
GGLOC-07721,Piedras,,Us,UNKNOWN
GGLOC-07722,July 2020,,,UNKNOWN
GGLOC-07723,Champaign,,Il,UNKNOWN
GGLOC-07724,Macon,,Ga,UNKNOWN
GGLOC-07725,Columbus,,In,UNKNOWN
GGLOC-07726,Computer Science & Engineering,,,UNKNOWN
GGLOC-07727,Frmont,,,UNKNOWN
GGLOC-07728,Barstow,,Ca,UNKNOWN
GGLOC-07729,Elizabethtown,,Pa,UNKNOWN
GGLOC-07730,Oregon,,,UNKNOWN
GGLOC-07731,Manassas,,,UNKNOWN
GGLOC-07732,Lahore,,Pk,UNKNOWN
GGLOC-07733,Caledonia,,Mi,UNKNOWN
GGLOC-07734,Rindge,,Nh,UNKNOWN
GGLOC-07735,Moraga,,Ca,UNKNOWN
GGLOC-07736,Jalandhar,,Punjab,UNKNOWN
GGLOC-07737,Eugene,,Or,UNKNOWN
GGLOC-07738,Burbank,,Ca,UNKNOWN
GGLOC-07739,Oglesby,,Il,UNKNOWN
GGLOC-07740,United Kingdom,,,UNKNOWN
GGLOC-07741,Owings Mills,,Md,UNKNOWN
GGLOC-07742,Seminole,,Ok,UNKNOWN
GGLOC-07743,Schenectady,,Ny,UNKNOWN
GGLOC-07744,Southfield,,Mi,UNKNOWN
GGLOC-07745,Gardena,,Ca,UNKNOWN
GGLOC-07746,Omaha,,,UNKNOWN
GGLOC-07747,Ithica,,Ny,UNKNOWN
GGLOC-07748,Marquette,,Mi,UNKNOWN
GGLOC-07749,Williamstown,,Ma,UNKNOWN
GGLOC-07750,Hawkins,,Tx,UNKNOWN
GGLOC-07751,East Palo Alto,,Ca,UNKNOWN
GGLOC-07752,Long Island,,Ny,UNKNOWN
GGLOC-07753,Ina,,Il,UNKNOWN
GGLOC-07754,Boonville,,Mo,UNKNOWN
GGLOC-07755,Ciudad Juárez,,Chih.,UNKNOWN
GGLOC-07756,Sturgis,,Mi,UNKNOWN
GGLOC-07757,Bowie,,Md,UNKNOWN
GGLOC-07758,Colorado,,,UNKNOWN
GGLOC-07759,Smederevo,,,UNKNOWN
GGLOC-07760,Redford,,Mi,UNKNOWN
GGLOC-07761,Prishtine,,,UNKNOWN
GGLOC-07762,Stuarts Draft,,Va,UNKNOWN
GGLOC-07763,Hinesburg,,Vt,UNKNOWN
GGLOC-07764,Lagos,,Ng,UNKNOWN
GGLOC-07765,Glenarden,,Md,UNKNOWN
GGLOC-07766,Copenhagen,,Dk,UNKNOWN
GGLOC-07767,Albemarle,,Nc,UNKNOWN
GGLOC-07768,Local Community College,,,UNKNOWN
GGLOC-07769,Saint Clair Shores,,Mi,UNKNOWN
GGLOC-07770,Glasgow,,,UNKNOWN
GGLOC-07771,Salta,,Ar,UNKNOWN
GGLOC-07772,Location,,,UNKNOWN
GGLOC-07773,Troy,,Nc,UNKNOWN
GGLOC-07774,New Concord,,Oh,UNKNOWN
GGLOC-07775,Southfield,,Michigan,UNKNOWN
GGLOC-07776,Anna University,,,UNKNOWN
GGLOC-07777,Avondale,,Az,UNKNOWN
GGLOC-07778,Washin,,,UNKNOWN
GGLOC-07779,Lviv,,,UNKNOWN
GGLOC-07780,South Orange,,,UNKNOWN
GGLOC-07781,Woodbury,,Mn,UNKNOWN
GGLOC-07782,Cape Coast,,,UNKNOWN
GGLOC-07783,Lima,,Oh,UNKNOWN
GGLOC-07784,Attleboro,,Ma,UNKNOWN
GGLOC-07785,Monument,,Co,UNKNOWN
GGLOC-07786,Madrid,,Madrid Provincia,UNKNOWN
GGLOC-07787,Aalborg,,,UNKNOWN
GGLOC-07788,Johnston,,Ri,UNKNOWN
GGLOC-07789,Santo Domingo,,,UNKNOWN
GGLOC-07790,South Haven,,Ks,UNKNOWN
GGLOC-07791,Greeneville,,Tn,UNKNOWN
GGLOC-07792,Manila,,,UNKNOWN
GGLOC-07793,Senatobia,,Ms,UNKNOWN
GGLOC-07794,Jonesboro,,Ar,UNKNOWN
GGLOC-07795,Northern Kentucky,,,UNKNOWN
GGLOC-07796,Lucknow,,Uttar Pradesh,UNKNOWN
GGLOC-07797,Mongolia,,,UNKNOWN
GGLOC-07798,Shenzhen,,Cn,UNKNOWN
GGLOC-07799,Happy Valley,,Or,UNKNOWN
GGLOC-07800,Golden,,,UNKNOWN
GGLOC-07801,Mclean,,Va,UNKNOWN
GGLOC-07802,Huntsville,,Tx,UNKNOWN
GGLOC-07803,Mexico City,,,UNKNOWN
GGLOC-07804,Sahiwal,,,UNKNOWN
GGLOC-07805,Prescott,,Az,UNKNOWN
GGLOC-07806,Columbia,,Tn,UNKNOWN
GGLOC-07807,Chisinau,,,UNKNOWN
GGLOC-07808,Paxton,,Ma,UNKNOWN
GGLOC-07809,Mississippi,,,UNKNOWN
GGLOC-07810,Lenexa,,Kansas,UNKNOWN
GGLOC-07811,Wharton,,Tx,UNKNOWN
GGLOC-07812,Ajmer,,,UNKNOWN
GGLOC-07813,August 2000,,,UNKNOWN
GGLOC-07814,Mansfield,,Pa,UNKNOWN
GGLOC-07815,Surabaya,,,UNKNOWN
GGLOC-07816,Cranfield,,Uk,UNKNOWN
GGLOC-07817,Bellevue Community College,,,UNKNOWN
GGLOC-07818,Patna,,In,UNKNOWN
GGLOC-07819,Business,,,UNKNOWN
GGLOC-07820,Miami Lakes,,Fl,UNKNOWN
GGLOC-07821,Computer Maintenance And Engineering,,,UNKNOWN
GGLOC-07822,Bihar Sharif,,Bihar,UNKNOWN
GGLOC-07823,Norfolk,,Va,UNKNOWN
GGLOC-07824,Hassan,,Karnataka,UNKNOWN
GGLOC-07825,Algonac,,Mi,UNKNOWN
GGLOC-07826,Monterey Park,,Ca,UNKNOWN
GGLOC-07827,Hamilton,,Ny,UNKNOWN
GGLOC-07828,Bordeaux,,Fr,UNKNOWN
GGLOC-07829,St.Clair County,,,UNKNOWN
GGLOC-07830,University Of Northwestern,,,UNKNOWN
GGLOC-07831,Arbutus,,Md,UNKNOWN
GGLOC-07832,Newark,,Nj,UNKNOWN
GGLOC-07833,Amman,,,UNKNOWN
GGLOC-07834,Dunedin,,Fl,UNKNOWN
GGLOC-07835,Clinton,,Ct,UNKNOWN
GGLOC-07836,Vista,,Ca,UNKNOWN
GGLOC-07837,Madison,,Nj,UNKNOWN
GGLOC-07838,Electrical &Electronics,,,UNKNOWN
GGLOC-07839,Waterloo,,,UNKNOWN
GGLOC-07840,West Jefferson,,Nc,UNKNOWN
GGLOC-07841,Accounting,,,UNKNOWN
GGLOC-07842,Downers Grove,,Il,UNKNOWN
GGLOC-07843,Clinton,,Sc,UNKNOWN
GGLOC-07844,Collegedale,,Tn,UNKNOWN
GGLOC-07845,Aurora,,Co,UNKNOWN
GGLOC-07846,Dalian,,Cn,UNKNOWN
GGLOC-07847,Kyiv,,,UNKNOWN
GGLOC-07848,Eagle River,,Wi,UNKNOWN
GGLOC-07849,W. P. Carey School Of Business,,,UNKNOWN
GGLOC-07850,Ulaanbaatar,,,UNKNOWN
GGLOC-07851,Nottingham,,,UNKNOWN
GGLOC-07852,Sunderland,,,UNKNOWN
GGLOC-07853,Orlando,,Fl,UNKNOWN
GGLOC-07854,Williamsville,,Ny,UNKNOWN
GGLOC-07855,San German,,Us,UNKNOWN
GGLOC-07856,Belgaum,,Karnataka,UNKNOWN
GGLOC-07857,Park Hills,,Mo,UNKNOWN
GGLOC-07858,Tehran,,Ir,UNKNOWN
GGLOC-07859,Tel Aviv,,Il,UNKNOWN
GGLOC-07860,Lucknow,,Sc,UNKNOWN
GGLOC-07861,Winterville,,Nc,UNKNOWN
GGLOC-07862,Logansport,,In,UNKNOWN
GGLOC-07863,Hanover,,Nh,UNKNOWN
GGLOC-07864,Fort Jennings,,Oh,UNKNOWN
GGLOC-07865,West Bengal,,In,UNKNOWN
GGLOC-07866,Tirupati,,Andhra Pradesh,UNKNOWN
GGLOC-07867,Surat,,,UNKNOWN
GGLOC-07868,Macomb,,Mi,UNKNOWN
GGLOC-07869,Chhatarpur,,Madhya Pradesh,UNKNOWN
GGLOC-07870,Wooster,,Oh,UNKNOWN
GGLOC-07871,Carrollton - Carrollton,,Ga,UNKNOWN
GGLOC-07872,Gujrat,,Pk,UNKNOWN
GGLOC-07873,Medford,,Ma,UNKNOWN
GGLOC-07874,August 2006 To May 2010,,,UNKNOWN
GGLOC-07875,Livonia,,Mi,UNKNOWN
GGLOC-07876,Snohomish,,Wa,UNKNOWN
GGLOC-07877,Xian,,China,UNKNOWN
GGLOC-07878,Dickson,,Tn,UNKNOWN
GGLOC-07879,Maple Shade,,Nj,UNKNOWN
GGLOC-07880,Scottsdale,,Az,UNKNOWN
GGLOC-07881,Aptos,,Ca,UNKNOWN
GGLOC-07882,North Platte,,Ne,UNKNOWN
GGLOC-07883,Ashland,,Wi,UNKNOWN
GGLOC-07884,Merced,,Ca,UNKNOWN
GGLOC-07885,Campinas,,,UNKNOWN
GGLOC-07886,Debre Markos,,,UNKNOWN
GGLOC-07887,Brighton,,Mi,UNKNOWN
GGLOC-07888,Canton,,Ga,UNKNOWN
GGLOC-07889,Computer Applications,,,UNKNOWN
GGLOC-07890,Annville,,Pa,UNKNOWN
GGLOC-07891,Benin City,,Ng,UNKNOWN
GGLOC-07892,Princeton,,,UNKNOWN
GGLOC-07893,Oakland,,Nj,UNKNOWN
GGLOC-07894,Strongsville,,Oh,UNKNOWN
GGLOC-07895,Shanghai,,,UNKNOWN
GGLOC-07896,Tbilisi,,,UNKNOWN
GGLOC-07897,Nahan,,In,UNKNOWN
GGLOC-07898,Cincinnati,,Oh,UNKNOWN
GGLOC-07899,Warangal,,Andhra Pradesh,UNKNOWN
GGLOC-07900,Annapolis Junction,,Md,UNKNOWN
GGLOC-07901,Ks,,,UNKNOWN
GGLOC-07902,Parris Island,,Sc,UNKNOWN
GGLOC-07903,Limerick,,,UNKNOWN
GGLOC-07904,Terre Haute,,In,UNKNOWN
GGLOC-07905,Johnstown,,Pa,UNKNOWN
GGLOC-07906,May 1996,,,UNKNOWN
GGLOC-07907,Williams College,,,UNKNOWN
GGLOC-07908,Holly Springs,,Nc,UNKNOWN
GGLOC-07909,College Of Agriculture,,,UNKNOWN
GGLOC-07910,Chișinău,,Moldova,UNKNOWN
GGLOC-07911,Encino,,Ca,UNKNOWN
GGLOC-07912,December 2011,,,UNKNOWN
GGLOC-07913,Hayward,,Ca,UNKNOWN
GGLOC-07914,Durban,,Kwazulu-Natal,UNKNOWN
GGLOC-07915,Ubonrachathani,,Thailand,UNKNOWN
GGLOC-07916,Edinburgh,,,UNKNOWN
GGLOC-07917,Salem,,Nc,UNKNOWN
GGLOC-07918,Fort Collins,,Co,UNKNOWN
GGLOC-07919,Germany,,,UNKNOWN
GGLOC-07920,Las Cruces,,Nm,UNKNOWN
GGLOC-07921,Louisville,,Ky,UNKNOWN
GGLOC-07922,Atlanta,,Ga,UNKNOWN
GGLOC-07923,Baranovichi,,Belarus,UNKNOWN
GGLOC-07924,Warwick,,,UNKNOWN
GGLOC-07925,Yerevan,,,UNKNOWN
GGLOC-07926,South Bank,,,UNKNOWN
GGLOC-07927,Information System,,,UNKNOWN
GGLOC-07928,Kottayam,,India,UNKNOWN
GGLOC-07929,Oxford,,Ms,UNKNOWN
GGLOC-07930,Jacksonville Beach,,Fl,UNKNOWN
GGLOC-07931,May 2021,,,UNKNOWN
GGLOC-07932,Edina,,,UNKNOWN
GGLOC-07933,Lodi,,Nj,UNKNOWN
GGLOC-07934,Arnold,,Md,UNKNOWN
GGLOC-07935,Lynnwood,,Wa,UNKNOWN
GGLOC-07936,Salem,,Nh,UNKNOWN
GGLOC-07937,Wenatchee,,Wa,UNKNOWN
GGLOC-07938,August 1997 To May 2001,,,UNKNOWN
GGLOC-07939,Saint Stephen,,Sc,UNKNOWN
GGLOC-07940,Los Alamitos,,Ca,UNKNOWN
GGLOC-07941,Lincoln,,Ne,UNKNOWN
GGLOC-07942,Waukesha,,Wi,UNKNOWN
GGLOC-07943,Frisco,,Tx,UNKNOWN
GGLOC-07944,June 2012 To June 2015,,,UNKNOWN
GGLOC-07945,????,,,UNKNOWN
GGLOC-07946,Grand Rapids,,Mi,UNKNOWN
GGLOC-07947,Berkeley,,Ca,UNKNOWN
GGLOC-07948,Odessa,,,UNKNOWN
GGLOC-07949,Mercersburg,,Pa,UNKNOWN
GGLOC-07950,Delaware,,Oh,UNKNOWN
GGLOC-07951,Elkins,,Wv,UNKNOWN
GGLOC-07952,Hangzhou,,Cn,UNKNOWN
GGLOC-07953,Plymouth,,Mi,UNKNOWN
GGLOC-07954,Cheyenne,,Wy,UNKNOWN
GGLOC-07955,Morrisville,,Nc,UNKNOWN
GGLOC-07956,Rajkot,,Gujarat,UNKNOWN
GGLOC-07957,Mazar-E-Sharif,,,UNKNOWN
GGLOC-07958,Ponchatoula,,La,UNKNOWN
GGLOC-07959,Centralia,,Il,UNKNOWN
GGLOC-07960,Gwalior,,Madhya Pradesh,UNKNOWN
GGLOC-07961,Manchester,,Nh,UNKNOWN
GGLOC-07962,Lancaster,,Pa,UNKNOWN
GGLOC-07963,San Diego,,,UNKNOWN
GGLOC-07964,Kampala,,,UNKNOWN
GGLOC-07965,Us - Boston,,Ma,UNKNOWN
GGLOC-07966,Connersville,,In,UNKNOWN
GGLOC-07967,Whitehall Township,,Pa,UNKNOWN
GGLOC-07968,May 2020,,,UNKNOWN
GGLOC-07969,Neosho,,Mo,UNKNOWN
GGLOC-07970,San Jose State University,,,UNKNOWN
GGLOC-07971,Jalgaon,,Maharashtra,UNKNOWN
GGLOC-07972,St. Louis,,Mo,UNKNOWN
GGLOC-07973,Bloomington,,Mn,UNKNOWN
GGLOC-07974,High Point,,Nc,UNKNOWN
GGLOC-07975,Chickasha,,Ok,UNKNOWN
GGLOC-07976,Western Greece,,,UNKNOWN
GGLOC-07977,Fairfield,,Us,UNKNOWN
GGLOC-07978,Magnolia,,Ar,UNKNOWN
GGLOC-07979,Ft Gordon,,Ga,UNKNOWN
GGLOC-07980,Monterrey,,Mexico,UNKNOWN
GGLOC-07981,Piedmont,,Sc,UNKNOWN
GGLOC-07982,Spanish Fork,,Ut,UNKNOWN
GGLOC-07983,Flagstaff,,Az,UNKNOWN
GGLOC-07984,Nijmegen,,The Netherlands,UNKNOWN
GGLOC-07985,Inusluban,,Lipa City,UNKNOWN
GGLOC-07986,Wahcantt,,,UNKNOWN
GGLOC-07987,Leeds,,Ut,UNKNOWN
GGLOC-07988,Enid,,Ok,UNKNOWN
GGLOC-07989,Ogden,,Ut,UNKNOWN
GGLOC-07990,Kankakee,,Il,UNKNOWN
GGLOC-07991,Canton,,Ma,UNKNOWN
GGLOC-07992,Sherman Oaks,,Ca,UNKNOWN
GGLOC-07993,Kurukshetra,,Haryana,UNKNOWN
GGLOC-07994,Evansville,,In,UNKNOWN
GGLOC-07995,March 2019,,,UNKNOWN
GGLOC-07996,Rosemount,,Mn,UNKNOWN
GGLOC-07997,Lindenhurst,,Ny,UNKNOWN
GGLOC-07998,Accord,,Ny,UNKNOWN
GGLOC-07999,Computer,,,UNKNOWN
GGLOC-08000,Colombo,,Lk,UNKNOWN
GGLOC-08001,Woburn,,Ma,UNKNOWN
GGLOC-08002,Elmira,,Ny,UNKNOWN
GGLOC-08003,382424,,,UNKNOWN
GGLOC-08004,Ithaca,,Ny,UNKNOWN
GGLOC-08005,Oxford,,,UNKNOWN
GGLOC-08006,Virginia,,Va,UNKNOWN
GGLOC-08007,Sunnyvale,,Ca,UNKNOWN
GGLOC-08008,Forest City,,Ia,UNKNOWN
GGLOC-08009,Venice,,,UNKNOWN
GGLOC-08010,Alexandria,,Va,UNKNOWN
GGLOC-08011,Uniontown,,Pa,UNKNOWN
GGLOC-08012,Saint-Petersburg,,,UNKNOWN
GGLOC-08013,Arecibo,,Pr,UNKNOWN
GGLOC-08014,Crestview Hills,,Ky,UNKNOWN
GGLOC-08015,Kensington,,Md,UNKNOWN
GGLOC-08016,West Islip,,Ny,UNKNOWN
GGLOC-08017,Matanzas,,Ky,UNKNOWN
GGLOC-08018,White Bear Lake,,Mn,UNKNOWN
GGLOC-08019,Tamil Nadu University,,,UNKNOWN
GGLOC-08020,Lalitpur,,,UNKNOWN
GGLOC-08021,Lorman,,Ms,UNKNOWN
GGLOC-08022,Wintersville,,Oh,UNKNOWN
GGLOC-08023,Wyomissing,,Pa,UNKNOWN
GGLOC-08024,Ferrum,,Va,UNKNOWN
GGLOC-08025,Lafayette,,La,UNKNOWN
GGLOC-08026,Hamilton,,Bm,UNKNOWN
GGLOC-08027,Garland,,Ut,UNKNOWN
GGLOC-08028,Troy,,Mi,UNKNOWN
GGLOC-08029,Barcelona,,,UNKNOWN
GGLOC-08030,Zagazig,,,UNKNOWN
GGLOC-08031,Plantation,,Fl,UNKNOWN
GGLOC-08032,Alexandra Virginia,,,UNKNOWN
GGLOC-08033,Murrieta,,Ca,UNKNOWN
GGLOC-08034,Salford,,,UNKNOWN
GGLOC-08035,Dallas Tx,,,UNKNOWN
GGLOC-08036,Bloomsburg,,Pa,UNKNOWN
GGLOC-08037,Elyria,,Oh,UNKNOWN
GGLOC-08038,Glenside,,Pa,UNKNOWN
GGLOC-08039,Fort Myers,,Fl,UNKNOWN
GGLOC-08040,Rocklin,,Ca,UNKNOWN
GGLOC-08041,Maysfield,,Ky,UNKNOWN
GGLOC-08042,Niš,,,UNKNOWN
GGLOC-08043,Butler,,Pa,UNKNOWN
GGLOC-08044,Tuguegarao City,,,UNKNOWN
GGLOC-08045,English,,,UNKNOWN
GGLOC-08046,Jack,,Al,UNKNOWN
GGLOC-08047,Batavia,,Oh,UNKNOWN
GGLOC-08048,Conway,,Pa,UNKNOWN
GGLOC-08049,Harrah,,Ok,UNKNOWN
GGLOC-08050,Telangana,,,UNKNOWN
GGLOC-08051,Mount Prospect,,Il,UNKNOWN
GGLOC-08052,Paradise,,Ca,UNKNOWN
GGLOC-08053,Barcelona,,Es,UNKNOWN
GGLOC-08054,Durango,,Mx,UNKNOWN
GGLOC-08055,Fork Union,,Va,UNKNOWN
GGLOC-08056,North Richland Hills,,Tx,UNKNOWN
GGLOC-08057,Valhalla,,Ny,UNKNOWN
GGLOC-08058,Krasnoyarsk,,,UNKNOWN
GGLOC-08059,Vermillion,,Sd,UNKNOWN
GGLOC-08060,2011 To 2015,,,UNKNOWN
GGLOC-08061,Russia,,,UNKNOWN
GGLOC-08062,Chico,,Ca,UNKNOWN
GGLOC-08063,Margate,,Fl,UNKNOWN
GGLOC-08064,Computer Department,,,UNKNOWN
GGLOC-08065,Tyler,,Tx,UNKNOWN
GGLOC-08066,Lanham,,Md,UNKNOWN
GGLOC-08067,Bronx Community College - Bronx,,Ny,UNKNOWN
GGLOC-08068,Winston-Salem,,Nc,UNKNOWN
GGLOC-08069,Minooka,,Il,UNKNOWN
GGLOC-08070,Manorville,,Ny,UNKNOWN
GGLOC-08071,Pulaski,,Ar,UNKNOWN
GGLOC-08072,Brainerd,,Mn,UNKNOWN
GGLOC-08073,Engineering,,,UNKNOWN
GGLOC-08074,Graduate School Online,,,UNKNOWN
GGLOC-08075,Bentonville,,Ar,UNKNOWN
GGLOC-08076,Havana,,Il,UNKNOWN
GGLOC-08077,Monrovia,,Ca,UNKNOWN
GGLOC-08078,Sulphur,,La,UNKNOWN
GGLOC-08079,Grambling,,La,UNKNOWN
GGLOC-08080,Shijiazhuang,,Cn,UNKNOWN
GGLOC-08081,Acharya Nagarjuna University,,,UNKNOWN
GGLOC-08082,January 2004 To December 2008,,,UNKNOWN
GGLOC-08083,Columbus,,Ms,UNKNOWN
GGLOC-08084,Edina,,Mn,UNKNOWN
GGLOC-08085,Middlebury,,Vt,UNKNOWN
GGLOC-08086,Sackville,,Nb,UNKNOWN
GGLOC-08087,Somerset,,Nj,UNKNOWN
GGLOC-08088,Township Of Galloway,,Nj,UNKNOWN
GGLOC-08089,Kenmore,,Wa,UNKNOWN
GGLOC-08090,Piscataway,,Nj,UNKNOWN
GGLOC-08091,Des Peres,,Mo,UNKNOWN
GGLOC-08092,Lancaster,,Sc,UNKNOWN
GGLOC-08093,Jefferson City,,Mo,UNKNOWN
GGLOC-08094,Jacks,,Ok,UNKNOWN
GGLOC-08095,Big Spring,,Tx,UNKNOWN
GGLOC-08096,Jefferson City,,Tn,UNKNOWN
GGLOC-08097,Redondo Beach,,Ca,UNKNOWN
GGLOC-08098,Kumasi,,Ghana,UNKNOWN
GGLOC-08099,Communication Networking Visvesvaraya Technological University,,,UNKNOWN
GGLOC-08100,Mannheim,,De,UNKNOWN
GGLOC-08101,Tustin,,Ca,UNKNOWN
GGLOC-08102,Work At Home,,,UNKNOWN
GGLOC-08103,Lynbrook,,Ny,UNKNOWN
GGLOC-08104,Farmington Hills,,Mi,UNKNOWN
GGLOC-08105,Mishawaka,,In,UNKNOWN
GGLOC-08106,Lakeland,,Fl,UNKNOWN
GGLOC-08107,2005 To 2009,,,UNKNOWN
GGLOC-08108,Chengdu,,Cn,UNKNOWN
GGLOC-08109,Saigon,,Vietnam,UNKNOWN
GGLOC-08110,Columbus,,Ga,UNKNOWN
GGLOC-08111,Tysons Corner,,Va,UNKNOWN
GGLOC-08112,Azusa,,Ca,UNKNOWN
GGLOC-08113,Salisbury,,Md,UNKNOWN
GGLOC-08114,Schnecksville,,Pa,UNKNOWN
GGLOC-08115,Enugu,,Nigeria,UNKNOWN
GGLOC-08116,Florence,,It,UNKNOWN
GGLOC-08117,Birmingham,,Alabama,UNKNOWN
GGLOC-08118,Kansas City,,,UNKNOWN
GGLOC-08119,Wichita Falls,,Tx,UNKNOWN
GGLOC-08120,Pakistan,,,UNKNOWN
GGLOC-08121,Ra'Anana,,,UNKNOWN
GGLOC-08122,North Miami,,Fl,UNKNOWN
GGLOC-08123,Longmeadow,,Ma,UNKNOWN
GGLOC-08124,Baltimore,,Md,UNKNOWN
GGLOC-08125,Edwardsville,,Il,UNKNOWN
GGLOC-08126,West,,On,UNKNOWN
GGLOC-08127,2017 To 2019,,,UNKNOWN
GGLOC-08128,Thibodaux,,La,UNKNOWN
GGLOC-08129,Anaheim,,Ca,UNKNOWN
GGLOC-08130,Curitiba,,Pr,UNKNOWN
GGLOC-08131,Middletown,,Ny,UNKNOWN
GGLOC-08132,San Antonio,,Tx,UNKNOWN
GGLOC-08133,St Paul Mn,,,UNKNOWN
GGLOC-08134,Albert Lea,,Mn,UNKNOWN
GGLOC-08135,Cork,,,UNKNOWN
GGLOC-08136,Jersey City,,Nj,UNKNOWN
GGLOC-08137,Dharwad,,Karnataka,UNKNOWN
GGLOC-08138,Red Bluff,,Ca,UNKNOWN
GGLOC-08139,York University,,,UNKNOWN
GGLOC-08140,Heilongjiang,,,UNKNOWN
GGLOC-08141,Texas,,,UNKNOWN
GGLOC-08142,Warrenton,,Va,UNKNOWN
GGLOC-08143,Bladensburg,,Md,UNKNOWN
GGLOC-08144,Carterville,,Il,UNKNOWN
GGLOC-08145,Doha,,,UNKNOWN
GGLOC-08146,Columbia,,Sc,UNKNOWN
GGLOC-08147,Bamako,,Ml,UNKNOWN
GGLOC-08148,Bluefield,,Wv,UNKNOWN
GGLOC-08149,Cebu City,,Philippines,UNKNOWN
GGLOC-08150,Smithville,,Tx,UNKNOWN
GGLOC-08151,Japan,,,UNKNOWN
GGLOC-08152,Athens,,Oh,UNKNOWN
GGLOC-08153,Zrenjanin,,,UNKNOWN
GGLOC-08154,Orissa,,In,UNKNOWN
GGLOC-08155,Eagle Rock,,Ca,UNKNOWN
GGLOC-08156,Branchburg,,Nj,UNKNOWN
GGLOC-08157,Liverpool,,Ny,UNKNOWN
GGLOC-08158,Northfield,,Mn,UNKNOWN
GGLOC-08159,Punjab Technical University,,,UNKNOWN
GGLOC-08160,Warsaw,,In,UNKNOWN
GGLOC-08161,Danbury,,,UNKNOWN
GGLOC-08162,Korea,,,UNKNOWN
GGLOC-08163,Zacatecas,,Mx,UNKNOWN
GGLOC-08164,Abingdon,,Va,UNKNOWN
GGLOC-08165,2012 To 2015,,,UNKNOWN
GGLOC-08166,Madhya Pradesh,,,UNKNOWN
GGLOC-08167,December 2013,,,UNKNOWN
GGLOC-08168,Nikolaev,,,UNKNOWN
GGLOC-08169,Big Island,,Va,UNKNOWN
GGLOC-08170,West Long Branch,,Nj,UNKNOWN
GGLOC-08171,New Brunswick,,Nj,UNKNOWN
GGLOC-08172,Nairobi,,Ke,UNKNOWN
GGLOC-08173,Stone Ridge,,Ny,UNKNOWN
GGLOC-08174,Stillwater,,Mn,UNKNOWN
GGLOC-08175,Godfrey,,Il,UNKNOWN
GGLOC-08176,Suisun City,,Ca,UNKNOWN
GGLOC-08177,Orissa,,,UNKNOWN
GGLOC-08178,Mn - Minneapolis,,Mn,UNKNOWN
GGLOC-08179,Cape Coast/Ghana,,,UNKNOWN
GGLOC-08180,Statesboro,,Ga,UNKNOWN
GGLOC-08181,Plant City,,Fl,UNKNOWN
GGLOC-08182,Cerco Institute,,,UNKNOWN
GGLOC-08183,Moorpark,,Ca,UNKNOWN
GGLOC-08184,Leiden,,,UNKNOWN
GGLOC-08185,Loma Linda,,Ca,UNKNOWN
GGLOC-08186,Ciudad De México,,,UNKNOWN
GGLOC-08187,Whitestown,,In,UNKNOWN
GGLOC-08188,Glyndon,,Mn,UNKNOWN
GGLOC-08189,St. Catharines,,On,UNKNOWN
GGLOC-08190,Durango,,Co,UNKNOWN
GGLOC-08191,Queens,,Ny,UNKNOWN
GGLOC-08192,Gilbert,,Az,UNKNOWN
GGLOC-08193,Groveport,,Oh,UNKNOWN
GGLOC-08194,Moradabad,,In,UNKNOWN
GGLOC-08195,Kalol,,Gujarat,UNKNOWN
GGLOC-08196,Addison,,Il,UNKNOWN
GGLOC-08197,Decatur,,Al,UNKNOWN
GGLOC-08198,Princeton,,Nj,UNKNOWN
GGLOC-08199,Chester,,Va,UNKNOWN
GGLOC-08200,Abbott Park,,Il,UNKNOWN
GGLOC-08201,Lagos State,,,UNKNOWN
GGLOC-08202,Electronics And Communications,,,UNKNOWN
GGLOC-08203,Quantico,,Ca,UNKNOWN
GGLOC-08204,Auburn,,Ne,UNKNOWN
GGLOC-08205,Trujillo,,Pe,UNKNOWN
GGLOC-08206,Greenville,,,UNKNOWN
GGLOC-08207,Brandon,,Fl,UNKNOWN
GGLOC-08208,Springfield,,Oh,UNKNOWN
GGLOC-08209,West Barnstable,,Ma,UNKNOWN
GGLOC-08210,Tunkhannock,,Pa,UNKNOWN
GGLOC-08211,Presidio Of Monterey,,Ca,UNKNOWN
GGLOC-08212,Clinton,,Ms,UNKNOWN
GGLOC-08213,Kentucky,,,UNKNOWN
GGLOC-08214,Latrobe,,Pa,UNKNOWN
GGLOC-08215,Legazpi,,,UNKNOWN
GGLOC-08216,Kalispell,,Mt,UNKNOWN
GGLOC-08217,Syracuse,,Ny,UNKNOWN
GGLOC-08218,Tehran,,,UNKNOWN
GGLOC-08219,Gunnison,,Co,UNKNOWN
GGLOC-08220,Ashland,,Or,UNKNOWN
GGLOC-08221,Chanute,,Ks,UNKNOWN
GGLOC-08222,Kuwait,,,UNKNOWN
GGLOC-08223,Karnataka,,In,UNKNOWN
GGLOC-08224,Culver City,,Ca,UNKNOWN
GGLOC-08225,Pembroke,,Nc,UNKNOWN
GGLOC-08226,Caracas,,Ve,UNKNOWN
GGLOC-08227,New Lebanon,,Ny,UNKNOWN
GGLOC-08228,Cape Town,,Western Cape,UNKNOWN
GGLOC-08229,Kiev,,Ukraine,UNKNOWN
GGLOC-08230,Laurinburg,,Nc,UNKNOWN
GGLOC-08231,Mequon,,Wi,UNKNOWN
GGLOC-08232,Baddi,,Himachal Pradesh,UNKNOWN
GGLOC-08233,Palm Beach,,,UNKNOWN
GGLOC-08234,Mankato,,Mn,UNKNOWN
GGLOC-08235,Memphis,,Tn,UNKNOWN
GGLOC-08236,Iowa City,,Ia,UNKNOWN
GGLOC-08237,Chula Vista,,Ca,UNKNOWN
GGLOC-08238,Oneida,,Ny,UNKNOWN
GGLOC-08239,June 2015 To Present,,,UNKNOWN
GGLOC-08240,Newark,,De,UNKNOWN
GGLOC-08241,Pocatello,,Id,UNKNOWN
GGLOC-08242,Bozeman,,Mt,UNKNOWN
GGLOC-08243,South Bend,,In,UNKNOWN
GGLOC-08244,Harrisburg,,Pa,UNKNOWN
GGLOC-08245,Kilakarai,,Tamil Nadu,UNKNOWN
GGLOC-08246,Summerville,,Sc,UNKNOWN
GGLOC-08247,Nashville,,Tn,UNKNOWN
GGLOC-08248,Clayton,,Ok,UNKNOWN
GGLOC-08249,Onida,,Sd,UNKNOWN
GGLOC-08250,Elizabeth,,Nj,UNKNOWN
GGLOC-08251,Berea,,Oh,UNKNOWN
GGLOC-08252,Saint Petersburg,,Fl,UNKNOWN
GGLOC-08253,Bloomington,,,UNKNOWN
GGLOC-08254,Agra,,Uttar Pradesh,UNKNOWN
GGLOC-08255,Idaho Falls,,Id,UNKNOWN
GGLOC-08256,Pomona,,,UNKNOWN
GGLOC-08257,Warangal,,,UNKNOWN
GGLOC-08258,Poquoson,,Va,UNKNOWN
GGLOC-08259,Lamar University Campus Can Be Each State Different Buildings Of The University Business Autoservice Center,,,UNKNOWN
GGLOC-08260,Farmingville,,Ny,UNKNOWN
GGLOC-08261,Oxford,,Ga,UNKNOWN
GGLOC-08262,Bonita Springs,,Fl,UNKNOWN
GGLOC-08263,Salem,,Or,UNKNOWN
GGLOC-08264,Minneapolis,,Mn,UNKNOWN
GGLOC-08265,Riverdale,,Ny,UNKNOWN
GGLOC-08266,Pendleton,,Or,UNKNOWN
GGLOC-08267,Ettelbruck,,Luxembourg,UNKNOWN
GGLOC-08268,Huntersville,,Nc,UNKNOWN
GGLOC-08269,Rutgers Graduate School In Biochemistry,,,UNKNOWN
GGLOC-08270,Algiers,,,UNKNOWN
GGLOC-08271,Sewell,,Nj,UNKNOWN
GGLOC-08272,Stratford,,Nj,UNKNOWN
GGLOC-08273,Kingston,,Ri,UNKNOWN
GGLOC-08274,San Angelo,,Tx,UNKNOWN
GGLOC-08275,Coon Rapids,,Mn,UNKNOWN
GGLOC-08276,Washington,,Pa,UNKNOWN
GGLOC-08277,Waterloo,,Il,UNKNOWN
GGLOC-08278,Takoma Park - Silver Spring,,Md,UNKNOWN
GGLOC-08279,Hoboken Nj,,,UNKNOWN
GGLOC-08280,Athens,,Al,UNKNOWN
GGLOC-08281,Cottleville,,Mo,UNKNOWN
GGLOC-08282,Tuba City,,,UNKNOWN
GGLOC-08283,Carmichaels,,Pa,UNKNOWN
GGLOC-08284,Clayton Public School,,,UNKNOWN
GGLOC-08285,Cote D'Ivoire,,,UNKNOWN
GGLOC-08286,Wilmington,,De,UNKNOWN
GGLOC-08287,Tn,,,UNKNOWN
GGLOC-08288,Arlington,,,UNKNOWN
GGLOC-08289,Charleston,,Il,UNKNOWN
GGLOC-08290,Rome,,,UNKNOWN
GGLOC-08291,Bloomington,,In,UNKNOWN
GGLOC-08292,Walnut Creek,,Ca,UNKNOWN
GGLOC-08293,Brownwood,,Tx,UNKNOWN
GGLOC-08294,Harrisonburg,,,UNKNOWN
GGLOC-08295,Chestnut Hill,,Pa,UNKNOWN
GGLOC-08296,Scott Afb,,Il,UNKNOWN
GGLOC-08297,Elon,,Nc,UNKNOWN
GGLOC-08298,Victoria,,Tx,UNKNOWN
GGLOC-08299,Hsinchu City,,Taiwan,UNKNOWN
GGLOC-08300,Kentucky River News - River,,Ky,UNKNOWN
GGLOC-08301,Laguna,,Uk,UNKNOWN
GGLOC-08302,Bapatla,,India,UNKNOWN
GGLOC-08303,Millville,,Nj,UNKNOWN
GGLOC-08304,Havana,,,UNKNOWN
GGLOC-08305,Commerce,,,UNKNOWN
GGLOC-08306,Brunswick,,Nb,UNKNOWN
GGLOC-08307,Ventnor City,,Nj,UNKNOWN
GGLOC-08308,Maryville,,Tn,UNKNOWN
GGLOC-08309,Wilsonville,,Or,UNKNOWN
GGLOC-08310,Electronics And Communications Engineering,,,UNKNOWN
GGLOC-08311,Baton Rouge,,La,UNKNOWN
GGLOC-08312,Tashkent,,,UNKNOWN
GGLOC-08313,Millbrook,,Ny,UNKNOWN
GGLOC-08314,Keele,,,UNKNOWN
GGLOC-08315,Moscow,,,UNKNOWN
GGLOC-08316,Awassa,,,UNKNOWN
GGLOC-08317,Bogota,,,UNKNOWN
GGLOC-08318,Anne Arundel,,Md,UNKNOWN
GGLOC-08319,Bronx,,Ny,UNKNOWN
GGLOC-08320,Logan,,Ut,UNKNOWN
GGLOC-08321,Caracas,,Venezuela,UNKNOWN
GGLOC-08322,South Orange,,Nj,UNKNOWN
GGLOC-08323,Frostburg,,Wv,UNKNOWN
GGLOC-08324,Phoenixville,,Pa,UNKNOWN
GGLOC-08325,Tetouan,,,UNKNOWN
GGLOC-08326,August 2006 To June 2010,,,UNKNOWN
GGLOC-08327,Lyndhurst,,Nj,UNKNOWN
GGLOC-08328,West Jordan,,Ut,UNKNOWN
GGLOC-08329,Corning,,Ny,UNKNOWN
GGLOC-08330,2005 To 2007,,,UNKNOWN
GGLOC-08331,Hato Rey,,Pr,UNKNOWN
GGLOC-08332,Fort Gordon,,Ga,UNKNOWN
GGLOC-08333,Lima,,Lima,UNKNOWN
GGLOC-08334,Ashland,,Oh,UNKNOWN
GGLOC-08335,Sofia,,Bg,UNKNOWN
GGLOC-08336,Charleston,,Wv,UNKNOWN
GGLOC-08337,Township Of Monroe,,Nj,UNKNOWN
GGLOC-08338,University Park,,Il,UNKNOWN
GGLOC-08339,South Plainfield,,Nj,UNKNOWN
GGLOC-08340,Brisbane Qld,,,UNKNOWN
GGLOC-08341,Staunton,,Va,UNKNOWN
GGLOC-08342,Schofield Barracks,,Hi,UNKNOWN
GGLOC-08343,Wv,,,UNKNOWN
GGLOC-08344,New Hampshire,,,UNKNOWN
GGLOC-08345,Sangli,,Maharashtra,UNKNOWN
GGLOC-08346,Jinan,,Cn,UNKNOWN
GGLOC-08347,Purchase,,Ny,UNKNOWN
GGLOC-08348,Boardman,,Oh,UNKNOWN
GGLOC-08349,Santo Domingo,,Do,UNKNOWN
GGLOC-08350,Baddi,,In,UNKNOWN
GGLOC-08351,Harwich,,Ma,UNKNOWN
GGLOC-08352,Suitland,,Md,UNKNOWN
GGLOC-08353,Blackwood,,Nj,UNKNOWN
GGLOC-08354,Sal,,,UNKNOWN
GGLOC-08355,Patchogue,,Ny,UNKNOWN
GGLOC-08356,Johannesburg,,South Africa,UNKNOWN
GGLOC-08357,Madison,,In,UNKNOWN
GGLOC-08358,Parkersburg,,Wv,UNKNOWN
GGLOC-08359,Gaza,,,UNKNOWN
GGLOC-08360,North Bergen,,Nj,UNKNOWN
GGLOC-08361,New Paltz,,Ny,UNKNOWN
GGLOC-08362,Edinboro,,Pa,UNKNOWN
GGLOC-08363,Corinth,,Tx,UNKNOWN
GGLOC-08364,Saint Maur Des Fosses,,,UNKNOWN
GGLOC-08365,Donaldson,,Ar,UNKNOWN
GGLOC-08366,Pau,,Fr,UNKNOWN
GGLOC-08367,Macomb,,Il,UNKNOWN
GGLOC-08368,Janesville,,Wi,UNKNOWN
GGLOC-08369,Guntur,,Andhra Pradesh,UNKNOWN
GGLOC-08370,Olean,,Ny,UNKNOWN
GGLOC-08371,Beijing,,China,UNKNOWN
GGLOC-08372,Buffalo Ny,,,UNKNOWN
GGLOC-08373,Carbondale,,,UNKNOWN
GGLOC-08374,Hays,,Ks,UNKNOWN
GGLOC-08375,Hinesville,,Ga,UNKNOWN
GGLOC-08376,Palmer,,Ak,UNKNOWN
GGLOC-08377,Gandhinagar,,Gujarat,UNKNOWN
GGLOC-08378,Stanford,,Ca,UNKNOWN
GGLOC-08379,Gandhinagar,,India,UNKNOWN
GGLOC-08380,Portsmouth,,,UNKNOWN
GGLOC-08381,Ile -Ife,,,UNKNOWN
GGLOC-08382,San Salvador,,Pr,UNKNOWN
GGLOC-08383,Claymont,,De,UNKNOWN
GGLOC-08384,College Park,,Ga,UNKNOWN
GGLOC-08385,Elkins Park,,Pa,UNKNOWN
GGLOC-08386,Lawrenceburg,,In,UNKNOWN
GGLOC-08387,Prince Frederick,,Md,UNKNOWN
GGLOC-08388,San Marcos,,Tx,UNKNOWN
GGLOC-08389,Arendal,,No,UNKNOWN
GGLOC-08390,Youngstown,,Oh,UNKNOWN
GGLOC-08391,Jordan,,,UNKNOWN
GGLOC-08392,Greenville,,Il,UNKNOWN
GGLOC-08393,Chhattisgarh,,In,UNKNOWN
GGLOC-08394,Fishers,,In,UNKNOWN
GGLOC-08395,Winfield,,Ks,UNKNOWN
GGLOC-08396,Gorham,,Me,UNKNOWN
GGLOC-08397,Erie,,Pa,UNKNOWN
GGLOC-08398,Asmara,,Eritrea,UNKNOWN
GGLOC-08399,Wellington,,Fl,UNKNOWN
GGLOC-08400,Gu,,,UNKNOWN
GGLOC-08401,Brownsburg,,In,UNKNOWN
GGLOC-08402,Plainview,,Mn,UNKNOWN
GGLOC-08403,Habana,,Cu,UNKNOWN
GGLOC-08404,Karachi,,Pk,UNKNOWN
GGLOC-08405,Ottawa,,On,UNKNOWN
GGLOC-08406,Bridgewater,,Va,UNKNOWN
GGLOC-08407,Cleveland,,Tn,UNKNOWN
GGLOC-08408,Ogun St,,,UNKNOWN
GGLOC-08409,Gorakhpur,,Uttar Pradesh,UNKNOWN
GGLOC-08410,Teaneck Usa,,,UNKNOWN
GGLOC-08411,Guwahati,,Assam,UNKNOWN
GGLOC-08412,Jijel,,Algeria,UNKNOWN
GGLOC-08413,Nebraska,,Usa,UNKNOWN
GGLOC-08414,Sheboygan,,Wi,UNKNOWN
GGLOC-08415,Westbury,,Ny,UNKNOWN
GGLOC-08416,Amritsar,,Punjab,UNKNOWN
GGLOC-08417,Tokyo,,,UNKNOWN
GGLOC-08418,Phoenix,,,UNKNOWN
GGLOC-08419,Fairmont,,Wv,UNKNOWN
GGLOC-08420,Cynwyd,,Us,UNKNOWN
GGLOC-08421,Manhattan,,Ks,UNKNOWN
GGLOC-08422,Pamplona,,,UNKNOWN
GGLOC-08423,Vidyanagar,,In,UNKNOWN
GGLOC-08424,Tamilnadu,,India,UNKNOWN
GGLOC-08425,Mount Carmel,,Il,UNKNOWN
GGLOC-08426,Brea,,Ca,UNKNOWN
GGLOC-08427,Millersville,,Pa,UNKNOWN
GGLOC-08428,Newburg,,Ny,UNKNOWN
GGLOC-08429,Elizabethtown,,Ky,UNKNOWN
GGLOC-08430,Maxwell Afb,,Al,UNKNOWN
GGLOC-08431,Bogotá,,Cundinamarca,UNKNOWN
GGLOC-08432,Changchun,,Cn,UNKNOWN
GGLOC-08433,Abington,,Pa,UNKNOWN
GGLOC-08434,Bloomsbury,,Nj,UNKNOWN
GGLOC-08435,Dickinson,,Nd,UNKNOWN
GGLOC-08436,Brockport,,Ny,UNKNOWN
GGLOC-08437,Canoas,,,UNKNOWN
GGLOC-08438,Fort Walton Beach,,Fl,UNKNOWN
GGLOC-08439,Thodupuzha,,Kerala,UNKNOWN
GGLOC-08440,Mount Olive,,Nc,UNKNOWN
GGLOC-08441,Gettysburg,,Pa,UNKNOWN
GGLOC-08442,Ilorin,,Kwara State,UNKNOWN
GGLOC-08443,D.C,,,UNKNOWN
GGLOC-08444,Schaumburg,,Il,UNKNOWN
GGLOC-08445,Blace,,,UNKNOWN
GGLOC-08446,Schertz,,Tx,UNKNOWN
GGLOC-08447,Indianapolis,,In,UNKNOWN
GGLOC-08448,Kingsland,,Ga,UNKNOWN
GGLOC-08449,Nassau,,Bahamas,UNKNOWN
GGLOC-08450,Ocala,,Florida,UNKNOWN
GGLOC-08451,Pelion,,Sc,UNKNOWN
GGLOC-08452,Izhevsk,,,UNKNOWN
GGLOC-08453,Ryazan,,Ru,UNKNOWN
GGLOC-08454,Dundee,,,UNKNOWN
GGLOC-08455,Pennsauken,,Nj,UNKNOWN
GGLOC-08456,Long Beach,,,UNKNOWN
GGLOC-08457,Brussels,,Be,UNKNOWN
GGLOC-08458,Columbia,,Mo,UNKNOWN
GGLOC-08459,Wilberforce,,Ohio,UNKNOWN
GGLOC-08460,Miami Gardens,,Fl,UNKNOWN
GGLOC-08461,East Lansing,,Mi,UNKNOWN
GGLOC-08462,Milton,,Ma,UNKNOWN
GGLOC-08463,Dana Point,,Ca,UNKNOWN
GGLOC-08464,September 2016,,,UNKNOWN
GGLOC-08465,Milw,,,UNKNOWN
GGLOC-08466,Maynila,,,UNKNOWN
GGLOC-08467,Traverse City,,Mi,UNKNOWN
GGLOC-08468,Plymouth,,Mn,UNKNOWN
GGLOC-08469,Piedmont,,Va,UNKNOWN
GGLOC-08470,Middletown,,Nj,UNKNOWN
GGLOC-08471,The Woodlands,,Tx,UNKNOWN
GGLOC-08472,Waynesburg,,Pa,UNKNOWN
GGLOC-08473,Casablanca,,Ma,UNKNOWN
GGLOC-08474,Fort Campbell,,Ky,UNKNOWN
GGLOC-08475,Yunnan,,Cn,UNKNOWN
GGLOC-08476,Leeds,,,UNKNOWN
GGLOC-08477,Hi,,,UNKNOWN
GGLOC-08478,Computers,,,UNKNOWN
GGLOC-08479,Cabinda,,,UNKNOWN
GGLOC-08480,Big Rapids,,Michigan,UNKNOWN
GGLOC-08481,St. Cloud,,Mn,UNKNOWN
GGLOC-08482,Biloxi,,Ms,UNKNOWN
GGLOC-08483,Davis,,Ca,UNKNOWN
GGLOC-08484,Clifton,,Nj,UNKNOWN
GGLOC-08485,Asheboro,,Nc,UNKNOWN
GGLOC-08486,Humble,,Tx,UNKNOWN
GGLOC-08487,Analysis & Design,,,UNKNOWN
GGLOC-08488,Bogotá,,Co,UNKNOWN
GGLOC-08489,Ma,,,UNKNOWN
GGLOC-08490,Amherst,,Ny,UNKNOWN
GGLOC-08491,Zhejiang,,,UNKNOWN
GGLOC-08492,Chino Hills,,Ca,UNKNOWN
GGLOC-08493,Mo,,,UNKNOWN
GGLOC-08494,Varanasi,,Uttar Pradesh,UNKNOWN
GGLOC-08495,Annandale,,,UNKNOWN
GGLOC-08496,Harbin,,Cn,UNKNOWN
GGLOC-08497,Brooklyn Park,,Mn,UNKNOWN
GGLOC-08498,Brazil,,,UNKNOWN
GGLOC-08499,Chandler,,Az,UNKNOWN
GGLOC-08500,Ilorin,,,UNKNOWN
GGLOC-08501,Bellevue,,Wa,UNKNOWN
GGLOC-08502,Foster,,Pa,UNKNOWN
GGLOC-08503,Mason City,,Ia,UNKNOWN
GGLOC-08504,Morristown,,Nj,UNKNOWN
GGLOC-08505,Kharagpur,,,UNKNOWN
GGLOC-08506,Collegeville,,Pa,UNKNOWN
GGLOC-08507,Farmers Branch,,Tx,UNKNOWN
GGLOC-08508,Tiruchchirappalli,,Tamil Nadu,UNKNOWN
GGLOC-08509,San Dimas,,Ca,UNKNOWN
GGLOC-08510,Hubli,,Karnataka,UNKNOWN
GGLOC-08511,Locust Valley,,Ny,UNKNOWN
GGLOC-08512,Westminster,,,UNKNOWN
GGLOC-08513,Levelland,,Tx,UNKNOWN
GGLOC-08514,Geneva,,Ch,UNKNOWN
GGLOC-08515,Auburndale,,Fl,UNKNOWN
GGLOC-08516,Saint George,,Ut,UNKNOWN
GGLOC-08517,Greenville,,Oh,UNKNOWN
GGLOC-08518,Gold Coast,,Australia,UNKNOWN
GGLOC-08519,Lomé,,,UNKNOWN
GGLOC-08520,Boone,,Nc,UNKNOWN
GGLOC-08521,Hickory,,Nc,UNKNOWN
GGLOC-08522,Fairfield,,Nj,UNKNOWN
GGLOC-08523,Winnetka,,Ca,UNKNOWN
GGLOC-08524,June 1999,,,UNKNOWN
GGLOC-08525,Rancho Cordova,,Ca,UNKNOWN
GGLOC-08526,Montréal,,Qc,UNKNOWN
GGLOC-08527,Ashburn,,Va,UNKNOWN
GGLOC-08528,Sterling,,Va,UNKNOWN
GGLOC-08529,Brookline,,Ma,UNKNOWN
GGLOC-08530,Vasad,,Gujarat,UNKNOWN
GGLOC-08531,Little Rock,,Ar,UNKNOWN
GGLOC-08532,Kennesaw State University,,,UNKNOWN
GGLOC-08533,Atlanta,,,UNKNOWN
GGLOC-08534,Brooksville,,Fl,UNKNOWN
GGLOC-08535,Corinth,,Texas,UNKNOWN
GGLOC-08536,Fort Story,,Va,UNKNOWN
GGLOC-08537,Garrison,,Nd,UNKNOWN
GGLOC-08538,Alpha,,Nj,UNKNOWN
GGLOC-08539,Ladson,,Sc,UNKNOWN
GGLOC-08540,Chantilly,,Us,UNKNOWN
GGLOC-08541,Epping,,Nd,UNKNOWN
GGLOC-08542,Nebraska State Penitentiary,,,UNKNOWN
GGLOC-08543,Texas State University,,,UNKNOWN
GGLOC-08544,Maple Heights,,Oh,UNKNOWN
GGLOC-08545,Riverview,,Fl,UNKNOWN
GGLOC-08546,Victor Cloud - In,,,UNKNOWN
GGLOC-08547,January 2001 To January 2002,,,UNKNOWN
GGLOC-08548,Salem,,Il,UNKNOWN
GGLOC-08549,Www.Computermarketresearch.Com,,,UNKNOWN
GGLOC-08550,Fountain Hills,,Az,UNKNOWN
GGLOC-08551,Cuba,,Al,UNKNOWN
GGLOC-08552,Gulf Coast District,,,UNKNOWN
GGLOC-08553,Big Flats,,Ny,UNKNOWN
GGLOC-08554,Kiln,,Ms,UNKNOWN
GGLOC-08555,Dorchester,,Ma,UNKNOWN
GGLOC-08556,Rio De Janeiro And Belo Horizonte,,Brazil,UNKNOWN
GGLOC-08557,District Heights,,Md,UNKNOWN
GGLOC-08558,Bucaramanga,,Colombia,UNKNOWN
GGLOC-08559,Highland Park,,Tx,UNKNOWN
GGLOC-08560,Ceige,,La Havana Cuba,UNKNOWN
GGLOC-08561,Career Note,,,UNKNOWN
GGLOC-08562,Basking Ridge,,Nj,UNKNOWN
GGLOC-08563,Inkster,,Mi,UNKNOWN
GGLOC-08564,Belleville,,Nj,UNKNOWN
GGLOC-08565,Mount Dora,,Fl,UNKNOWN
GGLOC-08566,Fitchburg,,Wi,UNKNOWN
GGLOC-08567,Sandy Ridge,,Nc,UNKNOWN
GGLOC-08568,West Point,,Va,UNKNOWN
GGLOC-08569,Beulah,,Nd,UNKNOWN
GGLOC-08570,Malboro,,Ma,UNKNOWN
GGLOC-08571,Upper Gwynedd,,Pa,UNKNOWN
GGLOC-08572,Georgetown,,Ct,UNKNOWN
GGLOC-08573,Boulder City,,Nv,UNKNOWN
GGLOC-08574,Buckhead,,Ga,UNKNOWN
GGLOC-08575,Hazelwood,,Mo,UNKNOWN
GGLOC-08576,Butte,,Mt,UNKNOWN
GGLOC-08577,Waynesville,,Mo,UNKNOWN
GGLOC-08578,Millersville,,Maryland,UNKNOWN
GGLOC-08579,Windsor Locks,,Ct,UNKNOWN
GGLOC-08580,Mccandless,,Pa,UNKNOWN
GGLOC-08581,Keeling Systems,,Llc,UNKNOWN
GGLOC-08582,Santa Cruz,,Bolivia,UNKNOWN
GGLOC-08583,Jersy City,,Nj,UNKNOWN
GGLOC-08584,Colgate,,Ny,UNKNOWN
GGLOC-08585,Chase,,Md,UNKNOWN
GGLOC-08586,Hopewell Junction,,Ny,UNKNOWN
GGLOC-08587,Cftc,,,UNKNOWN
GGLOC-08588,Eddystone,,Pa,UNKNOWN
GGLOC-08589,San Fransicso,,Ca,UNKNOWN
GGLOC-08590,Virginia Reston,,Va,UNKNOWN
GGLOC-08591,Owings Hills,,Md,UNKNOWN
GGLOC-08592,Palos Heights,,Il,UNKNOWN
GGLOC-08593,Harahan,,La,UNKNOWN
GGLOC-08594,Ellenton,,Fl,UNKNOWN
GGLOC-08595,Bristol,,Va,UNKNOWN
GGLOC-08596,Colombes,,,UNKNOWN
GGLOC-08597,Junior,,Wv,UNKNOWN
GGLOC-08598,Greensburg,,In,UNKNOWN
GGLOC-08599,Citrus Heights,,Ca,UNKNOWN
GGLOC-08600,Atwater,,Ca,UNKNOWN
GGLOC-08601,Astoria,,Ny,UNKNOWN
GGLOC-08602,Worldwide,,,UNKNOWN
GGLOC-08603,??,,,UNKNOWN
GGLOC-08604,Mutual,,Pa,UNKNOWN
GGLOC-08605,Summer,,Ny,UNKNOWN
GGLOC-08606,Patterson,,La,UNKNOWN
GGLOC-08607,Honduras,,Panama,UNKNOWN
GGLOC-08608,Personal Project,,,UNKNOWN
GGLOC-08609,Coralville,,Ia,UNKNOWN
GGLOC-08610,Sunnyside,,Ny,UNKNOWN
GGLOC-08611,Fairfax,,V.A,UNKNOWN
GGLOC-08612,New Hudson,,Mi,UNKNOWN
GGLOC-08613,Maplewood,,Mo,UNKNOWN
GGLOC-08614,Redmond,,Or,UNKNOWN
GGLOC-08615,Northville,,Mi,UNKNOWN
GGLOC-08616,Creswell,,Or,UNKNOWN
GGLOC-08617,Kaiserslautern,,De,UNKNOWN
GGLOC-08618,Colombia,,,UNKNOWN
GGLOC-08619,Millcreek Farms,,,UNKNOWN
GGLOC-08620,Silverton,,Or,UNKNOWN
GGLOC-08621,Plano,,Tx (Remote),UNKNOWN
GGLOC-08622,Department Of Defense,,,UNKNOWN
GGLOC-08623,Bellerose,,Ny,UNKNOWN
GGLOC-08624,Kentucky - Nc,,,UNKNOWN
GGLOC-08625,Portage,,Mi,UNKNOWN
GGLOC-08626,Seatac,,Wa,UNKNOWN
GGLOC-08627,Gwinner,,Nd,UNKNOWN
GGLOC-08628,Councilor Saint Charles,,Mo,UNKNOWN
GGLOC-08629,Northglenn,,Co,UNKNOWN
GGLOC-08630,Lori,,,UNKNOWN
GGLOC-08631,Wappinger Falls,,Ny,UNKNOWN
GGLOC-08632,Arcadia,,Wi,UNKNOWN
GGLOC-08633,Amherst,,Oh,UNKNOWN
GGLOC-08634,Scranton/Pennsyslvania,,,UNKNOWN
GGLOC-08635,Www.Mysupercleaners.Com,,,UNKNOWN
GGLOC-08636,Azores,,Portugal,UNKNOWN
GGLOC-08637,Patiala,,India,UNKNOWN
GGLOC-08638,Verizon,,Tx,UNKNOWN
GGLOC-08639,Southaven,,Ms,UNKNOWN
GGLOC-08640,Sandpoint,,Id,UNKNOWN
GGLOC-08641,Burlington,,Nj,UNKNOWN
GGLOC-08642,Kenilworth,,Nj,UNKNOWN
GGLOC-08643,Malden,,Ma,UNKNOWN
GGLOC-08644,Mayville,,Ny,UNKNOWN
GGLOC-08645,Cloud And Enterprise,,,UNKNOWN
GGLOC-08646,Mt. Vernon,,Il,UNKNOWN
GGLOC-08647,Centerville,,Ut,UNKNOWN
GGLOC-08648,Nevada City,,Ca,UNKNOWN
GGLOC-08649,Hankinson,,Nd,UNKNOWN
GGLOC-08650,Delray Beach,,Fl,UNKNOWN
GGLOC-08651,Rosslyn,,Va,UNKNOWN
GGLOC-08652,San Diego,,Usa,UNKNOWN
GGLOC-08653,West Simsbury,,Ct,UNKNOWN
GGLOC-08654,May 2018 To January 2019,,,UNKNOWN
GGLOC-08655,Pittsburgh,,Pennsylvania,UNKNOWN
GGLOC-08656,Utuado,,Us,UNKNOWN
GGLOC-08657,Longview,,Tx,UNKNOWN
GGLOC-08658,Baltimore,,Md 21201,UNKNOWN
GGLOC-08659,Orlando,,Us,UNKNOWN
GGLOC-08660,Joint Base Lewis-Mcchord,,,UNKNOWN
GGLOC-08661,Durand,,Wi,UNKNOWN
GGLOC-08662,Woodcliff Lake,,Nj,UNKNOWN
GGLOC-08663,Englewood,,Colorado,UNKNOWN
GGLOC-08664,Rogers,,Ar,UNKNOWN
GGLOC-08665,Western Nd,,,UNKNOWN
GGLOC-08666,Fairless Hills,,Pa,UNKNOWN
GGLOC-08667,Guatemala C.A.,,,UNKNOWN
GGLOC-08668,Lemoore,,Ca,UNKNOWN
GGLOC-08669,Quinnox,,I,UNKNOWN
GGLOC-08670,Remote/Contract,,,UNKNOWN
GGLOC-08671,Singapur,,Pr,UNKNOWN
GGLOC-08672,Marshall,,Al,UNKNOWN
GGLOC-08673,Eufaula,,Al,UNKNOWN
GGLOC-08674,California,,Md,UNKNOWN
GGLOC-08675,Sewickley,,Pa,UNKNOWN
GGLOC-08676,West Point,,Ga,UNKNOWN
GGLOC-08677,Erie,,Co,UNKNOWN
GGLOC-08678,Davis-Monthan Afb,,Ga,UNKNOWN
GGLOC-08679,Broadview,,Il,UNKNOWN
GGLOC-08680,Millington,,Tn,UNKNOWN
GGLOC-08681,Dulles,,Va,UNKNOWN
GGLOC-08682,Tehran-Ir,,,UNKNOWN
GGLOC-08683,Canal Winchester,,Oh,UNKNOWN
GGLOC-08684,Peru,,,UNKNOWN
GGLOC-08685,Endicott,,Ny,UNKNOWN
GGLOC-08686,Molyko,,Cameroon,UNKNOWN
GGLOC-08687,Mason,,Mi,UNKNOWN
GGLOC-08688,Client - Ceva Logistics,,,UNKNOWN
GGLOC-08689,Arizona State University,,,UNKNOWN
GGLOC-08690,Shaker Heights,,Oh,UNKNOWN
GGLOC-08691,Kenya,,Africa,UNKNOWN
GGLOC-08692,North Lauderdale,,Fl,UNKNOWN
GGLOC-08693,Arequipa,,Pe,UNKNOWN
GGLOC-08694,Baghdad-Iraq,,,UNKNOWN
GGLOC-08695,Los Angeles County,,Ca,UNKNOWN
GGLOC-08696,Redwood Shores,,Ca,UNKNOWN
GGLOC-08697,Annandale,,Mn,UNKNOWN
GGLOC-08698,Michigan,,Us,UNKNOWN
GGLOC-08699,March Arb,,Ca,UNKNOWN
GGLOC-08700,Hartford,,Us,UNKNOWN
GGLOC-08701,Blue Diamond,,Nv,UNKNOWN
GGLOC-08702,Wilton Ct/Irving Tx,,,UNKNOWN
GGLOC-08703,Bellport,,Ny,UNKNOWN
GGLOC-08704,Rehoboth Beach,,De,UNKNOWN
GGLOC-08705,Budapest,,,UNKNOWN
GGLOC-08706,East Brunswick,,Nj,UNKNOWN
GGLOC-08707,Hampstead,,Md,UNKNOWN
GGLOC-08708,Annapolis,,Us,UNKNOWN
GGLOC-08709,Crossville,,Tn,UNKNOWN
GGLOC-08710,Brigham,,Pa,UNKNOWN
GGLOC-08711,Bad Axe,,Mi,UNKNOWN
GGLOC-08712,Hollis,,Nh,UNKNOWN
GGLOC-08713,Neuilly Sur Seine,,Fr,UNKNOWN
GGLOC-08714,Mansfield Center,,Ct,UNKNOWN
GGLOC-08715,Henrietta,,Ny,UNKNOWN
GGLOC-08716,Bhopal,,Ind,UNKNOWN
GGLOC-08717,Troy Hills,,Nj,UNKNOWN
GGLOC-08718,Ringgold,,Ga,UNKNOWN
GGLOC-08719,Milton,,Nh,UNKNOWN
GGLOC-08720,Howell,,M. I,UNKNOWN
GGLOC-08721,Osan,,South Korea,UNKNOWN
GGLOC-08722,Dod Dmdc,,,UNKNOWN
GGLOC-08723,Franklin,,Ma,UNKNOWN
GGLOC-08724,Lewis Center,,Oh,UNKNOWN
GGLOC-08725,Southfield/Lansing,,Mi,UNKNOWN
GGLOC-08726,Classified,,,UNKNOWN
GGLOC-08727,Bryn Mawr,,Pa,UNKNOWN
GGLOC-08728,La Porte,,Tx,UNKNOWN
GGLOC-08729,San Antonio,,Tx 78288,UNKNOWN
GGLOC-08730,Fort Rucker,,Al,UNKNOWN
GGLOC-08731,New Albany,,Ms,UNKNOWN
GGLOC-08732,Clayton,,Mo,UNKNOWN
GGLOC-08733,Cardiff,,Ca,UNKNOWN
GGLOC-08734,Weehawken,,,UNKNOWN
GGLOC-08735,Gwalior,,,UNKNOWN
GGLOC-08736,California,,And Texas,UNKNOWN
GGLOC-08737,Hyannis,,Ma,UNKNOWN
GGLOC-08738,Balad,,Iraq,UNKNOWN
GGLOC-08739,Fox Lake,,Il,UNKNOWN
GGLOC-08740,Casa Grande,,Az,UNKNOWN
GGLOC-08741,Middletown,,Md,UNKNOWN
GGLOC-08742,Sheridan,,Il,UNKNOWN
GGLOC-08743,Marlboro,,Nj,UNKNOWN
GGLOC-08744,Tysons,,Va,UNKNOWN
GGLOC-08745,Locust Grove,,Va,UNKNOWN
GGLOC-08746,Swan St,,Ny,UNKNOWN
GGLOC-08747,Springfield,,Virginia,UNKNOWN
GGLOC-08748,Oman,,,UNKNOWN
GGLOC-08749,Mccamey,,Tx,UNKNOWN
GGLOC-08750,Cortland,,Ny,UNKNOWN
GGLOC-08751,Allentown,,Nj,UNKNOWN
GGLOC-08752,Socorro,,N,UNKNOWN
GGLOC-08753,La Havana,,La,UNKNOWN
GGLOC-08754,Cross River State And Interswitch Joint Venture As Part Of Egovernment Service Portal,,,UNKNOWN
GGLOC-08755,Pascagoula,,Ms,UNKNOWN
GGLOC-08756,University Of Bridgeport,,,UNKNOWN
GGLOC-08757,Devens,,Ma,UNKNOWN
GGLOC-08758,West Lawn,,Pa,UNKNOWN
GGLOC-08759,Shelton,,Ct,UNKNOWN
GGLOC-08760,Gujrat,,Pakistan,UNKNOWN
GGLOC-08761,Victoria,,Au,UNKNOWN
GGLOC-08762,Paxtuxent River,,Us,UNKNOWN
GGLOC-08763,Sodus,,Ny,UNKNOWN
GGLOC-08764,Lebanon Springs,,Ny,UNKNOWN
GGLOC-08765,Poughkeepsie,,,UNKNOWN
GGLOC-08766,Tx Richardson,,Tx,UNKNOWN
GGLOC-08767,Région De Nancy,,France,UNKNOWN
GGLOC-08768,Century City,,Ca,UNKNOWN
GGLOC-08769,Overland Park,,Va,UNKNOWN
GGLOC-08770,Clermont,,Fl,UNKNOWN
GGLOC-08771,Cádiz,,Cádiz Provincia,UNKNOWN
GGLOC-08772,Seacaucus,,Nj,UNKNOWN
GGLOC-08773,Camp Geiger,,Us,UNKNOWN
GGLOC-08774,Lake Villa,,Il,UNKNOWN
GGLOC-08775,Thomasville,,Nc,UNKNOWN
GGLOC-08776,Lucknow,,Up,UNKNOWN
GGLOC-08777,Norwich,,Oh,UNKNOWN
GGLOC-08778,Hallam,,Pa,UNKNOWN
GGLOC-08779,Ridgewood,,Nj,UNKNOWN
GGLOC-08780,Raritan,,Nj,UNKNOWN
GGLOC-08781,Harrison,,Oh,UNKNOWN
GGLOC-08782,Moosic,,Pa,UNKNOWN
GGLOC-08783,Camp Arifjan,,,UNKNOWN
GGLOC-08784,Fairview,,Or,UNKNOWN
GGLOC-08785,East Peoria,,Il,UNKNOWN
GGLOC-08786,Mcalester,,Ok,UNKNOWN
GGLOC-08787,Vellore,,,UNKNOWN
GGLOC-08788,Satellite Beach,,Fl,UNKNOWN
GGLOC-08789,Passaic,,Nj,UNKNOWN
GGLOC-08790,Townson,,Md,UNKNOWN
GGLOC-08791,Shenzhen,,,UNKNOWN
GGLOC-08792,Salt Point,,Ny,UNKNOWN
GGLOC-08793,Ennis,,Tx,UNKNOWN
GGLOC-08794,Iowa,,Ia,UNKNOWN
GGLOC-08795,Bristol,,Uk,UNKNOWN
GGLOC-08796,Commerce,,Ga,UNKNOWN
GGLOC-08797,Wheelersburg,,Oh,UNKNOWN
GGLOC-08798,North Las Vegas,,Nv,UNKNOWN
GGLOC-08799,East Syracuse,,Ny,UNKNOWN
GGLOC-08800,National Institutes Of Health - National Cancer Institute,,,UNKNOWN
GGLOC-08801,Hilliard,,Oh,UNKNOWN
GGLOC-08802,Inglewood,,Co,UNKNOWN
GGLOC-08803,Woodinville,,Washington,UNKNOWN
GGLOC-08804,Northrop Grumman Corp,,,UNKNOWN
GGLOC-08805,Fda,,Arcic,UNKNOWN
GGLOC-08806,Quad City Area - Security Davenport,,Ia,UNKNOWN
GGLOC-08807,Bluebell,,Pa,UNKNOWN
GGLOC-08808,Bentonville,,Us,UNKNOWN
GGLOC-08809,Stockholm,,Se,UNKNOWN
GGLOC-08810,Ft. Hood,,,UNKNOWN
GGLOC-08811,Palmer Lake,,Co,UNKNOWN
GGLOC-08812,East Greenbush,,Ny,UNKNOWN
GGLOC-08813,Poland,,,UNKNOWN
GGLOC-08814,In House It For Non-Profit,,,UNKNOWN
GGLOC-08815,Fort Carson,,And Fallujah,UNKNOWN
GGLOC-08816,Hormigueros,,Pr,UNKNOWN
GGLOC-08817,Haleyville,,Al,UNKNOWN
GGLOC-08818,Mattituck,,Ny,UNKNOWN
GGLOC-08819,Fair Lawn,,Nj,UNKNOWN
GGLOC-08820,Richfield,,Oh,UNKNOWN
GGLOC-08821,Wrightsville,,Ga,UNKNOWN
GGLOC-08822,Helotes,,Tx,UNKNOWN
GGLOC-08823,Nationwide,,,UNKNOWN
GGLOC-08824,Sa,,,UNKNOWN
GGLOC-08825,Macdill Afb,,Fl,UNKNOWN
GGLOC-08826,Us House Of Representative,,,UNKNOWN
GGLOC-08827,Peterborough,,Uk,UNKNOWN
GGLOC-08828,Ecotower,,Metro Manila,UNKNOWN
GGLOC-08829,Columbus,,Mi,UNKNOWN
GGLOC-08830,Isabela,,Us,UNKNOWN
GGLOC-08831,Warrenville,,Il,UNKNOWN
GGLOC-08832,Md,,Silver Spring,UNKNOWN
GGLOC-08833,Pablo,,Mt,UNKNOWN
GGLOC-08834,Warsaw,,Poland,UNKNOWN
GGLOC-08835,Raleigh,,,UNKNOWN
GGLOC-08836,Key Biscayne,,Fl,UNKNOWN
GGLOC-08837,Mid-West,,Canada,UNKNOWN
GGLOC-08838,Miami Beach,,,UNKNOWN
GGLOC-08839,Burlington,,Wi,UNKNOWN
GGLOC-08840,Okeechobee,,Fl,UNKNOWN
GGLOC-08841,East Hanover,,Us,UNKNOWN
GGLOC-08842,Ayer,,Ma,UNKNOWN
GGLOC-08843,Greece,,,UNKNOWN
GGLOC-08844,Camp Dwyer,,Afghanistan,UNKNOWN
GGLOC-08845,Nyc Metro Or Nj Regions,,,UNKNOWN
GGLOC-08846,Camilla,,Ga,UNKNOWN
GGLOC-08847,Hermitage,,Tn,UNKNOWN
GGLOC-08848,Carrollton,,Va,UNKNOWN
GGLOC-08849,91355,,,UNKNOWN
GGLOC-08850,Valley Village,,Ca,UNKNOWN
GGLOC-08851,Glenwood Springs,,Co,UNKNOWN
GGLOC-08852,Ciudad De México,,D. F.,UNKNOWN
GGLOC-08853,Bellwood,,Il,UNKNOWN
GGLOC-08854,Sayers Group,,Llc,UNKNOWN
GGLOC-08855,Spotswood,,Nj,UNKNOWN
GGLOC-08856,May Field Heights,,Ohio,UNKNOWN
GGLOC-08857,Staten Island,,,UNKNOWN
GGLOC-08858,Whitesville,,Wv,UNKNOWN
GGLOC-08859,Mansfield,,Ma,UNKNOWN
GGLOC-08860,Cincinnati,,Oh 45231,UNKNOWN
GGLOC-08861,Port Richey,,Fl,UNKNOWN
GGLOC-08862,N Canton,,Oh,UNKNOWN
GGLOC-08863,Vernon Hills,,Il,UNKNOWN
GGLOC-08864,Dewitt,,Ny,UNKNOWN
GGLOC-08865,Port Washington,,Ny,UNKNOWN
GGLOC-08866,Pawleys Island,,Sc,UNKNOWN
GGLOC-08867,Greenwood Village,,Us,UNKNOWN
GGLOC-08868,Zimmerman,,Mn,UNKNOWN
GGLOC-08869,Contractor To Wisconsin Physician Service,,,UNKNOWN
GGLOC-08870,Corona - Norco,,Ca,UNKNOWN
GGLOC-08871,Dunnellon,,Fl,UNKNOWN
GGLOC-08872,Spring 2014,,,UNKNOWN
GGLOC-08873,Salisberry,,Ma,UNKNOWN
GGLOC-08874,Munich,,,UNKNOWN
GGLOC-08875,West Bridgewater,,Ma,UNKNOWN
GGLOC-08876,Federal Way,,Wa,UNKNOWN
GGLOC-08877,Plymouth Ma,,,UNKNOWN
GGLOC-08878,Col Springs,,Co,UNKNOWN
GGLOC-08879,Weston,,Ma,UNKNOWN
GGLOC-08880,Dickinson,,Tx,UNKNOWN
GGLOC-08881,San Pedro,,Ca,UNKNOWN
GGLOC-08882,Right Management Inc,,,UNKNOWN
GGLOC-08883,Dracut,,Ma,UNKNOWN
GGLOC-08884,On-Site,,,UNKNOWN
GGLOC-08885,Roslyn,,Ny,UNKNOWN
GGLOC-08886,Camp Arifjan,,Kuwait,UNKNOWN
GGLOC-08887,Ballston,,Va,UNKNOWN
GGLOC-08888,Denver,,Pa,UNKNOWN
GGLOC-08889,Morrisville,,Pa,UNKNOWN
GGLOC-08890,????????,,,UNKNOWN
GGLOC-08891,Dallas,,Nc,UNKNOWN
GGLOC-08892,Guayaquil,,Provincia Del Guayas,UNKNOWN
GGLOC-08893,Norfolk,,Virginia,UNKNOWN
GGLOC-08894,Mpumalanga,,Kwazulu-Natal,UNKNOWN
GGLOC-08895,Danville,,Ca,UNKNOWN
GGLOC-08896,Rock Island Arsenal,,Il,UNKNOWN
GGLOC-08897,Melbourne,,Australia,UNKNOWN
GGLOC-08898,Lexington,,Nc,UNKNOWN
GGLOC-08899,Vadnais Heights,,Mn,UNKNOWN
GGLOC-08900,Charolette,,Nc,UNKNOWN
GGLOC-08901,Roscoe,,Il,UNKNOWN
GGLOC-08902,Macidonia,,,UNKNOWN
GGLOC-08903,Fairmont,,West Virginia,UNKNOWN
GGLOC-08904,Yorkville,,Il,UNKNOWN
GGLOC-08905,Small Medium Enterprise(Sme),,,UNKNOWN
GGLOC-08906,Seneca Falls,,Us,UNKNOWN
GGLOC-08907,Ma,,Us,UNKNOWN
GGLOC-08908,Arvada,,Co,UNKNOWN
GGLOC-08909,Pleasantville,,Nj,UNKNOWN
GGLOC-08910,May 2008 To May 2008,,,UNKNOWN
GGLOC-08911,Dover,,Us,UNKNOWN
GGLOC-08912,Newton,,Ma,UNKNOWN
GGLOC-08913,Easton,,Md,UNKNOWN
GGLOC-08914,Airway Heights,,Wa,UNKNOWN
GGLOC-08915,East Petersburg,,Pa,UNKNOWN
GGLOC-08916,Ashtabula,,Oh,UNKNOWN
GGLOC-08917,Marine Corps Base Camp Pendleton,,,UNKNOWN
GGLOC-08918,Marysville,,Ca,UNKNOWN
GGLOC-08919,Milford,,In,UNKNOWN
GGLOC-08920,Sidney,,Oh,UNKNOWN
GGLOC-08921,Fl,,,UNKNOWN
GGLOC-08922,Huntington,,Ny,UNKNOWN
GGLOC-08923,Corona,,Ca,UNKNOWN
GGLOC-08924,Ho Chi Minh City,,Viet Nam,UNKNOWN
GGLOC-08925,Yuchengco Tower,,Makati City,UNKNOWN
GGLOC-08926,Tully,,Ny,UNKNOWN
GGLOC-08927,Mills,,Wy,UNKNOWN
GGLOC-08928,Auburn,,Ma,UNKNOWN
GGLOC-08929,Remote/Onsite,,,UNKNOWN
GGLOC-08930,Saint Paul,,Mo,UNKNOWN
GGLOC-08931,Haifa,,Il,UNKNOWN
GGLOC-08932,Unites Contract,,,UNKNOWN
GGLOC-08933,Molesworth,,United Kingdom,UNKNOWN
GGLOC-08934,Florence,,Ky,UNKNOWN
GGLOC-08935,Dea,,Va,UNKNOWN
GGLOC-08936,Fruitland Park,,Fl,UNKNOWN
GGLOC-08937,Fox Chapel,,Pa,UNKNOWN
GGLOC-08938,Virginia Beach,,Virginia,UNKNOWN
GGLOC-08939,Ossian,,In,UNKNOWN
GGLOC-08940,Fort Belvoir,,Virginia,UNKNOWN
GGLOC-08941,Chestertown,,Md,UNKNOWN
GGLOC-08942,Denton,,Texas,UNKNOWN
GGLOC-08943,Pinole,,Ca,UNKNOWN
GGLOC-08944,Punjab,,In,UNKNOWN
GGLOC-08945,White Plains,,Md,UNKNOWN
GGLOC-08946,Mount Vernon,,Oh,UNKNOWN
GGLOC-08947,Trooper,,Pa,UNKNOWN
GGLOC-08948,Cream Ridge,,Nj,UNKNOWN
GGLOC-08949,Perryville,,Mo,UNKNOWN
GGLOC-08950,Pompano Beach,,Fl,UNKNOWN
GGLOC-08951,Panora,,Ia,UNKNOWN
GGLOC-08952,Lackland Afb,,,UNKNOWN
GGLOC-08953,Tirane,,Albania,UNKNOWN
GGLOC-08954,Manasquan,,Nj,UNKNOWN
GGLOC-08955,Little Canada,,Mn,UNKNOWN
GGLOC-08956,Pearl,,Ms,UNKNOWN
GGLOC-08957,Lagrange,,Us,UNKNOWN
GGLOC-08958,Durham,,Ct,UNKNOWN
GGLOC-08959,Bradford,,Oh,UNKNOWN
GGLOC-08960,Baptist Health,,,UNKNOWN
GGLOC-08961,Remote Location,,,UNKNOWN
GGLOC-08962,West Virginia,,Us,UNKNOWN
GGLOC-08963,Freedom,,Pa,UNKNOWN
GGLOC-08964,Adkins,,Tx,UNKNOWN
GGLOC-08965,Seekonk,,Ma,UNKNOWN
GGLOC-08966,Clifton Park,,Ny,UNKNOWN
GGLOC-08967,Frederick,,Co,UNKNOWN
GGLOC-08968,Sacaton,,Az,UNKNOWN
GGLOC-08969,Shenzhen,,China,UNKNOWN
GGLOC-08970,Willow Park,,Tx,UNKNOWN
GGLOC-08971,Ft Lauderdale,,Fl,UNKNOWN
GGLOC-08972,Okaloosa,,Us,UNKNOWN
GGLOC-08973,Paramaribo,,Sr,UNKNOWN
GGLOC-08974,Seward,,Ak,UNKNOWN
GGLOC-08975,Park Forest,,Il,UNKNOWN
GGLOC-08976,Bratislava,,Sk,UNKNOWN
GGLOC-08977,Ft Mead,,Md,UNKNOWN
GGLOC-08978,Temp Contract Role,,,UNKNOWN
GGLOC-08979,Laporte,,In,UNKNOWN
GGLOC-08980,Porterville,,Ca,UNKNOWN
GGLOC-08981,Uae,,,UNKNOWN
GGLOC-08982,Corinth,,Ny,UNKNOWN
GGLOC-08983,Albany,,,UNKNOWN
GGLOC-08984,Pompano Beach Fl,,,UNKNOWN
GGLOC-08985,Plano,,Us,UNKNOWN
GGLOC-08986,Mount Juliet,,Tn,UNKNOWN
GGLOC-08987,Stamford,,Il,UNKNOWN
GGLOC-08988,Mildenhall,,United Kingdom,UNKNOWN
GGLOC-08989,Concordia,,Mo,UNKNOWN
GGLOC-08990,Langley Afb,,Va 23665,UNKNOWN
GGLOC-08991,Union,,,UNKNOWN
GGLOC-08992,Woodstock,,Ny,UNKNOWN
GGLOC-08993,Za,,,UNKNOWN
GGLOC-08994,Atlanta,,Washington,UNKNOWN
GGLOC-08995,Roseland,,Va,UNKNOWN
GGLOC-08996,Bentonville,,,UNKNOWN
GGLOC-08997,Aiken,,Sc,UNKNOWN
GGLOC-08998,Alphareretta,,Ga,UNKNOWN
GGLOC-08999,Austin,,Us,UNKNOWN
GGLOC-09000,Peachtree City,,Ga,UNKNOWN
GGLOC-09001,San Antoni,,,UNKNOWN
GGLOC-09002,Canton,,Nc,UNKNOWN
GGLOC-09003,South Florida,,Fl,UNKNOWN
GGLOC-09004,Nipomo,,Ca,UNKNOWN
GGLOC-09005,Hefei,,Cn,UNKNOWN
GGLOC-09006,Williamsport,,Md,UNKNOWN
GGLOC-09007,Florida City,,Fl,UNKNOWN
GGLOC-09008,Tukwila,,Wa,UNKNOWN
GGLOC-09009,Northeast,,Us,UNKNOWN
GGLOC-09010,Moffett Field,,Ca,UNKNOWN
GGLOC-09011,Charlotte,,Mi,UNKNOWN
GGLOC-09012,Port Harcourt Rivers State,,,UNKNOWN
GGLOC-09013,Roselle Park,,Nj,UNKNOWN
GGLOC-09014,Harris Employee,,,UNKNOWN
GGLOC-09015,Alpharetta,,Us,UNKNOWN
GGLOC-09016,'Aiea,,Hi,UNKNOWN
GGLOC-09017,Saint Peters,,Mo,UNKNOWN
GGLOC-09018,North East,,Pa,UNKNOWN
GGLOC-09019,S. Korea,,Ca,UNKNOWN
GGLOC-09020,Florida Area,,,UNKNOWN
GGLOC-09021,Derry,,Nh,UNKNOWN
GGLOC-09022,Towaoc,,Co,UNKNOWN
GGLOC-09023,Edgewood,,Ny,UNKNOWN
GGLOC-09024,River Vale,,Nj,UNKNOWN
GGLOC-09025,Patterson,,Ny,UNKNOWN
GGLOC-09026,Burlingame,,Ca,UNKNOWN
GGLOC-09027,Ilion,,Ny,UNKNOWN
GGLOC-09028,Hallandale Beach,,Fl,UNKNOWN
GGLOC-09029,El Centro,,Ca,UNKNOWN
GGLOC-09030,Minneapolis,,Mn 55408,UNKNOWN
GGLOC-09031,Republic Of Panama,,,UNKNOWN
GGLOC-09032,Palm Bay,,Fl,UNKNOWN
GGLOC-09033,Diego Garcia,,(B.I.O.T),UNKNOWN
GGLOC-09034,Castries,,Lc,UNKNOWN
GGLOC-09035,Wellsburg,,Wv,UNKNOWN
GGLOC-09036,Okemos,,Mi,UNKNOWN
GGLOC-09037,Pheonix,,Az,UNKNOWN
GGLOC-09038,South Padre Island,,Tx,UNKNOWN
GGLOC-09039,New Iberia,,La,UNKNOWN
GGLOC-09040,San Juan,,Tx,UNKNOWN
GGLOC-09041,Yucca Valley,,Ca,UNKNOWN
GGLOC-09042,Freelance,,Remote,UNKNOWN
GGLOC-09043,Wilmington,,Usa,UNKNOWN
GGLOC-09044,Rogers,,Tx,UNKNOWN
GGLOC-09045,Shiloh,,Il,UNKNOWN
GGLOC-09046,Celebration,,Fl,UNKNOWN
GGLOC-09047,Yardley,,Pa,UNKNOWN
GGLOC-09048,Skaneateles,,Ny,UNKNOWN
GGLOC-09049,Texas,,Tx,UNKNOWN
GGLOC-09050,Mountainview,,Us,UNKNOWN
GGLOC-09051,Boynton Beach,,Fl,UNKNOWN
GGLOC-09052,Brooklyn,,,UNKNOWN
GGLOC-09053,Pima,,Az,UNKNOWN
GGLOC-09054,Jenkintown,,Pa,UNKNOWN
GGLOC-09055,Joshua Tree,,Ca,UNKNOWN
GGLOC-09056,Atlantic Beach,,Fl,UNKNOWN
GGLOC-09057,Buford,,Ga,UNKNOWN
GGLOC-09058,Faisalabad,,,UNKNOWN
GGLOC-09059,Hulbert Field,,,UNKNOWN
GGLOC-09060,West De Moines,,Ia,UNKNOWN
GGLOC-09061,Pentagon,,,UNKNOWN
GGLOC-09062,Forked River,,Nj,UNKNOWN
GGLOC-09063,Supporting Dia,,,UNKNOWN
GGLOC-09064,Md,,Va,UNKNOWN
GGLOC-09065,Madison Heights,,Mi,UNKNOWN
GGLOC-09066,Indianpolis,,In,UNKNOWN
GGLOC-09067,Ferndale,,Mi,UNKNOWN
GGLOC-09068,Sao Paulo,,Br,UNKNOWN
GGLOC-09069,Carol Stream,,Il,UNKNOWN
GGLOC-09070,Greenfield,,Nh,UNKNOWN
GGLOC-09071,Crown City,,Oh,UNKNOWN
GGLOC-09072,Sheppard Afb,,Tx,UNKNOWN
GGLOC-09073,Franklin Square,,,UNKNOWN
GGLOC-09074,Clarksburg,,Md,UNKNOWN
GGLOC-09075,Remote Location/Nda On File,,,UNKNOWN
GGLOC-09076,Lorton,,Virginia,UNKNOWN
GGLOC-09077,Bishop,,California,UNKNOWN
GGLOC-09078,Valley,,Ne,UNKNOWN
GGLOC-09079,Oklahoma City,,Ok 73108,UNKNOWN
GGLOC-09080,Carver,,Mn,UNKNOWN
GGLOC-09081,Lanham Md,,,UNKNOWN
GGLOC-09082,Sandy Spring,,Md,UNKNOWN
GGLOC-09083,Brisbane,,Ca,UNKNOWN
GGLOC-09084,April 2013 To February 2014,,,UNKNOWN
GGLOC-09085,Up,,,UNKNOWN
GGLOC-09086,Vernon,,Ny,UNKNOWN
GGLOC-09087,Del Mar,,Ca,UNKNOWN
GGLOC-09088,Apodaca,,Mx,UNKNOWN
GGLOC-09089,Armonk,,Ny,UNKNOWN
GGLOC-09090,Ft Meade,,Md,UNKNOWN
GGLOC-09091,Osan Air Base,,,UNKNOWN
GGLOC-09092,Lemon Grove,,Ca,UNKNOWN
GGLOC-09093,Public Works Sector,,,UNKNOWN
GGLOC-09094,Munster,,In,UNKNOWN
GGLOC-09095,Round Lake,,Il,UNKNOWN
GGLOC-09096,Computer Sciences Corporation,,India,UNKNOWN
GGLOC-09097,Bogotá,,Colombia,UNKNOWN
GGLOC-09098,Bellefontaine,,Oh,UNKNOWN
GGLOC-09099,List,,Ca,UNKNOWN
GGLOC-09100,Madison,,Va,UNKNOWN
GGLOC-09101,Thomasville,,Ga,UNKNOWN
GGLOC-09102,Plam Beach,,Fl,UNKNOWN
GGLOC-09103,Washington Heights,,Ny,UNKNOWN
GGLOC-09104,Wyandotte,,Mi,UNKNOWN
GGLOC-09105,Prishtina,,Kosovo,UNKNOWN
GGLOC-09106,La Puente,,Ca,UNKNOWN
GGLOC-09107,Maryland,,Md,UNKNOWN
GGLOC-09108,Burr Ridge,,Il,UNKNOWN
GGLOC-09109,Berkeley Heights,,Nj 07922,UNKNOWN
GGLOC-09110,Puerto La Cruz,,Venezuela,UNKNOWN
GGLOC-09111,Kearny,,Nj,UNKNOWN
GGLOC-09112,Tybee Island,,Ga,UNKNOWN
GGLOC-09113,Salisbury,,Nc,UNKNOWN
GGLOC-09114,Tunisia,,,UNKNOWN
GGLOC-09115,Kisumu,,,UNKNOWN
GGLOC-09116,Izhevsk,,Ru,UNKNOWN
GGLOC-09117,Springville,,Ut,UNKNOWN
GGLOC-09118,Lordstown,,Oh,UNKNOWN
GGLOC-09119,Naval Sea Systems Command Standard Missile Program,,,UNKNOWN
GGLOC-09120,International,,,UNKNOWN
GGLOC-09121,Colorado Springs,,Colorado,UNKNOWN
GGLOC-09122,Brookhaven,,Pa,UNKNOWN
GGLOC-09123,Spain,,,UNKNOWN
GGLOC-09124,Dale City,,Va,UNKNOWN
GGLOC-09125,Stateline,,Nv,UNKNOWN
GGLOC-09126,Morrisonville,,Ny,UNKNOWN
GGLOC-09127,Lakewood,,Oh,UNKNOWN
GGLOC-09128,Reporting To The Director Of Systems Engineering,,,UNKNOWN
GGLOC-09129,Highland,,Il,UNKNOWN
GGLOC-09130,Guayaquil,,Ec,UNKNOWN
GGLOC-09131,Pasadena,,California,UNKNOWN
GGLOC-09132,Quincy,,Ma,UNKNOWN
GGLOC-09133,Stuttgart,,Germany,UNKNOWN
GGLOC-09134,Fruitland,,Id,UNKNOWN
GGLOC-09135,Trinidad And Tobago,,,UNKNOWN
GGLOC-09136,Whitefish,,Mt,UNKNOWN
GGLOC-09137,Sumner,,Tx,UNKNOWN
GGLOC-09138,For Entergy,,,UNKNOWN
GGLOC-09139,Tecumseh,,Mi,UNKNOWN
GGLOC-09140,Fortworth Tx,,,UNKNOWN
GGLOC-09141,Canton,,Ms,UNKNOWN
GGLOC-09142,Harper Woods,,Mi,UNKNOWN
GGLOC-09143,El Campo,,Tx,UNKNOWN
GGLOC-09144,Muscat,,Om,UNKNOWN
GGLOC-09145,Hy-Vee Corporate Office,,,UNKNOWN
GGLOC-09146,Atlanta,,Us,UNKNOWN
GGLOC-09147,Portland Data Center Stand-Up,,,UNKNOWN
GGLOC-09148,Mazar-E-Sharif,,Af,UNKNOWN
GGLOC-09149,Ralston,,Ne,UNKNOWN
GGLOC-09150,Calgary Canada,,,UNKNOWN
GGLOC-09151,U.S. Internal Revenue Service,,,UNKNOWN
GGLOC-09152,Sayreville,,Nj,UNKNOWN
GGLOC-09153,Riga,,Lv,UNKNOWN
GGLOC-09154,Highland Park,,Nj,UNKNOWN
GGLOC-09155,Dover,,Ar,UNKNOWN
GGLOC-09156,Lee'S Summit,,Mo 64064,UNKNOWN
GGLOC-09157,Richardson,,Us,UNKNOWN
GGLOC-09158,Rotterdam,,Ny,UNKNOWN
GGLOC-09159,Donegal Town,,County Donegal,UNKNOWN
GGLOC-09160,Loudon,,Tn,UNKNOWN
GGLOC-09161,Barranquitas,,Us,UNKNOWN
GGLOC-09162,Lahaore,,,UNKNOWN
GGLOC-09163,Perry,,Mi,UNKNOWN
GGLOC-09164,Swiftwater,,Pa,UNKNOWN
GGLOC-09165,Yelm,,Wa,UNKNOWN
GGLOC-09166,For Ge Oil & Gas,,,UNKNOWN
GGLOC-09167,Upper Sandusky,,Oh,UNKNOWN
GGLOC-09168,Davison,,Mi,UNKNOWN
GGLOC-09169,Sw Georgia,,Ca,UNKNOWN
GGLOC-09170,Germany(Infosys),,,UNKNOWN
GGLOC-09171,North Royalton,,Oh,UNKNOWN
GGLOC-09172,Deer Valley,,Az,UNKNOWN
GGLOC-09173,Mcas Miramar,,Ca,UNKNOWN
GGLOC-09174,Al,,,UNKNOWN
GGLOC-09175,Altoona,,Ia,UNKNOWN
GGLOC-09176,Bartlesville,,Ok,UNKNOWN
GGLOC-09177,Financial Services,,Ma,UNKNOWN
GGLOC-09178,June 2016 - August 2015,,,UNKNOWN
GGLOC-09179,Fort Campbell,,,UNKNOWN
GGLOC-09180,Chitwan - Np,,,UNKNOWN
GGLOC-09181,Villa Park,,Il,UNKNOWN
GGLOC-09182,Gatwick,,Uk,UNKNOWN
GGLOC-09183,Zirconia,,Nc,UNKNOWN
GGLOC-09184,Van Wert,,Oh,UNKNOWN
GGLOC-09185,Fairport,,Ny,UNKNOWN
GGLOC-09186,Brusubi,,The Gambia,UNKNOWN
GGLOC-09187,Nj,,Us,UNKNOWN
GGLOC-09188,Durante,,Ca,UNKNOWN
GGLOC-09189,Camden,,Nc,UNKNOWN
GGLOC-09190,Tonkawa,,Ok,UNKNOWN
GGLOC-09191,Matawan,,Nj,UNKNOWN
GGLOC-09192,Columbus,,Oh (Remote),UNKNOWN
GGLOC-09193,Moosup,,Ct,UNKNOWN
GGLOC-09194,Dubois,,Pa,UNKNOWN
GGLOC-09195,Sacramento Area,,Ca,UNKNOWN
GGLOC-09196,Ozone Park,,Ny,UNKNOWN
GGLOC-09197,West Fork,,Ar,UNKNOWN
GGLOC-09198,Bakersfield,,,UNKNOWN
GGLOC-09199,Mcmurray,,Pa,UNKNOWN
GGLOC-09200,Project Name: Continuous Service Providing,,,UNKNOWN
GGLOC-09201,Chino,,Ca,UNKNOWN
GGLOC-09202,Fresh Meadows,,Ny,UNKNOWN
GGLOC-09203,Bay Minette,,Al,UNKNOWN
GGLOC-09204,Lake In The Hills,,Il,UNKNOWN
GGLOC-09205,Indianapolis,,,UNKNOWN
GGLOC-09206,Calistoga,,Ca,UNKNOWN
GGLOC-09207,Milwaukee,,Wi 53202,UNKNOWN
GGLOC-09208,South Lake,,,UNKNOWN
GGLOC-09209,Taiwan - Taipei,,,UNKNOWN
GGLOC-09210,Nine Palms,,Ca.,UNKNOWN
GGLOC-09211,Gilroy,,Ca,UNKNOWN
GGLOC-09212,Ohio,,,UNKNOWN
GGLOC-09213,Riverside,,Ri,UNKNOWN
GGLOC-09214,Lincoln Park,,Nj,UNKNOWN
GGLOC-09215,Nyack,,Ny,UNKNOWN
GGLOC-09216,Old Hickory,,Tn,UNKNOWN
GGLOC-09217,Fayetteville,,Tn,UNKNOWN
GGLOC-09218,Wrnmmc (Nmpdc),,,UNKNOWN
GGLOC-09219,Minster,,Oh,UNKNOWN
GGLOC-09220,Milwaukee,,Wi 53201,UNKNOWN
GGLOC-09221,Robinson,,Pa,UNKNOWN
GGLOC-09222,Manchester,,United Kingdom,UNKNOWN
GGLOC-09223,New Hope Minneapolis,,Mn,UNKNOWN
GGLOC-09224,Fayetteville,,Ga,UNKNOWN
GGLOC-09225,Cape Town,,South Africa,UNKNOWN
GGLOC-09226,Wisconsin - Chicago,,Il,UNKNOWN
GGLOC-09227,Bridgewater Nj,,,UNKNOWN
GGLOC-09228,Malvern,,Us,UNKNOWN
GGLOC-09229,Utrecht,,,UNKNOWN
GGLOC-09230,Tualatin,,Or,UNKNOWN
GGLOC-09231,Business Analytics Center Of Excellence,,,UNKNOWN
GGLOC-09232,Glen Burnie,,Md,UNKNOWN
GGLOC-09233,Naval Station Norfolk,,Va,UNKNOWN
GGLOC-09234,Bloomfield,,Ct,UNKNOWN
GGLOC-09235,Clarksburg,,Wv,UNKNOWN
GGLOC-09236,Blooming Grove,,Ny,UNKNOWN
GGLOC-09237,Rocky Mount,,Va,UNKNOWN
GGLOC-09238,Romulus,,Mi,UNKNOWN
GGLOC-09239,Rio De Janeiro - Brazil,,,UNKNOWN
GGLOC-09240,Plainsboro,,Nj,UNKNOWN
GGLOC-09241,Woensdrecht,,,UNKNOWN
GGLOC-09242,Louisiana,,La,UNKNOWN
GGLOC-09243,Fortmill,,Sc,UNKNOWN
GGLOC-09244,National Harbor,,Md,UNKNOWN
GGLOC-09245,Bellevue,,,UNKNOWN
GGLOC-09246,Pleasant Prairie,,Wi,UNKNOWN
GGLOC-09247,Breukelen,,Nl,UNKNOWN
GGLOC-09248,Dulles,,Va Usa,UNKNOWN
GGLOC-09249,St. Paul,,Mn,UNKNOWN
GGLOC-09250,Monticello,,Mn,UNKNOWN
GGLOC-09251,Panama City Beach,,Fl,UNKNOWN
GGLOC-09252,Shutdown,,,UNKNOWN
GGLOC-09253,Newberry,,Fl,UNKNOWN
GGLOC-09254,Harare,,Zw,UNKNOWN
GGLOC-09255,Arkansas,,,UNKNOWN
GGLOC-09256,Kyle,,Tx,UNKNOWN
GGLOC-09257,The Colony,,Tx,UNKNOWN
GGLOC-09258,Southport,,Fl,UNKNOWN
GGLOC-09259,Www.P2Wt.Com,,,UNKNOWN
GGLOC-09260,Clinton,,Mi,UNKNOWN
GGLOC-09261,Washington,,Ne,UNKNOWN
GGLOC-09262,Western Maine,,,UNKNOWN
GGLOC-09263,Tunis,,On,UNKNOWN
GGLOC-09264,Kandahar,,,UNKNOWN
GGLOC-09265,Essex Junction,,Vt,UNKNOWN
GGLOC-09266,Aurora,,Oh,UNKNOWN
GGLOC-09267,Centurion,,Gauteng,UNKNOWN
GGLOC-09268,Guyana,,,UNKNOWN
GGLOC-09269,D.C. Metropolitan Area,,,UNKNOWN
GGLOC-09270,Monrovia,,Liberia,UNKNOWN
GGLOC-09271,Sin El Fil,,,UNKNOWN
GGLOC-09272,Bangaluru,,,UNKNOWN
GGLOC-09273,Fleetwood,,Pa,UNKNOWN
GGLOC-09274,Rockbridge,,Oh,UNKNOWN
GGLOC-09275,Philadelphia,,Ma,UNKNOWN
GGLOC-09276,Les Borges Blanques,,Es,UNKNOWN
GGLOC-09277,Elk Rapids,,Mi,UNKNOWN
GGLOC-09278,Geismar & Port Neches,,,UNKNOWN
GGLOC-09279,Stanwood,,Wa,UNKNOWN
GGLOC-09280,Grand Marais,,Mn,UNKNOWN
GGLOC-09281,Rancho Bernardo,,Ca,UNKNOWN
GGLOC-09282,Fairlawn,,Oh,UNKNOWN
GGLOC-09283,Naperville,,Us,UNKNOWN
GGLOC-09284,Cannon Air Force Base - Clovis,,Nm,UNKNOWN
GGLOC-09285,San Antonio,,Oh,UNKNOWN
GGLOC-09286,Luanshya,,Zambia,UNKNOWN
GGLOC-09287,Cokesbury,,Nj,UNKNOWN
GGLOC-09288,Utuado,,Pr,UNKNOWN
GGLOC-09289,Charlton,,Ma,UNKNOWN
GGLOC-09290,Carville,,La,UNKNOWN
GGLOC-09291,Spangdahlem Air Base - Spangdahlem,,De,UNKNOWN
GGLOC-09292,Beaver Valley,,Pa,UNKNOWN
GGLOC-09293,Jacksonville,,Fl 32207,UNKNOWN
GGLOC-09294,Nantes,,Fr,UNKNOWN
GGLOC-09295,Heath,,Oh,UNKNOWN
GGLOC-09296,Austin,,Ga,UNKNOWN
GGLOC-09297,Wakefield,,Tx,UNKNOWN
GGLOC-09298,Greater Los Angeles Area,,,UNKNOWN
GGLOC-09299,Lak Zurich,,Il,UNKNOWN
GGLOC-09300,Kruševac,,,UNKNOWN
GGLOC-09301,Burma - Myanmar,,,UNKNOWN
GGLOC-09302,Vaughan,,On,UNKNOWN
GGLOC-09303,Palatka,,Fl,UNKNOWN
GGLOC-09304,Www.Vipertrans.Org,,,UNKNOWN
GGLOC-09305,North Slope,,Ak,UNKNOWN
GGLOC-09306,Swindon,,,UNKNOWN
GGLOC-09307,Cool Springs,,Tn,UNKNOWN
GGLOC-09308,Davis,,Us,UNKNOWN
GGLOC-09309,Port Angeles,,Wa,UNKNOWN
GGLOC-09310,South Hempstead,,Ny,UNKNOWN
GGLOC-09311,Hillsborough,,Nc,UNKNOWN
GGLOC-09312,East Providence,,Ri,UNKNOWN
GGLOC-09313,Oradell,,Nj,UNKNOWN
GGLOC-09314,Glendale,,Ca 91203,UNKNOWN
GGLOC-09315,Kawkawlin,,Mi,UNKNOWN
GGLOC-09316,West Hollywood,,Ca,UNKNOWN
GGLOC-09317,Little Silver,,Nj,UNKNOWN
GGLOC-09318,Cabot,,Ar,UNKNOWN
GGLOC-09319,Entire Company,,,UNKNOWN
GGLOC-09320,Holmdel,,Nj,UNKNOWN
GGLOC-09321,Ikeja Lagos,,,UNKNOWN
GGLOC-09322,Remote,,Ga,UNKNOWN
GGLOC-09323,Pleasanton,,Ca,UNKNOWN
GGLOC-09324,Ft Lewis,,,UNKNOWN
GGLOC-09325,Haymarket,,Va,UNKNOWN
GGLOC-09326,Atlanta Lithonia,,Ga,UNKNOWN
GGLOC-09327,Greer,,Sc,UNKNOWN
GGLOC-09328,Auburn,,In,UNKNOWN
GGLOC-09329,Belcamp,,Md,UNKNOWN
GGLOC-09330,Croatia,,,UNKNOWN
GGLOC-09331,Inverness,,Il,UNKNOWN
GGLOC-09332,Roseland,,Nj,UNKNOWN
GGLOC-09333,Koh Samui,,,UNKNOWN
GGLOC-09334,Hutto,,Tx,UNKNOWN
GGLOC-09335,Athens,,Wv,UNKNOWN
GGLOC-09336,Santa Fe,,Nm / Remote,UNKNOWN
GGLOC-09337,Milton,,Ny,UNKNOWN
GGLOC-09338,Ledyard,,Ct,UNKNOWN
GGLOC-09339,Fort Lewis,,Wa,UNKNOWN
GGLOC-09340,Kinston,,Nc,UNKNOWN
GGLOC-09341,Saucier,,Ms,UNKNOWN
GGLOC-09342,Chicago,,Us,UNKNOWN
GGLOC-09343,Camp Hill,,Us,UNKNOWN
GGLOC-09344,Cyclopedia Phoenix,,Az,UNKNOWN
GGLOC-09345,Countryside,,Il,UNKNOWN
GGLOC-09346,Shoreview Minnesota,,,UNKNOWN
GGLOC-09347,Dexter,,Mo,UNKNOWN
GGLOC-09348,Delaware City,,De,UNKNOWN
GGLOC-09349,Smithfield,,Va,UNKNOWN
GGLOC-09350,Mount Rainier,,Md,UNKNOWN
GGLOC-09351,Harrison,,Ny (Per Diem - Remote),UNKNOWN
GGLOC-09352,Beaverton - Buffalo,,Ny,UNKNOWN
GGLOC-09353,De Pere,,Wi,UNKNOWN
GGLOC-09354,Cary,,Nc,UNKNOWN
GGLOC-09355,Wye Mills,,Md,UNKNOWN
GGLOC-09356,Bethel,,Oh,UNKNOWN
GGLOC-09357,Woonsocket,,Ri,UNKNOWN
GGLOC-09358,Green Tree,,Pa,UNKNOWN
GGLOC-09359,Exuma,,Bs,UNKNOWN
GGLOC-09360,Camp Hill,,Romania And Greece,UNKNOWN
GGLOC-09361,Sandy,,Ut,UNKNOWN
GGLOC-09362,Northwood,,Ia,UNKNOWN
GGLOC-09363,Deer Park,,Il,UNKNOWN
GGLOC-09364,Rockwall,,Tx,UNKNOWN
GGLOC-09365,Chambersburg,,Pa,UNKNOWN
GGLOC-09366,Chapin,,Sc,UNKNOWN
GGLOC-09367,Lakewood Ranch,,Fl,UNKNOWN
GGLOC-09368,Vacaville,,Ca,UNKNOWN
GGLOC-09369,Kings Mountain,,Nc,UNKNOWN
GGLOC-09370,Lake Buena Vista,,Fl,UNKNOWN
GGLOC-09371,Windsor,,Ca,UNKNOWN
GGLOC-09372,Novi,,Mi,UNKNOWN
GGLOC-09373,Danvers,,Ma,UNKNOWN
GGLOC-09374,Matamoros Tamaulipas,,Mexico,UNKNOWN
GGLOC-09375,Lodi,,Ca,UNKNOWN
GGLOC-09376,St Petersburg,,Us,UNKNOWN
GGLOC-09377,Edna,,Tx,UNKNOWN
GGLOC-09378,Livorno,,It,UNKNOWN
GGLOC-09379,Luling,,La,UNKNOWN
GGLOC-09380,Mount Airy,,Nc,UNKNOWN
GGLOC-09381,Bois-Colombes,,Fr,UNKNOWN
GGLOC-09382,Interactive Elearning Parrish,,Fl,UNKNOWN
GGLOC-09383,Willemstad Curaçao,,,UNKNOWN
GGLOC-09384,Us Based Chemical Company,,,UNKNOWN
GGLOC-09385,Washington,,Va,UNKNOWN
GGLOC-09386,Lavergne,,Us,UNKNOWN
GGLOC-09387,Biggs Army Airfield,,,UNKNOWN
GGLOC-09388,Hercules,,Ca,UNKNOWN
GGLOC-09389,Byron Center,,Mi,UNKNOWN
GGLOC-09390,Fremont,,Ne,UNKNOWN
GGLOC-09391,North Wales,,Pa,UNKNOWN
GGLOC-09392,Baltimore County,,Md,UNKNOWN
GGLOC-09393,Keenesburg,,Co,UNKNOWN
GGLOC-09394,Wheatridge,,Co,UNKNOWN
GGLOC-09395,Mayagüez Campus,,,UNKNOWN
GGLOC-09396,Camp Pendleton North,,Ca,UNKNOWN
GGLOC-09397,Reynoldsville,,Pa,UNKNOWN
GGLOC-09398,Weaverville,,Nc,UNKNOWN
GGLOC-09399,Pomfret,,Md,UNKNOWN
GGLOC-09400,Hodgkins,,Il,UNKNOWN
GGLOC-09401,Napa,,Ca,UNKNOWN
GGLOC-09402,Sasebo,,Japan,UNKNOWN
GGLOC-09403,Irvine,,,UNKNOWN
GGLOC-09404,Es,,,UNKNOWN
GGLOC-09405,Providence,,,UNKNOWN
GGLOC-09406,Los Alamos,,Nm,UNKNOWN
GGLOC-09407,Saudi Arabia,,Dubai & Egypt,UNKNOWN
GGLOC-09408,Willoughby,,Oh,UNKNOWN
GGLOC-09409,Westwood,,Nj,UNKNOWN
GGLOC-09410,Qingdao,,China,UNKNOWN
GGLOC-09411,Ganzhou,,Cn,UNKNOWN
GGLOC-09412,Dublin,,Ireland,UNKNOWN
GGLOC-09413,Bayfield,,Co,UNKNOWN
GGLOC-09414,Jefferson Valley,,Ny,UNKNOWN
GGLOC-09415,Brick,,Nj,UNKNOWN
GGLOC-09416,Elgin,,Mn,UNKNOWN
GGLOC-09417,Cleveland,,,UNKNOWN
GGLOC-09418,Cockeysville,,Md,UNKNOWN
GGLOC-09419,South Bound Brook,,Nj,UNKNOWN
GGLOC-09420,Jackson,,Wy,UNKNOWN
GGLOC-09421,Oakdale,,Mn,UNKNOWN
GGLOC-09422,Highland Park,,Il,UNKNOWN
GGLOC-09423,Brampton,,On,UNKNOWN
GGLOC-09424,Glendal,,,UNKNOWN
GGLOC-09425,Seattle -Wa Austin,,Tx,UNKNOWN
GGLOC-09426,Des Moines Ia And India,,,UNKNOWN
GGLOC-09427,Saint Croix,,In,UNKNOWN
GGLOC-09428,Chalmette,,La,UNKNOWN
GGLOC-09429,Coconut Point,,Fl,UNKNOWN
GGLOC-09430,Arcade,,Ny,UNKNOWN
GGLOC-09431,Rio De Janeiro And Sao Paulo,,Brazil,UNKNOWN
GGLOC-09432,Tulare,,Ca,UNKNOWN
GGLOC-09433,Palos Verdes Estates,,Ca,UNKNOWN
GGLOC-09434,South Burlington,,Vt,UNKNOWN
GGLOC-09435,Farmington,,Ut,UNKNOWN
GGLOC-09436,Brandon,,Ms,UNKNOWN
GGLOC-09437,Defense,,Civil Government And Cyber Security Solutions,UNKNOWN
GGLOC-09438,East Troy,,Wi,UNKNOWN
GGLOC-09439,Nikolaev,,Ua,UNKNOWN
GGLOC-09440,Santa María - Ca,,,UNKNOWN
GGLOC-09441,Franklin,,Ga,UNKNOWN
GGLOC-09442,Barrington,,Il,UNKNOWN
GGLOC-09443,Bridgewater,,Nj,UNKNOWN
GGLOC-09444,La Push,,Wa,UNKNOWN
GGLOC-09445,Corona - Barstow,,Ca,UNKNOWN
GGLOC-09446,Port Huron,,Mi,UNKNOWN
GGLOC-09447,Houston,,Texas,UNKNOWN
GGLOC-09448,Capitola,,Ca,UNKNOWN
GGLOC-09449,New Salem,,Ma,UNKNOWN
GGLOC-09450,Andover,,Ma,UNKNOWN
GGLOC-09451,Niles,,Il,UNKNOWN
GGLOC-09452,Sequim,,Wa,UNKNOWN
GGLOC-09453,Eskan Village,,Kingdom Of Saudi Arabia,UNKNOWN
GGLOC-09454,Metairie,,La 70001,UNKNOWN
GGLOC-09455,101St Airborne Division/ 2Nd Field Artillery Detachment (Ta),,& 95Th Military Police Battalion/ 529Th Honor Guard,UNKNOWN
GGLOC-09456,North Fort Myers,,Fl,UNKNOWN
GGLOC-09457,Northfield,,Oh,UNKNOWN
GGLOC-09458,Edwards Afb,,Ca,UNKNOWN
GGLOC-09459,Auburn Hills,,Michigan,UNKNOWN
GGLOC-09460,Woods Cross,,Ut,UNKNOWN
GGLOC-09461,Westfield Center,,Us,UNKNOWN
GGLOC-09462,Hyd,,Ind,UNKNOWN
GGLOC-09463,Brooklyn Center,,Us,UNKNOWN
GGLOC-09464,Tawas City,,Mi,UNKNOWN
GGLOC-09465,Plainfield,,Nj,UNKNOWN
GGLOC-09466,Oxford,,Al,UNKNOWN
GGLOC-09467,Ft. Benning,,Ga,UNKNOWN
GGLOC-09468,Tier 1 Support (Publishing Services),,,UNKNOWN
GGLOC-09469,Collegeville And Great Valley,,Pa,UNKNOWN
GGLOC-09470,Fort Drum,,Ny,UNKNOWN
GGLOC-09471,Newark Township Of Randolph,,Nj,UNKNOWN
GGLOC-09472,Lomita,,Ca,UNKNOWN
GGLOC-09473,Adva Solutions,,,UNKNOWN
GGLOC-09474,Marion,,Nc,UNKNOWN
GGLOC-09475,Kansas City,,Us,UNKNOWN
GGLOC-09476,Sun City,,Az,UNKNOWN
GGLOC-09477,Connecticut,,,UNKNOWN
GGLOC-09478,Princeton,,Usa,UNKNOWN
GGLOC-09479,Denver Metro,,Co,UNKNOWN
GGLOC-09480,Covington,,In,UNKNOWN
GGLOC-09481,Roaring Spring,,Pa,UNKNOWN
GGLOC-09482,Georgia,,Ga,UNKNOWN
GGLOC-09483,Franklinville,,Nj,UNKNOWN
GGLOC-09484,Brasilia,,Br,UNKNOWN
GGLOC-09485,New Bremen,,Oh,UNKNOWN
GGLOC-09486,Hamburg,,Mi,UNKNOWN
GGLOC-09487,Levittown,,Pa,UNKNOWN
GGLOC-09488,Diamniadio Conference Center,,West Africa,UNKNOWN
GGLOC-09489,Onsite At General Mills,,,UNKNOWN
GGLOC-09490,Clemmons,,Nc,UNKNOWN
GGLOC-09491,Tempe,,Az 85282,UNKNOWN
GGLOC-09492,Northwood,,Oh,UNKNOWN
GGLOC-09493,Mashpee,,Ma,UNKNOWN
GGLOC-09494,San Fransisco,,Ca,UNKNOWN
GGLOC-09495,Burke,,Va,UNKNOWN
GGLOC-09496,Sylhet,,,UNKNOWN
GGLOC-09497,Encinitas,,Ca,UNKNOWN
GGLOC-09498,Ny,,Usa,UNKNOWN
GGLOC-09499,Central America Region And The United States,,,UNKNOWN
GGLOC-09500,Maynard,,Ma,UNKNOWN
GGLOC-09501,Feasterville,,Pa,UNKNOWN
GGLOC-09502,Anna,,Tx,UNKNOWN
GGLOC-09503,Luanda,,,UNKNOWN
GGLOC-09504,Cicero,,Ny,UNKNOWN
GGLOC-09505,Bedford Hills,,Ny,UNKNOWN
GGLOC-09506,Gh,,,UNKNOWN
GGLOC-09507,Margate 33068,,,UNKNOWN
GGLOC-09508,Fct Abuja,,,UNKNOWN
GGLOC-09509,Woolwich Twp,,Nj,UNKNOWN
GGLOC-09510,Elma,,Ny,UNKNOWN
GGLOC-09511,Owens Cross Roads,,Al,UNKNOWN
GGLOC-09512,Maywood,,Nj,UNKNOWN
GGLOC-09513,N Fort Myers,,Fl,UNKNOWN
GGLOC-09514,Wheat Ridge,,Co,UNKNOWN
GGLOC-09515,Gcp,,Mha,UNKNOWN
GGLOC-09516,Juneau,,Ak,UNKNOWN
GGLOC-09517,Noblesville,,In,UNKNOWN
GGLOC-09518,Buffalo Grove,,Il,UNKNOWN
GGLOC-09519,Centreville,,Va,UNKNOWN
GGLOC-09520,Various Locations,,,UNKNOWN
GGLOC-09521,Downers Groove,,Il,UNKNOWN
GGLOC-09522,Tunica,,Ms,UNKNOWN
GGLOC-09523,Northern Colorado,,,UNKNOWN
GGLOC-09524,Union City,,Nj,UNKNOWN
GGLOC-09525,Brahms Mount,,Me,UNKNOWN
GGLOC-09526,Lynn,,Ma,UNKNOWN
GGLOC-09527,Shepherdsville,,Ky,UNKNOWN
GGLOC-09528,Fort Worth,,,UNKNOWN
GGLOC-09529,Sector (Oracle Partner),,,UNKNOWN
GGLOC-09530,3D Printing Industry,,,UNKNOWN
GGLOC-09531,Hightstown,,Nj,UNKNOWN
GGLOC-09532,Desoto,,Tx,UNKNOWN
GGLOC-09533,Harris,,Us,UNKNOWN
GGLOC-09534,Los Gatos,,Ca,UNKNOWN
GGLOC-09535,Lake Forest,,Us,UNKNOWN
GGLOC-09536,Northfield,,Ma,UNKNOWN
GGLOC-09537,Parker,,Us,UNKNOWN
GGLOC-09538,Pirae (Pf),,,UNKNOWN
GGLOC-09539,Walhalla,,Nd,UNKNOWN
GGLOC-09540,Bastrop,,La,UNKNOWN
GGLOC-09541,Joint Base Pearl Harbor-Hickam,,Hi,UNKNOWN
GGLOC-09542,South Holland,,Il,UNKNOWN
GGLOC-09543,Liberty Global Uk,,,UNKNOWN
GGLOC-09544,Burnsville,,Nc,UNKNOWN
GGLOC-09545,Rosenberg,,Tx,UNKNOWN
GGLOC-09546,Pa,,Nj,UNKNOWN
GGLOC-09547,Norris,,Tn,UNKNOWN
GGLOC-09548,Mcminnville,,Tn,UNKNOWN
GGLOC-09549,Contract /Remote Telecommute Position,,,UNKNOWN
GGLOC-09550,Bennington,,Nh,UNKNOWN
GGLOC-09551,Downtown - Dayton,,Oh,UNKNOWN
GGLOC-09552,Highpoint,,Nc,UNKNOWN
GGLOC-09553,Penfield,,Ny,UNKNOWN
GGLOC-09554,New Hampshire And Massachusetts,,,UNKNOWN
GGLOC-09555,Giza,,Egypt,UNKNOWN
GGLOC-09556,Kali,,In,UNKNOWN
GGLOC-09557,Jacmel,,,UNKNOWN
GGLOC-09558,Dammam,,Ksa,UNKNOWN
GGLOC-09559,Dallas Plano,,Tx,UNKNOWN
GGLOC-09560,Little Falls,,Nj,UNKNOWN
GGLOC-09561,United States Naval Reserve,,,UNKNOWN
GGLOC-09562,Scott Afb,,,UNKNOWN
GGLOC-09563,Wilmington,,Delaware,UNKNOWN
GGLOC-09564,Anderson,,Mo,UNKNOWN
GGLOC-09565,Montgomery,,Tx,UNKNOWN
GGLOC-09566,Naugatuck,,Ct,UNKNOWN
GGLOC-09567,Tulsa,,Ok 74145,UNKNOWN
GGLOC-09568,Cartagena,,Fl,UNKNOWN
GGLOC-09569,Arba Minch,,Et,UNKNOWN
GGLOC-09570,Santiago,,Cl,UNKNOWN
GGLOC-09571,Bethel,,Ct,UNKNOWN
GGLOC-09572,Merion,,Us,UNKNOWN
GGLOC-09573,Sampaloc,,Philippines,UNKNOWN
GGLOC-09574,Newnan,,Ga,UNKNOWN
GGLOC-09575,Department Of Labor,,,UNKNOWN
GGLOC-09576,Kansas,,,UNKNOWN
GGLOC-09577,Ocean City,,Md,UNKNOWN
GGLOC-09578,Alberta,,,UNKNOWN
GGLOC-09579,Sao Paulo,,,UNKNOWN
GGLOC-09580,King William,,Va,UNKNOWN
GGLOC-09581,Woodway,,Tx,UNKNOWN
GGLOC-09582,Gandhinagar,,,UNKNOWN
GGLOC-09583,Marine Corps Base Camp Lejeune,,Nc,UNKNOWN
GGLOC-09584,Yarmouth,,Me,UNKNOWN
GGLOC-09585,Bhopal,,India,UNKNOWN
GGLOC-09586,Bloomington Mn,,,UNKNOWN
GGLOC-09587,Glendale,,Wi,UNKNOWN
GGLOC-09588,Il,,Us,UNKNOWN
GGLOC-09589,Placerville,,Ca,UNKNOWN
GGLOC-09590,Bayville,,Nj,UNKNOWN
GGLOC-09591,Crown Point,,In,UNKNOWN
GGLOC-09592,North Salt Lake,,Ut,UNKNOWN
GGLOC-09593,Cranberry,,Pa,UNKNOWN
GGLOC-09594,Lebanon,,,UNKNOWN
GGLOC-09595,Lake Saint Louis,,Mo,UNKNOWN
GGLOC-09596,Streetsboro,,Oh,UNKNOWN
GGLOC-09597,North Lima,,Oh,UNKNOWN
GGLOC-09598,Westlake,,Ca,UNKNOWN
GGLOC-09599,Fanwood,,Nj,UNKNOWN
GGLOC-09600,Lewiston,,Id,UNKNOWN
GGLOC-09601,Grant,,Fl,UNKNOWN
GGLOC-09602,Federally Insured Financial Institution*,,,UNKNOWN
GGLOC-09603,Columbia Sc,,Myrtle Beach Sc,UNKNOWN
GGLOC-09604,Nebraska City,,Ne,UNKNOWN
GGLOC-09605,3-1 Infantry Division,,,UNKNOWN
GGLOC-09606,Bayport,,Mn,UNKNOWN
GGLOC-09607,Concord,,Oh,UNKNOWN
GGLOC-09608,Paris,,Tn,UNKNOWN
GGLOC-09609,Amityville,,Ny,UNKNOWN
GGLOC-09610,Kansas City,,Mo 64112,UNKNOWN
GGLOC-09611,New Market Md,,,UNKNOWN
GGLOC-09612,West Roxbury,,Ma,UNKNOWN
GGLOC-09613,Millbrae,,Ca,UNKNOWN
GGLOC-09614,Wilton,,Ct,UNKNOWN
GGLOC-09615,Kennewick,,Wa,UNKNOWN
GGLOC-09616,Lehigh Valley,,Pa,UNKNOWN
GGLOC-09617,Ga,,,UNKNOWN
GGLOC-09618,Fawn Grove,,Pa,UNKNOWN
GGLOC-09619,Vandalia,,Oh,UNKNOWN
GGLOC-09620,Christiansburg,,Va,UNKNOWN
GGLOC-09621,Eng,,United Kingdom,UNKNOWN
GGLOC-09622,Cleveland,,Il,UNKNOWN
GGLOC-09623,Mount Lebanon,,Pa,UNKNOWN
GGLOC-09624,Blacklick,,Oh,UNKNOWN
GGLOC-09625,Greenwich,,Ny,UNKNOWN
GGLOC-09626,Massillon,,Oh,UNKNOWN
GGLOC-09627,Barclaycard,,,UNKNOWN
GGLOC-09628,Maywood,,Ca,UNKNOWN
GGLOC-09629,Lan Technology Support Office,,,UNKNOWN
GGLOC-09630,South Elgin,,Il,UNKNOWN
GGLOC-09631,West Triangle Quezon City,,,UNKNOWN
GGLOC-09632,Montgomery County,,Md,UNKNOWN
GGLOC-09633,Colorado City,,Tx,UNKNOWN
GGLOC-09634,Leavenworth,,Wa,UNKNOWN
GGLOC-09635,Osceola,,Wi,UNKNOWN
GGLOC-09636,Eaglewood,,Co,UNKNOWN
GGLOC-09637,Faridkot Punjab,,,UNKNOWN
GGLOC-09638,Peachtree Road Nw,,,UNKNOWN
GGLOC-09639,Seattle Wa Usa,,,UNKNOWN
GGLOC-09640,Harlem,,Us,UNKNOWN
GGLOC-09641,Royal City,,Wa,UNKNOWN
GGLOC-09642,Clarendon Hills,,Il,UNKNOWN
GGLOC-09643,Ponte Vedra,,Fl,UNKNOWN
GGLOC-09644,Harwood Heights,,Il,UNKNOWN
GGLOC-09645,Plattsmouth,,Ne,UNKNOWN
GGLOC-09646,Safety Harbor,,Fl,UNKNOWN
GGLOC-09647,Saugerties,,Ny,UNKNOWN
GGLOC-09648,Muweilah Commercial Sharjah,,Uae,UNKNOWN
GGLOC-09649,Olney,,Md,UNKNOWN
GGLOC-09650,Orange County,,California,UNKNOWN
GGLOC-09651,Entre Computer Services,,,UNKNOWN
GGLOC-09652,Usasac,,,UNKNOWN
GGLOC-09653,Copiague,,Ny,UNKNOWN
GGLOC-09654,Industry,,Ca,UNKNOWN
GGLOC-09655,Delta,,Co,UNKNOWN
GGLOC-09656,Hood River,,Or,UNKNOWN
GGLOC-09657,Novi Sad,,Serbia,UNKNOWN
GGLOC-09658,Redstone Arsenal,,Al,UNKNOWN
GGLOC-09659,Marlboro,,Us,UNKNOWN
GGLOC-09660,Dod Midwest,,,UNKNOWN
GGLOC-09661,Healthcare,,,UNKNOWN
GGLOC-09662,Hillside,,Nj,UNKNOWN
GGLOC-09663,Moorpark,,Ca 93021,UNKNOWN
GGLOC-09664,Shelby,,Nc,UNKNOWN
GGLOC-09665,Colts Neck,,Nj,UNKNOWN
GGLOC-09666,Hazleton,,Pa,UNKNOWN
GGLOC-09667,Quakertown,,Pa,UNKNOWN
GGLOC-09668,Townsend,,Ga,UNKNOWN
GGLOC-09669,Fremont,,Nh,UNKNOWN
GGLOC-09670,Mcclean,,Va,UNKNOWN
GGLOC-09671,Allston,,Ma,UNKNOWN
GGLOC-09672,Zamboanga City,,,UNKNOWN
GGLOC-09673,Rotherham,,Uk,UNKNOWN
GGLOC-09674,Ibadan,,Nigeria,UNKNOWN
GGLOC-09675,Folsom,,Nj,UNKNOWN
GGLOC-09676,Victoria Island Lagos,,,UNKNOWN
GGLOC-09677,Torrington,,Ct,UNKNOWN
GGLOC-09678,La Farge,,Wi,UNKNOWN
GGLOC-09679,Central Square Public Sector Software,,2500+ Employees,UNKNOWN
GGLOC-09680,Toluca Edo. De Mexico. Mexico,,,UNKNOWN
GGLOC-09681,Coatesville,,Us,UNKNOWN
GGLOC-09682,Maryland Heights,,Mo,UNKNOWN
GGLOC-09683,Swedesboro,,Nj,UNKNOWN
GGLOC-09684,Feasterville-Trevose,,Pa,UNKNOWN
GGLOC-09685,Sanjose,,Us,UNKNOWN
GGLOC-09686,Dardenne Prairie,,Mo,UNKNOWN
GGLOC-09687,Jersey,,Ga,UNKNOWN
GGLOC-09688,San Felipe Pueblo,,Nm,UNKNOWN
GGLOC-09689,Plains,,Pa,UNKNOWN
GGLOC-09690,Janesville,,Us,UNKNOWN
GGLOC-09691,Norwalk,,Ct,UNKNOWN
GGLOC-09692,Marshall,,Mo,UNKNOWN
GGLOC-09693,Bloomfiled Ct,,,UNKNOWN
GGLOC-09694,West Seneca,,Ny,UNKNOWN
GGLOC-09695,Ringwood,,Nj,UNKNOWN
GGLOC-09696,Goodlettsville,,Tn,UNKNOWN
GGLOC-09697,Www.Smartboardtms.Com,,,UNKNOWN
GGLOC-09698,Bratislava,,,UNKNOWN
GGLOC-09699,Scarsdale,,Ny,UNKNOWN
GGLOC-09700,Buckeye,,Az,UNKNOWN
GGLOC-09701,Sheridan,,Wy,UNKNOWN
GGLOC-09702,Helena,,Al,UNKNOWN
GGLOC-09703,Wilkes Barre,,Pa,UNKNOWN
GGLOC-09704,Elsmere,,Ny,UNKNOWN
GGLOC-09705,Mount Pleasant,,Pa,UNKNOWN
GGLOC-09706,Florence,,Sc 29506,UNKNOWN
GGLOC-09707,Wells Fargo,,Va,UNKNOWN
GGLOC-09708,Louisville,,Co,UNKNOWN
GGLOC-09709,Grosse Ile,,Mi,UNKNOWN
GGLOC-09710,Richmond,,Ca,UNKNOWN
GGLOC-09711,Deerfield Beach,,Fl,UNKNOWN
GGLOC-09712,Silicon Valley,,Ca,UNKNOWN
GGLOC-09713,Georgetown,,Ky,UNKNOWN
GGLOC-09714,Blue Island,,Il,UNKNOWN
GGLOC-09715,Summerfield,,Fl,UNKNOWN
GGLOC-09716,Culpeper,,Va,UNKNOWN
GGLOC-09717,Westhampton,,Ny,UNKNOWN
GGLOC-09718,Town Of Southeast,,Ny,UNKNOWN
GGLOC-09719,Camano Island,,Wa,UNKNOWN
GGLOC-09720,Stationed Worldwide,,,UNKNOWN
GGLOC-09721,Liberty,,Oh,UNKNOWN
GGLOC-09722,Segundo,,Ca,UNKNOWN
GGLOC-09723,Riverdale,,Il,UNKNOWN
GGLOC-09724,Fort Detrick Army Installation,,Fredrick Md,UNKNOWN
GGLOC-09725,Ia - Des Moines,,Ia,UNKNOWN
GGLOC-09726,Bryan,,Oh,UNKNOWN
GGLOC-09727,Roswell,,,UNKNOWN
GGLOC-09728,Beloit,,Wi,UNKNOWN
GGLOC-09729,German And American Customers,,,UNKNOWN
GGLOC-09730,Sanjose Ca,,,UNKNOWN
GGLOC-09731,Riverdale,,Nj,UNKNOWN
GGLOC-09732,Lake Elmo,,Mn,UNKNOWN
GGLOC-09733,Chatsworth,,Ca,UNKNOWN
GGLOC-09734,Portland,,Ct,UNKNOWN
GGLOC-09735,Cupey,,Pr,UNKNOWN
GGLOC-09736,Tennesse,,,UNKNOWN
GGLOC-09737,Ault,,Co,UNKNOWN
GGLOC-09738,Camp Hanson,,Okinawa,UNKNOWN
GGLOC-09739,Forest Park - Atlanta,,Ga,UNKNOWN
GGLOC-09740,Bloomingdale,,Il,UNKNOWN
GGLOC-09741,Washington D.C,,,UNKNOWN
GGLOC-09742,Quito Ecuador,,,UNKNOWN
GGLOC-09743,Anniston,,Al,UNKNOWN
GGLOC-09744,Dunmore,,Pa,UNKNOWN
GGLOC-09745,Maple Valley,,Wa,UNKNOWN
GGLOC-09746,Belleville,,Wi,UNKNOWN
GGLOC-09747,Great River,,Ny,UNKNOWN
GGLOC-09748,Aspen,,Co,UNKNOWN
GGLOC-09749,Sacramento - Sacramento,,Ca,UNKNOWN
GGLOC-09750,Clear Lake,,Tx,UNKNOWN
GGLOC-09751,River Woods,,Il,UNKNOWN
GGLOC-09752,Atlanta,,Co,UNKNOWN
GGLOC-09753,Oldsmar,,Fl,UNKNOWN
GGLOC-09754,Yokota Air Base,,,UNKNOWN
GGLOC-09755,Jlt Group,,,UNKNOWN
GGLOC-09756,Ft Lauderdale,,,UNKNOWN
GGLOC-09757,Oak Harbor,,Wa,UNKNOWN
GGLOC-09758,Detroit,,Michigan,UNKNOWN
GGLOC-09759,South Pinellas,,,UNKNOWN
GGLOC-09760,Dnepr (Dnepropetrovsk),,Us,UNKNOWN
GGLOC-09761,Hudsonville,,Mi,UNKNOWN
GGLOC-09762,Mooresville,,,UNKNOWN
GGLOC-09763,Post Falls,,Id,UNKNOWN
GGLOC-09764,La Crescenta-Montrose,,Ca,UNKNOWN
GGLOC-09765,Germantown,,Tn,UNKNOWN
GGLOC-09766,Helsinki,,,UNKNOWN
GGLOC-09767,South Africa,,,UNKNOWN
GGLOC-09768,Loganville,,Ga,UNKNOWN
GGLOC-09769,Maybrook,,Ny,UNKNOWN
GGLOC-09770,Consultant - Office Of Information Technology - Operations Delivery Team,,,UNKNOWN
GGLOC-09771,Lake Nona,,Fl,UNKNOWN
GGLOC-09772,Randolph,,Ma,UNKNOWN
GGLOC-09773,Elkhorn,,Wi,UNKNOWN
GGLOC-09774,New Holland,,Pa,UNKNOWN
GGLOC-09775,Heerlen,,,UNKNOWN
GGLOC-09776,Dyess Afb,,Tx,UNKNOWN
GGLOC-09777,Matthews,,Nc,UNKNOWN
GGLOC-09778,Rtp/Ca,,,UNKNOWN
GGLOC-09779,Virginia Burtonsville,,Md,UNKNOWN
GGLOC-09780,Lanham-Seabrook,,Md,UNKNOWN
GGLOC-09781,Vorhees,,Nj,UNKNOWN
GGLOC-09782,Fussa,,Japan,UNKNOWN
GGLOC-09783,Plains Township,,Pa,UNKNOWN
GGLOC-09784,Perry,,Ut,UNKNOWN
GGLOC-09785,Kaneohe,,Hi,UNKNOWN
GGLOC-09786,Amarillo,,Wi,UNKNOWN
GGLOC-09787,Prairieville,,La,UNKNOWN
GGLOC-09788,Benton Harbor,,Mi,UNKNOWN
GGLOC-09789,Keyser,,Wv,UNKNOWN
GGLOC-09790,Geneva,,Il,UNKNOWN
GGLOC-09791,Newnan,,Georgia,UNKNOWN
GGLOC-09792,Central,,Texas,UNKNOWN
GGLOC-09793,Natrona Heights,,Pa,UNKNOWN
GGLOC-09794,Howell,,Mi,UNKNOWN
GGLOC-09795,Ship Bottom,,Nj,UNKNOWN
GGLOC-09796,Lowellville,,Oh,UNKNOWN
GGLOC-09797,Remote,,Or,UNKNOWN
GGLOC-09798,South Portland,,Ma,UNKNOWN
GGLOC-09799,Destin,,Fl,UNKNOWN
GGLOC-09800,Gurabo,,,UNKNOWN
GGLOC-09801,Sd,,,UNKNOWN
GGLOC-09802,Revere,,,UNKNOWN
GGLOC-09803,East Chicago,,In,UNKNOWN
GGLOC-09804,Everett And Aurora,,North Seattle,UNKNOWN
GGLOC-09805,North Vernon,,In,UNKNOWN
GGLOC-09806,Minden,,Nv,UNKNOWN
GGLOC-09807,Deatsville,,Al,UNKNOWN
GGLOC-09808,Ny Princeton,,Nj,UNKNOWN
GGLOC-09809,Burridge,,It,UNKNOWN
GGLOC-09810,Va,,Us,UNKNOWN
GGLOC-09811,Cyberjaya,,Malaysia,UNKNOWN
GGLOC-09812,Va Lanham,,Md,UNKNOWN
GGLOC-09813,Boyers,,Pa,UNKNOWN
GGLOC-09814,Jasper,,In,UNKNOWN
GGLOC-09815,United States Marine Corps,,,UNKNOWN
GGLOC-09816,Watsonville,,Ca,UNKNOWN
GGLOC-09817,Miami Beach,,Fl,UNKNOWN
GGLOC-09818,Melrose,,Ma,UNKNOWN
GGLOC-09819,Phoenix,,Us,UNKNOWN
GGLOC-09820,Tyrone,,Georgia,UNKNOWN
GGLOC-09821,Oregon City,,Or,UNKNOWN
GGLOC-09822,The Masters Golf Tournament,,,UNKNOWN
GGLOC-09823,Greater Boston Area,,,UNKNOWN
GGLOC-09824,The Pentagon,,,UNKNOWN
GGLOC-09825,Foster City,,Ca,UNKNOWN
GGLOC-09826,Indjija,,,UNKNOWN
GGLOC-09827,Wappinger'S Falls,,Us,UNKNOWN
GGLOC-09828,West Trenton,,Nj,UNKNOWN
GGLOC-09829,Pretoria,,,UNKNOWN
GGLOC-09830,Northport,,Al,UNKNOWN
GGLOC-09831,Credit Reporting,,,UNKNOWN
GGLOC-09832,Suzhou,,,UNKNOWN
GGLOC-09833,Green Brook,,Nj,UNKNOWN
GGLOC-09834,Pentagon City,,,UNKNOWN
GGLOC-09835,Freeport,,Ny,UNKNOWN
GGLOC-09836,Kew Gardens,,,UNKNOWN
GGLOC-09837,Harleysville,,Pa,UNKNOWN
GGLOC-09838,Japan-Wide,,,UNKNOWN
GGLOC-09839,Brighton,,Ma,UNKNOWN
GGLOC-09840,Standish,,Me,UNKNOWN
GGLOC-09841,Basking - Ridge,,Tx,UNKNOWN
GGLOC-09842,City,,Mo 64105,UNKNOWN
GGLOC-09843,Gretna,,La,UNKNOWN
GGLOC-09844,Laguna Hills,,Ca,UNKNOWN
GGLOC-09845,Rosevilla,,Ca,UNKNOWN
GGLOC-09846,Springs,,Pa,UNKNOWN
GGLOC-09847,Rajasthan,,In,UNKNOWN
GGLOC-09848,Garfield,,Nj,UNKNOWN
GGLOC-09849,Kearny Mesa,,Ca,UNKNOWN
GGLOC-09850,Olivette,,Mo,UNKNOWN
GGLOC-09851,Florida,,Us,UNKNOWN
GGLOC-09852,Md Jitc Facility,,,UNKNOWN
GGLOC-09853,Noobaid,,Md,UNKNOWN
GGLOC-09854,Shalimar,,Fl,UNKNOWN
GGLOC-09855,Techsoup,,,UNKNOWN
GGLOC-09856,Lake Toxaway,,Nc,UNKNOWN
GGLOC-09857,Dexter,,Mi,UNKNOWN
GGLOC-09858,Middle Island,,Ny,UNKNOWN
GGLOC-09859,Anaheim Hills,,Ca,UNKNOWN
GGLOC-09860,Old Lyme,,Ct,UNKNOWN
GGLOC-09861,Dedham,,Ma,UNKNOWN
GGLOC-09862,Cottonwood,,Az,UNKNOWN
GGLOC-09863,Mission Hill,,Sd,UNKNOWN
GGLOC-09864,Lancaster - Malvern,,Pa,UNKNOWN
GGLOC-09865,Rosemont,,Pa,UNKNOWN
GGLOC-09866,Multiple Locations In Ga - Dallas,,Tx,UNKNOWN
GGLOC-09867,Searcy,,Ar,UNKNOWN
GGLOC-09868,San Germán,,Pr,UNKNOWN
GGLOC-09869,Jonesville,,Nc,UNKNOWN
GGLOC-09870,Corona Del Mar,,Ca,UNKNOWN
GGLOC-09871,Greenville,,Wi,UNKNOWN
GGLOC-09872,South Windsor,,Ct,UNKNOWN
GGLOC-09873,Jacksonville,,Usa,UNKNOWN
GGLOC-09874,San Antonio,,Usa,UNKNOWN
GGLOC-09875,Humacao,,Us,UNKNOWN
GGLOC-09876,North West Region,,,UNKNOWN
GGLOC-09877,Royse City,,Tx,UNKNOWN
GGLOC-09878,Edison,,New Jersey,UNKNOWN
GGLOC-09879,Bogart,,Ga,UNKNOWN
GGLOC-09880,River Woods,,Illinois,UNKNOWN
GGLOC-09881,Nelsonville,,Oh,UNKNOWN
GGLOC-09882,Lincoln,,Ri,UNKNOWN
GGLOC-09883,Overland Park,,Kansas,UNKNOWN
GGLOC-09884,Azad Kashmir,,Pakistan,UNKNOWN
GGLOC-09885,Telecommute,,,UNKNOWN
GGLOC-09886,Walmart,,Rfid Applications,UNKNOWN
GGLOC-09887,Luanda,,Ao,UNKNOWN
GGLOC-09888,Warrendale,,Pa,UNKNOWN
GGLOC-09889,South Park,,Pa,UNKNOWN
GGLOC-09890,Stow,,Ma,UNKNOWN
GGLOC-09891,White Oak,,Pa,UNKNOWN
GGLOC-09892,Belleville,,Mi,UNKNOWN
GGLOC-09893,Granville,,Ma,UNKNOWN
GGLOC-09894,Medley,,Fl,UNKNOWN
GGLOC-09895,Brooklyn Center,,Mn,UNKNOWN
GGLOC-09896,Northport,,Ny,UNKNOWN
GGLOC-09897,Denver,,Co 80202,UNKNOWN
GGLOC-09898,Laytonsville,,Md,UNKNOWN
GGLOC-09899,Amelia,,Oh,UNKNOWN
GGLOC-09900,950 Employees,,,UNKNOWN
GGLOC-09901,United States Nuclear Regulatory Commission (Nrc),,,UNKNOWN
GGLOC-09902,Owatonna,,Mn,UNKNOWN
GGLOC-09903,Norton Air Force Base,,California,UNKNOWN
GGLOC-09904,Miramar,,Ca,UNKNOWN
GGLOC-09905,Marina Del Rey,,Ca,UNKNOWN
GGLOC-09906,Tirana,,,UNKNOWN
GGLOC-09907,Fountain City,,In,UNKNOWN
GGLOC-09908,Chester,,Md,UNKNOWN
GGLOC-09909,Ashanti Region,,Ghana,UNKNOWN
GGLOC-09910,Aburi,,,UNKNOWN
GGLOC-09911,Hartsville,,Sc,UNKNOWN
GGLOC-09912,Zebulon,,Nc,UNKNOWN
GGLOC-09913,Jenkinsville,,Sc,UNKNOWN
GGLOC-09914,Lake,,Tx,UNKNOWN
GGLOC-09915,Westfield,,In,UNKNOWN
GGLOC-09916,Virginia,,Usa,UNKNOWN
GGLOC-09917,Middle River,,Md,UNKNOWN
GGLOC-09918,Skytech Solutions,,India,UNKNOWN
GGLOC-09919,Middlebury,,Ct,UNKNOWN
GGLOC-09920,Caledonia,,Mn,UNKNOWN
GGLOC-09921,Simpsonville,,Sc,UNKNOWN
GGLOC-09922,Auburn,,Ga,UNKNOWN
GGLOC-09923,Flowery Branch,,Ga,UNKNOWN
GGLOC-09924,Pelham,,Ny,UNKNOWN
GGLOC-09925,Gary,,In,UNKNOWN
GGLOC-09926,Www.Treasureislandjewel.Com,,,UNKNOWN
GGLOC-09927,Creve Coeur - West Campus - St. Louis,,Mo,UNKNOWN
GGLOC-09928,Cartersville,,Ga,UNKNOWN
GGLOC-09929,Camp Hansen,,Okinawa,UNKNOWN
GGLOC-09930,Marshall,,Tx,UNKNOWN
GGLOC-09931,Ab,,,UNKNOWN
GGLOC-09932,Ashland,,Va,UNKNOWN
GGLOC-09933,Newport,,In,UNKNOWN
GGLOC-09934,T-Mobile - Bellevue,,Wa,UNKNOWN
GGLOC-09935,Mclane,,Va,UNKNOWN
GGLOC-09936,Kc Metro,,,UNKNOWN
GGLOC-09937,Yucaipa,,Ca,UNKNOWN
GGLOC-09938,Middle Town,,Nj,UNKNOWN
GGLOC-09939,Uijeongbu,,South Korea,UNKNOWN
GGLOC-09940,United Arab Emirates (Al Dhafra Air Base),,,UNKNOWN
GGLOC-09941,Vero Beach,,Fl,UNKNOWN
GGLOC-09942,Louisburg,,Nc,UNKNOWN
GGLOC-09943,Owensboro,,Ky,UNKNOWN
GGLOC-09944,Luverne,,Al,UNKNOWN
GGLOC-09945,Montvale,,Nj,UNKNOWN
GGLOC-09946,Franklin Lakes,,N,UNKNOWN
GGLOC-09947,Ijamsville,,Md,UNKNOWN
GGLOC-09948,West Harrison,,Ny,UNKNOWN
GGLOC-09949,Zhejiang University,,,UNKNOWN
GGLOC-09950,Columbos Baton Rouge,,La,UNKNOWN
GGLOC-09951,Grand Canyon,,Az,UNKNOWN
GGLOC-09952,Harrsonburg,,Va,UNKNOWN
GGLOC-09953,Atlanta,,United States,UNKNOWN
GGLOC-09954,Holly Springs,,Ms,UNKNOWN
GGLOC-09955,Hagåtña,,Gu,UNKNOWN
GGLOC-09956,Montgomery,,Il,UNKNOWN
GGLOC-09957,St. Louis,,Dc,UNKNOWN
GGLOC-09958,Sancti-Spiritus,,Cuba,UNKNOWN
GGLOC-09959,Medford,,Nj,UNKNOWN
GGLOC-09960,Aubrey,,Tx,UNKNOWN
GGLOC-09961,Hines,,Il,UNKNOWN
GGLOC-09962,Westmont,,Il,UNKNOWN
GGLOC-09963,Jamison,,Pa,UNKNOWN
GGLOC-09964,Clermont Ferrand,,Fr,UNKNOWN
GGLOC-09965,Medway,,Ma,UNKNOWN
GGLOC-09966,West Linn,,Or,UNKNOWN
GGLOC-09967,Dollard-Des Ormeaux,,Qc,UNKNOWN
GGLOC-09968,Audubon,,Nj,UNKNOWN
GGLOC-09969,Algiers,,La,UNKNOWN
GGLOC-09970,Zelienople,,Pa,UNKNOWN
GGLOC-09971,Weatherford,,Tx,UNKNOWN
GGLOC-09972,Barksdale Afb,,La,UNKNOWN
GGLOC-09973,Indiana Tx,,,UNKNOWN
GGLOC-09974,Leavenworth,,Ks,UNKNOWN
GGLOC-09975,New Baltimore,,Mi,UNKNOWN
GGLOC-09976,Piraeus,,Gr,UNKNOWN
GGLOC-09977,Offutt Afb,,Ne,UNKNOWN
GGLOC-09978,Moapa,,Nv,UNKNOWN
GGLOC-09979,Higginsville,,Mo,UNKNOWN
GGLOC-09980,Fall Church,,,UNKNOWN
GGLOC-09981,Meriden,,Ct,UNKNOWN
GGLOC-09982,Dearborn Heights,,Mi,UNKNOWN
GGLOC-09983,Brunswick,,Oh,UNKNOWN
GGLOC-09984,Rockville - Md Atlanta,,Ga,UNKNOWN
GGLOC-09985,Dixon,,Ca,UNKNOWN
GGLOC-09986,Fajardo,,Pr,UNKNOWN
GGLOC-09987,Chaska,,Mn,UNKNOWN
GGLOC-09988,Willowbrook,,Il,UNKNOWN
GGLOC-09989,Cognizant Technology Solutions,,,UNKNOWN
GGLOC-09990,U.S. Marine Corps: Marine Corps Base Kaneohe Bay,,Hawaii,UNKNOWN
GGLOC-09991,Boxborough,,Ma,UNKNOWN
GGLOC-09992,New Bedford,,Ma,UNKNOWN
GGLOC-09993,New Cumberland,,Pa,UNKNOWN
GGLOC-09994,Winter Springs,,Fl,UNKNOWN
GGLOC-09995,Ifugao Province,,,UNKNOWN
GGLOC-09996,Spring Valley,,Ny,UNKNOWN
GGLOC-09997,Cambridge,,Uk,UNKNOWN
GGLOC-09998,Douglas,,Ky,UNKNOWN
GGLOC-09999,Gulf Breeze,,Fl,UNKNOWN
GGLOC-10000,Brenham,,Tx,UNKNOWN
GGLOC-10001,Mysql 5.6,,Mongodb,UNKNOWN
GGLOC-10002,Webster Groves,,Mo,UNKNOWN
GGLOC-10003,Hanover,,Nj,UNKNOWN
GGLOC-10004,Md Hagerstown,,Md,UNKNOWN
GGLOC-10005,Bellefontaine,,Ohio,UNKNOWN
GGLOC-10006,Trumbull,,Ct 06611,UNKNOWN
GGLOC-10007,Capitol Heights,,D.C,UNKNOWN
GGLOC-10008,Ic,,,UNKNOWN
GGLOC-10009,Greater Chicago Area,,Il,UNKNOWN
GGLOC-10010,Nh,,,UNKNOWN
GGLOC-10011,Wiimington,,De,UNKNOWN
GGLOC-10012,Miraflores,,Lima,UNKNOWN
GGLOC-10013,Newark,,,UNKNOWN
GGLOC-10014,Dania Beach,,Fl,UNKNOWN
GGLOC-10015,Lusaka,,,UNKNOWN
GGLOC-10016,Bloomfield,,Mi,UNKNOWN
GGLOC-10017,Hutchins,,Tx,UNKNOWN
GGLOC-10018,Clarence Center,,Ny,UNKNOWN
GGLOC-10019,Gwynn Oak,,Md,UNKNOWN
GGLOC-10020,Mendham,,Nj,UNKNOWN
GGLOC-10021,Engineering & Manufacturing Co.; Innovator Of Hospital And Hospitality Industry Paging And Electronic Solutions,,,UNKNOWN
GGLOC-10022,Amboy,,Mn,UNKNOWN
GGLOC-10023,Limbe,,,UNKNOWN
GGLOC-10024,Santee,,Ca,UNKNOWN
GGLOC-10025,Carter Lake,,Ia,UNKNOWN
GGLOC-10026,Van Buren,,In,UNKNOWN
GGLOC-10027,Collins,,Ca,UNKNOWN
GGLOC-10028,Waxhaw,,Nc,UNKNOWN
GGLOC-10029,Hatfield,,Pa,UNKNOWN
GGLOC-10030,Washington City,,Dc,UNKNOWN
GGLOC-10031,Vt,,,UNKNOWN
GGLOC-10032,Milford,,Oh,UNKNOWN
GGLOC-10033,Talbott,,Tn,UNKNOWN
GGLOC-10034,Www.Lapsi360.Com,,,UNKNOWN
GGLOC-10035,Argyle,,Tx,UNKNOWN
GGLOC-10036,Poulsbo,,Wa,UNKNOWN
GGLOC-10037,Various Locations Worldwide,,,UNKNOWN
GGLOC-10038,Carlinville,,Il,UNKNOWN
GGLOC-10039,Gto. Mexico,,,UNKNOWN
GGLOC-10040,80100,,Kenya,UNKNOWN
GGLOC-10041,Princeton,,Il,UNKNOWN
GGLOC-10042,North Liberty,,Ia,UNKNOWN
GGLOC-10043,Van Alstyne,,Tx,UNKNOWN
GGLOC-10044,Harbor City,,Ca,UNKNOWN
GGLOC-10045,Westminster,,Ca,UNKNOWN
GGLOC-10046,Chatham,,Il,UNKNOWN
GGLOC-10047,Dushore,,Pa,UNKNOWN
GGLOC-10048,Fort Mcnair,,Dc,UNKNOWN
GGLOC-10049,School Project,,,UNKNOWN
GGLOC-10050,Gulfport,,Ca,UNKNOWN
GGLOC-10051,Kona And Hilo Airports,,,UNKNOWN
GGLOC-10052,Spring Valley,,Nj,UNKNOWN
GGLOC-10053,Ibadan,,Oyo State - Ng,UNKNOWN
GGLOC-10054,San José - Cr,,,UNKNOWN
GGLOC-10055,Camp Lemonier Djibouti,,,UNKNOWN
GGLOC-10056,Choctaw,,Ok,UNKNOWN
GGLOC-10057,Pennsville,,Nj,UNKNOWN
GGLOC-10058,Southlake,,Tx,UNKNOWN
GGLOC-10059,Malmstrom Afb,,Mt,UNKNOWN
GGLOC-10060,Henri Bendel (Lbrands),,,UNKNOWN
GGLOC-10061,Wahiaw?,,Hi,UNKNOWN
GGLOC-10062,Centers For Medicare & Medicaid Services (Cms),,,UNKNOWN
GGLOC-10063,Woodmere,,Ny,UNKNOWN
GGLOC-10064,Ramsey,,Nj,UNKNOWN
GGLOC-10065,Highland,,Ohio,UNKNOWN
GGLOC-10066,Missouri,,Us,UNKNOWN
GGLOC-10067,Wa,,,UNKNOWN
GGLOC-10068,Alabama,,,UNKNOWN
GGLOC-10069,Orange County,,Ca,UNKNOWN
GGLOC-10070,Holtsville,,Ny,UNKNOWN
GGLOC-10071,Kabul,,Afghanistan,UNKNOWN
GGLOC-10072,Calabar,,Nigeria,UNKNOWN
GGLOC-10073,Gurgon,,In,UNKNOWN
GGLOC-10074,Newport,,Fl,UNKNOWN
GGLOC-10075,Wayne Park,,Ne,UNKNOWN
GGLOC-10076,Bellaire,,Tx,UNKNOWN
GGLOC-10077,Us. Department Of State,,,UNKNOWN
GGLOC-10078,July 2018 To September 2018,,,UNKNOWN
GGLOC-10079,Boucherieh - Beirut,,Lb,UNKNOWN
GGLOC-10080,Vienna,,Virginia,UNKNOWN
GGLOC-10081,Jonesville,,Mi,UNKNOWN
GGLOC-10082,Old Mill South,,,UNKNOWN
GGLOC-10083,Dillsboro,,Nc,UNKNOWN
GGLOC-10084,Coopersburg,,Pa,UNKNOWN
GGLOC-10085,Hidden Valley Lake,,Ca,UNKNOWN
GGLOC-10086,Beaufort,,Sc,UNKNOWN
GGLOC-10087,Vance,,Al,UNKNOWN
GGLOC-10088,Carrabassett Valley,,Me,UNKNOWN
GGLOC-10089,Danville,,In,UNKNOWN
GGLOC-10090,Solomons,,Md,UNKNOWN
GGLOC-10091,Benicia,,Ca,UNKNOWN
GGLOC-10092,Oregon City,,Us,UNKNOWN
GGLOC-10093,Cajon,,Ca,UNKNOWN
GGLOC-10094,Cal,,Af,UNKNOWN
GGLOC-10095,Kingwood,,Tx,UNKNOWN
GGLOC-10096,Fremont,,Mi,UNKNOWN
GGLOC-10097,Danville,,Ky,UNKNOWN
GGLOC-10098,Glenview,,Il,UNKNOWN
GGLOC-10099,Penitas,,Tx,UNKNOWN
GGLOC-10100,Oxford,,Pa,UNKNOWN
GGLOC-10101,Conifer,,Co,UNKNOWN
GGLOC-10102,Bay City,,Mi,UNKNOWN
GGLOC-10103,Ellenwood,,Ga,UNKNOWN
GGLOC-10104,Regina,,Sk,UNKNOWN
GGLOC-10105,Lennox International,,,UNKNOWN
GGLOC-10106,Marietta,,Il,UNKNOWN
GGLOC-10107,Richardson - Dallas,,Tx,UNKNOWN
GGLOC-10108,Palm Coast,,Fl,UNKNOWN
GGLOC-10109,Contract,,,UNKNOWN
GGLOC-10110,Wash,,Md,UNKNOWN
GGLOC-10111,Pea Ridge,,Ar,UNKNOWN
GGLOC-10112,Arlington,,Virginia,UNKNOWN
GGLOC-10113,Largo,,Fl,UNKNOWN
GGLOC-10114,Taylor,,Mi,UNKNOWN
GGLOC-10115,Contract Position,,,UNKNOWN
GGLOC-10116,Ao,,,UNKNOWN
GGLOC-10117,Seattle,,Wa 98104,UNKNOWN
GGLOC-10118,Plainfield,,Il,UNKNOWN
GGLOC-10119,Hiawatha,,Ia,UNKNOWN
GGLOC-10120,Taylors,,Sc,UNKNOWN
GGLOC-10121,Northfield,,Il,UNKNOWN
GGLOC-10122,Latham,,Ny,UNKNOWN
GGLOC-10123,Kuwait City,,,UNKNOWN
GGLOC-10124,Stennis Space Center,,Ms,UNKNOWN
GGLOC-10125,Park City,,Ut,UNKNOWN
GGLOC-10126,Www.Yage.Com.Ec,,,UNKNOWN
GGLOC-10127,Bloomington,,Us,UNKNOWN
GGLOC-10128,Elk River,,Mn,UNKNOWN
GGLOC-10129,Va,,Tn,UNKNOWN
GGLOC-10130,Oak Lawn,,Il,UNKNOWN
GGLOC-10131,East Granby,,Ct,UNKNOWN
GGLOC-10132,Dandridge,,Tn,UNKNOWN
GGLOC-10133,Barceloneta,,Pr,UNKNOWN
GGLOC-10134,Sparks,,Md,UNKNOWN
GGLOC-10135,Point Comfort,,Tx,UNKNOWN
GGLOC-10136,Greenbelt,,Us,UNKNOWN
GGLOC-10137,Ecuador,,,UNKNOWN
GGLOC-10138,Nyc/Remote,,,UNKNOWN
GGLOC-10139,Opelika,,Al,UNKNOWN
GGLOC-10140,Middleburg,,Fl,UNKNOWN
GGLOC-10141,Vapi,,Gujarat,UNKNOWN
GGLOC-10142,Windham,,Nh,UNKNOWN
GGLOC-10143,Chilton,,Wi,UNKNOWN
GGLOC-10144,Randburg,,Gauteng,UNKNOWN
GGLOC-10145,711Th Human Performance Wing / Usafsam / Global Logistics Support Center,,,UNKNOWN
GGLOC-10146,Jefferson,,Co,UNKNOWN
GGLOC-10147,Staunton,,Il,UNKNOWN
GGLOC-10148,Greenfield,,Tn,UNKNOWN
GGLOC-10149,Nokesville,,Va,UNKNOWN
GGLOC-10150,Saufley Field Nolf,,Fl,UNKNOWN
GGLOC-10151,Abingdon,,Md,UNKNOWN
GGLOC-10152,Whippany,,Nj,UNKNOWN
GGLOC-10153,Taji,,Iraq,UNKNOWN
GGLOC-10154,Rosemont,,Il,UNKNOWN
GGLOC-10155,Winter Haven,,Fl,UNKNOWN
GGLOC-10156,Algiers,,La 70114,UNKNOWN
GGLOC-10157,Barquisimeto City,,,UNKNOWN
GGLOC-10158,Palm Harbor,,Fl,UNKNOWN
GGLOC-10159,Western Ontario,,Canada,UNKNOWN
GGLOC-10160,Westlake,,Tx,UNKNOWN
GGLOC-10161,Kingstree,,Sc,UNKNOWN
GGLOC-10162,Banking And Finance,,,UNKNOWN
GGLOC-10163,Edgewater,,Nj,UNKNOWN
GGLOC-10164,Glendive,,Mt,UNKNOWN
GGLOC-10165,Valencia - Edo. Carabobo,,,UNKNOWN
GGLOC-10166,World Clients,,,UNKNOWN
GGLOC-10167,Secaucus,,Nj 09734,UNKNOWN
GGLOC-10168,Marysville,,Oh,UNKNOWN
GGLOC-10169,Blue Springs,,Mo,UNKNOWN
GGLOC-10170,Whiting,,In,UNKNOWN
GGLOC-10171,Greenville,,Tx,UNKNOWN
GGLOC-10172,Springfield City,,Nj,UNKNOWN
GGLOC-10173,Minneoplis,,Mn,UNKNOWN
GGLOC-10174,Winamac,,In,UNKNOWN
GGLOC-10175,Beacon Falls,,Ct,UNKNOWN
GGLOC-10176,Pittsfield,,Ma,UNKNOWN
GGLOC-10177,Holiday,,Fl,UNKNOWN
GGLOC-10178,Indianola,,Pa,UNKNOWN
GGLOC-10179,Berkeley Heights,,Nj,UNKNOWN
GGLOC-10180,Guantanamo,,,UNKNOWN
GGLOC-10181,Sleepy Hollow,,Ny,UNKNOWN
GGLOC-10182,Oakland Park,,Fl,UNKNOWN
GGLOC-10183,Huntingdon Valley,,Pa,UNKNOWN
GGLOC-10184,Fremont,,Us,UNKNOWN
GGLOC-10185,Woodside,,Ca,UNKNOWN
GGLOC-10186,Granite Falls,,Nc,UNKNOWN
GGLOC-10187,Okinawa,,Japan,UNKNOWN
GGLOC-10188,Usa & India,,,UNKNOWN
GGLOC-10189,Benson,,Mn,UNKNOWN
GGLOC-10190,Buda,,Tx,UNKNOWN
GGLOC-10191,California City,,Ca,UNKNOWN
GGLOC-10192,Port Carbon,,Pa,UNKNOWN
GGLOC-10193,Dilworth,,Mn,UNKNOWN
GGLOC-10194,Anaheim,,Ca 92808,UNKNOWN
GGLOC-10195,Mangilao,,Gu,UNKNOWN
GGLOC-10196,Parsons,,Ks,UNKNOWN
GGLOC-10197,Norilsk,,Ru,UNKNOWN
GGLOC-10198,Ge,,,UNKNOWN
GGLOC-10199,Newkirk,,Ok,UNKNOWN
GGLOC-10200,Billerica,,Ma,UNKNOWN
GGLOC-10201,Township Of Warren,,Nj,UNKNOWN
GGLOC-10202,Valencia,,Carabobo,UNKNOWN
GGLOC-10203,Tuxedo Park,,Ny,UNKNOWN
GGLOC-10204,Manhasset,,Ny,UNKNOWN
GGLOC-10205,Sfo - Ca,,,UNKNOWN
GGLOC-10206,Fairfax,,Ca,UNKNOWN
GGLOC-10207,Ruther Glen,,Va,UNKNOWN
GGLOC-10208,Wall Street,,Ny,UNKNOWN
GGLOC-10209,Farley,,Ia,UNKNOWN
GGLOC-10210,Ph,,,UNKNOWN
GGLOC-10211,Sanbernardino,,California Usa,UNKNOWN
GGLOC-10212,California,,Ca,UNKNOWN
GGLOC-10213,Springs,,Co,UNKNOWN
GGLOC-10214,Ormond Beach,,Fl,UNKNOWN
GGLOC-10215,Spencer,,Ny,UNKNOWN
GGLOC-10216,Warrington,,Pa,UNKNOWN
GGLOC-10217,Lantana,,Fl,UNKNOWN
GGLOC-10218,Dayton,,Tn,UNKNOWN
GGLOC-10219,Westmont,,Illinois,UNKNOWN
GGLOC-10220,Williamsville,,Il,UNKNOWN
GGLOC-10221,Saint Cloud,,Fl,UNKNOWN
GGLOC-10222,Peabody,,,UNKNOWN
GGLOC-10223,Danville,,Ct,UNKNOWN
GGLOC-10224,Newtown,,Ct,UNKNOWN
GGLOC-10225,Dsm Area,,Ia,UNKNOWN
GGLOC-10226,Ningbo,,Cn,UNKNOWN
GGLOC-10227,Eaton,,Co,UNKNOWN
GGLOC-10228,Ybor City,,Fl,UNKNOWN
GGLOC-10229,Malvern,,Ia,UNKNOWN
GGLOC-10230,Chicago,,Usa,UNKNOWN
GGLOC-10231,Atlanta,,Usa,UNKNOWN
GGLOC-10232,Hesperia,,Ca,UNKNOWN
GGLOC-10233,Hatillo,,Pr,UNKNOWN
GGLOC-10234,St. Louis,,Missouri,UNKNOWN
GGLOC-10235,Rockaway,,Nj,UNKNOWN
GGLOC-10236,North Brookfield,,Ma,UNKNOWN
GGLOC-10237,Kentwood,,Mi,UNKNOWN
GGLOC-10238,Troy Northville,,Mi,UNKNOWN
GGLOC-10239,Nutter Fort,,Wv,UNKNOWN
GGLOC-10240,Jessup,,Pa,UNKNOWN
GGLOC-10241,Glenn Dale,,Md,UNKNOWN
GGLOC-10242,South Gate,,Ca,UNKNOWN
GGLOC-10243,Bangladesh - Bd,,,UNKNOWN
GGLOC-10244,Department Of The Army,,,UNKNOWN
GGLOC-10245,Calverton,,Md,UNKNOWN
GGLOC-10246,Lake Katrine,,Ny,UNKNOWN
GGLOC-10247,Williston,,Vt,UNKNOWN
GGLOC-10248,Hillsborough,,Nj,UNKNOWN
GGLOC-10249,Breinigsville,,Pa,UNKNOWN
GGLOC-10250,Dod Mark Center - Enterprise It Services Directorate,,,UNKNOWN
GGLOC-10251,Goldsboro,,Nc,UNKNOWN
GGLOC-10252,Yaoundé,,Cameroun,UNKNOWN
GGLOC-10253,Steelcase Inc,,,UNKNOWN
GGLOC-10254,North Chicago,,Il,UNKNOWN
GGLOC-10255,South Edmeston,,Ny,UNKNOWN
GGLOC-10256,Philadelphia,,Ms,UNKNOWN
GGLOC-10257,Kansas City,,Missouri,UNKNOWN
GGLOC-10258,Waterloo,,Wi,UNKNOWN
GGLOC-10259,Harrison,,Nj,UNKNOWN
GGLOC-10260,Ibm Santander Bank Usa,,,UNKNOWN
GGLOC-10261,Quantico,,Md,UNKNOWN
GGLOC-10262,Delphos,,Oh,UNKNOWN
GGLOC-10263,Hunt Valley,,Md,UNKNOWN
GGLOC-10264,Williamston,,Mi,UNKNOWN
GGLOC-10265,Federal Apd,,Mi,UNKNOWN
GGLOC-10266,Leesville,,Sc,UNKNOWN
GGLOC-10267,Wilmington,,Dl,UNKNOWN
GGLOC-10268,Columbia,,Md 21046,UNKNOWN
GGLOC-10269,Fenton,,Mo,UNKNOWN
GGLOC-10270,Quito,,Provincia De Pichincha,UNKNOWN
GGLOC-10271,Lancaster,,Ny,UNKNOWN
GGLOC-10272,Murphysboro,,Il,UNKNOWN
GGLOC-10273,Charlotte,,,UNKNOWN
GGLOC-10274,Anand,,20707 - Usa,UNKNOWN
GGLOC-10275,Fairfax,,Us,UNKNOWN
GGLOC-10276,Saint Anthony,,Id,UNKNOWN
GGLOC-10277,Connecticut,,Usa,UNKNOWN
GGLOC-10278,Duarte,,Ca,UNKNOWN
GGLOC-10279,Chisinau,,Moldova,UNKNOWN
GGLOC-10280,Office Of Personnel Management (Opm),,,UNKNOWN
GGLOC-10281,Carderock,,Md,UNKNOWN
GGLOC-10282,Riverdale,,Md,UNKNOWN
GGLOC-10283,Manakin,,Va,UNKNOWN
GGLOC-10284,Beale Afb,,Ca 95903,UNKNOWN
GGLOC-10285,Saratoga Springs,,Ut,UNKNOWN
GGLOC-10286,Bridgeview,,Il,UNKNOWN
GGLOC-10287,Nyc Department Of Education,,,UNKNOWN
GGLOC-10288,Netpage Company Limited,,The Gambia,UNKNOWN
GGLOC-10289,Woodbury,,Nj,UNKNOWN
GGLOC-10290,Cathedral City,,Ca,UNKNOWN
GGLOC-10291,West Hollywood,,California,UNKNOWN
GGLOC-10292,Mountainside,,Nj,UNKNOWN
GGLOC-10293,Fort Riley,,Ks,UNKNOWN
GGLOC-10294,Richmond,,Il,UNKNOWN
GGLOC-10295,Lansdale,,Pa,UNKNOWN
GGLOC-10296,South Richmond Hill,,Ny,UNKNOWN
GGLOC-10297,Morrison,,Colorado,UNKNOWN
GGLOC-10298,Sterling,,Ma,UNKNOWN
GGLOC-10299,Deephaven,,Mn,UNKNOWN
GGLOC-10300,Homer,,Ga,UNKNOWN
GGLOC-10301,West Valley City,,,UNKNOWN
GGLOC-10302,Conroe,,Tx,UNKNOWN
GGLOC-10303,Florence,,15698,UNKNOWN
GGLOC-10304,Cienfuegos/Cuba,,,UNKNOWN
GGLOC-10305,Hollidaysburg,,Pa,UNKNOWN
GGLOC-10306,Linthicum Heights,,Md,UNKNOWN
GGLOC-10307,Downers Grove,,,UNKNOWN
GGLOC-10308,Rye,,Ny,UNKNOWN
GGLOC-10309,Jefferson,,Tx,UNKNOWN
GGLOC-10310,Arroyo Hondo - Do,,,UNKNOWN
GGLOC-10311,Concord,,Ma,UNKNOWN
GGLOC-10312,09213,,Us,UNKNOWN
GGLOC-10313,Dawson,,Ga,UNKNOWN
GGLOC-10314,Rockford Memorial Hospital,,,UNKNOWN
GGLOC-10315,Hhs Centers For Medicare & Medicaid Services(Cms),,,UNKNOWN
GGLOC-10316,Shelbyville,,Ky,UNKNOWN
GGLOC-10317,Sorrento Valley,,,UNKNOWN
GGLOC-10318,Basra,,,UNKNOWN
GGLOC-10319,Solon,,Oh,UNKNOWN
GGLOC-10320,Chickasaw,,Al,UNKNOWN
GGLOC-10321,Taylor,,Tx,UNKNOWN
GGLOC-10322,Maryland Height,,Mo,UNKNOWN
GGLOC-10323,Castro Valley,,Ca,UNKNOWN
GGLOC-10324,Www.Lexicollc.Com,,,UNKNOWN
GGLOC-10325,Corona,,Ny,UNKNOWN
GGLOC-10326,Habana,,Cuba,UNKNOWN
GGLOC-10327,New Haven,,In,UNKNOWN
GGLOC-10328,Elwood,,Il,UNKNOWN
GGLOC-10329,Woodbury - Us,,,UNKNOWN
GGLOC-10330,Huachuca City,,Az,UNKNOWN
GGLOC-10331,Fort Bragg,,Fl,UNKNOWN
GGLOC-10332,Surry,,Nh,UNKNOWN
GGLOC-10333,Dunn,,Nc,UNKNOWN
GGLOC-10334,Georgetown,,Gy,UNKNOWN
GGLOC-10335,West Bloomfield Township,,Mi,UNKNOWN
GGLOC-10336,Saint Charles,,Il,UNKNOWN
GGLOC-10337,Adsl (Cisco) Routers,,,UNKNOWN
GGLOC-10338,Dyersville,,Ia,UNKNOWN
GGLOC-10339,Cape May,,Nj,UNKNOWN
GGLOC-10340,Jamesburg,,Nj,UNKNOWN
GGLOC-10341,Wrentham,,Ma,UNKNOWN
GGLOC-10342,Manila Philippines,,And Thailand,UNKNOWN
GGLOC-10343,India - In,,,UNKNOWN
GGLOC-10344,Www.Ipnonline.Net,,,UNKNOWN
GGLOC-10345,Greater Denver Area,,,UNKNOWN
GGLOC-10346,Suffolk,,Va,UNKNOWN
GGLOC-10347,Nurnberg,,De,UNKNOWN
GGLOC-10348,Sparta,,Wi,UNKNOWN
GGLOC-10349,Penza,,Russia,UNKNOWN
GGLOC-10350,Slidell,,La,UNKNOWN
GGLOC-10351,Glenwood,,Il,UNKNOWN
GGLOC-10352,Westlake,,Tx 76262,UNKNOWN
GGLOC-10353,Hawthorne,,Ca,UNKNOWN
GGLOC-10354,Jefferson,,Ga,UNKNOWN
GGLOC-10355,Wendell,,Nc,UNKNOWN
GGLOC-10356,Panama City,,Pa,UNKNOWN
GGLOC-10357,Hudson,,Ma,UNKNOWN
GGLOC-10358,Kuala-Lumpur,,,UNKNOWN
GGLOC-10359,Shiloh,,Oh,UNKNOWN
GGLOC-10360,Belvidere,,Il,UNKNOWN
GGLOC-10361,Cleveland,,Ga,UNKNOWN
GGLOC-10362,Central Valley,,Ny,UNKNOWN
GGLOC-10363,Thurmont,,Md,UNKNOWN
GGLOC-10364,Carey,,Oh,UNKNOWN
GGLOC-10365,Petoskey,,Mi,UNKNOWN
GGLOC-10366,Half Moon Bay,,Ca,UNKNOWN
GGLOC-10367,Carpentersville,,Il,UNKNOWN
GGLOC-10368,Pekin,,Il,UNKNOWN
GGLOC-10369,Bangor,,Mi,UNKNOWN
GGLOC-10370,Startup Venture,,,UNKNOWN
GGLOC-10371,Royal Oak,,Mi,UNKNOWN
GGLOC-10372,Gouldsboro,,Pa,UNKNOWN
GGLOC-10373,Easton,,Oh,UNKNOWN
GGLOC-10374,Spotsylvania,,Va,UNKNOWN
GGLOC-10375,Austin Cedar Park,,Tx,UNKNOWN
GGLOC-10376,Los Angles,,Ca,UNKNOWN
GGLOC-10377,Fort Belvoir,,Va,UNKNOWN
GGLOC-10378,Somers,,Ny,UNKNOWN
GGLOC-10379,Stewartsville,,Mo,UNKNOWN
GGLOC-10380,Grants Pass,,Or,UNKNOWN
GGLOC-10381,Oak Park,,Ca,UNKNOWN
GGLOC-10382,Sheffield,,Al,UNKNOWN
GGLOC-10383,Dededo,,Gu,UNKNOWN
GGLOC-10384,Ellabell,,Ga,UNKNOWN
GGLOC-10385,Palma De Mallorca,,Es,UNKNOWN
GGLOC-10386,County Of Orange,,,UNKNOWN
GGLOC-10387,San Gabriel,,Ca,UNKNOWN
GGLOC-10388,Dresden,,,UNKNOWN
GGLOC-10389,Guacara,,Venezuela,UNKNOWN
GGLOC-10390,Biscoe,,Nc,UNKNOWN
GGLOC-10391,Eden Prairie,,Mn 55344,UNKNOWN
GGLOC-10392,Cleveland Clinic,,,UNKNOWN
GGLOC-10393,Valley,,Ga,UNKNOWN
GGLOC-10394,Ftw,,Tx,UNKNOWN
GGLOC-10395,Univ. Of Oregon'S Alumni Center,,,UNKNOWN
GGLOC-10396,Clinton,,Me,UNKNOWN
GGLOC-10397,Maryland City,,Md,UNKNOWN
GGLOC-10398,West Babylon,,Ny,UNKNOWN
GGLOC-10399,Zion,,Il,UNKNOWN
GGLOC-10400,Hoffman Estates - Schaumburg,,Il,UNKNOWN
GGLOC-10401,Bristol,,In,UNKNOWN
GGLOC-10402,Palisades Park,,Nj,UNKNOWN
GGLOC-10403,Fannie Mae - Security Operations And Biometric Technology,,,UNKNOWN
GGLOC-10404,Fort Meade,,,UNKNOWN
GGLOC-10405,Dubai Media City - Dubai,,Ae,UNKNOWN
GGLOC-10406,Taft,,Ca,UNKNOWN
GGLOC-10407,Salem,,In,UNKNOWN
GGLOC-10408,Lakeway,,Tx,UNKNOWN
GGLOC-10409,Pinnacle,,Us,UNKNOWN
GGLOC-10410,Freeport,,Me,UNKNOWN
GGLOC-10411,Sèvres,,France,UNKNOWN
GGLOC-10412,Lome,,Tg,UNKNOWN
GGLOC-10413,Ortigas Ave. Ext.,,Rizal,UNKNOWN
GGLOC-10414,Williams,,Ut,UNKNOWN
GGLOC-10415,Hingham,,Us,UNKNOWN
GGLOC-10416,Rocky River,,Oh,UNKNOWN
GGLOC-10417,Belguim,,,UNKNOWN
GGLOC-10418,Amherst,,Tx,UNKNOWN
GGLOC-10419,Lake View,,Ny,UNKNOWN
GGLOC-10420,Olympia,,Wa,UNKNOWN
GGLOC-10421,West Chicago,,Il,UNKNOWN
GGLOC-10422,Brooks,,Ky,UNKNOWN
GGLOC-10423,Sweet Home,,Or,UNKNOWN
GGLOC-10424,Granite Bay,,Ca,UNKNOWN
GGLOC-10425,Insurance Corporation*,,,UNKNOWN
GGLOC-10426,Tinton Falls,,Nj,UNKNOWN
GGLOC-10427,Officemax Corp,,,UNKNOWN
GGLOC-10428,Wheaton,,Il,UNKNOWN
GGLOC-10429,Sherwood,,Ar,UNKNOWN
GGLOC-10430,Beverly Hills,,Ca,UNKNOWN
GGLOC-10431,Westchester,,Usa,UNKNOWN
GGLOC-10432,Country Club Hills,,Il,UNKNOWN
GGLOC-10433,Tallil,,Iraq/Camp Arifjan - Kw,UNKNOWN
GGLOC-10434,Va,,Md,UNKNOWN
GGLOC-10435,Fleming Island,,Fl,UNKNOWN
GGLOC-10436,Iloilo City,,,UNKNOWN
GGLOC-10437,Edgerton,,Wi,UNKNOWN
GGLOC-10438,Crane,,In,UNKNOWN
GGLOC-10439,Hopewell,,Va,UNKNOWN
GGLOC-10440,Falmouth,,Me,UNKNOWN
GGLOC-10441,Mandaluyong,,Ph,UNKNOWN
GGLOC-10442,Of Herat,,,UNKNOWN
GGLOC-10443,Woodland,,Ca,UNKNOWN
GGLOC-10444,Bergenfield,,Nj,UNKNOWN
GGLOC-10445,Boerne,,Tx,UNKNOWN
GGLOC-10446,Shangri-La (Zhongdian),,China,UNKNOWN
GGLOC-10447,Utah County,,Ut,UNKNOWN
GGLOC-10448,Calico Rock,,Ar,UNKNOWN
GGLOC-10449,Oswego,,Il,UNKNOWN
GGLOC-10450,Pope Afb,,Nc,UNKNOWN
GGLOC-10451,Chicago-Il,,,UNKNOWN
GGLOC-10452,Dania,,Fl,UNKNOWN
GGLOC-10453,Seven Springs,,Pa,UNKNOWN
GGLOC-10454,Falling Waters,,Wv,UNKNOWN
GGLOC-10455,Tewksberry,,Ma,UNKNOWN
GGLOC-10456,Madhapur - In,,,UNKNOWN
GGLOC-10457,Reston,,Tx,UNKNOWN
GGLOC-10458,Rio De Janeiro,,,UNKNOWN
GGLOC-10459,Georgetown,,Il,UNKNOWN
GGLOC-10460,Mysql Server 5.1/5.5/5.6,,Mongo Db,UNKNOWN
GGLOC-10461,Phillipsburg,,Nj,UNKNOWN
GGLOC-10462,Dallas Tx/Las Vegas Nv,,,UNKNOWN
GGLOC-10463,Us (Cloud Sales And Sa Team),,,UNKNOWN
GGLOC-10464,Mount View,,Wi,UNKNOWN
GGLOC-10465,French Lick,,In,UNKNOWN
GGLOC-10466,Wasilla,,Ak,UNKNOWN
GGLOC-10467,Swansea,,Il,UNKNOWN
GGLOC-10468,Bishop,,Ca,UNKNOWN
GGLOC-10469,Monroe,,Ia,UNKNOWN
GGLOC-10470,Tampabay,,Fl,UNKNOWN
GGLOC-10471,Columbus,,Florida,UNKNOWN
GGLOC-10472,North Logan,,Ut,UNKNOWN
GGLOC-10473,Sandwich,,Ma,UNKNOWN
GGLOC-10474,East Moline,,Il,UNKNOWN
GGLOC-10475,Banglore,,In,UNKNOWN
GGLOC-10476,Udairi Landing Zone,,Camp Buehring,UNKNOWN
GGLOC-10477,Redmond,,Usa,UNKNOWN
GGLOC-10478,Mauritania,,,UNKNOWN
GGLOC-10479,Mather,,Ca,UNKNOWN
GGLOC-10480,Vine Grove,,Ky,UNKNOWN
GGLOC-10481,Wallops Island,,Va,UNKNOWN
GGLOC-10482,Bolling Afb,,,UNKNOWN
GGLOC-10483,Morgan City,,La,UNKNOWN
GGLOC-10484,Emerson Climate Technology,,,UNKNOWN
GGLOC-10485,Mcdonough,,Ga,UNKNOWN
GGLOC-10486,Www.Orange.Cm,,,UNKNOWN
GGLOC-10487,Washington,,Wash. Dc,UNKNOWN
GGLOC-10488,Aberdeen,,Md,UNKNOWN
GGLOC-10489,Charlote,,Nc,UNKNOWN
GGLOC-10490,Viet Nam,,,UNKNOWN
GGLOC-10491,Township Of Jackson,,Nj,UNKNOWN
GGLOC-10492,Supporting Wright Patterson Afb,,,UNKNOWN
GGLOC-10493,Heartland,,Tx,UNKNOWN
GGLOC-10494,Manvel,,Tx,UNKNOWN
GGLOC-10495,Cranberry Twp.,,Pa,UNKNOWN
GGLOC-10496,Abu-Dhabi,,Ae,UNKNOWN
GGLOC-10497,Sausalito,,Ca,UNKNOWN
GGLOC-10498,Hot Springs National Park,,Ar,UNKNOWN
GGLOC-10499,Vilnius,,,UNKNOWN
GGLOC-10500,Queens Village,,Ny,UNKNOWN
GGLOC-10501,Prince George'S Courthouse,,And Sheriff Dept,UNKNOWN
GGLOC-10502,Carencro,,La,UNKNOWN
GGLOC-10503,Sylvan Lake,,Mi,UNKNOWN
GGLOC-10504,St. Louis,,Mo (Remote),UNKNOWN
GGLOC-10505,Chestnut Ridge,,Ny,UNKNOWN
GGLOC-10506,Des Moines,,Iowa,UNKNOWN
GGLOC-10507,Abss,,,UNKNOWN
GGLOC-10508,Beaverton,,Us,UNKNOWN
GGLOC-10509,Hallsville,,Tx,UNKNOWN
GGLOC-10510,Studio City,,Ca,UNKNOWN
GGLOC-10511,Cpa,,Md,UNKNOWN
GGLOC-10512,Hoffman Estate,,Il,UNKNOWN
GGLOC-10513,Regional Project For Development Of Young Peoples Programming Skills In The Areas Of: Tešanj,,In Cooperation With Their Municipalities.,UNKNOWN
GGLOC-10514,Michigan City,,In,UNKNOWN
GGLOC-10515,West Nyack,,Ny,UNKNOWN
GGLOC-10516,South Norwalk,,Ct,UNKNOWN
GGLOC-10517,Alameda,,Ca,UNKNOWN
GGLOC-10518,Peckville,,Pa,UNKNOWN
GGLOC-10519,Waialua,,Hi,UNKNOWN
GGLOC-10520,Denham Springs,,La,UNKNOWN
GGLOC-10521,Holladay,,Ut,UNKNOWN
GGLOC-10522,February 2016 To February 2017,,,UNKNOWN
GGLOC-10523,Vail,,Co,UNKNOWN
GGLOC-10524,Lincoln City,,Or,UNKNOWN
GGLOC-10525,Marshall'S Creek,,Pa,UNKNOWN
GGLOC-10526,Milburn,,Nj,UNKNOWN
GGLOC-10527,Koluszki,,Łódzkie,UNKNOWN
GGLOC-10528,Overland Park,,Ks 66210,UNKNOWN
GGLOC-10529,Cambridge Springs,,Pa,UNKNOWN
GGLOC-10530,Everett,,Ma,UNKNOWN
GGLOC-10531,Raleigh - Durham,,Nc,UNKNOWN
GGLOC-10532,Belgium,,Wi,UNKNOWN
GGLOC-10533,North,,Us,UNKNOWN
GGLOC-10534,Ruckersville,,Va,UNKNOWN
GGLOC-10535,West Falmouth,,Ma,UNKNOWN
GGLOC-10536,Faislabad,,,UNKNOWN
GGLOC-10537,Glenn Burnie,,Md,UNKNOWN
GGLOC-10538,Apex,,Nc,UNKNOWN
GGLOC-10539,Anaheim,,,UNKNOWN
GGLOC-10540,South Jordan,,Ut,UNKNOWN
GGLOC-10541,Seymour,,Ct,UNKNOWN
GGLOC-10542,San Ramon,,Ca 94583,UNKNOWN
GGLOC-10543,Andrews Afb,,Md,UNKNOWN
GGLOC-10544,Fort Belvoir,,,UNKNOWN
GGLOC-10545,Milford,,Nj,UNKNOWN
GGLOC-10546,Pennsylvania,,Usa,UNKNOWN
GGLOC-10547,Reseda,,Ca,UNKNOWN
GGLOC-10548,Moncks Corner,,Sc,UNKNOWN
GGLOC-10549,Software Development: Innovative Solutions For Hospitals,,And Emergency Care,UNKNOWN
GGLOC-10550,South Pacific,,,UNKNOWN
GGLOC-10551,Maclean,,Virginia,UNKNOWN
GGLOC-10552,Charlotte,,Nc Usa,UNKNOWN
GGLOC-10553,Makawao,,Hi,UNKNOWN
GGLOC-10554,Geometric Ltd,,India,UNKNOWN
GGLOC-10555,Erlanger,,In),UNKNOWN
GGLOC-10556,Luxembourg,,,UNKNOWN
GGLOC-10557,Palm Springs,,Ca,UNKNOWN
GGLOC-10558,Eastham,,Ma,UNKNOWN
GGLOC-10559,Saddle Brook,,Nj,UNKNOWN
GGLOC-10560,Stafford,,Virginia,UNKNOWN
GGLOC-10561,Mableton,,Ga,UNKNOWN
GGLOC-10562,Riverside,,Mo,UNKNOWN
GGLOC-10563,Bruxelles,,Belgium,UNKNOWN
GGLOC-10564,Byrdstown,,Tn,UNKNOWN
GGLOC-10565,Puerto Ordaz,,Venezuela,UNKNOWN
GGLOC-10566,Victor,,Ny,UNKNOWN
GGLOC-10567,Harrisburg,,Us,UNKNOWN
GGLOC-10568,Southern California,,Multiple Locations,UNKNOWN
GGLOC-10569,Nyc,,,UNKNOWN
GGLOC-10570,Adsl (Cisco) Routers Us,,,UNKNOWN
GGLOC-10571,Haslet,,Tx,UNKNOWN
GGLOC-10572,Seatt Plaza Maryland,,,UNKNOWN
GGLOC-10573,U.S. Marine Corps Central Command Kingdom Of Bahrain,,,UNKNOWN
GGLOC-10574,Muhlenberg,,Pa,UNKNOWN
GGLOC-10575,Hampton,,Us,UNKNOWN
GGLOC-10576,Heidelberg,,De,UNKNOWN
GGLOC-10577,Sc,,,UNKNOWN
GGLOC-10578,Camp Mike Span (Afghanistan),,,UNKNOWN
GGLOC-10579,Greenwood,,In,UNKNOWN
GGLOC-10580,Watford City,,Nd,UNKNOWN
GGLOC-10581,Brookfield,,Oh,UNKNOWN
GGLOC-10582,Brookville,,Pa,UNKNOWN
GGLOC-10583,Regent University,,,UNKNOWN
GGLOC-10584,Cottondale,,Al,UNKNOWN
GGLOC-10585,Long Island Jersey City,,Nj,UNKNOWN
GGLOC-10586,Camp Arifjan,,Ga,UNKNOWN
GGLOC-10587,Gilbertsville,,Pa,UNKNOWN
GGLOC-10588,Central Falls,,Ri,UNKNOWN
GGLOC-10589,Lawrence,,Ma,UNKNOWN
GGLOC-10590,Kirtland Afb,,Nm,UNKNOWN
GGLOC-10591,3/F,,#5 West Capitol Drive Cor. San Rafael St. Philippines,UNKNOWN
GGLOC-10592,Franklin,,Tn,UNKNOWN
GGLOC-10593,Wantage,,Nj,UNKNOWN
GGLOC-10594,Ahmadabad - Gujarat,,In,UNKNOWN
GGLOC-10595,Fort Leonard Wood,,Mo,UNKNOWN
GGLOC-10596,Avon,,Ct,UNKNOWN
GGLOC-10597,Mclean,,Virginia,UNKNOWN
GGLOC-10598,Az,,,UNKNOWN
GGLOC-10599,San Diego,,Carabobo,UNKNOWN
GGLOC-10600,Ashley,,In,UNKNOWN
GGLOC-10601,Lauderdale,,Fl,UNKNOWN
GGLOC-10602,Marlboro,,Ma,UNKNOWN
GGLOC-10603,Windsor Mill,,Md,UNKNOWN
GGLOC-10604,Bethlehem,,Ga,UNKNOWN
GGLOC-10605,Nadiad,,In,UNKNOWN
GGLOC-10606,Pearl River,,Ny,UNKNOWN
GGLOC-10607,Ft. Bliss,,Tx,UNKNOWN
GGLOC-10608,Sunny Isles Beach,,Fl,UNKNOWN
GGLOC-10609,San Carlos,,Ca,UNKNOWN
GGLOC-10610,Forest Grove,,Or,UNKNOWN
GGLOC-10611,Madisonville,,Ky,UNKNOWN
GGLOC-10612,Remote Support,,,UNKNOWN
GGLOC-10613,Desmoines,,Ia,UNKNOWN
GGLOC-10614,Kanosh,,Ut,UNKNOWN
GGLOC-10615,Mazir-E-Sharif,,Af,UNKNOWN
GGLOC-10616,Mayfield,,Oh,UNKNOWN
GGLOC-10617,San Antonio,,Texas,UNKNOWN
GGLOC-10618,Jp,,,UNKNOWN
GGLOC-10619,Vergennes,,Vt,UNKNOWN
GGLOC-10620,Hamilton Square,,Nj,UNKNOWN
GGLOC-10621,Watertown,,Wi,UNKNOWN
GGLOC-10622,Maplewood,,Mn,UNKNOWN
GGLOC-10623,Contract To The American Petroleum Institute,,,UNKNOWN
GGLOC-10624,Columbia City,,In,UNKNOWN
GGLOC-10625,Chelsea,,Ma,UNKNOWN
GGLOC-10626,Temecula,,Ca,UNKNOWN
GGLOC-10627,Choctaw,,Ms,UNKNOWN
GGLOC-10628,Troy,,Us,UNKNOWN
GGLOC-10629,In Support Of Us Army Peoc3T,,,UNKNOWN
GGLOC-10630,91331,,,UNKNOWN
GGLOC-10631,La Mesa,,,UNKNOWN
GGLOC-10632,Yongsan,,,UNKNOWN
GGLOC-10633,Los Angeles,,California,UNKNOWN
GGLOC-10634,Decatur,,In,UNKNOWN
GGLOC-10635,Virginia,,Md,UNKNOWN
GGLOC-10636,Hubert,,Nc,UNKNOWN
GGLOC-10637,New Jersey - Jersey City,,Nj,UNKNOWN
GGLOC-10638,Bartlett,,Il,UNKNOWN
GGLOC-10639,Quezon City,,,UNKNOWN
GGLOC-10640,Kirtland Air Force Base - Albuquerque,,Nm,UNKNOWN
GGLOC-10641,Orleans,,Ma,UNKNOWN
GGLOC-10642,Kearneysvillie,,Us,UNKNOWN
GGLOC-10643,Varadero,,Cuba,UNKNOWN
GGLOC-10644,Albany,,Or,UNKNOWN
GGLOC-10645,Us (Remotely),,,UNKNOWN
GGLOC-10646,Moraine,,Ohio,UNKNOWN
GGLOC-10647,Dahlonega,,Ga,UNKNOWN
GGLOC-10648,Portsmouth - Va,,,UNKNOWN
GGLOC-10649,Doj/Fbi,,,UNKNOWN
GGLOC-10650,Southlake,,Us,UNKNOWN
GGLOC-10651,Key Largo,,Fl,UNKNOWN
GGLOC-10652,Shelby Twp,,Mi,UNKNOWN
GGLOC-10653,July 2000 To October 2000,,,UNKNOWN
GGLOC-10654,West - Lake,,Us,UNKNOWN
GGLOC-10655,South Pittsburg,,Tn,UNKNOWN
GGLOC-10656,South Luzon Area,,,UNKNOWN
GGLOC-10657,Keys Service Corps Americorps - Pittsburgh,,Pa,UNKNOWN
GGLOC-10658,Boston Area,,,UNKNOWN
GGLOC-10659,Liberty Corner,,Nj,UNKNOWN
GGLOC-10660,Healthcare It,,,UNKNOWN
GGLOC-10661,101St Air Operations Group,,,UNKNOWN
GGLOC-10662,Denver,,Us,UNKNOWN
GGLOC-10663,Chesterfield,,Mi,UNKNOWN
GGLOC-10664,Neptune City,,Nj,UNKNOWN
GGLOC-10665,India/Plano Tx Usa,,,UNKNOWN
GGLOC-10666,Verona,,Wi,UNKNOWN
GGLOC-10667,North Kansas City,,,UNKNOWN
GGLOC-10668,Carlsbad,,Ca,UNKNOWN
GGLOC-10669,Roseburg,,Or,UNKNOWN
GGLOC-10670,Stroudsburg,,Pa,UNKNOWN
GGLOC-10671,Deer Park,,Ny,UNKNOWN
GGLOC-10672,Manatí,,Pr,UNKNOWN
GGLOC-10673,University Of Minnesota,,,UNKNOWN
GGLOC-10674,Herndon,,Md,UNKNOWN
GGLOC-10675,Va Richmond,,Va,UNKNOWN
GGLOC-10676,Lutherville-Timonium,,Md,UNKNOWN
GGLOC-10677,Monticello,,In,UNKNOWN
GGLOC-10678,Los Angeles,,Usa,UNKNOWN
GGLOC-10679,Desplaines,,Il,UNKNOWN
GGLOC-10680,Jackson Ville,,Fl,UNKNOWN
GGLOC-10681,Teterboro,,Nj,UNKNOWN
GGLOC-10682,Belmont,,Ma,UNKNOWN
GGLOC-10683,Phelps,,Ny,UNKNOWN
GGLOC-10684,Tucscon,,Arizona,UNKNOWN
GGLOC-10685,Long Island City,,,UNKNOWN
GGLOC-10686,Contracted Through Hays,,,UNKNOWN
GGLOC-10687,Northglenn,,Co 80233,UNKNOWN
GGLOC-10688,Fincen It Modernization Project,,,UNKNOWN
GGLOC-10689,Dammam,,Saudi Arabia,UNKNOWN
GGLOC-10690,Chandler,,Ok,UNKNOWN
GGLOC-10691,Telecom,,,UNKNOWN
GGLOC-10692,Kenedy,,Tx,UNKNOWN
GGLOC-10693,Wilson,,Nc,UNKNOWN
GGLOC-10694,Los Banos,,Ca,UNKNOWN
GGLOC-10695,Estell Manor,,Nj,UNKNOWN
GGLOC-10696,Claxton,,Ga,UNKNOWN
GGLOC-10697,Lake Ozark,,Mo,UNKNOWN
GGLOC-10698,Islambad,,,UNKNOWN
GGLOC-10699,Ipswich,,,UNKNOWN
GGLOC-10700,Saint Augustine,,Fl,UNKNOWN
GGLOC-10701,Owings Mills,,,UNKNOWN
GGLOC-10702,State Of Colorado-Governor'S Office Of Information Technology,,,UNKNOWN
GGLOC-10703,Morris Plains,,Nj,UNKNOWN
GGLOC-10704,Beech Island,,Sc,UNKNOWN
GGLOC-10705,Grape Creek,,Tx,UNKNOWN
GGLOC-10706,Tuba City,,Az,UNKNOWN
GGLOC-10707,Grand Haven,,Mi,UNKNOWN
GGLOC-10708,Pleasant Grove,,Ut,UNKNOWN
GGLOC-10709,Irvington,,Nj,UNKNOWN
GGLOC-10710,Florahm - Park,,Us,UNKNOWN
GGLOC-10711,Eagan,,Mn,UNKNOWN
GGLOC-10712,Monterrey N.L. Mexico,,,UNKNOWN
GGLOC-10713,Lake Geauga Computer Association - Concord,,Oh,UNKNOWN
GGLOC-10714,Las Piñas,,,UNKNOWN
GGLOC-10715,Alpine,,Ca,UNKNOWN
GGLOC-10716,Baytown,,Tx,UNKNOWN
GGLOC-10717,Cass Lake,,Mn,UNKNOWN
GGLOC-10718,Maryland,,Usa,UNKNOWN
GGLOC-10719,Jenkins Township,,Pa,UNKNOWN
GGLOC-10720,Conneautville,,Pa,UNKNOWN
GGLOC-10721,Camp Atterbury,,,UNKNOWN
GGLOC-10722,Crystal River,,Fl,UNKNOWN
GGLOC-10723,Mount Vernon,,Ny,UNKNOWN
GGLOC-10724,Medina,,Mn,UNKNOWN
GGLOC-10725,Township Of Liberty,,Oh,UNKNOWN
GGLOC-10726,Culver,,Ca,UNKNOWN
GGLOC-10727,Jacksonville,,Florida,UNKNOWN
GGLOC-10728,Algiers,,Algeria,UNKNOWN
GGLOC-10729,Corinth,,Ms,UNKNOWN
GGLOC-10730,Aguascalientes,,Ags.,UNKNOWN
GGLOC-10731,Agoura Hills,,Ca,UNKNOWN
GGLOC-10732,Corte Madera,,Ca,UNKNOWN
GGLOC-10733,Friday Harbor,,Wa,UNKNOWN
GGLOC-10734,Camden And Moorestown,,Nj,UNKNOWN
GGLOC-10735,Oahu Island,,Hi,UNKNOWN
GGLOC-10736,Guam / Korea,,Oconus,UNKNOWN
GGLOC-10737,Hpux,,,UNKNOWN
GGLOC-10738,Lorain,,Oh,UNKNOWN
GGLOC-10739,Watervliet,,Ny,UNKNOWN
GGLOC-10740,Newton,,Ia,UNKNOWN
GGLOC-10741,Lawrence,,In,UNKNOWN
GGLOC-10742,Northern Ohio,,,UNKNOWN
GGLOC-10743,Fletcher,,Nc,UNKNOWN
GGLOC-10744,Corry,,Pa,UNKNOWN
GGLOC-10745,Orange,,Va,UNKNOWN
GGLOC-10746,Saskatoon,,Sk,UNKNOWN
GGLOC-10747,Saint Albans,,Vt,UNKNOWN
GGLOC-10748,Lagrange,,Ky,UNKNOWN
GGLOC-10749,Charter Oak,,Ca,UNKNOWN
GGLOC-10750,Laurens,,Sc,UNKNOWN
GGLOC-10751,Cedar Rapids,,,UNKNOWN
GGLOC-10752,San Tan Valley,,Az,UNKNOWN
GGLOC-10753,Menomonee Falls,,Wi,UNKNOWN
GGLOC-10754,Ki Sawyer Afb,,,UNKNOWN
GGLOC-10755,Rm. 301 Atdrmam Bldg. It Back Office Support Mataas Na Lupa,,Lipa City,UNKNOWN
GGLOC-10756,Clients: Ibm,,Bmo,UNKNOWN
GGLOC-10757,Manama,,Bahrain,UNKNOWN
GGLOC-10758,Derwood,,Md,UNKNOWN
GGLOC-10759,Simsboro,,La,UNKNOWN
GGLOC-10760,New Jersey Wildlife And Game Refuge,,Nj,UNKNOWN
GGLOC-10761,Grand Blanc,,Mi,UNKNOWN
GGLOC-10762,Sugar Land,,Tx,UNKNOWN
GGLOC-10763,Spencer,,Ia,UNKNOWN
GGLOC-10764,Kingsville,,Va,UNKNOWN
GGLOC-10765,Mansfield,,La,UNKNOWN
GGLOC-10766,Libertyville,,Il,UNKNOWN
GGLOC-10767,St. Clair County,,,UNKNOWN
GGLOC-10768,Clark,,Nj,UNKNOWN
GGLOC-10769,Shakopee,,Mn,UNKNOWN
GGLOC-10770,Fort Worth,,Usa,UNKNOWN
GGLOC-10771,Hanscom Afb North Chelmsford,,Ma,UNKNOWN
GGLOC-10772,Nj Sayreville,,Nj,UNKNOWN
GGLOC-10773,Nj Usa,,,UNKNOWN
GGLOC-10774,Canton,,Nc 28801,UNKNOWN
GGLOC-10775,Boulder,,,UNKNOWN
GGLOC-10776,Ilwaco,,Wa,UNKNOWN
GGLOC-10777,Tetovo,,Mk,UNKNOWN
GGLOC-10778,Charlotte,,Us,UNKNOWN
GGLOC-10779,Columbus,,Ohio,UNKNOWN
GGLOC-10780,Salisbury Nc - Springfield,,Il,UNKNOWN
GGLOC-10781,District 5,,Ho Chi Minh,UNKNOWN
GGLOC-10782,Oceano,,Ca,UNKNOWN
GGLOC-10783,Madisonville,,La,UNKNOWN
GGLOC-10784,Orange,,Us,UNKNOWN
GGLOC-10785,San Diego,,Tx,UNKNOWN
GGLOC-10786,Copenhagen,,Denmark,UNKNOWN
GGLOC-10787,Sand City,,Ca,UNKNOWN
GGLOC-10788,Iowa City,,Iowa,UNKNOWN
GGLOC-10789,Marlboro,,Ny,UNKNOWN
GGLOC-10790,Moseley,,Va,UNKNOWN
GGLOC-10791,Ambridge,,Pa,UNKNOWN
GGLOC-10792,Software Development: Innovative Web-Based Solutions For Hospitals & Healthcare Staffing Agencies,,,UNKNOWN
GGLOC-10793,Jeffersonville,,Ca,UNKNOWN
GGLOC-10794,Cassopolis,,Mi,UNKNOWN
GGLOC-10795,Florida,,Fl,UNKNOWN
GGLOC-10796,South Africa - Za,,,UNKNOWN
GGLOC-10797,Calicut,,,UNKNOWN
GGLOC-10798,Laurel Springs,,Nj,UNKNOWN
GGLOC-10799,Md/Dc,,,UNKNOWN
GGLOC-10800,Fallon,,Nv,UNKNOWN
GGLOC-10801,Port Saint Joe,,Fl,UNKNOWN
GGLOC-10802,San Mateo,,Us,UNKNOWN
GGLOC-10803,Plata,,Md,UNKNOWN
GGLOC-10804,Lansing,,Ks,UNKNOWN
GGLOC-10805,Kohler,,Wi,UNKNOWN
GGLOC-10806,Eindhoven,,Nl,UNKNOWN
GGLOC-10807,Santa Barbara County,,Ca,UNKNOWN
GGLOC-10808,Camp Walker South Korea,,,UNKNOWN
GGLOC-10809,Alpine,,Ut,UNKNOWN
GGLOC-10810,Temple City,,Ca,UNKNOWN
GGLOC-10811,Pentagon,,Us,UNKNOWN
GGLOC-10812,National Insurance,,,UNKNOWN
GGLOC-10813,Hangzhou,,China,UNKNOWN
GGLOC-10814,Little Egg Harbor,,Nj,UNKNOWN
GGLOC-10815,Ridley Park,,Pa,UNKNOWN
GGLOC-10816,August 2017 To July 2018,,,UNKNOWN
GGLOC-10817,Leonia,,Nj,UNKNOWN
GGLOC-10818,Bath,,Pa,UNKNOWN
GGLOC-10819,Hrsa,,,UNKNOWN
GGLOC-10820,Ronkonkoma,,Ny,UNKNOWN
GGLOC-10821,Linux,,,UNKNOWN
GGLOC-10822,Guttenberg,,Nj,UNKNOWN
GGLOC-10823,San Diego,,Venezuela,UNKNOWN
GGLOC-10824,Murrysville,,Pa,UNKNOWN
GGLOC-10825,Lewistown,,Mt,UNKNOWN
GGLOC-10826,Chesterfield,,Mo,UNKNOWN
GGLOC-10827,Lynn Haven,,Fl,UNKNOWN
GGLOC-10828,Rowlett,,Tx,UNKNOWN
GGLOC-10829,Mint Hill,,Nc,UNKNOWN
GGLOC-10830,Coral Spring,,Fl,UNKNOWN
GGLOC-10831,West Richland,,Wa,UNKNOWN
GGLOC-10832,Allen Town,,,UNKNOWN
GGLOC-10833,Carry,,Nc,UNKNOWN
GGLOC-10834,Orange County Ca,,90620,UNKNOWN
GGLOC-10835,It & Computers,,Information Technology,UNKNOWN
GGLOC-10836,Stamford,,Us,UNKNOWN
GGLOC-10837,Grenville,,Sd,UNKNOWN
GGLOC-10838,Willington,,Oh,UNKNOWN
GGLOC-10839,Milipitas - San Jose,,Ca,UNKNOWN
GGLOC-10840,San Juan Ocotan Zapopan Jalisco,,,UNKNOWN
GGLOC-10841,Grovetown,,Ga,UNKNOWN
GGLOC-10842,Rome,,It,UNKNOWN
GGLOC-10843,Brentwood,,Mo,UNKNOWN
GGLOC-10844,Waste Management Inc,,,UNKNOWN
GGLOC-10845,Healthcare: Urgent & Primary Care Services Acquisitions,,,UNKNOWN
GGLOC-10846,Praia,,Cv,UNKNOWN
GGLOC-10847,Duncansville,,Pa,UNKNOWN
GGLOC-10848,Tulsa,,Mo,UNKNOWN
GGLOC-10849,Salem,,Nj,UNKNOWN
GGLOC-10850,Yorba Linda,,Ca,UNKNOWN
GGLOC-10851,Irving,,Us,UNKNOWN
GGLOC-10852,J P Morgan Chase,,,UNKNOWN
GGLOC-10853,Banorte Insurance,,,UNKNOWN
GGLOC-10854,Morrison,,Co,UNKNOWN
GGLOC-10855,Cumberland,,Ga,UNKNOWN
GGLOC-10856,East Norriton,,Pa,UNKNOWN
GGLOC-10857,Farmington,,Mi,UNKNOWN
GGLOC-10858,Hillside,,Il,UNKNOWN
GGLOC-10859,Sellersville,,Pa,UNKNOWN
GGLOC-10860,Milford,,Pa,UNKNOWN
GGLOC-10861,Baltimore,,,UNKNOWN
GGLOC-10862,Austin,,,UNKNOWN
GGLOC-10863,Riceboro,,Ga,UNKNOWN
GGLOC-10864,Letchworth,,United Kingdom,UNKNOWN
GGLOC-10865,Key West,,Fl,UNKNOWN
GGLOC-10866,Pittsburg,,Pa,UNKNOWN
GGLOC-10867,Hudson,,Fl,UNKNOWN
GGLOC-10868,Reno,,Oh,UNKNOWN
GGLOC-10869,Englewood Cliffs,,New Jersey,UNKNOWN
GGLOC-10870,Del City,,Ok,UNKNOWN
GGLOC-10871,Lakeforest,,Ca,UNKNOWN
GGLOC-10872,Fort Lee,,Nj,UNKNOWN
GGLOC-10873,Berryville,,Va,UNKNOWN
GGLOC-10874,91304,,,UNKNOWN
GGLOC-10875,Af,,,UNKNOWN
GGLOC-10876,Seward,,Ne,UNKNOWN
GGLOC-10877,Dialysis Machines Holmes,,Pa,UNKNOWN
GGLOC-10878,Microsoft - Redmond,,Wa,UNKNOWN
GGLOC-10879,Tw,,,UNKNOWN
GGLOC-10880,Clifton Heights,,Pa,UNKNOWN
GGLOC-10881,Springfield,,Ky,UNKNOWN
GGLOC-10882,Belmont,,Nc,UNKNOWN
GGLOC-10883,Titusville,,Nj,UNKNOWN
GGLOC-10884,Frankfort,,In,UNKNOWN
GGLOC-10885,Issaquah,,Wa,UNKNOWN
GGLOC-10886,Ballard,,Wa,UNKNOWN
GGLOC-10887,Newland,,Nc,UNKNOWN
GGLOC-10888,Richland Hills,,Tx,UNKNOWN
GGLOC-10889,Mortgage Product Switch,,,UNKNOWN
GGLOC-10890,Santa Cruz,,,UNKNOWN
GGLOC-10891,Maplewood,,Nj,UNKNOWN
GGLOC-10892,Westminster,,Ma,UNKNOWN
GGLOC-10893,Will County,,,UNKNOWN
GGLOC-10894,Greenacres,,Wa,UNKNOWN
GGLOC-10895,Hilton Head Island,,Sc,UNKNOWN
GGLOC-10896,Tiburon,,Ca,UNKNOWN
GGLOC-10897,Sfo,,Ca,UNKNOWN
GGLOC-10898,Cambria Heights,,Us,UNKNOWN
GGLOC-10899,Washington Dc,,,UNKNOWN
GGLOC-10900,Papillion,,Ne,UNKNOWN
GGLOC-10901,Columbus,,Nm,UNKNOWN
GGLOC-10902,Westerville,,Oh 43081,UNKNOWN
GGLOC-10903,Jm,,,UNKNOWN
GGLOC-10904,Oak Harbor,,Washington,UNKNOWN
GGLOC-10905,North Arlington,,Nj,UNKNOWN
GGLOC-10906,Felix Infomatix - India,,,UNKNOWN
GGLOC-10907,Hurlburt Field,,Fl,UNKNOWN
GGLOC-10908,The Standard,,,UNKNOWN
GGLOC-10909,Ft George C. Meade,,Md,UNKNOWN
GGLOC-10910,Ok Jersey City,,Nj,UNKNOWN
GGLOC-10911,Jo,,,UNKNOWN
GGLOC-10912,Samarkand,,,UNKNOWN
GGLOC-10913,Libya,,,UNKNOWN
GGLOC-10914,Karnack,,Tx,UNKNOWN
GGLOC-10915,Lori,,Uttar Pradesh,UNKNOWN
GGLOC-10916,Germany,,Japan And Utah,UNKNOWN
GGLOC-10917,Coventry,,Ri,UNKNOWN
GGLOC-10918,Pamplona,,Navarra Provincia,UNKNOWN
GGLOC-10919,Lindale,,Tx,UNKNOWN
GGLOC-10920,Sterling Height,,Mi,UNKNOWN
GGLOC-10921,Maricopa,,Az,UNKNOWN
GGLOC-10922,Batelco,,Bahrain,UNKNOWN
GGLOC-10923,Fort Dix,,Nj,UNKNOWN
GGLOC-10924,Muskego,,Wi,UNKNOWN
GGLOC-10925,Arvin,,Ca,UNKNOWN
GGLOC-10926,Guilderland,,Ny,UNKNOWN
GGLOC-10927,Chippewa Falls,,Wi,UNKNOWN
GGLOC-10928,Jackson,,Oh,UNKNOWN
GGLOC-10929,Harvest,,Al,UNKNOWN
GGLOC-10930,Mercedes,,Tx,UNKNOWN
GGLOC-10931,Earth City,,Mo,UNKNOWN
GGLOC-10932,West Bend,,Wi,UNKNOWN
GGLOC-10933,Westampton,,Nj,UNKNOWN
GGLOC-10934,Fruitland,,Md,UNKNOWN
GGLOC-10935,West,,Us,UNKNOWN
GGLOC-10936,Scotch Plains,,Nj,UNKNOWN
GGLOC-10937,Harvard University - Cambridge,,Ma,UNKNOWN
GGLOC-10938,Makati,,Ph,UNKNOWN
GGLOC-10939,Tank And Automotive Research Development And Engineering Center (Tardec),,,UNKNOWN
GGLOC-10940,Islandia,,,UNKNOWN
GGLOC-10941,Stephens City,,Va,UNKNOWN
GGLOC-10942,Grove City,,Oh,UNKNOWN
GGLOC-10943,Bay Shore,,Ny,UNKNOWN
GGLOC-10944,Rio De Janeiro,,Brazil,UNKNOWN
GGLOC-10945,Madera,,Ca,UNKNOWN
GGLOC-10946,Ubonrachthani,,Thailand,UNKNOWN
GGLOC-10947,Nijkerk,,,UNKNOWN
GGLOC-10948,Mphasis Ltd,,India,UNKNOWN
GGLOC-10949,Hsinchu,,,UNKNOWN
GGLOC-10950,Franklin,,Nc,UNKNOWN
GGLOC-10951,Arlington Height,,Il,UNKNOWN
GGLOC-10952,Abuja Nigeria,,,UNKNOWN
GGLOC-10953,Brazoria,,Tx,UNKNOWN
GGLOC-10954,Mission,,Ks,UNKNOWN
GGLOC-10955,Bedford,,Pa,UNKNOWN
GGLOC-10956,Ind,,,UNKNOWN
GGLOC-10957,Somerset,,Wi,UNKNOWN
GGLOC-10958,Miaoli,,,UNKNOWN
GGLOC-10959,Quito,,Ec,UNKNOWN
GGLOC-10960,Brooklyn Park,,Minnesota,UNKNOWN
GGLOC-10961,Summit,,Il,UNKNOWN
GGLOC-10962,Muscle Shoals,,Al,UNKNOWN
GGLOC-10963,South Deerfield,,Ma,UNKNOWN
GGLOC-10964,Johnson City,,Ny,UNKNOWN
GGLOC-10965,Queretaro,,Mexico,UNKNOWN
GGLOC-10966,Nc,,Ca And Fl,UNKNOWN
GGLOC-10967,South Hackensack,,Nj,UNKNOWN
GGLOC-10968,Gig Harbor,,Wa,UNKNOWN
GGLOC-10969,Miramar Beach,,Fl,UNKNOWN
GGLOC-10970,Nas Oceana,,Va,UNKNOWN
GGLOC-10971,Detroit Lakes,,Mn,UNKNOWN
GGLOC-10972,Topton,,Pa,UNKNOWN
GGLOC-10973,Lv,,Nv,UNKNOWN
GGLOC-10974,Twin Cities Metro,,Mn,UNKNOWN
GGLOC-10975,Livingston,,Tx,UNKNOWN
GGLOC-10976,Remote Contract,,,UNKNOWN
GGLOC-10977,Harleton,,Tx,UNKNOWN
GGLOC-10978,Hyberabad,,India,UNKNOWN
GGLOC-10979,Hertfordshire,,United Kingdom,UNKNOWN
GGLOC-10980,Oakwood,,Va,UNKNOWN
GGLOC-10981,East Bernstadt,,Ky,UNKNOWN
GGLOC-10982,Wellington,,Co,UNKNOWN
GGLOC-10983,Fort Stewart,,Ga,UNKNOWN
GGLOC-10984,Orange County,,Us,UNKNOWN
GGLOC-10985,Saas,,Nv,UNKNOWN
GGLOC-10986,Cranberry Township,,Pa,UNKNOWN
GGLOC-10987,Holden,,Ma,UNKNOWN
GGLOC-10988,Middleboro,,Ma,UNKNOWN
GGLOC-10989,Faridabad,,Haryana,UNKNOWN
GGLOC-10990,Southgate,,Mi,UNKNOWN
GGLOC-10991,National Defense University/Joint Forces Staff College,,,UNKNOWN
GGLOC-10992,Cortlandt Manor,,Ny,UNKNOWN
GGLOC-10993,Kennebunkport,,Me,UNKNOWN
GGLOC-10994,Potomac Falls,,Va,UNKNOWN
GGLOC-10995,Twentynine Palms Marine Corps Base,,Ca,UNKNOWN
GGLOC-10996,Burbank,,Ca 91505,UNKNOWN
GGLOC-10997,Dudley,,,UNKNOWN
GGLOC-10998,Sedalia,,Mo,UNKNOWN
GGLOC-10999,Ndc Nashville,,Tn,UNKNOWN
GGLOC-11000,Reporting To The Executive Vice President And Chief Information Officer (Cio),,,UNKNOWN
GGLOC-11001,Reston,,Virginia,UNKNOWN
GGLOC-11002,Pacoima,,Ca,UNKNOWN
GGLOC-11003,Leverkusen,,De,UNKNOWN
GGLOC-11004,Cerco Ict,,,UNKNOWN
GGLOC-11005,Chicago Il/Stamford,,Ct,UNKNOWN
GGLOC-11006,Topoľčany (Slovakia),,,UNKNOWN
GGLOC-11007,Greenbrae,,Ca,UNKNOWN
GGLOC-11008,Pyeongtaek,,Korea,UNKNOWN
GGLOC-11009,Fort Meade,,Us,UNKNOWN
GGLOC-11010,Richfield,,Usa,UNKNOWN
GGLOC-11011,Greenland,,Ar,UNKNOWN
GGLOC-11012,Santurce,,Pr,UNKNOWN
GGLOC-11013,Angels,,Pa,UNKNOWN
GGLOC-11014,Cashmere,,Wa,UNKNOWN
GGLOC-11015,Basking Ridge,,Us,UNKNOWN
GGLOC-11016,Innovateua,,Az,UNKNOWN
GGLOC-11017,Next Generation Enterprise Network,,,UNKNOWN
GGLOC-11018,Craig,,Co,UNKNOWN
GGLOC-11019,Prist University,,India,UNKNOWN
GGLOC-11020,Radnor,,Nj,UNKNOWN
GGLOC-11021,Township Of Ewing,,Nj,UNKNOWN
GGLOC-11022,Spring,,Tx,UNKNOWN
GGLOC-11023,Cooper City,,Fl,UNKNOWN
GGLOC-11024,Houston,,Usa,UNKNOWN
GGLOC-11025,Franklin Furnace,,Oh,UNKNOWN
GGLOC-11026,Massachusetts,,Ma,UNKNOWN
GGLOC-11027,Newburgh,,Ny,UNKNOWN
GGLOC-11028,Travis Afb,,Ca,UNKNOWN
GGLOC-11029,Benghazi - Ly,,,UNKNOWN
GGLOC-11030,Guam,,Mo,UNKNOWN
GGLOC-11031,Manlius,,Ny,UNKNOWN
GGLOC-11032,Westwood,,Ca,UNKNOWN
GGLOC-11033,Allen,,Tx,UNKNOWN
GGLOC-11034,Los Angeles,,Us,UNKNOWN
GGLOC-11035,Treynor,,Ia,UNKNOWN
GGLOC-11036,Charlotte,,Partially Remote,UNKNOWN
GGLOC-11037,Doha,,Afghanistan & United Arab Emirates,UNKNOWN
GGLOC-11038,Rutledge,,Ga,UNKNOWN
GGLOC-11039,Remote Position,,,UNKNOWN
GGLOC-11040,Dublin,,Ca,UNKNOWN
GGLOC-11041,Ferguson,,Mo,UNKNOWN
GGLOC-11042,Fort Green,,Fl,UNKNOWN
GGLOC-11043,Carmicheals,,Pa,UNKNOWN
GGLOC-11044,Otis Angb Environmental Remediation Project,,,UNKNOWN
GGLOC-11045,Pickerington,,Oh,UNKNOWN
GGLOC-11046,San Salvador,,Sv,UNKNOWN
GGLOC-11047,Rock Springs,,Wy,UNKNOWN
GGLOC-11048,Valley Springs,,Ar,UNKNOWN
GGLOC-11049,Prairie Du Sac,,Wi,UNKNOWN
GGLOC-11050,Saltlake City,,,UNKNOWN
GGLOC-11051,North Providence,,Ri,UNKNOWN
GGLOC-11052,Cooperstown,,Ny,UNKNOWN
GGLOC-11053,Carolina Shores,,Nc,UNKNOWN
GGLOC-11054,Lowell,,Ar,UNKNOWN
GGLOC-11055,Brunswick,,Me,UNKNOWN
GGLOC-11056,Exton,,Pa,UNKNOWN
GGLOC-11057,Ht,,,UNKNOWN
GGLOC-11058,Secaucus,,Nj Usa,UNKNOWN
GGLOC-11059,Michigan,,Guadalajara Mexico,UNKNOWN
GGLOC-11060,Lochbuie,,Co,UNKNOWN
GGLOC-11061,Fresno,,,UNKNOWN
GGLOC-11062,Lafayette,,Co,UNKNOWN
GGLOC-11063,Ma Medford,,Ma,UNKNOWN
GGLOC-11064,East Amherst,,Ny,UNKNOWN
GGLOC-11065,Mauston,,Wi,UNKNOWN
GGLOC-11066,Baldwin,,Ga,UNKNOWN
GGLOC-11067,Oviedo,,Fl,UNKNOWN
GGLOC-11068,Inpensa,,Nj,UNKNOWN
GGLOC-11069,Oregon,,Oh,UNKNOWN
GGLOC-11070,Concrete,,Wa,UNKNOWN
GGLOC-11071,Washington,,D.C. And Northern Virginia,UNKNOWN
GGLOC-11072,Arlington,,Md,UNKNOWN
GGLOC-11073,Byram,,Ms,UNKNOWN
GGLOC-11074,Forest City,,Nc,UNKNOWN
GGLOC-11075,Ge - Sc,,,UNKNOWN
GGLOC-11076,Essex,,Il,UNKNOWN
GGLOC-11077,Covina,,Ca,UNKNOWN
GGLOC-11078,Marana,,Az,UNKNOWN
GGLOC-11079,Chevy Chase,,Md,UNKNOWN
GGLOC-11080,Kr,,,UNKNOWN
GGLOC-11081,Mysql Server 5.1/5.5/5.6,,Mssql 2005,UNKNOWN
GGLOC-11082,Nv,,,UNKNOWN
GGLOC-11083,Claremont,,Nh,UNKNOWN
GGLOC-11084,Hollywood Beach,,Fl,UNKNOWN
GGLOC-11085,Carrboro,,Nc,UNKNOWN
GGLOC-11086,Deagu,,Korea,UNKNOWN
GGLOC-11087,Conyers,,Ga,UNKNOWN
GGLOC-11088,Oakdale,,Ca,UNKNOWN
GGLOC-11089,Alexandria,,Eg,UNKNOWN
GGLOC-11090,Black Rock,,Ct,UNKNOWN
GGLOC-11091,Iraq - Baghdad,,,UNKNOWN
GGLOC-11092,Https://Www.Socialpsychology.Org/,,,UNKNOWN
GGLOC-11093,Marion,,Wi,UNKNOWN
GGLOC-11094,Montgomeryville,,Pa,UNKNOWN
GGLOC-11095,Various Selling Sites I.E. Ebay Etc.,,,UNKNOWN
GGLOC-11096,Lincoln,,Mt,UNKNOWN
GGLOC-11097,Chongqing,,China,UNKNOWN
GGLOC-11098,Democratic Republic Of Congo,,,UNKNOWN
GGLOC-11099,Winchester,,Ma,UNKNOWN
GGLOC-11100,Crosby,,Tx,UNKNOWN
GGLOC-11101,U.S. Navy,,Inventory Control Point (Icp),UNKNOWN
GGLOC-11102,Stanton,,Ca,UNKNOWN
GGLOC-11103,Weakfield,,Ma,UNKNOWN
GGLOC-11104,Korea / Afghanistan,,Out Of State,UNKNOWN
GGLOC-11105,Fairview,,Tx,UNKNOWN
GGLOC-11106,Kc,,Mo,UNKNOWN
GGLOC-11107,Great Philadelphia Area,,Pa,UNKNOWN
GGLOC-11108,Segundo,,,UNKNOWN
GGLOC-11109,Shenzhen China,,,UNKNOWN
GGLOC-11110,Cedar Grove,,Nj,UNKNOWN
GGLOC-11111,Arizona City,,Az,UNKNOWN
GGLOC-11112,Madison,,Fl,UNKNOWN
GGLOC-11113,Aberdeen Proving Grounds,,Md,UNKNOWN
GGLOC-11114,East Northport,,Ny,UNKNOWN
GGLOC-11115,Osd - Joint Service Provider,,,UNKNOWN
GGLOC-11116,New Richmond,,Wi,UNKNOWN
GGLOC-11117,Lexington,,Sc,UNKNOWN
GGLOC-11118,North Baltimore,,Oh,UNKNOWN
GGLOC-11119,New Canaan,,Ct,UNKNOWN
GGLOC-11120,Blr,,India,UNKNOWN
GGLOC-11121,Monmouth Junction,,Nj,UNKNOWN
GGLOC-11122,Wallops Island Va,,,UNKNOWN
GGLOC-11123,Ankara,,Tr,UNKNOWN
GGLOC-11124,Prod & Dev,,,UNKNOWN
GGLOC-11125,Jefferson City,,,UNKNOWN
GGLOC-11126,Hemet,,Ca,UNKNOWN
GGLOC-11127,Wrangell,,Ak,UNKNOWN
GGLOC-11128,Pa,,Us,UNKNOWN
GGLOC-11129,Boeing,,,UNKNOWN
GGLOC-11130,Mississauga,,On,UNKNOWN
GGLOC-11131,Plano Office,,,UNKNOWN
GGLOC-11132,Fremont,,California,UNKNOWN
GGLOC-11133,Maiden,,Nc,UNKNOWN
GGLOC-11134,Hialeah,,Fl 33015,UNKNOWN
GGLOC-11135,Bay City,,Tx,UNKNOWN
GGLOC-11136,Reston Va,,Va,UNKNOWN
GGLOC-11137,Catlettsburg,,Ky,UNKNOWN
GGLOC-11138,Flowood,,Ms,UNKNOWN
GGLOC-11139,Prod,,Pre_Prod & Dev,UNKNOWN
GGLOC-11140,Homer,,Mi,UNKNOWN
GGLOC-11141,Nyatike District,,,UNKNOWN
GGLOC-11142,Germantown,,Il,UNKNOWN
GGLOC-11143,Windsor Mill,,,UNKNOWN
GGLOC-11144,Owasso,,Ok,UNKNOWN
GGLOC-11145,South - Lake,,Us,UNKNOWN
GGLOC-11146,Holland,,Oh 43528,UNKNOWN
GGLOC-11147,Friendship Heights,,Md,UNKNOWN
GGLOC-11148,Westchester,,Pa,UNKNOWN
GGLOC-11149,Lahore,,Punjab,UNKNOWN
GGLOC-11150,Saluda,,Nc,UNKNOWN
GGLOC-11151,Whitfield,,Ms,UNKNOWN
GGLOC-11152,Prairie View,,,UNKNOWN
GGLOC-11153,Islip Terrace,,Ny,UNKNOWN
GGLOC-11154,Broken Bow,,Ok,UNKNOWN
GGLOC-11155,Apg,,Maryland,UNKNOWN
GGLOC-11156,South Amboy,,Nj,UNKNOWN
GGLOC-11157,Woodside,,Ny,UNKNOWN
GGLOC-11158,Moody Air Force Base,,,UNKNOWN
GGLOC-11159,Perris,,Ca,UNKNOWN
GGLOC-11160,Shaw Afb - Sumter,,Sc,UNKNOWN
GGLOC-11161,Prichard,,Al,UNKNOWN
GGLOC-11162,Anbar Province,,Iraq,UNKNOWN
GGLOC-11163,Mentor,,Oh,UNKNOWN
GGLOC-11164,Rockton,,Il,UNKNOWN
GGLOC-11165,Jordan-Almafrq - Amman,,Jo,UNKNOWN
GGLOC-11166,Essex,,Ct,UNKNOWN
GGLOC-11167,Bagram,,Af,UNKNOWN
GGLOC-11168,Akure,,Nigeria,UNKNOWN
GGLOC-11169,Arlington,,Wa,UNKNOWN
GGLOC-11170,Cropwell,,Al,UNKNOWN
GGLOC-11171,Sandiego,,Ca,UNKNOWN
GGLOC-11172,Eatonton,,Ga,UNKNOWN
GGLOC-11173,Kihei,,Hi,UNKNOWN
GGLOC-11174,Oconus,,,UNKNOWN
GGLOC-11175,Lebanon,,Tn,UNKNOWN
GGLOC-11176,Albany Ny,,,UNKNOWN
GGLOC-11177,Erwin,,Nc,UNKNOWN
GGLOC-11178,Maracaibo,,Venezzuela,UNKNOWN
GGLOC-11179,Camp H M Smith,,Hi,UNKNOWN
GGLOC-11180,Albertville,,Mn,UNKNOWN
GGLOC-11181,Prairie Village,,Ks,UNKNOWN
GGLOC-11182,Merimac,,Nh,UNKNOWN
GGLOC-11183,Methuen,,Ma,UNKNOWN
GGLOC-11184,Pine Creek,,Wv,UNKNOWN
GGLOC-11185,Dulles Airport,,,UNKNOWN
GGLOC-11186,Rotterdam,,,UNKNOWN
GGLOC-11187,Bhopal Area,,India,UNKNOWN
GGLOC-11188,Doraville,,Ga,UNKNOWN
GGLOC-11189,Galman,,Ms,UNKNOWN
GGLOC-11190,Karnataka - In,,,UNKNOWN
GGLOC-11191,Cairo,,Ny,UNKNOWN
GGLOC-11192,Avon,,Ny,UNKNOWN
GGLOC-11193,Mehoopany,,Pa,UNKNOWN
GGLOC-11194,Halifax,,Ma,UNKNOWN
GGLOC-11195,Stanford Healthcare,,,UNKNOWN
GGLOC-11196,Handcock,,Ma,UNKNOWN
GGLOC-11197,Us Support,,,UNKNOWN
GGLOC-11198,Van Buren Twp,,Mi,UNKNOWN
GGLOC-11199,Vermilion,,Oh,UNKNOWN
GGLOC-11200,Absaraka,,Nd,UNKNOWN
GGLOC-11201,Old Bethpage,,Ny,UNKNOWN
GGLOC-11202,Ronan,,Mt,UNKNOWN
GGLOC-11203,Fairfax County,,Va,UNKNOWN
GGLOC-11204,Hollis Center,,Me,UNKNOWN
GGLOC-11205,Niagara Falls,,Ny,UNKNOWN
GGLOC-11206,Waukon,,Ia,UNKNOWN
GGLOC-11207,Loretto,,Tn,UNKNOWN
GGLOC-11208,Dallas,,Ga,UNKNOWN
GGLOC-11209,Tacoma,,,UNKNOWN
GGLOC-11210,Eclipse,,Web,UNKNOWN
GGLOC-11211,Middlesex,,Nj,UNKNOWN
GGLOC-11212,Gibbstown,,Nj,UNKNOWN
GGLOC-11213,La - Mirada,,Ca,UNKNOWN
GGLOC-11214,Fort Harrison,,Mt,UNKNOWN
GGLOC-11215,Tyson,,Va,UNKNOWN
GGLOC-11216,Ok,,Us,UNKNOWN
GGLOC-11217,Cleveland,,Us,UNKNOWN
GGLOC-11218,San Juan Del Sur,,Nicaragua,UNKNOWN
GGLOC-11219,Virtual,,,UNKNOWN
GGLOC-11220,District 10,,Ho Chi Minh,UNKNOWN
GGLOC-11221,Va,,Va,UNKNOWN
GGLOC-11222,Onaway,,Mi,UNKNOWN
GGLOC-11223,Iq,,,UNKNOWN
GGLOC-11224,Banjul,,,UNKNOWN
GGLOC-11225,Aberdeen Proving Ground,,Md,UNKNOWN
GGLOC-11226,Springfield,,Fl,UNKNOWN
GGLOC-11227,Jerusalem,,Israel,UNKNOWN
GGLOC-11228,El Dorado Springs,,Missouri,UNKNOWN
GGLOC-11229,Hartland,,Wi,UNKNOWN
GGLOC-11230,Wyckoff,,Nj,UNKNOWN
GGLOC-11231,Somerville,,Ma,UNKNOWN
GGLOC-11232,Streamwood,,Il,UNKNOWN
GGLOC-11233,Lebanon,,Or,UNKNOWN
GGLOC-11234,Beavercreek,,Oh,UNKNOWN
GGLOC-11235,Habana,,,UNKNOWN
GGLOC-11236,National Assembly Complex,,Nigeria,UNKNOWN
GGLOC-11237,Hmis,,,UNKNOWN
GGLOC-11238,Scarborough,,Me,UNKNOWN
GGLOC-11239,Groton,,Ct,UNKNOWN
GGLOC-11240,Garden City,,Ks,UNKNOWN
GGLOC-11241,La Habana,,Cu,UNKNOWN
GGLOC-11242,Bristol,,Ct,UNKNOWN
GGLOC-11243,Camp Pendleton South,,Ca,UNKNOWN
GGLOC-11244,Peapack,,Nj,UNKNOWN
GGLOC-11245,Freedom,,Me,UNKNOWN
GGLOC-11246,Nashville,,,UNKNOWN
GGLOC-11247,Macclesfield,,Uk,UNKNOWN
GGLOC-11248,Mare Island,,Ca,UNKNOWN
GGLOC-11249,Valley View,,Oh,UNKNOWN
GGLOC-11250,Center,,Us,UNKNOWN
GGLOC-11251,Fort Polk,,La,UNKNOWN
GGLOC-11252,Lewisburg,,Wv,UNKNOWN
GGLOC-11253,Menlo Park,,Nj,UNKNOWN
GGLOC-11254,New Taipei,,,UNKNOWN
GGLOC-11255,Braselton,,Ga,UNKNOWN
GGLOC-11256,Bogota,,Colombia,UNKNOWN
GGLOC-11257,Sylva,,Nc,UNKNOWN
GGLOC-11258,Broadview Heights,,Oh,UNKNOWN
GGLOC-11259,Mason,,Oh,UNKNOWN
GGLOC-11260,Reporting To Program Director For Faa/Enterprise Information Management (Eim),,,UNKNOWN
GGLOC-11261,Cornelius,,Nc,UNKNOWN
GGLOC-11262,My,,,UNKNOWN
GGLOC-11263,Communications Services For Businesses,,And Superpages.Com,UNKNOWN
GGLOC-11264,San Jacinto,,Ca,UNKNOWN
GGLOC-11265,Universal City,,Ca,UNKNOWN
GGLOC-11266,Texas And Louisiana,,,UNKNOWN
GGLOC-11267,Forth Worth,,Tx,UNKNOWN
GGLOC-11268,October 2006 To December 2008,,,UNKNOWN
GGLOC-11269,Cebu City,,,UNKNOWN
GGLOC-11270,Welch,,Mn,UNKNOWN
GGLOC-11271,Delft,,Nl,UNKNOWN
GGLOC-11272,Cayey,,Us,UNKNOWN
GGLOC-11273,Cleveland - Park,,Ks,UNKNOWN
GGLOC-11274,Pottstown,,Pa,UNKNOWN
GGLOC-11275,Paden,,Ok,UNKNOWN
GGLOC-11276,New City,,Ny,UNKNOWN
GGLOC-11277,Monroe,,Nj,UNKNOWN
GGLOC-11278,Sterling Heights,,Mi,UNKNOWN
GGLOC-11279,Mohali,,,UNKNOWN
GGLOC-11280,Minneapolis,,,UNKNOWN
GGLOC-11281,Amman,,Gmass,UNKNOWN
GGLOC-11282,Glassport,,Pa,UNKNOWN
GGLOC-11283,Henrico,,Va,UNKNOWN
GGLOC-11284,Danburfield.Com,,,UNKNOWN
GGLOC-11285,Playa Vista,,Ca,UNKNOWN
GGLOC-11286,Missouri,,Mo,UNKNOWN
GGLOC-11287,Friona,,Tx,UNKNOWN
GGLOC-11288,Severo-Eniseyskiy,,,UNKNOWN
GGLOC-11289,California San Diego,,Ca,UNKNOWN
GGLOC-11290,Lusby,,Md,UNKNOWN
GGLOC-11291,Littleton,,Ma,UNKNOWN
GGLOC-11292,Niskayuna,,Ny,UNKNOWN
GGLOC-11293,Solukhumbu,,,UNKNOWN
GGLOC-11294,Camp Buehring,,Kuwait,UNKNOWN
GGLOC-11295,Sa &A - Columbia,,Md,UNKNOWN
GGLOC-11296,Personal,,,UNKNOWN
GGLOC-11297,Somers,,Ct,UNKNOWN
GGLOC-11298,District 3,,Ho Chi Minh,UNKNOWN
GGLOC-11299,Haverford,,Pa,UNKNOWN
GGLOC-11300,Bolling Afb,,Dc,UNKNOWN
GGLOC-11301,Illinois,,,UNKNOWN
GGLOC-11302,Dorado,,Pr,UNKNOWN
GGLOC-11303,Df. Mexico,,Toluca Edo. De Mexico,UNKNOWN
GGLOC-11304,Newington,,Ct,UNKNOWN
GGLOC-11305,Swissvale,,Pa,UNKNOWN
GGLOC-11306,Marble Falls,,Tx,UNKNOWN
GGLOC-11307,New Jersey,,Nj,UNKNOWN
GGLOC-11308,Kabul,,Nato Training Mission,UNKNOWN
GGLOC-11309,Bowie - Bowie,,Md,UNKNOWN
GGLOC-11310,Department Of Justice,,,UNKNOWN
GGLOC-11311,Wisconsin,,Wi,UNKNOWN
GGLOC-11312,District 1,,Ho Chi Minh,UNKNOWN
GGLOC-11313,Ak,,,UNKNOWN
GGLOC-11314,Wildwood,,Nj,UNKNOWN
GGLOC-11315,Us Army Tradoc,,Arcic,UNKNOWN
GGLOC-11316,Melvindale,,Mi,UNKNOWN
GGLOC-11317,Gardner,,Il,UNKNOWN
GGLOC-11318,Von Ormy,,Tx,UNKNOWN
GGLOC-11319,Lansdowne,,Pa,UNKNOWN
GGLOC-11320,Fountain Hill,,Pa,UNKNOWN
GGLOC-11321,Los Angeles,,Nl / Remote,UNKNOWN
GGLOC-11322,Souderton,,Pa,UNKNOWN
GGLOC-11323,Gatlinburg,,Tn,UNKNOWN
GGLOC-11324,11Th Ave,,Metro - Manila,UNKNOWN
GGLOC-11325,Csl Berhring Pharmaceuticals - King Of Prussia,,Pa,UNKNOWN
GGLOC-11326,Remote,,Nj,UNKNOWN
GGLOC-11327,Remote South Carolina (Sc),,,UNKNOWN
GGLOC-11328,Camp As Sayliyah,,,UNKNOWN
GGLOC-11329,Orlando Fl,,,UNKNOWN
GGLOC-11330,Arlington,,Va 22203,UNKNOWN
GGLOC-11331,Englewood,,Nj,UNKNOWN
GGLOC-11332,Overseas Site,,,UNKNOWN
GGLOC-11333,Guam / Iraq,,Out Of State,UNKNOWN
GGLOC-11334,Ballwin,,Mo,UNKNOWN
GGLOC-11335,Ubonrachthanie,,Thailand,UNKNOWN
GGLOC-11336,Texas - Front,,Us,UNKNOWN
GGLOC-11337,Springs Co.,,,UNKNOWN
GGLOC-11338,Itaji,,Ekiti State - Ng,UNKNOWN
GGLOC-11339,Abudhabi,,Ae,UNKNOWN
GGLOC-11340,Powder Springs,,Ga,UNKNOWN
GGLOC-11341,Dinuba,,Ca,UNKNOWN
GGLOC-11342,Texas - Surgery Dept.,,,UNKNOWN
GGLOC-11343,Jewett,,Tx,UNKNOWN
GGLOC-11344,Union,,Sc,UNKNOWN
GGLOC-11345,Lowville,,Ny,UNKNOWN
GGLOC-11346,East Rutherford,,Nj,UNKNOWN
GGLOC-11347,Chatsworth,,Ga,UNKNOWN
GGLOC-11348,2F Chinabank Bldg.,,Philippines.,UNKNOWN
GGLOC-11349,Maywood,,Il,UNKNOWN
GGLOC-11350,Google Play,,,UNKNOWN
GGLOC-11351,Rockingham,,Nc,UNKNOWN
GGLOC-11352,Guangdong,,China,UNKNOWN
GGLOC-11353,Hendersonville,,Nc,UNKNOWN
GGLOC-11354,Vega Alta,,Us,UNKNOWN
GGLOC-11355,Rochelle Park,,Nj,UNKNOWN
GGLOC-11356,Northwestern Wisconsin,,,UNKNOWN
GGLOC-11357,Boaz,,Al,UNKNOWN
GGLOC-11358,Qatar,,Aludeid Air Base,UNKNOWN
GGLOC-11359,Copperas Cove,,Tx,UNKNOWN
GGLOC-11360,Long Grove,,Fl,UNKNOWN
GGLOC-11361,Marietta,,Oh,UNKNOWN
GGLOC-11362,Kingman,,Az,UNKNOWN
GGLOC-11363,Teresópolis,,Brazil,UNKNOWN
GGLOC-11364,Detroit,,Tx,UNKNOWN
GGLOC-11365,Rockford,,Mi,UNKNOWN
GGLOC-11366,South Texas Node-San Marcos,,Tx,UNKNOWN
GGLOC-11367,Algonquin,,Il,UNKNOWN
GGLOC-11368,Warner,,Oh,UNKNOWN
GGLOC-11369,Charlottte,,Nc,UNKNOWN
GGLOC-11370,Cut Bank,,Mt,UNKNOWN
GGLOC-11371,Tampa/St. Petersburg,,Florida Area,UNKNOWN
GGLOC-11372,The University Of Texas At Dallas,,,UNKNOWN
GGLOC-11373,Brookhaven,,Ms,UNKNOWN
GGLOC-11374,Perrysburg,,Oh,UNKNOWN
GGLOC-11375,Waynesboro,,Va,UNKNOWN
GGLOC-11376,Pleasant Hill,,Mo,UNKNOWN
GGLOC-11377,Camp Smith,,Hi,UNKNOWN
GGLOC-11378,Governmental And Public Services,,Information Technology,UNKNOWN
GGLOC-11379,Parkway,,Ca,UNKNOWN
GGLOC-11380,Abuja Fct,,Nigeria,UNKNOWN
GGLOC-11381,Ramstein Afb,,Germany,UNKNOWN
GGLOC-11382,Mercer,,Wi,UNKNOWN
GGLOC-11383,Large,,Pa,UNKNOWN
GGLOC-11384,Pocola,,Ok,UNKNOWN
GGLOC-11385,Belmont,,Ca,UNKNOWN
GGLOC-11386,Arden,,Nc,UNKNOWN
GGLOC-11387,Jessup,,Md,UNKNOWN
GGLOC-11388,Linthicum,,Md,UNKNOWN
GGLOC-11389,Mount Pleasant,,Sc,UNKNOWN
GGLOC-11390,Greater Los Angeles Region,,,UNKNOWN
GGLOC-11391,Fielding,,Ut,UNKNOWN
GGLOC-11392,Rockdale,,Tx,UNKNOWN
GGLOC-11393,Somerdale,,Nj,UNKNOWN
GGLOC-11394,Sellersburg,,In,UNKNOWN
GGLOC-11395,Sitka,,Ak,UNKNOWN
GGLOC-11396,Greater - Philadelphia,,Pa,UNKNOWN
GGLOC-11397,Katy,,,UNKNOWN
GGLOC-11398,Arkansas City,,Ks,UNKNOWN
GGLOC-11399,British Virgin Islands,,,UNKNOWN
GGLOC-11400,Lewisville,,Tx,UNKNOWN
GGLOC-11401,Le Roy,,Ny,UNKNOWN
GGLOC-11402,Robinsonville,,Ms,UNKNOWN
GGLOC-11403,Berlin,,Nh,UNKNOWN
GGLOC-11404,Bunker Hill,,In,UNKNOWN
GGLOC-11405,Mundelein - Chicago,,Il,UNKNOWN
GGLOC-11406,Urbana,,Md,UNKNOWN
GGLOC-11407,Oklahoma City,,Ok 73169,UNKNOWN
GGLOC-11408,Lake Zurich,,Il,UNKNOWN
GGLOC-11409,Northampton,,,UNKNOWN
GGLOC-11410,Indian Head,,Md,UNKNOWN
GGLOC-11411,Grottoes,,Va 24441,UNKNOWN
GGLOC-11412,Oakland,,Tn,UNKNOWN
GGLOC-11413,Kaiserslautern,,,UNKNOWN
GGLOC-11414,Brentwood,,Tn,UNKNOWN
GGLOC-11415,Buea,,South,UNKNOWN
GGLOC-11416,Dumont,,Nj,UNKNOWN
GGLOC-11417,Beijing Suburbs,,,UNKNOWN
GGLOC-11418,Derby,,Ks,UNKNOWN
GGLOC-11419,Guyana,,S.A,UNKNOWN
GGLOC-11420,Coudersport,,Pa,UNKNOWN
GGLOC-11421,Brooklyn,,Us,UNKNOWN
GGLOC-11422,Old Saybrook,,Ct,UNKNOWN
GGLOC-11423,Borksburg,,,UNKNOWN
GGLOC-11424,La Vergne,,Tn,UNKNOWN
GGLOC-11425,Madrid,,Spain,UNKNOWN
GGLOC-11426,Sunderland,,Ma,UNKNOWN
GGLOC-11427,Brea,,,UNKNOWN
GGLOC-11428,New Whiteland,,In,UNKNOWN
GGLOC-11429,Dallas,,,UNKNOWN
GGLOC-11430,Clinton,,Nc,UNKNOWN
GGLOC-11431,Port Washington,,Wi,UNKNOWN
GGLOC-11432,Piscataway Township,,Nj,UNKNOWN
GGLOC-11433,India,,Bahrain,UNKNOWN
GGLOC-11434,Meridian,,Co,UNKNOWN
GGLOC-11435,Agana,,Gu,UNKNOWN
GGLOC-11436,Kfar Saba,,,UNKNOWN
GGLOC-11437,Hinckley,,Oh,UNKNOWN
GGLOC-11438,Weirton,,Wv,UNKNOWN
GGLOC-11439,Bahamas,,,UNKNOWN
GGLOC-11440,Caaguazú,,Paraguay,UNKNOWN
GGLOC-11441,Fair Oaks,,Ca,UNKNOWN
GGLOC-11442,Tema,,,UNKNOWN
GGLOC-11443,Columbai,,Mo,UNKNOWN
GGLOC-11444,Glen Oaks,,Ny,UNKNOWN
GGLOC-11445,Barranquilla,,Atlántico,UNKNOWN
GGLOC-11446,Idabel,,Ok,UNKNOWN
GGLOC-11447,Los Cortijos,,Los Ruices,UNKNOWN
GGLOC-11448,Old Tappan,,Nj,UNKNOWN
GGLOC-11449,Lemont,,Il,UNKNOWN
GGLOC-11450,Jackson Center,,Pa,UNKNOWN
GGLOC-11451,Elmsford,,Ny,UNKNOWN
GGLOC-11452,Sillicon Valley,,Ca,UNKNOWN
GGLOC-11453,Worley,,Id,UNKNOWN
GGLOC-11454,England Uk,,,UNKNOWN
GGLOC-11455,Brussels,,Belgium,UNKNOWN
GGLOC-11456,Gardendale,,Al,UNKNOWN
GGLOC-11457,Aachen,,De,UNKNOWN
GGLOC-11458,Kersey,,Co,UNKNOWN
GGLOC-11459,Toano,,Va,UNKNOWN
GGLOC-11460,Bristol,,Connecticut,UNKNOWN
GGLOC-11461,Grafenwoehr,,De,UNKNOWN
GGLOC-11462,Great Falls,,Va,UNKNOWN
GGLOC-11463,Osan Ab - Kr,,,UNKNOWN
GGLOC-11464,Antioch,,Il,UNKNOWN
GGLOC-11465,Riverton,,Ut,UNKNOWN
GGLOC-11466,Windsor Mill,,Maryland,UNKNOWN
GGLOC-11467,Chatsworth,,On,UNKNOWN
GGLOC-11468,Calabasas,,Ca,UNKNOWN
GGLOC-11469,Saint Clairsville,,Oh,UNKNOWN
GGLOC-11470,Seneca Falls,,Ny,UNKNOWN
GGLOC-11471,Delano,,Mn,UNKNOWN
GGLOC-11472,Trevose,,Pa,UNKNOWN
GGLOC-11473,Washington,,Il,UNKNOWN
GGLOC-11474,Essex,,Hunt Valley,UNKNOWN
GGLOC-11475,Irwindale,,Ca,UNKNOWN
GGLOC-11476,New Providence,,Nj,UNKNOWN
GGLOC-11477,Network Outage Center,,,UNKNOWN
GGLOC-11478,Powhatan,,Va,UNKNOWN
GGLOC-11479,Merriam,,Ks,UNKNOWN
GGLOC-11480,Crystal Springs,,Ms,UNKNOWN
GGLOC-11481,Mayport,,Fl,UNKNOWN
GGLOC-11482,Harmony,,Fl,UNKNOWN
GGLOC-11483,Milano,,It,UNKNOWN
GGLOC-11484,Lexington,,Kentucky,UNKNOWN
GGLOC-11485,Vermont,,,UNKNOWN
GGLOC-11486,Department Of Energy,,Energy Information Administration,UNKNOWN
GGLOC-11487,Guatemala City,,Gt,UNKNOWN
GGLOC-11488,Vandenberg Afb,,Ca,UNKNOWN
GGLOC-11489,Mcas Cherry Point,,Nc,UNKNOWN
GGLOC-11490,Collins,,Ia,UNKNOWN
GGLOC-11491,Kings Park,,Ny,UNKNOWN
GGLOC-11492,Watertown,,Ma,UNKNOWN
GGLOC-11493,Suffolk County,,Ny,UNKNOWN
GGLOC-11494,Laurel,,De,UNKNOWN
GGLOC-11495,Bogota,,Nj,UNKNOWN
GGLOC-11496,Coconut Creek,,Us,UNKNOWN
GGLOC-11497,Southwest,,Us,UNKNOWN
GGLOC-11498,Alphareretta - Ga,,,UNKNOWN
GGLOC-11499,Christiana,,De,UNKNOWN
GGLOC-11500,Acworth,,Ga,UNKNOWN
GGLOC-11501,Boston,,Us,UNKNOWN
GGLOC-11502,Richmond,,Bc,UNKNOWN
GGLOC-11503,Christopher,,Il,UNKNOWN
GGLOC-11504,Walsall,,,UNKNOWN
GGLOC-11505,Indiana,,Kentucky,UNKNOWN
GGLOC-11506,Mountlake Terrace,,Wa,UNKNOWN
GGLOC-11507,Newton,,Nc,UNKNOWN
GGLOC-11508,De,,,UNKNOWN
GGLOC-11509,Visakhapatnam,,,UNKNOWN
GGLOC-11510,Leominster,,Ma,UNKNOWN
GGLOC-11511,Alva,,Ok,UNKNOWN
GGLOC-11512,China Lake,,Ca,UNKNOWN
GGLOC-11513,Kilkenny,,,UNKNOWN
GGLOC-11514,Niles,,Oh,UNKNOWN
GGLOC-11515,Alexandria,,Virginia,UNKNOWN
GGLOC-11516,Galax,,Va,UNKNOWN
GGLOC-11517,Us Customs And Border Protection,,,UNKNOWN
GGLOC-11518,Pflugerville,,Tx,UNKNOWN
GGLOC-11519,Cedartown,,Ga,UNKNOWN
GGLOC-11520,Russia (Remotely),,,UNKNOWN
GGLOC-11521,Fort Detrick,,Md,UNKNOWN
GGLOC-11522,Ramanathapuram,,Tamil Nadu,UNKNOWN
GGLOC-11523,Don-Dod - Marine Corps Base Quantico,,,UNKNOWN
GGLOC-11524,Kennedale,,Tx,UNKNOWN
GGLOC-11525,Bay Harbor,,Fl,UNKNOWN
GGLOC-11526,Montgomery Village,,Md,UNKNOWN
GGLOC-11527,Pelham,,Al,UNKNOWN
GGLOC-11528,Port Orchard,,Wa,UNKNOWN
GGLOC-11529,Oklahoma City,,Ok 73179,UNKNOWN
GGLOC-11530,Fairbun,,Ga,UNKNOWN
GGLOC-11531,East Haddam,,Ct,UNKNOWN
GGLOC-11532,Malaga,,Es,UNKNOWN
GGLOC-11533,Garza,,N.L.,UNKNOWN
GGLOC-11534,Preston,,Md,UNKNOWN
GGLOC-11535,Highland,,Md,UNKNOWN
GGLOC-11536,Menomonie Falls,,Wi,UNKNOWN
GGLOC-11537,Horseshoe Bay,,Tx,UNKNOWN
GGLOC-11538,Xfinity North Bay Area,,,UNKNOWN
GGLOC-11539,Waco Tx,,,UNKNOWN
GGLOC-11540,Woodland Park,,Co,UNKNOWN
GGLOC-11541,Mill Hall,,Pa,UNKNOWN
GGLOC-11542,Westmont,,Nj,UNKNOWN
GGLOC-11543,Katterbach,,Germany,UNKNOWN
GGLOC-11544,Fortworth,,Tx,UNKNOWN
GGLOC-11545,Lleida,,Es,UNKNOWN
GGLOC-11546,Novato,,Ca,UNKNOWN
GGLOC-11547,Wash D C,,,UNKNOWN
GGLOC-11548,Bell Gardens,,Ca,UNKNOWN
GGLOC-11549,Accomac,,Va,UNKNOWN
GGLOC-11550,Kettering,,Oh,UNKNOWN
GGLOC-11551,Highland Heights,,Oh,UNKNOWN
GGLOC-11552,Millcreek,,Ut,UNKNOWN
GGLOC-11553,Pack Department,,,UNKNOWN
GGLOC-11554,Ikoyi,,Lagos State,UNKNOWN
GGLOC-11555,Virginia - Java,,Va,UNKNOWN
GGLOC-11556,Williamstown,,Nj,UNKNOWN
GGLOC-11557,St.Louis,,Us,UNKNOWN
GGLOC-11558,Slo,,Ca,UNKNOWN
GGLOC-11559,Palmyra,,Pa,UNKNOWN
GGLOC-11560,Remote/Telecommute,,,UNKNOWN
GGLOC-11561,Ca San Jose,,Ca,UNKNOWN
GGLOC-11562,Turlock,,,UNKNOWN
GGLOC-11563,Fredericktown,,Oh,UNKNOWN
GGLOC-11564,Baltimore Md. Usa,,,UNKNOWN
GGLOC-11565,Computer And Internet,,,UNKNOWN
GGLOC-11566,Bloomfiled,,Ct,UNKNOWN
GGLOC-11567,Bureau Of Conventions-Campus Party El Salvador,,,UNKNOWN
GGLOC-11568,Henrico,,Us,UNKNOWN
GGLOC-11569,Maui,,Us,UNKNOWN
GGLOC-11570,Bala-Cynwyd,,Pa,UNKNOWN
GGLOC-11571,Holmen,,Wi,UNKNOWN
GGLOC-11572,Vadodara,,India,UNKNOWN
GGLOC-11573,Montana City,,Mt,UNKNOWN
GGLOC-11574,Grand Forks Afb,,Nd,UNKNOWN
GGLOC-11575,Winder,,Ga,UNKNOWN
GGLOC-11576,Mount Vernon,,Va,UNKNOWN
GGLOC-11577,Barre,,Vt,UNKNOWN
GGLOC-11578,Psa Peugeot Citroën,,,UNKNOWN
GGLOC-11579,Struthers,,Oh,UNKNOWN
GGLOC-11580,Port Orange,,Fl,UNKNOWN
GGLOC-11581,Fridley,,Mn,UNKNOWN
GGLOC-11582,Burns Harbor,,In,UNKNOWN
GGLOC-11583,Simi Valley,,Ca,UNKNOWN
GGLOC-11584,Centerville,,Ia,UNKNOWN
GGLOC-11585,Haryana,,Haryana,UNKNOWN
GGLOC-11586,Commerce,,Ca,UNKNOWN
GGLOC-11587,Il Chicago,,Il,UNKNOWN
GGLOC-11588,Fort Wainwright,,,UNKNOWN
GGLOC-11589,Axis,,Al,UNKNOWN
GGLOC-11590,Saddle River,,Nj,UNKNOWN
GGLOC-11591,Wash,,Dc,UNKNOWN
GGLOC-11592,North Bethesda,,Md,UNKNOWN
GGLOC-11593,Burgas,,,UNKNOWN
GGLOC-11594,Jamshoro,,,UNKNOWN
GGLOC-11595,Golden Valley,,Minnesota,UNKNOWN
GGLOC-11596,Gold River,,Ca,UNKNOWN
GGLOC-11597,Indiana,,Pa 15701,UNKNOWN
GGLOC-11598,Ms,,,UNKNOWN
GGLOC-11599,Loveland,,Co,UNKNOWN
GGLOC-11600,Dover,,Nh,UNKNOWN
GGLOC-11601,Dubuque,,Ia,UNKNOWN
GGLOC-11602,East Hanover,,Nj,UNKNOWN
GGLOC-11603,Phila. Pa,,,UNKNOWN
GGLOC-11604,Dasmarinas Cavite,,,UNKNOWN
GGLOC-11605,Nanterre,,Fr,UNKNOWN
GGLOC-11606,Murray Hill,,Nj,UNKNOWN
GGLOC-11607,Batesville,,In,UNKNOWN
GGLOC-11608,Spring Hill,,Fl,UNKNOWN
GGLOC-11609,Hazlet,,Nj,UNKNOWN
GGLOC-11610,Sp,,Br,UNKNOWN
GGLOC-11611,Project: Hans Inventory Management System (Hims),,,UNKNOWN
GGLOC-11612,Chester Springs,,Pa,UNKNOWN
GGLOC-11613,Great Neck,,Ny,UNKNOWN
GGLOC-11614,Amity,,Or,UNKNOWN
GGLOC-11615,Nesconset,,Ny,UNKNOWN
GGLOC-11616,Brigeview,,,UNKNOWN
GGLOC-11617,Mendon,,Ny,UNKNOWN
GGLOC-11618,Davenport,,Fl,UNKNOWN
GGLOC-11619,Oakville,,On,UNKNOWN
GGLOC-11620,Voorhees,,P,UNKNOWN
GGLOC-11621,Mount Airy,,Md,UNKNOWN
GGLOC-11622,Fontainbleau,,France,UNKNOWN
GGLOC-11623,Pacifica,,Ca,UNKNOWN
GGLOC-11624,Goodyear,,Az,UNKNOWN
GGLOC-11625,January 2015 To August 2015,,,UNKNOWN
GGLOC-11626,Pentagon City,,Va,UNKNOWN
GGLOC-11627,City Of Philadelphia Dept. Of Public Health,,,UNKNOWN
GGLOC-11628,Crownsville,,Md,UNKNOWN
GGLOC-11629,Ridgefield Park,,Nj,UNKNOWN
GGLOC-11630,Victoria Island - Lagos,,Ng,UNKNOWN
GGLOC-11631,Seabeck,,Wa,UNKNOWN
GGLOC-11632,Breckenridge,,Co,UNKNOWN
GGLOC-11633,Corunna,,Mi,UNKNOWN
GGLOC-11634,Baroda,,In,UNKNOWN
GGLOC-11635,Valrico,,Fl,UNKNOWN
GGLOC-11636,Bensenville,,Il,UNKNOWN
GGLOC-11637,Cheverly,,Md,UNKNOWN
GGLOC-11638,December 2018 To May 2019,,,UNKNOWN
GGLOC-11639,Vineyard,,Ut,UNKNOWN
GGLOC-11640,East Point,,Ga,UNKNOWN
GGLOC-11641,Kauai,,Us,UNKNOWN
GGLOC-11642,Ventura,,Ca,UNKNOWN
GGLOC-11643,Remote Contract Position,,,UNKNOWN
GGLOC-11644,Springfield,,Nj,UNKNOWN
GGLOC-11645,Royston,,Ga,UNKNOWN
GGLOC-11646,Argentina,,,UNKNOWN
GGLOC-11647,Bellevue,,Us,UNKNOWN
GGLOC-11648,Mahwah,,Rajasthan,UNKNOWN
GGLOC-11649,Northwest,,Mo,UNKNOWN
GGLOC-11650,Seymour,,Tn,UNKNOWN
GGLOC-11651,Monroe,,Ny,UNKNOWN
GGLOC-11652,Pawhuska,,Ok,UNKNOWN
GGLOC-11653,Kings Point,,Ny,UNKNOWN
GGLOC-11654,Matteson,,Il,UNKNOWN
GGLOC-11655,Davis Monthan,,Az,UNKNOWN
GGLOC-11656,Richland,,Wa,UNKNOWN
GGLOC-11657,Sugar Hill,,Ga,UNKNOWN
GGLOC-11658,Akron,,Us,UNKNOWN
GGLOC-11659,Oxford,,Ct,UNKNOWN
GGLOC-11660,Garden City,,Mi,UNKNOWN
GGLOC-11661,Pikes Peak,,Pa,UNKNOWN
GGLOC-11662,Subcontractor For Avocent,,,UNKNOWN
GGLOC-11663,Misawa,,Japan,UNKNOWN
GGLOC-11664,Lake City,,Florida,UNKNOWN
GGLOC-11665,248) 541-5717,,,UNKNOWN
GGLOC-11666,Newjersey,,,UNKNOWN
GGLOC-11667,Cinnaminson,,Nj,UNKNOWN
GGLOC-11668,Samford,,Ct,UNKNOWN
GGLOC-11669,Berwyn,,Pa,UNKNOWN
GGLOC-11670,Mac Lean,,,UNKNOWN
GGLOC-11671,The J.F. Kennedy Center For The Performing Arts,,,UNKNOWN
GGLOC-11672,Nashville,,Mt,UNKNOWN
GGLOC-11673,North Reading,,Ma,UNKNOWN
GGLOC-11674,Mukilteo,,Wa,UNKNOWN
GGLOC-11675,Zhenjiang,,Cn,UNKNOWN
GGLOC-11676,Palmetto,,Fl,UNKNOWN
GGLOC-11677,Camp Pendleton,,,UNKNOWN
GGLOC-11678,Secane,,Pa,UNKNOWN
GGLOC-11679,Camp Arifjan - Kw,,,UNKNOWN
GGLOC-11680,Cleaveland,,Oh,UNKNOWN
GGLOC-11681,Wentzville,,Mo,UNKNOWN
GGLOC-11682,South Pasadena,,Ca,UNKNOWN
GGLOC-11683,Englewood C,,,UNKNOWN
GGLOC-11684,Charleroi,,Pa,UNKNOWN
GGLOC-11685,Dublin,,Ga,UNKNOWN
GGLOC-11686,Malvern,,Usa,UNKNOWN
GGLOC-11687,E Bridgewater,,Ma,UNKNOWN
GGLOC-11688,Audubon,,Pa,UNKNOWN
GGLOC-11689,Kerrville,,Tx,UNKNOWN
GGLOC-11690,Robins Afb,,Ga,UNKNOWN
GGLOC-11691,Long Valley Junction,,Ut,UNKNOWN
GGLOC-11692,Homewood,,Al,UNKNOWN
GGLOC-11693,Puerto Cabello,,,UNKNOWN
GGLOC-11694,Sabine Pass,,Tx,UNKNOWN
GGLOC-11695,Multiple Locations,,,UNKNOWN
GGLOC-11696,Cedarhurst,,Ny,UNKNOWN
GGLOC-11697,Demorest,,Ga,UNKNOWN
GGLOC-11698,Baghdad,,Iraq,UNKNOWN
GGLOC-11699,Wexford,,Pa,UNKNOWN
GGLOC-11700,Norman,,Ok 73071,UNKNOWN
GGLOC-11701,Kpk Pakistan,,,UNKNOWN
GGLOC-11702,Pikeville,,Ky,UNKNOWN
GGLOC-11703,Sunny Vale,,,UNKNOWN
GGLOC-11704,Cranbury,,Nj,UNKNOWN
GGLOC-11705,Djibouti,,Dj,UNKNOWN
GGLOC-11706,Bountiful,,Ut,UNKNOWN
GGLOC-11707,Deatur,,Ga,UNKNOWN
GGLOC-11708,Beverly Hills,,Fl,UNKNOWN
GGLOC-11709,Paris And Netherlands,,,UNKNOWN
GGLOC-11710,Java,,Va,UNKNOWN
GGLOC-11711,Technische Universität Dresden,,,UNKNOWN
GGLOC-11712,Grandview,,Wa,UNKNOWN
GGLOC-11713,Guelph,,On,UNKNOWN
GGLOC-11714,Highland Hills,,Oh,UNKNOWN
GGLOC-11715,Breuil Le Sec,,,UNKNOWN
GGLOC-11716,Irving/Plainview/Grapevine,,,UNKNOWN
GGLOC-11717,Colts Neck,,Us,UNKNOWN
GGLOC-11718,Tulsa,,Ok 74011,UNKNOWN
GGLOC-11719,Las Vegas,,Nevada,UNKNOWN
GGLOC-11720,Denver County,,Co,UNKNOWN
GGLOC-11721,Maineville,,Oh,UNKNOWN
GGLOC-11722,El Dorado,,Ar,UNKNOWN
GGLOC-11723,At&T Wireless,,,UNKNOWN
GGLOC-11724,North Riverside,,Il,UNKNOWN
GGLOC-11725,Dia Hq Bolling Afb In Dc On Esl,,,UNKNOWN
GGLOC-11726,Contracted Through Tek Systems,,,UNKNOWN
GGLOC-11727,Travel Position,,,UNKNOWN
GGLOC-11728,Sapphire,,Nc,UNKNOWN
GGLOC-11729,Clifton,,Va,UNKNOWN
GGLOC-11730,Porirua,,Wellington,UNKNOWN
GGLOC-11731,Qatar,,,UNKNOWN
GGLOC-11732,Ca/Nc,,,UNKNOWN
GGLOC-11733,Spear Washington,,Dc,UNKNOWN
GGLOC-11734,Spencer,,Wv,UNKNOWN
GGLOC-11735,Dehra Dun,,Uttarakhand,UNKNOWN
GGLOC-11736,Des,,,UNKNOWN
GGLOC-11737,Libreville,,Ga,UNKNOWN
GGLOC-11738,New Caney,,Tx,UNKNOWN
GGLOC-11739,Greater Charlotte Area,,,UNKNOWN
GGLOC-11740,Apple Valley,,Mn,UNKNOWN
GGLOC-11741,Hope Mills,,Nc,UNKNOWN
GGLOC-11742,Indian Harbour Beach,,Fl,UNKNOWN
GGLOC-11743,Beaver Dam,,Wi,UNKNOWN
GGLOC-11744,Web.Com,,,UNKNOWN
GGLOC-11745,Playa Del Rey,,Ca,UNKNOWN
GGLOC-11746,Lagrange,,Ny,UNKNOWN
GGLOC-11747,Bay Head,,Nj,UNKNOWN
GGLOC-11748,Southeast,,Fl,UNKNOWN
GGLOC-11749,Foothill Ranch,,Ca,UNKNOWN
GGLOC-11750,Muleshoe,,Tx,UNKNOWN
GGLOC-11751,Sierra,,Us,UNKNOWN
GGLOC-11752,Defiance,,Oh,UNKNOWN
GGLOC-11753,Chicago Ridge,,Il,UNKNOWN
GGLOC-11754,Florhan - Park,,Us,UNKNOWN
GGLOC-11755,Hermitage,,Pa,UNKNOWN
GGLOC-11756,Harrisburg,,Nc,UNKNOWN
GGLOC-11757,Sanford,,Me,UNKNOWN
GGLOC-11758,Leesport,,Pa,UNKNOWN
GGLOC-11759,Nhgri,,,UNKNOWN
GGLOC-11760,Farmington Hill,,Mi,UNKNOWN
GGLOC-11761,South Texas Node-San Marcos,,Ca,UNKNOWN
GGLOC-11762,Remote Office - Tucson,,Az,UNKNOWN
GGLOC-11763,Leatherhead,,Uk,UNKNOWN
GGLOC-11764,Rockleigh,,Nj,UNKNOWN
GGLOC-11765,Abidjan,,Ivory Coast,UNKNOWN
GGLOC-11766,Boces Brockport,,,UNKNOWN
GGLOC-11767,Lafayette,,Nj,UNKNOWN
GGLOC-11768,Oil City,,Pa,UNKNOWN
GGLOC-11769,Camp Humphreys,,Gyeonggi-Do - Kr,UNKNOWN
GGLOC-11770,Pentagon,,Dc,UNKNOWN
GGLOC-11771,Rawlins,,Wy,UNKNOWN
GGLOC-11772,Menands,,Ny,UNKNOWN
GGLOC-11773,Icd-10 Code Rollout,,(Contract),UNKNOWN
GGLOC-11774,California Irvine,,Ca,UNKNOWN
GGLOC-11775,Simi Valley Ca,,Dubuque Ia,UNKNOWN
GGLOC-11776,Abu Dhabi,,Ae,UNKNOWN
GGLOC-11777,Bedford,,Tx,UNKNOWN
GGLOC-11778,Steamboat Springs,,Co,UNKNOWN
GGLOC-11779,Naval Station Bremerton,,Washington,UNKNOWN
GGLOC-11780,Warner,,Ca,UNKNOWN
GGLOC-11781,Mcconnell Afb,,Ks,UNKNOWN
GGLOC-11782,Waite Park,,Mn,UNKNOWN
GGLOC-11783,Columbos,,,UNKNOWN
GGLOC-11784,St. May,,,UNKNOWN
GGLOC-11785,Spring Lake Park,,Mn,UNKNOWN
GGLOC-11786,Shamong,,Nj,UNKNOWN
GGLOC-11787,Rota,,Mp,UNKNOWN
GGLOC-11788,Ledge Wood,,Nj,UNKNOWN
GGLOC-11789,Network,,,UNKNOWN
GGLOC-11790,Oro Valley,,Az,UNKNOWN
GGLOC-11791,Vienna,,At,UNKNOWN
GGLOC-11792,Edgewood,,Md,UNKNOWN
GGLOC-11793,Bartlesville,,Us,UNKNOWN
GGLOC-11794,Bellevue,,Oh,UNKNOWN
GGLOC-11795,Fpo,,Us,UNKNOWN
GGLOC-11796,Kyiv,,Spain,UNKNOWN
GGLOC-11797,Tel Aviv,,Israel,UNKNOWN
GGLOC-11798,Windsor,,Nj,UNKNOWN
GGLOC-11799,Helmand Province,,Af,UNKNOWN
GGLOC-11800,Winsted,,Ct,UNKNOWN
GGLOC-11801,Center For Medicare And Medicaid,,,UNKNOWN
GGLOC-11802,Fredricksburg,,Va,UNKNOWN
GGLOC-11803,Kuwait And Iraq,,,UNKNOWN
GGLOC-11804,Southern California,,,UNKNOWN
GGLOC-11805,Prosper,,Tx,UNKNOWN
GGLOC-11806,Princeton,,Us,UNKNOWN
GGLOC-11807,Boston,,Oh,UNKNOWN
GGLOC-11808,Colorado Spring Co,,,UNKNOWN
GGLOC-11809,Hubbard,,Oh,UNKNOWN
GGLOC-11810,Eglin Afb,,Afg,UNKNOWN
GGLOC-11811,Germany/Poland,,,UNKNOWN
GGLOC-11812,West Memphis,,Ar,UNKNOWN
GGLOC-11813,Lajitas,,Tx,UNKNOWN
GGLOC-11814,Merrick,,Ny,UNKNOWN
GGLOC-11815,Etna,,Pa,UNKNOWN
GGLOC-11816,Austin Tx,,Las Vegas Nv,UNKNOWN
GGLOC-11817,Ge Aviation,,,UNKNOWN
GGLOC-11818,Canada,,,UNKNOWN
GGLOC-11819,Plano - Tx,,,UNKNOWN
GGLOC-11820,Englewood Cliffs,,Nj,UNKNOWN
GGLOC-11821,Dahlgren,,Virginia,UNKNOWN
GGLOC-11822,Ossining,,Ny,UNKNOWN
GGLOC-11823,West Covina - Walnut,,Ca,UNKNOWN
GGLOC-11824,Disa Europe Patch Barracks,,Ge,UNKNOWN
GGLOC-11825,Little Ferry,,Nj,UNKNOWN
GGLOC-11826,The Bronx,,,UNKNOWN
GGLOC-11827,Jamul,,Ca,UNKNOWN
GGLOC-11828,Kunia,,Hi,UNKNOWN
GGLOC-11829,Fishkill,,Ny,UNKNOWN
GGLOC-11830,Southern Pines,,Nc,UNKNOWN
GGLOC-11831,Paoli,,Pa,UNKNOWN
GGLOC-11832,Killington,,Vt,UNKNOWN
GGLOC-11833,Statesville,,Nc,UNKNOWN
GGLOC-11834,Rhode - Island,,Us,UNKNOWN
GGLOC-11835,Middletown,,De,UNKNOWN
GGLOC-11836,Halethorpe,,Md,UNKNOWN
GGLOC-11837,Osan Air Base,,South Korea,UNKNOWN
GGLOC-11838,Berlin,,Ct,UNKNOWN
GGLOC-11839,Jefferson,,Or,UNKNOWN
GGLOC-11840,Rochester,,In,UNKNOWN
GGLOC-11841,Southeastern,,Pa,UNKNOWN
GGLOC-11842,Mar Lin,,Pa,UNKNOWN
GGLOC-11843,Euless,,Tx,UNKNOWN
GGLOC-11844,Woodbridge,,On,UNKNOWN
GGLOC-11845,Several Cities In Usa,,,UNKNOWN
GGLOC-11846,Kannapolis,,Nc,UNKNOWN
GGLOC-11847,Bound Brook,,Nj,UNKNOWN
GGLOC-11848,Yellow Roadway Corporation,,,UNKNOWN
GGLOC-11849,Woodinville,,Wa,UNKNOWN
GGLOC-11850,International Security Assistance Force And The Isaf Joint Command,,,UNKNOWN
GGLOC-11851,O'Neill,,Ne,UNKNOWN
GGLOC-11852,Jax,,Fl,UNKNOWN
GGLOC-11853,Glen Cove,,Ny,UNKNOWN
GGLOC-11854,Qingdao,,Cn,UNKNOWN
GGLOC-11855,T?Inec,,,UNKNOWN
GGLOC-11856,Doj Facilities In The Washington,,Dc Metropolitan Area,UNKNOWN
GGLOC-11857,Wilsonville,,,UNKNOWN
GGLOC-11858,Community Medical Center - (Cmc),,St. Barnabas Behavioral Health - (Sbbh); Southern Nj,UNKNOWN
GGLOC-11859,Fort Carson,,Ks,UNKNOWN
GGLOC-11860,As400 And Tivoli Frb Data Center; Unix/Linux Environment,,,UNKNOWN
GGLOC-11861,Visakphapatnam,,India,UNKNOWN
GGLOC-11862,Navarre,,Fl,UNKNOWN
GGLOC-11863,St. Thomas University,,,UNKNOWN
GGLOC-11864,Basel,,Ch,UNKNOWN
GGLOC-11865,Gordon,,Tx,UNKNOWN
GGLOC-11866,Landisville,,Pa,UNKNOWN
GGLOC-11867,Lake Bluff,,Il,UNKNOWN
GGLOC-11868,Florhan Edison,,Nj,UNKNOWN
GGLOC-11869,India/Usa,,,UNKNOWN
GGLOC-11870,Philadhelphia,,,UNKNOWN
GGLOC-11871,Cheektowaga,,Ny,UNKNOWN
GGLOC-11872,Martinique,,West Indies,UNKNOWN
GGLOC-11873,Northwestern University,,,UNKNOWN
GGLOC-11874,Anzoátegui,,,UNKNOWN
GGLOC-11875,Reynoldsburg,,Oh,UNKNOWN
GGLOC-11876,Lower Burrell,,Pa,UNKNOWN
GGLOC-11877,Lake Stevens,,Wa,UNKNOWN
GGLOC-11878,Tyson Corner,,Va,UNKNOWN
GGLOC-11879,Amherst,,Nh,UNKNOWN
GGLOC-11880,Red Bank,,Nj,UNKNOWN
GGLOC-11881,Greenwood,,Ar,UNKNOWN
GGLOC-11882,Https://Twitter.Com/Poiesisbot,,,UNKNOWN
GGLOC-11883,The Office Of The Comptroller Of The Currency (Occ),,,UNKNOWN
GGLOC-11884,Nanded,,Maharashtra,UNKNOWN
GGLOC-11885,Omagh,,County Tyrone,UNKNOWN
GGLOC-11886,Stuttgart,,,UNKNOWN
GGLOC-11887,Wilmington,,Ma,UNKNOWN
GGLOC-11888,Gabon,,Africa,UNKNOWN
GGLOC-11889,Battle Ground,,Wa,UNKNOWN
GGLOC-11890,Elk Ridge,,Ut,UNKNOWN
GGLOC-11891,Norwood,,Nj,UNKNOWN
GGLOC-11892,Brewyn Heights,,Md,UNKNOWN
GGLOC-11893,Jackson Heights,,Ny,UNKNOWN
GGLOC-11894,Shadyside,,Pa,UNKNOWN
GGLOC-11895,Norco,,La,UNKNOWN
GGLOC-11896,Scott Township,,Pa,UNKNOWN
GGLOC-11897,Citibank Tower 8741 Paseo De Roxas,,Makati City,UNKNOWN
GGLOC-11898,Waynesboro,,Pa,UNKNOWN
GGLOC-11899,Woodlawn,,Md,UNKNOWN
GGLOC-11900,Karur,,Tamil Nadu,UNKNOWN
GGLOC-11901,Kurtistown,,Hi,UNKNOWN
GGLOC-11902,Kings Bay,,Ga,UNKNOWN
GGLOC-11903,Menlo Park,,Ca,UNKNOWN
GGLOC-11904,Hasbrouck Heights,,Nj,UNKNOWN
GGLOC-11905,Azores,,,UNKNOWN
GGLOC-11906,Cheswick,,Pa,UNKNOWN
GGLOC-11907,S. Korea,,,UNKNOWN
GGLOC-11908,Patuxent River,,Md,UNKNOWN
GGLOC-11909,Apache Junction,,Az,UNKNOWN
GGLOC-11910,Salinas,,Ca,UNKNOWN
GGLOC-11911,Bixby,,Ok,UNKNOWN
GGLOC-11912,Tennessee,,Il,UNKNOWN
GGLOC-11913,New Smyrna Beach,,Fl,UNKNOWN
GGLOC-11914,Project Name: Marketing - It,,,UNKNOWN
GGLOC-11915,Asheville,,Nc 28801 (Closed),UNKNOWN
GGLOC-11916,Elkhart,,In,UNKNOWN
GGLOC-11917,Insurgentes Sur,,Ciudad De Mexico,UNKNOWN
GGLOC-11918,Fort Lewis,,Germany,UNKNOWN
GGLOC-11919,Oceana,,Va,UNKNOWN
GGLOC-11920,Hasting,,Mi,UNKNOWN
GGLOC-11921,Maspeth,,Ny,UNKNOWN
GGLOC-11922,Frankfurt,,De,UNKNOWN
GGLOC-11923,Alconbury,,,UNKNOWN
GGLOC-11924,Cm,,,UNKNOWN
GGLOC-11925,Rancho Cordova - Sacramento,,Ca,UNKNOWN
GGLOC-11926,Alpharetta,,Il,UNKNOWN
GGLOC-11927,Camp Anaconda - Iq,,,UNKNOWN
GGLOC-11928,Mccormick,,Sc,UNKNOWN
GGLOC-11929,Enugu,,Ng,UNKNOWN
GGLOC-11930,Harmon Village,,Gu,UNKNOWN
GGLOC-11931,Petersburg,,In,UNKNOWN
GGLOC-11932,Nutley,,Nj,UNKNOWN
GGLOC-11933,Morgan Hill,,Ca,UNKNOWN
GGLOC-11934,Ge Healthcare,,,UNKNOWN
GGLOC-11935,Bentonville,,Arkansas,UNKNOWN
GGLOC-11936,Logan,,Oh,UNKNOWN
GGLOC-11937,Fort Washington,,Pa,UNKNOWN
GGLOC-11938,Winfield,,Il,UNKNOWN
GGLOC-11939,Enka,,North,UNKNOWN
GGLOC-11940,Columbus,,Nj,UNKNOWN
GGLOC-11941,Kalaeloa,,,UNKNOWN
GGLOC-11942,Antioch,,Tn,UNKNOWN
GGLOC-11943,Tehran Province,,Ir,UNKNOWN
GGLOC-11944,Uss Hopper Ddg70,,,UNKNOWN
GGLOC-11945,Gray Court,,Sc,UNKNOWN
GGLOC-11946,Hershey,,Pa,UNKNOWN
GGLOC-11947,Miami,,Colombia,UNKNOWN
GGLOC-11948,Monona,,Wi,UNKNOWN
GGLOC-11949,University Of Parakou,,,UNKNOWN
GGLOC-11950,Bearvercreek,,Oh,UNKNOWN
GGLOC-11951,Westfield Center,,Oh,UNKNOWN
GGLOC-11952,Houston,,Tx (Texas Medical Center),UNKNOWN
GGLOC-11953,Perry Hall,,Md,UNKNOWN
GGLOC-11954,Department Of Homeland Security - Public Trust,,,UNKNOWN
GGLOC-11955,Grand Prairie,,Tx,UNKNOWN
GGLOC-11956,Portage,,Wi,UNKNOWN
GGLOC-11957,Northbrook,,United Kingdom And South Africa,UNKNOWN
GGLOC-11958,West Warwick,,Ri,UNKNOWN
GGLOC-11959,South East,,Mi,UNKNOWN
GGLOC-11960,Yankton,,Sd,UNKNOWN
GGLOC-11961,Decatur,,Tx,UNKNOWN
GGLOC-11962,Pacific Northwest,,,UNKNOWN
GGLOC-11963,Floyds Knobs,,In,UNKNOWN
GGLOC-11964,Http://Sp.Ptdf.Qov.Nq,,,UNKNOWN
GGLOC-11965,Acton,,Ma,UNKNOWN
GGLOC-11966,Park Ridge,,Nj,UNKNOWN
GGLOC-11967,Township Of Woodbridge,,Nj,UNKNOWN
GGLOC-11968,Jammu And Kashmir,,,UNKNOWN
GGLOC-11969,Torre And Lazur,,,UNKNOWN
GGLOC-11970,F-35 Lightning Ii Program,,,UNKNOWN
GGLOC-11971,Elko,,Nv,UNKNOWN
GGLOC-11972,Apt,,Ar,UNKNOWN
GGLOC-11973,Pittsburgh,,Us,UNKNOWN
GGLOC-11974,Vestal,,Ny,UNKNOWN
GGLOC-11975,Huntington,,In,UNKNOWN
GGLOC-11976,Medellín,,,UNKNOWN
GGLOC-11977,Mercer County,,,UNKNOWN
GGLOC-11978,Wildomar,,Ca,UNKNOWN
GGLOC-11979,Mayfield Hts,,Oh,UNKNOWN
GGLOC-11980,E Rutherford,,Nj,UNKNOWN
GGLOC-11981,Rowland Heights,,Ca,UNKNOWN
GGLOC-11982,Jersey City-Nj,,,UNKNOWN
GGLOC-11983,Merrillville,,In,UNKNOWN
GGLOC-11984,Newyork,,Ny,UNKNOWN
GGLOC-11985,Los,,,UNKNOWN
GGLOC-11986,Nyc,,Us,UNKNOWN
GGLOC-11987,Commack,,Ny,UNKNOWN
GGLOC-11988,Naperville - Chicago,,Il,UNKNOWN
GGLOC-11989,Greater New Jersey Area,,,UNKNOWN
GGLOC-11990,Tuolumne,,Ca,UNKNOWN
GGLOC-11991,San Ramon,,Ca,UNKNOWN
GGLOC-11992,Mexico City,,Mx,UNKNOWN
GGLOC-11993,Kennedy,,Al,UNKNOWN
GGLOC-11994,Singapore / India,,,UNKNOWN
GGLOC-11995,Moraine,,Oh,UNKNOWN
GGLOC-11996,Boothwyn,,Pa,UNKNOWN
GGLOC-11997,Milan,,Tn,UNKNOWN
GGLOC-11998,Oviedo,,,UNKNOWN
GGLOC-11999,Portland General Electric,,,UNKNOWN
GGLOC-12000,Andover,,Oh,UNKNOWN
GGLOC-12001,Grocers Supply,,,UNKNOWN
GGLOC-12002,Liberty Hill,,Tx,UNKNOWN
GGLOC-12003,Castle Rock,,Co,UNKNOWN
GGLOC-12004,Sabana Seca,,Pr,UNKNOWN
GGLOC-12005,Mooresville,,Nc,UNKNOWN
GGLOC-12006,Uk,,China,UNKNOWN
GGLOC-12007,Blawnox,,Pa,UNKNOWN
GGLOC-12008,Western And Northern Europe,,,UNKNOWN
GGLOC-12009,West Salem,,Wi,UNKNOWN
GGLOC-12010,July 2002 To October 2006,,,UNKNOWN
GGLOC-12011,Tyndall Afb,,Fl,UNKNOWN
GGLOC-12012,Bowie,,Va,UNKNOWN
GGLOC-12013,Calumet,,Il,UNKNOWN
GGLOC-12014,Fair Oaks,,Va,UNKNOWN
GGLOC-12015,University Of Alabama Huntsville,,,UNKNOWN
GGLOC-12016,Baton,,,UNKNOWN
GGLOC-12017,Penza,,Ru,UNKNOWN
GGLOC-12018,Berlin,,Md,UNKNOWN
GGLOC-12019,Sandiego - Ca,,,UNKNOWN
GGLOC-12020,Morton,,Il,UNKNOWN
GGLOC-12021,Kabul,,Army Corp. Of Engineers,UNKNOWN
GGLOC-12022,Richmond Heights,,Oh,UNKNOWN
GGLOC-12023,Basin Ridge,,Co,UNKNOWN
GGLOC-12024,Or,,,UNKNOWN
GGLOC-12025,Royal Palm Beach,,Fl,UNKNOWN
GGLOC-12026,Department Of Biomedical Informatics; University Of Pittsburgh,,,UNKNOWN
GGLOC-12027,Whiteman Afb,,Mo,UNKNOWN
GGLOC-12028,Roseville,,Mi,UNKNOWN
GGLOC-12029,Sparks,,Nv,UNKNOWN
GGLOC-12030,Atkins,,Va,UNKNOWN
GGLOC-12031,Totowa,,Nj,UNKNOWN
GGLOC-12032,Versailles,,Ky,UNKNOWN
GGLOC-12033,Nsw - Au,,,UNKNOWN
GGLOC-12034,Townsend,,Ma,UNKNOWN
GGLOC-12035,Gorham,,Nh,UNKNOWN
GGLOC-12036,Justin,,Tx,UNKNOWN
GGLOC-12037,Holbrook,,Ma,UNKNOWN
GGLOC-12038,Mclean City,,Virginia,UNKNOWN
GGLOC-12039,Federal Emergency Management Agency (Fema),,,UNKNOWN
GGLOC-12040,Pataskala,,Us,UNKNOWN
GGLOC-12041,Wheatland,,In,UNKNOWN
GGLOC-12042,S El Monte,,Ca,UNKNOWN
GGLOC-12043,Bonner Springs,,Ks,UNKNOWN
GGLOC-12044,North America,,Ny,UNKNOWN
GGLOC-12045,New Hartford,,Ny,UNKNOWN
GGLOC-12046,Waldkraiburg,,,UNKNOWN
GGLOC-12047,Berlin,,,UNKNOWN
GGLOC-12048,Homewood,,Il,UNKNOWN
GGLOC-12049,Md/Va/Nj,,,UNKNOWN
GGLOC-12050,Quitman,,Ga,UNKNOWN
GGLOC-12051,Batavia,,Il,UNKNOWN
GGLOC-12052,Lima,,,UNKNOWN
GGLOC-12053,Baltimore - Boston,,Ma,UNKNOWN
GGLOC-12054,Montreal,,Qc,UNKNOWN
GGLOC-12055,Puerto Plata,,Dr,UNKNOWN
GGLOC-12056,Oakwood Village,,Oh,UNKNOWN
GGLOC-12057,Exeter,,Mo,UNKNOWN
GGLOC-12058,Collingswood,,Nj,UNKNOWN
GGLOC-12059,Castaic,,Ca,UNKNOWN
GGLOC-12060,Coldwater,,Mi,UNKNOWN
GGLOC-12061,Atlanta,,Fl,UNKNOWN
GGLOC-12062,City Of San Diego,,Usa,UNKNOWN
GGLOC-12063,Coatesville,,Pa,UNKNOWN
GGLOC-12064,Bergstrom Afb,,Tx,UNKNOWN
GGLOC-12065,Glendale Heights,,Il,UNKNOWN
GGLOC-12066,Kailua,,Hi,UNKNOWN
GGLOC-12067,Gibbsboro,,Nj,UNKNOWN
GGLOC-12068,Littleton,,Usa,UNKNOWN
GGLOC-12069,Springfield,,Ga,UNKNOWN
GGLOC-12070,Onamia,,Mn,UNKNOWN
GGLOC-12071,Irvine Ca,,,UNKNOWN
GGLOC-12072,Depew,,Ny,UNKNOWN
GGLOC-12073,Ashland,,Ky,UNKNOWN
GGLOC-12074,Carmel,,In,UNKNOWN
GGLOC-12075,Saint Gély Du Fesc,,Fr,UNKNOWN
GGLOC-12076,Fob Fenty,,Afghanistan,UNKNOWN
GGLOC-12077,Andover,,Ca,UNKNOWN
GGLOC-12078,Fort Hood,,South Korea,UNKNOWN
GGLOC-12079,Atlanta And Detroit Metro Areas,,,UNKNOWN
GGLOC-12080,Marshall,,Mn,UNKNOWN
GGLOC-12081,Langley Afb,,Va,UNKNOWN
GGLOC-12082,Sun Rise,,Fl,UNKNOWN
GGLOC-12083,Ruwi - Om,,,UNKNOWN
GGLOC-12084,El Toro,,Ca,UNKNOWN
GGLOC-12085,Shoreview,,Mn,UNKNOWN
GGLOC-12086,Saldanha Bay,,Western Cape,UNKNOWN
GGLOC-12087,Ramstein Ab,,,UNKNOWN
GGLOC-12088,Netherlands,,,UNKNOWN
GGLOC-12089,Miamisburg,,Ohio,UNKNOWN
GGLOC-12090,Morris,,Nj,UNKNOWN
GGLOC-12091,U.S. Air Force Deployed,,,UNKNOWN
GGLOC-12092,Grapevine,,Tx,UNKNOWN
GGLOC-12093,Glasgow,,U.K.,UNKNOWN
GGLOC-12094,Franklin,,Nj,UNKNOWN
GGLOC-12095,Downtown - Minneapolis,,Mn,UNKNOWN
GGLOC-12096,Kingston,,Jm,UNKNOWN
GGLOC-12097,Chandler,,Az 85286,UNKNOWN
GGLOC-12098,Havre De Grace,,Md,UNKNOWN
GGLOC-12099,Covington,,Ky,UNKNOWN
GGLOC-12100,Sandwich,,,UNKNOWN
GGLOC-12101,Lebanon,,Pa,UNKNOWN
GGLOC-12102,Sussex,,Wi,UNKNOWN
GGLOC-12103,Eastlake,,Oh,UNKNOWN
GGLOC-12104,Sofia,,Nm,UNKNOWN
GGLOC-12105,Lexington,,Ma,UNKNOWN
GGLOC-12106,Insurgentes Sur,,,UNKNOWN
GGLOC-12107,Bucheon,,,UNKNOWN
GGLOC-12108,Ghana,,Va,UNKNOWN
GGLOC-12109,Pearl River,,Ms,UNKNOWN
GGLOC-12110,Midfield,,Al,UNKNOWN
GGLOC-12111,Andhra Pradesh - In,,,UNKNOWN
GGLOC-12112,Lincoln Park,,Mi,UNKNOWN
GGLOC-12113,Dixon,,Il,UNKNOWN
GGLOC-12114,Alma,,Mi,UNKNOWN
GGLOC-12115,Aventura,,Fl,UNKNOWN
GGLOC-12116,Tarnaka,,Telangana,UNKNOWN
GGLOC-12117,Parsipanny,,Nj,UNKNOWN
GGLOC-12118,Yaphank,,Ny,UNKNOWN
GGLOC-12119,Orla,,Tx,UNKNOWN
GGLOC-12120,Baltimore,,Us,UNKNOWN
GGLOC-12121,Bethpage,,Us,UNKNOWN
GGLOC-12122,Government,,Us,UNKNOWN
GGLOC-12123,Dm,,,UNKNOWN
GGLOC-12124,Upper Brookville,,Ny,UNKNOWN
GGLOC-12125,Chadds Ford,,Pa,UNKNOWN
GGLOC-12126,Ponte Vedra Beach,,Fl,UNKNOWN
GGLOC-12127,Plainview,,Ny,UNKNOWN
GGLOC-12128,Haysville,,Pa,UNKNOWN
GGLOC-12129,Fort George G Meade,,Md,UNKNOWN
GGLOC-12130,Nagaland,,,UNKNOWN
GGLOC-12131,Saint Louis,,Mi,UNKNOWN
GGLOC-12132,Tysons,,U.S,UNKNOWN
GGLOC-12133,Southport,,Ct,UNKNOWN
GGLOC-12134,Jasper,,Tx,UNKNOWN
GGLOC-12135,Ga,,Marietta,UNKNOWN
GGLOC-12136,Bingham Farms,,Mi,UNKNOWN
GGLOC-12137,Pine Beach,,Nj,UNKNOWN
GGLOC-12138,Assistant Secretary Of The Army Financial Manager And Comptroller,,,UNKNOWN
GGLOC-12139,King Of Prussia,,,UNKNOWN
GGLOC-12140,Melissa,,Tx,UNKNOWN
GGLOC-12141,Trumbull,,Ct,UNKNOWN
GGLOC-12142,Shaw Afb,,Sc,UNKNOWN
GGLOC-12143,Boldhoka,,Nepal,UNKNOWN
GGLOC-12144,Cherry Point,,Nc,UNKNOWN
GGLOC-12145,Wuhan,,China,UNKNOWN
GGLOC-12146,Sebring,,Fl,UNKNOWN
GGLOC-12147,Robstown,,Tx,UNKNOWN
GGLOC-12148,Rockaway,,Ny,UNKNOWN
GGLOC-12149,Teksystems,,,UNKNOWN
GGLOC-12150,Dresher,,Pa,UNKNOWN
GGLOC-12151,Baraboo,,Wi,UNKNOWN
GGLOC-12152,Placentia,,Ca,UNKNOWN
GGLOC-12153,Wright Patterson Afb,,Hill Afb,UNKNOWN
GGLOC-12154,Various Walmart Location In Pa,,,UNKNOWN
GGLOC-12155,Gordonsville,,Va,UNKNOWN
GGLOC-12156,Sylhet,,Bd,UNKNOWN
GGLOC-12157,Greenfield,,In,UNKNOWN
GGLOC-12158,Bentonville Ks,,,UNKNOWN
GGLOC-12159,Kansas,,Mo,UNKNOWN
GGLOC-12160,Grandview,,Oh,UNKNOWN
GGLOC-12161,West Conshohocken,,Pa,UNKNOWN
GGLOC-12162,New Brockton,,Al,UNKNOWN
GGLOC-12163,Allen Park,,Mi,UNKNOWN
GGLOC-12164,Billerica,,Us (Onsite),UNKNOWN
GGLOC-12165,Crawfordville,,Fl,UNKNOWN
GGLOC-12166,St. Louis Park,,Mn,UNKNOWN
GGLOC-12167,Plot 16 Wokogoloma Street  Opposite St,,John Compus Aba Road,UNKNOWN
GGLOC-12168,Bergen County Nj,,,UNKNOWN
GGLOC-12169,Marshall,,Il,UNKNOWN
GGLOC-12170,Bluefield,,Va,UNKNOWN
GGLOC-12171,Isco,,Mx,UNKNOWN
GGLOC-12172,Ham Lake,,Mn,UNKNOWN
GGLOC-12173,Cottage Grove,,Mn,UNKNOWN
GGLOC-12174,Usa,,Tx,UNKNOWN
GGLOC-12175,Durham,,Us,UNKNOWN
GGLOC-12176,Jericho,,Ny,UNKNOWN
GGLOC-12177,Milton,,Vt,UNKNOWN
GGLOC-12178,Blue Point,,Ny,UNKNOWN
GGLOC-12179,Catholic Health Initiatives - Security Engineering Department,,,UNKNOWN
GGLOC-12180,Austin,,Texas,UNKNOWN
GGLOC-12181,Telangana,,India,UNKNOWN
GGLOC-12182,Greater Philadelphia Area,,,UNKNOWN
GGLOC-12183,Compucom Systems,,Inc,UNKNOWN
GGLOC-12184,Consulting,,,UNKNOWN
GGLOC-12185,Westlake Village,,Ca,UNKNOWN
GGLOC-12186,Conshohocken,,Pa,UNKNOWN
GGLOC-12187,Warrendale,,Us,UNKNOWN
GGLOC-12188,Bridgetown,,,UNKNOWN
GGLOC-12189,Waverly,,Ia,UNKNOWN
GGLOC-12190,Wells Fargo Data Center,,,UNKNOWN
GGLOC-12191,Winston - Salem,,Nc,UNKNOWN
GGLOC-12192,Fuquay-Varina,,Nc,UNKNOWN
GGLOC-12193,Creech Afb,,Nv,UNKNOWN
GGLOC-12194,Walla Walla,,Or Wa,UNKNOWN
GGLOC-12195,Holbrook,,Ny,UNKNOWN
GGLOC-12196,Champlin,,Mn,UNKNOWN
GGLOC-12197,Vicksburg,,Mi,UNKNOWN
GGLOC-12198,Healthcare: Revenue Cycle Management Solution,,,UNKNOWN
GGLOC-12199,Tulsa,,Ok 74103,UNKNOWN
GGLOC-12200,Brentwood,,Md,UNKNOWN
GGLOC-12201,Penn Hills,,Pa,UNKNOWN
GGLOC-12202,Remotely,,,UNKNOWN
GGLOC-12203,Lathrop,,Ca,UNKNOWN
GGLOC-12204,Kew Garderns,,Ny,UNKNOWN
GGLOC-12205,Glens Falls,,Ny,UNKNOWN
GGLOC-12206,Montrose,,Ca,UNKNOWN
GGLOC-12207,Huntington Station,,Ny,UNKNOWN
GGLOC-12208,In Conjunction With The (Dod/Dha) Information System Security Manager (Issm) And Information System Security Officer (Isso),,,UNKNOWN
GGLOC-12209,Seneca,,Sc,UNKNOWN
GGLOC-12210,South Attleboro,,Ma,UNKNOWN
GGLOC-12211,East Windsor,,Nj,UNKNOWN
GGLOC-12212,Woonsocket,,Us,UNKNOWN
GGLOC-12213,Letterkenny,,County Donegal,UNKNOWN
GGLOC-12214,St. Mary'S,,Ohio,UNKNOWN
GGLOC-12215,Portland,,Tx,UNKNOWN
GGLOC-12216,Rocky Point,,Ny,UNKNOWN
GGLOC-12217,Plymouth Meeting,,Us,UNKNOWN
GGLOC-12218,Yokota Ab,,,UNKNOWN
GGLOC-12219,Clinton,,Md,UNKNOWN
GGLOC-12220,Derry,,Nh (Remote With Meetings),UNKNOWN
GGLOC-12221,Germantown,,Md 20874,UNKNOWN
GGLOC-12222,Il,,Il,UNKNOWN
GGLOC-12223,Tarpon Springs,,Fl,UNKNOWN
GGLOC-12224,Aa,,Ethiopia,UNKNOWN
GGLOC-12225,Sheffield,,Ma,UNKNOWN
GGLOC-12226,Horsham,,Us,UNKNOWN
GGLOC-12227,Lawndale,,Ca,UNKNOWN
GGLOC-12228,Raliegh,,Nc,UNKNOWN
GGLOC-12229,Camp Leatherneck,,,UNKNOWN
GGLOC-12230,Connecticut River State Wildlife Area,,Ct,UNKNOWN
GGLOC-12231,2017,,,UNKNOWN
GGLOC-12232,Lodi,,Ks,UNKNOWN
GGLOC-12233,Girard,,Pa,UNKNOWN
GGLOC-12234,Lakewood,,Us,UNKNOWN
GGLOC-12235,Hunter Army Airfield,,Ga,UNKNOWN
GGLOC-12236,Canoga Park,,Ca,UNKNOWN
GGLOC-12237,Pahrump,,Nv,UNKNOWN
GGLOC-12238,Bangkok,,Thailand,UNKNOWN
GGLOC-12239,Schriever Afb,,Co,UNKNOWN
GGLOC-12240,Overland Park - Lawrence,,Ks,UNKNOWN
GGLOC-12241,Old Company Name (Nasser Bin Abdullatif Contracting Co.) New Company Name ( Kaveri General Contracting Co.),,,UNKNOWN
GGLOC-12242,Rice Lake,,Wi,UNKNOWN
GGLOC-12243,Kaneohe Bay,,Hi,UNKNOWN
GGLOC-12244,Forrest City,,Ar,UNKNOWN
GGLOC-12245,Statewide,,,UNKNOWN
GGLOC-12246,Mount Tremper,,Ny,UNKNOWN
GGLOC-12247,Atascadero,,Ca,UNKNOWN
GGLOC-12248,Wellington Central,,Wellington,UNKNOWN
GGLOC-12249,Township Of Deptford,,Nj,UNKNOWN
GGLOC-12250,Cornwallville,,Ny,UNKNOWN
GGLOC-12251,Camden,,Ar,UNKNOWN
GGLOC-12252,Us Patent And Trademark Office,,,UNKNOWN
GGLOC-12253,Versailles,,In,UNKNOWN
GGLOC-12254,Canton,,Md,UNKNOWN
GGLOC-12255,Wayzata,,Mn,UNKNOWN
GGLOC-12256,Mayfield Heights,,Oh,UNKNOWN
GGLOC-12257,Enterprise,,Or,UNKNOWN
GGLOC-12258,Mae,,Wa,UNKNOWN
GGLOC-12259,Westlake,,Oh,UNKNOWN
GGLOC-12260,Stuart,,Ok,UNKNOWN
GGLOC-12261,Oakland - Los Angeles,,Ca,UNKNOWN
GGLOC-12262,Cheraw,,Sc,UNKNOWN
GGLOC-12263,Cleveland Heights,,Oh,UNKNOWN
GGLOC-12264,Wake Forest,,Nc,UNKNOWN
GGLOC-12265,Addis Ababa,,Eth,UNKNOWN
GGLOC-12266,Laguna,,Philippines,UNKNOWN
GGLOC-12267,Fremont,,,UNKNOWN
GGLOC-12268,Fairview,,Nj,UNKNOWN
GGLOC-12269,Guilford,,Ct,UNKNOWN
GGLOC-12270,Atco,,Nj,UNKNOWN
GGLOC-12271,Cary,,Us,UNKNOWN
GGLOC-12272,Mayfield Village,,Oh,UNKNOWN
GGLOC-12273,Mesa,,Ca,UNKNOWN
GGLOC-12274,Bogotá,,,UNKNOWN
GGLOC-12275,Nashua,,Nh (Remote),UNKNOWN
GGLOC-12276,Greenback,,Tn,UNKNOWN
GGLOC-12277,Inwood,,Ny,UNKNOWN
GGLOC-12278,Joint Service Provider (Jsp) - Us Army/Dod,,,UNKNOWN
GGLOC-12279,Benkelman,,Ne,UNKNOWN
GGLOC-12280,Wpafb,,Oh,UNKNOWN
GGLOC-12281,Great Falls,,Mt,UNKNOWN
GGLOC-12282,Raleigh,,Nc (Operation Iraqi Freedom: 2009 - 2010),UNKNOWN
GGLOC-12283,Imperial,,Mo,UNKNOWN
GGLOC-12284,Milbrae,,Ca,UNKNOWN
GGLOC-12285,Clearwater,,Us,UNKNOWN
GGLOC-12286,Watertown,,Ny,UNKNOWN
GGLOC-12287,Windsor Heights,,Ia,UNKNOWN
GGLOC-12288,Pooler,,Ga,UNKNOWN
GGLOC-12289,Thomson,,Ga,UNKNOWN
GGLOC-12290,Merchantville,,Nj,UNKNOWN
GGLOC-12291,Orange City,,Fl,UNKNOWN
GGLOC-12292,Colchester,,Vt,UNKNOWN
GGLOC-12293,Newbury Park,,Ca,UNKNOWN
GGLOC-12294,Lyons,,Or,UNKNOWN
GGLOC-12295,The Hague,,Nl,UNKNOWN
GGLOC-12296,Smithville,,Mo,UNKNOWN
GGLOC-12297,Avon,,In,UNKNOWN
GGLOC-12298,Tirane - Al,,,UNKNOWN
GGLOC-12299,Dimondal,,,UNKNOWN
GGLOC-12300,Mansa Area,,India,UNKNOWN
GGLOC-12301,San-Jose,,California,UNKNOWN
GGLOC-12302,Hurdle Mills,,Nc,UNKNOWN
GGLOC-12303,Plainfield,,In,UNKNOWN
GGLOC-12304,North Plainfield,,Nj,UNKNOWN
GGLOC-12305,Wausau,,Wi,UNKNOWN
GGLOC-12306,Oak Park,,Mi,UNKNOWN
GGLOC-12307,Colmar,,Pa,UNKNOWN
GGLOC-12308,Apollo Beach,,Fl,UNKNOWN
GGLOC-12309,Blairstown,,Ia,UNKNOWN
GGLOC-12310,Madison,,Wv,UNKNOWN
GGLOC-12311,Hanover,,Va,UNKNOWN
GGLOC-12312,Petal,,Ms,UNKNOWN
GGLOC-12313,Sachse,,Tx,UNKNOWN
GGLOC-12314,North Versailles,,Pa,UNKNOWN
GGLOC-12315,Twinsburg,,Oh,UNKNOWN
GGLOC-12316,Jackson Memphis,,Tn,UNKNOWN
GGLOC-12317,New Geneva,,Pa,UNKNOWN
GGLOC-12318,July 2008 To May 2011,,,UNKNOWN
GGLOC-12319,Kingsport,,Tn,UNKNOWN
GGLOC-12320,Prishtina,,,UNKNOWN
GGLOC-12321,Callao,,Callao,UNKNOWN
GGLOC-12322,Kingston,,Jamaica,UNKNOWN
GGLOC-12323,Psd,,,UNKNOWN
GGLOC-12324,Tiverton,,Ri,UNKNOWN
GGLOC-12325,Odenton,,Md,UNKNOWN
GGLOC-12326,Creve Coeur,,Missouri,UNKNOWN
GGLOC-12327,Whitestone,,Ny,UNKNOWN
GGLOC-12328,Dallas,,Huston And Seattle,UNKNOWN
GGLOC-12329,Watertown,,Sd,UNKNOWN
GGLOC-12330,Follansbee,,Wv,UNKNOWN
GGLOC-12331,Uga,,Ga,UNKNOWN
GGLOC-12332,Middleton,,Wi,UNKNOWN
GGLOC-12333,Pumpkinpacer.Org,,,UNKNOWN
GGLOC-12334,Virtual Office/Travel Position,,,UNKNOWN
GGLOC-12335,Salmiya,,Kw,UNKNOWN
GGLOC-12336,Charter Township Of Clinton,,Mi,UNKNOWN
GGLOC-12337,Sioux Falls,,,UNKNOWN
GGLOC-12338,600 Grant Street Suite 53,,,UNKNOWN
GGLOC-12339,Venice Beach,,Ca,UNKNOWN
GGLOC-12340,California,,United States,UNKNOWN
GGLOC-12341,The Office Of The Comptroller Of The Currency (Occ),,Va,UNKNOWN
GGLOC-12342,Gas City,,In,UNKNOWN
GGLOC-12343,Prod,,Dev & Test,UNKNOWN
GGLOC-12344,Cranberry Township,,Pennsylvania,UNKNOWN
GGLOC-12345,Little Creek,,Va,UNKNOWN
GGLOC-12346,Hobbs,,Nm,UNKNOWN
GGLOC-12347,Hutchinson,,Ks,UNKNOWN
GGLOC-12348,Guntersville,,Al,UNKNOWN
GGLOC-12349,Melrose Park,,Il,UNKNOWN
GGLOC-12350,Tm,,,UNKNOWN
GGLOC-12351,Winnsboro,,Sc,UNKNOWN
GGLOC-12352,Tübingen,,,UNKNOWN
GGLOC-12353,New Fairfield,,Ct,UNKNOWN
GGLOC-12354,Atglen,,Pa,UNKNOWN
GGLOC-12355,Newark,,Ca,UNKNOWN
GGLOC-12356,Brockton,,Ma,UNKNOWN
GGLOC-12357,Laconia,,Nh,UNKNOWN
GGLOC-12358,Amersfoort,,,UNKNOWN
GGLOC-12359,Il,,Usa,UNKNOWN
GGLOC-12360,Falmouth,,Maine,UNKNOWN
GGLOC-12361,Titusville,,Fl,UNKNOWN
GGLOC-12362,Haifa,,,UNKNOWN
GGLOC-12363,West Sacramento,,Ca,UNKNOWN
GGLOC-12364,In Support Of The Defense Health Agency (Dha),,,UNKNOWN
GGLOC-12365,Fort Irwin,,Ca,UNKNOWN
GGLOC-12366,Webster,,Ma,UNKNOWN
GGLOC-12367,Columbia,,Maryland,UNKNOWN
GGLOC-12368,Merrfield Virginia,,,UNKNOWN
GGLOC-12369,Dallas,,Us,UNKNOWN
GGLOC-12370,Pennsylvania Wescosville,,Pa,UNKNOWN
GGLOC-12371,Minneaplois,,Mn,UNKNOWN
GGLOC-12372,Prague,,Ok,UNKNOWN
GGLOC-12373,Mn,,Mn,UNKNOWN
GGLOC-12374,Iving,,Tx,UNKNOWN
GGLOC-12375,Munith,,Mi,UNKNOWN
GGLOC-12376,Pompton Plains,,Nj,UNKNOWN
GGLOC-12377,Ministry Of Communications,,Saudi Arabia,UNKNOWN
GGLOC-12378,Washington,,Afghanistan,UNKNOWN
GGLOC-12379,Travel Across Usa,,,UNKNOWN
GGLOC-12380,Stevenson Ranch,,Ca,UNKNOWN
GGLOC-12381,Dod,,,UNKNOWN
GGLOC-12382,Bonn,,Oh,UNKNOWN
GGLOC-12383,Gulf Shores,,Al,UNKNOWN
GGLOC-12384,Ivory Coast,,,UNKNOWN
GGLOC-12385,Alaska,,,UNKNOWN
GGLOC-12386,North Andover,,Ma,UNKNOWN
GGLOC-12387,Monett,,Mo,UNKNOWN
GGLOC-12388,Miami,,Fl 33199,UNKNOWN
GGLOC-12389,Anywhere,,,UNKNOWN
GGLOC-12390,Doswell,,Va,UNKNOWN
GGLOC-12391,Sun Valley,,Ca,UNKNOWN
GGLOC-12392,Andhra Pradesh,,Ind,UNKNOWN
GGLOC-12393,Livermore And Fremont,,Ca,UNKNOWN
GGLOC-12394,West Indies,,,UNKNOWN
GGLOC-12395,Arlington,,Ma,UNKNOWN
GGLOC-12396,Bogota Colombia,,,UNKNOWN
GGLOC-12397,Moyock,,Nc,UNKNOWN
GGLOC-12398,Red Wing,,Mn,UNKNOWN
GGLOC-12399,Nautilus,,Inc,UNKNOWN
GGLOC-12400,Short Hills,,Nj,UNKNOWN
GGLOC-12401,Bardstown,,Ky,UNKNOWN
GGLOC-12402,Sinking Spring,,Pa,UNKNOWN
GGLOC-12403,River,,Us,UNKNOWN
GGLOC-12404,United Kingdom And Panama,,,UNKNOWN
GGLOC-12405,Richmond,,Vt,UNKNOWN
GGLOC-12406,Bridgeton,,Mo,UNKNOWN
GGLOC-12407,Milan,,,UNKNOWN
GGLOC-12408,Branchville,,Nj,UNKNOWN
GGLOC-12409,North Afghanistan,,,UNKNOWN
GGLOC-12410,Elkridge,,Md,UNKNOWN
GGLOC-12411,Newark,,Tx,UNKNOWN
GGLOC-12412,Los Angeles,,Arizona,UNKNOWN
GGLOC-12413,Springfield,,Ohio,UNKNOWN
GGLOC-12414,Fort Huachua,,Az,UNKNOWN
GGLOC-12415,Astoria,,Or,UNKNOWN
GGLOC-12416,Bsnl,,India,UNKNOWN
GGLOC-12417,Cn,,,UNKNOWN
GGLOC-12418,Ladera Ranch,,Ca,UNKNOWN
GGLOC-12419,Amman - Jordan,,,UNKNOWN
GGLOC-12420,Trinity,,Fl,UNKNOWN
GGLOC-12421,Pharr,,Tx,UNKNOWN
GGLOC-12422,Radcliff,,Ky,UNKNOWN
GGLOC-12423,Emmaus,,Pa,UNKNOWN
GGLOC-12424,Le Sueur,,Mn,UNKNOWN
GGLOC-12425,Rochester,,,UNKNOWN
GGLOC-12426,Peddapuram,,Andhra Pradesh,UNKNOWN
GGLOC-12427,Environmental Protection Agency,,,UNKNOWN
GGLOC-12428,Portsmouth,,Ri,UNKNOWN
GGLOC-12429,Princeton And Hopewell,,Nj,UNKNOWN
GGLOC-12430,Mountain View,,Wy,UNKNOWN
GGLOC-12431,Bothell,,Usa,UNKNOWN
GGLOC-12432,Zurich,,,UNKNOWN
GGLOC-12433,Contract With National Assessment Governing Board (Nagb),,,UNKNOWN
GGLOC-12434,Leusden,,,UNKNOWN
GGLOC-12435,Samba,,Jammu And Kashmir,UNKNOWN
GGLOC-12436,Carefree,,Az,UNKNOWN
GGLOC-12437,Belews Creek,,Nc,UNKNOWN
GGLOC-12438,Mysore,,,UNKNOWN
GGLOC-12439,Austin - San Antonio,,Tx,UNKNOWN
GGLOC-12440,Upper Saddle River,,Nj,UNKNOWN
GGLOC-12441,Kolding,,,UNKNOWN
GGLOC-12442,Angeles,,Ca,UNKNOWN
GGLOC-12443,Ofallon,,Us,UNKNOWN
GGLOC-12444,3500 Nw 24Th St Miami Fl,,33142,UNKNOWN
GGLOC-12445,Norwich,,,UNKNOWN
GGLOC-12446,Red River,,Nm,UNKNOWN
GGLOC-12447,189,,Ancient Free & Accepted Masons (Af&Am),UNKNOWN
GGLOC-12448,Esbjerg,,Dk,UNKNOWN
GGLOC-12449,Mountain Lakes,,Nj,UNKNOWN
GGLOC-12450,Mount Laurel,,New Jersey,UNKNOWN
GGLOC-12451,Columbos,,Oh,UNKNOWN
GGLOC-12452,Hollis,,Ny,UNKNOWN
GGLOC-12453,Caracas,,,UNKNOWN
GGLOC-12454,Roosendaal,,Nl,UNKNOWN
GGLOC-12455,West Springfield,,Ma,UNKNOWN
GGLOC-12456,Ohio City,,Oh,UNKNOWN
GGLOC-12457,Nkwanta,,Ghana,UNKNOWN
GGLOC-12458,St. John Fisher College,,,UNKNOWN
GGLOC-12459,Cedar Grove,,Wv,UNKNOWN
GGLOC-12460,Sandston,,Va,UNKNOWN
GGLOC-12461,Gallup,,Nm,UNKNOWN
GGLOC-12462,Alsip,,Il,UNKNOWN
GGLOC-12463,Panama City - Jacksonville,,Fl,UNKNOWN
GGLOC-12464,Mauldin,,Sc,UNKNOWN
GGLOC-12465,Mantua,,Nj,UNKNOWN
GGLOC-12466,Cidra,,Us,UNKNOWN
GGLOC-12467,Mill Creek,,Wa,UNKNOWN
GGLOC-12468,Meadville,,Ms,UNKNOWN
GGLOC-12469,Springboro,,Oh,UNKNOWN
GGLOC-12470,Rio De Janeiro,,Argentina And Ecuador,UNKNOWN
GGLOC-12471,Texas,,Us (Working Remotely),UNKNOWN
GGLOC-12472,Highland,,Ny,UNKNOWN
GGLOC-12473,Yakutsk,,Russia,UNKNOWN
GGLOC-12474,Rushville,,In,UNKNOWN
GGLOC-12475,Kittery,,Me,UNKNOWN
GGLOC-12476,Plattsburgh,,,UNKNOWN
GGLOC-12477,Edenton,,Nc,UNKNOWN
GGLOC-12478,Région De Paris,,France,UNKNOWN
GGLOC-12479,Wheeling,,Il,UNKNOWN
GGLOC-12480,Client: At&T,,,UNKNOWN
GGLOC-12481,Buchanan,,Ny,UNKNOWN
GGLOC-12482,Fulton,,Md,UNKNOWN
GGLOC-12483,La Trobe University,,Australia,UNKNOWN
GGLOC-12484,Postojna,,Slovenia,UNKNOWN
GGLOC-12485,Eagle Mountain,,Ut,UNKNOWN
GGLOC-12486,Eagleville,,Pa,UNKNOWN
GGLOC-12487,Lake Tapps,,Wa,UNKNOWN
GGLOC-12488,Hopkins,,Mn,UNKNOWN
GGLOC-12489,Gandeeville,,Wv,UNKNOWN
GGLOC-12490,Minden,,La,UNKNOWN
GGLOC-12491,Paradise Island,,Bs,UNKNOWN
GGLOC-12492,Auburn,,Me,UNKNOWN
GGLOC-12493,Bellevue,,Usa,UNKNOWN
GGLOC-12494,Mcchord Afb,,Wa,UNKNOWN
GGLOC-12495,Flanders,,Ny,UNKNOWN
GGLOC-12496,Northern California,,,UNKNOWN
GGLOC-12497,Tempa,,Fl,UNKNOWN
GGLOC-12498,Lagrange,,In,UNKNOWN
GGLOC-12499,Escondido,,,UNKNOWN
GGLOC-12500,Blackhawk,,Ca,UNKNOWN
GGLOC-12501,Boston,,Ma 02110,UNKNOWN
GGLOC-12502,Grafton,,Wi,UNKNOWN
GGLOC-12503,Pentagon - Washington,,Dc,UNKNOWN
GGLOC-12504,Fall Church,,Va,UNKNOWN
GGLOC-12505,Cheboygan,,Mi,UNKNOWN
GGLOC-12506,Delta Resources Inc - Washington Navy Yard,,Dc,UNKNOWN
GGLOC-12507,Westwood,,Ma,UNKNOWN
GGLOC-12508,Atlantic City,,Nj,UNKNOWN
GGLOC-12509,Jalandhar,,,UNKNOWN
GGLOC-12510,San Diego,,Us,UNKNOWN
GGLOC-12511,Amgen,,,UNKNOWN
GGLOC-12512,Locust Grove,,Ga,UNKNOWN
GGLOC-12513,Dennis Port,,Ma,UNKNOWN
GGLOC-12514,Bridgeport - Morgantown,,Wv,UNKNOWN
GGLOC-12515,Xenia,,Oh,UNKNOWN
GGLOC-12516,Alanta,,Ga,UNKNOWN
GGLOC-12517,Jakarta,,Id,UNKNOWN
GGLOC-12518,Hiawassee,,Ga,UNKNOWN
GGLOC-12519,Brookhaven,,Ga,UNKNOWN
GGLOC-12520,O'Fallon,,Mo,UNKNOWN
GGLOC-12521,Hyderbad,,India,UNKNOWN
GGLOC-12522,Indian Hills,,Co,UNKNOWN
GGLOC-12523,Markham,,On,UNKNOWN
GGLOC-12524,Dallas,,Uae,UNKNOWN
GGLOC-12525,Cotter,,Ar,UNKNOWN
GGLOC-12526,Ct,,,UNKNOWN
GGLOC-12527,Raynham,,Ma,UNKNOWN
GGLOC-12528,Millville,,De,UNKNOWN
GGLOC-12529,Santa Ynez,,Ca,UNKNOWN
GGLOC-12530,Prod,,Test & Dev,UNKNOWN
GGLOC-12531,Oakbridge Terrace,,Il,UNKNOWN
GGLOC-12532,Mohali,,Punjab,UNKNOWN
GGLOC-12533,Harvard University,,,UNKNOWN
GGLOC-12534,Florence,,Nj,UNKNOWN
GGLOC-12535,Bandon,,Or,UNKNOWN
GGLOC-12536,Colton,,Ca,UNKNOWN
GGLOC-12537,West Virginia - May,,Wv,UNKNOWN
GGLOC-12538,Hickam Afb,,Hi,UNKNOWN
GGLOC-12539,Smyrna,,Tn,UNKNOWN
GGLOC-12540,Fort Richardson,,Ak,UNKNOWN
GGLOC-12541,Tehachapi,,Ca,UNKNOWN
GGLOC-12542,Indian Trail,,Nc,UNKNOWN
GGLOC-12543,Itasca,,Il,UNKNOWN
GGLOC-12544,Muscatine,,Ia,UNKNOWN
GGLOC-12545,Tumwater,,Wa,UNKNOWN
GGLOC-12546,Township Of Warren,,Usa,UNKNOWN
GGLOC-12547,Galloway,,Oh,UNKNOWN
GGLOC-12548,Advance,,Nc,UNKNOWN
GGLOC-12549,Richmond Hill,,Ny,UNKNOWN
GGLOC-12550,Audubon,,Mn,UNKNOWN
GGLOC-12551,Ogun,,,UNKNOWN
GGLOC-12552,Indianapolis,,Indiana,UNKNOWN
GGLOC-12553,Westchester,,Ny,UNKNOWN
GGLOC-12554,Kuwait City,,Kw,UNKNOWN
GGLOC-12555,Undisclosed Location/Conus,,,UNKNOWN
GGLOC-12556,Camp Foster,,Jp,UNKNOWN
GGLOC-12557,Rapids,,Us,UNKNOWN
GGLOC-12558,West Melbourne,,Fl,UNKNOWN
GGLOC-12559,Bangor,,Wa,UNKNOWN
GGLOC-12560,Sendai,,,UNKNOWN
GGLOC-12561,Winter Heaven,,Fl,UNKNOWN
GGLOC-12562,Iola,,Tx,UNKNOWN
GGLOC-12563,Ecommerce Provider: Products & Services (Electronic Bill Pay & Regulatory Reporting Tasks),,,UNKNOWN
GGLOC-12564,Kansas City,,Mo 64105,UNKNOWN
GGLOC-12565,Plum,,Pa,UNKNOWN
GGLOC-12566,Uk Police,,General Research,UNKNOWN
GGLOC-12567,Walla Walla,,Wa,UNKNOWN
GGLOC-12568,Hallandale Beach,,,UNKNOWN
GGLOC-12569,Eastern Upper Mi/Eastern Wi,,,UNKNOWN
GGLOC-12570,Hsbc Bank,,,UNKNOWN
GGLOC-12571,Los Palos Grandes,,Chacao,UNKNOWN
GGLOC-12572,Bear Valley,,Ca,UNKNOWN
GGLOC-12573,Newburyport,,Ma,UNKNOWN
GGLOC-12574,Montevideo,,,UNKNOWN
GGLOC-12575,Denver,,Nc,UNKNOWN
GGLOC-12576,New Hope,,Mn,UNKNOWN
GGLOC-12577,Cla Region,,,UNKNOWN
GGLOC-12578,Ca,,Us,UNKNOWN
GGLOC-12579,Coppell,,Tx,UNKNOWN
GGLOC-12580,Middlesbrough,,,UNKNOWN
GGLOC-12581,Us Navy,,,UNKNOWN
GGLOC-12582,Convent Station,,Nj,UNKNOWN
GGLOC-12583,Igate Global Solutions,,,UNKNOWN
GGLOC-12584,Baylor College Of Medicine,,,UNKNOWN
GGLOC-12585,Phenix City,,Al,UNKNOWN
GGLOC-12586,Martinsville,,In,UNKNOWN
GGLOC-12587,Software/ E-Commerce Solutions Provider: Intelligent Banking,,And Mortgage Lending Software,UNKNOWN
GGLOC-12588,Reading,,,UNKNOWN
GGLOC-12589,Township Of Hamilton,,Nj,UNKNOWN
GGLOC-12590,Hollister,,Ca,UNKNOWN
GGLOC-12591,Cherry Hill,,Us,UNKNOWN
GGLOC-12592,Le Mars,,Ia,UNKNOWN
GGLOC-12593,Seaford,,De,UNKNOWN
GGLOC-12594,Houston,,Us,UNKNOWN
GGLOC-12595,Mcminnville,,Or,UNKNOWN
GGLOC-12596,Silver Spring,,Us,UNKNOWN
GGLOC-12597,Avenue,,Md,UNKNOWN
GGLOC-12598,New England,,,UNKNOWN
GGLOC-12599,Michigan Center,,Mi,UNKNOWN
GGLOC-12600,Waterford,,Ct,UNKNOWN
GGLOC-12601,Elizabeth City,,Nc,UNKNOWN
GGLOC-12602,Veneta,,Or,UNKNOWN
GGLOC-12603,Yangon,,Mm,UNKNOWN
GGLOC-12604,Fr,,,UNKNOWN
GGLOC-12605,Fort Lauderdale Miami,,Fl,UNKNOWN
GGLOC-12606,Regional Offices (Cameroon,,Tchad),UNKNOWN
GGLOC-12607,Oakbrook,,Il,UNKNOWN
GGLOC-12608,Gaston,,Sc,UNKNOWN
GGLOC-12609,Newtown,,In,UNKNOWN
GGLOC-12610,Oakridge,,Tn,UNKNOWN
GGLOC-12611,Kandahar Airfield,,Afghanistan,UNKNOWN
GGLOC-12612,Jonesville,,Ky,UNKNOWN
GGLOC-12613,Hyd - In,,,UNKNOWN
GGLOC-12614,South Portland,,Me,UNKNOWN
GGLOC-12615,Valencia,,Venezuela,UNKNOWN
GGLOC-12616,Huntington Park,,Ca,UNKNOWN
GGLOC-12617,Clearfield,,Ut,UNKNOWN
GGLOC-12618,Morton Grove,,Il,UNKNOWN
GGLOC-12619,Honolulu,,Usa,UNKNOWN
GGLOC-12620,Pontiac,,Il,UNKNOWN
GGLOC-12621,White Salmon,,Wa,UNKNOWN
GGLOC-12622,Nyc,,Ny,UNKNOWN
GGLOC-12623,Usa Govt Property Department In Iraq,,,UNKNOWN
GGLOC-12624,Clorox,,,UNKNOWN
GGLOC-12625,Columbus,,Oh 43215,UNKNOWN
GGLOC-12626,September 2018 To December 2018,,,UNKNOWN
GGLOC-12627,Snow,,Ok,UNKNOWN
GGLOC-12628,Mountville,,Pa,UNKNOWN
GGLOC-12629,Clarksville,,In,UNKNOWN
GGLOC-12630,Southeastern Us,,,UNKNOWN
GGLOC-12631,Smithtown,,Ny,UNKNOWN
GGLOC-12632,Reynosa Tamaulipas,,Mexico,UNKNOWN
GGLOC-12633,Selma,,Tx,UNKNOWN
GGLOC-12634,Sharon,,Ma,UNKNOWN
GGLOC-12635,Oak Creek,,Wi,UNKNOWN
GGLOC-12636,Walton Hills,,Oh,UNKNOWN
GGLOC-12637,Nm State Government,,,UNKNOWN
GGLOC-12638,Bangor,,,UNKNOWN
GGLOC-12639,New Springfield,,Oh,UNKNOWN
GGLOC-12640,Little Rock,,Us,UNKNOWN
GGLOC-12641,Kingston,,Ny,UNKNOWN
GGLOC-12642,Tema,,Ghana,UNKNOWN
GGLOC-12643,Louisville,,Nc,UNKNOWN
GGLOC-12644,Uncasville,,Ct,UNKNOWN
GGLOC-12645,Valley City,,Oh,UNKNOWN
GGLOC-12646,Benton,,Il,UNKNOWN
GGLOC-12647,Roseville,,Mn,UNKNOWN
GGLOC-12648,21220,,,UNKNOWN
GGLOC-12649,Glen Mills,,Pa,UNKNOWN
GGLOC-12650,Talala,,Ok,UNKNOWN
GGLOC-12651,Oberursel,,De,UNKNOWN
GGLOC-12652,Robins,,Ia,UNKNOWN
GGLOC-12653,Rogers,,Mn,UNKNOWN
GGLOC-12654,Fort Morgan,,Co,UNKNOWN
GGLOC-12655,Cedar Park,,Tx,UNKNOWN
GGLOC-12656,Halifax,,Ns,UNKNOWN
GGLOC-12657,Roy,,Ut,UNKNOWN
GGLOC-12658,Yerevan,,Am,UNKNOWN
GGLOC-12659,Alamogordo,,Nm,UNKNOWN
GGLOC-12660,Sycamore,,Il,UNKNOWN
GGLOC-12661,Mancas,,Cuba,UNKNOWN
GGLOC-12662,Eu,,,UNKNOWN
GGLOC-12663,Santaclarita,,Ca,UNKNOWN
GGLOC-12664,Johns Creek Court,,Ga,UNKNOWN
GGLOC-12665,Bhopal,,,UNKNOWN
GGLOC-12666,Whitehouse Station,,Nj,UNKNOWN
GGLOC-12667,Tampa,,Usa,UNKNOWN
GGLOC-12668,West Chester,,Oh,UNKNOWN
GGLOC-12669,Narrowsburg,,Ny,UNKNOWN
GGLOC-12670,Pitman,,Nj,UNKNOWN
GGLOC-12671,Paris,,Ny,UNKNOWN
GGLOC-12672,Chatham,,Ma,UNKNOWN
GGLOC-12673,Sec,,,UNKNOWN
GGLOC-12674,Payson,,Ut,UNKNOWN
GGLOC-12675,Ingleside,,Tx,UNKNOWN
GGLOC-12676,Baghdad Iraq,,,UNKNOWN
GGLOC-12677,Salmiya,,Kuwait,UNKNOWN
GGLOC-12678,Geel,,Be,UNKNOWN
GGLOC-12679,Olive Branch,,Ms,UNKNOWN
GGLOC-12680,San Antonio,,Us,UNKNOWN
GGLOC-12681,Lebanon,,Va,UNKNOWN
GGLOC-12682,Obetz,,Oh,UNKNOWN
GGLOC-12683,Kittanning,,Pa,UNKNOWN
GGLOC-12684,Marlton,,Nj,UNKNOWN
GGLOC-12685,Dewas (Mp),,India,UNKNOWN
GGLOC-12686,Cañon City,,Co,UNKNOWN
GGLOC-12687,Avon,,Ma,UNKNOWN
GGLOC-12688,Fort Bliss,,Tx,UNKNOWN
GGLOC-12689,Darlington,,Pa,UNKNOWN
GGLOC-12690,East Liberty,,Oh,UNKNOWN
GGLOC-12691,Egg Harbor Township,,Nj,UNKNOWN
GGLOC-12692,Boston,,Ma Usa,UNKNOWN
GGLOC-12693,Uvalde,,Tx,UNKNOWN
GGLOC-12694,Town And Country,,Mo,UNKNOWN
GGLOC-12695,Spindale,,Nc,UNKNOWN
GGLOC-12696,San Diego,,Tx And Orlando,UNKNOWN
GGLOC-12697,Kw,,,UNKNOWN
GGLOC-12698,Peachtree Corners,,Ga,UNKNOWN
GGLOC-12699,Baumholder,,De,UNKNOWN
GGLOC-12700,Claremont,,Nc,UNKNOWN
GGLOC-12701,Optical Information Systems Inc. - Www.Oinfosys.Com,,,UNKNOWN
GGLOC-12702,Sharjah,,,UNKNOWN
GGLOC-12703,Shawnee,,Ks,UNKNOWN
GGLOC-12704,Lasalle,,Il,UNKNOWN
GGLOC-12705,Melbourne,,Vic,UNKNOWN
GGLOC-12706,West Ashley,,Sc,UNKNOWN
GGLOC-12707,Golden Valley,,Mn,UNKNOWN
GGLOC-12708,Sullivan,,Il,UNKNOWN
GGLOC-12709,Green Bay,,Wi,UNKNOWN
GGLOC-12710,Ar,,,UNKNOWN
GGLOC-12711,Derry Township,,Pa,UNKNOWN
GGLOC-12712,Edenprairie,,Mn,UNKNOWN
GGLOC-12713,Highlands,,Nc,UNKNOWN
GGLOC-12714,Horsham,,Pa,UNKNOWN
GGLOC-12715,Washington (Dc),,,UNKNOWN
GGLOC-12716,West Hftd,,Ct,UNKNOWN
GGLOC-12717,New Milford,,Ct,UNKNOWN
GGLOC-12718,Vadodara,,In,UNKNOWN
GGLOC-12719,South Field,,Mi,UNKNOWN
GGLOC-12720,New Orleans,,,UNKNOWN
GGLOC-12721,Red Hook,,Ny,UNKNOWN
GGLOC-12722,Cypress Creek,,Fl,UNKNOWN
GGLOC-12723,Enon,,Oh,UNKNOWN
GGLOC-12724,Wolfeboro,,Nh,UNKNOWN
GGLOC-12725,Remote Telecommute Team,,,UNKNOWN
GGLOC-12726,Greensboro,,,UNKNOWN
GGLOC-12727,Carlsbad,,California,UNKNOWN
GGLOC-12728,Boonton,,Nj,UNKNOWN
GGLOC-12729,American Canyon,,Ca,UNKNOWN
GGLOC-12730,El Dorado Hills,,Ca,UNKNOWN
GGLOC-12731,Salvador,,Ba.,UNKNOWN
GGLOC-12732,Montelier,,Vt,UNKNOWN
GGLOC-12733,Middletown,,Ri,UNKNOWN
GGLOC-12734,Garfield Heights,,Oh,UNKNOWN
GGLOC-12735,Peabody,,Ma,UNKNOWN
GGLOC-12736,Lax,,,UNKNOWN
GGLOC-12737,Medina,,Oh,UNKNOWN
GGLOC-12738,Juncos,,Us,UNKNOWN
GGLOC-12739,Cloud Database Solutions Wembley,,,UNKNOWN
GGLOC-12740,Cumberland,,Me,UNKNOWN
GGLOC-12741,Naval Station Everett,,Washington,UNKNOWN
GGLOC-12742,Shawnee Mission,,Ks,UNKNOWN
GGLOC-12743,Reading,,Ma,UNKNOWN
GGLOC-12744,America Center Dr Dallas,,Tx,UNKNOWN
GGLOC-12745,Rossville,,Ga,UNKNOWN
GGLOC-12746,Chester,,Vt,UNKNOWN
GGLOC-12747,Kaunas,,,UNKNOWN
GGLOC-12748,Phnom Penh,,Kh,UNKNOWN
GGLOC-12749,Changchun,,China,UNKNOWN
GGLOC-12750,North Hampton,,Nh,UNKNOWN
GGLOC-12751,Yaoundé,,Cm,UNKNOWN
GGLOC-12752,Prishtine,,Kosovo,UNKNOWN
GGLOC-12753,Springfield,,Us,UNKNOWN
GGLOC-12754,Fort Washington,,Md,UNKNOWN
GGLOC-12755,Information Technology Department,,,UNKNOWN
GGLOC-12756,Leesburg,,Ga,UNKNOWN
GGLOC-12757,Carthage,,Mo,UNKNOWN
GGLOC-12758,Lynwood,,Ca,UNKNOWN
GGLOC-12759,Clover,,Sc,UNKNOWN
GGLOC-12760,Aberdeen Proving Grounds (Apg) - Edgewood,,Md,UNKNOWN
GGLOC-12761,Milwaukee,,W,UNKNOWN
GGLOC-12762,January 2017 To July 2017,,,UNKNOWN
GGLOC-12763,Marine City,,Mi,UNKNOWN
GGLOC-12764,Plaistow,,Nh,UNKNOWN
GGLOC-12765,Union Gap,,Wa,UNKNOWN
GGLOC-12766,Moline,,Usa,UNKNOWN
GGLOC-12767,Malta,,Ny,UNKNOWN
GGLOC-12768,New Hope,,Pa,UNKNOWN
GGLOC-12769,Stone Mountain,,Ga,UNKNOWN
GGLOC-12770,Syosset,,Ny,UNKNOWN
GGLOC-12771,Guntown,,Ms,UNKNOWN
GGLOC-12772,501 C3,,,UNKNOWN
GGLOC-12773,Seattle,,Usa,UNKNOWN
GGLOC-12774,Uci/Ucsd Epic Implementation Project,,,UNKNOWN
GGLOC-12775,Tamarindo,,Pr,UNKNOWN
GGLOC-12776,Mckees Rocks,,Pa,UNKNOWN
GGLOC-12777,Windfall,,In,UNKNOWN
GGLOC-12778,Malta,,Eu,UNKNOWN
GGLOC-12779,North Syracuse,,Ny,UNKNOWN
GGLOC-12780,Exchange Pl,,Nj,UNKNOWN
GGLOC-12781,Mckean,,Pa,UNKNOWN
GGLOC-12782,Greenville,,Al,UNKNOWN
GGLOC-12783,Nueva Vizcaya,,,UNKNOWN
GGLOC-12784,Lake Forest,,Ca,UNKNOWN
GGLOC-12785,North Island,,Ca,UNKNOWN
GGLOC-12786,University City,,Mo,UNKNOWN
GGLOC-12787,Shelby Charter Township,,Mi,UNKNOWN
GGLOC-12788,Milwaukie,,Or,UNKNOWN
GGLOC-12789,Kc And Omaha Metro,,,UNKNOWN
GGLOC-12790,Lehi - Lindon,,Ut,UNKNOWN
GGLOC-12791,Stanley,,Fk,UNKNOWN
GGLOC-12792,Bellmawr,,Nj,UNKNOWN
GGLOC-12793,Sutherlin,,Or,UNKNOWN
GGLOC-12794,Telework/Telecommute,,,UNKNOWN
GGLOC-12795,Sasebo Japan,,,UNKNOWN
GGLOC-12796,Lausanne,,Vd,UNKNOWN
GGLOC-12797,Agadir,,Morocco,UNKNOWN
GGLOC-12798,Dover,,Delaware,UNKNOWN
GGLOC-12799,Ada,,Mi,UNKNOWN
GGLOC-12800,Jeddah,,Sa,UNKNOWN
GGLOC-12801,Woodbury,,Ny,UNKNOWN
GGLOC-12802,Canton,,Ct,UNKNOWN
GGLOC-12803,Woodlawn,,Md 21207,UNKNOWN
GGLOC-12804,Eagen,,Mn,UNKNOWN
GGLOC-12805,Miami,,Usa,UNKNOWN
GGLOC-12806,New Freedom,,Pa,UNKNOWN
GGLOC-12807,Hamilton,,Wa,UNKNOWN
GGLOC-12808,Camp Lejeune - Jacksonville,,Nc,UNKNOWN
GGLOC-12809,Highland Heights,,Ky,UNKNOWN
GGLOC-12810,Ny,,Us,UNKNOWN
GGLOC-12811,Dorado,,P.R,UNKNOWN
GGLOC-12812,Altanta - Us,,,UNKNOWN
GGLOC-12813,Kerala,,In,UNKNOWN
GGLOC-12814,White,,Ga,UNKNOWN
GGLOC-12815,Bannockburn,,Il,UNKNOWN
GGLOC-12816,Stafford,,Tx,UNKNOWN
GGLOC-12817,Hampton Roads,,Va,UNKNOWN
GGLOC-12818,Pacific Beach,,,UNKNOWN
GGLOC-12819,Vientiane,,,UNKNOWN
GGLOC-12820,Hastings,,Mi,UNKNOWN
GGLOC-12821,Irvington,,Ny,UNKNOWN
GGLOC-12822,Desto Tx,,,UNKNOWN
GGLOC-12823,Leander,,Tx,UNKNOWN
GGLOC-12824,Dubai,,Uae,UNKNOWN
GGLOC-12825,Client: Apsdc,,,UNKNOWN
GGLOC-12826,Atlanta Ga,,,UNKNOWN
GGLOC-12827,Df. Mexico,,,UNKNOWN
GGLOC-12828,Ramstein,,Germany,UNKNOWN
GGLOC-12829,Bohemia,,Ny,UNKNOWN
GGLOC-12830,Paulsboro,,Nj,UNKNOWN
GGLOC-12831,Perryopolis,,Pa,UNKNOWN
GGLOC-12832,Candler,,Nc,UNKNOWN
GGLOC-12833,Leawood,,Ks 66211,UNKNOWN
GGLOC-12834,Pacific Northwest National Laboratory/Us Department Of Energy,,,UNKNOWN
GGLOC-12835,South Weymouth,,Ma,UNKNOWN
GGLOC-12836,Newington,,Va,UNKNOWN
GGLOC-12837,Clackamas,,Or,UNKNOWN
GGLOC-12838,Flanders,,Nj,UNKNOWN
GGLOC-12839,Wash Dc,,,UNKNOWN
GGLOC-12840,Seminole County Northwest Branch Library,,,UNKNOWN
GGLOC-12841,Ambler,,Pa,UNKNOWN
GGLOC-12842,Nm,,,UNKNOWN
GGLOC-12843,Human Resource Management Department - Stryker,,Oh,UNKNOWN
GGLOC-12844,Shenyang,,Cn,UNKNOWN
GGLOC-12845,Medora,,Nd,UNKNOWN
GGLOC-12846,Guangdong,,Cn,UNKNOWN
GGLOC-12847,Broadway,,Va,UNKNOWN
GGLOC-12848,Cairo,,Egypt,UNKNOWN
GGLOC-12849,Reading,,Pennsylvania,UNKNOWN
GGLOC-12850,Pollachi,,Tamil Nadu,UNKNOWN
GGLOC-12851,San Bruno,,Usa,UNKNOWN
GGLOC-12852,Hudson,,Oh,UNKNOWN
GGLOC-12853,Remote/Telecommute (Vancouver,,Guam),UNKNOWN
GGLOC-12854,Us Marshals Service,,,UNKNOWN
GGLOC-12855,Bhubaneswar-Odisha - In,,,UNKNOWN
GGLOC-12856,Burlington,,Nc,UNKNOWN
GGLOC-12857,Holly Hill,,Fl,UNKNOWN
GGLOC-12858,Fortcollins,,Co,UNKNOWN
GGLOC-12859,México,,Mx,UNKNOWN
GGLOC-12860,Tampa - Fl,,,UNKNOWN
GGLOC-12861,Grinnell,,Ia,UNKNOWN
GGLOC-12862,Stow,,Oh,UNKNOWN
GGLOC-12863,Port Arthur,,Tx,UNKNOWN
GGLOC-12864,Porto Alegre,,Rs,UNKNOWN
GGLOC-12865,Seal Beach,,Ca,UNKNOWN
GGLOC-12866,Canonsburg,,Pa,UNKNOWN
GGLOC-12867,South Bend,,Usa,UNKNOWN
GGLOC-12868,Ponca City,,Ok,UNKNOWN
GGLOC-12869,Polanco,,Ciudad De Mexico,UNKNOWN
GGLOC-12870,Pala,,Ca,UNKNOWN
GGLOC-12871,Cedaredge,,Co,UNKNOWN
GGLOC-12872,Global,,,UNKNOWN
GGLOC-12873,Marietta,,Us,UNKNOWN
GGLOC-12874,Riverdale,,Ne,UNKNOWN
GGLOC-12875,Sana'A,,Yemen,UNKNOWN
GGLOC-12876,Carnegie,,Pa,UNKNOWN
GGLOC-12877,Maribor,,Slovenia,UNKNOWN
GGLOC-12878,Lahore,,Pakistan,UNKNOWN
GGLOC-12879,South Grafton,,Ma,UNKNOWN
GGLOC-12880,Seagoville,,Tx,UNKNOWN
GGLOC-12881,Nga - Springfield,,Va,UNKNOWN
GGLOC-12882,East Fishkill,,Ny,UNKNOWN
GGLOC-12883,Philadelphia,,Pennsylvania,UNKNOWN
GGLOC-12884,Freedom,,Ca,UNKNOWN
GGLOC-12885,Hawthorne,,Ny,UNKNOWN
GGLOC-12886,Loveland,,Oh,UNKNOWN
GGLOC-12887,Zurich,,Ch,UNKNOWN
GGLOC-12888,Albuquerque,,Phoenix Az,UNKNOWN
GGLOC-12889,Monroeville,,Al,UNKNOWN
GGLOC-12890,Buzzards Bay,,Ma,UNKNOWN
GGLOC-12891,Accokeek,,Md,UNKNOWN
GGLOC-12892,Nappanee,,In,UNKNOWN
GGLOC-12893,Zachary,,La,UNKNOWN
GGLOC-12894,Freeport,,Tx,UNKNOWN
GGLOC-12895,Lexington Park,,Md,UNKNOWN
GGLOC-12896,Bothell Wa Usa,,,UNKNOWN
GGLOC-12897,Xerox Corporation,,,UNKNOWN
GGLOC-12898,Los Angeles,,Ca 90028,UNKNOWN
GGLOC-12899,Los Colinas,,Tx,UNKNOWN
GGLOC-12900,Seffner,,Fl,UNKNOWN
GGLOC-12901,Martinsville,,Va,UNKNOWN
GGLOC-12902,Aliso Viejo,,Ca,UNKNOWN
GGLOC-12903,East Aurora,,Ny,UNKNOWN
GGLOC-12904,Edina,,Minnesota,UNKNOWN
GGLOC-12905,Wilton,,Nh,UNKNOWN
GGLOC-12906,Comfort,,Tx,UNKNOWN
GGLOC-12907,Prince William County,,Va,UNKNOWN
GGLOC-12908,Pittston,,Pa,UNKNOWN
GGLOC-12909,Oklahoma City,,,UNKNOWN
GGLOC-12910,Franklin Lakes,,Mn,UNKNOWN
GGLOC-12911,Arlington,,Tn,UNKNOWN
GGLOC-12912,N Little Rock,,Ar,UNKNOWN
GGLOC-12913,Stilwell,,Ks,UNKNOWN
GGLOC-12914,Utica,,Mi,UNKNOWN
GGLOC-12915,Technology Park,,Zapopan Jalisco,UNKNOWN
GGLOC-12916,Netanya,,Israel,UNKNOWN
GGLOC-12917,Ipswich,,Uk,UNKNOWN
GGLOC-12918,Hastings,,On,UNKNOWN
GGLOC-12919,Devon,,Pa,UNKNOWN
GGLOC-12920,Manistee,,Mi,UNKNOWN
GGLOC-12921,Agawam,,Ma,UNKNOWN
GGLOC-12922,Basingstoke,,,UNKNOWN
GGLOC-12923,Sterling Nj,,Nj,UNKNOWN
GGLOC-12924,Potomac,,Md,UNKNOWN
GGLOC-12925,Chimacum,,Wa,UNKNOWN
GGLOC-12926,Suzhou,,Cn,UNKNOWN
GGLOC-12927,Bahrain,,,UNKNOWN
GGLOC-12928,Uniontown,,Oh,UNKNOWN
GGLOC-12929,Lilburn,,Ga,UNKNOWN
GGLOC-12930,Roanoke,,Tx,UNKNOWN
GGLOC-12931,Saint Louis,,Us,UNKNOWN
GGLOC-12932,Greenwich,,,UNKNOWN
GGLOC-12933,Waterford,,Pa,UNKNOWN
GGLOC-12934,Winchester,,In,UNKNOWN
GGLOC-12935,Tampa/St. Petersburg,,Florida,UNKNOWN
GGLOC-12936,Ridgefield,,Us,UNKNOWN
GGLOC-12937,Clarkston,,Wa,UNKNOWN
GGLOC-12938,Hatboro,,Pa,UNKNOWN
GGLOC-12939,Memo,,,UNKNOWN
GGLOC-12940,Manayunk,,Pa,UNKNOWN
GGLOC-12941,Paragould,,Ar,UNKNOWN
GGLOC-12942,Wright City,,Mo,UNKNOWN
GGLOC-12943,National,,,UNKNOWN
GGLOC-12944,Us/Europe,,,UNKNOWN
GGLOC-12945,Ft Sam Houston,,,UNKNOWN
GGLOC-12946,Mount Olive,,Nj,UNKNOWN
GGLOC-12947,Fords,,Nj,UNKNOWN
GGLOC-12948,Lithia Springs,,Ga,UNKNOWN
GGLOC-12949,Norwich,,Ny,UNKNOWN
GGLOC-12950,Oakbrook,,Illinois,UNKNOWN
GGLOC-12951,Brookings,,Or,UNKNOWN
GGLOC-12952,Canyonville,,Or,UNKNOWN
GGLOC-12953,Kennedy Space Center,,Fl,UNKNOWN
GGLOC-12954,Independence,,Ky,UNKNOWN
GGLOC-12955,Dripping Springs,,Tx,UNKNOWN
GGLOC-12956,Oakland And Albany,,Ca,UNKNOWN
GGLOC-12957,Pomona,,Ny,UNKNOWN
GGLOC-12958,Fort Sam Houston - San Antonio,,Tx,UNKNOWN
GGLOC-12959,Saint Pete Beach,,Fl,UNKNOWN
GGLOC-12960,Dallas - Fort Worth,,Tx,UNKNOWN
GGLOC-12961,Kernersville,,Wv,UNKNOWN
GGLOC-12962,Bedford,,In,UNKNOWN
GGLOC-12963,Queen Creek,,Az,UNKNOWN
GGLOC-12964,Suitland,,Maryland,UNKNOWN
GGLOC-12965,Yeongdong-Gun,,Korea,UNKNOWN
GGLOC-12966,Blythewood,,Sc,UNKNOWN
GGLOC-12967,Huntingburg,,In,UNKNOWN
GGLOC-12968,Romeo,,Mi,UNKNOWN
GGLOC-12969,Hilversum,,,UNKNOWN
GGLOC-12970,Metuchen,,Nj,UNKNOWN
GGLOC-12971,Columbus,,Us,UNKNOWN
GGLOC-12972,Haggerstown,,Md,UNKNOWN
GGLOC-12973,Newcastle Tsr Consulting,,,UNKNOWN
GGLOC-12974,Aurora,,Colorado,UNKNOWN
GGLOC-12975,Gap Inc.,,,UNKNOWN
GGLOC-12976,Alvin Sherman Library And Information Technology Center,,,UNKNOWN
GGLOC-12977,April 2011 To August 2011,,,UNKNOWN
GGLOC-12978,Remus,,Mi,UNKNOWN
GGLOC-12979,Becket,,Ma,UNKNOWN
GGLOC-12980,Seckenheim,,Germany,UNKNOWN
GGLOC-12981,Sun Prairie Wis,,,UNKNOWN
GGLOC-12982,Retail (Online Banking),,,UNKNOWN
GGLOC-12983,Tangier,,Ma,UNKNOWN
GGLOC-12984,Avenel,,Nj,UNKNOWN
GGLOC-12985,South Haven,,Mi,UNKNOWN
GGLOC-12986,Falconer,,Ny,UNKNOWN
GGLOC-12987,Central,,Tx,UNKNOWN
GGLOC-12988,Bentonville - Ar,,,UNKNOWN
GGLOC-12989,Olympia Fields,,Il,UNKNOWN
GGLOC-12990,Woodmere,,Oh,UNKNOWN
GGLOC-12991,U.S. Department Of State,,,UNKNOWN
GGLOC-12992,Jerseycity,,Nj,UNKNOWN
GGLOC-12993,Department Of Navy (Don) - Navy Medical Information Management Center (Nmimc),,,UNKNOWN
GGLOC-12994,Africa,,,UNKNOWN
GGLOC-12995,Reading,,Uk,UNKNOWN
GGLOC-12996,Multiple Locations In Ga - Macon,,Ga,UNKNOWN
GGLOC-12997,Verona,,Ny,UNKNOWN
GGLOC-12998,Plymouth,,Wi,UNKNOWN
GGLOC-12999,Syracuse,,Ut,UNKNOWN
GGLOC-13000,Cairo,,Ga,UNKNOWN
GGLOC-13001,New Jersey Newark,,Nj,UNKNOWN
GGLOC-13002,Ramat Hasharon,,Il,UNKNOWN
GGLOC-13003,Erbil,,Iraq,UNKNOWN
GGLOC-13004,Whidbey Island,,Wa,UNKNOWN
GGLOC-13005,Pembroke,,Ma,UNKNOWN
GGLOC-13006,Harrison,,Me,UNKNOWN
GGLOC-13007,Majuro,,,UNKNOWN
GGLOC-13008,Sasebo,,Nagasaki Prefecture,UNKNOWN
GGLOC-13009,Ontario,,Or,UNKNOWN
GGLOC-13010,Microsoft Mexico (Based On Mexico City),,,UNKNOWN
GGLOC-13011,San Leandro,,Ca,UNKNOWN
GGLOC-13012,Department Of State,,Diplomatic Security,UNKNOWN
GGLOC-13013,Sweden,,,UNKNOWN
GGLOC-13014,Norwell,,Ma,UNKNOWN
GGLOC-13015,Région De Metz,,France,UNKNOWN
GGLOC-13016,Varick St,,Ny,UNKNOWN
GGLOC-13017,Raf Molesworth Uk,,,UNKNOWN
GGLOC-13018,New Road,,Np,UNKNOWN
GGLOC-13019,Gaziabad,,,UNKNOWN
GGLOC-13020,Düsseldorf,,De,UNKNOWN
GGLOC-13021,Wood Cliff - Lake,,Us,UNKNOWN
GGLOC-13022,Mebane,,Nc,UNKNOWN
GGLOC-13023,No 36 A,,Nugegoda.,UNKNOWN
GGLOC-13024,Deer - Field,,Us,UNKNOWN
GGLOC-13025,Madison,,Tn,UNKNOWN
GGLOC-13026,Clear Lake City,,Tx,UNKNOWN
GGLOC-13027,Johnston,,Us,UNKNOWN
GGLOC-13028,Nellis Afb,,Nv,UNKNOWN
GGLOC-13029,Hockley,,Tx,UNKNOWN
GGLOC-13030,Dayville,,Ct,UNKNOWN
GGLOC-13031,Califon,,Nj,UNKNOWN
GGLOC-13032,Balkh,,Af,UNKNOWN
GGLOC-13033,Bedminster,,Nj,UNKNOWN
GGLOC-13034,Herriman,,Ut,UNKNOWN
GGLOC-13035,Elkview,,Wv,UNKNOWN
GGLOC-13036,Forest Park,,Il,UNKNOWN
GGLOC-13037,Chardon,,Oh,UNKNOWN
GGLOC-13038,Orange Park,,,UNKNOWN
GGLOC-13039,Client,,,UNKNOWN
GGLOC-13040,Indianapolis,,In (Remote),UNKNOWN
GGLOC-13041,Manchester,,Nh (In Office And Remote),UNKNOWN
GGLOC-13042,Athol,,Ma,UNKNOWN
GGLOC-13043,Cairo,,Ar,UNKNOWN
GGLOC-13044,Et,,,UNKNOWN
GGLOC-13045,Babylon,,Ny,UNKNOWN
GGLOC-13046,Fraser,,Mi,UNKNOWN
GGLOC-13047,Prairie Grove,,Ar,UNKNOWN
GGLOC-13048,Zagreb,,,UNKNOWN
GGLOC-13049,San Roman,,Ca,UNKNOWN
GGLOC-13050,Asheville,,Nc 28801,UNKNOWN
GGLOC-13051,Wiesbaden,,Germany,UNKNOWN
GGLOC-13052,Duratech Solution,,India,UNKNOWN
GGLOC-13053,Marion,,Or,UNKNOWN
GGLOC-13054,Walled Lake,,Mi,UNKNOWN
GGLOC-13055,Bradford,,,UNKNOWN
GGLOC-13056,Bakers Field,,Ca,UNKNOWN
GGLOC-13057,Evans,,Ga,UNKNOWN
GGLOC-13058,Saudi Telecommunications Company,,,UNKNOWN
GGLOC-13059,Long Island,,,UNKNOWN
GGLOC-13060,San Ramon,,,UNKNOWN
GGLOC-13061,San Fernando Valley,,,UNKNOWN
GGLOC-13062,Campbell,,Ca,UNKNOWN
GGLOC-13063,Russellville,,Ky,UNKNOWN
GGLOC-13064,Okinawa Prefecture - Okinawa,,Jp,UNKNOWN
GGLOC-13065,Mount Vernon,,Ky,UNKNOWN
GGLOC-13066,Boston,,Nj,UNKNOWN
GGLOC-13067,Incline Village,,Nv,UNKNOWN
GGLOC-13068,Benson,,Nc,UNKNOWN
GGLOC-13069,Whitinsville,,Ma,UNKNOWN
GGLOC-13070,Reno,,Minden,UNKNOWN
GGLOC-13071,Lakewood,,Ca,UNKNOWN
GGLOC-13072,Clarksville,,Md,UNKNOWN
GGLOC-13073,Jacksonville,,Us,UNKNOWN
GGLOC-13074,Kandahar,,Afghanistan,UNKNOWN
GGLOC-13075,Forsyth,,Ga,UNKNOWN
GGLOC-13076,Ipswich,,Ma,UNKNOWN
GGLOC-13077,Blue Ash,,Oh,UNKNOWN
GGLOC-13078,Omaha,,Us,UNKNOWN
GGLOC-13079,Edinburg,,Va,UNKNOWN
GGLOC-13080,Hongkong,,,UNKNOWN
GGLOC-13081,Arden Hills,,Mn,UNKNOWN
GGLOC-13082,Hudson,,Nh,UNKNOWN
GGLOC-13083,Springfield,,Or,UNKNOWN
GGLOC-13084,Knox,,In,UNKNOWN
GGLOC-13085,White Lake,,Mi,UNKNOWN
GGLOC-13086,Telework - Vancouver,,Wa,UNKNOWN
GGLOC-13087,West Greenwich,,Ri,UNKNOWN
GGLOC-13088,Va Falls Church,,Va,UNKNOWN
GGLOC-13089,Bear,,De,UNKNOWN
GGLOC-13090,Nj,,Usa,UNKNOWN
GGLOC-13091,Washington State,,,UNKNOWN
GGLOC-13092,Hong Kong,,,UNKNOWN
GGLOC-13093,Redfield,,Ar,UNKNOWN
GGLOC-13094,Clichy,,,UNKNOWN
GGLOC-13095,Campbell Hall,,Ny,UNKNOWN
GGLOC-13096,Plano,,,UNKNOWN
GGLOC-13097,North Liberty,,In,UNKNOWN
GGLOC-13098,Bedford Park,,Il,UNKNOWN
GGLOC-13099,Pittsburgh,,Pa 15210,UNKNOWN
GGLOC-13100,Beverly,,Ma,UNKNOWN
GGLOC-13101,Spencerville,,Md,UNKNOWN
GGLOC-13102,Saint Johns,,Fl,UNKNOWN
GGLOC-13103,Millersburg,,Oh,UNKNOWN
GGLOC-13104,Milford Mill,,Md,UNKNOWN
GGLOC-13105,Ja,,,UNKNOWN
GGLOC-13106,Sumter,,Sc,UNKNOWN
GGLOC-13107,Auburn,,Mi,UNKNOWN
GGLOC-13108,Marysville,,Wa,UNKNOWN
GGLOC-13109,Hebron,,Ky,UNKNOWN
GGLOC-13110,Travelers Rest,,Sc,UNKNOWN
GGLOC-13111,St.Louis,,,UNKNOWN
GGLOC-13112,West Milford,,Nj,UNKNOWN
GGLOC-13113,Paramount,,Ca,UNKNOWN
GGLOC-13114,Garden Grove,,Ca,UNKNOWN
GGLOC-13115,Triadelphia,,Wv,UNKNOWN
GGLOC-13116,Province,,Ri,UNKNOWN
GGLOC-13117,Sandusky,,Oh,UNKNOWN
GGLOC-13118,Mcguire Afb,,Nj,UNKNOWN
GGLOC-13119,Richton Park,,Il,UNKNOWN
GGLOC-13120,Cambridge,,Oh,UNKNOWN
GGLOC-13121,Sulphur Springs,,Tx,UNKNOWN
GGLOC-13122,Ligonier,,In,UNKNOWN
GGLOC-13123,Fridley,,Us,UNKNOWN
GGLOC-13124,Amelia,,La,UNKNOWN
GGLOC-13125,Parkland,,Fl,UNKNOWN
GGLOC-13126,Dallas,,Usa,UNKNOWN
GGLOC-13127,Markesan,,Wi,UNKNOWN
GGLOC-13128,Falls Church,,Virginia,UNKNOWN
GGLOC-13129,Center Line,,Mi,UNKNOWN
GGLOC-13130,Castle Hayne,,Nc,UNKNOWN
GGLOC-13131,St. Paul University Dumaguete,,,UNKNOWN
GGLOC-13132,Chanhassen,,Mn,UNKNOWN
GGLOC-13133,Niantic,,Ct,UNKNOWN
GGLOC-13134,University,,Ms,UNKNOWN
GGLOC-13135,U.S. Customs And Immigration Service (Uscis),,,UNKNOWN
GGLOC-13136,Melbourne Vic,,Australia,UNKNOWN
GGLOC-13137,Birmingham,,Mi,UNKNOWN
GGLOC-13138,Lyndhurst,,Nj (Remote),UNKNOWN
GGLOC-13139,North Smithfield,,Ri,UNKNOWN
GGLOC-13140,Demotte,,In,UNKNOWN
GGLOC-13141,Loomis,,Ca,UNKNOWN
GGLOC-13142,Saint Anne,,Il,UNKNOWN
GGLOC-13143,Fairhope,,Al,UNKNOWN
GGLOC-13144,Knightdale,,Nc,UNKNOWN
GGLOC-13145,West Boylston,,Ma,UNKNOWN
GGLOC-13146,Bagram Airfield,,,UNKNOWN
GGLOC-13147,Tampa,,Us,UNKNOWN
GGLOC-13148,West Point,,Pa,UNKNOWN
GGLOC-13149,Zürich,,Zh,UNKNOWN
GGLOC-13150,West Mifflin,,Pa,UNKNOWN
GGLOC-13151,Chelmsford,,Ma,UNKNOWN
GGLOC-13152,Charleston Sc,,,UNKNOWN
GGLOC-13153,Salvador,,Sk,UNKNOWN
GGLOC-13154,Office Of The Cio (Chief Information Officer),,Ma,UNKNOWN
GGLOC-13155,Santa Monica,,,UNKNOWN
GGLOC-13156,Pa Lake Worth,,Fl,UNKNOWN
GGLOC-13157,Www.Akfusa.Org,,,UNKNOWN
GGLOC-13158,Ocoee,,Fl,UNKNOWN
GGLOC-13159,Kew Gardens,,Ny,UNKNOWN
GGLOC-13160,Funza,,Co,UNKNOWN
GGLOC-13161,Lindon,,Ut,UNKNOWN
GGLOC-13162,Department Of Energy (Hq) - Office Of Information Technology And Services,,,UNKNOWN
GGLOC-13163,Long Beach,,Ny,UNKNOWN
GGLOC-13164,Santiago,,Chile,UNKNOWN
GGLOC-13165,Montville,,Nj,UNKNOWN
GGLOC-13166,Mid-Continent,,,UNKNOWN
GGLOC-13167,Caldwell,,Nj,UNKNOWN
GGLOC-13168,Porter,,In,UNKNOWN
GGLOC-13169,Alpharetta - Atlanta,,Ga,UNKNOWN
GGLOC-13170,Silao,,Gto - Mx,UNKNOWN
GGLOC-13171,Wethersfield,,Ct,UNKNOWN
GGLOC-13172,Nassau,,Ny,UNKNOWN
GGLOC-13173,Walker,,Mi,UNKNOWN
GGLOC-13174,Naval Air Station Key West,,Fl,UNKNOWN
GGLOC-13175,Vista/Xp - Mira Mesa,,Ca,UNKNOWN
GGLOC-13176,Montpellier- France,,,UNKNOWN
GGLOC-13177,Springfield,,Il 62704,UNKNOWN
GGLOC-13178,West Plains,,Mo,UNKNOWN
GGLOC-13179,Internet City,,Dubai,UNKNOWN
GGLOC-13180,Rocky Hill,,Ct,UNKNOWN
GGLOC-13181,Heath Springs,,Sc,UNKNOWN
GGLOC-13182,Vicksburg,,Ms,UNKNOWN
GGLOC-13183,Savannah,,Tn,UNKNOWN
GGLOC-13184,Clayton,,Nc,UNKNOWN
GGLOC-13185,Moundsview,,Mn,UNKNOWN
GGLOC-13186,Yadkinville,,Nc,UNKNOWN
GGLOC-13187,Mill Neck,,Ny,UNKNOWN
GGLOC-13188,Oxford,,Massachusetts,UNKNOWN
GGLOC-13189,Frazer,,Pa,UNKNOWN
GGLOC-13190,Jacksonville,,Ar,UNKNOWN
GGLOC-13191,Dearborn,,,UNKNOWN
GGLOC-13192,Dacula,,Ga,UNKNOWN
GGLOC-13193,Wareham,,Ma,UNKNOWN
GGLOC-13194,Midway,,Ga,UNKNOWN
GGLOC-13195,Harris County,,Texas,UNKNOWN
GGLOC-13196,Mundelein,,Il,UNKNOWN
GGLOC-13197,Danielsville,,Pa,UNKNOWN
GGLOC-13198,Aguascalientes,,Mexico,UNKNOWN
GGLOC-13199,Aguascalientes,,Mx,UNKNOWN
GGLOC-13200,Taipei,,Taiwan,UNKNOWN
GGLOC-13201,Cincinnati,,Oh 45202,UNKNOWN
GGLOC-13202,Green,,Oh,UNKNOWN
GGLOC-13203,Jupiter,,Fl,UNKNOWN
GGLOC-13204,Carpinteria,,Ca,UNKNOWN
GGLOC-13205,Milton,,Pa,UNKNOWN
GGLOC-13206,Ft. Belvoir,,,UNKNOWN
GGLOC-13207,Overland,,Mo,UNKNOWN
GGLOC-13208,New Hyde Park,,Ny,UNKNOWN
GGLOC-13209,Pauma Valley,,Ca,UNKNOWN
GGLOC-13210,Np,,,UNKNOWN
GGLOC-13211,Pine Brook,,Nj,UNKNOWN
GGLOC-13212,Camp Hill,,Pa,UNKNOWN
GGLOC-13213,Djibouti Port,,Dj,UNKNOWN
GGLOC-13214,Central Texas,,,UNKNOWN
GGLOC-13215,Central America And Caribbean,,,UNKNOWN
GGLOC-13216,Southampton,,Uk,UNKNOWN
GGLOC-13217,Dxc Technology,,,UNKNOWN
GGLOC-13218,Hillsboro,,Or,UNKNOWN
GGLOC-13219,Team Industrial Services,,,UNKNOWN
GGLOC-13220,High School Bern (Switzerland),,,UNKNOWN
GGLOC-13221,Antelope,,Ca,UNKNOWN
GGLOC-13222,Athens,,Tn,UNKNOWN
GGLOC-13223,Swanton,,Vt,UNKNOWN
GGLOC-13224,Nj Edison,,Nj,UNKNOWN
GGLOC-13225,Globe,,Az,UNKNOWN
GGLOC-13226,K?Ne'Ohe Bay,,Hi,UNKNOWN
GGLOC-13227,Westfield,,Nj,UNKNOWN
GGLOC-13228,Kitakyushu,,Fukuoka,UNKNOWN
GGLOC-13229,Nanuet,,Ny,UNKNOWN
GGLOC-13230,Madill,,Ok,UNKNOWN
GGLOC-13231,Outside Us,,,UNKNOWN
GGLOC-13232,Wauwatosa,,Wi,UNKNOWN
GGLOC-13233,Online,,Worldwide,UNKNOWN
GGLOC-13234,Defense Intelligence Agency,,Bolling Afb,UNKNOWN
GGLOC-13235,Beverly Hills,,California,UNKNOWN
GGLOC-13236,Ho Chi Minh,,Viet Nam,UNKNOWN
GGLOC-13237,National Institute Of General Medical Studies (Nigms),,,UNKNOWN
GGLOC-13238,Information Security Risk Management,,,UNKNOWN
GGLOC-13239,Khujand,,Tajikistan,UNKNOWN
GGLOC-13240,Macungie,,Pa,UNKNOWN
GGLOC-13241,Wyncote,,Pa,UNKNOWN
GGLOC-13242,Standard Chartered Bank,,,UNKNOWN
GGLOC-13243,Tappan,,Ny,UNKNOWN
GGLOC-13244,Township Of South Abington,,Pa,UNKNOWN
GGLOC-13245,Solaris/Aix/Linux,,,UNKNOWN
GGLOC-13246,Financial Institution,,,UNKNOWN
GGLOC-13247,New Milford,,Nj,UNKNOWN
GGLOC-13248,Camp Ederle,,It,UNKNOWN
GGLOC-13249,Client- Bcbsa,,,UNKNOWN
GGLOC-13250,Oakdale And Shoreview,,Mn,UNKNOWN
GGLOC-13251,Tampa,,Florida,UNKNOWN
GGLOC-13252,Youngstown,,Pa,UNKNOWN
GGLOC-13253,Wood Hills,,Ca,UNKNOWN
GGLOC-13254,Dr,,,UNKNOWN
GGLOC-13255,Fernandina Beach,,Fl,UNKNOWN
GGLOC-13256,Fl And Nj Denver,,Co,UNKNOWN
GGLOC-13257,Kodiak,,Ak,UNKNOWN
GGLOC-13258,Reporting To The Program Manager Of Faa/Swim System Engineering,,,UNKNOWN
GGLOC-13259,Alvarado,,Tx,UNKNOWN
GGLOC-13260,Serven Md,,,UNKNOWN
GGLOC-13261,Edwards,,Ca,UNKNOWN
GGLOC-13262,Kitchener,,On,UNKNOWN
GGLOC-13263,Government Warehouse,,,UNKNOWN
GGLOC-13264,Hawthorne,,Nj,UNKNOWN
GGLOC-13265,Tolar,,Tx,UNKNOWN
GGLOC-13266,Athens,,Fl,UNKNOWN
GGLOC-13267,Zanesville,,Ca,UNKNOWN
GGLOC-13268,Fwb,,Fl,UNKNOWN
GGLOC-13269,Agege Lagos State,,,UNKNOWN
GGLOC-13270,Gateway,,Fl,UNKNOWN
GGLOC-13271,Lawrenceburg,,Ky,UNKNOWN
GGLOC-13272,Kuwait Naval Base,,,UNKNOWN
GGLOC-13273,West Caldwell,,Nj,UNKNOWN
GGLOC-13274,Cantonment,,Fl,UNKNOWN
GGLOC-13275,Santo Domingo,,Distrito Nacional,UNKNOWN
GGLOC-13276,Limassol,,Cyprus,UNKNOWN
GGLOC-13277,Shasta Lake,,Ca,UNKNOWN
GGLOC-13278,Tokyo,,Japan,UNKNOWN
GGLOC-13279,March 2014 To February 2015,,,UNKNOWN
GGLOC-13280,New Lisbon,,Wi,UNKNOWN
GGLOC-13281,South Saint Paul,,Mn,UNKNOWN
GGLOC-13282,Wayne,,Mi,UNKNOWN
GGLOC-13283,Splendora,,Tx,UNKNOWN
GGLOC-13284,Tijuana,,B.C.,UNKNOWN
GGLOC-13285,Plainville,,Ct,UNKNOWN
GGLOC-13286,Thorofare,,Nj,UNKNOWN
GGLOC-13287,Absecon,,Nj,UNKNOWN
GGLOC-13288,Lake City,,Fl,UNKNOWN
GGLOC-13289,Saint Paul,,Mn 55107,UNKNOWN
GGLOC-13290,Kaneohe Bay,,Us,UNKNOWN
GGLOC-13291,Flushing,,Ny 11354,UNKNOWN
GGLOC-13292,Panguitch,,Ut,UNKNOWN
GGLOC-13293,Big Bear City,,Ca,UNKNOWN
GGLOC-13294,Wooddale,,Illinois,UNKNOWN
GGLOC-13295,Abuja,,Nigeria,UNKNOWN
GGLOC-13296,Ae,,,UNKNOWN
GGLOC-13297,S India,,,UNKNOWN
GGLOC-13298,Ussocom Joint Special Operations University,,Tampa Fla.,UNKNOWN
GGLOC-13299,Egypt,,Ar,UNKNOWN
GGLOC-13300,Denver,,,UNKNOWN
GGLOC-13301,Wylie,,Tx,UNKNOWN
GGLOC-13302,Austin - Kirkland,,Wa,UNKNOWN
GGLOC-13303,Stuttgart,,De,UNKNOWN
GGLOC-13304,Annarbor,,,UNKNOWN
GGLOC-13305,Gibson,,Nc,UNKNOWN
GGLOC-13306,Lincolnwood,,Il,UNKNOWN
GGLOC-13307,Va,,,UNKNOWN
GGLOC-13308,Ready,,Ky,UNKNOWN
GGLOC-13309,Erlanger,,Ky,UNKNOWN
GGLOC-13310,Kearneysville,,Wv,UNKNOWN
GGLOC-13311,Youngsville,,Nc,UNKNOWN
GGLOC-13312,Purvis,,Ms,UNKNOWN
GGLOC-13313,Goleta,,Ca,UNKNOWN
GGLOC-13314,Center For Total Access,,,UNKNOWN
GGLOC-13315,Sugarland,,Tx,UNKNOWN
GGLOC-13316,Manville,,Nj,UNKNOWN
GGLOC-13317,Capital Connection South Amboy,,Nj,UNKNOWN
GGLOC-13318,Scottsdale,,Ca,UNKNOWN
GGLOC-13319,Grover Beach,,Ca,UNKNOWN
GGLOC-13320,Clarks Summit,,Pa,UNKNOWN
GGLOC-13321,Tucson,,,UNKNOWN
GGLOC-13322,Mendon,,Ma,UNKNOWN
GGLOC-13323,Washington,,Dc 20024,UNKNOWN
GGLOC-13324,Battle Mountain,,Nv,UNKNOWN
GGLOC-13325,Wilmington,,Ca,UNKNOWN
GGLOC-13326,Schaumberg,,Il,UNKNOWN
GGLOC-13327,Mount Pleasant,,Ia,UNKNOWN
GGLOC-13328,Dinwiddie,,Va,UNKNOWN
GGLOC-13329,Poway,,Ca,UNKNOWN
GGLOC-13330,Montebello,,Ca,UNKNOWN
GGLOC-13331,Point Reyes Station,,Ca,UNKNOWN
GGLOC-13332,Yokota,,,UNKNOWN
GGLOC-13333,Santa Fe Springs,,Ca,UNKNOWN
GGLOC-13334,Fairfield,,Al,UNKNOWN
GGLOC-13335,Etobicoke,,,UNKNOWN
GGLOC-13336,Macedonia,,,UNKNOWN
GGLOC-13337,Anapolis,,,UNKNOWN
GGLOC-13338,Fort Lauderdale - Oakland Park,,Fl,UNKNOWN
GGLOC-13339,Nl,,,UNKNOWN
GGLOC-13340,California,,Connecticut,UNKNOWN
GGLOC-13341,Waterloo,,On,UNKNOWN
GGLOC-13342,Autonomous Harbor Of Cotonou,,,UNKNOWN
GGLOC-13343,Www.Steadfastpro.Com,,,UNKNOWN
GGLOC-13344,Spring Hill,,Tn,UNKNOWN
GGLOC-13345,New Century,,Ks,UNKNOWN
GGLOC-13346,Whitakers,,Nc,UNKNOWN
GGLOC-13347,Zhuzhou,,,UNKNOWN
GGLOC-13348,Bartlesville - Ponca City,,Ok,UNKNOWN
GGLOC-13349,Merrill Technologies,,India,UNKNOWN
GGLOC-13350,Commerce,,Mi,UNKNOWN
GGLOC-13351,Hines,,Wv,UNKNOWN
GGLOC-13352,Rochester Ny,,,UNKNOWN
GGLOC-13353,Surfside,,Fl,UNKNOWN
GGLOC-13354,Deployed,,,UNKNOWN
GGLOC-13355,Buena,,Nj,UNKNOWN
GGLOC-13356,Xining,,China,UNKNOWN
GGLOC-13357,Rancho Santa Margarita,,Ca,UNKNOWN
GGLOC-13358,Elberton,,Ga,UNKNOWN
GGLOC-13359,Effingham,,Il,UNKNOWN
GGLOC-13360,Goldstone,,Ca,UNKNOWN
GGLOC-13361,Mayfield,,Ky,UNKNOWN
GGLOC-13362,Park,,Us,UNKNOWN
GGLOC-13363,Bel Air,,Al,UNKNOWN
GGLOC-13364,Guam And Commonwealth Of Northern Mariana Islands (Cnmi),,,UNKNOWN
GGLOC-13365,Hopewell,,Nj,UNKNOWN
GGLOC-13366,Dublin,,Oh 43017,UNKNOWN
GGLOC-13367,Saint Robert,,Mo,UNKNOWN
GGLOC-13368,White Hall,,Md,UNKNOWN
GGLOC-13369,Unit 1F Malt House,,United Kingdom,UNKNOWN
GGLOC-13370,Woodland,,Tx,UNKNOWN
GGLOC-13371,Okinawa,,Jp,UNKNOWN
GGLOC-13372,Pohakuloa Training Area,,,UNKNOWN
GGLOC-13373,Dekemhare - Er,,,UNKNOWN
GGLOC-13374,Richardson,,Wa,UNKNOWN
GGLOC-13375,Hartford,,Connecticut,UNKNOWN
GGLOC-13376,Milton,,Ga,UNKNOWN
GGLOC-13377,Severn,,Md,UNKNOWN
GGLOC-13378,Parañaque,,,UNKNOWN
GGLOC-13379,Ness Ziona,,Israel,UNKNOWN
GGLOC-13380,Racine,,Wi,UNKNOWN
GGLOC-13381,Weaton,,Il,UNKNOWN
GGLOC-13382,Las Animas,,Co,UNKNOWN
GGLOC-13383,Sterling,,,UNKNOWN
GGLOC-13384,Mitchellville,,Md,UNKNOWN
GGLOC-13385,Hebron,,Ct,UNKNOWN
GGLOC-13386,Independence,,Missouri,UNKNOWN
GGLOC-13387,Pristina,,Kosovo,UNKNOWN
GGLOC-13388,Wyoming,,Oh,UNKNOWN
GGLOC-13389,Subcontractor For Saic/Nasa (Unites Contract),,,UNKNOWN
GGLOC-13390,Port Hueneme,,Ca,UNKNOWN
GGLOC-13391,Collinsville,,Va,UNKNOWN
GGLOC-13392,Secaucus,,Nj,UNKNOWN
GGLOC-13393,Infosys,,India,UNKNOWN
GGLOC-13394,Green,,Ky,UNKNOWN
GGLOC-13395,Mooresville,,In,UNKNOWN
GGLOC-13396,Tumwater,,,UNKNOWN
GGLOC-13397,Nellis Air Force Base - Las Vegas,,Nv,UNKNOWN
GGLOC-13398,Yixing,,Cn,UNKNOWN
GGLOC-13399,Lafayette Hill,,Pa,UNKNOWN
GGLOC-13400,Wyeth Philippines Inc.,,,UNKNOWN
GGLOC-13401,Baxter,,Ia,UNKNOWN
GGLOC-13402,Englewood,,Usa,UNKNOWN
GGLOC-13403,Ogle Guyana,,S.A,UNKNOWN
GGLOC-13404,Bobigny,,Fr,UNKNOWN
GGLOC-13405,Gardner,,Ks,UNKNOWN
GGLOC-13406,Connecticut And Massachusetts,,,UNKNOWN
GGLOC-13407,Middlefield,,Ct,UNKNOWN
GGLOC-13408,Redmond,,Wa,UNKNOWN
GGLOC-13409,Reston,,Us,UNKNOWN
GGLOC-13410,La,,,UNKNOWN
GGLOC-13411,Islamabad,,Pakistan,UNKNOWN
GGLOC-13412,Guayaquil,,Ecuador,UNKNOWN
GGLOC-13413,Ooltewah,,Tn,UNKNOWN
GGLOC-13414,Salt Lake City,,Ca,UNKNOWN
GGLOC-13415,Gering,,Ne,UNKNOWN
GGLOC-13416,Harleton,,,UNKNOWN
GGLOC-13417,Renton Va,,,UNKNOWN
GGLOC-13418,Camp Arifjan,,Kw,UNKNOWN
GGLOC-13419,Norwalk,,Oh,UNKNOWN
GGLOC-13420,Gordon,,Ga,UNKNOWN
GGLOC-13421,Catlett,,Va,UNKNOWN
GGLOC-13422,Ebensburg,,Pa,UNKNOWN
GGLOC-13423,Pataskala,,Oh,UNKNOWN
GGLOC-13424,Ridgeland,,Ms,UNKNOWN
GGLOC-13425,Central Africa,,,UNKNOWN
GGLOC-13426,Lauderhill,,Fl,UNKNOWN
GGLOC-13427,Gaston,,Or,UNKNOWN
GGLOC-13428,Elk River,,,UNKNOWN
GGLOC-13429,Villa Clara,,Cuba,UNKNOWN
GGLOC-13430,Trumbull,,Co,UNKNOWN
GGLOC-13431,Georgetown,,Wa,UNKNOWN
GGLOC-13432,Folcroft,,Pa,UNKNOWN
GGLOC-13433,Smithville,,Oh,UNKNOWN
GGLOC-13434,Washington,,Nc,UNKNOWN
GGLOC-13435,Ridgecrest,,Ca,UNKNOWN
GGLOC-13436,Stache & Associates,,,UNKNOWN
GGLOC-13437,Peoria,,Us,UNKNOWN
GGLOC-13438,Hopkinton,,Ma,UNKNOWN
GGLOC-13439,Arkansas City,,Ar,UNKNOWN
GGLOC-13440,Elmwood Park,,Nj,UNKNOWN
GGLOC-13441,Minnapolies,,Mn,UNKNOWN
GGLOC-13442,Tele-Work,,,UNKNOWN
GGLOC-13443,Fort Monmouth,,Nj,UNKNOWN
GGLOC-13444,Cottonwood Heights,,Ut,UNKNOWN
GGLOC-13445,Eureka Springs,,Ar,UNKNOWN
GGLOC-13446,Radnor,,Pa / Camden Nj,UNKNOWN
GGLOC-13447,Cisco,,Ca,UNKNOWN
GGLOC-13448,Schenectady,,Us,UNKNOWN
GGLOC-13449,Kailua-Kona,,Hi,UNKNOWN
GGLOC-13450,Taylorsville,,Ms,UNKNOWN
GGLOC-13451,Http://Www.Ipgwcu.Org,,,UNKNOWN
GGLOC-13452,Franklin - Lake,,Us,UNKNOWN
GGLOC-13453,Arundel Mills Mall,,,UNKNOWN
GGLOC-13454,Marion,,Il,UNKNOWN
GGLOC-13455,La,,Ca,UNKNOWN
GGLOC-13456,Rancho Dominguez,,Ca,UNKNOWN
GGLOC-13457,Austin,,Tx 78728,UNKNOWN
GGLOC-13458,Ft. Belvoir,,Va,UNKNOWN
GGLOC-13459,Laguna Niguel,,Ca,UNKNOWN
GGLOC-13460,Fair Oaks,,Tx,UNKNOWN
GGLOC-13461,Mesick,,Mi,UNKNOWN
GGLOC-13462,La Grange,,Ky,UNKNOWN
GGLOC-13463,Hallisburg,,Pa,UNKNOWN
GGLOC-13464,Glenmoore,,Pa,UNKNOWN
GGLOC-13465,San Diego,,Ca And Pudong Shanghai,UNKNOWN
GGLOC-13466,Niskayuna,,Usa,UNKNOWN
GGLOC-13467,Seattle,,Us,UNKNOWN
GGLOC-13468,Danville,,Pa,UNKNOWN
GGLOC-13469,Natick,,Ma,UNKNOWN
GGLOC-13470,Opp,,Al,UNKNOWN
GGLOC-13471,Forster City,,Ca,UNKNOWN
GGLOC-13472,Marshall Systems Technology,,Inc.,UNKNOWN
GGLOC-13473,Fairfield,,Oh,UNKNOWN
GGLOC-13474,Ardsley,,Ny,UNKNOWN
GGLOC-13475,Oaks,,Pa,UNKNOWN
GGLOC-13476,St - Johnston,,Ia,UNKNOWN
GGLOC-13477,Flemington,,Nj,UNKNOWN
GGLOC-13478,Manchester,,Pa,UNKNOWN
GGLOC-13479,Hicksville,,Ny,UNKNOWN
GGLOC-13480,Marlborough,,Ma,UNKNOWN
GGLOC-13481,Mykolaiv,,,UNKNOWN
GGLOC-13482,Port-Au-Prince,,Haiti,UNKNOWN
GGLOC-13483,State Street Global Advisors,,,UNKNOWN
GGLOC-13484,Davidson,,Nc,UNKNOWN
GGLOC-13485,Herndon,,Us,UNKNOWN
GGLOC-13486,Tamarac,,Fl,UNKNOWN
GGLOC-13487,Collierville,,Tn,UNKNOWN
GGLOC-13488,Novosibirsk,,Russia,UNKNOWN
GGLOC-13489,Baskin Ridge,,Nj,UNKNOWN
GGLOC-13490,Lakeside,,Ca,UNKNOWN
GGLOC-13491,Morganfield,,Ky,UNKNOWN
GGLOC-13492,Texas - Pediatrics Dept.,,,UNKNOWN
GGLOC-13493,New Bern,,Nc,UNKNOWN
GGLOC-13494,Bowie,,Maryland,UNKNOWN
GGLOC-13495,Delaware Ozone Park,,Ny,UNKNOWN
GGLOC-13496,Mesa,,,UNKNOWN
GGLOC-13497,Abu Dhabi,,Uae,UNKNOWN
GGLOC-13498,Rtc,,,UNKNOWN
GGLOC-13499,Dade And Broward Counties,,,UNKNOWN
GGLOC-13500,Butler,,Nj,UNKNOWN
GGLOC-13501,Glendale,,Us,UNKNOWN
GGLOC-13502,Remote/Global Telecommute,,,UNKNOWN
GGLOC-13503,Washington,,Dc Naval Annex,UNKNOWN
GGLOC-13504,Dubai - Irvine,,Ca,UNKNOWN
GGLOC-13505,Girard,,Oh,UNKNOWN
GGLOC-13506,Islandia,,Ny,UNKNOWN
GGLOC-13507,North Hills,,Ca,UNKNOWN
GGLOC-13508,Panorama City,,Ca,UNKNOWN
GGLOC-13509,Newport,,Ny,UNKNOWN
GGLOC-13510,Zeist,,,UNKNOWN
GGLOC-13511,Peoria,,,UNKNOWN
GGLOC-13512,Newport Beach,,Cs,UNKNOWN
GGLOC-13513,Sanjose,,,UNKNOWN
GGLOC-13514,Lee,,Ma,UNKNOWN
GGLOC-13515,Boise,,Md,UNKNOWN
GGLOC-13516,Calvert,,Al,UNKNOWN
GGLOC-13517,Loiusville,,Ky,UNKNOWN
GGLOC-13518,Lugano,,Ch,UNKNOWN
GGLOC-13519,Alexandria,,Us,UNKNOWN
GGLOC-13520,Alexandria,,Dekhela,UNKNOWN
GGLOC-13521,Point Pleasant,,Nj,UNKNOWN
GGLOC-13522,Magnolia,,Tx,UNKNOWN
GGLOC-13523,Banking,,,UNKNOWN
GGLOC-13524,Louisville,,,UNKNOWN
GGLOC-13525,Altamonte Springs,,Fl,UNKNOWN
GGLOC-13526,Montpelier,,Vt,UNKNOWN
GGLOC-13527,Boxford,,Ma,UNKNOWN
GGLOC-13528,Severna Park,,Md,UNKNOWN
GGLOC-13529,Front End Developer,,,UNKNOWN
GGLOC-13530,Fairburn,,Ga,UNKNOWN
GGLOC-13531,East Setauket,,Ny,UNKNOWN
GGLOC-13532,Ridgewood,,Ny,UNKNOWN
GGLOC-13533,Johns Creek,,Ga,UNKNOWN
GGLOC-13534,Bridgeport,,Ca,UNKNOWN
GGLOC-13535,Metro - Atlanta,,Ga,UNKNOWN
GGLOC-13536,Eagle,,Id,UNKNOWN
GGLOC-13537,Grover,,Nc,UNKNOWN
GGLOC-13538,Deer Trail,,Co,UNKNOWN
GGLOC-13539,Directv Installations,,Valencia - Edo. Carabobo,UNKNOWN
GGLOC-13540,Maroa,,Il,UNKNOWN
GGLOC-13541,Web,,,UNKNOWN
GGLOC-13542,Washington,,Dc 20548,UNKNOWN
GGLOC-13543,Other,,Information Technology,UNKNOWN
GGLOC-13544,Augusta,,Us,UNKNOWN
GGLOC-13545,Menifee Valley,,Ca,UNKNOWN
GGLOC-13546,Anbar Province,,,UNKNOWN
GGLOC-13547,Al Aqaba,,,UNKNOWN
GGLOC-13548,Wakefield,,Ma,UNKNOWN
GGLOC-13549,Cedarburg,,Wi,UNKNOWN
GGLOC-13550,Arcadia,,Ca,UNKNOWN
GGLOC-13551,Short Pump,,Va,UNKNOWN
GGLOC-13552,Food And Drug Administration (Fda),,,UNKNOWN
GGLOC-13553,Duncan,,Sc,UNKNOWN
GGLOC-13554,W Springfield,,Ma,UNKNOWN
GGLOC-13555,Lititz,,Pa,UNKNOWN
GGLOC-13556,Point Richmond,,Ca,UNKNOWN
GGLOC-13557,Vacherie,,La,UNKNOWN
GGLOC-13558,Winnipeg,,Mb,UNKNOWN
GGLOC-13559,Douglassville,,Pa,UNKNOWN
GGLOC-13560,Northborough,,Ma,UNKNOWN
GGLOC-13561,Los Palos Gandes Chacao,,,UNKNOWN
GGLOC-13562,Rahway,,Nj,UNKNOWN
GGLOC-13563,Colonial Heights,,Va,UNKNOWN
GGLOC-13564,Coppell,,,UNKNOWN
GGLOC-13565,Conejo & San Fernando Valleys,,Ca,UNKNOWN
GGLOC-13566,Vapi,,In,UNKNOWN
GGLOC-13567,St Thomas,,Vi,UNKNOWN
GGLOC-13568,Satanta,,Ks,UNKNOWN
GGLOC-13569,Urbana,,Oh,UNKNOWN
GGLOC-13570,Arifjan - Kw,,,UNKNOWN
GGLOC-13571,Crofton,,Md,UNKNOWN
GGLOC-13572,Nas Patuxent River,,Md,UNKNOWN
GGLOC-13573,Sunny Vale,,Ca,UNKNOWN
GGLOC-13574,Dayton,,Ky,UNKNOWN
GGLOC-13575,Center Moriches,,Ny,UNKNOWN
GGLOC-13576,Fort El Paso,,Tx,UNKNOWN
GGLOC-13577,Nice,,Fr,UNKNOWN
GGLOC-13578,Hingham,,Ma,UNKNOWN
GGLOC-13579,San Clemente,,Ca,UNKNOWN
GGLOC-13580,Clarkston,,Mi,UNKNOWN
GGLOC-13581,Bayport,,Ny,UNKNOWN
GGLOC-13582,Dearborn,,Us,UNKNOWN
GGLOC-13583,Bd,,,UNKNOWN
GGLOC-13584,Lonetree,,Co,UNKNOWN
GGLOC-13585,South Africa,,Nigeria,UNKNOWN
GGLOC-13586,Chilhowie,,Va,UNKNOWN
GGLOC-13587,Spring Lake,,Nc,UNKNOWN
GGLOC-13588,Lincoln,,Ca,UNKNOWN
GGLOC-13589,Nih/Niaid,,,UNKNOWN
GGLOC-13590,Lee'S Summit,,Mo,UNKNOWN
GGLOC-13591,Kochin,,India,UNKNOWN
GGLOC-13592,San Pedro Sula,,,UNKNOWN
GGLOC-13593,Michigan,,Mi,UNKNOWN
GGLOC-13594,Kuala Lumpur,,,UNKNOWN
GGLOC-13595,Flushing,,,UNKNOWN
GGLOC-13596,Iwakuni,,Jp,UNKNOWN
GGLOC-13597,Newhall,,Ca,UNKNOWN
GGLOC-13598,New Middletown,,Oh,UNKNOWN
GGLOC-13599,Chantilly,,Virginia,UNKNOWN
GGLOC-13600,Co,,Us,UNKNOWN
GGLOC-13601,Westford,,Ma,UNKNOWN
GGLOC-13602,Garfield Hts,,Oh,UNKNOWN
GGLOC-13603,Fargo,,Minnesota,UNKNOWN
GGLOC-13604,Briarwood,,Ny,UNKNOWN
GGLOC-13605,Milwaukee,,Wi - August 2014 - Present,UNKNOWN
GGLOC-13606,Pearl Harbor,,Hi,UNKNOWN
GGLOC-13607,Chagrin Falls,,Oh,UNKNOWN
GGLOC-13608,Anchorage,,Ky,UNKNOWN
GGLOC-13609,Ascension Island,,Uk,UNKNOWN
GGLOC-13610,Omaha Usa,,,UNKNOWN
GGLOC-13611,Merrifield,,Va,UNKNOWN
GGLOC-13612,Halliburton,,,UNKNOWN
GGLOC-13613,Estero,,Fl,UNKNOWN
GGLOC-13614,Cologne,,Mn,UNKNOWN
GGLOC-13615,Bhaktapur,,,UNKNOWN
GGLOC-13616,Rocky Hill,,Fl,UNKNOWN
GGLOC-13617,Deerfield,,Fl,UNKNOWN
GGLOC-13618,Suwannee,,Ga,UNKNOWN
GGLOC-13619,Tennessee,,Usa,UNKNOWN
GGLOC-13620,Stoneham,,Ma,UNKNOWN
GGLOC-13621,Contractor To Cargill Corp,,,UNKNOWN
GGLOC-13622,Riviera Beach,,Fl,UNKNOWN
GGLOC-13623,Al-Taqaddum,,Iraq,UNKNOWN
GGLOC-13624,Carrolton,,Tx,UNKNOWN
GGLOC-13625,Warsaw,,Oh,UNKNOWN
GGLOC-13626,Elmendorf Afb,,Ak,UNKNOWN
GGLOC-13627,Fla.,,,UNKNOWN
GGLOC-13628,Castleton,,In,UNKNOWN
GGLOC-13629,D/Fw Area,,,UNKNOWN
GGLOC-13630,Tucson,,Az (Currently Remote),UNKNOWN
GGLOC-13631,Powell,,Oh,UNKNOWN
GGLOC-13632,Liberty Lake,,Wa,UNKNOWN
GGLOC-13633,Cedar Rapid,,Ia,UNKNOWN
GGLOC-13634,Ft. Mcclellan - Anniston,,Al,UNKNOWN
GGLOC-13635,Perth Wa,,,UNKNOWN
GGLOC-13636,Orangevale,,Ca,UNKNOWN
GGLOC-13637,Research Triangle Park,,Nc,UNKNOWN
GGLOC-13638,Beach,,Us,UNKNOWN
GGLOC-13639,Menomonee,,Wi,UNKNOWN
GGLOC-13640,In Progress,,,UNKNOWN
GGLOC-13641,Shirley,,Ny,UNKNOWN
GGLOC-13642,Sunnyvale,,California,UNKNOWN
GGLOC-13643,Palm City,,Fl,UNKNOWN
GGLOC-13644,Fort Indiantown Gap,,Pa,UNKNOWN
GGLOC-13645,Burien,,Wa,UNKNOWN
GGLOC-13646,Www.Funpole Tness.Com,,,UNKNOWN
GGLOC-13647,Jaffna,,Srilanka,UNKNOWN
GGLOC-13648,Keizer,,Or,UNKNOWN
GGLOC-13649,Inwood,,Wv,UNKNOWN
GGLOC-13650,Dot,,Wa,UNKNOWN
GGLOC-13651,Naperville,,,UNKNOWN
GGLOC-13652,Ozark,,Mo,UNKNOWN
GGLOC-13653,St Petersburg Beach,,Fl,UNKNOWN
GGLOC-13654,Bryan,,Tx,UNKNOWN
GGLOC-13655,Friend,,Ne,UNKNOWN
GGLOC-13656,Meridian,,Id,UNKNOWN
GGLOC-13657,Saint Paul Public Schools,,,UNKNOWN
GGLOC-13658,Phenix,,Va,UNKNOWN
GGLOC-13659,Hartford,,Wi,UNKNOWN
GGLOC-13660,Silverdale,,Wa,UNKNOWN
GGLOC-13661,Berlin,,Nj,UNKNOWN
GGLOC-13662,Roseville,,Us,UNKNOWN
GGLOC-13663,New Windsor,,Ny,UNKNOWN
GGLOC-13664,Lake Oswego,,Or,UNKNOWN
GGLOC-13665,Sybor Technologies Inc,,,UNKNOWN
GGLOC-13666,Everywhere,,,UNKNOWN
GGLOC-13667,Sussex County,,,UNKNOWN
GGLOC-13668,Elizabethton,,Tn,UNKNOWN
GGLOC-13669,Temple Hills,,Md,UNKNOWN
GGLOC-13670,Juba,,South Sudan,UNKNOWN
GGLOC-13671,Union,,Il,UNKNOWN
GGLOC-13672,Charlotee,,North Carolina,UNKNOWN
GGLOC-13673,Ft Belv,,,UNKNOWN
GGLOC-13674,Community Tutoring,,Inc,UNKNOWN
GGLOC-13675,Wixom,,Mi,UNKNOWN
GGLOC-13676,Old Bridge,,Nj,UNKNOWN
GGLOC-13677,Cornelia,,Ga,UNKNOWN
GGLOC-13678,Williston Park,,Ny,UNKNOWN
GGLOC-13679,Mercer,,Pa,UNKNOWN
GGLOC-13680,Ga & Ny,,,UNKNOWN
GGLOC-13681,Fairbanks,,Ak,UNKNOWN
GGLOC-13682,Madison,,Ct,UNKNOWN
GGLOC-13683,Brookfield,,Wi,UNKNOWN
GGLOC-13684,Weyers Cave,,Va,UNKNOWN
GGLOC-13685,La Grange,,Il,UNKNOWN
GGLOC-13686,Comcast - Philadelphia Hedquarters,,,UNKNOWN
GGLOC-13687,Masontown,,Pa,UNKNOWN
GGLOC-13688,Giza,,,UNKNOWN
GGLOC-13689,Monroe,,Mi,UNKNOWN
GGLOC-13690,Robertsdale,,Al,UNKNOWN
GGLOC-13691,Tampa Bay,,Fl,UNKNOWN
GGLOC-13692,Havana City,,Cuba,UNKNOWN
GGLOC-13693,Birdsboro,,Pa,UNKNOWN
GGLOC-13694,Nsw Australia,,,UNKNOWN
GGLOC-13695,Richmond,,U.K.,UNKNOWN
GGLOC-13696,Highland,,In,UNKNOWN
GGLOC-13697,Point Mugu,,Ca,UNKNOWN
GGLOC-13698,Watseka,,Il,UNKNOWN
GGLOC-13699,Costa Mesa,,,UNKNOWN
GGLOC-13700,Scottsdale,,,UNKNOWN
GGLOC-13701,Middelfart,,,UNKNOWN
GGLOC-13702,Nationwide - Green Lane,,Pa,UNKNOWN
GGLOC-13703,Almaty,,Kazakhstan,UNKNOWN
GGLOC-13704,Port Saint Lucie,,Fl,UNKNOWN
GGLOC-13705,Hazen,,Nd,UNKNOWN
GGLOC-13706,King,,Nc,UNKNOWN
GGLOC-13707,Newyork,,,UNKNOWN
GGLOC-13708,Ny Metro Area,,,UNKNOWN
GGLOC-13709,Piedecuesta,,Colombia,UNKNOWN
GGLOC-13710,Redmond,,Us,UNKNOWN
GGLOC-13711,Chelyabinsk,,Ru Russia,UNKNOWN
GGLOC-13712,Dothan,,Al,UNKNOWN
GGLOC-13713,Hebron,,Ne,UNKNOWN
GGLOC-13714,Mcclellan,,Ca,UNKNOWN
GGLOC-13715,Cs.Odu.Edu,,,UNKNOWN
GGLOC-13716,Closter,,Nj,UNKNOWN
GGLOC-13717,Fort Sill,,Ok,UNKNOWN
GGLOC-13718,Glasgow Greenock,,,UNKNOWN
GGLOC-13719,Valley Forge,,Pa,UNKNOWN
GGLOC-13720,Edinburgh,,In,UNKNOWN
GGLOC-13721,U.S. Department Of Justice,,,UNKNOWN
GGLOC-13722,Marina,,Lagos,UNKNOWN
GGLOC-13723,45218,,,UNKNOWN
GGLOC-13724,Hixson,,Tn,UNKNOWN
GGLOC-13725,Los Ranchos De Albuquerque,,Nm,UNKNOWN
GGLOC-13726,Jersey City,,Ny,UNKNOWN
GGLOC-13727,Red Wood City - Ca,,,UNKNOWN
GGLOC-13728,Ucla,,Ca,UNKNOWN
GGLOC-13729,Mcgee'S Crossroads,,Nc,UNKNOWN
GGLOC-13730,Midvale,,Ut,UNKNOWN
GGLOC-13731,Northboro,,Ma,UNKNOWN
GGLOC-13732,Plymouth,,Ma,UNKNOWN
GGLOC-13733,Hamilton,,Nj,UNKNOWN
GGLOC-13734,Lumberton,,Nj,UNKNOWN
GGLOC-13735,Woodcliff Lake,,,UNKNOWN
GGLOC-13736,Stratford,,,UNKNOWN
GGLOC-13737,Bear Institute,,,UNKNOWN
GGLOC-13738,Dia,,Bolling Afb Washington D.C.,UNKNOWN
GGLOC-13739,Contract For Cable Installation For Mcdonalds',,Us Probation And Etc.,UNKNOWN
GGLOC-13740,Elk Grove,,Illinois,UNKNOWN
GGLOC-13741,Patuxent - River,,Us,UNKNOWN
GGLOC-13742,Punjab,,India,UNKNOWN
GGLOC-13743,Md,,Us,UNKNOWN
GGLOC-13744,Sharjah,,United Arab Emirates,UNKNOWN
GGLOC-13745,West Hempstead,,Ny,UNKNOWN
GGLOC-13746,Lake Mary,,Us,UNKNOWN
GGLOC-13747,Morris,,Il,UNKNOWN
GGLOC-13748,Wilkesboro,,Nc,UNKNOWN
GGLOC-13749,Boston,,Ny,UNKNOWN
GGLOC-13750,Punxsutawney,,Pa,UNKNOWN
GGLOC-13751,Dorado,,Us,UNKNOWN
GGLOC-13752,Crawfordsville,,In,UNKNOWN
GGLOC-13753,Kansas City,,Mo 64116,UNKNOWN
GGLOC-13754,Ca,,Usa,UNKNOWN
GGLOC-13755,Honey Brook,,Pa,UNKNOWN
GGLOC-13756,Kilauea,,Hi,UNKNOWN
GGLOC-13757,Milpitas,,Us,UNKNOWN
GGLOC-13758,Manalapan,,Nj,UNKNOWN
GGLOC-13759,Mcas Yuma,,Az,UNKNOWN
GGLOC-13760,Owerri,,Ng,UNKNOWN
GGLOC-13761,Buenos Aires,,Tx,UNKNOWN
GGLOC-13762,Ma Seattle,,Wa,UNKNOWN
GGLOC-13763,Lyon,,Fr,UNKNOWN
GGLOC-13764,Everson,,Wa,UNKNOWN
GGLOC-13765,Whiteville,,Nc,UNKNOWN
GGLOC-13766,Newtown Square,,Pa,UNKNOWN
GGLOC-13767,Christiansted,,Vi,UNKNOWN
GGLOC-13768,American Fork,,Ut,UNKNOWN
GGLOC-13769,Eatontown,,Nj,UNKNOWN
GGLOC-13770,Tobyhanna,,Pa,UNKNOWN
GGLOC-13771,Www.Buchelaw.Com,,,UNKNOWN
GGLOC-13772,Painesville,,Oh,UNKNOWN
GGLOC-13773,Georgetown,,Tx,UNKNOWN
GGLOC-13774,Puyang,,Cn,UNKNOWN
GGLOC-13775,Foley,,Al,UNKNOWN
GGLOC-13776,Dtra,,Va,UNKNOWN
GGLOC-13777,Wilkesbo,,,UNKNOWN
GGLOC-13778,North Dallas,,Tx,UNKNOWN
GGLOC-13779,Department Of Navy (Don) - Financial Management,,Logistics,UNKNOWN
GGLOC-13780,Tijeras,,Nm,UNKNOWN
GGLOC-13781,Placerville,,,UNKNOWN
GGLOC-13782,Humboldt,,Tn,UNKNOWN
GGLOC-13783,Mchenry,,Il,UNKNOWN
GGLOC-13784,Cte,,Bits Goa,UNKNOWN
GGLOC-13785,Beachwood,,Oh,UNKNOWN
GGLOC-13786,Boyds,,Md,UNKNOWN
GGLOC-13787,Long Island Brooklyn,,Ny,UNKNOWN
GGLOC-13788,Virtual Office,,,UNKNOWN
GGLOC-13789,Rochester,,Ny 14621,UNKNOWN
GGLOC-13790,Campbell,,,UNKNOWN
GGLOC-13791,Sector (Contractor Company For Seguros Caracas),,,UNKNOWN
GGLOC-13792,Missouri City,,Tx,UNKNOWN
GGLOC-13793,Austintown,,Oh,UNKNOWN
GGLOC-13794,Rosedale,,Ny,UNKNOWN
GGLOC-13795,Bayonne,,Nj,UNKNOWN
GGLOC-13796,Oklahoma,,Usa,UNKNOWN
GGLOC-13797,South Lyme,,Ct,UNKNOWN
GGLOC-13798,Cary,,Il,UNKNOWN
GGLOC-13799,Reuil Malmaison,,,UNKNOWN
GGLOC-13800,Willow Grove,,Pa,UNKNOWN
GGLOC-13801,Gaylord,,Mn,UNKNOWN
GGLOC-13802,Cape Canaveral Air Force Station,,Fl,UNKNOWN
GGLOC-13803,Otis Orchards,,Wa,UNKNOWN
GGLOC-13804,Dubai,,,UNKNOWN
GGLOC-13805,Bellingham,,Ma,UNKNOWN
GGLOC-13806,Crozet,,Va,UNKNOWN
GGLOC-13807,Https://Ucrarts.Ucr.Edu/,,,UNKNOWN
GGLOC-13808,Jersey City,,Us,UNKNOWN
GGLOC-13809,Bastar,,Us,UNKNOWN
GGLOC-13810,Wisconsin Dells,,Wi,UNKNOWN
GGLOC-13811,Franklin Park,,Il,UNKNOWN
GGLOC-13812,Bartonville,,Il,UNKNOWN
GGLOC-13813,Md,,De Region,UNKNOWN
GGLOC-13814,Palm Gardens,,Fl,UNKNOWN
GGLOC-13815,Burlington,,Ia,UNKNOWN
GGLOC-13816,Sunbury,,Oh,UNKNOWN
GGLOC-13817,Midland Park,,Nj,UNKNOWN
GGLOC-13818,Santaclara Ca,,,UNKNOWN
GGLOC-13819,Heber,,Ut,UNKNOWN
GGLOC-13820,San Fernando,,Ca,UNKNOWN
GGLOC-13821,Saltlake City,,Ut,UNKNOWN
GGLOC-13822,Clinton,,Tn,UNKNOWN
GGLOC-13823,Antony,,,UNKNOWN
GGLOC-13824,Liberty,,Ky,UNKNOWN
GGLOC-13825,South Amboy,,Us,UNKNOWN
GGLOC-13826,Glen Rock,,Nj,UNKNOWN
GGLOC-13827,Carmichael,,Ca,UNKNOWN
GGLOC-13828,Aberdeen Proving Grounds,,Maryland,UNKNOWN
GGLOC-13829,Indianapolis,,Us,UNKNOWN
GGLOC-13830,Princeton Junction,,Nj,UNKNOWN
GGLOC-13831,Nolensville,,Tn,UNKNOWN
GGLOC-13832,Sunset Beach,,Nc,UNKNOWN
GGLOC-13833,Fez,,Ma,UNKNOWN
GGLOC-13834,Lancaster,,Oh,UNKNOWN
GGLOC-13835,Colombus,,Ga,UNKNOWN
GGLOC-13836,North Kingstown,,Ri,UNKNOWN
GGLOC-13837,Monrovia,,Lr,UNKNOWN
GGLOC-13838,Cotonou,,Benin,UNKNOWN
GGLOC-13839,Coats,,Nc,UNKNOWN
GGLOC-13840,Pacific Palisades,,Ca,UNKNOWN
GGLOC-13841,Tallinn,,,UNKNOWN
GGLOC-13842,Dallas,,Tx Richardson,UNKNOWN
GGLOC-13843,Baltimore County,,Maryland,UNKNOWN
GGLOC-13844,Horseheads,,Ny,UNKNOWN
GGLOC-13845,Pikesville,,Md,UNKNOWN
GGLOC-13846,Wright-Patterson Afb,,Oh,UNKNOWN
GGLOC-13847,To,,Br,UNKNOWN
GGLOC-13848,Bowling Green,,Va,UNKNOWN
GGLOC-13849,Maricopa County,,Az,UNKNOWN
GGLOC-13850,It Services From Konica Minolta,,,UNKNOWN
GGLOC-13851,Kuwait,,Syria,UNKNOWN
GGLOC-13852,Atmore,,Al,UNKNOWN
GGLOC-13853,Wilmington,,Us,UNKNOWN
GGLOC-13854,My Real Estate Broker Inc,,,UNKNOWN
GGLOC-13855,Gagny,,France,UNKNOWN
GGLOC-13856,Richardson - Austin,,Tx,UNKNOWN
GGLOC-13857,Www.Jasonkaohwang.Com,,,UNKNOWN
GGLOC-13858,Hendersonville,,Tn,UNKNOWN
GGLOC-13859,Juno Beach,,Fl,UNKNOWN
GGLOC-13860,Dallas Texas,,,UNKNOWN
GGLOC-13861,South Brunswick Terrace,,Nj,UNKNOWN
GGLOC-13862,Parras De La Fuente,,Coahuila,UNKNOWN
GGLOC-13863,Sorrento,,La,UNKNOWN
GGLOC-13864,Webster,,Ny,UNKNOWN
GGLOC-13865,North Olmsted,,Oh,UNKNOWN
GGLOC-13866,Dumfries,,Va,UNKNOWN
GGLOC-13867,Rotterdam,,Nl,UNKNOWN
GGLOC-13868,Okinawa Japan,,,UNKNOWN
GGLOC-13869,Seatle (United States),,,UNKNOWN
GGLOC-13870,Client - Mercedes Benz,,,UNKNOWN
GGLOC-13871,Oxford,,Nc,UNKNOWN
GGLOC-13872,Boomtown,,,UNKNOWN
GGLOC-13873,Sika-West,,,UNKNOWN
GGLOC-13874,Sienna,,It,UNKNOWN
GGLOC-13875,New Brighton,,Mn,UNKNOWN
GGLOC-13876,Redmond,,Va,UNKNOWN
GGLOC-13877,Camp Humphreys Tc,,,UNKNOWN
GGLOC-13878,Target Stores,,,UNKNOWN
GGLOC-13879,Lebanon,,Nh,UNKNOWN
GGLOC-13880,House Of Representatives,,D.C.,UNKNOWN
GGLOC-13881,21201,,,UNKNOWN
GGLOC-13882,Farmington - Hill,,Us,UNKNOWN
GGLOC-13883,Hefei,,China,UNKNOWN
GGLOC-13884,Mounds View,,Mn,UNKNOWN
GGLOC-13885,Winnetka,,Il,UNKNOWN
GGLOC-13886,Nedrow,,Ny,UNKNOWN
GGLOC-13887,Enterprise,,Fl,UNKNOWN
GGLOC-13888,Grafenwoher,,Germany,UNKNOWN
GGLOC-13889,Camp - Hills,,Us,UNKNOWN
GGLOC-13890,Peterson Air Force Base,,,UNKNOWN
GGLOC-13891,Aldie,,Va,UNKNOWN
GGLOC-13892,Chatillon,,France,UNKNOWN
GGLOC-13893,Mount Vernon,,Wa,UNKNOWN
GGLOC-13894,Chatham,,Nj,UNKNOWN
GGLOC-13895,Project: Scotiabank 'Rapidlab',,,UNKNOWN
GGLOC-13896,Ellwood City,,Pa,UNKNOWN
GGLOC-13897,Hillsboro,,Id,UNKNOWN
GGLOC-13898,Jeannette,,Pa,UNKNOWN
GGLOC-13899,Edmond,,Ok 73013,UNKNOWN
GGLOC-13900,Villanova University,,,UNKNOWN
GGLOC-13901,Client- Axa,,,UNKNOWN
GGLOC-13902,Jmd/Justice Communication Service (Jcs) Ashburn,,Va,UNKNOWN
GGLOC-13903,Manhattan Beach,,Ca,UNKNOWN
GGLOC-13904,Auburn,,Ny,UNKNOWN
GGLOC-13905,Pickering,,On,UNKNOWN
GGLOC-13906,Albany Marine Logistics Base,,,UNKNOWN
GGLOC-13907,Hawassa,,Snnpr,UNKNOWN
GGLOC-13908,Oreland,,Pa,UNKNOWN
GGLOC-13909,Worrell Dentistry Llc,,,UNKNOWN
GGLOC-13910,Kenhorst,,Pa,UNKNOWN
GGLOC-13911,Freeport,,Pa,UNKNOWN
GGLOC-13912,May 2019 To Present,,,UNKNOWN
GGLOC-13913,Warrensville Heights,,Oh,UNKNOWN
GGLOC-13914,Calgary,,Canada,UNKNOWN
GGLOC-13915,Farmingdale,,Pa,UNKNOWN
GGLOC-13916,Eglin Afb,,Fl,UNKNOWN
GGLOC-13917,Carmel,,Ny,UNKNOWN
GGLOC-13918,New Bloomfield,,Mo,UNKNOWN
GGLOC-13919,Decatur,,Tn,UNKNOWN
GGLOC-13920,Kuwait,,Oconus,UNKNOWN
GGLOC-13921,Coshocton,,Oh 43812,UNKNOWN
GGLOC-13922,Bexar County,,Tx,UNKNOWN
GGLOC-13923,Virginia U.S.A,,,UNKNOWN
GGLOC-13924,Elk Grove,,Il,UNKNOWN
GGLOC-13925,Wantagh,,Ny,UNKNOWN
GGLOC-13926,Tolleson,,Az,UNKNOWN
GGLOC-13927,Jakarta,,,UNKNOWN
GGLOC-13928,Vsoc,,Fl,UNKNOWN
GGLOC-13929,Parlin,,Nj,UNKNOWN
GGLOC-13930,Alviso,,Ca,UNKNOWN
GGLOC-13931,Lake Wales,,Fl,UNKNOWN
GGLOC-13932,Bayamo,,Cuba,UNKNOWN
GGLOC-13933,Union City,,Tn,UNKNOWN
GGLOC-13934,S Portland,,Me,UNKNOWN
GGLOC-13935,Southeastern La University - Hammond,,La,UNKNOWN
GGLOC-13936,Peterson Afb,,Co,UNKNOWN
GGLOC-13937,Garberville,,Ca,UNKNOWN
GGLOC-13938,Pasab,,,UNKNOWN
GGLOC-13939,Gaithersburg Maryland. Usa,,,UNKNOWN
GGLOC-13940,Great Treasure,,Nj,UNKNOWN
GGLOC-13941,Wicomico County,,Maryland,UNKNOWN
GGLOC-13942,City Of Philadelphia,,,UNKNOWN
GGLOC-13943,Grove,,Il,UNKNOWN
GGLOC-13944,South Miami,,Fl,UNKNOWN
GGLOC-13945,Pigeon Forge,,Tn,UNKNOWN
GGLOC-13946,Douglasville,,Ga,UNKNOWN
GGLOC-13947,Doral,,Fl,UNKNOWN
GGLOC-13948,Android Studio,,,UNKNOWN
GGLOC-13949,Peterborough,,Nh,UNKNOWN
GGLOC-13950,Maquoketa,,Ia,UNKNOWN
GGLOC-13951,Mastic,,Ny,UNKNOWN
GGLOC-13952,Finland,,,UNKNOWN
GGLOC-13953,Boolingbrook,,Il,UNKNOWN
GGLOC-13954,Las Vegas,,,UNKNOWN
GGLOC-13955,Franklin Lakes,,Us,UNKNOWN
GGLOC-13956,Stamford-Ct,,,UNKNOWN
GGLOC-13957,Baltimore,,Maryland,UNKNOWN
GGLOC-13958,Pleasant Ridge,,Mi,UNKNOWN
GGLOC-13959,Department Of Defense Health Agency,,,UNKNOWN
GGLOC-13960,Lille,,Fr,UNKNOWN
GGLOC-13961,Prince George'S County,,Md,UNKNOWN
GGLOC-13962,Hilliard,,Oh 43026,UNKNOWN
GGLOC-13963,Osan Ab,,S. Korea,UNKNOWN
GGLOC-13964,Vallejo,,Ca,UNKNOWN
GGLOC-13965,Molalla,,Or,UNKNOWN
GGLOC-13966,New Berlin,,Wi,UNKNOWN
GGLOC-13967,New Albany,,Oh,UNKNOWN
GGLOC-13968,Cebu,,Philippines,UNKNOWN
GGLOC-13969,Stratton,,Vt,UNKNOWN
GGLOC-13970,Nt Concepts,,Va,UNKNOWN
GGLOC-13971,Misawa Air Base,,Amouri,UNKNOWN
GGLOC-13972,Simpsonville,,Ky,UNKNOWN
GGLOC-13973,Mutilva,,,UNKNOWN
GGLOC-13974,Winfield,,Wv,UNKNOWN
GGLOC-13975,Lamya House,,,UNKNOWN
GGLOC-13976,Several Locations,,,UNKNOWN
GGLOC-13977,Mms - Long Beach,,Ca,UNKNOWN
GGLOC-13978,Albuquerque,,New Mexico,UNKNOWN
GGLOC-13979,Heathrow,,Fl,UNKNOWN
GGLOC-13980,Denton,,Md,UNKNOWN
GGLOC-13981,Oriskany,,Ny,UNKNOWN
GGLOC-13982,Sodertalje,,Se,UNKNOWN
GGLOC-13983,Franklin Square,,Ny,UNKNOWN
GGLOC-13984,Wapakoneta,,Oh,UNKNOWN
GGLOC-13985,Westbrook,,Me,UNKNOWN
GGLOC-13986,South Charleston,,Wv,UNKNOWN
GGLOC-13987,Hanover,,Pa,UNKNOWN
GGLOC-13988,Richburg,,Sc,UNKNOWN
GGLOC-13989,Wood Dale,,Il,UNKNOWN
GGLOC-13990,Clarksville,,Va,UNKNOWN
GGLOC-13991,Sunderland,,Md,UNKNOWN
GGLOC-13992,Warminster,,Pa,UNKNOWN
GGLOC-13993,Fort Shafter,,Hi,UNKNOWN
GGLOC-13994,Lutz,,Fl,UNKNOWN
GGLOC-13995,Mc Clean,,Va,UNKNOWN
GGLOC-13996,Northbrook,,Ohio And Texas,UNKNOWN
GGLOC-13997,Toa Alta,,Pr,UNKNOWN
GGLOC-13998,Brooklyn,,Oh,UNKNOWN
GGLOC-13999,Curryville,,Pa,UNKNOWN
GGLOC-14000,Washington,,Nj,UNKNOWN
GGLOC-14001,Marysville,,Mi,UNKNOWN
GGLOC-14002,Columbus,,Oh 43228,UNKNOWN
GGLOC-14003,Tata Consultancy Services Pvt. Ltd.,,India/Usa,UNKNOWN
GGLOC-14004,Wallingford,,Ct,UNKNOWN
GGLOC-14005,Wayne,,Us,UNKNOWN
GGLOC-14006,Kansas Department Of Transportation,,,UNKNOWN
GGLOC-14007,King And Queen County,,Va,UNKNOWN
GGLOC-14008,Toa Baja,,Us,UNKNOWN
GGLOC-14009,Fletcher,,Oh,UNKNOWN
GGLOC-14010,Web Complex,,,UNKNOWN
GGLOC-14011,Alto,,Tx,UNKNOWN
GGLOC-14012,Bristow,,Va,UNKNOWN
GGLOC-14013,Artesia,,Ca,UNKNOWN
GGLOC-14014,Bagram,,Cjsotf,UNKNOWN
GGLOC-14015,Cadillac,,Mi,UNKNOWN
GGLOC-14016,North Attleboro,,Ma,UNKNOWN
GGLOC-14017,Washington Navy Yard,,D.C,UNKNOWN
GGLOC-14018,Ivins,,Ut,UNKNOWN
GGLOC-14019,Sandy,,Utah,UNKNOWN
GGLOC-14020,Unocal Corporation,,,UNKNOWN
GGLOC-14021,Vega Baja,,Pr,UNKNOWN
GGLOC-14022,Abovyan,,Kotayq,UNKNOWN
GGLOC-14023,Park Ridge,,Il,UNKNOWN
GGLOC-14024,Rocket Center,,Us,UNKNOWN
GGLOC-14025,Lumber Services,,,UNKNOWN
GGLOC-14026,Market,,Ny,UNKNOWN
GGLOC-14027,Boulder County,,Co,UNKNOWN
GGLOC-14028,Rivne,,Ukraine,UNKNOWN
GGLOC-14029,North Canton,,Ohio,UNKNOWN
GGLOC-14030,Rye Brook,,Ny,UNKNOWN
GGLOC-14031,North America,,,UNKNOWN
GGLOC-14032,Aberdeen Proving Ground,,21005,UNKNOWN
GGLOC-14033,Oldwick,,Nj,UNKNOWN
GGLOC-14034,Powell,,Tn,UNKNOWN
GGLOC-14035,Valdese,,Nc,UNKNOWN
GGLOC-14036,Berlin,,Vt,UNKNOWN
GGLOC-14037,Permanente,,Ca,UNKNOWN
GGLOC-14038,Paris,,Ky,UNKNOWN
GGLOC-14039,San Salvador,,Belize,UNKNOWN
GGLOC-14040,Montoursville,,Pa,UNKNOWN
GGLOC-14041,Newport,,Mn,UNKNOWN
GGLOC-14042,Bamberg,,De,UNKNOWN
GGLOC-14043,Parrish,,Fl,UNKNOWN
GGLOC-14044,North Palm Beach,,Fl,UNKNOWN
GGLOC-14045,San Isidro,,Lima,UNKNOWN
GGLOC-14046,Tewksbury,,Ma,UNKNOWN
GGLOC-14047,Harpers Ferry,,Wv,UNKNOWN
GGLOC-14048,Saint Croix,,Vi,UNKNOWN
GGLOC-14049,Jordanville,,Ny,UNKNOWN
GGLOC-14050,Wadsworth,,Oh,UNKNOWN
GGLOC-14051,Ellerslie,,Ga,UNKNOWN
GGLOC-14052,Concordville,,Pa,UNKNOWN
GGLOC-14053,Memphis,,Us,UNKNOWN
GGLOC-14054,Clearfield,,Pa,UNKNOWN
GGLOC-14055,Samd,,,UNKNOWN
GGLOC-14056,O'Fallon,,Il,UNKNOWN
GGLOC-14057,Hanover Park,,Il,UNKNOWN
GGLOC-14058,Skillman,,Nj,UNKNOWN
GGLOC-14059,Eagan,,Mo,UNKNOWN
GGLOC-14060,Au,,,UNKNOWN
GGLOC-14061,El Segundo,,,UNKNOWN
GGLOC-14062,Djibouti,,Republic Of Djibouti,UNKNOWN
GGLOC-14063,Foristell,,Mo,UNKNOWN
GGLOC-14064,Centerville,,Va,UNKNOWN
GGLOC-14065,Lake Forest Park,,Wa,UNKNOWN
GGLOC-14066,Berea,,Ky,UNKNOWN
GGLOC-14067,Manchester,,Md,UNKNOWN
GGLOC-14068,Dunbar,,Pa,UNKNOWN
GGLOC-14069,Burton,,Mi,UNKNOWN
GGLOC-14070,Punta Gorda,,Fl,UNKNOWN
GGLOC-14071,Suwanne,,Georgia,UNKNOWN
GGLOC-14072,Wynnewood,,Pa,UNKNOWN
GGLOC-14073,Pawtucket,,Ri,UNKNOWN
GGLOC-14074,Marina,,Ca,UNKNOWN
GGLOC-14075,Gibsonia,,Pa,UNKNOWN
GGLOC-14076,Spokane,,Usa,UNKNOWN
GGLOC-14077,Valley Stream,,Ny,UNKNOWN
GGLOC-14078,Stock Market/Trading,,Banking And Finance,UNKNOWN
GGLOC-14079,Brentwood,,Ca,UNKNOWN
GGLOC-14080,Charlottesville,,,UNKNOWN
GGLOC-14081,Benhaluru,,In,UNKNOWN
GGLOC-14082,Limerick,,Pa,UNKNOWN
GGLOC-14083,Colleyville,,Tx,UNKNOWN
GGLOC-14084,Ho Chi Minh,,Vietnam,UNKNOWN
GGLOC-14085,Compton,,Ca,UNKNOWN
GGLOC-14086,Laplace,,La,UNKNOWN
GGLOC-14087,Hill Afb,,Ut,UNKNOWN
GGLOC-14088,Saint Simons Island,,Ga,UNKNOWN
GGLOC-14089,Lavista,,Ne,UNKNOWN
GGLOC-14090,Oklahoma City,,Ok 73102,UNKNOWN
GGLOC-14091,North Miami Beach,,Fl,UNKNOWN
GGLOC-14092,Nyc Marathon,,Philadelphia Union,UNKNOWN
GGLOC-14093,India & Usa,,,UNKNOWN
GGLOC-14094,Salzburg,,,UNKNOWN
GGLOC-14095,Westfarms Mall,,Ct,UNKNOWN
GGLOC-14096,Springdale,,Oh,UNKNOWN
GGLOC-14097,Colorado - Usa,,,UNKNOWN
GGLOC-14098,Franklin,,Wi,UNKNOWN
GGLOC-14099,Elkader,,Ia,UNKNOWN
GGLOC-14100,Managua,,Ni,UNKNOWN
GGLOC-14101,Boone,,N.C.,UNKNOWN
GGLOC-14102,Richmond,,Va (Remote Position),UNKNOWN
GGLOC-14103,Kt,,,UNKNOWN
GGLOC-14104,Ontario,,,UNKNOWN
GGLOC-14105,Whitehall,,Oh,UNKNOWN
GGLOC-14106,Nadi,,Fiji,UNKNOWN
GGLOC-14107,Shenzhen,,Guangdong,UNKNOWN
GGLOC-14108,Windham,,Me,UNKNOWN
GGLOC-14109,Vizag,,India,UNKNOWN
GGLOC-14110,Camp Humphreys South Korea,,,UNKNOWN
GGLOC-14111,Daphne,,Al,UNKNOWN
GGLOC-14112,Self Employed,,,UNKNOWN
GGLOC-14113,Eastchester,,Ny,UNKNOWN
GGLOC-14114,Mount Vernon,,Il,UNKNOWN
GGLOC-14115,Gum Spring,,Va,UNKNOWN
GGLOC-14116,Ljubljana,,,UNKNOWN
GGLOC-14117,Flushing - Ozone Park,,Ny,UNKNOWN
GGLOC-14118,Beit Shemesh - Il,,,UNKNOWN
GGLOC-14119,Md / Va. Region,,,UNKNOWN
GGLOC-14120,Mercerville,,Nj,UNKNOWN
GGLOC-14121,Mc Lean,,Va,UNKNOWN
GGLOC-14122,Tyrone,,Ga,UNKNOWN
GGLOC-14123,Mountain Pine,,Ar,UNKNOWN
GGLOC-14124,Orange Park,,Fl,UNKNOWN
GGLOC-14125,Hampton,,Fl,UNKNOWN
GGLOC-14126,South Beloit,,Il,UNKNOWN
GGLOC-14127,Jupiter,,Florida,UNKNOWN
GGLOC-14128,Baldwin,,Ny,UNKNOWN
GGLOC-14129,Virginia,,Tx,UNKNOWN
GGLOC-14130,Branch,,Tx,UNKNOWN
GGLOC-14131,Washington Metropolitan Area,,,UNKNOWN
GGLOC-14132,Corbin,,Ky,UNKNOWN
GGLOC-14133,Cumberland,,Ri,UNKNOWN
GGLOC-14134,Goochland,,Va,UNKNOWN
GGLOC-14135,China,,Mi,UNKNOWN
GGLOC-14136,Chelsea,,Al,UNKNOWN
GGLOC-14137,Mcas Yuma,,Arizona,UNKNOWN
GGLOC-14138,Udhampur,,,UNKNOWN
GGLOC-14139,Virginia Beach,,Us,UNKNOWN
GGLOC-14140,Shelton,,Us,UNKNOWN
GGLOC-14141,Cambridge,,Mn,UNKNOWN
GGLOC-14142,Clinton,,Nj,UNKNOWN
GGLOC-14143,Head Office-Amsterdam,,The Netherlands,UNKNOWN
GGLOC-14144,Point,,Us,UNKNOWN
GGLOC-14145,Mci Telecommunications,,,UNKNOWN
GGLOC-14146,Republic Of Altay - Ru,,,UNKNOWN
GGLOC-14147,Project Metrostar Corporation,,,UNKNOWN
GGLOC-14148,Government Of Gujarat,,,UNKNOWN
GGLOC-14149,Cape Canaveral,,Fl,UNKNOWN
GGLOC-14150,Sancti Spiritus - Cu,,,UNKNOWN
GGLOC-14151,Montreal,,Bahamas,UNKNOWN
GGLOC-14152,Sigonella,,Sicily,UNKNOWN
GGLOC-14153,Southern California Region,,,UNKNOWN
GGLOC-14154,Cayce,,Sc,UNKNOWN
GGLOC-14155,Wellington,,Oh,UNKNOWN
GGLOC-14156,Folsom,,Ca,UNKNOWN
GGLOC-14157,Cumming,,Ga,UNKNOWN
GGLOC-14158,Etters,,Pa,UNKNOWN
GGLOC-14159,Az/Ca/Mi/Tx,,,UNKNOWN
GGLOC-14160,Newcastle,,Wa,UNKNOWN
GGLOC-14161,Broward,,Us,UNKNOWN
GGLOC-14162,Schœlcher,,West Indies,UNKNOWN
GGLOC-14163,Brookeville,,Md,UNKNOWN
GGLOC-14164,Apple Valley,,Ca,UNKNOWN
GGLOC-14165,Utrgv,,,UNKNOWN
GGLOC-14166,Camp Lejeune,,Nc,UNKNOWN
GGLOC-14167,Md. / Va. Region,,,UNKNOWN
GGLOC-14168,Other,,,UNKNOWN
GGLOC-14169,Ringwood,,Ok,UNKNOWN
GGLOC-14170,Falcon Heights,,Mn,UNKNOWN
GGLOC-14171,Oakton,,Va,UNKNOWN
GGLOC-14172,Schuylerville,,Ny,UNKNOWN
GGLOC-14173,Hadley,,Ma,UNKNOWN
GGLOC-14174,Putney,,Vt,UNKNOWN
GGLOC-14175,Robinson Township,,Pa,UNKNOWN
GGLOC-14176,Geneva,,,UNKNOWN
GGLOC-14177,Pueblo West,,Co,UNKNOWN
GGLOC-14178,Oklahoma City,,Ok 73112,UNKNOWN
GGLOC-14179,Saudi Telecom Company,,,UNKNOWN
GGLOC-14180,Milford,,Ma,UNKNOWN
GGLOC-14181,Columbus,,Ne,UNKNOWN
GGLOC-14182,Bouira,,Bouira,UNKNOWN
GGLOC-14183,Windermere,,Fl,UNKNOWN
GGLOC-14184,Elmont,,Ny,UNKNOWN
GGLOC-14185,Clearbrook,,Mn,UNKNOWN
GGLOC-14186,Holland,,Oh,UNKNOWN
GGLOC-14187,Hampton Cove,,Al,UNKNOWN
GGLOC-14188,San Joe,,Ca,UNKNOWN
GGLOC-14189,Kadena Ab,,Japan,UNKNOWN
GGLOC-14190,Bolingbrook,,Il,UNKNOWN
GGLOC-14191,Port Lavaca,,Tx,UNKNOWN
GGLOC-14192,Central America,,,UNKNOWN
GGLOC-14193,New Carrolton,,Md,UNKNOWN
GGLOC-14194,Tigard,,Or,UNKNOWN
GGLOC-14195,Inman,,Sc,UNKNOWN
GGLOC-14196,Hialeah Gardens,,Fl 33016,UNKNOWN
GGLOC-14197,Coram,,Ny,UNKNOWN
GGLOC-14198,Somerset,,Ky,UNKNOWN
GGLOC-14199,Woodland Park,,Nj,UNKNOWN
GGLOC-14200,Hampton,,Nh,UNKNOWN
GGLOC-14201,North Potomac,,Md,UNKNOWN
GGLOC-14202,Franklin Lakes,,Nj,UNKNOWN
GGLOC-14203,Gray,,Tn,UNKNOWN
GGLOC-14204,College Station,,Tx 77845,UNKNOWN
GGLOC-14205,Ludington,,Mi,UNKNOWN
GGLOC-14206,Galt,,Ca,UNKNOWN
GGLOC-14207,Department Of The Interior,,,UNKNOWN
GGLOC-14208,Oakhurst,,Nj,UNKNOWN
GGLOC-14209,Bucyrus,,Oh,UNKNOWN
GGLOC-14210,San Nicolás De Los Garza,,N.L.,UNKNOWN
GGLOC-14211,Newport,,Nc,UNKNOWN
GGLOC-14212,3M,,,UNKNOWN
GGLOC-14213,Trinity,,Al,UNKNOWN
GGLOC-14214,Mechanicsville,,Va,UNKNOWN
GGLOC-14215,May 2010 To April 2019,,,UNKNOWN
GGLOC-14216,Hazel Park,,Mi,UNKNOWN
GGLOC-14217,Lisbon,,,UNKNOWN
GGLOC-14218,Kandahar,,Af,UNKNOWN
GGLOC-14219,Mason,,Us,UNKNOWN
GGLOC-14220,Northfield,,Nj,UNKNOWN
GGLOC-14221,Weehawken,,Nj,UNKNOWN
GGLOC-14222,Fremont,,Usa,UNKNOWN
GGLOC-14223,Freehold,,Nj,UNKNOWN
GGLOC-14224,2030 East Polymer Drive,,,UNKNOWN
GGLOC-14225,Front Royal,,Va,UNKNOWN
GGLOC-14226,Milford,,Mi,UNKNOWN
GGLOC-14227,Darby,,Pa,UNKNOWN
GGLOC-14228,Clay,,Ny,UNKNOWN
GGLOC-14229,Barberton,,Oh,UNKNOWN
GGLOC-14230,Carlisle,,Ma,UNKNOWN
GGLOC-14231,Lake Charles,,Louisiana,UNKNOWN
GGLOC-14232,Andover,,Nj,UNKNOWN
GGLOC-14233,Lincolnshire,,Il,UNKNOWN
GGLOC-14234,Budapest,,Hungary,UNKNOWN
GGLOC-14235,Patterson,,Oh,UNKNOWN
GGLOC-14236,Vadodara,,,UNKNOWN
GGLOC-14237,Under Armour,,,UNKNOWN
GGLOC-14238,Austell,,Ga,UNKNOWN
GGLOC-14239,Khartoum,,Sd,UNKNOWN
GGLOC-14240,Worth Matravers,,,UNKNOWN
GGLOC-14241,Town & Country,,Mo,UNKNOWN
GGLOC-14242,Yokosuka,,Japan,UNKNOWN
GGLOC-14243,Raleigh - Cary,,Nc,UNKNOWN
GGLOC-14244,Mossville,,Il,UNKNOWN
GGLOC-14245,Clive,,Ia,UNKNOWN
GGLOC-14246,Https://Www.Winwisely.Org/,,,UNKNOWN
GGLOC-14247,City Of Beaufort - Chicago,,Il,UNKNOWN
GGLOC-14248,Ministry Of Municipal And Rural Affairs,,Saudi Arabia,UNKNOWN
GGLOC-14249,Ansonia,,Ct,UNKNOWN
GGLOC-14250,Peachtree Co.,,,UNKNOWN
GGLOC-14251,Pico Rivera,,Ca,UNKNOWN
GGLOC-14252,Distributed Tech - Greenville,,Oh,UNKNOWN
GGLOC-14253,Luxembourg,,Lu,UNKNOWN
GGLOC-14254,Hagerstown,,,UNKNOWN
GGLOC-14255,Claycomo,,Mo,UNKNOWN
GGLOC-14256,St. Francis,,Wi,UNKNOWN
GGLOC-14257,Blaine,,Mn,UNKNOWN
GGLOC-14258,Tell City,,In,UNKNOWN
GGLOC-14259,Merritt Island,,Fl,UNKNOWN
GGLOC-14260,Jersy City,,,UNKNOWN
GGLOC-14261,Glenn Dale,,Fl,UNKNOWN
GGLOC-14262,Waranville,,Il,UNKNOWN
GGLOC-14263,West Orange,,Nj,UNKNOWN
GGLOC-14264,White Oak,,Md,UNKNOWN
GGLOC-14265,Newberg,,Or,UNKNOWN
GGLOC-14266,Burtonsville,,Md,UNKNOWN
GGLOC-14267,Essexville,,Mi,UNKNOWN
GGLOC-14268,Washington,,Usa,UNKNOWN
GGLOC-14269,Keller,,Tx,UNKNOWN
GGLOC-14270,Hanoi,,Vietnam,UNKNOWN
GGLOC-14271,Quincy,,Il,UNKNOWN
GGLOC-14272,Hoboken,,Ny,UNKNOWN
GGLOC-14273,Edmond,,Ok 73003,UNKNOWN
GGLOC-14274,Boone,,Ia,UNKNOWN
GGLOC-14275,Baldwin Park,,Ca,UNKNOWN
GGLOC-14276,Highland Village,,Tx,UNKNOWN
GGLOC-14277,Essex Campus,,,UNKNOWN
GGLOC-14278,Columbia Falls,,Mt 59912,UNKNOWN
GGLOC-14279,Pk,,,UNKNOWN
GGLOC-14280,Hockessin,,De,UNKNOWN
GGLOC-14281,Manchester,,Mi,UNKNOWN
GGLOC-14282,Isabela,,Pr,UNKNOWN
GGLOC-14283,Jersey City/Nyc,,,UNKNOWN
GGLOC-14284,Westborough,,Ma,UNKNOWN
GGLOC-14285,Lawrenceburg,,Tn,UNKNOWN
GGLOC-14286,Sammamish,,Wa,UNKNOWN
GGLOC-14287,Shawnee,,Ok,UNKNOWN
GGLOC-14288,Grandville,,Mi,UNKNOWN
GGLOC-14289,Georgia Army National Guard,,,UNKNOWN
GGLOC-14290,New Jersey Usa,,,UNKNOWN
GGLOC-14291,Luke Afb,,Az,UNKNOWN
GGLOC-14292,Workplace,,,UNKNOWN
GGLOC-14293,Brownstown,,Mi,UNKNOWN
GGLOC-14294,Elk Grove Village,,Il,UNKNOWN
GGLOC-14295,Kaysville,,Ut,UNKNOWN
GGLOC-14296,Henderson,,Co,UNKNOWN
GGLOC-14297,Sembach,,Germany,UNKNOWN
GGLOC-14298,Jersey City,,,UNKNOWN
GGLOC-14299,Kabul,,Tac-Swacaa,UNKNOWN
GGLOC-14300,Bedford,,Nh,UNKNOWN
GGLOC-14301,Rizal St. Old Albay,,Legazpi City,UNKNOWN
GGLOC-14302,Kitsap County,,Wa,UNKNOWN
GGLOC-14303,Ne Nj,,,UNKNOWN
GGLOC-14304,Guwahati,,,UNKNOWN
GGLOC-14305,Mt. Weather,,Va,UNKNOWN
GGLOC-14306,Adrian,,Mi,UNKNOWN
GGLOC-14307,Basra,,Iraq,UNKNOWN
GGLOC-14308,Nanterre,,France,UNKNOWN
GGLOC-14309,Wiesbaden,,,UNKNOWN
GGLOC-14310,Burkeville,,Va,UNKNOWN
GGLOC-14311,Www.Artsforart.Org,,,UNKNOWN
GGLOC-14312,Botswana,,Africa,UNKNOWN
GGLOC-14313,Unmh,,,UNKNOWN
GGLOC-14314,Kennett Square,,Pa,UNKNOWN
GGLOC-14315,Oakland,,Fl,UNKNOWN
GGLOC-14316,Heber City,,Ut,UNKNOWN
GGLOC-14317,Project: Rbc 'Insurance',,,UNKNOWN
GGLOC-14318,Dahlgren,,Va,UNKNOWN
GGLOC-14319,Mombasa Region,,Kenya,UNKNOWN
GGLOC-14320,Elkton,,Md,UNKNOWN
GGLOC-14321,San Rafael,,Ca,UNKNOWN
GGLOC-14322,La Harpe,,Il,UNKNOWN
GGLOC-14323,Grimes,,Ia,UNKNOWN
GGLOC-14324,Jordan - Jerash,,,UNKNOWN
GGLOC-14325,Whitefield,,Nh,UNKNOWN
GGLOC-14326,Crested Butte,,Co,UNKNOWN
GGLOC-14327,Fort Bliss And Biggs Field Area,,,UNKNOWN
GGLOC-14328,Casselberry,,Fl,UNKNOWN
GGLOC-14329,Framingham,,Us,UNKNOWN
GGLOC-14330,Kingdom Of Saudi Arabia,,,UNKNOWN
GGLOC-14331,San Marino,,Ca,UNKNOWN
GGLOC-14332,Waldkraiburg,,Germany,UNKNOWN
GGLOC-14333,Vernon,,Ca,UNKNOWN
GGLOC-14334,Marcus Hook,,Us,UNKNOWN
GGLOC-14335,Groesbeck,,Tx,UNKNOWN
GGLOC-14336,Westport,,Ct,UNKNOWN
GGLOC-14337,Buns Harbor,,,UNKNOWN
GGLOC-14338,Ledgewood,,Nj,UNKNOWN
GGLOC-14339,Dunellen,,Nj,UNKNOWN
GGLOC-14340,Allison Park,,Pa,UNKNOWN
GGLOC-14341,Beverly Hills,,Mi,UNKNOWN
GGLOC-14342,Houston Redwood City,,Ca,UNKNOWN
GGLOC-14343,Nottingham,,Md,UNKNOWN
GGLOC-14344,Hartselle,,Al,UNKNOWN
GGLOC-14345,Midlothian,,Il,UNKNOWN
GGLOC-14346,Crete Island,,,UNKNOWN
GGLOC-14347,Minneapolis,,Mn 55430,UNKNOWN
GGLOC-14348,Non Us,,,UNKNOWN
GGLOC-14349,Elmhurst,,Ny,UNKNOWN
GGLOC-14350,Alcoa,,Tn,UNKNOWN
GGLOC-14351,Huston,,Tx,UNKNOWN
GGLOC-14352,Ct Hartford,,Ct,UNKNOWN
GGLOC-14353,Msp Chisago City,,Mn,UNKNOWN
GGLOC-14354,Valley Cottage,,Ny,UNKNOWN
GGLOC-14355,Woodland,,Wa,UNKNOWN
GGLOC-14356,Mali,,West Africa,UNKNOWN
GGLOC-14357,Portsmouth,,Nc,UNKNOWN
GGLOC-14358,Pennington,,Nj,UNKNOWN
GGLOC-14359,Rockmart,,Ga,UNKNOWN
GGLOC-14360,Riyadh,,,UNKNOWN
GGLOC-14361,Coconut Grove,,Fl,UNKNOWN
GGLOC-14362,Chesapeake,,Va (Service Location),UNKNOWN
GGLOC-14363,Anacostia - Washington,,Dc,UNKNOWN
GGLOC-14364,Callicoon,,Ny,UNKNOWN
GGLOC-14365,Montebello,,Ny,UNKNOWN
GGLOC-14366,Patuxent River Naval Air Station,,Md,UNKNOWN
GGLOC-14367,Comnavlant Norfolk,,Va,UNKNOWN
GGLOC-14368,Excello,,Mo,UNKNOWN
GGLOC-14369,Pineville,,Nc,UNKNOWN
GGLOC-14370,Doha,,Qa,UNKNOWN
GGLOC-14371,Cidra,,Pr,UNKNOWN
GGLOC-14372,Lake Success,,Ny 11041,UNKNOWN
GGLOC-14373,Nasa Langley Research Center,,,UNKNOWN
GGLOC-14374,Lake Success,,Ny,UNKNOWN
GGLOC-14375,Franklin,,Oh,UNKNOWN
GGLOC-14376,Tokoy Japan,,,UNKNOWN
GGLOC-14377,Sanford,,Nc,UNKNOWN
GGLOC-14378,Signal Hill,,Ca,UNKNOWN
GGLOC-14379,Bern,,Ch,UNKNOWN
GGLOC-14380,Manitou Springs,,Co,UNKNOWN
GGLOC-14381,Greenbrier,,Tn,UNKNOWN
GGLOC-14382,Eloy,,Az,UNKNOWN
GGLOC-14383,Debary,,Fl,UNKNOWN
GGLOC-14384,Clear Brook,,Va,UNKNOWN
GGLOC-14385,Miami,,Florida,UNKNOWN
GGLOC-14386,Southern Nh,,,UNKNOWN
GGLOC-14387,Bradley,,Sc,UNKNOWN
GGLOC-14388,Bryce Canyon City,,Ut,UNKNOWN
GGLOC-14389,Miamisburg,,Oh,UNKNOWN
GGLOC-14390,Suresnes,,Fr,UNKNOWN
GGLOC-14391,Yangon,,Southeast Asia,UNKNOWN
GGLOC-14392,Uruguay,,,UNKNOWN
GGLOC-14393,Isbp (Federal Aviation Administration),,,UNKNOWN
GGLOC-14394,Prishtine (Kosovo),,,UNKNOWN
GGLOC-14395,Fbi,,Md,UNKNOWN
GGLOC-14396,Fullerton,,Usa,UNKNOWN
GGLOC-14397,Rockville,,Ny,UNKNOWN
GGLOC-14398,Kabul,,Rnsm,UNKNOWN
GGLOC-14399,Southborough,,Ma,UNKNOWN
GGLOC-14400,Riverwoods,,Il,UNKNOWN
GGLOC-14401,Minneapolis,,Usa,UNKNOWN
GGLOC-14402,Johnson City,,Tx,UNKNOWN
GGLOC-14403,Mascoutah,,Il,UNKNOWN
GGLOC-14404,Rockville Centre,,Ny,UNKNOWN
GGLOC-14405,Brooklet,,Ga,UNKNOWN
GGLOC-14406,Fort Atkinson,,Wi,UNKNOWN
GGLOC-14407,Plainwell,,Mi,UNKNOWN
GGLOC-14408,Malvern,,,UNKNOWN
GGLOC-14409,Hilton,,Ny,UNKNOWN
GGLOC-14410,Centervalley,,Pa,UNKNOWN
GGLOC-14411,Saranac Lake,,Ny,UNKNOWN
GGLOC-14412,Cleveland Middleburg Heights,,Oh,UNKNOWN
GGLOC-14413,North Powder,,Or,UNKNOWN
GGLOC-14414,North Hollywood,,Ca,UNKNOWN
GGLOC-14415,Huntington Woods,,Mi,UNKNOWN
GGLOC-14416,Virginia Va,,,UNKNOWN
GGLOC-14417,Tanzania,,,UNKNOWN
GGLOC-14418,Lakeville,,Mn,UNKNOWN
GGLOC-14419,West Allis,,Wi,UNKNOWN
GGLOC-14420,Cucamonga,,Ca,UNKNOWN
GGLOC-14421,Red Wood City,,Ca,UNKNOWN
GGLOC-14422,La Vernia,,Tx,UNKNOWN
GGLOC-14423,Lynnville,,Ia,UNKNOWN
GGLOC-14424,Lutherville,,Md,UNKNOWN
GGLOC-14425,Taiwan,,,UNKNOWN
GGLOC-14426,Jerusalem,,,UNKNOWN
GGLOC-14427,Hackettstown,,Nj,UNKNOWN
GGLOC-14428,Alpena,,Mi,UNKNOWN
GGLOC-14429,Tolland,,Ct,UNKNOWN
GGLOC-14430,Manor,,Tx,UNKNOWN
GGLOC-14431,Larkspur,,Ca,UNKNOWN
GGLOC-14432,Lacomb,,La,UNKNOWN
GGLOC-14433,Fort Mitchell,,Ky,UNKNOWN
GGLOC-14434,Hagerstown,,In,UNKNOWN
GGLOC-14435,Natomas,,Ca,UNKNOWN
GGLOC-14436,Berwyn Heights,,Md,UNKNOWN
GGLOC-14437,Blythe,,Ca,UNKNOWN
GGLOC-14438,Los Altos,,Ca,UNKNOWN
GGLOC-14439,Cincinnati,,Ky,UNKNOWN
GGLOC-14440,Enfield,,Nh,UNKNOWN
GGLOC-14441,Greater Memphis Area,,,UNKNOWN
GGLOC-14442,Conover,,Nc,UNKNOWN
GGLOC-14443,Ironwood,,Mi,UNKNOWN
GGLOC-14444,Bamenda Cameroon,,,UNKNOWN
GGLOC-14445,Louisville,,Us,UNKNOWN
GGLOC-14446,Dod Dcpas Contract,,,UNKNOWN
GGLOC-14447,Richmond City,,Va Henrico,UNKNOWN
GGLOC-14448,Joint Base Langley-Eustis,,Usa,UNKNOWN
GGLOC-14449,Torrance,,Pa,UNKNOWN
GGLOC-14450,Sun Prairie,,Wi,UNKNOWN
GGLOC-14451,Hamburg,,De,UNKNOWN
GGLOC-14452,Texas & Tn,,,UNKNOWN
GGLOC-14453,Battle Mtn,,Nv,UNKNOWN
GGLOC-14454,Marriott Corp.,,,UNKNOWN
GGLOC-14455,Colbert,,Wa,UNKNOWN
GGLOC-14456,Tarzana,,Ca,UNKNOWN
GGLOC-14457,Ottawa,,Il,UNKNOWN
GGLOC-14458,Belle Plaine,,Mn,UNKNOWN
GGLOC-14459,Kunsan Air Base - Kr,,,UNKNOWN
GGLOC-14460,Coronado,,Ca,UNKNOWN
GGLOC-14461,Camp Humphreys/Sobingo Compound,,S. Korea,UNKNOWN
GGLOC-14462,San Mateo,,,UNKNOWN
GGLOC-14463,Baghram,,Afghanistan (Baf),UNKNOWN
GGLOC-14464,Port Allen,,La,UNKNOWN
GGLOC-14465,Eldersburg,,Md,UNKNOWN
GGLOC-14466,Rockland,,Ma,UNKNOWN
GGLOC-14467,Washington D.C.,,,UNKNOWN
GGLOC-14468,Neenah,,Wi,UNKNOWN
GGLOC-14469,Zephyrhills,,Fl,UNKNOWN
GGLOC-14470,Fairview Heights,,Il,UNKNOWN
GGLOC-14471,U.S. Marine Corps Combat Logistics Regiment 2 North Carolina,,,UNKNOWN
GGLOC-14472,Tredyffrin,,Pa,UNKNOWN
GGLOC-14473,Turkey,,,UNKNOWN
GGLOC-14474,Nelspruit,,Mpumalanga,UNKNOWN
GGLOC-14475,Anthony,,Nm,UNKNOWN
GGLOC-14476,Community Health Network - Indianapolis,,In,UNKNOWN
GGLOC-14477,Center,,Tx,UNKNOWN
GGLOC-14478,Plymouth,,In,UNKNOWN
GGLOC-14479,Central/Northern Wisconsin And Upper Michigan,,,UNKNOWN
GGLOC-14480,Curtis Bay,,Md,UNKNOWN
GGLOC-14481,Wall,,Nj,UNKNOWN
GGLOC-14482,Uhland,,Tx,UNKNOWN
GGLOC-14483,Princeton,,Wv,UNKNOWN
GGLOC-14484,Aberdeen,,Nj,UNKNOWN
GGLOC-14485,Seaford,,Va,UNKNOWN
GGLOC-14486,Sacramento,,Us,UNKNOWN
GGLOC-14487,Field,,,UNKNOWN
GGLOC-14488,Garden City Park,,Ny,UNKNOWN
GGLOC-14489,Cleburne,,Tx,UNKNOWN
GGLOC-14490,Azerbaijan,,,UNKNOWN
GGLOC-14491,San Fransisco Ca,,,UNKNOWN
GGLOC-14492,Lalitpur,,Nepal,UNKNOWN
GGLOC-14493,Co,,,UNKNOWN
GGLOC-14494,College Point,,Ny,UNKNOWN
GGLOC-14495,Triangle,,Va,UNKNOWN
GGLOC-14496,Abbeville,,Sc,UNKNOWN
GGLOC-14497,Deltona,,Fl,UNKNOWN
GGLOC-14498,Ratzeburg,,De,UNKNOWN
GGLOC-14499,Apalachin,,Ny,UNKNOWN
GGLOC-14500,Burnsville,,Mn,UNKNOWN
GGLOC-14501,Ny Long Island,,Ny,UNKNOWN
GGLOC-14502,Marine Corps Base,,Us,UNKNOWN
GGLOC-14503,Baker,,La,UNKNOWN
GGLOC-14504,Steubenville,,Oh,UNKNOWN
GGLOC-14505,Gto,,Mexico,UNKNOWN
GGLOC-14506,San Juan,,,UNKNOWN
GGLOC-14507,North Quincy,,Ma,UNKNOWN
GGLOC-14508,Rtp,,Durham,UNKNOWN
GGLOC-14509,Live Oak,,Fl,UNKNOWN
GGLOC-14510,Netcong,,Nj,UNKNOWN
GGLOC-14511,Heidelberg,,Pa,UNKNOWN
GGLOC-14512,Geismar,,La,UNKNOWN
GGLOC-14513,Damascus,,Ar,UNKNOWN
GGLOC-14514,India (Non - Profit Organization),,,UNKNOWN
GGLOC-14515,Lawrence,,Ny,UNKNOWN
GGLOC-14516,Villa Rica,,Ga,UNKNOWN
GGLOC-14517,Linthicum,,Maryland,UNKNOWN
GGLOC-14518,Baltimore - Md,,,UNKNOWN
GGLOC-14519,Melbourne,,Victoria Australia,UNKNOWN
GGLOC-14520,Boston,,,UNKNOWN
GGLOC-14521,Dod Cpms Contract,,,UNKNOWN
GGLOC-14522,Bonney Lake,,Wa,UNKNOWN
GGLOC-14523,Erie / Pittsburgh Areas,,,UNKNOWN
GGLOC-14524,Austin,,Az,UNKNOWN
GGLOC-14525,Battleboro,,Nc,UNKNOWN
GGLOC-14526,Collierville,,,UNKNOWN
GGLOC-14527,Ft. Leavenworth,,Ks,UNKNOWN
GGLOC-14528,Peshawar,,Kpk Pakistan,UNKNOWN
GGLOC-14529,Ridgefield,,Nj,UNKNOWN
GGLOC-14530,Suwanee,,Ga,UNKNOWN
GGLOC-14531,Full Time Contracted To Usps Training Center,,,UNKNOWN
