task_id,demand_2010_2023,demand_2019_2023,task_description
T1,751924,268429,Develop machine learning solutions for large-scale systems
T10,758005,270538,Integrate machine learning into existing operational workflows
T100,593578,211921,Design and optimize computer vision architectures
T1000,617555,220527,Implement testing and validation procedures for production optimization
T1001,803869,286951,Integrate industrial automation into existing operational workflows
T1002,746403,266429,Document technical specifications related to robotic systems
T1003,593449,211840,Analyze performance of robotic systems components
T1004,930703,332306,Document technical specifications related to industrial automation
T1005,930703,332306,Document technical specifications related to industrial automation
T1006,803869,286951,Integrate industrial automation into existing operational workflows
T1007,660869,235803,Integrate robotic systems into existing operational workflows
T1008,561429,200430,Integrate production optimization into existing operational workflows
T1009,663839,237031,Design and optimize process control architectures
T101,674628,240827,Implement testing and validation procedures for machine learning
T1010,660869,235803,Integrate robotic systems into existing operational workflows
T1011,745183,266047,Implement testing and validation procedures for industrial automation
T1012,617555,220527,Implement testing and validation procedures for production optimization
T1013,615883,219939,Improve efficiency and reliability of production optimization systems
T1014,561429,200430,Integrate production optimization into existing operational workflows
T1015,677093,241731,Design and optimize industrial automation architectures
T1016,712460,254382,Develop process control solutions for large-scale systems
T1017,726048,259188,Improve efficiency and reliability of robotic systems systems
T1018,518420,185027,Design and optimize robotic systems architectures
T1019,660869,235803,Integrate robotic systems into existing operational workflows
T102,642876,229487,Implement testing and validation procedures for computer vision
T1020,779808,278441,Document technical specifications related to process control
T1021,615883,219939,Improve efficiency and reliability of production optimization systems
T1022,712460,254382,Develop process control solutions for large-scale systems
T1023,930703,332306,Document technical specifications related to industrial automation
T1024,615883,219939,Improve efficiency and reliability of production optimization systems
T1025,704708,251640,Document technical specifications related to production optimization
T1026,617555,220527,Implement testing and validation procedures for production optimization
T1027,747908,267051,Improve efficiency and reliability of industrial automation systems
T1028,561429,200430,Integrate production optimization into existing operational workflows
T1029,663839,237031,Design and optimize process control architectures
T103,620379,221597,Design and optimize data mining architectures
T1030,746403,266429,Document technical specifications related to robotic systems
T1031,594955,212481,Analyze performance of production optimization components
T1032,649866,231943,Implement testing and validation procedures for robotic systems
T1033,615883,219939,Improve efficiency and reliability of production optimization systems
T1034,843611,301184,Develop industrial automation solutions for large-scale systems
T1035,712460,254382,Develop process control solutions for large-scale systems
T1036,746403,266429,Document technical specifications related to robotic systems
T1037,663839,237031,Design and optimize process control architectures
T1038,726048,259188,Improve efficiency and reliability of robotic systems systems
T1039,728940,260292,Develop production optimization solutions for large-scale systems
T104,620379,221597,Design and optimize data mining architectures
T1040,728940,260292,Develop production optimization solutions for large-scale systems
T1041,670366,239243,Develop robotic systems solutions for large-scale systems
T1042,615883,219939,Improve efficiency and reliability of production optimization systems
T1043,746403,266429,Document technical specifications related to robotic systems
T1044,843611,301184,Develop industrial automation solutions for large-scale systems
T1045,677093,241731,Design and optimize industrial automation architectures
T1046,712460,254382,Develop process control solutions for large-scale systems
T1047,561429,200430,Integrate production optimization into existing operational workflows
T1048,741097,264668,Improve efficiency and reliability of process control systems
T1049,677093,241731,Design and optimize industrial automation architectures
T105,395857,141308,Improve efficiency and reliability of deep neural networks systems
T1050,843611,301184,Develop industrial automation solutions for large-scale systems
T1051,646734,230940,Design and optimize production optimization architectures
T1052,726048,259188,Improve efficiency and reliability of robotic systems systems
T1053,670366,239243,Develop robotic systems solutions for large-scale systems
T1054,745183,266047,Implement testing and validation procedures for industrial automation
T1055,617889,220677,Analyze performance of process control components
T1056,746403,266429,Document technical specifications related to robotic systems
T1057,610492,217927,Integrate process control into existing operational workflows
T1058,677093,241731,Design and optimize industrial automation architectures
T1059,617889,220677,Analyze performance of process control components
T106,542826,193821,Analyze performance of natural language processing components
T1060,561429,200430,Integrate production optimization into existing operational workflows
T1061,615883,219939,Improve efficiency and reliability of production optimization systems
T1062,561429,200430,Integrate production optimization into existing operational workflows
T1063,803869,286951,Integrate industrial automation into existing operational workflows
T1064,646734,230940,Design and optimize production optimization architectures
T1065,726048,259188,Improve efficiency and reliability of robotic systems systems
T1066,803869,286951,Integrate industrial automation into existing operational workflows
T1067,746403,266429,Document technical specifications related to robotic systems
T1068,746403,266429,Document technical specifications related to robotic systems
T1069,745183,266047,Implement testing and validation procedures for industrial automation
T107,751924,268429,Develop machine learning solutions for large-scale systems
T1070,742963,265315,Analyze performance of industrial automation components
T1071,746403,266429,Document technical specifications related to robotic systems
T1072,617889,220677,Analyze performance of process control components
T1073,660869,235803,Integrate robotic systems into existing operational workflows
T1074,843611,301184,Develop industrial automation solutions for large-scale systems
T1075,742963,265315,Analyze performance of industrial automation components
T1076,803869,286951,Integrate industrial automation into existing operational workflows
T1077,615883,219939,Improve efficiency and reliability of production optimization systems
T1078,779808,278441,Document technical specifications related to process control
T1079,747908,267051,Improve efficiency and reliability of industrial automation systems
T108,738518,263623,Develop computer vision solutions for large-scale systems
T1080,593449,211840,Analyze performance of robotic systems components
T1081,745183,266047,Implement testing and validation procedures for industrial automation
T1082,649866,231943,Implement testing and validation procedures for robotic systems
T1083,742963,265315,Analyze performance of industrial automation components
T1084,670366,239243,Develop robotic systems solutions for large-scale systems
T1085,712460,254382,Develop process control solutions for large-scale systems
T1086,742963,265315,Analyze performance of industrial automation components
T1087,670366,239243,Develop robotic systems solutions for large-scale systems
T1088,726048,259188,Improve efficiency and reliability of robotic systems systems
T1089,617889,220677,Analyze performance of process control components
T109,473727,169088,Implement testing and validation procedures for deep neural networks
T1090,646734,230940,Design and optimize production optimization architectures
T1091,615883,219939,Improve efficiency and reliability of production optimization systems
T1092,742963,265315,Analyze performance of industrial automation components
T1093,617555,220527,Implement testing and validation procedures for production optimization
T1094,930703,332306,Document technical specifications related to industrial automation
T1095,728940,260292,Develop production optimization solutions for large-scale systems
T1096,593449,211840,Analyze performance of robotic systems components
T1097,745183,266047,Implement testing and validation procedures for industrial automation
T1098,677093,241731,Design and optimize industrial automation architectures
T1099,843611,301184,Develop industrial automation solutions for large-scale systems
T11,542826,193821,Analyze performance of natural language processing components
T110,776254,277225,Develop data mining solutions for large-scale systems
T1100,677093,241731,Design and optimize industrial automation architectures
T1101,704708,251640,Document technical specifications related to production optimization
T1102,660869,235803,Integrate robotic systems into existing operational workflows
T1103,663839,237031,Design and optimize process control architectures
T1104,741097,264668,Improve efficiency and reliability of process control systems
T1105,745183,266047,Implement testing and validation procedures for industrial automation
T1106,677093,241731,Design and optimize industrial automation architectures
T1107,930703,332306,Document technical specifications related to industrial automation
T1108,610492,217927,Integrate process control into existing operational workflows
T1109,594955,212481,Analyze performance of production optimization components
T111,612925,218922,Analyze performance of data mining components
T1110,712460,254382,Develop process control solutions for large-scale systems
T1111,617555,220527,Implement testing and validation procedures for production optimization
T1112,746403,266429,Document technical specifications related to robotic systems
T1113,610492,217927,Integrate process control into existing operational workflows
T1114,518420,185027,Design and optimize robotic systems architectures
T1115,712460,254382,Develop process control solutions for large-scale systems
T1116,615883,219939,Improve efficiency and reliability of production optimization systems
T1117,742963,265315,Analyze performance of industrial automation components
T1118,610492,217927,Integrate process control into existing operational workflows
T1119,728940,260292,Develop production optimization solutions for large-scale systems
T112,645303,230381,Improve efficiency and reliability of computer vision systems
T1120,746403,266429,Document technical specifications related to robotic systems
T1121,677093,241731,Design and optimize industrial automation architectures
T1122,843611,301184,Develop industrial automation solutions for large-scale systems
T1123,741097,264668,Improve efficiency and reliability of process control systems
T1124,741097,264668,Improve efficiency and reliability of process control systems
T1125,745183,266047,Implement testing and validation procedures for industrial automation
T1126,712460,254382,Develop process control solutions for large-scale systems
T1127,930703,332306,Document technical specifications related to industrial automation
T1128,518420,185027,Design and optimize robotic systems architectures
T1129,561429,200430,Integrate production optimization into existing operational workflows
T113,738518,263623,Develop computer vision solutions for large-scale systems
T1130,594955,212481,Analyze performance of production optimization components
T1131,670366,239243,Develop robotic systems solutions for large-scale systems
T1132,660869,235803,Integrate robotic systems into existing operational workflows
T1133,677093,241731,Design and optimize industrial automation architectures
T1134,779808,278441,Document technical specifications related to process control
T1135,745183,266047,Implement testing and validation procedures for industrial automation
T1136,746403,266429,Document technical specifications related to robotic systems
T1137,561429,200430,Integrate production optimization into existing operational workflows
T1138,660869,235803,Integrate robotic systems into existing operational workflows
T1139,677093,241731,Design and optimize industrial automation architectures
T114,600599,214438,Analyze performance of computer vision components
T1140,646734,230940,Design and optimize production optimization architectures
T1141,593449,211840,Analyze performance of robotic systems components
T1142,747908,267051,Improve efficiency and reliability of industrial automation systems
T1143,670366,239243,Develop robotic systems solutions for large-scale systems
T1144,672985,240286,Implement testing and validation procedures for process control
T1145,670366,239243,Develop robotic systems solutions for large-scale systems
T1146,670366,239243,Develop robotic systems solutions for large-scale systems
T1147,518420,185027,Design and optimize robotic systems architectures
T1148,617889,220677,Analyze performance of process control components
T1149,745183,266047,Implement testing and validation procedures for industrial automation
T115,692423,247220,Design and optimize machine learning architectures
T1150,843611,301184,Develop industrial automation solutions for large-scale systems
T1151,726048,259188,Improve efficiency and reliability of robotic systems systems
T1152,670366,239243,Develop robotic systems solutions for large-scale systems
T1153,728940,260292,Develop production optimization solutions for large-scale systems
T1154,712460,254382,Develop process control solutions for large-scale systems
T1155,610492,217927,Integrate process control into existing operational workflows
T1156,712460,254382,Develop process control solutions for large-scale systems
T1157,663839,237031,Design and optimize process control architectures
T1158,593449,211840,Analyze performance of robotic systems components
T1159,670366,239243,Develop robotic systems solutions for large-scale systems
T116,622874,222371,Improve efficiency and reliability of machine learning systems
T1160,726048,259188,Improve efficiency and reliability of robotic systems systems
T1161,672985,240286,Implement testing and validation procedures for process control
T1162,742963,265315,Analyze performance of industrial automation components
T1163,663839,237031,Design and optimize process control architectures
T1164,726048,259188,Improve efficiency and reliability of robotic systems systems
T1165,930703,332306,Document technical specifications related to industrial automation
T1166,704708,251640,Document technical specifications related to production optimization
T1167,617889,220677,Analyze performance of process control components
T1168,704708,251640,Document technical specifications related to production optimization
T1169,742963,265315,Analyze performance of industrial automation components
T117,612925,218922,Analyze performance of data mining components
T1170,803869,286951,Integrate industrial automation into existing operational workflows
T1171,803869,286951,Integrate industrial automation into existing operational workflows
T1172,561429,200430,Integrate production optimization into existing operational workflows
T1173,518420,185027,Design and optimize robotic systems architectures
T1174,593449,211840,Analyze performance of robotic systems components
T1175,803869,286951,Integrate industrial automation into existing operational workflows
T1176,649866,231943,Implement testing and validation procedures for robotic systems
T1177,617889,220677,Analyze performance of process control components
T1178,518420,185027,Design and optimize robotic systems architectures
T1179,561429,200430,Integrate production optimization into existing operational workflows
T118,620379,221597,Design and optimize data mining architectures
T1180,617555,220527,Implement testing and validation procedures for production optimization
T1181,617555,220527,Implement testing and validation procedures for production optimization
T1182,660869,235803,Integrate robotic systems into existing operational workflows
T1183,672985,240286,Implement testing and validation procedures for process control
T1184,712460,254382,Develop process control solutions for large-scale systems
T1185,649866,231943,Implement testing and validation procedures for robotic systems
T1186,712460,254382,Develop process control solutions for large-scale systems
T1187,660869,235803,Integrate robotic systems into existing operational workflows
T1188,660869,235803,Integrate robotic systems into existing operational workflows
T1189,728940,260292,Develop production optimization solutions for large-scale systems
T119,577862,206377,Implement testing and validation procedures for data mining
T1190,660869,235803,Integrate robotic systems into existing operational workflows
T1191,728940,260292,Develop production optimization solutions for large-scale systems
T1192,672985,240286,Implement testing and validation procedures for process control
T1193,594955,212481,Analyze performance of production optimization components
T1194,726048,259188,Improve efficiency and reliability of robotic systems systems
T1195,741097,264668,Improve efficiency and reliability of process control systems
T1196,646734,230940,Design and optimize production optimization architectures
T1197,746403,266429,Document technical specifications related to robotic systems
T1198,646734,230940,Design and optimize production optimization architectures
T1199,747908,267051,Improve efficiency and reliability of industrial automation systems
T12,584216,208456,Integrate deep neural networks into existing operational workflows
T120,751924,268429,Develop machine learning solutions for large-scale systems
T1200,610492,217927,Integrate process control into existing operational workflows
T1201,677093,241731,Design and optimize industrial automation architectures
T1202,726048,259188,Improve efficiency and reliability of robotic systems systems
T1203,663839,237031,Design and optimize process control architectures
T1204,677093,241731,Design and optimize industrial automation architectures
T1205,646734,230940,Design and optimize production optimization architectures
T1206,803869,286951,Integrate industrial automation into existing operational workflows
T1207,704708,251640,Document technical specifications related to production optimization
T1208,518420,185027,Design and optimize robotic systems architectures
T1209,594955,212481,Analyze performance of production optimization components
T121,776254,277225,Develop data mining solutions for large-scale systems
T1210,843611,301184,Develop industrial automation solutions for large-scale systems
T1211,663839,237031,Design and optimize process control architectures
T1212,779808,278441,Document technical specifications related to process control
T1213,712460,254382,Develop process control solutions for large-scale systems
T1214,518420,185027,Design and optimize robotic systems architectures
T1215,742963,265315,Analyze performance of industrial automation components
T1216,728940,260292,Develop production optimization solutions for large-scale systems
T1217,746403,266429,Document technical specifications related to robotic systems
T1218,745183,266047,Implement testing and validation procedures for industrial automation
T1219,742963,265315,Analyze performance of industrial automation components
T122,395857,141308,Improve efficiency and reliability of deep neural networks systems
T1220,741097,264668,Improve efficiency and reliability of process control systems
T1221,649866,231943,Implement testing and validation procedures for robotic systems
T1222,670366,239243,Develop robotic systems solutions for large-scale systems
T1223,518420,185027,Design and optimize robotic systems architectures
T1224,615883,219939,Improve efficiency and reliability of production optimization systems
T1225,670366,239243,Develop robotic systems solutions for large-scale systems
T1226,663839,237031,Design and optimize process control architectures
T1227,930703,332306,Document technical specifications related to industrial automation
T1228,663839,237031,Design and optimize process control architectures
T1229,518420,185027,Design and optimize robotic systems architectures
T123,395857,141308,Improve efficiency and reliability of deep neural networks systems
T1230,930703,332306,Document technical specifications related to industrial automation
T1231,561429,200430,Integrate production optimization into existing operational workflows
T1232,741097,264668,Improve efficiency and reliability of process control systems
T1233,663839,237031,Design and optimize process control architectures
T1234,617889,220677,Analyze performance of process control components
T1235,742963,265315,Analyze performance of industrial automation components
T1236,646734,230940,Design and optimize production optimization architectures
T1237,677093,241731,Design and optimize industrial automation architectures
T1238,843611,301184,Develop industrial automation solutions for large-scale systems
T1239,610492,217927,Integrate process control into existing operational workflows
T124,619376,221146,Implement testing and validation procedures for natural language processing
T1240,803869,286951,Integrate industrial automation into existing operational workflows
T1241,672985,240286,Implement testing and validation procedures for process control
T1242,672985,240286,Implement testing and validation procedures for process control
T1243,617889,220677,Analyze performance of process control components
T1244,745183,266047,Implement testing and validation procedures for industrial automation
T1245,670366,239243,Develop robotic systems solutions for large-scale systems
T1246,663839,237031,Design and optimize process control architectures
T1247,518420,185027,Design and optimize robotic systems architectures
T1248,670366,239243,Develop robotic systems solutions for large-scale systems
T1249,663839,237031,Design and optimize process control architectures
T125,622874,222371,Improve efficiency and reliability of machine learning systems
T1250,660869,235803,Integrate robotic systems into existing operational workflows
T1251,615883,219939,Improve efficiency and reliability of production optimization systems
T1252,843611,301184,Develop industrial automation solutions for large-scale systems
T1253,672985,240286,Implement testing and validation procedures for process control
T1254,617555,220527,Implement testing and validation procedures for production optimization
T1255,803869,286951,Integrate industrial automation into existing operational workflows
T1256,712460,254382,Develop process control solutions for large-scale systems
T1257,649866,231943,Implement testing and validation procedures for robotic systems
T1258,843611,301184,Develop industrial automation solutions for large-scale systems
T1259,803869,286951,Integrate industrial automation into existing operational workflows
T126,738518,263623,Develop computer vision solutions for large-scale systems
T1260,704708,251640,Document technical specifications related to production optimization
T1261,672985,240286,Implement testing and validation procedures for process control
T1262,677093,241731,Design and optimize industrial automation architectures
T1263,649866,231943,Implement testing and validation procedures for robotic systems
T1264,712460,254382,Develop process control solutions for large-scale systems
T1265,615883,219939,Improve efficiency and reliability of production optimization systems
T1266,617889,220677,Analyze performance of process control components
T1267,742963,265315,Analyze performance of industrial automation components
T1268,594955,212481,Analyze performance of production optimization components
T1269,610492,217927,Integrate process control into existing operational workflows
T127,642876,229487,Implement testing and validation procedures for computer vision
T1270,803869,286951,Integrate industrial automation into existing operational workflows
T1271,615883,219939,Improve efficiency and reliability of production optimization systems
T1272,594955,212481,Analyze performance of production optimization components
T1273,677093,241731,Design and optimize industrial automation architectures
T1274,741097,264668,Improve efficiency and reliability of process control systems
T1275,561429,200430,Integrate production optimization into existing operational workflows
T1276,670366,239243,Develop robotic systems solutions for large-scale systems
T1277,663839,237031,Design and optimize process control architectures
T1278,677093,241731,Design and optimize industrial automation architectures
T1279,660869,235803,Integrate robotic systems into existing operational workflows
T128,655357,233946,Develop deep neural networks solutions for large-scale systems
T1280,930703,332306,Document technical specifications related to industrial automation
T1281,819576,292748,Improve efficiency and reliability of diagnostic systems systems
T1282,694176,247828,Integrate diagnostic systems into existing operational workflows
T1283,814019,290650,Improve efficiency and reliability of laboratory automation systems
T1284,476420,170129,Design and optimize biomedical data analysis architectures
T1285,780869,278793,Design and optimize laboratory automation architectures
T1286,799587,285474,Implement testing and validation procedures for laboratory automation
T1287,716786,256000,Design and optimize diagnostic systems architectures
T1288,819576,292748,Improve efficiency and reliability of diagnostic systems systems
T1289,663259,236869,Analyze performance of biomedical data analysis components
T129,635303,226809,Analyze performance of machine learning components
T1290,476420,170129,Design and optimize biomedical data analysis architectures
T1291,645777,230596,Integrate genetic sequencing into existing operational workflows
T1292,442985,158300,Improve efficiency and reliability of genetic sequencing systems
T1293,799587,285474,Implement testing and validation procedures for laboratory automation
T1294,731952,261361,Document technical specifications related to biomedical data analysis
T1295,456891,163232,Implement testing and validation procedures for genetic sequencing
T1296,542058,193684,Analyze performance of genetic sequencing components
T1297,819576,292748,Improve efficiency and reliability of diagnostic systems systems
T1298,927339,331191,Document technical specifications related to diagnostic systems
T1299,927339,331191,Document technical specifications related to diagnostic systems
T13,792300,282848,Document technical specifications related to machine learning
T130,395857,141308,Improve efficiency and reliability of deep neural networks systems
T1300,809008,288895,Analyze performance of laboratory automation components
T1301,799587,285474,Implement testing and validation procedures for laboratory automation
T1302,767725,274175,Implement testing and validation procedures for diagnostic systems
T1303,765096,273288,Analyze performance of diagnostic systems components
T1304,897379,320389,Develop laboratory automation solutions for large-scale systems
T1305,819576,292748,Improve efficiency and reliability of diagnostic systems systems
T1306,765096,273288,Analyze performance of diagnostic systems components
T1307,716786,256000,Design and optimize diagnostic systems architectures
T1308,671927,240028,Develop genetic sequencing solutions for large-scale systems
T1309,814019,290650,Improve efficiency and reliability of laboratory automation systems
T131,710313,253493,Integrate computer vision into existing operational workflows
T1310,442985,158300,Improve efficiency and reliability of genetic sequencing systems
T1311,809008,288895,Analyze performance of laboratory automation components
T1312,948314,338599,Document technical specifications related to laboratory automation
T1313,568445,202967,Implement testing and validation procedures for biomedical data analysis
T1314,542058,193684,Analyze performance of genetic sequencing components
T1315,442985,158300,Improve efficiency and reliability of genetic sequencing systems
T1316,814019,290650,Improve efficiency and reliability of laboratory automation systems
T1317,694176,247828,Integrate diagnostic systems into existing operational workflows
T1318,542058,193684,Analyze performance of genetic sequencing components
T1319,442985,158300,Improve efficiency and reliability of genetic sequencing systems
T132,645303,230381,Improve efficiency and reliability of computer vision systems
T1320,442985,158300,Improve efficiency and reliability of genetic sequencing systems
T1321,476420,170129,Design and optimize biomedical data analysis architectures
T1322,927339,331191,Document technical specifications related to diagnostic systems
T1323,765096,273288,Analyze performance of diagnostic systems components
T1324,927339,331191,Document technical specifications related to diagnostic systems
T1325,897379,320389,Develop laboratory automation solutions for large-scale systems
T1326,731952,261361,Document technical specifications related to biomedical data analysis
T1327,607822,216966,Integrate biomedical data analysis into existing operational workflows
T1328,927339,331191,Document technical specifications related to diagnostic systems
T1329,418676,149630,Design and optimize genetic sequencing architectures
T133,584216,208456,Integrate deep neural networks into existing operational workflows
T1330,927339,331191,Document technical specifications related to diagnostic systems
T1331,780869,278793,Design and optimize laboratory automation architectures
T1332,645777,230596,Integrate genetic sequencing into existing operational workflows
T1333,819576,292748,Improve efficiency and reliability of diagnostic systems systems
T1334,819576,292748,Improve efficiency and reliability of diagnostic systems systems
T1335,809008,288895,Analyze performance of laboratory automation components
T1336,456891,163232,Implement testing and validation procedures for genetic sequencing
T1337,784632,280084,Integrate laboratory automation into existing operational workflows
T1338,476420,170129,Design and optimize biomedical data analysis architectures
T1339,948314,338599,Document technical specifications related to laboratory automation
T134,614538,219385,Document technical specifications related to deep neural networks
T1340,948314,338599,Document technical specifications related to laboratory automation
T1341,442985,158300,Improve efficiency and reliability of genetic sequencing systems
T1342,663259,236869,Analyze performance of biomedical data analysis components
T1343,671927,240028,Develop genetic sequencing solutions for large-scale systems
T1344,418676,149630,Design and optimize genetic sequencing architectures
T1345,765096,273288,Analyze performance of diagnostic systems components
T1346,799587,285474,Implement testing and validation procedures for laboratory automation
T1347,671927,240028,Develop genetic sequencing solutions for large-scale systems
T1348,765096,273288,Analyze performance of diagnostic systems components
T1349,927339,331191,Document technical specifications related to diagnostic systems
T135,697163,248909,Integrate data mining into existing operational workflows
T1350,542058,193684,Analyze performance of genetic sequencing components
T1351,809008,288895,Analyze performance of laboratory automation components
T1352,645777,230596,Integrate genetic sequencing into existing operational workflows
T1353,418676,149630,Design and optimize genetic sequencing architectures
T1354,418676,149630,Design and optimize genetic sequencing architectures
T1355,671927,240028,Develop genetic sequencing solutions for large-scale systems
T1356,731952,261361,Document technical specifications related to biomedical data analysis
T1357,694176,247828,Integrate diagnostic systems into existing operational workflows
T1358,568445,202967,Implement testing and validation procedures for biomedical data analysis
T1359,604083,215712,Improve efficiency and reliability of biomedical data analysis systems
T136,408370,145782,Analyze performance of deep neural networks components
T1360,604083,215712,Improve efficiency and reliability of biomedical data analysis systems
T1361,948314,338599,Document technical specifications related to laboratory automation
T1362,927339,331191,Document technical specifications related to diagnostic systems
T1363,442985,158300,Improve efficiency and reliability of genetic sequencing systems
T1364,663259,236869,Analyze performance of biomedical data analysis components
T1365,604083,215712,Improve efficiency and reliability of biomedical data analysis systems
T1366,665276,237637,Document technical specifications related to genetic sequencing
T1367,568445,202967,Implement testing and validation procedures for biomedical data analysis
T1368,663259,236869,Analyze performance of biomedical data analysis components
T1369,731952,261361,Document technical specifications related to biomedical data analysis
T137,792300,282848,Document technical specifications related to machine learning
T1370,645777,230596,Integrate genetic sequencing into existing operational workflows
T1371,542058,193684,Analyze performance of genetic sequencing components
T1372,716786,256000,Design and optimize diagnostic systems architectures
T1373,780869,278793,Design and optimize laboratory automation architectures
T1374,809008,288895,Analyze performance of laboratory automation components
T1375,604083,215712,Improve efficiency and reliability of biomedical data analysis systems
T1376,607822,216966,Integrate biomedical data analysis into existing operational workflows
T1377,780869,278793,Design and optimize laboratory automation architectures
T1378,604083,215712,Improve efficiency and reliability of biomedical data analysis systems
T1379,819576,292748,Improve efficiency and reliability of diagnostic systems systems
T138,597621,213389,Design and optimize natural language processing architectures
T1380,765096,273288,Analyze performance of diagnostic systems components
T1381,607822,216966,Integrate biomedical data analysis into existing operational workflows
T1382,607822,216966,Integrate biomedical data analysis into existing operational workflows
T1383,927339,331191,Document technical specifications related to diagnostic systems
T1384,607822,216966,Integrate biomedical data analysis into existing operational workflows
T1385,755461,269758,Develop biomedical data analysis solutions for large-scale systems
T1386,542058,193684,Analyze performance of genetic sequencing components
T1387,799587,285474,Implement testing and validation procedures for laboratory automation
T1388,663259,236869,Analyze performance of biomedical data analysis components
T1389,671927,240028,Develop genetic sequencing solutions for large-scale systems
T139,542826,193821,Analyze performance of natural language processing components
T1390,809008,288895,Analyze performance of laboratory automation components
T1391,784632,280084,Integrate laboratory automation into existing operational workflows
T1392,671927,240028,Develop genetic sequencing solutions for large-scale systems
T1393,607822,216966,Integrate biomedical data analysis into existing operational workflows
T1394,799587,285474,Implement testing and validation procedures for laboratory automation
T1395,780869,278793,Design and optimize laboratory automation architectures
T1396,767725,274175,Implement testing and validation procedures for diagnostic systems
T1397,665276,237637,Document technical specifications related to genetic sequencing
T1398,731952,261361,Document technical specifications related to biomedical data analysis
T1399,663259,236869,Analyze performance of biomedical data analysis components
T14,577862,206377,Implement testing and validation procedures for data mining
T140,488260,174322,Design and optimize deep neural networks architectures
T1400,604083,215712,Improve efficiency and reliability of biomedical data analysis systems
T1401,442985,158300,Improve efficiency and reliability of genetic sequencing systems
T1402,731952,261361,Document technical specifications related to biomedical data analysis
T1403,665276,237637,Document technical specifications related to genetic sequencing
T1404,780869,278793,Design and optimize laboratory automation architectures
T1405,755461,269758,Develop biomedical data analysis solutions for large-scale systems
T1406,456891,163232,Implement testing and validation procedures for genetic sequencing
T1407,784632,280084,Integrate laboratory automation into existing operational workflows
T1408,809008,288895,Analyze performance of laboratory automation components
T1409,752832,268843,Develop diagnostic systems solutions for large-scale systems
T141,614538,219385,Document technical specifications related to deep neural networks
T1410,948314,338599,Document technical specifications related to laboratory automation
T1411,731952,261361,Document technical specifications related to biomedical data analysis
T1412,897379,320389,Develop laboratory automation solutions for large-scale systems
T1413,809008,288895,Analyze performance of laboratory automation components
T1414,814019,290650,Improve efficiency and reliability of laboratory automation systems
T1415,731952,261361,Document technical specifications related to biomedical data analysis
T1416,607822,216966,Integrate biomedical data analysis into existing operational workflows
T1417,767725,274175,Implement testing and validation procedures for diagnostic systems
T1418,809008,288895,Analyze performance of laboratory automation components
T1419,607822,216966,Integrate biomedical data analysis into existing operational workflows
T142,758005,270538,Integrate machine learning into existing operational workflows
T1420,809008,288895,Analyze performance of laboratory automation components
T1421,814019,290650,Improve efficiency and reliability of laboratory automation systems
T1422,897379,320389,Develop laboratory automation solutions for large-scale systems
T1423,671927,240028,Develop genetic sequencing solutions for large-scale systems
T1424,767725,274175,Implement testing and validation procedures for diagnostic systems
T1425,755461,269758,Develop biomedical data analysis solutions for large-scale systems
T1426,780869,278793,Design and optimize laboratory automation architectures
T1427,897379,320389,Develop laboratory automation solutions for large-scale systems
T1428,418676,149630,Design and optimize genetic sequencing architectures
T1429,780869,278793,Design and optimize laboratory automation architectures
T143,776996,277395,Document technical specifications related to computer vision
T1430,442985,158300,Improve efficiency and reliability of genetic sequencing systems
T1431,897379,320389,Develop laboratory automation solutions for large-scale systems
T1432,607822,216966,Integrate biomedical data analysis into existing operational workflows
T1433,814019,290650,Improve efficiency and reliability of laboratory automation systems
T1434,665276,237637,Document technical specifications related to genetic sequencing
T1435,568445,202967,Implement testing and validation procedures for biomedical data analysis
T1436,799587,285474,Implement testing and validation procedures for laboratory automation
T1437,442985,158300,Improve efficiency and reliability of genetic sequencing systems
T1438,671927,240028,Develop genetic sequencing solutions for large-scale systems
T1439,767725,274175,Implement testing and validation procedures for diagnostic systems
T144,600599,214438,Analyze performance of computer vision components
T1440,799587,285474,Implement testing and validation procedures for laboratory automation
T1441,542058,193684,Analyze performance of genetic sequencing components
T1442,765096,273288,Analyze performance of diagnostic systems components
T1443,418676,149630,Design and optimize genetic sequencing architectures
T1444,694176,247828,Integrate diagnostic systems into existing operational workflows
T1445,819576,292748,Improve efficiency and reliability of diagnostic systems systems
T1446,418676,149630,Design and optimize genetic sequencing architectures
T1447,819576,292748,Improve efficiency and reliability of diagnostic systems systems
T1448,442985,158300,Improve efficiency and reliability of genetic sequencing systems
T1449,456891,163232,Implement testing and validation procedures for genetic sequencing
T145,635303,226809,Analyze performance of machine learning components
T1450,819576,292748,Improve efficiency and reliability of diagnostic systems systems
T1451,767725,274175,Implement testing and validation procedures for diagnostic systems
T1452,814019,290650,Improve efficiency and reliability of laboratory automation systems
T1453,694176,247828,Integrate diagnostic systems into existing operational workflows
T1454,568445,202967,Implement testing and validation procedures for biomedical data analysis
T1455,780869,278793,Design and optimize laboratory automation architectures
T1456,476420,170129,Design and optimize biomedical data analysis architectures
T1457,542058,193684,Analyze performance of genetic sequencing components
T1458,645777,230596,Integrate genetic sequencing into existing operational workflows
T1459,716786,256000,Design and optimize diagnostic systems architectures
T146,776254,277225,Develop data mining solutions for large-scale systems
T1460,663259,236869,Analyze performance of biomedical data analysis components
T1461,568445,202967,Implement testing and validation procedures for biomedical data analysis
T1462,442985,158300,Improve efficiency and reliability of genetic sequencing systems
T1463,780869,278793,Design and optimize laboratory automation architectures
T1464,819576,292748,Improve efficiency and reliability of diagnostic systems systems
T1465,948314,338599,Document technical specifications related to laboratory automation
T1466,767725,274175,Implement testing and validation procedures for diagnostic systems
T1467,716786,256000,Design and optimize diagnostic systems architectures
T1468,784632,280084,Integrate laboratory automation into existing operational workflows
T1469,694176,247828,Integrate diagnostic systems into existing operational workflows
T147,542826,193821,Analyze performance of natural language processing components
T1470,645777,230596,Integrate genetic sequencing into existing operational workflows
T1471,542058,193684,Analyze performance of genetic sequencing components
T1472,476420,170129,Design and optimize biomedical data analysis architectures
T1473,731952,261361,Document technical specifications related to biomedical data analysis
T1474,767725,274175,Implement testing and validation procedures for diagnostic systems
T1475,456891,163232,Implement testing and validation procedures for genetic sequencing
T1476,663259,236869,Analyze performance of biomedical data analysis components
T1477,671927,240028,Develop genetic sequencing solutions for large-scale systems
T1478,767725,274175,Implement testing and validation procedures for diagnostic systems
T1479,927339,331191,Document technical specifications related to diagnostic systems
T148,831355,296901,Document technical specifications related to data mining
T1480,752832,268843,Develop diagnostic systems solutions for large-scale systems
T1481,767725,274175,Implement testing and validation procedures for diagnostic systems
T1482,456891,163232,Implement testing and validation procedures for genetic sequencing
T1483,665276,237637,Document technical specifications related to genetic sequencing
T1484,897379,320389,Develop laboratory automation solutions for large-scale systems
T1485,442985,158300,Improve efficiency and reliability of genetic sequencing systems
T1486,765096,273288,Analyze performance of diagnostic systems components
T1487,799587,285474,Implement testing and validation procedures for laboratory automation
T1488,755461,269758,Develop biomedical data analysis solutions for large-scale systems
T1489,780869,278793,Design and optimize laboratory automation architectures
T149,738518,263623,Develop computer vision solutions for large-scale systems
T1490,671927,240028,Develop genetic sequencing solutions for large-scale systems
T1491,927339,331191,Document technical specifications related to diagnostic systems
T1492,731952,261361,Document technical specifications related to biomedical data analysis
T1493,752832,268843,Develop diagnostic systems solutions for large-scale systems
T1494,767725,274175,Implement testing and validation procedures for diagnostic systems
T1495,948314,338599,Document technical specifications related to laboratory automation
T1496,542058,193684,Analyze performance of genetic sequencing components
T1497,476420,170129,Design and optimize biomedical data analysis architectures
T1498,604083,215712,Improve efficiency and reliability of biomedical data analysis systems
T1499,645777,230596,Integrate genetic sequencing into existing operational workflows
T15,622874,222371,Improve efficiency and reliability of machine learning systems
T150,593578,211921,Design and optimize computer vision architectures
T1500,476420,170129,Design and optimize biomedical data analysis architectures
T1501,814019,290650,Improve efficiency and reliability of laboratory automation systems
T1502,604083,215712,Improve efficiency and reliability of biomedical data analysis systems
T1503,731952,261361,Document technical specifications related to biomedical data analysis
T1504,755461,269758,Develop biomedical data analysis solutions for large-scale systems
T1505,645777,230596,Integrate genetic sequencing into existing operational workflows
T1506,568445,202967,Implement testing and validation procedures for biomedical data analysis
T1507,927339,331191,Document technical specifications related to diagnostic systems
T1508,948314,338599,Document technical specifications related to laboratory automation
T1509,814019,290650,Improve efficiency and reliability of laboratory automation systems
T151,641470,229015,Develop natural language processing solutions for large-scale systems
T1510,604083,215712,Improve efficiency and reliability of biomedical data analysis systems
T1511,607822,216966,Integrate biomedical data analysis into existing operational workflows
T1512,604083,215712,Improve efficiency and reliability of biomedical data analysis systems
T1513,767725,274175,Implement testing and validation procedures for diagnostic systems
T1514,767725,274175,Implement testing and validation procedures for diagnostic systems
T1515,948314,338599,Document technical specifications related to laboratory automation
T1516,731952,261361,Document technical specifications related to biomedical data analysis
T1517,418676,149630,Design and optimize genetic sequencing architectures
T1518,819576,292748,Improve efficiency and reliability of diagnostic systems systems
T1519,752832,268843,Develop diagnostic systems solutions for large-scale systems
T152,645303,230381,Improve efficiency and reliability of computer vision systems
T1520,671927,240028,Develop genetic sequencing solutions for large-scale systems
T1521,799587,285474,Implement testing and validation procedures for laboratory automation
T1522,663259,236869,Analyze performance of biomedical data analysis components
T1523,716786,256000,Design and optimize diagnostic systems architectures
T1524,418676,149630,Design and optimize genetic sequencing architectures
T1525,716786,256000,Design and optimize diagnostic systems architectures
T1526,607822,216966,Integrate biomedical data analysis into existing operational workflows
T1527,814019,290650,Improve efficiency and reliability of laboratory automation systems
T1528,819576,292748,Improve efficiency and reliability of diagnostic systems systems
T1529,476420,170129,Design and optimize biomedical data analysis architectures
T153,408370,145782,Analyze performance of deep neural networks components
T1530,809008,288895,Analyze performance of laboratory automation components
T1531,671927,240028,Develop genetic sequencing solutions for large-scale systems
T1532,476420,170129,Design and optimize biomedical data analysis architectures
T1533,809008,288895,Analyze performance of laboratory automation components
T1534,819576,292748,Improve efficiency and reliability of diagnostic systems systems
T1535,694176,247828,Integrate diagnostic systems into existing operational workflows
T1536,780869,278793,Design and optimize laboratory automation architectures
T1537,645777,230596,Integrate genetic sequencing into existing operational workflows
T1538,809008,288895,Analyze performance of laboratory automation components
T1539,442985,158300,Improve efficiency and reliability of genetic sequencing systems
T154,577862,206377,Implement testing and validation procedures for data mining
T1540,948314,338599,Document technical specifications related to laboratory automation
T1541,927339,331191,Document technical specifications related to diagnostic systems
T1542,442985,158300,Improve efficiency and reliability of genetic sequencing systems
T1543,694176,247828,Integrate diagnostic systems into existing operational workflows
T1544,542058,193684,Analyze performance of genetic sequencing components
T1545,604083,215712,Improve efficiency and reliability of biomedical data analysis systems
T1546,607822,216966,Integrate biomedical data analysis into existing operational workflows
T1547,607822,216966,Integrate biomedical data analysis into existing operational workflows
T1548,784632,280084,Integrate laboratory automation into existing operational workflows
T1549,568445,202967,Implement testing and validation procedures for biomedical data analysis
T155,622874,222371,Improve efficiency and reliability of machine learning systems
T1550,814019,290650,Improve efficiency and reliability of laboratory automation systems
T1551,927339,331191,Document technical specifications related to diagnostic systems
T1552,716786,256000,Design and optimize diagnostic systems architectures
T1553,731952,261361,Document technical specifications related to biomedical data analysis
T1554,604083,215712,Improve efficiency and reliability of biomedical data analysis systems
T1555,645777,230596,Integrate genetic sequencing into existing operational workflows
T1556,780869,278793,Design and optimize laboratory automation architectures
T1557,442985,158300,Improve efficiency and reliability of genetic sequencing systems
T1558,752832,268843,Develop diagnostic systems solutions for large-scale systems
T1559,780869,278793,Design and optimize laboratory automation architectures
T156,600599,214438,Analyze performance of computer vision components
T1560,716786,256000,Design and optimize diagnostic systems architectures
T1561,456891,163232,Implement testing and validation procedures for genetic sequencing
T1562,927339,331191,Document technical specifications related to diagnostic systems
T1563,897379,320389,Develop laboratory automation solutions for large-scale systems
T1564,752832,268843,Develop diagnostic systems solutions for large-scale systems
T1565,694176,247828,Integrate diagnostic systems into existing operational workflows
T1566,665276,237637,Document technical specifications related to genetic sequencing
T1567,767725,274175,Implement testing and validation procedures for diagnostic systems
T1568,568445,202967,Implement testing and validation procedures for biomedical data analysis
T1569,456891,163232,Implement testing and validation procedures for genetic sequencing
T157,831355,296901,Document technical specifications related to data mining
T1570,927339,331191,Document technical specifications related to diagnostic systems
T1571,568445,202967,Implement testing and validation procedures for biomedical data analysis
T1572,780869,278793,Design and optimize laboratory automation architectures
T1573,716786,256000,Design and optimize diagnostic systems architectures
T1574,542058,193684,Analyze performance of genetic sequencing components
T1575,604083,215712,Improve efficiency and reliability of biomedical data analysis systems
T1576,819576,292748,Improve efficiency and reliability of diagnostic systems systems
T1577,948314,338599,Document technical specifications related to laboratory automation
T1578,442985,158300,Improve efficiency and reliability of genetic sequencing systems
T1579,476420,170129,Design and optimize biomedical data analysis architectures
T158,593578,211921,Design and optimize computer vision architectures
T1580,418676,149630,Design and optimize genetic sequencing architectures
T1581,568445,202967,Implement testing and validation procedures for biomedical data analysis
T1582,542058,193684,Analyze performance of genetic sequencing components
T1583,799587,285474,Implement testing and validation procedures for laboratory automation
T1584,604083,215712,Improve efficiency and reliability of biomedical data analysis systems
T1585,752832,268843,Develop diagnostic systems solutions for large-scale systems
T1586,784632,280084,Integrate laboratory automation into existing operational workflows
T1587,645777,230596,Integrate genetic sequencing into existing operational workflows
T1588,645777,230596,Integrate genetic sequencing into existing operational workflows
T1589,456891,163232,Implement testing and validation procedures for genetic sequencing
T159,629073,224624,Improve efficiency and reliability of natural language processing systems
T1590,716786,256000,Design and optimize diagnostic systems architectures
T1591,927339,331191,Document technical specifications related to diagnostic systems
T1592,476420,170129,Design and optimize biomedical data analysis architectures
T1593,671927,240028,Develop genetic sequencing solutions for large-scale systems
T1594,784632,280084,Integrate laboratory automation into existing operational workflows
T1595,476420,170129,Design and optimize biomedical data analysis architectures
T1596,607822,216966,Integrate biomedical data analysis into existing operational workflows
T1597,755461,269758,Develop biomedical data analysis solutions for large-scale systems
T1598,456891,163232,Implement testing and validation procedures for genetic sequencing
T1599,607822,216966,Integrate biomedical data analysis into existing operational workflows
T16,792300,282848,Document technical specifications related to machine learning
T160,473727,169088,Implement testing and validation procedures for deep neural networks
T1600,799587,285474,Implement testing and validation procedures for laboratory automation
T161,619376,221146,Implement testing and validation procedures for natural language processing
T162,612925,218922,Analyze performance of data mining components
T163,642876,229487,Implement testing and validation procedures for computer vision
T164,735219,262508,Document technical specifications related to natural language processing
T165,473727,169088,Implement testing and validation procedures for deep neural networks
T166,395857,141308,Improve efficiency and reliability of deep neural networks systems
T167,645303,230381,Improve efficiency and reliability of computer vision systems
T168,776254,277225,Develop data mining solutions for large-scale systems
T169,395857,141308,Improve efficiency and reliability of deep neural networks systems
T17,697163,248909,Integrate data mining into existing operational workflows
T170,488260,174322,Design and optimize deep neural networks architectures
T171,614538,219385,Document technical specifications related to deep neural networks
T172,792300,282848,Document technical specifications related to machine learning
T173,593578,211921,Design and optimize computer vision architectures
T174,735219,262508,Document technical specifications related to natural language processing
T175,395857,141308,Improve efficiency and reliability of deep neural networks systems
T176,758005,270538,Integrate machine learning into existing operational workflows
T177,584216,208456,Integrate deep neural networks into existing operational workflows
T178,776996,277395,Document technical specifications related to computer vision
T179,584216,208456,Integrate deep neural networks into existing operational workflows
T18,577862,206377,Implement testing and validation procedures for data mining
T180,584216,208456,Integrate deep neural networks into existing operational workflows
T181,642876,229487,Implement testing and validation procedures for computer vision
T182,619376,221146,Implement testing and validation procedures for natural language processing
T183,776996,277395,Document technical specifications related to computer vision
T184,776996,277395,Document technical specifications related to computer vision
T185,735219,262508,Document technical specifications related to natural language processing
T186,584216,208456,Integrate deep neural networks into existing operational workflows
T187,776996,277395,Document technical specifications related to computer vision
T188,831355,296901,Document technical specifications related to data mining
T189,620379,221597,Design and optimize data mining architectures
T19,751924,268429,Develop machine learning solutions for large-scale systems
T190,577862,206377,Implement testing and validation procedures for data mining
T191,488260,174322,Design and optimize deep neural networks architectures
T192,395857,141308,Improve efficiency and reliability of deep neural networks systems
T193,735219,262508,Document technical specifications related to natural language processing
T194,735219,262508,Document technical specifications related to natural language processing
T195,735219,262508,Document technical specifications related to natural language processing
T196,645303,230381,Improve efficiency and reliability of computer vision systems
T197,776996,277395,Document technical specifications related to computer vision
T198,612925,218922,Analyze performance of data mining components
T199,619376,221146,Implement testing and validation procedures for natural language processing
T2,488260,174322,Design and optimize deep neural networks architectures
T20,776254,277225,Develop data mining solutions for large-scale systems
T200,710313,253493,Integrate computer vision into existing operational workflows
T201,614538,219385,Document technical specifications related to deep neural networks
T202,735219,262508,Document technical specifications related to natural language processing
T203,640032,228598,Improve efficiency and reliability of data mining systems
T204,629073,224624,Improve efficiency and reliability of natural language processing systems
T205,597621,213389,Design and optimize natural language processing architectures
T206,738518,263623,Develop computer vision solutions for large-scale systems
T207,642876,229487,Implement testing and validation procedures for computer vision
T208,622874,222371,Improve efficiency and reliability of machine learning systems
T209,597621,213389,Design and optimize natural language processing architectures
T21,792300,282848,Document technical specifications related to machine learning
T210,542826,193821,Analyze performance of natural language processing components
T211,612925,218922,Analyze performance of data mining components
T212,542826,193821,Analyze performance of natural language processing components
T213,542826,193821,Analyze performance of natural language processing components
T214,641470,229015,Develop natural language processing solutions for large-scale systems
T215,635303,226809,Analyze performance of machine learning components
T216,758005,270538,Integrate machine learning into existing operational workflows
T217,758005,270538,Integrate machine learning into existing operational workflows
T218,488260,174322,Design and optimize deep neural networks architectures
T219,593578,211921,Design and optimize computer vision architectures
T22,620379,221597,Design and optimize data mining architectures
T220,629073,224624,Improve efficiency and reliability of natural language processing systems
T221,614538,219385,Document technical specifications related to deep neural networks
T222,620379,221597,Design and optimize data mining architectures
T223,758005,270538,Integrate machine learning into existing operational workflows
T224,776254,277225,Develop data mining solutions for large-scale systems
T225,577862,206377,Implement testing and validation procedures for data mining
T226,735219,262508,Document technical specifications related to natural language processing
T227,655357,233946,Develop deep neural networks solutions for large-scale systems
T228,655357,233946,Develop deep neural networks solutions for large-scale systems
T229,697163,248909,Integrate data mining into existing operational workflows
T23,395857,141308,Improve efficiency and reliability of deep neural networks systems
T230,758005,270538,Integrate machine learning into existing operational workflows
T231,635303,226809,Analyze performance of machine learning components
T232,776254,277225,Develop data mining solutions for large-scale systems
T233,776254,277225,Develop data mining solutions for large-scale systems
T234,641470,229015,Develop natural language processing solutions for large-scale systems
T235,640032,228598,Improve efficiency and reliability of data mining systems
T236,629073,224624,Improve efficiency and reliability of natural language processing systems
T237,395857,141308,Improve efficiency and reliability of deep neural networks systems
T238,577862,206377,Implement testing and validation procedures for data mining
T239,710313,253493,Integrate computer vision into existing operational workflows
T24,674628,240827,Implement testing and validation procedures for machine learning
T240,637212,227437,Integrate natural language processing into existing operational workflows
T241,612925,218922,Analyze performance of data mining components
T242,635303,226809,Analyze performance of machine learning components
T243,584216,208456,Integrate deep neural networks into existing operational workflows
T244,645303,230381,Improve efficiency and reliability of computer vision systems
T245,792300,282848,Document technical specifications related to machine learning
T246,614538,219385,Document technical specifications related to deep neural networks
T247,612925,218922,Analyze performance of data mining components
T248,645303,230381,Improve efficiency and reliability of computer vision systems
T249,738518,263623,Develop computer vision solutions for large-scale systems
T25,645303,230381,Improve efficiency and reliability of computer vision systems
T250,655357,233946,Develop deep neural networks solutions for large-scale systems
T251,735219,262508,Document technical specifications related to natural language processing
T252,395857,141308,Improve efficiency and reliability of deep neural networks systems
T253,735219,262508,Document technical specifications related to natural language processing
T254,635303,226809,Analyze performance of machine learning components
T255,408370,145782,Analyze performance of deep neural networks components
T256,831355,296901,Document technical specifications related to data mining
T257,831355,296901,Document technical specifications related to data mining
T258,600599,214438,Analyze performance of computer vision components
T259,542826,193821,Analyze performance of natural language processing components
T26,735219,262508,Document technical specifications related to natural language processing
T260,655357,233946,Develop deep neural networks solutions for large-scale systems
T261,776254,277225,Develop data mining solutions for large-scale systems
T262,488260,174322,Design and optimize deep neural networks architectures
T263,542826,193821,Analyze performance of natural language processing components
T264,642876,229487,Implement testing and validation procedures for computer vision
T265,758005,270538,Integrate machine learning into existing operational workflows
T266,408370,145782,Analyze performance of deep neural networks components
T267,622874,222371,Improve efficiency and reliability of machine learning systems
T268,776254,277225,Develop data mining solutions for large-scale systems
T269,600599,214438,Analyze performance of computer vision components
T27,593578,211921,Design and optimize computer vision architectures
T270,395857,141308,Improve efficiency and reliability of deep neural networks systems
T271,641470,229015,Develop natural language processing solutions for large-scale systems
T272,600599,214438,Analyze performance of computer vision components
T273,542826,193821,Analyze performance of natural language processing components
T274,635303,226809,Analyze performance of machine learning components
T275,641470,229015,Develop natural language processing solutions for large-scale systems
T276,735219,262508,Document technical specifications related to natural language processing
T277,692423,247220,Design and optimize machine learning architectures
T278,600599,214438,Analyze performance of computer vision components
T279,655357,233946,Develop deep neural networks solutions for large-scale systems
T28,692423,247220,Design and optimize machine learning architectures
T280,619376,221146,Implement testing and validation procedures for natural language processing
T281,593578,211921,Design and optimize computer vision architectures
T282,735219,262508,Document technical specifications related to natural language processing
T283,697163,248909,Integrate data mining into existing operational workflows
T284,542826,193821,Analyze performance of natural language processing components
T285,674628,240827,Implement testing and validation procedures for machine learning
T286,758005,270538,Integrate machine learning into existing operational workflows
T287,408370,145782,Analyze performance of deep neural networks components
T288,488260,174322,Design and optimize deep neural networks architectures
T289,692423,247220,Design and optimize machine learning architectures
T29,831355,296901,Document technical specifications related to data mining
T290,629073,224624,Improve efficiency and reliability of natural language processing systems
T291,776254,277225,Develop data mining solutions for large-scale systems
T292,640032,228598,Improve efficiency and reliability of data mining systems
T293,622874,222371,Improve efficiency and reliability of machine learning systems
T294,697163,248909,Integrate data mining into existing operational workflows
T295,645303,230381,Improve efficiency and reliability of computer vision systems
T296,614538,219385,Document technical specifications related to deep neural networks
T297,395857,141308,Improve efficiency and reliability of deep neural networks systems
T298,697163,248909,Integrate data mining into existing operational workflows
T299,692423,247220,Design and optimize machine learning architectures
T3,622874,222371,Improve efficiency and reliability of machine learning systems
T30,473727,169088,Implement testing and validation procedures for deep neural networks
T300,645303,230381,Improve efficiency and reliability of computer vision systems
T301,831355,296901,Document technical specifications related to data mining
T302,640032,228598,Improve efficiency and reliability of data mining systems
T303,577862,206377,Implement testing and validation procedures for data mining
T304,641470,229015,Develop natural language processing solutions for large-scale systems
T305,629073,224624,Improve efficiency and reliability of natural language processing systems
T306,776254,277225,Develop data mining solutions for large-scale systems
T307,642876,229487,Implement testing and validation procedures for computer vision
T308,577862,206377,Implement testing and validation procedures for data mining
T309,614538,219385,Document technical specifications related to deep neural networks
T31,620379,221597,Design and optimize data mining architectures
T310,542826,193821,Analyze performance of natural language processing components
T311,776996,277395,Document technical specifications related to computer vision
T312,641470,229015,Develop natural language processing solutions for large-scale systems
T313,542826,193821,Analyze performance of natural language processing components
T314,758005,270538,Integrate machine learning into existing operational workflows
T315,629073,224624,Improve efficiency and reliability of natural language processing systems
T316,637212,227437,Integrate natural language processing into existing operational workflows
T317,792300,282848,Document technical specifications related to machine learning
T318,612925,218922,Analyze performance of data mining components
T319,637212,227437,Integrate natural language processing into existing operational workflows
T32,629073,224624,Improve efficiency and reliability of natural language processing systems
T320,622874,222371,Improve efficiency and reliability of machine learning systems
T321,875174,312577,Document technical specifications related to signal processing
T322,624973,223265,Analyze performance of embedded systems components
T323,779437,278425,Improve efficiency and reliability of signal processing systems
T324,600873,214762,Design and optimize electronic circuits architectures
T325,595524,212760,Analyze performance of sensor systems components
T326,798754,285266,Develop signal processing solutions for large-scale systems
T327,796212,284281,Integrate embedded systems into existing operational workflows
T328,595524,212760,Analyze performance of sensor systems components
T329,843895,301421,Document technical specifications related to embedded systems
T33,620379,221597,Design and optimize data mining architectures
T330,802642,286778,Document technical specifications related to electronic circuits
T331,799184,285445,Document technical specifications related to sensor systems
T332,639486,228472,Implement testing and validation procedures for optical devices
T333,750916,268083,Integrate signal processing into existing operational workflows
T334,593186,211894,Design and optimize signal processing architectures
T335,799184,285445,Document technical specifications related to sensor systems
T336,714256,255102,Implement testing and validation procedures for embedded systems
T337,687139,245300,Integrate sensor systems into existing operational workflows
T338,664419,237359,Analyze performance of signal processing components
T339,624973,223265,Analyze performance of embedded systems components
T34,642876,229487,Implement testing and validation procedures for computer vision
T340,614031,219444,Improve efficiency and reliability of optical devices systems
T341,714256,255102,Implement testing and validation procedures for embedded systems
T342,750916,268083,Integrate signal processing into existing operational workflows
T343,843895,301421,Document technical specifications related to embedded systems
T344,796212,284281,Integrate embedded systems into existing operational workflows
T345,664419,237359,Analyze performance of signal processing components
T346,676454,241604,Implement testing and validation procedures for sensor systems
T347,798754,285266,Develop signal processing solutions for large-scale systems
T348,779437,278425,Improve efficiency and reliability of signal processing systems
T349,875174,312577,Document technical specifications related to signal processing
T35,776996,277395,Document technical specifications related to computer vision
T350,799184,285445,Document technical specifications related to sensor systems
T351,676454,241604,Implement testing and validation procedures for sensor systems
T352,627412,224035,Integrate optical devices into existing operational workflows
T353,798754,285266,Develop signal processing solutions for large-scale systems
T354,798754,285266,Develop signal processing solutions for large-scale systems
T355,750916,268083,Integrate signal processing into existing operational workflows
T356,700746,250258,Develop sensor systems solutions for large-scale systems
T357,515003,184059,Analyze performance of optical devices components
T358,779437,278425,Improve efficiency and reliability of signal processing systems
T359,627412,224035,Integrate optical devices into existing operational workflows
T36,542826,193821,Analyze performance of natural language processing components
T360,843895,301421,Document technical specifications related to embedded systems
T361,750916,268083,Integrate signal processing into existing operational workflows
T362,758996,271074,Develop embedded systems solutions for large-scale systems
T363,400020,143005,Design and optimize optical devices architectures
T364,798754,285266,Develop signal processing solutions for large-scale systems
T365,802642,286778,Document technical specifications related to electronic circuits
T366,651849,232884,Develop optical devices solutions for large-scale systems
T367,549687,196482,Analyze performance of electronic circuits components
T368,593186,211894,Design and optimize signal processing architectures
T369,743023,265349,Implement testing and validation procedures for signal processing
T37,473727,169088,Implement testing and validation procedures for deep neural networks
T370,557739,199249,Design and optimize sensor systems architectures
T371,796212,284281,Integrate embedded systems into existing operational workflows
T372,799184,285445,Document technical specifications related to sensor systems
T373,557739,199249,Design and optimize sensor systems architectures
T374,689432,246304,Document technical specifications related to optical devices
T375,911403,325525,Integrate electronic circuits into existing operational workflows
T376,614031,219444,Improve efficiency and reliability of optical devices systems
T377,802642,286778,Document technical specifications related to electronic circuits
T378,624973,223265,Analyze performance of embedded systems components
T379,779437,278425,Improve efficiency and reliability of signal processing systems
T38,758005,270538,Integrate machine learning into existing operational workflows
T380,400020,143005,Design and optimize optical devices architectures
T381,798754,285266,Develop signal processing solutions for large-scale systems
T382,624973,223265,Analyze performance of embedded systems components
T383,651849,232884,Develop optical devices solutions for large-scale systems
T384,664419,237359,Analyze performance of signal processing components
T385,682236,243762,Implement testing and validation procedures for electronic circuits
T386,627412,224035,Integrate optical devices into existing operational workflows
T387,796212,284281,Integrate embedded systems into existing operational workflows
T388,676454,241604,Implement testing and validation procedures for sensor systems
T389,737128,263321,Improve efficiency and reliability of sensor systems systems
T39,584216,208456,Integrate deep neural networks into existing operational workflows
T390,549687,196482,Analyze performance of electronic circuits components
T391,682236,243762,Implement testing and validation procedures for electronic circuits
T392,700746,250258,Develop sensor systems solutions for large-scale systems
T393,614031,219444,Improve efficiency and reliability of optical devices systems
T394,557739,199249,Design and optimize sensor systems architectures
T395,639486,228472,Implement testing and validation procedures for optical devices
T396,627412,224035,Integrate optical devices into existing operational workflows
T397,750916,268083,Integrate signal processing into existing operational workflows
T398,627412,224035,Integrate optical devices into existing operational workflows
T399,600873,214762,Design and optimize electronic circuits architectures
T4,738518,263623,Develop computer vision solutions for large-scale systems
T40,738518,263623,Develop computer vision solutions for large-scale systems
T400,687139,245300,Integrate sensor systems into existing operational workflows
T401,750916,268083,Integrate signal processing into existing operational workflows
T402,651849,232884,Develop optical devices solutions for large-scale systems
T403,549687,196482,Analyze performance of electronic circuits components
T404,664419,237359,Analyze performance of signal processing components
T405,639486,228472,Implement testing and validation procedures for optical devices
T406,651849,232884,Develop optical devices solutions for large-scale systems
T407,798754,285266,Develop signal processing solutions for large-scale systems
T408,624973,223265,Analyze performance of embedded systems components
T409,737128,263321,Improve efficiency and reliability of sensor systems systems
T41,776996,277395,Document technical specifications related to computer vision
T410,779437,278425,Improve efficiency and reliability of signal processing systems
T411,798754,285266,Develop signal processing solutions for large-scale systems
T412,549687,196482,Analyze performance of electronic circuits components
T413,838799,299710,Develop electronic circuits solutions for large-scale systems
T414,617898,220726,Design and optimize embedded systems architectures
T415,614031,219444,Improve efficiency and reliability of optical devices systems
T416,843895,301421,Document technical specifications related to embedded systems
T417,799184,285445,Document technical specifications related to sensor systems
T418,743023,265349,Implement testing and validation procedures for signal processing
T419,651849,232884,Develop optical devices solutions for large-scale systems
T42,710313,253493,Integrate computer vision into existing operational workflows
T420,799184,285445,Document technical specifications related to sensor systems
T421,687139,245300,Integrate sensor systems into existing operational workflows
T422,639486,228472,Implement testing and validation procedures for optical devices
T423,651849,232884,Develop optical devices solutions for large-scale systems
T424,700746,250258,Develop sensor systems solutions for large-scale systems
T425,798754,285266,Develop signal processing solutions for large-scale systems
T426,758996,271074,Develop embedded systems solutions for large-scale systems
T427,400020,143005,Design and optimize optical devices architectures
T428,617898,220726,Design and optimize embedded systems architectures
T429,617898,220726,Design and optimize embedded systems architectures
T43,622874,222371,Improve efficiency and reliability of machine learning systems
T430,595524,212760,Analyze performance of sensor systems components
T431,758996,271074,Develop embedded systems solutions for large-scale systems
T432,557739,199249,Design and optimize sensor systems architectures
T433,700746,250258,Develop sensor systems solutions for large-scale systems
T434,600873,214762,Design and optimize electronic circuits architectures
T435,676454,241604,Implement testing and validation procedures for sensor systems
T436,595524,212760,Analyze performance of sensor systems components
T437,743023,265349,Implement testing and validation procedures for signal processing
T438,802642,286778,Document technical specifications related to electronic circuits
T439,639486,228472,Implement testing and validation procedures for optical devices
T44,697163,248909,Integrate data mining into existing operational workflows
T440,743023,265349,Implement testing and validation procedures for signal processing
T441,758996,271074,Develop embedded systems solutions for large-scale systems
T442,624973,223265,Analyze performance of embedded systems components
T443,838799,299710,Develop electronic circuits solutions for large-scale systems
T444,875174,312577,Document technical specifications related to signal processing
T445,779437,278425,Improve efficiency and reliability of signal processing systems
T446,838799,299710,Develop electronic circuits solutions for large-scale systems
T447,700746,250258,Develop sensor systems solutions for large-scale systems
T448,699292,249800,Improve efficiency and reliability of embedded systems systems
T449,689432,246304,Document technical specifications related to optical devices
T45,635303,226809,Analyze performance of machine learning components
T450,624973,223265,Analyze performance of embedded systems components
T451,843895,301421,Document technical specifications related to embedded systems
T452,911403,325525,Integrate electronic circuits into existing operational workflows
T453,699292,249800,Improve efficiency and reliability of embedded systems systems
T454,875174,312577,Document technical specifications related to signal processing
T455,664419,237359,Analyze performance of signal processing components
T456,875174,312577,Document technical specifications related to signal processing
T457,689432,246304,Document technical specifications related to optical devices
T458,515003,184059,Analyze performance of optical devices components
T459,798754,285266,Develop signal processing solutions for large-scale systems
T46,641470,229015,Develop natural language processing solutions for large-scale systems
T460,838799,299710,Develop electronic circuits solutions for large-scale systems
T461,627412,224035,Integrate optical devices into existing operational workflows
T462,682236,243762,Implement testing and validation procedures for electronic circuits
T463,624973,223265,Analyze performance of embedded systems components
T464,664419,237359,Analyze performance of signal processing components
T465,750916,268083,Integrate signal processing into existing operational workflows
T466,549687,196482,Analyze performance of electronic circuits components
T467,651849,232884,Develop optical devices solutions for large-scale systems
T468,557739,199249,Design and optimize sensor systems architectures
T469,687139,245300,Integrate sensor systems into existing operational workflows
T47,577862,206377,Implement testing and validation procedures for data mining
T470,624973,223265,Analyze performance of embedded systems components
T471,639486,228472,Implement testing and validation procedures for optical devices
T472,750916,268083,Integrate signal processing into existing operational workflows
T473,714256,255102,Implement testing and validation procedures for embedded systems
T474,758996,271074,Develop embedded systems solutions for large-scale systems
T475,651849,232884,Develop optical devices solutions for large-scale systems
T476,515003,184059,Analyze performance of optical devices components
T477,687139,245300,Integrate sensor systems into existing operational workflows
T478,798754,285266,Develop signal processing solutions for large-scale systems
T479,838799,299710,Develop electronic circuits solutions for large-scale systems
T48,738518,263623,Develop computer vision solutions for large-scale systems
T480,799184,285445,Document technical specifications related to sensor systems
T481,400020,143005,Design and optimize optical devices architectures
T482,627412,224035,Integrate optical devices into existing operational workflows
T483,758996,271074,Develop embedded systems solutions for large-scale systems
T484,557739,199249,Design and optimize sensor systems architectures
T485,687381,245673,Improve efficiency and reliability of electronic circuits systems
T486,779437,278425,Improve efficiency and reliability of signal processing systems
T487,843895,301421,Document technical specifications related to embedded systems
T488,687139,245300,Integrate sensor systems into existing operational workflows
T489,689432,246304,Document technical specifications related to optical devices
T49,697163,248909,Integrate data mining into existing operational workflows
T490,843895,301421,Document technical specifications related to embedded systems
T491,651849,232884,Develop optical devices solutions for large-scale systems
T492,758996,271074,Develop embedded systems solutions for large-scale systems
T493,400020,143005,Design and optimize optical devices architectures
T494,515003,184059,Analyze performance of optical devices components
T495,802642,286778,Document technical specifications related to electronic circuits
T496,557739,199249,Design and optimize sensor systems architectures
T497,676454,241604,Implement testing and validation procedures for sensor systems
T498,651849,232884,Develop optical devices solutions for large-scale systems
T499,802642,286778,Document technical specifications related to electronic circuits
T5,751924,268429,Develop machine learning solutions for large-scale systems
T50,593578,211921,Design and optimize computer vision architectures
T500,911403,325525,Integrate electronic circuits into existing operational workflows
T501,743023,265349,Implement testing and validation procedures for signal processing
T502,664419,237359,Analyze performance of signal processing components
T503,549687,196482,Analyze performance of electronic circuits components
T504,843895,301421,Document technical specifications related to embedded systems
T505,651849,232884,Develop optical devices solutions for large-scale systems
T506,600873,214762,Design and optimize electronic circuits architectures
T507,743023,265349,Implement testing and validation procedures for signal processing
T508,614031,219444,Improve efficiency and reliability of optical devices systems
T509,627412,224035,Integrate optical devices into existing operational workflows
T51,473727,169088,Implement testing and validation procedures for deep neural networks
T510,699292,249800,Improve efficiency and reliability of embedded systems systems
T511,617898,220726,Design and optimize embedded systems architectures
T512,515003,184059,Analyze performance of optical devices components
T513,557739,199249,Design and optimize sensor systems architectures
T514,400020,143005,Design and optimize optical devices architectures
T515,687139,245300,Integrate sensor systems into existing operational workflows
T516,600873,214762,Design and optimize electronic circuits architectures
T517,875174,312577,Document technical specifications related to signal processing
T518,843895,301421,Document technical specifications related to embedded systems
T519,699292,249800,Improve efficiency and reliability of embedded systems systems
T52,738518,263623,Develop computer vision solutions for large-scale systems
T520,624973,223265,Analyze performance of embedded systems components
T521,400020,143005,Design and optimize optical devices architectures
T522,875174,312577,Document technical specifications related to signal processing
T523,639486,228472,Implement testing and validation procedures for optical devices
T524,758996,271074,Develop embedded systems solutions for large-scale systems
T525,798754,285266,Develop signal processing solutions for large-scale systems
T526,651849,232884,Develop optical devices solutions for large-scale systems
T527,682236,243762,Implement testing and validation procedures for electronic circuits
T528,875174,312577,Document technical specifications related to signal processing
T529,802642,286778,Document technical specifications related to electronic circuits
T53,641470,229015,Develop natural language processing solutions for large-scale systems
T530,699292,249800,Improve efficiency and reliability of embedded systems systems
T531,843895,301421,Document technical specifications related to embedded systems
T532,802642,286778,Document technical specifications related to electronic circuits
T533,614031,219444,Improve efficiency and reliability of optical devices systems
T534,700746,250258,Develop sensor systems solutions for large-scale systems
T535,875174,312577,Document technical specifications related to signal processing
T536,617898,220726,Design and optimize embedded systems architectures
T537,689432,246304,Document technical specifications related to optical devices
T538,614031,219444,Improve efficiency and reliability of optical devices systems
T539,651849,232884,Develop optical devices solutions for large-scale systems
T54,697163,248909,Integrate data mining into existing operational workflows
T540,699292,249800,Improve efficiency and reliability of embedded systems systems
T541,614031,219444,Improve efficiency and reliability of optical devices systems
T542,796212,284281,Integrate embedded systems into existing operational workflows
T543,682236,243762,Implement testing and validation procedures for electronic circuits
T544,515003,184059,Analyze performance of optical devices components
T545,593186,211894,Design and optimize signal processing architectures
T546,549687,196482,Analyze performance of electronic circuits components
T547,627412,224035,Integrate optical devices into existing operational workflows
T548,758996,271074,Develop embedded systems solutions for large-scale systems
T549,743023,265349,Implement testing and validation procedures for signal processing
T55,655357,233946,Develop deep neural networks solutions for large-scale systems
T550,515003,184059,Analyze performance of optical devices components
T551,595524,212760,Analyze performance of sensor systems components
T552,593186,211894,Design and optimize signal processing architectures
T553,557739,199249,Design and optimize sensor systems architectures
T554,682236,243762,Implement testing and validation procedures for electronic circuits
T555,758996,271074,Develop embedded systems solutions for large-scale systems
T556,617898,220726,Design and optimize embedded systems architectures
T557,557739,199249,Design and optimize sensor systems architectures
T558,796212,284281,Integrate embedded systems into existing operational workflows
T559,798754,285266,Develop signal processing solutions for large-scale systems
T56,738518,263623,Develop computer vision solutions for large-scale systems
T560,799184,285445,Document technical specifications related to sensor systems
T561,593186,211894,Design and optimize signal processing architectures
T562,627412,224035,Integrate optical devices into existing operational workflows
T563,595524,212760,Analyze performance of sensor systems components
T564,843895,301421,Document technical specifications related to embedded systems
T565,627412,224035,Integrate optical devices into existing operational workflows
T566,843895,301421,Document technical specifications related to embedded systems
T567,687139,245300,Integrate sensor systems into existing operational workflows
T568,651849,232884,Develop optical devices solutions for large-scale systems
T569,639486,228472,Implement testing and validation procedures for optical devices
T57,637212,227437,Integrate natural language processing into existing operational workflows
T570,796212,284281,Integrate embedded systems into existing operational workflows
T571,911403,325525,Integrate electronic circuits into existing operational workflows
T572,743023,265349,Implement testing and validation procedures for signal processing
T573,798754,285266,Develop signal processing solutions for large-scale systems
T574,687139,245300,Integrate sensor systems into existing operational workflows
T575,651849,232884,Develop optical devices solutions for large-scale systems
T576,743023,265349,Implement testing and validation procedures for signal processing
T577,798754,285266,Develop signal processing solutions for large-scale systems
T578,549687,196482,Analyze performance of electronic circuits components
T579,627412,224035,Integrate optical devices into existing operational workflows
T58,710313,253493,Integrate computer vision into existing operational workflows
T580,549687,196482,Analyze performance of electronic circuits components
T581,779437,278425,Improve efficiency and reliability of signal processing systems
T582,875174,312577,Document technical specifications related to signal processing
T583,838799,299710,Develop electronic circuits solutions for large-scale systems
T584,676454,241604,Implement testing and validation procedures for sensor systems
T585,714256,255102,Implement testing and validation procedures for embedded systems
T586,400020,143005,Design and optimize optical devices architectures
T587,600873,214762,Design and optimize electronic circuits architectures
T588,843895,301421,Document technical specifications related to embedded systems
T589,743023,265349,Implement testing and validation procedures for signal processing
T59,619376,221146,Implement testing and validation procedures for natural language processing
T590,714256,255102,Implement testing and validation procedures for embedded systems
T591,595524,212760,Analyze performance of sensor systems components
T592,624973,223265,Analyze performance of embedded systems components
T593,593186,211894,Design and optimize signal processing architectures
T594,682236,243762,Implement testing and validation procedures for electronic circuits
T595,682236,243762,Implement testing and validation procedures for electronic circuits
T596,714256,255102,Implement testing and validation procedures for embedded systems
T597,798754,285266,Develop signal processing solutions for large-scale systems
T598,515003,184059,Analyze performance of optical devices components
T599,627412,224035,Integrate optical devices into existing operational workflows
T6,473727,169088,Implement testing and validation procedures for deep neural networks
T60,710313,253493,Integrate computer vision into existing operational workflows
T600,737128,263321,Improve efficiency and reliability of sensor systems systems
T601,911403,325525,Integrate electronic circuits into existing operational workflows
T602,400020,143005,Design and optimize optical devices architectures
T603,624973,223265,Analyze performance of embedded systems components
T604,687139,245300,Integrate sensor systems into existing operational workflows
T605,779437,278425,Improve efficiency and reliability of signal processing systems
T606,687139,245300,Integrate sensor systems into existing operational workflows
T607,798754,285266,Develop signal processing solutions for large-scale systems
T608,911403,325525,Integrate electronic circuits into existing operational workflows
T609,549687,196482,Analyze performance of electronic circuits components
T61,473727,169088,Implement testing and validation procedures for deep neural networks
T610,843895,301421,Document technical specifications related to embedded systems
T611,843895,301421,Document technical specifications related to embedded systems
T612,595524,212760,Analyze performance of sensor systems components
T613,911403,325525,Integrate electronic circuits into existing operational workflows
T614,651849,232884,Develop optical devices solutions for large-scale systems
T615,875174,312577,Document technical specifications related to signal processing
T616,664419,237359,Analyze performance of signal processing components
T617,779437,278425,Improve efficiency and reliability of signal processing systems
T618,624973,223265,Analyze performance of embedded systems components
T619,798754,285266,Develop signal processing solutions for large-scale systems
T62,395857,141308,Improve efficiency and reliability of deep neural networks systems
T620,676454,241604,Implement testing and validation procedures for sensor systems
T621,838799,299710,Develop electronic circuits solutions for large-scale systems
T622,515003,184059,Analyze performance of optical devices components
T623,593186,211894,Design and optimize signal processing architectures
T624,689432,246304,Document technical specifications related to optical devices
T625,639486,228472,Implement testing and validation procedures for optical devices
T626,614031,219444,Improve efficiency and reliability of optical devices systems
T627,838799,299710,Develop electronic circuits solutions for large-scale systems
T628,664419,237359,Analyze performance of signal processing components
T629,700746,250258,Develop sensor systems solutions for large-scale systems
T63,831355,296901,Document technical specifications related to data mining
T630,699292,249800,Improve efficiency and reliability of embedded systems systems
T631,600873,214762,Design and optimize electronic circuits architectures
T632,515003,184059,Analyze performance of optical devices components
T633,758996,271074,Develop embedded systems solutions for large-scale systems
T634,664419,237359,Analyze performance of signal processing components
T635,682236,243762,Implement testing and validation procedures for electronic circuits
T636,689432,246304,Document technical specifications related to optical devices
T637,400020,143005,Design and optimize optical devices architectures
T638,687381,245673,Improve efficiency and reliability of electronic circuits systems
T639,843895,301421,Document technical specifications related to embedded systems
T64,641470,229015,Develop natural language processing solutions for large-scale systems
T640,549687,196482,Analyze performance of electronic circuits components
T641,432777,154525,Design and optimize network security architectures
T642,393875,140788,Improve efficiency and reliability of wireless transmission systems
T643,432777,154525,Design and optimize network security architectures
T644,855412,305464,Document technical specifications related to information systems
T645,495272,176809,Develop network security solutions for large-scale systems
T646,393875,140788,Improve efficiency and reliability of wireless transmission systems
T647,691252,246825,Implement testing and validation procedures for information systems
T648,606263,216459,Integrate wireless transmission into existing operational workflows
T649,719588,256902,Integrate communication networks into existing operational workflows
T65,635303,226809,Analyze performance of machine learning components
T650,747787,267072,Develop communication networks solutions for large-scale systems
T651,580239,207267,Design and optimize communication networks architectures
T652,683973,244266,Analyze performance of information systems components
T653,634509,226670,Document technical specifications related to wireless transmission
T654,597357,213342,Implement testing and validation procedures for communication networks
T655,683973,244266,Analyze performance of information systems components
T656,476630,170150,Implement testing and validation procedures for network security
T657,429867,153389,Integrate network security into existing operational workflows
T658,568848,203216,Analyze performance of communication networks components
T659,653131,233207,Document technical specifications related to network security
T66,593578,211921,Design and optimize computer vision architectures
T660,261366,93446,Design and optimize wireless transmission architectures
T661,719588,256902,Integrate communication networks into existing operational workflows
T662,476630,170150,Implement testing and validation procedures for network security
T663,783938,279855,Integrate information systems into existing operational workflows
T664,568848,203216,Analyze performance of communication networks components
T665,393875,140788,Improve efficiency and reliability of wireless transmission systems
T666,606263,216459,Integrate wireless transmission into existing operational workflows
T667,677382,241967,Improve efficiency and reliability of communication networks systems
T668,261366,93446,Design and optimize wireless transmission architectures
T669,691252,246825,Implement testing and validation procedures for information systems
T67,751924,268429,Develop machine learning solutions for large-scale systems
T670,580239,207267,Design and optimize communication networks architectures
T671,606263,216459,Integrate wireless transmission into existing operational workflows
T672,783938,279855,Integrate information systems into existing operational workflows
T673,718495,256549,Develop information systems solutions for large-scale systems
T674,393875,140788,Improve efficiency and reliability of wireless transmission systems
T675,476630,170150,Implement testing and validation procedures for network security
T676,495396,176880,Improve efficiency and reliability of network security systems
T677,634509,226670,Document technical specifications related to wireless transmission
T678,397166,141818,Analyze performance of network security components
T679,682812,243843,Design and optimize information systems architectures
T68,692423,247220,Design and optimize machine learning architectures
T680,653131,233207,Document technical specifications related to network security
T681,568848,203216,Analyze performance of communication networks components
T682,393875,140788,Improve efficiency and reliability of wireless transmission systems
T683,634509,226670,Document technical specifications related to wireless transmission
T684,496881,177507,Implement testing and validation procedures for wireless transmission
T685,261366,93446,Design and optimize wireless transmission architectures
T686,634509,226670,Document technical specifications related to wireless transmission
T687,718495,256549,Develop information systems solutions for large-scale systems
T688,429867,153389,Integrate network security into existing operational workflows
T689,719588,256902,Integrate communication networks into existing operational workflows
T69,758005,270538,Integrate machine learning into existing operational workflows
T690,496881,177507,Implement testing and validation procedures for wireless transmission
T691,719588,256902,Integrate communication networks into existing operational workflows
T692,653131,233207,Document technical specifications related to network security
T693,495272,176809,Develop network security solutions for large-scale systems
T694,476630,170150,Implement testing and validation procedures for network security
T695,580239,207267,Design and optimize communication networks architectures
T696,718495,256549,Develop information systems solutions for large-scale systems
T697,397166,141818,Analyze performance of network security components
T698,855412,305464,Document technical specifications related to information systems
T699,393875,140788,Improve efficiency and reliability of wireless transmission systems
T7,593578,211921,Design and optimize computer vision architectures
T70,593578,211921,Design and optimize computer vision architectures
T700,397166,141818,Analyze performance of network security components
T701,691252,246825,Implement testing and validation procedures for information systems
T702,496881,177507,Implement testing and validation procedures for wireless transmission
T703,476630,170150,Implement testing and validation procedures for network security
T704,606263,216459,Integrate wireless transmission into existing operational workflows
T705,682812,243843,Design and optimize information systems architectures
T706,397166,141818,Analyze performance of network security components
T707,496881,177507,Implement testing and validation procedures for wireless transmission
T708,580239,207267,Design and optimize communication networks architectures
T709,476630,170150,Implement testing and validation procedures for network security
T71,597621,213389,Design and optimize natural language processing architectures
T710,682812,243843,Design and optimize information systems architectures
T711,476630,170150,Implement testing and validation procedures for network security
T712,568848,203216,Analyze performance of communication networks components
T713,261366,93446,Design and optimize wireless transmission architectures
T714,496881,177507,Implement testing and validation procedures for wireless transmission
T715,495396,176880,Improve efficiency and reliability of network security systems
T716,429867,153389,Integrate network security into existing operational workflows
T717,393875,140788,Improve efficiency and reliability of wireless transmission systems
T718,476630,170150,Implement testing and validation procedures for network security
T719,691252,246825,Implement testing and validation procedures for information systems
T72,642876,229487,Implement testing and validation procedures for computer vision
T720,677382,241967,Improve efficiency and reliability of communication networks systems
T721,432777,154525,Design and optimize network security architectures
T722,432777,154525,Design and optimize network security architectures
T723,747787,267072,Develop communication networks solutions for large-scale systems
T724,682812,243843,Design and optimize information systems architectures
T725,634509,226670,Document technical specifications related to wireless transmission
T726,828560,295930,Document technical specifications related to communication networks
T727,429867,153389,Integrate network security into existing operational workflows
T728,754890,269576,Improve efficiency and reliability of information systems systems
T729,597357,213342,Implement testing and validation procedures for communication networks
T73,637212,227437,Integrate natural language processing into existing operational workflows
T730,476630,170150,Implement testing and validation procedures for network security
T731,828560,295930,Document technical specifications related to communication networks
T732,496881,177507,Implement testing and validation procedures for wireless transmission
T733,496881,177507,Implement testing and validation procedures for wireless transmission
T734,568848,203216,Analyze performance of communication networks components
T735,568848,203216,Analyze performance of communication networks components
T736,677382,241967,Improve efficiency and reliability of communication networks systems
T737,634509,226670,Document technical specifications related to wireless transmission
T738,386428,138135,Analyze performance of wireless transmission components
T739,653131,233207,Document technical specifications related to network security
T74,751924,268429,Develop machine learning solutions for large-scale systems
T740,568848,203216,Analyze performance of communication networks components
T741,683973,244266,Analyze performance of information systems components
T742,393875,140788,Improve efficiency and reliability of wireless transmission systems
T743,719588,256902,Integrate communication networks into existing operational workflows
T744,261366,93446,Design and optimize wireless transmission architectures
T745,580239,207267,Design and optimize communication networks architectures
T746,677382,241967,Improve efficiency and reliability of communication networks systems
T747,855412,305464,Document technical specifications related to information systems
T748,495272,176809,Develop network security solutions for large-scale systems
T749,747787,267072,Develop communication networks solutions for large-scale systems
T75,831355,296901,Document technical specifications related to data mining
T750,828560,295930,Document technical specifications related to communication networks
T751,653131,233207,Document technical specifications related to network security
T752,386428,138135,Analyze performance of wireless transmission components
T753,783938,279855,Integrate information systems into existing operational workflows
T754,597357,213342,Implement testing and validation procedures for communication networks
T755,682812,243843,Design and optimize information systems architectures
T756,747787,267072,Develop communication networks solutions for large-scale systems
T757,429867,153389,Integrate network security into existing operational workflows
T758,561079,200453,Develop wireless transmission solutions for large-scale systems
T759,683973,244266,Analyze performance of information systems components
T76,622874,222371,Improve efficiency and reliability of machine learning systems
T760,432777,154525,Design and optimize network security architectures
T761,397166,141818,Analyze performance of network security components
T762,683973,244266,Analyze performance of information systems components
T763,495396,176880,Improve efficiency and reliability of network security systems
T764,747787,267072,Develop communication networks solutions for large-scale systems
T765,496881,177507,Implement testing and validation procedures for wireless transmission
T766,580239,207267,Design and optimize communication networks architectures
T767,429867,153389,Integrate network security into existing operational workflows
T768,561079,200453,Develop wireless transmission solutions for large-scale systems
T769,682812,243843,Design and optimize information systems architectures
T77,751924,268429,Develop machine learning solutions for large-scale systems
T770,397166,141818,Analyze performance of network security components
T771,683973,244266,Analyze performance of information systems components
T772,429867,153389,Integrate network security into existing operational workflows
T773,386428,138135,Analyze performance of wireless transmission components
T774,683973,244266,Analyze performance of information systems components
T775,747787,267072,Develop communication networks solutions for large-scale systems
T776,397166,141818,Analyze performance of network security components
T777,393875,140788,Improve efficiency and reliability of wireless transmission systems
T778,386428,138135,Analyze performance of wireless transmission components
T779,580239,207267,Design and optimize communication networks architectures
T78,697163,248909,Integrate data mining into existing operational workflows
T780,495396,176880,Improve efficiency and reliability of network security systems
T781,634509,226670,Document technical specifications related to wireless transmission
T782,429867,153389,Integrate network security into existing operational workflows
T783,719588,256902,Integrate communication networks into existing operational workflows
T784,691252,246825,Implement testing and validation procedures for information systems
T785,561079,200453,Develop wireless transmission solutions for large-scale systems
T786,718495,256549,Develop information systems solutions for large-scale systems
T787,597357,213342,Implement testing and validation procedures for communication networks
T788,568848,203216,Analyze performance of communication networks components
T789,495272,176809,Develop network security solutions for large-scale systems
T79,488260,174322,Design and optimize deep neural networks architectures
T790,495272,176809,Develop network security solutions for large-scale systems
T791,429867,153389,Integrate network security into existing operational workflows
T792,597357,213342,Implement testing and validation procedures for communication networks
T793,691252,246825,Implement testing and validation procedures for information systems
T794,393875,140788,Improve efficiency and reliability of wireless transmission systems
T795,606263,216459,Integrate wireless transmission into existing operational workflows
T796,597357,213342,Implement testing and validation procedures for communication networks
T797,397166,141818,Analyze performance of network security components
T798,718495,256549,Develop information systems solutions for large-scale systems
T799,495272,176809,Develop network security solutions for large-scale systems
T8,776996,277395,Document technical specifications related to computer vision
T80,597621,213389,Design and optimize natural language processing architectures
T800,719588,256902,Integrate communication networks into existing operational workflows
T801,397166,141818,Analyze performance of network security components
T802,653131,233207,Document technical specifications related to network security
T803,653131,233207,Document technical specifications related to network security
T804,677382,241967,Improve efficiency and reliability of communication networks systems
T805,682812,243843,Design and optimize information systems architectures
T806,476630,170150,Implement testing and validation procedures for network security
T807,719588,256902,Integrate communication networks into existing operational workflows
T808,683973,244266,Analyze performance of information systems components
T809,476630,170150,Implement testing and validation procedures for network security
T81,831355,296901,Document technical specifications related to data mining
T810,580239,207267,Design and optimize communication networks architectures
T811,568848,203216,Analyze performance of communication networks components
T812,718495,256549,Develop information systems solutions for large-scale systems
T813,476630,170150,Implement testing and validation procedures for network security
T814,682812,243843,Design and optimize information systems architectures
T815,691252,246825,Implement testing and validation procedures for information systems
T816,682812,243843,Design and optimize information systems architectures
T817,653131,233207,Document technical specifications related to network security
T818,719588,256902,Integrate communication networks into existing operational workflows
T819,682812,243843,Design and optimize information systems architectures
T82,792300,282848,Document technical specifications related to machine learning
T820,261366,93446,Design and optimize wireless transmission architectures
T821,496881,177507,Implement testing and validation procedures for wireless transmission
T822,261366,93446,Design and optimize wireless transmission architectures
T823,677382,241967,Improve efficiency and reliability of communication networks systems
T824,397166,141818,Analyze performance of network security components
T825,677382,241967,Improve efficiency and reliability of communication networks systems
T826,495272,176809,Develop network security solutions for large-scale systems
T827,429867,153389,Integrate network security into existing operational workflows
T828,653131,233207,Document technical specifications related to network security
T829,432777,154525,Design and optimize network security architectures
T83,738518,263623,Develop computer vision solutions for large-scale systems
T830,432777,154525,Design and optimize network security architectures
T831,606263,216459,Integrate wireless transmission into existing operational workflows
T832,495272,176809,Develop network security solutions for large-scale systems
T833,476630,170150,Implement testing and validation procedures for network security
T834,432777,154525,Design and optimize network security architectures
T835,393875,140788,Improve efficiency and reliability of wireless transmission systems
T836,429867,153389,Integrate network security into existing operational workflows
T837,747787,267072,Develop communication networks solutions for large-scale systems
T838,783938,279855,Integrate information systems into existing operational workflows
T839,828560,295930,Document technical specifications related to communication networks
T84,710313,253493,Integrate computer vision into existing operational workflows
T840,386428,138135,Analyze performance of wireless transmission components
T841,682812,243843,Design and optimize information systems architectures
T842,754890,269576,Improve efficiency and reliability of information systems systems
T843,432777,154525,Design and optimize network security architectures
T844,828560,295930,Document technical specifications related to communication networks
T845,606263,216459,Integrate wireless transmission into existing operational workflows
T846,476630,170150,Implement testing and validation procedures for network security
T847,386428,138135,Analyze performance of wireless transmission components
T848,653131,233207,Document technical specifications related to network security
T849,429867,153389,Integrate network security into existing operational workflows
T85,758005,270538,Integrate machine learning into existing operational workflows
T850,568848,203216,Analyze performance of communication networks components
T851,691252,246825,Implement testing and validation procedures for information systems
T852,747787,267072,Develop communication networks solutions for large-scale systems
T853,397166,141818,Analyze performance of network security components
T854,261366,93446,Design and optimize wireless transmission architectures
T855,828560,295930,Document technical specifications related to communication networks
T856,386428,138135,Analyze performance of wireless transmission components
T857,495396,176880,Improve efficiency and reliability of network security systems
T858,653131,233207,Document technical specifications related to network security
T859,261366,93446,Design and optimize wireless transmission architectures
T86,614538,219385,Document technical specifications related to deep neural networks
T860,432777,154525,Design and optimize network security architectures
T861,691252,246825,Implement testing and validation procedures for information systems
T862,783938,279855,Integrate information systems into existing operational workflows
T863,855412,305464,Document technical specifications related to information systems
T864,747787,267072,Develop communication networks solutions for large-scale systems
T865,682812,243843,Design and optimize information systems architectures
T866,561079,200453,Develop wireless transmission solutions for large-scale systems
T867,495396,176880,Improve efficiency and reliability of network security systems
T868,691252,246825,Implement testing and validation procedures for information systems
T869,718495,256549,Develop information systems solutions for large-scale systems
T87,584216,208456,Integrate deep neural networks into existing operational workflows
T870,496881,177507,Implement testing and validation procedures for wireless transmission
T871,691252,246825,Implement testing and validation procedures for information systems
T872,429867,153389,Integrate network security into existing operational workflows
T873,747787,267072,Develop communication networks solutions for large-scale systems
T874,580239,207267,Design and optimize communication networks architectures
T875,606263,216459,Integrate wireless transmission into existing operational workflows
T876,495272,176809,Develop network security solutions for large-scale systems
T877,653131,233207,Document technical specifications related to network security
T878,568848,203216,Analyze performance of communication networks components
T879,754890,269576,Improve efficiency and reliability of information systems systems
T88,692423,247220,Design and optimize machine learning architectures
T880,718495,256549,Develop information systems solutions for large-scale systems
T881,476630,170150,Implement testing and validation procedures for network security
T882,754890,269576,Improve efficiency and reliability of information systems systems
T883,429867,153389,Integrate network security into existing operational workflows
T884,496881,177507,Implement testing and validation procedures for wireless transmission
T885,691252,246825,Implement testing and validation procedures for information systems
T886,580239,207267,Design and optimize communication networks architectures
T887,397166,141818,Analyze performance of network security components
T888,754890,269576,Improve efficiency and reliability of information systems systems
T889,682812,243843,Design and optimize information systems architectures
T89,542826,193821,Analyze performance of natural language processing components
T890,561079,200453,Develop wireless transmission solutions for large-scale systems
T891,719588,256902,Integrate communication networks into existing operational workflows
T892,495272,176809,Develop network security solutions for large-scale systems
T893,597357,213342,Implement testing and validation procedures for communication networks
T894,495396,176880,Improve efficiency and reliability of network security systems
T895,634509,226670,Document technical specifications related to wireless transmission
T896,719588,256902,Integrate communication networks into existing operational workflows
T897,691252,246825,Implement testing and validation procedures for information systems
T898,561079,200453,Develop wireless transmission solutions for large-scale systems
T899,719588,256902,Integrate communication networks into existing operational workflows
T9,600599,214438,Analyze performance of computer vision components
T90,542826,193821,Analyze performance of natural language processing components
T900,429867,153389,Integrate network security into existing operational workflows
T901,606263,216459,Integrate wireless transmission into existing operational workflows
T902,432777,154525,Design and optimize network security architectures
T903,653131,233207,Document technical specifications related to network security
T904,495272,176809,Develop network security solutions for large-scale systems
T905,606263,216459,Integrate wireless transmission into existing operational workflows
T906,718495,256549,Develop information systems solutions for large-scale systems
T907,495396,176880,Improve efficiency and reliability of network security systems
T908,677382,241967,Improve efficiency and reliability of communication networks systems
T909,561079,200453,Develop wireless transmission solutions for large-scale systems
T91,645303,230381,Improve efficiency and reliability of computer vision systems
T910,634509,226670,Document technical specifications related to wireless transmission
T911,561079,200453,Develop wireless transmission solutions for large-scale systems
T912,828560,295930,Document technical specifications related to communication networks
T913,495272,176809,Develop network security solutions for large-scale systems
T914,496881,177507,Implement testing and validation procedures for wireless transmission
T915,606263,216459,Integrate wireless transmission into existing operational workflows
T916,634509,226670,Document technical specifications related to wireless transmission
T917,754890,269576,Improve efficiency and reliability of information systems systems
T918,597357,213342,Implement testing and validation procedures for communication networks
T919,432777,154525,Design and optimize network security architectures
T92,488260,174322,Design and optimize deep neural networks architectures
T920,386428,138135,Analyze performance of wireless transmission components
T921,682812,243843,Design and optimize information systems architectures
T922,397166,141818,Analyze performance of network security components
T923,683973,244266,Analyze performance of information systems components
T924,677382,241967,Improve efficiency and reliability of communication networks systems
T925,828560,295930,Document technical specifications related to communication networks
T926,561079,200453,Develop wireless transmission solutions for large-scale systems
T927,606263,216459,Integrate wireless transmission into existing operational workflows
T928,634509,226670,Document technical specifications related to wireless transmission
T929,568848,203216,Analyze performance of communication networks components
T93,674628,240827,Implement testing and validation procedures for machine learning
T930,828560,295930,Document technical specifications related to communication networks
T931,397166,141818,Analyze performance of network security components
T932,476630,170150,Implement testing and validation procedures for network security
T933,634509,226670,Document technical specifications related to wireless transmission
T934,397166,141818,Analyze performance of network security components
T935,597357,213342,Implement testing and validation procedures for communication networks
T936,677382,241967,Improve efficiency and reliability of communication networks systems
T937,754890,269576,Improve efficiency and reliability of information systems systems
T938,828560,295930,Document technical specifications related to communication networks
T939,783938,279855,Integrate information systems into existing operational workflows
T94,622874,222371,Improve efficiency and reliability of machine learning systems
T940,495396,176880,Improve efficiency and reliability of network security systems
T941,261366,93446,Design and optimize wireless transmission architectures
T942,677382,241967,Improve efficiency and reliability of communication networks systems
T943,495272,176809,Develop network security solutions for large-scale systems
T944,476630,170150,Implement testing and validation procedures for network security
T945,476630,170150,Implement testing and validation procedures for network security
T946,393875,140788,Improve efficiency and reliability of wireless transmission systems
T947,718495,256549,Develop information systems solutions for large-scale systems
T948,261366,93446,Design and optimize wireless transmission architectures
T949,691252,246825,Implement testing and validation procedures for information systems
T95,674628,240827,Implement testing and validation procedures for machine learning
T950,429867,153389,Integrate network security into existing operational workflows
T951,495272,176809,Develop network security solutions for large-scale systems
T952,261366,93446,Design and optimize wireless transmission architectures
T953,828560,295930,Document technical specifications related to communication networks
T954,429867,153389,Integrate network security into existing operational workflows
T955,568848,203216,Analyze performance of communication networks components
T956,495272,176809,Develop network security solutions for large-scale systems
T957,718495,256549,Develop information systems solutions for large-scale systems
T958,568848,203216,Analyze performance of communication networks components
T959,429867,153389,Integrate network security into existing operational workflows
T96,593578,211921,Design and optimize computer vision architectures
T960,397166,141818,Analyze performance of network security components
T961,741097,264668,Improve efficiency and reliability of process control systems
T962,728940,260292,Develop production optimization solutions for large-scale systems
T963,843611,301184,Develop industrial automation solutions for large-scale systems
T964,747908,267051,Improve efficiency and reliability of industrial automation systems
T965,649866,231943,Implement testing and validation procedures for robotic systems
T966,593449,211840,Analyze performance of robotic systems components
T967,663839,237031,Design and optimize process control architectures
T968,518420,185027,Design and optimize robotic systems architectures
T969,779808,278441,Document technical specifications related to process control
T97,738518,263623,Develop computer vision solutions for large-scale systems
T970,746403,266429,Document technical specifications related to robotic systems
T971,712460,254382,Develop process control solutions for large-scale systems
T972,593449,211840,Analyze performance of robotic systems components
T973,745183,266047,Implement testing and validation procedures for industrial automation
T974,593449,211840,Analyze performance of robotic systems components
T975,712460,254382,Develop process control solutions for large-scale systems
T976,672985,240286,Implement testing and validation procedures for process control
T977,617555,220527,Implement testing and validation procedures for production optimization
T978,672985,240286,Implement testing and validation procedures for process control
T979,561429,200430,Integrate production optimization into existing operational workflows
T98,674628,240827,Implement testing and validation procedures for machine learning
T980,660869,235803,Integrate robotic systems into existing operational workflows
T981,617555,220527,Implement testing and validation procedures for production optimization
T982,593449,211840,Analyze performance of robotic systems components
T983,728940,260292,Develop production optimization solutions for large-scale systems
T984,649866,231943,Implement testing and validation procedures for robotic systems
T985,649866,231943,Implement testing and validation procedures for robotic systems
T986,746403,266429,Document technical specifications related to robotic systems
T987,649866,231943,Implement testing and validation procedures for robotic systems
T988,646734,230940,Design and optimize production optimization architectures
T989,672985,240286,Implement testing and validation procedures for process control
T99,614538,219385,Document technical specifications related to deep neural networks
T990,728940,260292,Develop production optimization solutions for large-scale systems
T991,660869,235803,Integrate robotic systems into existing operational workflows
T992,779808,278441,Document technical specifications related to process control
T993,741097,264668,Improve efficiency and reliability of process control systems
T994,663839,237031,Design and optimize process control architectures
T995,803869,286951,Integrate industrial automation into existing operational workflows
T996,728940,260292,Develop production optimization solutions for large-scale systems
T997,646734,230940,Design and optimize production optimization architectures
T998,672985,240286,Implement testing and validation procedures for process control
T999,742963,265315,Analyze performance of industrial automation components
