edge_id,source_node_id,target_node_id,relationship_type,market_data_type,confidence,provenance
E-000001,GGEDU-11341,GGOCC-00115,PREPARES_FOR,INTERNAL_RELATIONAL,0.93,PRISM Synthetic Graph Mapping
E-000002,GGEDU-11341,GGOCC-00222,PREPARES_FOR,INTERNAL_RELATIONAL,0.82,PRISM Synthetic Graph Mapping
E-000003,GGEDU-11341,GGOCC-00266,PREPARES_FOR,INTERNAL_RELATIONAL,0.67,PRISM Synthetic Graph Mapping
E-000004,GGEDU-11341,GGOCC-00115,PREPARES_FOR,INTERNAL_RELATIONAL,0.92,PRISM Synthetic Graph Mapping
E-000005,GGEDU-11341,GGOCC-00222,PREPARES_FOR,INTERNAL_RELATIONAL,0.78,PRISM Synthetic Graph Mapping
E-000006,GGEDU-11341,GGOCC-00266,PREPARES_FOR,INTERNAL_RELATIONAL,0.66,PRISM Synthetic Graph Mapping
E-000007,GGEDU-11341,GGOCC-00115,PREPARES_FOR,INTERNAL_RELATIONAL,0.9,PRISM Synthetic Graph Mapping
E-000008,GGEDU-11341,GGOCC-00222,PREPARES_FOR,INTERNAL_RELATIONAL,0.83,PRISM Synthetic Graph Mapping
E-000009,GGEDU-11341,GGOCC-00266,PREPARES_FOR,INTERNAL_RELATIONAL,0.64,PRISM Synthetic Graph Mapping
E-000010,GGEDU-11341,GGOCC-00115,PREPARES_FOR,INTERNAL_RELATIONAL,0.95,PRISM Synthetic Graph Mapping
E-000011,GGEDU-11341,GGOCC-00222,PREPARES_FOR,INTERNAL_RELATIONAL,0.83,PRISM Synthetic Graph Mapping
E-000012,GGEDU-11341,GGOCC-00266,PREPARES_FOR,INTERNAL_RELATIONAL,0.67,PRISM Synthetic Graph Mapping
E-000013,GGEDU-11341,GGOCC-00115,PREPARES_FOR,INTERNAL_RELATIONAL,0.92,PRISM Synthetic Graph Mapping
E-000014,GGEDU-11341,GGOCC-00222,PREPARES_FOR,INTERNAL_RELATIONAL,0.83,PRISM Synthetic Graph Mapping
E-000015,GGEDU-11341,GGOCC-00266,PREPARES_FOR,INTERNAL_RELATIONAL,0.67,PRISM Synthetic Graph Mapping
E-000016,GGEDU-11341,GGOCC-00115,PREPARES_FOR,INTERNAL_RELATIONAL,0.93,PRISM Synthetic Graph Mapping
E-000017,GGEDU-11341,GGOCC-00222,PREPARES_FOR,INTERNAL_RELATIONAL,0.79,PRISM Synthetic Graph Mapping
E-000018,GGEDU-11341,GGOCC-00266,PREPARES_FOR,INTERNAL_RELATIONAL,0.63,PRISM Synthetic Graph Mapping
E-000019,GGEDU-11341,GGOCC-00115,PREPARES_FOR,INTERNAL_RELATIONAL,0.93,PRISM Synthetic Graph Mapping
E-000020,GGEDU-11341,GGOCC-00222,PREPARES_FOR,INTERNAL_RELATIONAL,0.8,PRISM Synthetic Graph Mapping
E-000021,GGEDU-11341,GGOCC-00266,PREPARES_FOR,INTERNAL_RELATIONAL,0.66,PRISM Synthetic Graph Mapping
E-000022,GGEDU-11341,GGOCC-00115,PREPARES_FOR,INTERNAL_RELATIONAL,0.9,PRISM Synthetic Graph Mapping
E-000023,GGEDU-11341,GGOCC-00222,PREPARES_FOR,INTERNAL_RELATIONAL,0.84,PRISM Synthetic Graph Mapping
E-000024,GGEDU-11341,GGOCC-00266,PREPARES_FOR,INTERNAL_RELATIONAL,0.65,PRISM Synthetic Graph Mapping
E-000025,GGEDU-11341,GGOCC-00115,PREPARES_FOR,INTERNAL_RELATIONAL,0.94,PRISM Synthetic Graph Mapping
E-000026,GGEDU-11341,GGOCC-00222,PREPARES_FOR,INTERNAL_RELATIONAL,0.8,PRISM Synthetic Graph Mapping
E-000027,GGEDU-11341,GGOCC-00266,PREPARES_FOR,INTERNAL_RELATIONAL,0.63,PRISM Synthetic Graph Mapping
E-000028,GGEDU-11341,GGOCC-00115,PREPARES_FOR,INTERNAL_RELATIONAL,0.94,PRISM Synthetic Graph Mapping
E-000029,GGEDU-11341,GGOCC-00222,PREPARES_FOR,INTERNAL_RELATIONAL,0.84,PRISM Synthetic Graph Mapping
E-000030,GGEDU-11341,GGOCC-00266,PREPARES_FOR,INTERNAL_RELATIONAL,0.64,PRISM Synthetic Graph Mapping
E-000031,GGEDU-11341,GGOCC-00115,PREPARES_FOR,INTERNAL_RELATIONAL,0.92,PRISM Synthetic Graph Mapping
E-000032,GGEDU-11341,GGOCC-00222,PREPARES_FOR,INTERNAL_RELATIONAL,0.8,PRISM Synthetic Graph Mapping
E-000033,GGEDU-11341,GGOCC-00085,PREPARES_FOR,INTERNAL_RELATIONAL,0.84,PRISM Synthetic Graph Mapping
E-000034,GGEDU-11341,GGOCC-00115,PREPARES_FOR,INTERNAL_RELATIONAL,0.9,PRISM Synthetic Graph Mapping
E-000035,GGEDU-11341,GGOCC-00222,PREPARES_FOR,INTERNAL_RELATIONAL,0.83,PRISM Synthetic Graph Mapping
E-000036,GGEDU-11341,GGOCC-00085,PREPARES_FOR,INTERNAL_RELATIONAL,0.78,PRISM Synthetic Graph Mapping
E-000037,GGEDU-11341,GGOCC-00115,PREPARES_FOR,INTERNAL_RELATIONAL,0.95,PRISM Synthetic Graph Mapping
E-000038,GGEDU-11341,GGOCC-00222,PREPARES_FOR,INTERNAL_RELATIONAL,0.78,PRISM Synthetic Graph Mapping
E-000039,GGEDU-11341,GGOCC-00085,PREPARES_FOR,INTERNAL_RELATIONAL,0.82,PRISM Synthetic Graph Mapping
E-000040,GGEDU-11341,GGOCC-00115,PREPARES_FOR,INTERNAL_RELATIONAL,0.91,PRISM Synthetic Graph Mapping
E-000041,GGEDU-11341,GGOCC-00222,PREPARES_FOR,INTERNAL_RELATIONAL,0.81,PRISM Synthetic Graph Mapping
E-000042,GGEDU-11341,GGOCC-00085,PREPARES_FOR,INTERNAL_RELATIONAL,0.83,PRISM Synthetic Graph Mapping
E-000043,GGEDU-11341,GGOCC-00115,PREPARES_FOR,INTERNAL_RELATIONAL,0.92,PRISM Synthetic Graph Mapping
E-000044,GGEDU-11341,GGOCC-00222,PREPARES_FOR,INTERNAL_RELATIONAL,0.8,PRISM Synthetic Graph Mapping
E-000045,GGEDU-11341,GGOCC-00085,PREPARES_FOR,INTERNAL_RELATIONAL,0.82,PRISM Synthetic Graph Mapping
E-000046,GGEDU-11341,GGOCC-00115,PREPARES_FOR,INTERNAL_RELATIONAL,0.94,PRISM Synthetic Graph Mapping
E-000047,GGEDU-11341,GGOCC-00222,PREPARES_FOR,INTERNAL_RELATIONAL,0.78,PRISM Synthetic Graph Mapping
E-000048,GGEDU-11341,GGOCC-00085,PREPARES_FOR,INTERNAL_RELATIONAL,0.78,PRISM Synthetic Graph Mapping
E-000049,GGEDU-11341,GGOCC-00115,PREPARES_FOR,INTERNAL_RELATIONAL,0.94,PRISM Synthetic Graph Mapping
E-000050,GGEDU-11341,GGOCC-00222,PREPARES_FOR,INTERNAL_RELATIONAL,0.83,PRISM Synthetic Graph Mapping
E-000051,GGEDU-11341,GGOCC-00085,PREPARES_FOR,INTERNAL_RELATIONAL,0.79,PRISM Synthetic Graph Mapping
E-000052,GGEDU-11341,GGOCC-00115,PREPARES_FOR,INTERNAL_RELATIONAL,0.89,PRISM Synthetic Graph Mapping
E-000053,GGEDU-11341,GGOCC-00222,PREPARES_FOR,INTERNAL_RELATIONAL,0.81,PRISM Synthetic Graph Mapping
E-000054,GGEDU-11341,GGOCC-00085,PREPARES_FOR,INTERNAL_RELATIONAL,0.8,PRISM Synthetic Graph Mapping
E-000055,GGEDU-11341,GGOCC-00115,PREPARES_FOR,INTERNAL_RELATIONAL,0.92,PRISM Synthetic Graph Mapping
E-000056,GGEDU-11341,GGOCC-00222,PREPARES_FOR,INTERNAL_RELATIONAL,0.79,PRISM Synthetic Graph Mapping
E-000057,GGEDU-11341,GGOCC-00085,PREPARES_FOR,INTERNAL_RELATIONAL,0.84,PRISM Synthetic Graph Mapping
E-000058,GGEDU-11341,GGOCC-00115,PREPARES_FOR,INTERNAL_RELATIONAL,0.92,PRISM Synthetic Graph Mapping
E-000059,GGEDU-11341,GGOCC-00222,PREPARES_FOR,INTERNAL_RELATIONAL,0.8,PRISM Synthetic Graph Mapping
E-000060,GGEDU-11341,GGOCC-00085,PREPARES_FOR,INTERNAL_RELATIONAL,0.79,PRISM Synthetic Graph Mapping
E-000061,GGEDU-11341,GGOCC-00115,PREPARES_FOR,INTERNAL_RELATIONAL,0.89,PRISM Synthetic Graph Mapping
E-000062,GGEDU-11341,GGOCC-00222,PREPARES_FOR,INTERNAL_RELATIONAL,0.83,PRISM Synthetic Graph Mapping
E-000063,GGEDU-11341,GGOCC-00085,PREPARES_FOR,INTERNAL_RELATIONAL,0.79,PRISM Synthetic Graph Mapping
E-000064,GGEDU-11341,GGOCC-00115,PREPARES_FOR,INTERNAL_RELATIONAL,0.9,PRISM Synthetic Graph Mapping
E-000065,GGEDU-11341,GGOCC-00222,PREPARES_FOR,INTERNAL_RELATIONAL,0.81,PRISM Synthetic Graph Mapping
E-000066,GGEDU-11341,GGOCC-00085,PREPARES_FOR,INTERNAL_RELATIONAL,0.83,PRISM Synthetic Graph Mapping
E-000067,GGEDU-11341,GGOCC-00115,PREPARES_FOR,INTERNAL_RELATIONAL,0.9,PRISM Synthetic Graph Mapping
E-000068,GGEDU-11341,GGOCC-00222,PREPARES_FOR,INTERNAL_RELATIONAL,0.82,PRISM Synthetic Graph Mapping
E-000069,GGEDU-11341,GGOCC-00085,PREPARES_FOR,INTERNAL_RELATIONAL,0.84,PRISM Synthetic Graph Mapping
E-000070,GGEDU-11341,GGOCC-00115,PREPARES_FOR,INTERNAL_RELATIONAL,0.91,PRISM Synthetic Graph Mapping
E-000071,GGEDU-11341,GGOCC-00222,PREPARES_FOR,INTERNAL_RELATIONAL,0.79,PRISM Synthetic Graph Mapping
E-000072,GGEDU-11341,GGOCC-00085,PREPARES_FOR,INTERNAL_RELATIONAL,0.81,PRISM Synthetic Graph Mapping
E-000073,GGEDU-11341,GGOCC-00115,PREPARES_FOR,INTERNAL_RELATIONAL,0.91,PRISM Synthetic Graph Mapping
E-000074,GGEDU-11341,GGOCC-00222,PREPARES_FOR,INTERNAL_RELATIONAL,0.81,PRISM Synthetic Graph Mapping
E-000075,GGEDU-11341,GGOCC-00085,PREPARES_FOR,INTERNAL_RELATIONAL,0.84,PRISM Synthetic Graph Mapping
E-000076,GGEDU-11341,GGOCC-00115,PREPARES_FOR,INTERNAL_RELATIONAL,0.95,PRISM Synthetic Graph Mapping
E-000077,GGEDU-11341,GGOCC-00222,PREPARES_FOR,INTERNAL_RELATIONAL,0.83,PRISM Synthetic Graph Mapping
E-000078,GGEDU-11341,GGOCC-00266,PREPARES_FOR,INTERNAL_RELATIONAL,0.65,PRISM Synthetic Graph Mapping
E-000079,GGEDU-11341,GGOCC-00115,PREPARES_FOR,INTERNAL_RELATIONAL,0.91,PRISM Synthetic Graph Mapping
E-000080,GGEDU-11341,GGOCC-00222,PREPARES_FOR,INTERNAL_RELATIONAL,0.8,PRISM Synthetic Graph Mapping
E-000081,GGEDU-11341,GGOCC-00266,PREPARES_FOR,INTERNAL_RELATIONAL,0.64,PRISM Synthetic Graph Mapping
E-000082,GGEDU-11341,GGOCC-00115,PREPARES_FOR,INTERNAL_RELATIONAL,0.92,PRISM Synthetic Graph Mapping
E-000083,GGEDU-11341,GGOCC-00222,PREPARES_FOR,INTERNAL_RELATIONAL,0.84,PRISM Synthetic Graph Mapping
E-000084,GGEDU-11341,GGOCC-00266,PREPARES_FOR,INTERNAL_RELATIONAL,0.65,PRISM Synthetic Graph Mapping
E-000085,GGEDU-11341,GGOCC-00115,PREPARES_FOR,INTERNAL_RELATIONAL,0.9,PRISM Synthetic Graph Mapping
E-000086,GGEDU-11341,GGOCC-00222,PREPARES_FOR,INTERNAL_RELATIONAL,0.84,PRISM Synthetic Graph Mapping
E-000087,GGEDU-11341,GGOCC-00266,PREPARES_FOR,INTERNAL_RELATIONAL,0.65,PRISM Synthetic Graph Mapping
E-000088,GGEDU-11341,GGOCC-00115,PREPARES_FOR,INTERNAL_RELATIONAL,0.89,PRISM Synthetic Graph Mapping
E-000089,GGEDU-11341,GGOCC-00222,PREPARES_FOR,INTERNAL_RELATIONAL,0.81,PRISM Synthetic Graph Mapping
E-000090,GGEDU-11341,GGOCC-00266,PREPARES_FOR,INTERNAL_RELATIONAL,0.63,PRISM Synthetic Graph Mapping
E-000091,GGEDU-00017,GGOCC-00128,PREPARES_FOR,INTERNAL_RELATIONAL,0.9,PRISM Synthetic Graph Mapping
E-000092,GGEDU-00017,GGOCC-00015,PREPARES_FOR,INTERNAL_RELATIONAL,0.93,PRISM Synthetic Graph Mapping
E-000093,GGEDU-00017,GGOCC-00284,PREPARES_FOR,INTERNAL_RELATIONAL,0.79,PRISM Synthetic Graph Mapping
E-000094,GGEDU-00017,GGOCC-00222,PREPARES_FOR,INTERNAL_RELATIONAL,0.67,PRISM Synthetic Graph Mapping
E-000095,GGEDU-00017,GGOCC-00128,PREPARES_FOR,INTERNAL_RELATIONAL,0.93,PRISM Synthetic Graph Mapping
E-000096,GGEDU-00017,GGOCC-00015,PREPARES_FOR,INTERNAL_RELATIONAL,0.92,PRISM Synthetic Graph Mapping
E-000097,GGEDU-00017,GGOCC-00284,PREPARES_FOR,INTERNAL_RELATIONAL,0.81,PRISM Synthetic Graph Mapping
E-000098,GGEDU-00017,GGOCC-00222,PREPARES_FOR,INTERNAL_RELATIONAL,0.63,PRISM Synthetic Graph Mapping
E-000099,GGEDU-00017,GGOCC-00128,PREPARES_FOR,INTERNAL_RELATIONAL,0.9,PRISM Synthetic Graph Mapping
E-000100,GGEDU-00017,GGOCC-00015,PREPARES_FOR,INTERNAL_RELATIONAL,0.93,PRISM Synthetic Graph Mapping
E-000101,GGEDU-00017,GGOCC-00284,PREPARES_FOR,INTERNAL_RELATIONAL,0.8,PRISM Synthetic Graph Mapping
E-000102,GGEDU-00017,GGOCC-00222,PREPARES_FOR,INTERNAL_RELATIONAL,0.62,PRISM Synthetic Graph Mapping
E-000103,GGEDU-00017,GGOCC-00128,PREPARES_FOR,INTERNAL_RELATIONAL,0.95,PRISM Synthetic Graph Mapping
E-000104,GGEDU-00017,GGOCC-00015,PREPARES_FOR,INTERNAL_RELATIONAL,0.89,PRISM Synthetic Graph Mapping
E-000105,GGEDU-00017,GGOCC-00284,PREPARES_FOR,INTERNAL_RELATIONAL,0.8,PRISM Synthetic Graph Mapping
E-000106,GGEDU-00017,GGOCC-00222,PREPARES_FOR,INTERNAL_RELATIONAL,0.67,PRISM Synthetic Graph Mapping
E-000107,GGEDU-00017,GGOCC-00128,PREPARES_FOR,INTERNAL_RELATIONAL,0.91,PRISM Synthetic Graph Mapping
E-000108,GGEDU-00017,GGOCC-00015,PREPARES_FOR,INTERNAL_RELATIONAL,0.94,PRISM Synthetic Graph Mapping
E-000109,GGEDU-00017,GGOCC-00284,PREPARES_FOR,INTERNAL_RELATIONAL,0.82,PRISM Synthetic Graph Mapping
E-000110,GGEDU-00017,GGOCC-00128,PREPARES_FOR,INTERNAL_RELATIONAL,0.94,PRISM Synthetic Graph Mapping
E-000111,GGEDU-00017,GGOCC-00015,PREPARES_FOR,INTERNAL_RELATIONAL,0.93,PRISM Synthetic Graph Mapping
E-000112,GGEDU-00017,GGOCC-00284,PREPARES_FOR,INTERNAL_RELATIONAL,0.79,PRISM Synthetic Graph Mapping
E-000113,GGEDU-00017,GGOCC-00128,PREPARES_FOR,INTERNAL_RELATIONAL,0.91,PRISM Synthetic Graph Mapping
E-000114,GGEDU-00017,GGOCC-00015,PREPARES_FOR,INTERNAL_RELATIONAL,0.93,PRISM Synthetic Graph Mapping
E-000115,GGEDU-00017,GGOCC-00284,PREPARES_FOR,INTERNAL_RELATIONAL,0.82,PRISM Synthetic Graph Mapping
E-000116,GGEDU-00017,GGOCC-00128,PREPARES_FOR,INTERNAL_RELATIONAL,0.94,PRISM Synthetic Graph Mapping
E-000117,GGEDU-00017,GGOCC-00015,PREPARES_FOR,INTERNAL_RELATIONAL,0.92,PRISM Synthetic Graph Mapping
E-000118,GGEDU-00017,GGOCC-00284,PREPARES_FOR,INTERNAL_RELATIONAL,0.78,PRISM Synthetic Graph Mapping
E-000119,GGEDU-00017,GGOCC-00128,PREPARES_FOR,INTERNAL_RELATIONAL,0.93,PRISM Synthetic Graph Mapping
E-000120,GGEDU-00017,GGOCC-00015,PREPARES_FOR,INTERNAL_RELATIONAL,0.92,PRISM Synthetic Graph Mapping
E-000121,GGEDU-00017,GGOCC-00284,PREPARES_FOR,INTERNAL_RELATIONAL,0.79,PRISM Synthetic Graph Mapping
E-000122,GGEDU-00017,GGOCC-00128,PREPARES_FOR,INTERNAL_RELATIONAL,0.94,PRISM Synthetic Graph Mapping
E-000123,GGEDU-00017,GGOCC-00015,PREPARES_FOR,INTERNAL_RELATIONAL,0.9,PRISM Synthetic Graph Mapping
E-000124,GGEDU-00017,GGOCC-00284,PREPARES_FOR,INTERNAL_RELATIONAL,0.8,PRISM Synthetic Graph Mapping
E-000125,GGEDU-00017,GGOCC-00128,PREPARES_FOR,INTERNAL_RELATIONAL,0.94,PRISM Synthetic Graph Mapping
E-000126,GGEDU-00017,GGOCC-00015,PREPARES_FOR,INTERNAL_RELATIONAL,0.91,PRISM Synthetic Graph Mapping
E-000127,GGEDU-00017,GGOCC-00284,PREPARES_FOR,INTERNAL_RELATIONAL,0.83,PRISM Synthetic Graph Mapping
E-000128,GGEDU-00017,GGOCC-00128,PREPARES_FOR,INTERNAL_RELATIONAL,0.9,PRISM Synthetic Graph Mapping
E-000129,GGEDU-00017,GGOCC-00015,PREPARES_FOR,INTERNAL_RELATIONAL,0.94,PRISM Synthetic Graph Mapping
E-000130,GGEDU-00017,GGOCC-00284,PREPARES_FOR,INTERNAL_RELATIONAL,0.83,PRISM Synthetic Graph Mapping
E-000131,GGEDU-00017,GGOCC-00128,PREPARES_FOR,INTERNAL_RELATIONAL,0.91,PRISM Synthetic Graph Mapping
E-000132,GGEDU-00017,GGOCC-00015,PREPARES_FOR,INTERNAL_RELATIONAL,0.94,PRISM Synthetic Graph Mapping
E-000133,GGEDU-00017,GGOCC-00284,PREPARES_FOR,INTERNAL_RELATIONAL,0.83,PRISM Synthetic Graph Mapping
E-000134,GGEDU-00017,GGOCC-00128,PREPARES_FOR,INTERNAL_RELATIONAL,0.94,PRISM Synthetic Graph Mapping
E-000135,GGEDU-00017,GGOCC-00015,PREPARES_FOR,INTERNAL_RELATIONAL,0.9,PRISM Synthetic Graph Mapping
E-000136,GGEDU-00017,GGOCC-00284,PREPARES_FOR,INTERNAL_RELATIONAL,0.81,PRISM Synthetic Graph Mapping
E-000137,GGEDU-00017,GGOCC-00128,PREPARES_FOR,INTERNAL_RELATIONAL,0.89,PRISM Synthetic Graph Mapping
E-000138,GGEDU-00017,GGOCC-00015,PREPARES_FOR,INTERNAL_RELATIONAL,0.91,PRISM Synthetic Graph Mapping
E-000139,GGEDU-00017,GGOCC-00284,PREPARES_FOR,INTERNAL_RELATIONAL,0.84,PRISM Synthetic Graph Mapping
E-000140,GGEDU-00017,GGOCC-00128,PREPARES_FOR,INTERNAL_RELATIONAL,0.95,PRISM Synthetic Graph Mapping
E-000141,GGEDU-00017,GGOCC-00015,PREPARES_FOR,INTERNAL_RELATIONAL,0.95,PRISM Synthetic Graph Mapping
E-000142,GGEDU-00017,GGOCC-00284,PREPARES_FOR,INTERNAL_RELATIONAL,0.84,PRISM Synthetic Graph Mapping
E-000143,GGEDU-00003,GGOCC-00015,PREPARES_FOR,INTERNAL_RELATIONAL,0.9,PRISM Synthetic Graph Mapping
E-000144,GGEDU-00003,GGOCC-00222,PREPARES_FOR,INTERNAL_RELATIONAL,0.93,PRISM Synthetic Graph Mapping
E-000145,GGEDU-00003,GGOCC-00017,PREPARES_FOR,INTERNAL_RELATIONAL,0.82,PRISM Synthetic Graph Mapping
E-000146,GGEDU-00003,GGOCC-00015,PREPARES_FOR,INTERNAL_RELATIONAL,0.91,PRISM Synthetic Graph Mapping
E-000147,GGEDU-00003,GGOCC-00222,PREPARES_FOR,INTERNAL_RELATIONAL,0.89,PRISM Synthetic Graph Mapping
E-000148,GGEDU-00003,GGOCC-00017,PREPARES_FOR,INTERNAL_RELATIONAL,0.81,PRISM Synthetic Graph Mapping
E-000149,GGEDU-00003,GGOCC-00015,PREPARES_FOR,INTERNAL_RELATIONAL,0.91,PRISM Synthetic Graph Mapping
E-000150,GGEDU-00003,GGOCC-00222,PREPARES_FOR,INTERNAL_RELATIONAL,0.93,PRISM Synthetic Graph Mapping
E-000151,GGEDU-00003,GGOCC-00017,PREPARES_FOR,INTERNAL_RELATIONAL,0.8,PRISM Synthetic Graph Mapping
E-000152,GGEDU-00003,GGOCC-00015,PREPARES_FOR,INTERNAL_RELATIONAL,0.91,PRISM Synthetic Graph Mapping
E-000153,GGEDU-00003,GGOCC-00222,PREPARES_FOR,INTERNAL_RELATIONAL,0.91,PRISM Synthetic Graph Mapping
E-000154,GGEDU-00003,GGOCC-00017,PREPARES_FOR,INTERNAL_RELATIONAL,0.79,PRISM Synthetic Graph Mapping
E-000155,GGEDU-00003,GGOCC-00015,PREPARES_FOR,INTERNAL_RELATIONAL,0.94,PRISM Synthetic Graph Mapping
E-000156,GGEDU-00003,GGOCC-00222,PREPARES_FOR,INTERNAL_RELATIONAL,0.91,PRISM Synthetic Graph Mapping
E-000157,GGEDU-00003,GGOCC-00017,PREPARES_FOR,INTERNAL_RELATIONAL,0.78,PRISM Synthetic Graph Mapping
E-000158,GGEDU-00003,GGOCC-00015,PREPARES_FOR,INTERNAL_RELATIONAL,0.93,PRISM Synthetic Graph Mapping
E-000159,GGEDU-00003,GGOCC-00222,PREPARES_FOR,INTERNAL_RELATIONAL,0.92,PRISM Synthetic Graph Mapping
E-000160,GGEDU-00003,GGOCC-00017,PREPARES_FOR,INTERNAL_RELATIONAL,0.81,PRISM Synthetic Graph Mapping
E-000161,GGEDU-00003,GGOCC-00015,PREPARES_FOR,INTERNAL_RELATIONAL,0.9,PRISM Synthetic Graph Mapping
E-000162,GGEDU-00003,GGOCC-00222,PREPARES_FOR,INTERNAL_RELATIONAL,0.93,PRISM Synthetic Graph Mapping
E-000163,GGEDU-00003,GGOCC-00017,PREPARES_FOR,INTERNAL_RELATIONAL,0.83,PRISM Synthetic Graph Mapping
E-000164,GGEDU-00003,GGOCC-00015,PREPARES_FOR,INTERNAL_RELATIONAL,0.9,PRISM Synthetic Graph Mapping
E-000165,GGEDU-00003,GGOCC-00222,PREPARES_FOR,INTERNAL_RELATIONAL,0.91,PRISM Synthetic Graph Mapping
E-000166,GGEDU-00003,GGOCC-00017,PREPARES_FOR,INTERNAL_RELATIONAL,0.83,PRISM Synthetic Graph Mapping
E-000167,GGEDU-00003,GGOCC-00015,PREPARES_FOR,INTERNAL_RELATIONAL,0.9,PRISM Synthetic Graph Mapping
E-000168,GGEDU-00003,GGOCC-00222,PREPARES_FOR,INTERNAL_RELATIONAL,0.92,PRISM Synthetic Graph Mapping
E-000169,GGEDU-00003,GGOCC-00017,PREPARES_FOR,INTERNAL_RELATIONAL,0.82,PRISM Synthetic Graph Mapping
E-000170,GGEDU-11704,GGOCC-00115,PREPARES_FOR,INTERNAL_RELATIONAL,0.9,PRISM Synthetic Graph Mapping
E-000171,GGEDU-11704,GGOCC-00085,PREPARES_FOR,INTERNAL_RELATIONAL,0.81,PRISM Synthetic Graph Mapping
E-000172,GGEDU-11704,GGOCC-00115,PREPARES_FOR,INTERNAL_RELATIONAL,0.92,PRISM Synthetic Graph Mapping
E-000173,GGEDU-11704,GGOCC-00085,PREPARES_FOR,INTERNAL_RELATIONAL,0.82,PRISM Synthetic Graph Mapping
E-000174,GGEDU-11704,GGOCC-00115,PREPARES_FOR,INTERNAL_RELATIONAL,0.93,PRISM Synthetic Graph Mapping
E-000175,GGEDU-11704,GGOCC-00085,PREPARES_FOR,INTERNAL_RELATIONAL,0.83,PRISM Synthetic Graph Mapping
E-000176,GGEDU-11704,GGOCC-00115,PREPARES_FOR,INTERNAL_RELATIONAL,0.91,PRISM Synthetic Graph Mapping
E-000177,GGEDU-11704,GGOCC-00085,PREPARES_FOR,INTERNAL_RELATIONAL,0.82,PRISM Synthetic Graph Mapping
E-000178,GGEDU-11704,GGOCC-00115,PREPARES_FOR,INTERNAL_RELATIONAL,0.91,PRISM Synthetic Graph Mapping
E-000179,GGEDU-11704,GGOCC-00085,PREPARES_FOR,INTERNAL_RELATIONAL,0.79,PRISM Synthetic Graph Mapping
E-000180,GGEDU-11704,GGOCC-00115,PREPARES_FOR,INTERNAL_RELATIONAL,0.91,PRISM Synthetic Graph Mapping
E-000181,GGEDU-11704,GGOCC-00085,PREPARES_FOR,INTERNAL_RELATIONAL,0.81,PRISM Synthetic Graph Mapping
E-000182,GGEDU-11704,GGOCC-00115,PREPARES_FOR,INTERNAL_RELATIONAL,0.94,PRISM Synthetic Graph Mapping
E-000183,GGEDU-11704,GGOCC-00085,PREPARES_FOR,INTERNAL_RELATIONAL,0.8,PRISM Synthetic Graph Mapping
E-000184,GGEDU-11704,GGOCC-00115,PREPARES_FOR,INTERNAL_RELATIONAL,0.92,PRISM Synthetic Graph Mapping
E-000185,GGEDU-11704,GGOCC-00085,PREPARES_FOR,INTERNAL_RELATIONAL,0.79,PRISM Synthetic Graph Mapping
E-000186,GGEDU-11704,GGOCC-00115,PREPARES_FOR,INTERNAL_RELATIONAL,0.91,PRISM Synthetic Graph Mapping
E-000187,GGEDU-11704,GGOCC-00085,PREPARES_FOR,INTERNAL_RELATIONAL,0.81,PRISM Synthetic Graph Mapping
E-000188,GGEDU-11704,GGOCC-00115,PREPARES_FOR,INTERNAL_RELATIONAL,0.91,PRISM Synthetic Graph Mapping
E-000189,GGEDU-11704,GGOCC-00085,PREPARES_FOR,INTERNAL_RELATIONAL,0.78,PRISM Synthetic Graph Mapping
E-000190,GGEDU-11704,GGOCC-00115,PREPARES_FOR,INTERNAL_RELATIONAL,0.89,PRISM Synthetic Graph Mapping
E-000191,GGEDU-11704,GGOCC-00085,PREPARES_FOR,INTERNAL_RELATIONAL,0.79,PRISM Synthetic Graph Mapping
E-000192,GGEDU-11704,GGOCC-00115,PREPARES_FOR,INTERNAL_RELATIONAL,0.94,PRISM Synthetic Graph Mapping
E-000193,GGEDU-11704,GGOCC-00085,PREPARES_FOR,INTERNAL_RELATIONAL,0.8,PRISM Synthetic Graph Mapping
E-000194,GGEDU-00048,GGOCC-00266,PREPARES_FOR,INTERNAL_RELATIONAL,0.95,PRISM Synthetic Graph Mapping
E-000195,GGEDU-00048,GGOCC-00124,PREPARES_FOR,INTERNAL_RELATIONAL,0.93,PRISM Synthetic Graph Mapping
E-000196,GGEDU-00048,GGOCC-00266,PREPARES_FOR,INTERNAL_RELATIONAL,0.89,PRISM Synthetic Graph Mapping
E-000197,GGEDU-00048,GGOCC-00124,PREPARES_FOR,INTERNAL_RELATIONAL,0.9,PRISM Synthetic Graph Mapping
E-000198,GGEDU-00048,GGOCC-00266,PREPARES_FOR,INTERNAL_RELATIONAL,0.9,PRISM Synthetic Graph Mapping
E-000199,GGEDU-00048,GGOCC-00124,PREPARES_FOR,INTERNAL_RELATIONAL,0.94,PRISM Synthetic Graph Mapping
E-000200,GGEDU-00048,GGOCC-00266,PREPARES_FOR,INTERNAL_RELATIONAL,0.91,PRISM Synthetic Graph Mapping
E-000201,GGEDU-00048,GGOCC-00124,PREPARES_FOR,INTERNAL_RELATIONAL,0.95,PRISM Synthetic Graph Mapping
E-000202,GGEDU-00048,GGOCC-00266,PREPARES_FOR,INTERNAL_RELATIONAL,0.9,PRISM Synthetic Graph Mapping
E-000203,GGEDU-00048,GGOCC-00124,PREPARES_FOR,INTERNAL_RELATIONAL,0.94,PRISM Synthetic Graph Mapping
E-000204,GGEDU-00048,GGOCC-00266,PREPARES_FOR,INTERNAL_RELATIONAL,0.92,PRISM Synthetic Graph Mapping
E-000205,GGEDU-00048,GGOCC-00124,PREPARES_FOR,INTERNAL_RELATIONAL,0.92,PRISM Synthetic Graph Mapping
E-000206,GGEDU-00048,GGOCC-00266,PREPARES_FOR,INTERNAL_RELATIONAL,0.93,PRISM Synthetic Graph Mapping
E-000207,GGEDU-00048,GGOCC-00124,PREPARES_FOR,INTERNAL_RELATIONAL,0.93,PRISM Synthetic Graph Mapping
E-000208,GGEDU-00048,GGOCC-00266,PREPARES_FOR,INTERNAL_RELATIONAL,0.92,PRISM Synthetic Graph Mapping
E-000209,GGEDU-00048,GGOCC-00124,PREPARES_FOR,INTERNAL_RELATIONAL,0.92,PRISM Synthetic Graph Mapping
E-000210,GGEDU-00048,GGOCC-00266,PREPARES_FOR,INTERNAL_RELATIONAL,0.94,PRISM Synthetic Graph Mapping
E-000211,GGEDU-00048,GGOCC-00124,PREPARES_FOR,INTERNAL_RELATIONAL,0.92,PRISM Synthetic Graph Mapping
E-000212,GGEDU-00007,GGOCC-00138,PREPARES_FOR,INTERNAL_RELATIONAL,0.9,PRISM Synthetic Graph Mapping
E-000213,GGEDU-00007,GGOCC-00115,PREPARES_FOR,INTERNAL_RELATIONAL,0.62,PRISM Synthetic Graph Mapping
E-000214,GGEDU-00007,GGOCC-00138,PREPARES_FOR,INTERNAL_RELATIONAL,0.9,PRISM Synthetic Graph Mapping
E-000215,GGEDU-00007,GGOCC-00115,PREPARES_FOR,INTERNAL_RELATIONAL,0.65,PRISM Synthetic Graph Mapping
E-000216,GGEDU-00007,GGOCC-00138,PREPARES_FOR,INTERNAL_RELATIONAL,0.9,PRISM Synthetic Graph Mapping
E-000217,GGEDU-00007,GGOCC-00115,PREPARES_FOR,INTERNAL_RELATIONAL,0.65,PRISM Synthetic Graph Mapping
E-000218,GGEDU-00007,GGOCC-00138,PREPARES_FOR,INTERNAL_RELATIONAL,0.94,PRISM Synthetic Graph Mapping
E-000219,GGEDU-00007,GGOCC-00115,PREPARES_FOR,INTERNAL_RELATIONAL,0.63,PRISM Synthetic Graph Mapping
E-000220,GGEDU-00007,GGOCC-00138,PREPARES_FOR,INTERNAL_RELATIONAL,0.92,PRISM Synthetic Graph Mapping
E-000221,GGEDU-00007,GGOCC-00115,PREPARES_FOR,INTERNAL_RELATIONAL,0.68,PRISM Synthetic Graph Mapping
E-000222,GGEDU-00007,GGOCC-00138,PREPARES_FOR,INTERNAL_RELATIONAL,0.91,PRISM Synthetic Graph Mapping
E-000223,GGEDU-00007,GGOCC-00115,PREPARES_FOR,INTERNAL_RELATIONAL,0.65,PRISM Synthetic Graph Mapping
E-000224,GGEDU-00007,GGOCC-00138,PREPARES_FOR,INTERNAL_RELATIONAL,0.95,PRISM Synthetic Graph Mapping
E-000225,GGEDU-00007,GGOCC-00115,PREPARES_FOR,INTERNAL_RELATIONAL,0.67,PRISM Synthetic Graph Mapping
E-000226,GGEDU-00007,GGOCC-00138,PREPARES_FOR,INTERNAL_RELATIONAL,0.92,PRISM Synthetic Graph Mapping
E-000227,GGEDU-00007,GGOCC-00115,PREPARES_FOR,INTERNAL_RELATIONAL,0.67,PRISM Synthetic Graph Mapping
E-000228,GGEDU-00007,GGOCC-00138,PREPARES_FOR,INTERNAL_RELATIONAL,0.89,PRISM Synthetic Graph Mapping
E-000229,GGEDU-00007,GGOCC-00138,PREPARES_FOR,INTERNAL_RELATIONAL,0.94,PRISM Synthetic Graph Mapping
E-000230,GGEDU-00007,GGOCC-00138,PREPARES_FOR,INTERNAL_RELATIONAL,0.95,PRISM Synthetic Graph Mapping
E-000231,GGEDU-00007,GGOCC-00138,PREPARES_FOR,INTERNAL_RELATIONAL,0.93,PRISM Synthetic Graph Mapping
E-000232,GGEDU-00007,GGOCC-00138,PREPARES_FOR,INTERNAL_RELATIONAL,0.9,PRISM Synthetic Graph Mapping
E-000233,GGEDU-00007,GGOCC-00138,PREPARES_FOR,INTERNAL_RELATIONAL,0.93,PRISM Synthetic Graph Mapping
E-000234,GGEDU-00007,GGOCC-00138,PREPARES_FOR,INTERNAL_RELATIONAL,0.9,PRISM Synthetic Graph Mapping
E-000235,GGEDU-00007,GGOCC-00138,PREPARES_FOR,INTERNAL_RELATIONAL,0.95,PRISM Synthetic Graph Mapping
E-000236,GGEDU-00007,GGOCC-00138,PREPARES_FOR,INTERNAL_RELATIONAL,0.9,PRISM Synthetic Graph Mapping
E-000237,GGEDU-00007,GGOCC-00138,PREPARES_FOR,INTERNAL_RELATIONAL,0.89,PRISM Synthetic Graph Mapping
E-000238,GGEDU-00007,GGOCC-00138,PREPARES_FOR,INTERNAL_RELATIONAL,0.92,PRISM Synthetic Graph Mapping
E-000239,GGEDU-00007,GGOCC-00138,PREPARES_FOR,INTERNAL_RELATIONAL,0.91,PRISM Synthetic Graph Mapping
E-000240,GGEDU-00007,GGOCC-00138,PREPARES_FOR,INTERNAL_RELATIONAL,0.91,PRISM Synthetic Graph Mapping
E-000241,GGEDU-00007,GGOCC-00115,PREPARES_FOR,INTERNAL_RELATIONAL,0.65,PRISM Synthetic Graph Mapping
E-000242,GGEDU-00007,GGOCC-00138,PREPARES_FOR,INTERNAL_RELATIONAL,0.9,PRISM Synthetic Graph Mapping
E-000243,GGEDU-00007,GGOCC-00115,PREPARES_FOR,INTERNAL_RELATIONAL,0.67,PRISM Synthetic Graph Mapping
E-000244,GGEDU-00007,GGOCC-00138,PREPARES_FOR,INTERNAL_RELATIONAL,0.92,PRISM Synthetic Graph Mapping
E-000245,GGEDU-00007,GGOCC-00115,PREPARES_FOR,INTERNAL_RELATIONAL,0.63,PRISM Synthetic Graph Mapping
E-000246,GGEDU-00007,GGOCC-00138,PREPARES_FOR,INTERNAL_RELATIONAL,0.93,PRISM Synthetic Graph Mapping
E-000247,GGEDU-00007,GGOCC-00115,PREPARES_FOR,INTERNAL_RELATIONAL,0.65,PRISM Synthetic Graph Mapping
E-000248,GGEDU-10863,GGOCC-00236,PREPARES_FOR,INTERNAL_RELATIONAL,0.95,PRISM Synthetic Graph Mapping
E-000249,GGEDU-10863,GGOCC-00257,PREPARES_FOR,INTERNAL_RELATIONAL,0.83,PRISM Synthetic Graph Mapping
E-000250,GGEDU-10863,GGOCC-00236,PREPARES_FOR,INTERNAL_RELATIONAL,0.91,PRISM Synthetic Graph Mapping
E-000251,GGEDU-10863,GGOCC-00257,PREPARES_FOR,INTERNAL_RELATIONAL,0.81,PRISM Synthetic Graph Mapping
E-000252,GGEDU-10863,GGOCC-00236,PREPARES_FOR,INTERNAL_RELATIONAL,0.94,PRISM Synthetic Graph Mapping
E-000253,GGEDU-10863,GGOCC-00257,PREPARES_FOR,INTERNAL_RELATIONAL,0.81,PRISM Synthetic Graph Mapping
E-000254,GGEDU-10863,GGOCC-00236,PREPARES_FOR,INTERNAL_RELATIONAL,0.91,PRISM Synthetic Graph Mapping
E-000255,GGEDU-10863,GGOCC-00257,PREPARES_FOR,INTERNAL_RELATIONAL,0.81,PRISM Synthetic Graph Mapping
E-000256,GGEDU-10863,GGOCC-00236,PREPARES_FOR,INTERNAL_RELATIONAL,0.92,PRISM Synthetic Graph Mapping
E-000257,GGEDU-10863,GGOCC-00257,PREPARES_FOR,INTERNAL_RELATIONAL,0.79,PRISM Synthetic Graph Mapping
E-000258,GGEDU-10863,GGOCC-00236,PREPARES_FOR,INTERNAL_RELATIONAL,0.94,PRISM Synthetic Graph Mapping
E-000259,GGEDU-10863,GGOCC-00257,PREPARES_FOR,INTERNAL_RELATIONAL,0.83,PRISM Synthetic Graph Mapping
E-000260,GGEDU-10863,GGOCC-00236,PREPARES_FOR,INTERNAL_RELATIONAL,0.95,PRISM Synthetic Graph Mapping
E-000261,GGEDU-10863,GGOCC-00257,PREPARES_FOR,INTERNAL_RELATIONAL,0.82,PRISM Synthetic Graph Mapping
E-000262,GGEDU-10863,GGOCC-00236,PREPARES_FOR,INTERNAL_RELATIONAL,0.92,PRISM Synthetic Graph Mapping
E-000263,GGEDU-10863,GGOCC-00257,PREPARES_FOR,INTERNAL_RELATIONAL,0.82,PRISM Synthetic Graph Mapping
E-000264,GGEDU-10863,GGOCC-00236,PREPARES_FOR,INTERNAL_RELATIONAL,0.91,PRISM Synthetic Graph Mapping
E-000265,GGEDU-10863,GGOCC-00257,PREPARES_FOR,INTERNAL_RELATIONAL,0.83,PRISM Synthetic Graph Mapping
E-000266,GGEDU-10863,GGOCC-00236,PREPARES_FOR,INTERNAL_RELATIONAL,0.93,PRISM Synthetic Graph Mapping
E-000267,GGEDU-10863,GGOCC-00257,PREPARES_FOR,INTERNAL_RELATIONAL,0.78,PRISM Synthetic Graph Mapping
E-000268,GGEDU-10863,GGOCC-00236,PREPARES_FOR,INTERNAL_RELATIONAL,0.94,PRISM Synthetic Graph Mapping
E-000269,GGEDU-10863,GGOCC-00257,PREPARES_FOR,INTERNAL_RELATIONAL,0.83,PRISM Synthetic Graph Mapping
E-000270,GGEDU-10863,GGOCC-00236,PREPARES_FOR,INTERNAL_RELATIONAL,0.89,PRISM Synthetic Graph Mapping
E-000271,GGEDU-10863,GGOCC-00257,PREPARES_FOR,INTERNAL_RELATIONAL,0.79,PRISM Synthetic Graph Mapping
E-000272,GGEDU-10863,GGOCC-00236,PREPARES_FOR,INTERNAL_RELATIONAL,0.9,PRISM Synthetic Graph Mapping
E-000273,GGEDU-10863,GGOCC-00257,PREPARES_FOR,INTERNAL_RELATIONAL,0.83,PRISM Synthetic Graph Mapping
E-000274,GGEDU-10863,GGOCC-00236,PREPARES_FOR,INTERNAL_RELATIONAL,0.9,PRISM Synthetic Graph Mapping
E-000275,GGEDU-10863,GGOCC-00257,PREPARES_FOR,INTERNAL_RELATIONAL,0.8,PRISM Synthetic Graph Mapping
E-000276,GGEDU-10863,GGOCC-00236,PREPARES_FOR,INTERNAL_RELATIONAL,0.94,PRISM Synthetic Graph Mapping
E-000277,GGEDU-10863,GGOCC-00257,PREPARES_FOR,INTERNAL_RELATIONAL,0.79,PRISM Synthetic Graph Mapping
E-000278,GGEDU-10863,GGOCC-00236,PREPARES_FOR,INTERNAL_RELATIONAL,0.93,PRISM Synthetic Graph Mapping
E-000279,GGEDU-10863,GGOCC-00257,PREPARES_FOR,INTERNAL_RELATIONAL,0.8,PRISM Synthetic Graph Mapping
E-000280,GGEDU-00006,GGOCC-01901,PREPARES_FOR,INTERNAL_RELATIONAL,0.64,PRISM Synthetic Graph Mapping
E-000281,GGEDU-00006,GGOCC-01901,PREPARES_FOR,INTERNAL_RELATIONAL,0.67,PRISM Synthetic Graph Mapping
E-000282,GGEDU-00006,GGOCC-01901,PREPARES_FOR,INTERNAL_RELATIONAL,0.62,PRISM Synthetic Graph Mapping
E-000283,GGEDU-00006,GGOCC-01901,PREPARES_FOR,INTERNAL_RELATIONAL,0.65,PRISM Synthetic Graph Mapping
E-000284,GGEDU-00006,GGOCC-01901,PREPARES_FOR,INTERNAL_RELATIONAL,0.66,PRISM Synthetic Graph Mapping
E-000285,GGEDU-00006,GGOCC-01901,PREPARES_FOR,INTERNAL_RELATIONAL,0.64,PRISM Synthetic Graph Mapping
E-000286,GGEDU-00006,GGOCC-01901,PREPARES_FOR,INTERNAL_RELATIONAL,0.67,PRISM Synthetic Graph Mapping
E-000287,GGEDU-00006,GGOCC-01901,PREPARES_FOR,INTERNAL_RELATIONAL,0.66,PRISM Synthetic Graph Mapping
E-000288,GGEDU-00006,GGOCC-01901,PREPARES_FOR,INTERNAL_RELATIONAL,0.66,PRISM Synthetic Graph Mapping
E-000289,GGEDU-00006,GGOCC-01901,PREPARES_FOR,INTERNAL_RELATIONAL,0.64,PRISM Synthetic Graph Mapping
E-000290,GGEDU-00006,GGOCC-00097,PREPARES_FOR,INTERNAL_RELATIONAL,0.83,PRISM Synthetic Graph Mapping
E-000291,GGEDU-00006,GGOCC-00097,PREPARES_FOR,INTERNAL_RELATIONAL,0.82,PRISM Synthetic Graph Mapping
E-000292,GGEDU-00006,GGOCC-00097,PREPARES_FOR,INTERNAL_RELATIONAL,0.81,PRISM Synthetic Graph Mapping
E-000293,GGEDU-00006,GGOCC-00097,PREPARES_FOR,INTERNAL_RELATIONAL,0.78,PRISM Synthetic Graph Mapping
E-000294,GGEDU-00006,GGOCC-00097,PREPARES_FOR,INTERNAL_RELATIONAL,0.78,PRISM Synthetic Graph Mapping
E-000295,GGEDU-00006,GGOCC-00097,PREPARES_FOR,INTERNAL_RELATIONAL,0.81,PRISM Synthetic Graph Mapping
E-000296,GGEDU-00006,GGOCC-00097,PREPARES_FOR,INTERNAL_RELATIONAL,0.79,PRISM Synthetic Graph Mapping
E-000297,GGEDU-00006,GGOCC-00097,PREPARES_FOR,INTERNAL_RELATIONAL,0.8,PRISM Synthetic Graph Mapping
E-000298,GGEDU-00006,GGOCC-00097,PREPARES_FOR,INTERNAL_RELATIONAL,0.8,PRISM Synthetic Graph Mapping
E-000299,GGEDU-00006,GGOCC-00097,PREPARES_FOR,INTERNAL_RELATIONAL,0.82,PRISM Synthetic Graph Mapping
E-000300,GGEDU-00006,GGOCC-01901,PREPARES_FOR,INTERNAL_RELATIONAL,0.63,PRISM Synthetic Graph Mapping
E-000301,GGEDU-00006,GGOCC-01901,PREPARES_FOR,INTERNAL_RELATIONAL,0.68,PRISM Synthetic Graph Mapping
E-000302,GGEDU-00006,GGOCC-01901,PREPARES_FOR,INTERNAL_RELATIONAL,0.67,PRISM Synthetic Graph Mapping
E-000303,GGEDU-00006,GGOCC-01901,PREPARES_FOR,INTERNAL_RELATIONAL,0.64,PRISM Synthetic Graph Mapping
E-000304,GGEDU-00006,GGOCC-01901,PREPARES_FOR,INTERNAL_RELATIONAL,0.63,PRISM Synthetic Graph Mapping
E-000305,GGEDU-00009,GGOCC-00189,PREPARES_FOR,INTERNAL_RELATIONAL,0.9,PRISM Synthetic Graph Mapping
E-000306,GGEDU-00009,GGOCC-00189,PREPARES_FOR,INTERNAL_RELATIONAL,0.94,PRISM Synthetic Graph Mapping
E-000307,GGEDU-00009,GGOCC-00189,PREPARES_FOR,INTERNAL_RELATIONAL,0.92,PRISM Synthetic Graph Mapping
E-000308,GGEDU-00009,GGOCC-00189,PREPARES_FOR,INTERNAL_RELATIONAL,0.92,PRISM Synthetic Graph Mapping
E-000309,GGEDU-00009,GGOCC-00189,PREPARES_FOR,INTERNAL_RELATIONAL,0.92,PRISM Synthetic Graph Mapping
E-000310,GGEDU-00009,GGOCC-00189,PREPARES_FOR,INTERNAL_RELATIONAL,0.91,PRISM Synthetic Graph Mapping
E-000311,GGEDU-00009,GGOCC-00189,PREPARES_FOR,INTERNAL_RELATIONAL,0.94,PRISM Synthetic Graph Mapping
E-000312,GGEDU-00009,GGOCC-00189,PREPARES_FOR,INTERNAL_RELATIONAL,0.91,PRISM Synthetic Graph Mapping
E-000313,GGEDU-00009,GGOCC-00189,PREPARES_FOR,INTERNAL_RELATIONAL,0.95,PRISM Synthetic Graph Mapping
E-000314,GGEDU-00009,GGOCC-00189,PREPARES_FOR,INTERNAL_RELATIONAL,0.9,PRISM Synthetic Graph Mapping
E-000315,GGEDU-00009,GGOCC-00189,PREPARES_FOR,INTERNAL_RELATIONAL,0.93,PRISM Synthetic Graph Mapping
E-000316,GGEDU-00009,GGOCC-00189,PREPARES_FOR,INTERNAL_RELATIONAL,0.92,PRISM Synthetic Graph Mapping
E-000317,GGEDU-00009,GGOCC-00189,PREPARES_FOR,INTERNAL_RELATIONAL,0.92,PRISM Synthetic Graph Mapping
E-000318,GGEDU-00009,GGOCC-00189,PREPARES_FOR,INTERNAL_RELATIONAL,0.92,PRISM Synthetic Graph Mapping
E-000319,GGEDU-00009,GGOCC-00189,PREPARES_FOR,INTERNAL_RELATIONAL,0.91,PRISM Synthetic Graph Mapping
E-000320,GGEDU-00009,GGOCC-00189,PREPARES_FOR,INTERNAL_RELATIONAL,0.91,PRISM Synthetic Graph Mapping
E-000321,GGEDU-00013,GGOCC-00173,PREPARES_FOR,INTERNAL_RELATIONAL,0.91,PRISM Synthetic Graph Mapping
E-000322,GGEDU-00013,GGOCC-00173,PREPARES_FOR,INTERNAL_RELATIONAL,0.89,PRISM Synthetic Graph Mapping
E-000323,GGEDU-00013,GGOCC-00173,PREPARES_FOR,INTERNAL_RELATIONAL,0.94,PRISM Synthetic Graph Mapping
E-000324,GGEDU-00013,GGOCC-00173,PREPARES_FOR,INTERNAL_RELATIONAL,0.92,PRISM Synthetic Graph Mapping
E-000325,GGEDU-00013,GGOCC-00173,PREPARES_FOR,INTERNAL_RELATIONAL,0.92,PRISM Synthetic Graph Mapping
E-000326,GGEDU-00013,GGOCC-00173,PREPARES_FOR,INTERNAL_RELATIONAL,0.92,PRISM Synthetic Graph Mapping
E-000327,GGEDU-00013,GGOCC-00173,PREPARES_FOR,INTERNAL_RELATIONAL,0.93,PRISM Synthetic Graph Mapping
E-000328,GGEDU-00013,GGOCC-00173,PREPARES_FOR,INTERNAL_RELATIONAL,0.91,PRISM Synthetic Graph Mapping
E-000329,GGEDU-00013,GGOCC-00173,PREPARES_FOR,INTERNAL_RELATIONAL,0.91,PRISM Synthetic Graph Mapping
E-000330,GGEDU-00013,GGOCC-00173,PREPARES_FOR,INTERNAL_RELATIONAL,0.91,PRISM Synthetic Graph Mapping
E-000331,GGEDU-00013,GGOCC-00173,PREPARES_FOR,INTERNAL_RELATIONAL,0.92,PRISM Synthetic Graph Mapping
E-000332,GGEDU-00013,GGOCC-00173,PREPARES_FOR,INTERNAL_RELATIONAL,0.91,PRISM Synthetic Graph Mapping
E-000333,GGEDU-00013,GGOCC-00173,PREPARES_FOR,INTERNAL_RELATIONAL,0.92,PRISM Synthetic Graph Mapping
E-000334,GGEDU-00013,GGOCC-00173,PREPARES_FOR,INTERNAL_RELATIONAL,0.92,PRISM Synthetic Graph Mapping
E-000335,GGEDU-00013,GGOCC-00173,PREPARES_FOR,INTERNAL_RELATIONAL,0.95,PRISM Synthetic Graph Mapping
E-000336,GGEDU-00013,GGOCC-00173,PREPARES_FOR,INTERNAL_RELATIONAL,0.92,PRISM Synthetic Graph Mapping
E-000337,GGEDU-00018,GGOCC-00284,PREPARES_FOR,INTERNAL_RELATIONAL,0.79,PRISM Synthetic Graph Mapping
E-000338,GGEDU-00018,GGOCC-00284,PREPARES_FOR,INTERNAL_RELATIONAL,0.8,PRISM Synthetic Graph Mapping
E-000339,GGEDU-00018,GGOCC-00284,PREPARES_FOR,INTERNAL_RELATIONAL,0.82,PRISM Synthetic Graph Mapping
E-000340,GGEDU-00018,GGOCC-00284,PREPARES_FOR,INTERNAL_RELATIONAL,0.82,PRISM Synthetic Graph Mapping
E-000341,GGEDU-00018,GGOCC-00138,PREPARES_FOR,INTERNAL_RELATIONAL,0.82,PRISM Synthetic Graph Mapping
E-000342,GGEDU-00018,GGOCC-00284,PREPARES_FOR,INTERNAL_RELATIONAL,0.84,PRISM Synthetic Graph Mapping
E-000343,GGEDU-00018,GGOCC-00138,PREPARES_FOR,INTERNAL_RELATIONAL,0.78,PRISM Synthetic Graph Mapping
E-000344,GGEDU-00018,GGOCC-00284,PREPARES_FOR,INTERNAL_RELATIONAL,0.84,PRISM Synthetic Graph Mapping
E-000345,GGEDU-00018,GGOCC-00138,PREPARES_FOR,INTERNAL_RELATIONAL,0.82,PRISM Synthetic Graph Mapping
E-000346,GGEDU-00033,GGOCC-00326,PREPARES_FOR,INTERNAL_RELATIONAL,0.91,PRISM Synthetic Graph Mapping
E-000347,GGEDU-00033,GGOCC-00326,PREPARES_FOR,INTERNAL_RELATIONAL,0.94,PRISM Synthetic Graph Mapping
E-000348,GGEDU-00033,GGOCC-00326,PREPARES_FOR,INTERNAL_RELATIONAL,0.9,PRISM Synthetic Graph Mapping
E-000349,GGEDU-00033,GGOCC-00326,PREPARES_FOR,INTERNAL_RELATIONAL,0.95,PRISM Synthetic Graph Mapping
E-000350,GGEDU-00033,GGOCC-00189,PREPARES_FOR,INTERNAL_RELATIONAL,0.82,PRISM Synthetic Graph Mapping
E-000351,GGEDU-00033,GGOCC-00326,PREPARES_FOR,INTERNAL_RELATIONAL,0.95,PRISM Synthetic Graph Mapping
E-000352,GGEDU-00033,GGOCC-00189,PREPARES_FOR,INTERNAL_RELATIONAL,0.82,PRISM Synthetic Graph Mapping
E-000353,GGEDU-00033,GGOCC-00326,PREPARES_FOR,INTERNAL_RELATIONAL,0.92,PRISM Synthetic Graph Mapping
E-000354,GGEDU-00033,GGOCC-00189,PREPARES_FOR,INTERNAL_RELATIONAL,0.82,PRISM Synthetic Graph Mapping
E-000355,GGEDU-00042,GGOCC-00035,PREPARES_FOR,INTERNAL_RELATIONAL,0.65,PRISM Synthetic Graph Mapping
E-000356,GGEDU-00042,GGOCC-00035,PREPARES_FOR,INTERNAL_RELATIONAL,0.67,PRISM Synthetic Graph Mapping
E-000357,GGEDU-00042,GGOCC-00035,PREPARES_FOR,INTERNAL_RELATIONAL,0.64,PRISM Synthetic Graph Mapping
E-000358,GGEDU-00042,GGOCC-00035,PREPARES_FOR,INTERNAL_RELATIONAL,0.64,PRISM Synthetic Graph Mapping
E-000359,GGEDU-00042,GGOCC-00035,PREPARES_FOR,INTERNAL_RELATIONAL,0.63,PRISM Synthetic Graph Mapping
E-000360,GGEDU-00042,GGOCC-00035,PREPARES_FOR,INTERNAL_RELATIONAL,0.64,PRISM Synthetic Graph Mapping
E-000361,GGEDU-00049,GGOCC-00189,PREPARES_FOR,INTERNAL_RELATIONAL,0.79,PRISM Synthetic Graph Mapping
E-000362,GGEDU-00049,GGOCC-00097,PREPARES_FOR,INTERNAL_RELATIONAL,0.67,PRISM Synthetic Graph Mapping
E-000363,GGEDU-00049,GGOCC-00189,PREPARES_FOR,INTERNAL_RELATIONAL,0.82,PRISM Synthetic Graph Mapping
E-000364,GGEDU-00049,GGOCC-00097,PREPARES_FOR,INTERNAL_RELATIONAL,0.64,PRISM Synthetic Graph Mapping
E-000365,GGEDU-00049,GGOCC-00189,PREPARES_FOR,INTERNAL_RELATIONAL,0.79,PRISM Synthetic Graph Mapping
E-000366,GGEDU-00049,GGOCC-00097,PREPARES_FOR,INTERNAL_RELATIONAL,0.62,PRISM Synthetic Graph Mapping
E-000367,GGEDU-00049,GGOCC-00189,PREPARES_FOR,INTERNAL_RELATIONAL,0.81,PRISM Synthetic Graph Mapping
E-000368,GGEDU-00049,GGOCC-00189,PREPARES_FOR,INTERNAL_RELATIONAL,0.81,PRISM Synthetic Graph Mapping
E-000369,GGEDU-00049,GGOCC-00189,PREPARES_FOR,INTERNAL_RELATIONAL,0.83,PRISM Synthetic Graph Mapping
E-000370,GGEDU-00023,GGOCC-00326,PREPARES_FOR,INTERNAL_RELATIONAL,0.65,PRISM Synthetic Graph Mapping
E-000371,GGEDU-00023,GGOCC-00326,PREPARES_FOR,INTERNAL_RELATIONAL,0.67,PRISM Synthetic Graph Mapping
E-000372,GGEDU-00023,GGOCC-00326,PREPARES_FOR,INTERNAL_RELATIONAL,0.63,PRISM Synthetic Graph Mapping
E-000373,GGEDU-00031,GGOCC-00115,PREPARES_FOR,INTERNAL_RELATIONAL,0.93,PRISM Synthetic Graph Mapping
E-000374,GGEDU-00031,GGOCC-00155,PREPARES_FOR,INTERNAL_RELATIONAL,0.63,PRISM Synthetic Graph Mapping
E-000375,GGEDU-00031,GGOCC-00115,PREPARES_FOR,INTERNAL_RELATIONAL,0.89,PRISM Synthetic Graph Mapping
E-000376,GGEDU-00031,GGOCC-00155,PREPARES_FOR,INTERNAL_RELATIONAL,0.66,PRISM Synthetic Graph Mapping
E-000377,GGEDU-00031,GGOCC-00115,PREPARES_FOR,INTERNAL_RELATIONAL,0.91,PRISM Synthetic Graph Mapping
E-000378,GGEDU-00031,GGOCC-00155,PREPARES_FOR,INTERNAL_RELATIONAL,0.62,PRISM Synthetic Graph Mapping
E-000379,GGEDU-00031,GGOCC-00115,PREPARES_FOR,INTERNAL_RELATIONAL,0.94,PRISM Synthetic Graph Mapping
E-000380,GGEDU-00031,GGOCC-00155,PREPARES_FOR,INTERNAL_RELATIONAL,0.68,PRISM Synthetic Graph Mapping
E-000381,GGEDU-00031,GGOCC-00115,PREPARES_FOR,INTERNAL_RELATIONAL,0.94,PRISM Synthetic Graph Mapping
E-000382,GGEDU-00031,GGOCC-00115,PREPARES_FOR,INTERNAL_RELATIONAL,0.91,PRISM Synthetic Graph Mapping
E-000383,GGEDU-00031,GGOCC-00115,PREPARES_FOR,INTERNAL_RELATIONAL,0.91,PRISM Synthetic Graph Mapping
E-000384,GGEDU-00031,GGOCC-00115,PREPARES_FOR,INTERNAL_RELATIONAL,0.91,PRISM Synthetic Graph Mapping
E-000385,GGEDU-00011,GGOCC-00115,PREPARES_FOR,INTERNAL_RELATIONAL,0.92,PRISM Synthetic Graph Mapping
E-000386,GGEDU-00011,GGOCC-00115,PREPARES_FOR,INTERNAL_RELATIONAL,0.95,PRISM Synthetic Graph Mapping
E-000387,GGEDU-00011,GGOCC-00115,PREPARES_FOR,INTERNAL_RELATIONAL,0.91,PRISM Synthetic Graph Mapping
E-000388,GGEDU-00011,GGOCC-00115,PREPARES_FOR,INTERNAL_RELATIONAL,0.92,PRISM Synthetic Graph Mapping
E-000389,GGEDU-00011,GGOCC-00115,PREPARES_FOR,INTERNAL_RELATIONAL,0.91,PRISM Synthetic Graph Mapping
E-000390,GGEDU-00011,GGOCC-00115,PREPARES_FOR,INTERNAL_RELATIONAL,0.92,PRISM Synthetic Graph Mapping
E-000391,GGEDU-00001,GGOCC-00017,PREPARES_FOR,INTERNAL_RELATIONAL,0.9,PRISM Synthetic Graph Mapping
E-000392,GGEDU-00001,GGOCC-00017,PREPARES_FOR,INTERNAL_RELATIONAL,0.9,PRISM Synthetic Graph Mapping
E-000393,GGEDU-00001,GGOCC-00222,PREPARES_FOR,INTERNAL_RELATIONAL,0.81,PRISM Synthetic Graph Mapping
E-000394,GGEDU-00001,GGOCC-00148,PREPARES_FOR,INTERNAL_RELATIONAL,0.65,PRISM Synthetic Graph Mapping
E-000395,GGEDU-00001,GGOCC-00017,PREPARES_FOR,INTERNAL_RELATIONAL,0.89,PRISM Synthetic Graph Mapping
E-000396,GGEDU-00001,GGOCC-00017,PREPARES_FOR,INTERNAL_RELATIONAL,0.94,PRISM Synthetic Graph Mapping
E-000397,GGEDU-00001,GGOCC-00222,PREPARES_FOR,INTERNAL_RELATIONAL,0.82,PRISM Synthetic Graph Mapping
E-000398,GGEDU-00001,GGOCC-00148,PREPARES_FOR,INTERNAL_RELATIONAL,0.65,PRISM Synthetic Graph Mapping
E-000399,GGEDU-00001,GGOCC-00017,PREPARES_FOR,INTERNAL_RELATIONAL,0.9,PRISM Synthetic Graph Mapping
E-000400,GGEDU-00001,GGOCC-00017,PREPARES_FOR,INTERNAL_RELATIONAL,0.89,PRISM Synthetic Graph Mapping
E-000401,GGEDU-00001,GGOCC-00222,PREPARES_FOR,INTERNAL_RELATIONAL,0.8,PRISM Synthetic Graph Mapping
E-000402,GGEDU-00001,GGOCC-00148,PREPARES_FOR,INTERNAL_RELATIONAL,0.66,PRISM Synthetic Graph Mapping
E-000403,GGEDU-00001,GGOCC-00017,PREPARES_FOR,INTERNAL_RELATIONAL,0.92,PRISM Synthetic Graph Mapping
E-000404,GGEDU-00001,GGOCC-00017,PREPARES_FOR,INTERNAL_RELATIONAL,0.89,PRISM Synthetic Graph Mapping
E-000405,GGEDU-00001,GGOCC-00222,PREPARES_FOR,INTERNAL_RELATIONAL,0.78,PRISM Synthetic Graph Mapping
E-000406,GGEDU-00001,GGOCC-00017,PREPARES_FOR,INTERNAL_RELATIONAL,0.89,PRISM Synthetic Graph Mapping
E-000407,GGEDU-00001,GGOCC-00017,PREPARES_FOR,INTERNAL_RELATIONAL,0.93,PRISM Synthetic Graph Mapping
E-000408,GGEDU-00001,GGOCC-00222,PREPARES_FOR,INTERNAL_RELATIONAL,0.84,PRISM Synthetic Graph Mapping
E-000409,GGEDU-00001,GGOCC-00017,PREPARES_FOR,INTERNAL_RELATIONAL,0.9,PRISM Synthetic Graph Mapping
E-000410,GGEDU-00001,GGOCC-00017,PREPARES_FOR,INTERNAL_RELATIONAL,0.94,PRISM Synthetic Graph Mapping
E-000411,GGEDU-00001,GGOCC-00222,PREPARES_FOR,INTERNAL_RELATIONAL,0.8,PRISM Synthetic Graph Mapping
E-000412,GGEDU-00001,GGOCC-00017,PREPARES_FOR,INTERNAL_RELATIONAL,0.95,PRISM Synthetic Graph Mapping
E-000413,GGEDU-00001,GGOCC-00017,PREPARES_FOR,INTERNAL_RELATIONAL,0.93,PRISM Synthetic Graph Mapping
E-000414,GGEDU-00001,GGOCC-00222,PREPARES_FOR,INTERNAL_RELATIONAL,0.82,PRISM Synthetic Graph Mapping
E-000415,GGEDU-00001,GGOCC-00148,PREPARES_FOR,INTERNAL_RELATIONAL,0.67,PRISM Synthetic Graph Mapping
E-000416,GGEDU-00001,GGOCC-00017,PREPARES_FOR,INTERNAL_RELATIONAL,0.91,PRISM Synthetic Graph Mapping
E-000417,GGEDU-00001,GGOCC-00017,PREPARES_FOR,INTERNAL_RELATIONAL,0.89,PRISM Synthetic Graph Mapping
E-000418,GGEDU-00001,GGOCC-00222,PREPARES_FOR,INTERNAL_RELATIONAL,0.79,PRISM Synthetic Graph Mapping
E-000419,GGEDU-00001,GGOCC-00148,PREPARES_FOR,INTERNAL_RELATIONAL,0.65,PRISM Synthetic Graph Mapping
E-000420,GGEDU-00001,GGOCC-00017,PREPARES_FOR,INTERNAL_RELATIONAL,0.92,PRISM Synthetic Graph Mapping
E-000421,GGEDU-00001,GGOCC-00017,PREPARES_FOR,INTERNAL_RELATIONAL,0.9,PRISM Synthetic Graph Mapping
E-000422,GGEDU-00001,GGOCC-00222,PREPARES_FOR,INTERNAL_RELATIONAL,0.78,PRISM Synthetic Graph Mapping
E-000423,GGEDU-00001,GGOCC-00148,PREPARES_FOR,INTERNAL_RELATIONAL,0.67,PRISM Synthetic Graph Mapping
E-000424,GGEDU-01405,GGOCC-00015,PREPARES_FOR,INTERNAL_RELATIONAL,0.89,PRISM Synthetic Graph Mapping
E-000425,GGEDU-01405,GGOCC-00128,PREPARES_FOR,INTERNAL_RELATIONAL,0.83,PRISM Synthetic Graph Mapping
E-000426,GGEDU-01405,GGOCC-00160,PREPARES_FOR,INTERNAL_RELATIONAL,0.62,PRISM Synthetic Graph Mapping
E-000427,GGEDU-01405,GGOCC-00015,PREPARES_FOR,INTERNAL_RELATIONAL,0.93,PRISM Synthetic Graph Mapping
E-000428,GGEDU-01405,GGOCC-00128,PREPARES_FOR,INTERNAL_RELATIONAL,0.82,PRISM Synthetic Graph Mapping
E-000429,GGEDU-01405,GGOCC-00160,PREPARES_FOR,INTERNAL_RELATIONAL,0.62,PRISM Synthetic Graph Mapping
E-000430,GGEDU-01405,GGOCC-00015,PREPARES_FOR,INTERNAL_RELATIONAL,0.91,PRISM Synthetic Graph Mapping
E-000431,GGEDU-01405,GGOCC-00128,PREPARES_FOR,INTERNAL_RELATIONAL,0.8,PRISM Synthetic Graph Mapping
E-000432,GGEDU-01405,GGOCC-00160,PREPARES_FOR,INTERNAL_RELATIONAL,0.63,PRISM Synthetic Graph Mapping
E-000433,GGEDU-01405,GGOCC-00015,PREPARES_FOR,INTERNAL_RELATIONAL,0.95,PRISM Synthetic Graph Mapping
E-000434,GGEDU-01405,GGOCC-00128,PREPARES_FOR,INTERNAL_RELATIONAL,0.81,PRISM Synthetic Graph Mapping
E-000435,GGEDU-01405,GGOCC-00160,PREPARES_FOR,INTERNAL_RELATIONAL,0.64,PRISM Synthetic Graph Mapping
E-000436,GGEDU-01405,GGOCC-00015,PREPARES_FOR,INTERNAL_RELATIONAL,0.94,PRISM Synthetic Graph Mapping
E-000437,GGEDU-01405,GGOCC-00128,PREPARES_FOR,INTERNAL_RELATIONAL,0.8,PRISM Synthetic Graph Mapping
E-000438,GGEDU-01405,GGOCC-00017,PREPARES_FOR,INTERNAL_RELATIONAL,0.81,PRISM Synthetic Graph Mapping
E-000439,GGEDU-01405,GGOCC-00015,PREPARES_FOR,INTERNAL_RELATIONAL,0.93,PRISM Synthetic Graph Mapping
E-000440,GGEDU-01405,GGOCC-00128,PREPARES_FOR,INTERNAL_RELATIONAL,0.79,PRISM Synthetic Graph Mapping
E-000441,GGEDU-01405,GGOCC-00017,PREPARES_FOR,INTERNAL_RELATIONAL,0.83,PRISM Synthetic Graph Mapping
E-000442,GGEDU-01405,GGOCC-00015,PREPARES_FOR,INTERNAL_RELATIONAL,0.93,PRISM Synthetic Graph Mapping
E-000443,GGEDU-01405,GGOCC-00128,PREPARES_FOR,INTERNAL_RELATIONAL,0.82,PRISM Synthetic Graph Mapping
E-000444,GGEDU-01405,GGOCC-00017,PREPARES_FOR,INTERNAL_RELATIONAL,0.79,PRISM Synthetic Graph Mapping
E-000445,GGEDU-01405,GGOCC-00015,PREPARES_FOR,INTERNAL_RELATIONAL,0.91,PRISM Synthetic Graph Mapping
E-000446,GGEDU-01405,GGOCC-00128,PREPARES_FOR,INTERNAL_RELATIONAL,0.79,PRISM Synthetic Graph Mapping
E-000447,GGEDU-01405,GGOCC-00017,PREPARES_FOR,INTERNAL_RELATIONAL,0.81,PRISM Synthetic Graph Mapping
E-000448,GGEDU-01405,GGOCC-00015,PREPARES_FOR,INTERNAL_RELATIONAL,0.9,PRISM Synthetic Graph Mapping
E-000449,GGEDU-01405,GGOCC-00128,PREPARES_FOR,INTERNAL_RELATIONAL,0.8,PRISM Synthetic Graph Mapping
E-000450,GGEDU-01405,GGOCC-00017,PREPARES_FOR,INTERNAL_RELATIONAL,0.8,PRISM Synthetic Graph Mapping
E-000451,GGEDU-01405,GGOCC-00015,PREPARES_FOR,INTERNAL_RELATIONAL,0.94,PRISM Synthetic Graph Mapping
E-000452,GGEDU-01405,GGOCC-00128,PREPARES_FOR,INTERNAL_RELATIONAL,0.81,PRISM Synthetic Graph Mapping
E-000453,GGEDU-01405,GGOCC-00017,PREPARES_FOR,INTERNAL_RELATIONAL,0.8,PRISM Synthetic Graph Mapping
E-000454,GGEDU-01405,GGOCC-00015,PREPARES_FOR,INTERNAL_RELATIONAL,0.89,PRISM Synthetic Graph Mapping
E-000455,GGEDU-01405,GGOCC-00128,PREPARES_FOR,INTERNAL_RELATIONAL,0.81,PRISM Synthetic Graph Mapping
E-000456,GGEDU-01405,GGOCC-00017,PREPARES_FOR,INTERNAL_RELATIONAL,0.79,PRISM Synthetic Graph Mapping
E-000457,GGEDU-01405,GGOCC-00015,PREPARES_FOR,INTERNAL_RELATIONAL,0.93,PRISM Synthetic Graph Mapping
E-000458,GGEDU-01405,GGOCC-00128,PREPARES_FOR,INTERNAL_RELATIONAL,0.79,PRISM Synthetic Graph Mapping
E-000459,GGEDU-01405,GGOCC-00017,PREPARES_FOR,INTERNAL_RELATIONAL,0.84,PRISM Synthetic Graph Mapping
E-000460,GGEDU-00014,GGOCC-00015,PREPARES_FOR,INTERNAL_RELATIONAL,0.93,PRISM Synthetic Graph Mapping
E-000461,GGEDU-00014,GGOCC-00017,PREPARES_FOR,INTERNAL_RELATIONAL,0.8,PRISM Synthetic Graph Mapping
E-000462,GGEDU-00014,GGOCC-00017,PREPARES_FOR,INTERNAL_RELATIONAL,0.67,PRISM Synthetic Graph Mapping
E-000463,GGEDU-00014,GGOCC-00015,PREPARES_FOR,INTERNAL_RELATIONAL,0.95,PRISM Synthetic Graph Mapping
E-000464,GGEDU-00014,GGOCC-00017,PREPARES_FOR,INTERNAL_RELATIONAL,0.8,PRISM Synthetic Graph Mapping
E-000465,GGEDU-00014,GGOCC-00017,PREPARES_FOR,INTERNAL_RELATIONAL,0.63,PRISM Synthetic Graph Mapping
E-000466,GGEDU-00014,GGOCC-00015,PREPARES_FOR,INTERNAL_RELATIONAL,0.95,PRISM Synthetic Graph Mapping
E-000467,GGEDU-00014,GGOCC-00017,PREPARES_FOR,INTERNAL_RELATIONAL,0.8,PRISM Synthetic Graph Mapping
E-000468,GGEDU-00014,GGOCC-00017,PREPARES_FOR,INTERNAL_RELATIONAL,0.65,PRISM Synthetic Graph Mapping
E-000469,GGEDU-00014,GGOCC-00015,PREPARES_FOR,INTERNAL_RELATIONAL,0.91,PRISM Synthetic Graph Mapping
E-000470,GGEDU-00014,GGOCC-00017,PREPARES_FOR,INTERNAL_RELATIONAL,0.83,PRISM Synthetic Graph Mapping
E-000471,GGEDU-00014,GGOCC-00017,PREPARES_FOR,INTERNAL_RELATIONAL,0.63,PRISM Synthetic Graph Mapping
E-000472,GGEDU-00014,GGOCC-00015,PREPARES_FOR,INTERNAL_RELATIONAL,0.93,PRISM Synthetic Graph Mapping
E-000473,GGEDU-00014,GGOCC-00017,PREPARES_FOR,INTERNAL_RELATIONAL,0.82,PRISM Synthetic Graph Mapping
E-000474,GGEDU-00014,GGOCC-00015,PREPARES_FOR,INTERNAL_RELATIONAL,0.93,PRISM Synthetic Graph Mapping
E-000475,GGEDU-00014,GGOCC-00017,PREPARES_FOR,INTERNAL_RELATIONAL,0.8,PRISM Synthetic Graph Mapping
E-000476,GGEDU-00014,GGOCC-00015,PREPARES_FOR,INTERNAL_RELATIONAL,0.92,PRISM Synthetic Graph Mapping
E-000477,GGEDU-00014,GGOCC-00017,PREPARES_FOR,INTERNAL_RELATIONAL,0.82,PRISM Synthetic Graph Mapping
E-000478,GGEDU-00014,GGOCC-00015,PREPARES_FOR,INTERNAL_RELATIONAL,0.94,PRISM Synthetic Graph Mapping
E-000479,GGEDU-00014,GGOCC-00017,PREPARES_FOR,INTERNAL_RELATIONAL,0.84,PRISM Synthetic Graph Mapping
E-000480,GGEDU-00014,GGOCC-00015,PREPARES_FOR,INTERNAL_RELATIONAL,0.95,PRISM Synthetic Graph Mapping
E-000481,GGEDU-00014,GGOCC-00017,PREPARES_FOR,INTERNAL_RELATIONAL,0.81,PRISM Synthetic Graph Mapping
E-000482,GGEDU-00014,GGOCC-00015,PREPARES_FOR,INTERNAL_RELATIONAL,0.92,PRISM Synthetic Graph Mapping
E-000483,GGEDU-00014,GGOCC-00017,PREPARES_FOR,INTERNAL_RELATIONAL,0.79,PRISM Synthetic Graph Mapping
E-000484,GGEDU-00014,GGOCC-00015,PREPARES_FOR,INTERNAL_RELATIONAL,0.93,PRISM Synthetic Graph Mapping
E-000485,GGEDU-00014,GGOCC-00017,PREPARES_FOR,INTERNAL_RELATIONAL,0.84,PRISM Synthetic Graph Mapping
E-000486,GGEDU-00014,GGOCC-00015,PREPARES_FOR,INTERNAL_RELATIONAL,0.95,PRISM Synthetic Graph Mapping
E-000487,GGEDU-00014,GGOCC-00017,PREPARES_FOR,INTERNAL_RELATIONAL,0.78,PRISM Synthetic Graph Mapping
E-000488,GGEDU-00019,GGOCC-00029,PREPARES_FOR,INTERNAL_RELATIONAL,0.79,PRISM Synthetic Graph Mapping
E-000489,GGEDU-00019,GGOCC-00029,PREPARES_FOR,INTERNAL_RELATIONAL,0.81,PRISM Synthetic Graph Mapping
E-000490,GGEDU-00019,GGOCC-00029,PREPARES_FOR,INTERNAL_RELATIONAL,0.81,PRISM Synthetic Graph Mapping
E-000491,GGEDU-00019,GGOCC-00029,PREPARES_FOR,INTERNAL_RELATIONAL,0.79,PRISM Synthetic Graph Mapping
E-000492,GGEDU-00019,GGOCC-00029,PREPARES_FOR,INTERNAL_RELATIONAL,0.82,PRISM Synthetic Graph Mapping
E-000493,GGEDU-00019,GGOCC-00029,PREPARES_FOR,INTERNAL_RELATIONAL,0.79,PRISM Synthetic Graph Mapping
E-000494,GGEDU-00029,GGOCC-00279,PREPARES_FOR,INTERNAL_RELATIONAL,0.92,PRISM Synthetic Graph Mapping
E-000495,GGEDU-00029,GGOCC-00160,PREPARES_FOR,INTERNAL_RELATIONAL,0.9,PRISM Synthetic Graph Mapping
E-000496,GGEDU-00029,GGOCC-00279,PREPARES_FOR,INTERNAL_RELATIONAL,0.9,PRISM Synthetic Graph Mapping
E-000497,GGEDU-00029,GGOCC-00160,PREPARES_FOR,INTERNAL_RELATIONAL,0.94,PRISM Synthetic Graph Mapping
E-000498,GGEDU-00029,GGOCC-00279,PREPARES_FOR,INTERNAL_RELATIONAL,0.93,PRISM Synthetic Graph Mapping
E-000499,GGEDU-00029,GGOCC-00160,PREPARES_FOR,INTERNAL_RELATIONAL,0.92,PRISM Synthetic Graph Mapping
E-000500,GGEDU-00029,GGOCC-00279,PREPARES_FOR,INTERNAL_RELATIONAL,0.9,PRISM Synthetic Graph Mapping
E-000501,GGEDU-00029,GGOCC-00160,PREPARES_FOR,INTERNAL_RELATIONAL,0.94,PRISM Synthetic Graph Mapping
E-000502,GGEDU-00029,GGOCC-00279,PREPARES_FOR,INTERNAL_RELATIONAL,0.9,PRISM Synthetic Graph Mapping
E-000503,GGEDU-00029,GGOCC-00160,PREPARES_FOR,INTERNAL_RELATIONAL,0.94,PRISM Synthetic Graph Mapping
E-000504,GGEDU-00029,GGOCC-00279,PREPARES_FOR,INTERNAL_RELATIONAL,0.91,PRISM Synthetic Graph Mapping
E-000505,GGEDU-00029,GGOCC-00160,PREPARES_FOR,INTERNAL_RELATIONAL,0.94,PRISM Synthetic Graph Mapping
E-000506,GGEDU-00029,GGOCC-00279,PREPARES_FOR,INTERNAL_RELATIONAL,0.9,PRISM Synthetic Graph Mapping
E-000507,GGEDU-00029,GGOCC-00160,PREPARES_FOR,INTERNAL_RELATIONAL,0.93,PRISM Synthetic Graph Mapping
E-000508,GGEDU-00029,GGOCC-00279,PREPARES_FOR,INTERNAL_RELATIONAL,0.95,PRISM Synthetic Graph Mapping
E-000509,GGEDU-00029,GGOCC-00160,PREPARES_FOR,INTERNAL_RELATIONAL,0.91,PRISM Synthetic Graph Mapping
E-000510,GGEDU-00029,GGOCC-00279,PREPARES_FOR,INTERNAL_RELATIONAL,0.93,PRISM Synthetic Graph Mapping
E-000511,GGEDU-00029,GGOCC-00160,PREPARES_FOR,INTERNAL_RELATIONAL,0.94,PRISM Synthetic Graph Mapping
E-000512,GGEDU-00029,GGOCC-00279,PREPARES_FOR,INTERNAL_RELATIONAL,0.93,PRISM Synthetic Graph Mapping
E-000513,GGEDU-00029,GGOCC-00160,PREPARES_FOR,INTERNAL_RELATIONAL,0.95,PRISM Synthetic Graph Mapping
E-000514,GGEDU-00029,GGOCC-00279,PREPARES_FOR,INTERNAL_RELATIONAL,0.92,PRISM Synthetic Graph Mapping
E-000515,GGEDU-00029,GGOCC-00160,PREPARES_FOR,INTERNAL_RELATIONAL,0.9,PRISM Synthetic Graph Mapping
E-000516,GGEDU-00029,GGOCC-00279,PREPARES_FOR,INTERNAL_RELATIONAL,0.91,PRISM Synthetic Graph Mapping
E-000517,GGEDU-00029,GGOCC-00160,PREPARES_FOR,INTERNAL_RELATIONAL,0.93,PRISM Synthetic Graph Mapping
E-000518,GGEDU-00027,GGOCC-00279,PREPARES_FOR,INTERNAL_RELATIONAL,0.94,PRISM Synthetic Graph Mapping
E-000519,GGEDU-00027,GGOCC-00059,PREPARES_FOR,INTERNAL_RELATIONAL,0.62,PRISM Synthetic Graph Mapping
E-000520,GGEDU-00027,GGOCC-00279,PREPARES_FOR,INTERNAL_RELATIONAL,0.9,PRISM Synthetic Graph Mapping
E-000521,GGEDU-00027,GGOCC-00059,PREPARES_FOR,INTERNAL_RELATIONAL,0.63,PRISM Synthetic Graph Mapping
E-000522,GGEDU-00027,GGOCC-00279,PREPARES_FOR,INTERNAL_RELATIONAL,0.9,PRISM Synthetic Graph Mapping
E-000523,GGEDU-00027,GGOCC-00059,PREPARES_FOR,INTERNAL_RELATIONAL,0.64,PRISM Synthetic Graph Mapping
E-000524,GGEDU-00027,GGOCC-00279,PREPARES_FOR,INTERNAL_RELATIONAL,0.92,PRISM Synthetic Graph Mapping
E-000525,GGEDU-00027,GGOCC-00059,PREPARES_FOR,INTERNAL_RELATIONAL,0.65,PRISM Synthetic Graph Mapping
E-000526,GGEDU-00027,GGOCC-00279,PREPARES_FOR,INTERNAL_RELATIONAL,0.94,PRISM Synthetic Graph Mapping
E-000527,GGEDU-00027,GGOCC-00059,PREPARES_FOR,INTERNAL_RELATIONAL,0.65,PRISM Synthetic Graph Mapping
E-000528,GGEDU-00027,GGOCC-00279,PREPARES_FOR,INTERNAL_RELATIONAL,0.92,PRISM Synthetic Graph Mapping
E-000529,GGEDU-00027,GGOCC-00059,PREPARES_FOR,INTERNAL_RELATIONAL,0.67,PRISM Synthetic Graph Mapping
E-000530,GGEDU-00027,GGOCC-00279,PREPARES_FOR,INTERNAL_RELATIONAL,0.95,PRISM Synthetic Graph Mapping
E-000531,GGEDU-00027,GGOCC-00059,PREPARES_FOR,INTERNAL_RELATIONAL,0.66,PRISM Synthetic Graph Mapping
E-000532,GGEDU-00027,GGOCC-00279,PREPARES_FOR,INTERNAL_RELATIONAL,0.94,PRISM Synthetic Graph Mapping
E-000533,GGEDU-00027,GGOCC-00059,PREPARES_FOR,INTERNAL_RELATIONAL,0.67,PRISM Synthetic Graph Mapping
E-000534,GGEDU-00027,GGOCC-00279,PREPARES_FOR,INTERNAL_RELATIONAL,0.94,PRISM Synthetic Graph Mapping
E-000535,GGEDU-00027,GGOCC-00059,PREPARES_FOR,INTERNAL_RELATIONAL,0.68,PRISM Synthetic Graph Mapping
E-000536,GGEDU-00027,GGOCC-00279,PREPARES_FOR,INTERNAL_RELATIONAL,0.93,PRISM Synthetic Graph Mapping
E-000537,GGEDU-00027,GGOCC-00059,PREPARES_FOR,INTERNAL_RELATIONAL,0.67,PRISM Synthetic Graph Mapping
E-000538,GGEDU-00027,GGOCC-00279,PREPARES_FOR,INTERNAL_RELATIONAL,0.91,PRISM Synthetic Graph Mapping
E-000539,GGEDU-00027,GGOCC-00059,PREPARES_FOR,INTERNAL_RELATIONAL,0.62,PRISM Synthetic Graph Mapping
E-000540,GGEDU-00027,GGOCC-00279,PREPARES_FOR,INTERNAL_RELATIONAL,0.9,PRISM Synthetic Graph Mapping
E-000541,GGEDU-00027,GGOCC-00059,PREPARES_FOR,INTERNAL_RELATIONAL,0.62,PRISM Synthetic Graph Mapping
E-000542,GGEDU-00034,GGOCC-00016,PREPARES_FOR,INTERNAL_RELATIONAL,0.94,PRISM Synthetic Graph Mapping
E-000543,GGEDU-00034,GGOCC-00160,PREPARES_FOR,INTERNAL_RELATIONAL,0.84,PRISM Synthetic Graph Mapping
E-000544,GGEDU-00034,GGOCC-00016,PREPARES_FOR,INTERNAL_RELATIONAL,0.9,PRISM Synthetic Graph Mapping
E-000545,GGEDU-00034,GGOCC-00160,PREPARES_FOR,INTERNAL_RELATIONAL,0.84,PRISM Synthetic Graph Mapping
E-000546,GGEDU-00034,GGOCC-00016,PREPARES_FOR,INTERNAL_RELATIONAL,0.93,PRISM Synthetic Graph Mapping
E-000547,GGEDU-00034,GGOCC-00160,PREPARES_FOR,INTERNAL_RELATIONAL,0.83,PRISM Synthetic Graph Mapping
E-000548,GGEDU-00034,GGOCC-00016,PREPARES_FOR,INTERNAL_RELATIONAL,0.9,PRISM Synthetic Graph Mapping
E-000549,GGEDU-00034,GGOCC-00160,PREPARES_FOR,INTERNAL_RELATIONAL,0.84,PRISM Synthetic Graph Mapping
E-000550,GGEDU-00034,GGOCC-00016,PREPARES_FOR,INTERNAL_RELATIONAL,0.93,PRISM Synthetic Graph Mapping
E-000551,GGEDU-00034,GGOCC-00160,PREPARES_FOR,INTERNAL_RELATIONAL,0.84,PRISM Synthetic Graph Mapping
E-000552,GGEDU-00034,GGOCC-00016,PREPARES_FOR,INTERNAL_RELATIONAL,0.9,PRISM Synthetic Graph Mapping
E-000553,GGEDU-00034,GGOCC-00160,PREPARES_FOR,INTERNAL_RELATIONAL,0.79,PRISM Synthetic Graph Mapping
E-000554,GGEDU-00034,GGOCC-00016,PREPARES_FOR,INTERNAL_RELATIONAL,0.92,PRISM Synthetic Graph Mapping
E-000555,GGEDU-00034,GGOCC-00160,PREPARES_FOR,INTERNAL_RELATIONAL,0.8,PRISM Synthetic Graph Mapping
E-000556,GGEDU-00034,GGOCC-00016,PREPARES_FOR,INTERNAL_RELATIONAL,0.93,PRISM Synthetic Graph Mapping
E-000557,GGEDU-00034,GGOCC-00160,PREPARES_FOR,INTERNAL_RELATIONAL,0.83,PRISM Synthetic Graph Mapping
E-000558,GGEDU-00034,GGOCC-00016,PREPARES_FOR,INTERNAL_RELATIONAL,0.94,PRISM Synthetic Graph Mapping
E-000559,GGEDU-00034,GGOCC-00160,PREPARES_FOR,INTERNAL_RELATIONAL,0.82,PRISM Synthetic Graph Mapping
E-000560,GGEDU-07046,GGOCC-00199,PREPARES_FOR,INTERNAL_RELATIONAL,0.91,PRISM Synthetic Graph Mapping
E-000561,GGEDU-07046,GGOCC-00036,PREPARES_FOR,INTERNAL_RELATIONAL,0.95,PRISM Synthetic Graph Mapping
E-000562,GGEDU-07046,GGOCC-17789,PREPARES_FOR,INTERNAL_RELATIONAL,0.79,PRISM Synthetic Graph Mapping
E-000563,GGEDU-07046,GGOCC-00199,PREPARES_FOR,INTERNAL_RELATIONAL,0.94,PRISM Synthetic Graph Mapping
E-000564,GGEDU-07046,GGOCC-00036,PREPARES_FOR,INTERNAL_RELATIONAL,0.93,PRISM Synthetic Graph Mapping
E-000565,GGEDU-07046,GGOCC-17789,PREPARES_FOR,INTERNAL_RELATIONAL,0.81,PRISM Synthetic Graph Mapping
E-000566,GGEDU-07046,GGOCC-00199,PREPARES_FOR,INTERNAL_RELATIONAL,0.94,PRISM Synthetic Graph Mapping
E-000567,GGEDU-07046,GGOCC-00036,PREPARES_FOR,INTERNAL_RELATIONAL,0.9,PRISM Synthetic Graph Mapping
E-000568,GGEDU-07046,GGOCC-17789,PREPARES_FOR,INTERNAL_RELATIONAL,0.79,PRISM Synthetic Graph Mapping
E-000569,GGEDU-07046,GGOCC-00199,PREPARES_FOR,INTERNAL_RELATIONAL,0.91,PRISM Synthetic Graph Mapping
E-000570,GGEDU-07046,GGOCC-00036,PREPARES_FOR,INTERNAL_RELATIONAL,0.9,PRISM Synthetic Graph Mapping
E-000571,GGEDU-07046,GGOCC-17789,PREPARES_FOR,INTERNAL_RELATIONAL,0.81,PRISM Synthetic Graph Mapping
E-000572,GGEDU-07046,GGOCC-00199,PREPARES_FOR,INTERNAL_RELATIONAL,0.92,PRISM Synthetic Graph Mapping
E-000573,GGEDU-07046,GGOCC-00036,PREPARES_FOR,INTERNAL_RELATIONAL,0.93,PRISM Synthetic Graph Mapping
E-000574,GGEDU-07046,GGOCC-17789,PREPARES_FOR,INTERNAL_RELATIONAL,0.79,PRISM Synthetic Graph Mapping
E-000575,GGEDU-07046,GGOCC-00199,PREPARES_FOR,INTERNAL_RELATIONAL,0.9,PRISM Synthetic Graph Mapping
E-000576,GGEDU-07046,GGOCC-00036,PREPARES_FOR,INTERNAL_RELATIONAL,0.91,PRISM Synthetic Graph Mapping
E-000577,GGEDU-07046,GGOCC-17789,PREPARES_FOR,INTERNAL_RELATIONAL,0.81,PRISM Synthetic Graph Mapping
E-000578,GGEDU-07046,GGOCC-00199,PREPARES_FOR,INTERNAL_RELATIONAL,0.9,PRISM Synthetic Graph Mapping
E-000579,GGEDU-07046,GGOCC-00036,PREPARES_FOR,INTERNAL_RELATIONAL,0.91,PRISM Synthetic Graph Mapping
E-000580,GGEDU-07046,GGOCC-17789,PREPARES_FOR,INTERNAL_RELATIONAL,0.8,PRISM Synthetic Graph Mapping
E-000581,GGEDU-07046,GGOCC-00199,PREPARES_FOR,INTERNAL_RELATIONAL,0.89,PRISM Synthetic Graph Mapping
E-000582,GGEDU-07046,GGOCC-00036,PREPARES_FOR,INTERNAL_RELATIONAL,0.93,PRISM Synthetic Graph Mapping
E-000583,GGEDU-07046,GGOCC-17789,PREPARES_FOR,INTERNAL_RELATIONAL,0.8,PRISM Synthetic Graph Mapping
E-000584,GGEDU-07046,GGOCC-00199,PREPARES_FOR,INTERNAL_RELATIONAL,0.92,PRISM Synthetic Graph Mapping
E-000585,GGEDU-07046,GGOCC-00036,PREPARES_FOR,INTERNAL_RELATIONAL,0.94,PRISM Synthetic Graph Mapping
E-000586,GGEDU-07046,GGOCC-17789,PREPARES_FOR,INTERNAL_RELATIONAL,0.81,PRISM Synthetic Graph Mapping
E-000587,GGEDU-07046,GGOCC-00199,PREPARES_FOR,INTERNAL_RELATIONAL,0.92,PRISM Synthetic Graph Mapping
E-000588,GGEDU-07046,GGOCC-00036,PREPARES_FOR,INTERNAL_RELATIONAL,0.94,PRISM Synthetic Graph Mapping
E-000589,GGEDU-07046,GGOCC-17789,PREPARES_FOR,INTERNAL_RELATIONAL,0.81,PRISM Synthetic Graph Mapping
E-000590,GGEDU-07046,GGOCC-00199,PREPARES_FOR,INTERNAL_RELATIONAL,0.93,PRISM Synthetic Graph Mapping
E-000591,GGEDU-07046,GGOCC-00036,PREPARES_FOR,INTERNAL_RELATIONAL,0.94,PRISM Synthetic Graph Mapping
E-000592,GGEDU-07046,GGOCC-17789,PREPARES_FOR,INTERNAL_RELATIONAL,0.84,PRISM Synthetic Graph Mapping
E-000593,GGEDU-07046,GGOCC-00199,PREPARES_FOR,INTERNAL_RELATIONAL,0.92,PRISM Synthetic Graph Mapping
E-000594,GGEDU-07046,GGOCC-00036,PREPARES_FOR,INTERNAL_RELATIONAL,0.92,PRISM Synthetic Graph Mapping
E-000595,GGEDU-07046,GGOCC-17789,PREPARES_FOR,INTERNAL_RELATIONAL,0.82,PRISM Synthetic Graph Mapping
E-000596,GGEDU-07046,GGOCC-00199,PREPARES_FOR,INTERNAL_RELATIONAL,0.95,PRISM Synthetic Graph Mapping
E-000597,GGEDU-07046,GGOCC-00036,PREPARES_FOR,INTERNAL_RELATIONAL,0.91,PRISM Synthetic Graph Mapping
E-000598,GGEDU-07046,GGOCC-17789,PREPARES_FOR,INTERNAL_RELATIONAL,0.8,PRISM Synthetic Graph Mapping
E-000599,GGEDU-07046,GGOCC-00199,PREPARES_FOR,INTERNAL_RELATIONAL,0.94,PRISM Synthetic Graph Mapping
E-000600,GGEDU-07046,GGOCC-00036,PREPARES_FOR,INTERNAL_RELATIONAL,0.92,PRISM Synthetic Graph Mapping
E-000601,GGEDU-07046,GGOCC-17789,PREPARES_FOR,INTERNAL_RELATIONAL,0.81,PRISM Synthetic Graph Mapping
E-000602,GGEDU-07046,GGOCC-00199,PREPARES_FOR,INTERNAL_RELATIONAL,0.95,PRISM Synthetic Graph Mapping
E-000603,GGEDU-07046,GGOCC-00036,PREPARES_FOR,INTERNAL_RELATIONAL,0.92,PRISM Synthetic Graph Mapping
E-000604,GGEDU-07046,GGOCC-17789,PREPARES_FOR,INTERNAL_RELATIONAL,0.8,PRISM Synthetic Graph Mapping
E-000605,GGEDU-07046,GGOCC-08369,PREPARES_FOR,INTERNAL_RELATIONAL,0.8,PRISM Synthetic Graph Mapping
E-000606,GGEDU-07046,GGOCC-00199,PREPARES_FOR,INTERNAL_RELATIONAL,0.91,PRISM Synthetic Graph Mapping
E-000607,GGEDU-07046,GGOCC-00036,PREPARES_FOR,INTERNAL_RELATIONAL,0.93,PRISM Synthetic Graph Mapping
E-000608,GGEDU-07046,GGOCC-17789,PREPARES_FOR,INTERNAL_RELATIONAL,0.8,PRISM Synthetic Graph Mapping
E-000609,GGEDU-07046,GGOCC-08369,PREPARES_FOR,INTERNAL_RELATIONAL,0.82,PRISM Synthetic Graph Mapping
E-000610,GGEDU-07046,GGOCC-00199,PREPARES_FOR,INTERNAL_RELATIONAL,0.89,PRISM Synthetic Graph Mapping
E-000611,GGEDU-07046,GGOCC-00036,PREPARES_FOR,INTERNAL_RELATIONAL,0.91,PRISM Synthetic Graph Mapping
E-000612,GGEDU-07046,GGOCC-17789,PREPARES_FOR,INTERNAL_RELATIONAL,0.83,PRISM Synthetic Graph Mapping
E-000613,GGEDU-07046,GGOCC-08369,PREPARES_FOR,INTERNAL_RELATIONAL,0.83,PRISM Synthetic Graph Mapping
E-000614,GGEDU-07046,GGOCC-00199,PREPARES_FOR,INTERNAL_RELATIONAL,0.94,PRISM Synthetic Graph Mapping
E-000615,GGEDU-07046,GGOCC-00036,PREPARES_FOR,INTERNAL_RELATIONAL,0.91,PRISM Synthetic Graph Mapping
E-000616,GGEDU-07046,GGOCC-17789,PREPARES_FOR,INTERNAL_RELATIONAL,0.82,PRISM Synthetic Graph Mapping
E-000617,GGEDU-07046,GGOCC-08369,PREPARES_FOR,INTERNAL_RELATIONAL,0.83,PRISM Synthetic Graph Mapping
E-000618,GGEDU-07046,GGOCC-00199,PREPARES_FOR,INTERNAL_RELATIONAL,0.95,PRISM Synthetic Graph Mapping
E-000619,GGEDU-07046,GGOCC-00036,PREPARES_FOR,INTERNAL_RELATIONAL,0.94,PRISM Synthetic Graph Mapping
E-000620,GGEDU-07046,GGOCC-17789,PREPARES_FOR,INTERNAL_RELATIONAL,0.81,PRISM Synthetic Graph Mapping
E-000621,GGEDU-07046,GGOCC-08369,PREPARES_FOR,INTERNAL_RELATIONAL,0.79,PRISM Synthetic Graph Mapping
E-000622,GGEDU-07046,GGOCC-00199,PREPARES_FOR,INTERNAL_RELATIONAL,0.94,PRISM Synthetic Graph Mapping
E-000623,GGEDU-07046,GGOCC-00036,PREPARES_FOR,INTERNAL_RELATIONAL,0.94,PRISM Synthetic Graph Mapping
E-000624,GGEDU-07046,GGOCC-17789,PREPARES_FOR,INTERNAL_RELATIONAL,0.83,PRISM Synthetic Graph Mapping
E-000625,GGEDU-07046,GGOCC-08369,PREPARES_FOR,INTERNAL_RELATIONAL,0.79,PRISM Synthetic Graph Mapping
E-000626,GGEDU-07046,GGOCC-00199,PREPARES_FOR,INTERNAL_RELATIONAL,0.92,PRISM Synthetic Graph Mapping
E-000627,GGEDU-07046,GGOCC-00036,PREPARES_FOR,INTERNAL_RELATIONAL,0.94,PRISM Synthetic Graph Mapping
E-000628,GGEDU-07046,GGOCC-17789,PREPARES_FOR,INTERNAL_RELATIONAL,0.78,PRISM Synthetic Graph Mapping
E-000629,GGEDU-07046,GGOCC-08369,PREPARES_FOR,INTERNAL_RELATIONAL,0.83,PRISM Synthetic Graph Mapping
E-000630,GGEDU-07046,GGOCC-00199,PREPARES_FOR,INTERNAL_RELATIONAL,0.91,PRISM Synthetic Graph Mapping
E-000631,GGEDU-07046,GGOCC-00036,PREPARES_FOR,INTERNAL_RELATIONAL,0.95,PRISM Synthetic Graph Mapping
E-000632,GGEDU-07046,GGOCC-17789,PREPARES_FOR,INTERNAL_RELATIONAL,0.8,PRISM Synthetic Graph Mapping
E-000633,GGEDU-07046,GGOCC-08369,PREPARES_FOR,INTERNAL_RELATIONAL,0.81,PRISM Synthetic Graph Mapping
E-000634,GGEDU-07046,GGOCC-00199,PREPARES_FOR,INTERNAL_RELATIONAL,0.9,PRISM Synthetic Graph Mapping
E-000635,GGEDU-07046,GGOCC-00036,PREPARES_FOR,INTERNAL_RELATIONAL,0.91,PRISM Synthetic Graph Mapping
E-000636,GGEDU-07046,GGOCC-17789,PREPARES_FOR,INTERNAL_RELATIONAL,0.79,PRISM Synthetic Graph Mapping
E-000637,GGEDU-07046,GGOCC-08369,PREPARES_FOR,INTERNAL_RELATIONAL,0.82,PRISM Synthetic Graph Mapping
E-000638,GGEDU-07046,GGOCC-00199,PREPARES_FOR,INTERNAL_RELATIONAL,0.9,PRISM Synthetic Graph Mapping
E-000639,GGEDU-07046,GGOCC-00036,PREPARES_FOR,INTERNAL_RELATIONAL,0.94,PRISM Synthetic Graph Mapping
E-000640,GGEDU-07046,GGOCC-17789,PREPARES_FOR,INTERNAL_RELATIONAL,0.8,PRISM Synthetic Graph Mapping
E-000641,GGEDU-07046,GGOCC-08369,PREPARES_FOR,INTERNAL_RELATIONAL,0.79,PRISM Synthetic Graph Mapping
E-000642,GGEDU-07046,GGOCC-00199,PREPARES_FOR,INTERNAL_RELATIONAL,0.95,PRISM Synthetic Graph Mapping
E-000643,GGEDU-07046,GGOCC-00036,PREPARES_FOR,INTERNAL_RELATIONAL,0.93,PRISM Synthetic Graph Mapping
E-000644,GGEDU-07046,GGOCC-17789,PREPARES_FOR,INTERNAL_RELATIONAL,0.8,PRISM Synthetic Graph Mapping
E-000645,GGEDU-07046,GGOCC-08369,PREPARES_FOR,INTERNAL_RELATIONAL,0.78,PRISM Synthetic Graph Mapping
E-000646,GGEDU-07046,GGOCC-00199,PREPARES_FOR,INTERNAL_RELATIONAL,0.94,PRISM Synthetic Graph Mapping
E-000647,GGEDU-07046,GGOCC-00036,PREPARES_FOR,INTERNAL_RELATIONAL,0.95,PRISM Synthetic Graph Mapping
E-000648,GGEDU-07046,GGOCC-17789,PREPARES_FOR,INTERNAL_RELATIONAL,0.82,PRISM Synthetic Graph Mapping
E-000649,GGEDU-07046,GGOCC-08369,PREPARES_FOR,INTERNAL_RELATIONAL,0.8,PRISM Synthetic Graph Mapping
E-000650,GGEDU-07046,GGOCC-00199,PREPARES_FOR,INTERNAL_RELATIONAL,0.91,PRISM Synthetic Graph Mapping
E-000651,GGEDU-07046,GGOCC-00036,PREPARES_FOR,INTERNAL_RELATIONAL,0.93,PRISM Synthetic Graph Mapping
E-000652,GGEDU-07046,GGOCC-17789,PREPARES_FOR,INTERNAL_RELATIONAL,0.8,PRISM Synthetic Graph Mapping
E-000653,GGEDU-07046,GGOCC-08369,PREPARES_FOR,INTERNAL_RELATIONAL,0.8,PRISM Synthetic Graph Mapping
E-000654,GGEDU-07046,GGOCC-00199,PREPARES_FOR,INTERNAL_RELATIONAL,0.93,PRISM Synthetic Graph Mapping
E-000655,GGEDU-07046,GGOCC-00036,PREPARES_FOR,INTERNAL_RELATIONAL,0.91,PRISM Synthetic Graph Mapping
E-000656,GGEDU-07046,GGOCC-17789,PREPARES_FOR,INTERNAL_RELATIONAL,0.81,PRISM Synthetic Graph Mapping
E-000657,GGEDU-07046,GGOCC-08369,PREPARES_FOR,INTERNAL_RELATIONAL,0.83,PRISM Synthetic Graph Mapping
E-000658,GGEDU-07046,GGOCC-00199,PREPARES_FOR,INTERNAL_RELATIONAL,0.93,PRISM Synthetic Graph Mapping
E-000659,GGEDU-07046,GGOCC-00036,PREPARES_FOR,INTERNAL_RELATIONAL,0.91,PRISM Synthetic Graph Mapping
E-000660,GGEDU-07046,GGOCC-17789,PREPARES_FOR,INTERNAL_RELATIONAL,0.78,PRISM Synthetic Graph Mapping
E-000661,GGEDU-07046,GGOCC-00199,PREPARES_FOR,INTERNAL_RELATIONAL,0.91,PRISM Synthetic Graph Mapping
E-000662,GGEDU-07046,GGOCC-00036,PREPARES_FOR,INTERNAL_RELATIONAL,0.94,PRISM Synthetic Graph Mapping
E-000663,GGEDU-07046,GGOCC-17789,PREPARES_FOR,INTERNAL_RELATIONAL,0.79,PRISM Synthetic Graph Mapping
E-000664,GGEDU-07046,GGOCC-00199,PREPARES_FOR,INTERNAL_RELATIONAL,0.94,PRISM Synthetic Graph Mapping
E-000665,GGEDU-07046,GGOCC-00036,PREPARES_FOR,INTERNAL_RELATIONAL,0.93,PRISM Synthetic Graph Mapping
E-000666,GGEDU-07046,GGOCC-17789,PREPARES_FOR,INTERNAL_RELATIONAL,0.82,PRISM Synthetic Graph Mapping
E-000667,GGEDU-07046,GGOCC-00199,PREPARES_FOR,INTERNAL_RELATIONAL,0.92,PRISM Synthetic Graph Mapping
E-000668,GGEDU-07046,GGOCC-00036,PREPARES_FOR,INTERNAL_RELATIONAL,0.89,PRISM Synthetic Graph Mapping
E-000669,GGEDU-07046,GGOCC-17789,PREPARES_FOR,INTERNAL_RELATIONAL,0.81,PRISM Synthetic Graph Mapping
E-000670,GGEDU-07046,GGOCC-00199,PREPARES_FOR,INTERNAL_RELATIONAL,0.92,PRISM Synthetic Graph Mapping
E-000671,GGEDU-07046,GGOCC-00036,PREPARES_FOR,INTERNAL_RELATIONAL,0.94,PRISM Synthetic Graph Mapping
E-000672,GGEDU-07046,GGOCC-17789,PREPARES_FOR,INTERNAL_RELATIONAL,0.81,PRISM Synthetic Graph Mapping
E-000673,GGEDU-07046,GGOCC-00199,PREPARES_FOR,INTERNAL_RELATIONAL,0.9,PRISM Synthetic Graph Mapping
E-000674,GGEDU-07046,GGOCC-00036,PREPARES_FOR,INTERNAL_RELATIONAL,0.9,PRISM Synthetic Graph Mapping
E-000675,GGEDU-07046,GGOCC-17789,PREPARES_FOR,INTERNAL_RELATIONAL,0.83,PRISM Synthetic Graph Mapping
E-000676,GGEDU-07046,GGOCC-00199,PREPARES_FOR,INTERNAL_RELATIONAL,0.91,PRISM Synthetic Graph Mapping
E-000677,GGEDU-07046,GGOCC-00036,PREPARES_FOR,INTERNAL_RELATIONAL,0.91,PRISM Synthetic Graph Mapping
E-000678,GGEDU-07046,GGOCC-17789,PREPARES_FOR,INTERNAL_RELATIONAL,0.8,PRISM Synthetic Graph Mapping
E-000679,GGEDU-00051,GGOCC-00081,PREPARES_FOR,INTERNAL_RELATIONAL,0.93,PRISM Synthetic Graph Mapping
E-000680,GGEDU-00051,GGOCC-00081,PREPARES_FOR,INTERNAL_RELATIONAL,0.91,PRISM Synthetic Graph Mapping
E-000681,GGEDU-00051,GGOCC-00081,PREPARES_FOR,INTERNAL_RELATIONAL,0.91,PRISM Synthetic Graph Mapping
E-000682,GGEDU-00051,GGOCC-00081,PREPARES_FOR,INTERNAL_RELATIONAL,0.93,PRISM Synthetic Graph Mapping
E-000683,GGEDU-00051,GGOCC-00081,PREPARES_FOR,INTERNAL_RELATIONAL,0.92,PRISM Synthetic Graph Mapping
E-000684,GGEDU-00051,GGOCC-00081,PREPARES_FOR,INTERNAL_RELATIONAL,0.91,PRISM Synthetic Graph Mapping
E-000685,GGEDU-08937,GGOCC-00160,PREPARES_FOR,INTERNAL_RELATIONAL,0.91,PRISM Synthetic Graph Mapping
E-000686,GGEDU-08937,GGOCC-00199,PREPARES_FOR,INTERNAL_RELATIONAL,0.67,PRISM Synthetic Graph Mapping
E-000687,GGEDU-08937,GGOCC-00160,PREPARES_FOR,INTERNAL_RELATIONAL,0.93,PRISM Synthetic Graph Mapping
E-000688,GGEDU-08937,GGOCC-00199,PREPARES_FOR,INTERNAL_RELATIONAL,0.64,PRISM Synthetic Graph Mapping
E-000689,GGEDU-08937,GGOCC-00160,PREPARES_FOR,INTERNAL_RELATIONAL,0.9,PRISM Synthetic Graph Mapping
E-000690,GGEDU-08937,GGOCC-00199,PREPARES_FOR,INTERNAL_RELATIONAL,0.68,PRISM Synthetic Graph Mapping
E-000691,GGEDU-08937,GGOCC-00160,PREPARES_FOR,INTERNAL_RELATIONAL,0.89,PRISM Synthetic Graph Mapping
E-000692,GGEDU-08937,GGOCC-00199,PREPARES_FOR,INTERNAL_RELATIONAL,0.62,PRISM Synthetic Graph Mapping
E-000693,GGEDU-08937,GGOCC-00160,PREPARES_FOR,INTERNAL_RELATIONAL,0.93,PRISM Synthetic Graph Mapping
E-000694,GGEDU-08937,GGOCC-00199,PREPARES_FOR,INTERNAL_RELATIONAL,0.65,PRISM Synthetic Graph Mapping
E-000695,GGEDU-08937,GGOCC-00160,PREPARES_FOR,INTERNAL_RELATIONAL,0.9,PRISM Synthetic Graph Mapping
E-000696,GGEDU-08937,GGOCC-00199,PREPARES_FOR,INTERNAL_RELATIONAL,0.63,PRISM Synthetic Graph Mapping
E-000697,GGEDU-08937,GGOCC-00160,PREPARES_FOR,INTERNAL_RELATIONAL,0.89,PRISM Synthetic Graph Mapping
E-000698,GGEDU-08937,GGOCC-00199,PREPARES_FOR,INTERNAL_RELATIONAL,0.66,PRISM Synthetic Graph Mapping
E-000699,GGEDU-08937,GGOCC-00160,PREPARES_FOR,INTERNAL_RELATIONAL,0.9,PRISM Synthetic Graph Mapping
E-000700,GGEDU-08937,GGOCC-00199,PREPARES_FOR,INTERNAL_RELATIONAL,0.64,PRISM Synthetic Graph Mapping
E-000701,GGEDU-08937,GGOCC-00160,PREPARES_FOR,INTERNAL_RELATIONAL,0.94,PRISM Synthetic Graph Mapping
E-000702,GGEDU-08937,GGOCC-00199,PREPARES_FOR,INTERNAL_RELATIONAL,0.68,PRISM Synthetic Graph Mapping
E-000703,GGEDU-08937,GGOCC-00160,PREPARES_FOR,INTERNAL_RELATIONAL,0.92,PRISM Synthetic Graph Mapping
E-000704,GGEDU-08937,GGOCC-00199,PREPARES_FOR,INTERNAL_RELATIONAL,0.64,PRISM Synthetic Graph Mapping
E-000705,GGEDU-08937,GGOCC-00160,PREPARES_FOR,INTERNAL_RELATIONAL,0.93,PRISM Synthetic Graph Mapping
E-000706,GGEDU-08937,GGOCC-00199,PREPARES_FOR,INTERNAL_RELATIONAL,0.65,PRISM Synthetic Graph Mapping
E-000707,GGEDU-08937,GGOCC-00160,PREPARES_FOR,INTERNAL_RELATIONAL,0.91,PRISM Synthetic Graph Mapping
E-000708,GGEDU-08937,GGOCC-00199,PREPARES_FOR,INTERNAL_RELATIONAL,0.65,PRISM Synthetic Graph Mapping
E-000709,GGEDU-08937,GGOCC-00160,PREPARES_FOR,INTERNAL_RELATIONAL,0.93,PRISM Synthetic Graph Mapping
E-000710,GGEDU-08937,GGOCC-00148,PREPARES_FOR,INTERNAL_RELATIONAL,0.8,PRISM Synthetic Graph Mapping
E-000711,GGEDU-08937,GGOCC-00160,PREPARES_FOR,INTERNAL_RELATIONAL,0.93,PRISM Synthetic Graph Mapping
E-000712,GGEDU-08937,GGOCC-00148,PREPARES_FOR,INTERNAL_RELATIONAL,0.82,PRISM Synthetic Graph Mapping
E-000713,GGEDU-08937,GGOCC-00160,PREPARES_FOR,INTERNAL_RELATIONAL,0.94,PRISM Synthetic Graph Mapping
E-000714,GGEDU-08937,GGOCC-00148,PREPARES_FOR,INTERNAL_RELATIONAL,0.84,PRISM Synthetic Graph Mapping
E-000715,GGEDU-08937,GGOCC-00160,PREPARES_FOR,INTERNAL_RELATIONAL,0.9,PRISM Synthetic Graph Mapping
E-000716,GGEDU-08937,GGOCC-00148,PREPARES_FOR,INTERNAL_RELATIONAL,0.81,PRISM Synthetic Graph Mapping
E-000717,GGEDU-08937,GGOCC-00160,PREPARES_FOR,INTERNAL_RELATIONAL,0.92,PRISM Synthetic Graph Mapping
E-000718,GGEDU-08937,GGOCC-00148,PREPARES_FOR,INTERNAL_RELATIONAL,0.81,PRISM Synthetic Graph Mapping
E-000719,GGEDU-08937,GGOCC-00160,PREPARES_FOR,INTERNAL_RELATIONAL,0.9,PRISM Synthetic Graph Mapping
E-000720,GGEDU-08937,GGOCC-00148,PREPARES_FOR,INTERNAL_RELATIONAL,0.82,PRISM Synthetic Graph Mapping
E-000721,GGEDU-08937,GGOCC-00160,PREPARES_FOR,INTERNAL_RELATIONAL,0.91,PRISM Synthetic Graph Mapping
E-000722,GGEDU-08937,GGOCC-00148,PREPARES_FOR,INTERNAL_RELATIONAL,0.81,PRISM Synthetic Graph Mapping
E-000723,GGEDU-08937,GGOCC-00160,PREPARES_FOR,INTERNAL_RELATIONAL,0.93,PRISM Synthetic Graph Mapping
E-000724,GGEDU-08937,GGOCC-00148,PREPARES_FOR,INTERNAL_RELATIONAL,0.84,PRISM Synthetic Graph Mapping
E-000725,GGEDU-08937,GGOCC-00160,PREPARES_FOR,INTERNAL_RELATIONAL,0.92,PRISM Synthetic Graph Mapping
E-000726,GGEDU-08937,GGOCC-00148,PREPARES_FOR,INTERNAL_RELATIONAL,0.82,PRISM Synthetic Graph Mapping
E-000727,GGEDU-08937,GGOCC-00160,PREPARES_FOR,INTERNAL_RELATIONAL,0.93,PRISM Synthetic Graph Mapping
E-000728,GGEDU-08937,GGOCC-00148,PREPARES_FOR,INTERNAL_RELATIONAL,0.82,PRISM Synthetic Graph Mapping
E-000729,GGEDU-08937,GGOCC-00160,PREPARES_FOR,INTERNAL_RELATIONAL,0.92,PRISM Synthetic Graph Mapping
E-000730,GGEDU-08937,GGOCC-00148,PREPARES_FOR,INTERNAL_RELATIONAL,0.82,PRISM Synthetic Graph Mapping
E-000731,GGEDU-08937,GGOCC-00160,PREPARES_FOR,INTERNAL_RELATIONAL,0.9,PRISM Synthetic Graph Mapping
E-000732,GGEDU-08937,GGOCC-00148,PREPARES_FOR,INTERNAL_RELATIONAL,0.81,PRISM Synthetic Graph Mapping
E-000733,GGEDU-02599,GGOCC-00157,PREPARES_FOR,INTERNAL_RELATIONAL,0.95,PRISM Synthetic Graph Mapping
E-000734,GGEDU-02599,GGOCC-00157,PREPARES_FOR,INTERNAL_RELATIONAL,0.92,PRISM Synthetic Graph Mapping
E-000735,GGEDU-02599,GGOCC-00157,PREPARES_FOR,INTERNAL_RELATIONAL,0.92,PRISM Synthetic Graph Mapping
E-000736,GGEDU-02599,GGOCC-00157,PREPARES_FOR,INTERNAL_RELATIONAL,0.93,PRISM Synthetic Graph Mapping
E-000737,GGEDU-02599,GGOCC-00157,PREPARES_FOR,INTERNAL_RELATIONAL,0.95,PRISM Synthetic Graph Mapping
E-000738,GGEDU-02599,GGOCC-00157,PREPARES_FOR,INTERNAL_RELATIONAL,0.92,PRISM Synthetic Graph Mapping
E-000739,GGEDU-02599,GGOCC-00157,PREPARES_FOR,INTERNAL_RELATIONAL,0.94,PRISM Synthetic Graph Mapping
E-000740,GGEDU-02599,GGOCC-00157,PREPARES_FOR,INTERNAL_RELATIONAL,0.91,PRISM Synthetic Graph Mapping
E-000741,GGEDU-02599,GGOCC-00157,PREPARES_FOR,INTERNAL_RELATIONAL,0.9,PRISM Synthetic Graph Mapping
E-000742,GGEDU-02599,GGOCC-00157,PREPARES_FOR,INTERNAL_RELATIONAL,0.94,PRISM Synthetic Graph Mapping
E-000743,GGEDU-02599,GGOCC-00157,PREPARES_FOR,INTERNAL_RELATIONAL,0.92,PRISM Synthetic Graph Mapping
E-000744,GGEDU-02599,GGOCC-00157,PREPARES_FOR,INTERNAL_RELATIONAL,0.93,PRISM Synthetic Graph Mapping
E-000745,GGEDU-02599,GGOCC-00157,PREPARES_FOR,INTERNAL_RELATIONAL,0.9,PRISM Synthetic Graph Mapping
E-000746,GGEDU-02599,GGOCC-00157,PREPARES_FOR,INTERNAL_RELATIONAL,0.9,PRISM Synthetic Graph Mapping
E-000747,GGEDU-02599,GGOCC-00157,PREPARES_FOR,INTERNAL_RELATIONAL,0.89,PRISM Synthetic Graph Mapping
E-000748,GGEDU-02599,GGOCC-00157,PREPARES_FOR,INTERNAL_RELATIONAL,0.91,PRISM Synthetic Graph Mapping
E-000749,GGEDU-02599,GGOCC-00157,PREPARES_FOR,INTERNAL_RELATIONAL,0.9,PRISM Synthetic Graph Mapping
E-000750,GGEDU-02599,GGOCC-00157,PREPARES_FOR,INTERNAL_RELATIONAL,0.94,PRISM Synthetic Graph Mapping
E-000751,GGEDU-02599,GGOCC-00157,PREPARES_FOR,INTERNAL_RELATIONAL,0.95,PRISM Synthetic Graph Mapping
E-000752,GGEDU-02599,GGOCC-00157,PREPARES_FOR,INTERNAL_RELATIONAL,0.95,PRISM Synthetic Graph Mapping
E-000753,GGEDU-00030,GGOCC-00043,PREPARES_FOR,INTERNAL_RELATIONAL,0.81,PRISM Synthetic Graph Mapping
E-000754,GGEDU-00030,GGOCC-00043,PREPARES_FOR,INTERNAL_RELATIONAL,0.81,PRISM Synthetic Graph Mapping
E-000755,GGEDU-00030,GGOCC-00043,PREPARES_FOR,INTERNAL_RELATIONAL,0.81,PRISM Synthetic Graph Mapping
E-000756,GGEDU-00030,GGOCC-00043,PREPARES_FOR,INTERNAL_RELATIONAL,0.8,PRISM Synthetic Graph Mapping
E-000757,GGEDU-00030,GGOCC-00043,PREPARES_FOR,INTERNAL_RELATIONAL,0.82,PRISM Synthetic Graph Mapping
E-000758,GGEDU-00030,GGOCC-00043,PREPARES_FOR,INTERNAL_RELATIONAL,0.8,PRISM Synthetic Graph Mapping
E-000759,GGEDU-00030,GGOCC-00043,PREPARES_FOR,INTERNAL_RELATIONAL,0.79,PRISM Synthetic Graph Mapping
E-000760,GGEDU-00030,GGOCC-00043,PREPARES_FOR,INTERNAL_RELATIONAL,0.83,PRISM Synthetic Graph Mapping
E-000761,GGEDU-00030,GGOCC-00043,PREPARES_FOR,INTERNAL_RELATIONAL,0.82,PRISM Synthetic Graph Mapping
E-000762,GGEDU-00030,GGOCC-00043,PREPARES_FOR,INTERNAL_RELATIONAL,0.82,PRISM Synthetic Graph Mapping
E-000763,GGEDU-00030,GGOCC-00043,PREPARES_FOR,INTERNAL_RELATIONAL,0.83,PRISM Synthetic Graph Mapping
E-000764,GGEDU-00030,GGOCC-00043,PREPARES_FOR,INTERNAL_RELATIONAL,0.79,PRISM Synthetic Graph Mapping
E-000765,GGEDU-00030,GGOCC-00043,PREPARES_FOR,INTERNAL_RELATIONAL,0.83,PRISM Synthetic Graph Mapping
E-000766,GGEDU-00030,GGOCC-00043,PREPARES_FOR,INTERNAL_RELATIONAL,0.8,PRISM Synthetic Graph Mapping
E-000767,GGEDU-00030,GGOCC-00043,PREPARES_FOR,INTERNAL_RELATIONAL,0.79,PRISM Synthetic Graph Mapping
E-000768,GGEDU-00030,GGOCC-00043,PREPARES_FOR,INTERNAL_RELATIONAL,0.82,PRISM Synthetic Graph Mapping
E-000769,GGEDU-00046,GGOCC-00246,PREPARES_FOR,INTERNAL_RELATIONAL,0.9,PRISM Synthetic Graph Mapping
E-000770,GGEDU-00046,GGOCC-00246,PREPARES_FOR,INTERNAL_RELATIONAL,0.91,PRISM Synthetic Graph Mapping
E-000771,GGEDU-00046,GGOCC-00246,PREPARES_FOR,INTERNAL_RELATIONAL,0.93,PRISM Synthetic Graph Mapping
E-000772,GGEDU-00046,GGOCC-00246,PREPARES_FOR,INTERNAL_RELATIONAL,0.92,PRISM Synthetic Graph Mapping
E-000773,GGEDU-00046,GGOCC-00246,PREPARES_FOR,INTERNAL_RELATIONAL,0.94,PRISM Synthetic Graph Mapping
E-000774,GGEDU-00046,GGOCC-00246,PREPARES_FOR,INTERNAL_RELATIONAL,0.91,PRISM Synthetic Graph Mapping
E-000775,GGEDU-00046,GGOCC-00246,PREPARES_FOR,INTERNAL_RELATIONAL,0.95,PRISM Synthetic Graph Mapping
E-000776,GGEDU-00046,GGOCC-00246,PREPARES_FOR,INTERNAL_RELATIONAL,0.94,PRISM Synthetic Graph Mapping
E-000777,GGEDU-00046,GGOCC-00246,PREPARES_FOR,INTERNAL_RELATIONAL,0.94,PRISM Synthetic Graph Mapping
E-000778,GGEDU-00046,GGOCC-00246,PREPARES_FOR,INTERNAL_RELATIONAL,0.89,PRISM Synthetic Graph Mapping
E-000779,GGEDU-00046,GGOCC-00246,PREPARES_FOR,INTERNAL_RELATIONAL,0.89,PRISM Synthetic Graph Mapping
E-000780,GGEDU-00046,GGOCC-00246,PREPARES_FOR,INTERNAL_RELATIONAL,0.92,PRISM Synthetic Graph Mapping
E-000781,GGEDU-00046,GGOCC-00246,PREPARES_FOR,INTERNAL_RELATIONAL,0.9,PRISM Synthetic Graph Mapping
E-000782,GGEDU-00046,GGOCC-00246,PREPARES_FOR,INTERNAL_RELATIONAL,0.9,PRISM Synthetic Graph Mapping
E-000783,GGEDU-00046,GGOCC-00246,PREPARES_FOR,INTERNAL_RELATIONAL,0.92,PRISM Synthetic Graph Mapping
E-000784,GGEDU-00046,GGOCC-00246,PREPARES_FOR,INTERNAL_RELATIONAL,0.95,PRISM Synthetic Graph Mapping
E-000785,GGEDU-00050,GGOCC-00294,PREPARES_FOR,INTERNAL_RELATIONAL,0.91,PRISM Synthetic Graph Mapping
E-000786,GGEDU-00050,GGOCC-00307,PREPARES_FOR,INTERNAL_RELATIONAL,0.91,PRISM Synthetic Graph Mapping
E-000787,GGEDU-00050,GGOCC-00272,PREPARES_FOR,INTERNAL_RELATIONAL,0.81,PRISM Synthetic Graph Mapping
E-000788,GGEDU-00050,GGOCC-01901,PREPARES_FOR,INTERNAL_RELATIONAL,0.64,PRISM Synthetic Graph Mapping
E-000789,GGEDU-00050,GGOCC-00294,PREPARES_FOR,INTERNAL_RELATIONAL,0.93,PRISM Synthetic Graph Mapping
E-000790,GGEDU-00050,GGOCC-00307,PREPARES_FOR,INTERNAL_RELATIONAL,0.92,PRISM Synthetic Graph Mapping
E-000791,GGEDU-00050,GGOCC-00272,PREPARES_FOR,INTERNAL_RELATIONAL,0.82,PRISM Synthetic Graph Mapping
E-000792,GGEDU-00050,GGOCC-01901,PREPARES_FOR,INTERNAL_RELATIONAL,0.63,PRISM Synthetic Graph Mapping
E-000793,GGEDU-00050,GGOCC-00294,PREPARES_FOR,INTERNAL_RELATIONAL,0.93,PRISM Synthetic Graph Mapping
E-000794,GGEDU-00050,GGOCC-00307,PREPARES_FOR,INTERNAL_RELATIONAL,0.92,PRISM Synthetic Graph Mapping
E-000795,GGEDU-00050,GGOCC-00272,PREPARES_FOR,INTERNAL_RELATIONAL,0.84,PRISM Synthetic Graph Mapping
E-000796,GGEDU-00050,GGOCC-01901,PREPARES_FOR,INTERNAL_RELATIONAL,0.64,PRISM Synthetic Graph Mapping
E-000797,GGEDU-00050,GGOCC-00294,PREPARES_FOR,INTERNAL_RELATIONAL,0.91,PRISM Synthetic Graph Mapping
E-000798,GGEDU-00050,GGOCC-00307,PREPARES_FOR,INTERNAL_RELATIONAL,0.95,PRISM Synthetic Graph Mapping
E-000799,GGEDU-00050,GGOCC-00272,PREPARES_FOR,INTERNAL_RELATIONAL,0.79,PRISM Synthetic Graph Mapping
E-000800,GGEDU-00050,GGOCC-01901,PREPARES_FOR,INTERNAL_RELATIONAL,0.65,PRISM Synthetic Graph Mapping
E-000801,GGEDU-00050,GGOCC-00294,PREPARES_FOR,INTERNAL_RELATIONAL,0.92,PRISM Synthetic Graph Mapping
E-000802,GGEDU-00050,GGOCC-00307,PREPARES_FOR,INTERNAL_RELATIONAL,0.93,PRISM Synthetic Graph Mapping
E-000803,GGEDU-00050,GGOCC-00272,PREPARES_FOR,INTERNAL_RELATIONAL,0.84,PRISM Synthetic Graph Mapping
E-000804,GGEDU-00050,GGOCC-00294,PREPARES_FOR,INTERNAL_RELATIONAL,0.9,PRISM Synthetic Graph Mapping
E-000805,GGEDU-00050,GGOCC-00307,PREPARES_FOR,INTERNAL_RELATIONAL,0.94,PRISM Synthetic Graph Mapping
E-000806,GGEDU-00050,GGOCC-00272,PREPARES_FOR,INTERNAL_RELATIONAL,0.81,PRISM Synthetic Graph Mapping
E-000807,GGEDU-00050,GGOCC-00294,PREPARES_FOR,INTERNAL_RELATIONAL,0.89,PRISM Synthetic Graph Mapping
E-000808,GGEDU-00050,GGOCC-00307,PREPARES_FOR,INTERNAL_RELATIONAL,0.91,PRISM Synthetic Graph Mapping
E-000809,GGEDU-00050,GGOCC-00272,PREPARES_FOR,INTERNAL_RELATIONAL,0.8,PRISM Synthetic Graph Mapping
E-000810,GGEDU-00050,GGOCC-00294,PREPARES_FOR,INTERNAL_RELATIONAL,0.93,PRISM Synthetic Graph Mapping
E-000811,GGEDU-00050,GGOCC-00307,PREPARES_FOR,INTERNAL_RELATIONAL,0.93,PRISM Synthetic Graph Mapping
E-000812,GGEDU-00050,GGOCC-00272,PREPARES_FOR,INTERNAL_RELATIONAL,0.78,PRISM Synthetic Graph Mapping
E-000813,GGEDU-00050,GGOCC-00294,PREPARES_FOR,INTERNAL_RELATIONAL,0.93,PRISM Synthetic Graph Mapping
E-000814,GGEDU-00050,GGOCC-00307,PREPARES_FOR,INTERNAL_RELATIONAL,0.94,PRISM Synthetic Graph Mapping
E-000815,GGEDU-00050,GGOCC-00272,PREPARES_FOR,INTERNAL_RELATIONAL,0.81,PRISM Synthetic Graph Mapping
E-000816,GGEDU-00050,GGOCC-01901,PREPARES_FOR,INTERNAL_RELATIONAL,0.67,PRISM Synthetic Graph Mapping
E-000817,GGEDU-00050,GGOCC-00294,PREPARES_FOR,INTERNAL_RELATIONAL,0.91,PRISM Synthetic Graph Mapping
E-000818,GGEDU-00050,GGOCC-00307,PREPARES_FOR,INTERNAL_RELATIONAL,0.92,PRISM Synthetic Graph Mapping
E-000819,GGEDU-00050,GGOCC-00272,PREPARES_FOR,INTERNAL_RELATIONAL,0.83,PRISM Synthetic Graph Mapping
E-000820,GGEDU-00050,GGOCC-01901,PREPARES_FOR,INTERNAL_RELATIONAL,0.66,PRISM Synthetic Graph Mapping
E-000821,GGEDU-00050,GGOCC-00294,PREPARES_FOR,INTERNAL_RELATIONAL,0.92,PRISM Synthetic Graph Mapping
E-000822,GGEDU-00050,GGOCC-00307,PREPARES_FOR,INTERNAL_RELATIONAL,0.93,PRISM Synthetic Graph Mapping
E-000823,GGEDU-00050,GGOCC-00272,PREPARES_FOR,INTERNAL_RELATIONAL,0.83,PRISM Synthetic Graph Mapping
E-000824,GGEDU-00050,GGOCC-01901,PREPARES_FOR,INTERNAL_RELATIONAL,0.68,PRISM Synthetic Graph Mapping
E-000825,GGEDU-00050,GGOCC-00294,PREPARES_FOR,INTERNAL_RELATIONAL,0.89,PRISM Synthetic Graph Mapping
E-000826,GGEDU-00050,GGOCC-00307,PREPARES_FOR,INTERNAL_RELATIONAL,0.93,PRISM Synthetic Graph Mapping
E-000827,GGEDU-00050,GGOCC-00272,PREPARES_FOR,INTERNAL_RELATIONAL,0.81,PRISM Synthetic Graph Mapping
E-000828,GGEDU-00050,GGOCC-01901,PREPARES_FOR,INTERNAL_RELATIONAL,0.66,PRISM Synthetic Graph Mapping
E-000829,GGEDU-00050,GGOCC-00294,PREPARES_FOR,INTERNAL_RELATIONAL,0.94,PRISM Synthetic Graph Mapping
E-000830,GGEDU-00050,GGOCC-00307,PREPARES_FOR,INTERNAL_RELATIONAL,0.91,PRISM Synthetic Graph Mapping
E-000831,GGEDU-00050,GGOCC-00272,PREPARES_FOR,INTERNAL_RELATIONAL,0.81,PRISM Synthetic Graph Mapping
E-000832,GGEDU-00050,GGOCC-00294,PREPARES_FOR,INTERNAL_RELATIONAL,0.95,PRISM Synthetic Graph Mapping
E-000833,GGEDU-00050,GGOCC-00307,PREPARES_FOR,INTERNAL_RELATIONAL,0.91,PRISM Synthetic Graph Mapping
E-000834,GGEDU-00050,GGOCC-00272,PREPARES_FOR,INTERNAL_RELATIONAL,0.83,PRISM Synthetic Graph Mapping
E-000835,GGEDU-00050,GGOCC-00294,PREPARES_FOR,INTERNAL_RELATIONAL,0.89,PRISM Synthetic Graph Mapping
E-000836,GGEDU-00050,GGOCC-00307,PREPARES_FOR,INTERNAL_RELATIONAL,0.92,PRISM Synthetic Graph Mapping
E-000837,GGEDU-00050,GGOCC-00272,PREPARES_FOR,INTERNAL_RELATIONAL,0.84,PRISM Synthetic Graph Mapping
E-000838,GGEDU-00050,GGOCC-00294,PREPARES_FOR,INTERNAL_RELATIONAL,0.9,PRISM Synthetic Graph Mapping
E-000839,GGEDU-00050,GGOCC-00307,PREPARES_FOR,INTERNAL_RELATIONAL,0.94,PRISM Synthetic Graph Mapping
E-000840,GGEDU-00050,GGOCC-00272,PREPARES_FOR,INTERNAL_RELATIONAL,0.82,PRISM Synthetic Graph Mapping
E-000841,GGEDU-02626,GGOCC-00110,PREPARES_FOR,INTERNAL_RELATIONAL,0.93,PRISM Synthetic Graph Mapping
E-000842,GGEDU-02626,GGOCC-00235,PREPARES_FOR,INTERNAL_RELATIONAL,0.89,PRISM Synthetic Graph Mapping
E-000843,GGEDU-02626,GGOCC-00110,PREPARES_FOR,INTERNAL_RELATIONAL,0.89,PRISM Synthetic Graph Mapping
E-000844,GGEDU-02626,GGOCC-00235,PREPARES_FOR,INTERNAL_RELATIONAL,0.93,PRISM Synthetic Graph Mapping
E-000845,GGEDU-02626,GGOCC-00110,PREPARES_FOR,INTERNAL_RELATIONAL,0.9,PRISM Synthetic Graph Mapping
E-000846,GGEDU-02626,GGOCC-00235,PREPARES_FOR,INTERNAL_RELATIONAL,0.91,PRISM Synthetic Graph Mapping
E-000847,GGEDU-02626,GGOCC-00110,PREPARES_FOR,INTERNAL_RELATIONAL,0.93,PRISM Synthetic Graph Mapping
E-000848,GGEDU-02626,GGOCC-00235,PREPARES_FOR,INTERNAL_RELATIONAL,0.9,PRISM Synthetic Graph Mapping
E-000849,GGEDU-02626,GGOCC-00110,PREPARES_FOR,INTERNAL_RELATIONAL,0.91,PRISM Synthetic Graph Mapping
E-000850,GGEDU-02626,GGOCC-00235,PREPARES_FOR,INTERNAL_RELATIONAL,0.93,PRISM Synthetic Graph Mapping
E-000851,GGEDU-02626,GGOCC-00110,PREPARES_FOR,INTERNAL_RELATIONAL,0.9,PRISM Synthetic Graph Mapping
E-000852,GGEDU-02626,GGOCC-00235,PREPARES_FOR,INTERNAL_RELATIONAL,0.92,PRISM Synthetic Graph Mapping
E-000853,GGEDU-02626,GGOCC-00110,PREPARES_FOR,INTERNAL_RELATIONAL,0.93,PRISM Synthetic Graph Mapping
E-000854,GGEDU-02626,GGOCC-00235,PREPARES_FOR,INTERNAL_RELATIONAL,0.94,PRISM Synthetic Graph Mapping
E-000855,GGEDU-02626,GGOCC-00110,PREPARES_FOR,INTERNAL_RELATIONAL,0.92,PRISM Synthetic Graph Mapping
E-000856,GGEDU-02626,GGOCC-00235,PREPARES_FOR,INTERNAL_RELATIONAL,0.94,PRISM Synthetic Graph Mapping
E-000857,GGEDU-02626,GGOCC-00110,PREPARES_FOR,INTERNAL_RELATIONAL,0.92,PRISM Synthetic Graph Mapping
E-000858,GGEDU-02626,GGOCC-00235,PREPARES_FOR,INTERNAL_RELATIONAL,0.9,PRISM Synthetic Graph Mapping
E-000859,GGEDU-02626,GGOCC-00110,PREPARES_FOR,INTERNAL_RELATIONAL,0.93,PRISM Synthetic Graph Mapping
E-000860,GGEDU-02626,GGOCC-00235,PREPARES_FOR,INTERNAL_RELATIONAL,0.94,PRISM Synthetic Graph Mapping
E-000861,GGEDU-02626,GGOCC-00110,PREPARES_FOR,INTERNAL_RELATIONAL,0.9,PRISM Synthetic Graph Mapping
E-000862,GGEDU-02626,GGOCC-00235,PREPARES_FOR,INTERNAL_RELATIONAL,0.93,PRISM Synthetic Graph Mapping
E-000863,GGEDU-02626,GGOCC-00110,PREPARES_FOR,INTERNAL_RELATIONAL,0.93,PRISM Synthetic Graph Mapping
E-000864,GGEDU-02626,GGOCC-00235,PREPARES_FOR,INTERNAL_RELATIONAL,0.92,PRISM Synthetic Graph Mapping
E-000865,GGEDU-00005,GGOCC-00276,PREPARES_FOR,INTERNAL_RELATIONAL,0.83,PRISM Synthetic Graph Mapping
E-000866,GGEDU-00005,GGOCC-00276,PREPARES_FOR,INTERNAL_RELATIONAL,0.81,PRISM Synthetic Graph Mapping
E-000867,GGEDU-00005,GGOCC-00276,PREPARES_FOR,INTERNAL_RELATIONAL,0.78,PRISM Synthetic Graph Mapping
E-000868,GGEDU-00005,GGOCC-00276,PREPARES_FOR,INTERNAL_RELATIONAL,0.83,PRISM Synthetic Graph Mapping
E-000869,GGEDU-00005,GGOCC-00276,PREPARES_FOR,INTERNAL_RELATIONAL,0.8,PRISM Synthetic Graph Mapping
E-000870,GGEDU-00005,GGOCC-00276,PREPARES_FOR,INTERNAL_RELATIONAL,0.84,PRISM Synthetic Graph Mapping
E-000871,GGOCC-00115,GGSKILL-118937,REQUIRES_SKILL,INTERNAL_RELATIONAL,1.0,PRISM Synthetic Graph Mapping
E-000872,GGOCC-00115,GGSKILL-53741,REQUIRES_SKILL,INTERNAL_RELATIONAL,1.0,PRISM Synthetic Graph Mapping
E-000873,GGOCC-00115,GGSKILL-00174,REQUIRES_SKILL,INTERNAL_RELATIONAL,1.0,PRISM Synthetic Graph Mapping
E-000874,GGOCC-00115,GGSKILL-232116,REQUIRES_SKILL,INTERNAL_RELATIONAL,1.0,PRISM Synthetic Graph Mapping
E-000875,GGOCC-00115,GGSKILL-148796,REQUIRES_SKILL,INTERNAL_RELATIONAL,1.0,PRISM Synthetic Graph Mapping
E-000876,GGOCC-00115,GGSKILL-15783,REQUIRES_SKILL,INTERNAL_RELATIONAL,1.0,PRISM Synthetic Graph Mapping
E-000877,GGOCC-00115,GGSKILL-39417,REQUIRES_SKILL,INTERNAL_RELATIONAL,1.0,PRISM Synthetic Graph Mapping
E-000878,GGOCC-00115,GGSKILL-00144,REQUIRES_SKILL,INTERNAL_RELATIONAL,1.0,PRISM Synthetic Graph Mapping
E-000879,GGOCC-00115,GGSKILL-118937,REQUIRES_SKILL,INTERNAL_RELATIONAL,1.0,PRISM Synthetic Graph Mapping
E-000880,GGOCC-00115,GGSKILL-53741,REQUIRES_SKILL,INTERNAL_RELATIONAL,1.0,PRISM Synthetic Graph Mapping
E-000881,GGOCC-00115,GGSKILL-00174,REQUIRES_SKILL,INTERNAL_RELATIONAL,1.0,PRISM Synthetic Graph Mapping
E-000882,GGOCC-00115,GGSKILL-232116,REQUIRES_SKILL,INTERNAL_RELATIONAL,1.0,PRISM Synthetic Graph Mapping
E-000883,GGOCC-00115,GGSKILL-148796,REQUIRES_SKILL,INTERNAL_RELATIONAL,1.0,PRISM Synthetic Graph Mapping
E-000884,GGOCC-00115,GGSKILL-15783,REQUIRES_SKILL,INTERNAL_RELATIONAL,1.0,PRISM Synthetic Graph Mapping
E-000885,GGOCC-00115,GGSKILL-39417,REQUIRES_SKILL,INTERNAL_RELATIONAL,1.0,PRISM Synthetic Graph Mapping
E-000886,GGOCC-00115,GGSKILL-00144,REQUIRES_SKILL,INTERNAL_RELATIONAL,1.0,PRISM Synthetic Graph Mapping
E-000887,GGOCC-00115,GGSKILL-118937,REQUIRES_SKILL,INTERNAL_RELATIONAL,1.0,PRISM Synthetic Graph Mapping
E-000888,GGOCC-00115,GGSKILL-53741,REQUIRES_SKILL,INTERNAL_RELATIONAL,1.0,PRISM Synthetic Graph Mapping
E-000889,GGOCC-00115,GGSKILL-00174,REQUIRES_SKILL,INTERNAL_RELATIONAL,1.0,PRISM Synthetic Graph Mapping
E-000890,GGOCC-00115,GGSKILL-232116,REQUIRES_SKILL,INTERNAL_RELATIONAL,1.0,PRISM Synthetic Graph Mapping
E-000891,GGOCC-00115,GGSKILL-148796,REQUIRES_SKILL,INTERNAL_RELATIONAL,1.0,PRISM Synthetic Graph Mapping
E-000892,GGOCC-00115,GGSKILL-15783,REQUIRES_SKILL,INTERNAL_RELATIONAL,1.0,PRISM Synthetic Graph Mapping
E-000893,GGOCC-00115,GGSKILL-39417,REQUIRES_SKILL,INTERNAL_RELATIONAL,1.0,PRISM Synthetic Graph Mapping
E-000894,GGOCC-00115,GGSKILL-00144,REQUIRES_SKILL,INTERNAL_RELATIONAL,1.0,PRISM Synthetic Graph Mapping
E-000895,GGOCC-00085,GGSKILL-118937,REQUIRES_SKILL,INTERNAL_RELATIONAL,1.0,PRISM Synthetic Graph Mapping
E-000896,GGOCC-00085,GGSKILL-53741,REQUIRES_SKILL,INTERNAL_RELATIONAL,1.0,PRISM Synthetic Graph Mapping
E-000897,GGOCC-00085,GGSKILL-00174,REQUIRES_SKILL,INTERNAL_RELATIONAL,1.0,PRISM Synthetic Graph Mapping
E-000898,GGOCC-00085,GGSKILL-232116,REQUIRES_SKILL,INTERNAL_RELATIONAL,1.0,PRISM Synthetic Graph Mapping
E-000899,GGOCC-00085,GGSKILL-148796,REQUIRES_SKILL,INTERNAL_RELATIONAL,1.0,PRISM Synthetic Graph Mapping
E-000900,GGOCC-00085,GGSKILL-15783,REQUIRES_SKILL,INTERNAL_RELATIONAL,1.0,PRISM Synthetic Graph Mapping
E-000901,GGOCC-00085,GGSKILL-39417,REQUIRES_SKILL,INTERNAL_RELATIONAL,1.0,PRISM Synthetic Graph Mapping
E-000902,GGOCC-00085,GGSKILL-00144,REQUIRES_SKILL,INTERNAL_RELATIONAL,1.0,PRISM Synthetic Graph Mapping
E-000903,GGOCC-00138,GGSKILL-00280,REQUIRES_SKILL,INTERNAL_RELATIONAL,1.0,PRISM Synthetic Graph Mapping
E-000904,GGOCC-00138,GGSKILL-00327,REQUIRES_SKILL,INTERNAL_RELATIONAL,1.0,PRISM Synthetic Graph Mapping
E-000905,GGOCC-00138,GGSKILL-00392,REQUIRES_SKILL,INTERNAL_RELATIONAL,1.0,PRISM Synthetic Graph Mapping
E-000906,GGOCC-00138,GGSKILL-87107,REQUIRES_SKILL,INTERNAL_RELATIONAL,1.0,PRISM Synthetic Graph Mapping
E-000907,GGOCC-00138,GGSKILL-103319,REQUIRES_SKILL,INTERNAL_RELATIONAL,1.0,PRISM Synthetic Graph Mapping
E-000908,GGOCC-00138,GGSKILL-00020,REQUIRES_SKILL,INTERNAL_RELATIONAL,1.0,PRISM Synthetic Graph Mapping
E-000909,GGOCC-00138,GGSKILL-236577,REQUIRES_SKILL,INTERNAL_RELATIONAL,1.0,PRISM Synthetic Graph Mapping
E-000910,GGOCC-00138,GGSKILL-39417,REQUIRES_SKILL,INTERNAL_RELATIONAL,1.0,PRISM Synthetic Graph Mapping
E-000911,GGOCC-00138,GGSKILL-00144,REQUIRES_SKILL,INTERNAL_RELATIONAL,1.0,PRISM Synthetic Graph Mapping
E-000912,GGOCC-00155,GGSKILL-118937,REQUIRES_SKILL,INTERNAL_RELATIONAL,1.0,PRISM Synthetic Graph Mapping
E-000913,GGOCC-00155,GGSKILL-53741,REQUIRES_SKILL,INTERNAL_RELATIONAL,1.0,PRISM Synthetic Graph Mapping
E-000914,GGOCC-00155,GGSKILL-00174,REQUIRES_SKILL,INTERNAL_RELATIONAL,1.0,PRISM Synthetic Graph Mapping
E-000915,GGOCC-00155,GGSKILL-232116,REQUIRES_SKILL,INTERNAL_RELATIONAL,1.0,PRISM Synthetic Graph Mapping
E-000916,GGOCC-00155,GGSKILL-148796,REQUIRES_SKILL,INTERNAL_RELATIONAL,1.0,PRISM Synthetic Graph Mapping
E-000917,GGOCC-00155,GGSKILL-15783,REQUIRES_SKILL,INTERNAL_RELATIONAL,1.0,PRISM Synthetic Graph Mapping
E-000918,GGOCC-00155,GGSKILL-39417,REQUIRES_SKILL,INTERNAL_RELATIONAL,1.0,PRISM Synthetic Graph Mapping
E-000919,GGOCC-00155,GGSKILL-00144,REQUIRES_SKILL,INTERNAL_RELATIONAL,1.0,PRISM Synthetic Graph Mapping
E-000920,GGOCC-00156,GGSKILL-00153,REQUIRES_SKILL,INTERNAL_RELATIONAL,1.0,PRISM Synthetic Graph Mapping
E-000921,GGOCC-00156,GGSKILL-34106,REQUIRES_SKILL,INTERNAL_RELATIONAL,1.0,PRISM Synthetic Graph Mapping
E-000922,GGOCC-00156,GGSKILL-00181,REQUIRES_SKILL,INTERNAL_RELATIONAL,1.0,PRISM Synthetic Graph Mapping
E-000923,GGOCC-00156,GGSKILL-47464,REQUIRES_SKILL,INTERNAL_RELATIONAL,1.0,PRISM Synthetic Graph Mapping
E-000924,GGOCC-00156,GGSKILL-15101,REQUIRES_SKILL,INTERNAL_RELATIONAL,1.0,PRISM Synthetic Graph Mapping
E-000925,GGOCC-00156,GGSKILL-00223,REQUIRES_SKILL,INTERNAL_RELATIONAL,1.0,PRISM Synthetic Graph Mapping
E-000926,GGOCC-00156,GGSKILL-00144,REQUIRES_SKILL,INTERNAL_RELATIONAL,1.0,PRISM Synthetic Graph Mapping
E-000927,GGOCC-00156,GGSKILL-00134,REQUIRES_SKILL,INTERNAL_RELATIONAL,1.0,PRISM Synthetic Graph Mapping
E-000928,GGOCC-00156,GGSKILL-00418,REQUIRES_SKILL,INTERNAL_RELATIONAL,1.0,PRISM Synthetic Graph Mapping
E-000929,GGOCC-00156,GGSKILL-39417,REQUIRES_SKILL,INTERNAL_RELATIONAL,1.0,PRISM Synthetic Graph Mapping
E-000930,GGOCC-00209,GGSKILL-118937,REQUIRES_SKILL,INTERNAL_RELATIONAL,1.0,PRISM Synthetic Graph Mapping
E-000931,GGOCC-00209,GGSKILL-53741,REQUIRES_SKILL,INTERNAL_RELATIONAL,1.0,PRISM Synthetic Graph Mapping
E-000932,GGOCC-00209,GGSKILL-00174,REQUIRES_SKILL,INTERNAL_RELATIONAL,1.0,PRISM Synthetic Graph Mapping
E-000933,GGOCC-00209,GGSKILL-232116,REQUIRES_SKILL,INTERNAL_RELATIONAL,1.0,PRISM Synthetic Graph Mapping
E-000934,GGOCC-00209,GGSKILL-148796,REQUIRES_SKILL,INTERNAL_RELATIONAL,1.0,PRISM Synthetic Graph Mapping
E-000935,GGOCC-00209,GGSKILL-15783,REQUIRES_SKILL,INTERNAL_RELATIONAL,1.0,PRISM Synthetic Graph Mapping
E-000936,GGOCC-00209,GGSKILL-39417,REQUIRES_SKILL,INTERNAL_RELATIONAL,1.0,PRISM Synthetic Graph Mapping
E-000937,GGOCC-00209,GGSKILL-00144,REQUIRES_SKILL,INTERNAL_RELATIONAL,1.0,PRISM Synthetic Graph Mapping
E-000938,GGOCC-00017,GGSKILL-198577,REQUIRES_SKILL,INTERNAL_RELATIONAL,1.0,PRISM Synthetic Graph Mapping
E-000939,GGOCC-00017,GGSKILL-15871,REQUIRES_SKILL,INTERNAL_RELATIONAL,1.0,PRISM Synthetic Graph Mapping
E-000940,GGOCC-00017,GGSKILL-88078,REQUIRES_SKILL,INTERNAL_RELATIONAL,1.0,PRISM Synthetic Graph Mapping
E-000941,GGOCC-00017,GGSKILL-00128,REQUIRES_SKILL,INTERNAL_RELATIONAL,1.0,PRISM Synthetic Graph Mapping
E-000942,GGOCC-00017,GGSKILL-00358,REQUIRES_SKILL,INTERNAL_RELATIONAL,1.0,PRISM Synthetic Graph Mapping
E-000943,GGOCC-00017,GGSKILL-75265,REQUIRES_SKILL,INTERNAL_RELATIONAL,1.0,PRISM Synthetic Graph Mapping
E-000944,GGOCC-00017,GGSKILL-25330,REQUIRES_SKILL,INTERNAL_RELATIONAL,1.0,PRISM Synthetic Graph Mapping
E-000945,GGOCC-00017,GGSKILL-34763,REQUIRES_SKILL,INTERNAL_RELATIONAL,1.0,PRISM Synthetic Graph Mapping
E-000946,GGOCC-00017,GGSKILL-00144,REQUIRES_SKILL,INTERNAL_RELATIONAL,1.0,PRISM Synthetic Graph Mapping
E-000947,GGOCC-00017,GGSKILL-198577,REQUIRES_SKILL,INTERNAL_RELATIONAL,1.0,PRISM Synthetic Graph Mapping
E-000948,GGOCC-00017,GGSKILL-15871,REQUIRES_SKILL,INTERNAL_RELATIONAL,1.0,PRISM Synthetic Graph Mapping
E-000949,GGOCC-00017,GGSKILL-88078,REQUIRES_SKILL,INTERNAL_RELATIONAL,1.0,PRISM Synthetic Graph Mapping
E-000950,GGOCC-00017,GGSKILL-00128,REQUIRES_SKILL,INTERNAL_RELATIONAL,1.0,PRISM Synthetic Graph Mapping
E-000951,GGOCC-00017,GGSKILL-00358,REQUIRES_SKILL,INTERNAL_RELATIONAL,1.0,PRISM Synthetic Graph Mapping
E-000952,GGOCC-00017,GGSKILL-75265,REQUIRES_SKILL,INTERNAL_RELATIONAL,1.0,PRISM Synthetic Graph Mapping
E-000953,GGOCC-00017,GGSKILL-25330,REQUIRES_SKILL,INTERNAL_RELATIONAL,1.0,PRISM Synthetic Graph Mapping
E-000954,GGOCC-00017,GGSKILL-34763,REQUIRES_SKILL,INTERNAL_RELATIONAL,1.0,PRISM Synthetic Graph Mapping
E-000955,GGOCC-00017,GGSKILL-00144,REQUIRES_SKILL,INTERNAL_RELATIONAL,1.0,PRISM Synthetic Graph Mapping
E-000956,GGOCC-00222,GGSKILL-198577,REQUIRES_SKILL,INTERNAL_RELATIONAL,1.0,PRISM Synthetic Graph Mapping
E-000957,GGOCC-00222,GGSKILL-15871,REQUIRES_SKILL,INTERNAL_RELATIONAL,1.0,PRISM Synthetic Graph Mapping
E-000958,GGOCC-00222,GGSKILL-88078,REQUIRES_SKILL,INTERNAL_RELATIONAL,1.0,PRISM Synthetic Graph Mapping
E-000959,GGOCC-00222,GGSKILL-00128,REQUIRES_SKILL,INTERNAL_RELATIONAL,1.0,PRISM Synthetic Graph Mapping
E-000960,GGOCC-00222,GGSKILL-00358,REQUIRES_SKILL,INTERNAL_RELATIONAL,1.0,PRISM Synthetic Graph Mapping
E-000961,GGOCC-00222,GGSKILL-75265,REQUIRES_SKILL,INTERNAL_RELATIONAL,1.0,PRISM Synthetic Graph Mapping
E-000962,GGOCC-00222,GGSKILL-25330,REQUIRES_SKILL,INTERNAL_RELATIONAL,1.0,PRISM Synthetic Graph Mapping
E-000963,GGOCC-00222,GGSKILL-34763,REQUIRES_SKILL,INTERNAL_RELATIONAL,1.0,PRISM Synthetic Graph Mapping
E-000964,GGOCC-00222,GGSKILL-00144,REQUIRES_SKILL,INTERNAL_RELATIONAL,1.0,PRISM Synthetic Graph Mapping
E-000965,GGOCC-00222,GGSKILL-198577,REQUIRES_SKILL,INTERNAL_RELATIONAL,1.0,PRISM Synthetic Graph Mapping
E-000966,GGOCC-00222,GGSKILL-15871,REQUIRES_SKILL,INTERNAL_RELATIONAL,1.0,PRISM Synthetic Graph Mapping
E-000967,GGOCC-00222,GGSKILL-88078,REQUIRES_SKILL,INTERNAL_RELATIONAL,1.0,PRISM Synthetic Graph Mapping
E-000968,GGOCC-00222,GGSKILL-00128,REQUIRES_SKILL,INTERNAL_RELATIONAL,1.0,PRISM Synthetic Graph Mapping
E-000969,GGOCC-00222,GGSKILL-00358,REQUIRES_SKILL,INTERNAL_RELATIONAL,1.0,PRISM Synthetic Graph Mapping
E-000970,GGOCC-00222,GGSKILL-75265,REQUIRES_SKILL,INTERNAL_RELATIONAL,1.0,PRISM Synthetic Graph Mapping
E-000971,GGOCC-00222,GGSKILL-25330,REQUIRES_SKILL,INTERNAL_RELATIONAL,1.0,PRISM Synthetic Graph Mapping
E-000972,GGOCC-00222,GGSKILL-34763,REQUIRES_SKILL,INTERNAL_RELATIONAL,1.0,PRISM Synthetic Graph Mapping
E-000973,GGOCC-00222,GGSKILL-00144,REQUIRES_SKILL,INTERNAL_RELATIONAL,1.0,PRISM Synthetic Graph Mapping
E-000974,GGOCC-00015,GGSKILL-198577,REQUIRES_SKILL,INTERNAL_RELATIONAL,1.0,PRISM Synthetic Graph Mapping
E-000975,GGOCC-00015,GGSKILL-15871,REQUIRES_SKILL,INTERNAL_RELATIONAL,1.0,PRISM Synthetic Graph Mapping
E-000976,GGOCC-00015,GGSKILL-88078,REQUIRES_SKILL,INTERNAL_RELATIONAL,1.0,PRISM Synthetic Graph Mapping
E-000977,GGOCC-00015,GGSKILL-00128,REQUIRES_SKILL,INTERNAL_RELATIONAL,1.0,PRISM Synthetic Graph Mapping
E-000978,GGOCC-00015,GGSKILL-00358,REQUIRES_SKILL,INTERNAL_RELATIONAL,1.0,PRISM Synthetic Graph Mapping
E-000979,GGOCC-00015,GGSKILL-75265,REQUIRES_SKILL,INTERNAL_RELATIONAL,1.0,PRISM Synthetic Graph Mapping
E-000980,GGOCC-00015,GGSKILL-25330,REQUIRES_SKILL,INTERNAL_RELATIONAL,1.0,PRISM Synthetic Graph Mapping
E-000981,GGOCC-00015,GGSKILL-34763,REQUIRES_SKILL,INTERNAL_RELATIONAL,1.0,PRISM Synthetic Graph Mapping
E-000982,GGOCC-00015,GGSKILL-00144,REQUIRES_SKILL,INTERNAL_RELATIONAL,1.0,PRISM Synthetic Graph Mapping
E-000983,GGOCC-00015,GGSKILL-198577,REQUIRES_SKILL,INTERNAL_RELATIONAL,1.0,PRISM Synthetic Graph Mapping
E-000984,GGOCC-00015,GGSKILL-15871,REQUIRES_SKILL,INTERNAL_RELATIONAL,1.0,PRISM Synthetic Graph Mapping
E-000985,GGOCC-00015,GGSKILL-88078,REQUIRES_SKILL,INTERNAL_RELATIONAL,1.0,PRISM Synthetic Graph Mapping
E-000986,GGOCC-00015,GGSKILL-00128,REQUIRES_SKILL,INTERNAL_RELATIONAL,1.0,PRISM Synthetic Graph Mapping
E-000987,GGOCC-00015,GGSKILL-00358,REQUIRES_SKILL,INTERNAL_RELATIONAL,1.0,PRISM Synthetic Graph Mapping
E-000988,GGOCC-00015,GGSKILL-75265,REQUIRES_SKILL,INTERNAL_RELATIONAL,1.0,PRISM Synthetic Graph Mapping
E-000989,GGOCC-00015,GGSKILL-25330,REQUIRES_SKILL,INTERNAL_RELATIONAL,1.0,PRISM Synthetic Graph Mapping
E-000990,GGOCC-00015,GGSKILL-34763,REQUIRES_SKILL,INTERNAL_RELATIONAL,1.0,PRISM Synthetic Graph Mapping
E-000991,GGOCC-00015,GGSKILL-00144,REQUIRES_SKILL,INTERNAL_RELATIONAL,1.0,PRISM Synthetic Graph Mapping
E-000992,GGOCC-00015,GGSKILL-198577,REQUIRES_SKILL,INTERNAL_RELATIONAL,1.0,PRISM Synthetic Graph Mapping
E-000993,GGOCC-00015,GGSKILL-15871,REQUIRES_SKILL,INTERNAL_RELATIONAL,1.0,PRISM Synthetic Graph Mapping
E-000994,GGOCC-00015,GGSKILL-88078,REQUIRES_SKILL,INTERNAL_RELATIONAL,1.0,PRISM Synthetic Graph Mapping
E-000995,GGOCC-00015,GGSKILL-00128,REQUIRES_SKILL,INTERNAL_RELATIONAL,1.0,PRISM Synthetic Graph Mapping
E-000996,GGOCC-00015,GGSKILL-00358,REQUIRES_SKILL,INTERNAL_RELATIONAL,1.0,PRISM Synthetic Graph Mapping
E-000997,GGOCC-00015,GGSKILL-75265,REQUIRES_SKILL,INTERNAL_RELATIONAL,1.0,PRISM Synthetic Graph Mapping
E-000998,GGOCC-00015,GGSKILL-25330,REQUIRES_SKILL,INTERNAL_RELATIONAL,1.0,PRISM Synthetic Graph Mapping
E-000999,GGOCC-00015,GGSKILL-34763,REQUIRES_SKILL,INTERNAL_RELATIONAL,1.0,PRISM Synthetic Graph Mapping
E-001000,GGOCC-00015,GGSKILL-00144,REQUIRES_SKILL,INTERNAL_RELATIONAL,1.0,PRISM Synthetic Graph Mapping
E-001001,GGOCC-00128,GGSKILL-198577,REQUIRES_SKILL,INTERNAL_RELATIONAL,1.0,PRISM Synthetic Graph Mapping
E-001002,GGOCC-00128,GGSKILL-15871,REQUIRES_SKILL,INTERNAL_RELATIONAL,1.0,PRISM Synthetic Graph Mapping
E-001003,GGOCC-00128,GGSKILL-88078,REQUIRES_SKILL,INTERNAL_RELATIONAL,1.0,PRISM Synthetic Graph Mapping
E-001004,GGOCC-00128,GGSKILL-00128,REQUIRES_SKILL,INTERNAL_RELATIONAL,1.0,PRISM Synthetic Graph Mapping
E-001005,GGOCC-00128,GGSKILL-00358,REQUIRES_SKILL,INTERNAL_RELATIONAL,1.0,PRISM Synthetic Graph Mapping
E-001006,GGOCC-00128,GGSKILL-75265,REQUIRES_SKILL,INTERNAL_RELATIONAL,1.0,PRISM Synthetic Graph Mapping
E-001007,GGOCC-00128,GGSKILL-25330,REQUIRES_SKILL,INTERNAL_RELATIONAL,1.0,PRISM Synthetic Graph Mapping
E-001008,GGOCC-00128,GGSKILL-34763,REQUIRES_SKILL,INTERNAL_RELATIONAL,1.0,PRISM Synthetic Graph Mapping
E-001009,GGOCC-00128,GGSKILL-00144,REQUIRES_SKILL,INTERNAL_RELATIONAL,1.0,PRISM Synthetic Graph Mapping
E-001010,GGOCC-00128,GGSKILL-198577,REQUIRES_SKILL,INTERNAL_RELATIONAL,1.0,PRISM Synthetic Graph Mapping
E-001011,GGOCC-00128,GGSKILL-15871,REQUIRES_SKILL,INTERNAL_RELATIONAL,1.0,PRISM Synthetic Graph Mapping
E-001012,GGOCC-00128,GGSKILL-88078,REQUIRES_SKILL,INTERNAL_RELATIONAL,1.0,PRISM Synthetic Graph Mapping
E-001013,GGOCC-00128,GGSKILL-00128,REQUIRES_SKILL,INTERNAL_RELATIONAL,1.0,PRISM Synthetic Graph Mapping
E-001014,GGOCC-00128,GGSKILL-00358,REQUIRES_SKILL,INTERNAL_RELATIONAL,1.0,PRISM Synthetic Graph Mapping
E-001015,GGOCC-00128,GGSKILL-75265,REQUIRES_SKILL,INTERNAL_RELATIONAL,1.0,PRISM Synthetic Graph Mapping
E-001016,GGOCC-00128,GGSKILL-25330,REQUIRES_SKILL,INTERNAL_RELATIONAL,1.0,PRISM Synthetic Graph Mapping
E-001017,GGOCC-00128,GGSKILL-34763,REQUIRES_SKILL,INTERNAL_RELATIONAL,1.0,PRISM Synthetic Graph Mapping
E-001018,GGOCC-00128,GGSKILL-00144,REQUIRES_SKILL,INTERNAL_RELATIONAL,1.0,PRISM Synthetic Graph Mapping
E-001019,GGOCC-00284,GGSKILL-198577,REQUIRES_SKILL,INTERNAL_RELATIONAL,1.0,PRISM Synthetic Graph Mapping
E-001020,GGOCC-00284,GGSKILL-15871,REQUIRES_SKILL,INTERNAL_RELATIONAL,1.0,PRISM Synthetic Graph Mapping
E-001021,GGOCC-00284,GGSKILL-88078,REQUIRES_SKILL,INTERNAL_RELATIONAL,1.0,PRISM Synthetic Graph Mapping
E-001022,GGOCC-00284,GGSKILL-00128,REQUIRES_SKILL,INTERNAL_RELATIONAL,1.0,PRISM Synthetic Graph Mapping
E-001023,GGOCC-00284,GGSKILL-00358,REQUIRES_SKILL,INTERNAL_RELATIONAL,1.0,PRISM Synthetic Graph Mapping
E-001024,GGOCC-00284,GGSKILL-75265,REQUIRES_SKILL,INTERNAL_RELATIONAL,1.0,PRISM Synthetic Graph Mapping
E-001025,GGOCC-00284,GGSKILL-25330,REQUIRES_SKILL,INTERNAL_RELATIONAL,1.0,PRISM Synthetic Graph Mapping
E-001026,GGOCC-00284,GGSKILL-34763,REQUIRES_SKILL,INTERNAL_RELATIONAL,1.0,PRISM Synthetic Graph Mapping
E-001027,GGOCC-00284,GGSKILL-00144,REQUIRES_SKILL,INTERNAL_RELATIONAL,1.0,PRISM Synthetic Graph Mapping
E-001028,GGOCC-00266,GGSKILL-181391,REQUIRES_SKILL,INTERNAL_RELATIONAL,1.0,PRISM Synthetic Graph Mapping
E-001029,GGOCC-00266,GGSKILL-14436,REQUIRES_SKILL,INTERNAL_RELATIONAL,1.0,PRISM Synthetic Graph Mapping
E-001030,GGOCC-00266,GGSKILL-64515,REQUIRES_SKILL,INTERNAL_RELATIONAL,1.0,PRISM Synthetic Graph Mapping
E-001031,GGOCC-00266,GGSKILL-231458,REQUIRES_SKILL,INTERNAL_RELATIONAL,1.0,PRISM Synthetic Graph Mapping
E-001032,GGOCC-00266,GGSKILL-00365,REQUIRES_SKILL,INTERNAL_RELATIONAL,1.0,PRISM Synthetic Graph Mapping
E-001033,GGOCC-00266,GGSKILL-00103,REQUIRES_SKILL,INTERNAL_RELATIONAL,1.0,PRISM Synthetic Graph Mapping
E-001034,GGOCC-00266,GGSKILL-48111,REQUIRES_SKILL,INTERNAL_RELATIONAL,1.0,PRISM Synthetic Graph Mapping
E-001035,GGOCC-00266,GGSKILL-236577,REQUIRES_SKILL,INTERNAL_RELATIONAL,1.0,PRISM Synthetic Graph Mapping
E-001036,GGOCC-00266,GGSKILL-39417,REQUIRES_SKILL,INTERNAL_RELATIONAL,1.0,PRISM Synthetic Graph Mapping
E-001037,GGOCC-00266,GGSKILL-181391,REQUIRES_SKILL,INTERNAL_RELATIONAL,1.0,PRISM Synthetic Graph Mapping
E-001038,GGOCC-00266,GGSKILL-14436,REQUIRES_SKILL,INTERNAL_RELATIONAL,1.0,PRISM Synthetic Graph Mapping
E-001039,GGOCC-00266,GGSKILL-64515,REQUIRES_SKILL,INTERNAL_RELATIONAL,1.0,PRISM Synthetic Graph Mapping
E-001040,GGOCC-00266,GGSKILL-231458,REQUIRES_SKILL,INTERNAL_RELATIONAL,1.0,PRISM Synthetic Graph Mapping
E-001041,GGOCC-00266,GGSKILL-00365,REQUIRES_SKILL,INTERNAL_RELATIONAL,1.0,PRISM Synthetic Graph Mapping
E-001042,GGOCC-00266,GGSKILL-00103,REQUIRES_SKILL,INTERNAL_RELATIONAL,1.0,PRISM Synthetic Graph Mapping
E-001043,GGOCC-00266,GGSKILL-48111,REQUIRES_SKILL,INTERNAL_RELATIONAL,1.0,PRISM Synthetic Graph Mapping
E-001044,GGOCC-00266,GGSKILL-236577,REQUIRES_SKILL,INTERNAL_RELATIONAL,1.0,PRISM Synthetic Graph Mapping
E-001045,GGOCC-00266,GGSKILL-39417,REQUIRES_SKILL,INTERNAL_RELATIONAL,1.0,PRISM Synthetic Graph Mapping
E-001046,GGOCC-00124,GGSKILL-181391,REQUIRES_SKILL,INTERNAL_RELATIONAL,1.0,PRISM Synthetic Graph Mapping
E-001047,GGOCC-00124,GGSKILL-14436,REQUIRES_SKILL,INTERNAL_RELATIONAL,1.0,PRISM Synthetic Graph Mapping
E-001048,GGOCC-00124,GGSKILL-64515,REQUIRES_SKILL,INTERNAL_RELATIONAL,1.0,PRISM Synthetic Graph Mapping
E-001049,GGOCC-00124,GGSKILL-231458,REQUIRES_SKILL,INTERNAL_RELATIONAL,1.0,PRISM Synthetic Graph Mapping
E-001050,GGOCC-00124,GGSKILL-00365,REQUIRES_SKILL,INTERNAL_RELATIONAL,1.0,PRISM Synthetic Graph Mapping
E-001051,GGOCC-00124,GGSKILL-00103,REQUIRES_SKILL,INTERNAL_RELATIONAL,1.0,PRISM Synthetic Graph Mapping
E-001052,GGOCC-00124,GGSKILL-48111,REQUIRES_SKILL,INTERNAL_RELATIONAL,1.0,PRISM Synthetic Graph Mapping
E-001053,GGOCC-00124,GGSKILL-236577,REQUIRES_SKILL,INTERNAL_RELATIONAL,1.0,PRISM Synthetic Graph Mapping
E-001054,GGOCC-00124,GGSKILL-39417,REQUIRES_SKILL,INTERNAL_RELATIONAL,1.0,PRISM Synthetic Graph Mapping
E-001055,GGOCC-00237,GGSKILL-181391,REQUIRES_SKILL,INTERNAL_RELATIONAL,1.0,PRISM Synthetic Graph Mapping
E-001056,GGOCC-00237,GGSKILL-14436,REQUIRES_SKILL,INTERNAL_RELATIONAL,1.0,PRISM Synthetic Graph Mapping
E-001057,GGOCC-00237,GGSKILL-64515,REQUIRES_SKILL,INTERNAL_RELATIONAL,1.0,PRISM Synthetic Graph Mapping
E-001058,GGOCC-00237,GGSKILL-231458,REQUIRES_SKILL,INTERNAL_RELATIONAL,1.0,PRISM Synthetic Graph Mapping
E-001059,GGOCC-00237,GGSKILL-00365,REQUIRES_SKILL,INTERNAL_RELATIONAL,1.0,PRISM Synthetic Graph Mapping
E-001060,GGOCC-00237,GGSKILL-00103,REQUIRES_SKILL,INTERNAL_RELATIONAL,1.0,PRISM Synthetic Graph Mapping
E-001061,GGOCC-00237,GGSKILL-48111,REQUIRES_SKILL,INTERNAL_RELATIONAL,1.0,PRISM Synthetic Graph Mapping
E-001062,GGOCC-00237,GGSKILL-236577,REQUIRES_SKILL,INTERNAL_RELATIONAL,1.0,PRISM Synthetic Graph Mapping
E-001063,GGOCC-00237,GGSKILL-39417,REQUIRES_SKILL,INTERNAL_RELATIONAL,1.0,PRISM Synthetic Graph Mapping
E-001064,GGOCC-00306,GGSKILL-00153,REQUIRES_SKILL,INTERNAL_RELATIONAL,1.0,PRISM Synthetic Graph Mapping
E-001065,GGOCC-00306,GGSKILL-34106,REQUIRES_SKILL,INTERNAL_RELATIONAL,1.0,PRISM Synthetic Graph Mapping
E-001066,GGOCC-00306,GGSKILL-00181,REQUIRES_SKILL,INTERNAL_RELATIONAL,1.0,PRISM Synthetic Graph Mapping
E-001067,GGOCC-00306,GGSKILL-47464,REQUIRES_SKILL,INTERNAL_RELATIONAL,1.0,PRISM Synthetic Graph Mapping
E-001068,GGOCC-00306,GGSKILL-15101,REQUIRES_SKILL,INTERNAL_RELATIONAL,1.0,PRISM Synthetic Graph Mapping
E-001069,GGOCC-00306,GGSKILL-00223,REQUIRES_SKILL,INTERNAL_RELATIONAL,1.0,PRISM Synthetic Graph Mapping
E-001070,GGOCC-00306,GGSKILL-00144,REQUIRES_SKILL,INTERNAL_RELATIONAL,1.0,PRISM Synthetic Graph Mapping
E-001071,GGOCC-00306,GGSKILL-00134,REQUIRES_SKILL,INTERNAL_RELATIONAL,1.0,PRISM Synthetic Graph Mapping
E-001072,GGOCC-00306,GGSKILL-00418,REQUIRES_SKILL,INTERNAL_RELATIONAL,1.0,PRISM Synthetic Graph Mapping
E-001073,GGOCC-00306,GGSKILL-39417,REQUIRES_SKILL,INTERNAL_RELATIONAL,1.0,PRISM Synthetic Graph Mapping
E-001074,GGOCC-00312,GGSKILL-00280,REQUIRES_SKILL,INTERNAL_RELATIONAL,1.0,PRISM Synthetic Graph Mapping
E-001075,GGOCC-00312,GGSKILL-00327,REQUIRES_SKILL,INTERNAL_RELATIONAL,1.0,PRISM Synthetic Graph Mapping
E-001076,GGOCC-00312,GGSKILL-00392,REQUIRES_SKILL,INTERNAL_RELATIONAL,1.0,PRISM Synthetic Graph Mapping
E-001077,GGOCC-00312,GGSKILL-87107,REQUIRES_SKILL,INTERNAL_RELATIONAL,1.0,PRISM Synthetic Graph Mapping
E-001078,GGOCC-00312,GGSKILL-103319,REQUIRES_SKILL,INTERNAL_RELATIONAL,1.0,PRISM Synthetic Graph Mapping
E-001079,GGOCC-00312,GGSKILL-00020,REQUIRES_SKILL,INTERNAL_RELATIONAL,1.0,PRISM Synthetic Graph Mapping
E-001080,GGOCC-00312,GGSKILL-236577,REQUIRES_SKILL,INTERNAL_RELATIONAL,1.0,PRISM Synthetic Graph Mapping
E-001081,GGOCC-00312,GGSKILL-39417,REQUIRES_SKILL,INTERNAL_RELATIONAL,1.0,PRISM Synthetic Graph Mapping
E-001082,GGOCC-00312,GGSKILL-00144,REQUIRES_SKILL,INTERNAL_RELATIONAL,1.0,PRISM Synthetic Graph Mapping
E-001083,GGOCC-00131,GGSKILL-00280,REQUIRES_SKILL,INTERNAL_RELATIONAL,1.0,PRISM Synthetic Graph Mapping
E-001084,GGOCC-00131,GGSKILL-00327,REQUIRES_SKILL,INTERNAL_RELATIONAL,1.0,PRISM Synthetic Graph Mapping
E-001085,GGOCC-00131,GGSKILL-00392,REQUIRES_SKILL,INTERNAL_RELATIONAL,1.0,PRISM Synthetic Graph Mapping
E-001086,GGOCC-00131,GGSKILL-87107,REQUIRES_SKILL,INTERNAL_RELATIONAL,1.0,PRISM Synthetic Graph Mapping
E-001087,GGOCC-00131,GGSKILL-103319,REQUIRES_SKILL,INTERNAL_RELATIONAL,1.0,PRISM Synthetic Graph Mapping
E-001088,GGOCC-00131,GGSKILL-00020,REQUIRES_SKILL,INTERNAL_RELATIONAL,1.0,PRISM Synthetic Graph Mapping
E-001089,GGOCC-00131,GGSKILL-236577,REQUIRES_SKILL,INTERNAL_RELATIONAL,1.0,PRISM Synthetic Graph Mapping
E-001090,GGOCC-00131,GGSKILL-39417,REQUIRES_SKILL,INTERNAL_RELATIONAL,1.0,PRISM Synthetic Graph Mapping
E-001091,GGOCC-00131,GGSKILL-00144,REQUIRES_SKILL,INTERNAL_RELATIONAL,1.0,PRISM Synthetic Graph Mapping
E-001092,GGOCC-00269,GGSKILL-00280,REQUIRES_SKILL,INTERNAL_RELATIONAL,1.0,PRISM Synthetic Graph Mapping
E-001093,GGOCC-00269,GGSKILL-00327,REQUIRES_SKILL,INTERNAL_RELATIONAL,1.0,PRISM Synthetic Graph Mapping
E-001094,GGOCC-00269,GGSKILL-00392,REQUIRES_SKILL,INTERNAL_RELATIONAL,1.0,PRISM Synthetic Graph Mapping
E-001095,GGOCC-00269,GGSKILL-87107,REQUIRES_SKILL,INTERNAL_RELATIONAL,1.0,PRISM Synthetic Graph Mapping
E-001096,GGOCC-00269,GGSKILL-103319,REQUIRES_SKILL,INTERNAL_RELATIONAL,1.0,PRISM Synthetic Graph Mapping
E-001097,GGOCC-00269,GGSKILL-00020,REQUIRES_SKILL,INTERNAL_RELATIONAL,1.0,PRISM Synthetic Graph Mapping
E-001098,GGOCC-00269,GGSKILL-236577,REQUIRES_SKILL,INTERNAL_RELATIONAL,1.0,PRISM Synthetic Graph Mapping
E-001099,GGOCC-00269,GGSKILL-39417,REQUIRES_SKILL,INTERNAL_RELATIONAL,1.0,PRISM Synthetic Graph Mapping
E-001100,GGOCC-00269,GGSKILL-00144,REQUIRES_SKILL,INTERNAL_RELATIONAL,1.0,PRISM Synthetic Graph Mapping
E-001101,GGOCC-00035,GGSKILL-00280,REQUIRES_SKILL,INTERNAL_RELATIONAL,1.0,PRISM Synthetic Graph Mapping
E-001102,GGOCC-00035,GGSKILL-00327,REQUIRES_SKILL,INTERNAL_RELATIONAL,1.0,PRISM Synthetic Graph Mapping
E-001103,GGOCC-00035,GGSKILL-00392,REQUIRES_SKILL,INTERNAL_RELATIONAL,1.0,PRISM Synthetic Graph Mapping
E-001104,GGOCC-00035,GGSKILL-87107,REQUIRES_SKILL,INTERNAL_RELATIONAL,1.0,PRISM Synthetic Graph Mapping
E-001105,GGOCC-00035,GGSKILL-103319,REQUIRES_SKILL,INTERNAL_RELATIONAL,1.0,PRISM Synthetic Graph Mapping
E-001106,GGOCC-00035,GGSKILL-00020,REQUIRES_SKILL,INTERNAL_RELATIONAL,1.0,PRISM Synthetic Graph Mapping
E-001107,GGOCC-00035,GGSKILL-236577,REQUIRES_SKILL,INTERNAL_RELATIONAL,1.0,PRISM Synthetic Graph Mapping
E-001108,GGOCC-00035,GGSKILL-39417,REQUIRES_SKILL,INTERNAL_RELATIONAL,1.0,PRISM Synthetic Graph Mapping
E-001109,GGOCC-00035,GGSKILL-00144,REQUIRES_SKILL,INTERNAL_RELATIONAL,1.0,PRISM Synthetic Graph Mapping
E-001110,GGOCC-00026,GGSKILL-00280,REQUIRES_SKILL,INTERNAL_RELATIONAL,1.0,PRISM Synthetic Graph Mapping
E-001111,GGOCC-00026,GGSKILL-00327,REQUIRES_SKILL,INTERNAL_RELATIONAL,1.0,PRISM Synthetic Graph Mapping
E-001112,GGOCC-00026,GGSKILL-00392,REQUIRES_SKILL,INTERNAL_RELATIONAL,1.0,PRISM Synthetic Graph Mapping
E-001113,GGOCC-00026,GGSKILL-87107,REQUIRES_SKILL,INTERNAL_RELATIONAL,1.0,PRISM Synthetic Graph Mapping
E-001114,GGOCC-00026,GGSKILL-103319,REQUIRES_SKILL,INTERNAL_RELATIONAL,1.0,PRISM Synthetic Graph Mapping
E-001115,GGOCC-00026,GGSKILL-00020,REQUIRES_SKILL,INTERNAL_RELATIONAL,1.0,PRISM Synthetic Graph Mapping
E-001116,GGOCC-00026,GGSKILL-236577,REQUIRES_SKILL,INTERNAL_RELATIONAL,1.0,PRISM Synthetic Graph Mapping
E-001117,GGOCC-00026,GGSKILL-39417,REQUIRES_SKILL,INTERNAL_RELATIONAL,1.0,PRISM Synthetic Graph Mapping
E-001118,GGOCC-00026,GGSKILL-00144,REQUIRES_SKILL,INTERNAL_RELATIONAL,1.0,PRISM Synthetic Graph Mapping
E-001119,GGOCC-00097,GGSKILL-00280,REQUIRES_SKILL,INTERNAL_RELATIONAL,1.0,PRISM Synthetic Graph Mapping
E-001120,GGOCC-00097,GGSKILL-00327,REQUIRES_SKILL,INTERNAL_RELATIONAL,1.0,PRISM Synthetic Graph Mapping
E-001121,GGOCC-00097,GGSKILL-00392,REQUIRES_SKILL,INTERNAL_RELATIONAL,1.0,PRISM Synthetic Graph Mapping
E-001122,GGOCC-00097,GGSKILL-87107,REQUIRES_SKILL,INTERNAL_RELATIONAL,1.0,PRISM Synthetic Graph Mapping
E-001123,GGOCC-00097,GGSKILL-103319,REQUIRES_SKILL,INTERNAL_RELATIONAL,1.0,PRISM Synthetic Graph Mapping
E-001124,GGOCC-00097,GGSKILL-00020,REQUIRES_SKILL,INTERNAL_RELATIONAL,1.0,PRISM Synthetic Graph Mapping
E-001125,GGOCC-00097,GGSKILL-236577,REQUIRES_SKILL,INTERNAL_RELATIONAL,1.0,PRISM Synthetic Graph Mapping
E-001126,GGOCC-00097,GGSKILL-39417,REQUIRES_SKILL,INTERNAL_RELATIONAL,1.0,PRISM Synthetic Graph Mapping
E-001127,GGOCC-00097,GGSKILL-00144,REQUIRES_SKILL,INTERNAL_RELATIONAL,1.0,PRISM Synthetic Graph Mapping
E-001128,GGOCC-00326,GGSKILL-00280,REQUIRES_SKILL,INTERNAL_RELATIONAL,1.0,PRISM Synthetic Graph Mapping
E-001129,GGOCC-00326,GGSKILL-00327,REQUIRES_SKILL,INTERNAL_RELATIONAL,1.0,PRISM Synthetic Graph Mapping
E-001130,GGOCC-00326,GGSKILL-00392,REQUIRES_SKILL,INTERNAL_RELATIONAL,1.0,PRISM Synthetic Graph Mapping
E-001131,GGOCC-00326,GGSKILL-87107,REQUIRES_SKILL,INTERNAL_RELATIONAL,1.0,PRISM Synthetic Graph Mapping
E-001132,GGOCC-00326,GGSKILL-103319,REQUIRES_SKILL,INTERNAL_RELATIONAL,1.0,PRISM Synthetic Graph Mapping
E-001133,GGOCC-00326,GGSKILL-00020,REQUIRES_SKILL,INTERNAL_RELATIONAL,1.0,PRISM Synthetic Graph Mapping
E-001134,GGOCC-00326,GGSKILL-236577,REQUIRES_SKILL,INTERNAL_RELATIONAL,1.0,PRISM Synthetic Graph Mapping
E-001135,GGOCC-00326,GGSKILL-39417,REQUIRES_SKILL,INTERNAL_RELATIONAL,1.0,PRISM Synthetic Graph Mapping
E-001136,GGOCC-00326,GGSKILL-00144,REQUIRES_SKILL,INTERNAL_RELATIONAL,1.0,PRISM Synthetic Graph Mapping
E-001137,GGOCC-01901,GGSKILL-00153,REQUIRES_SKILL,INTERNAL_RELATIONAL,1.0,PRISM Synthetic Graph Mapping
E-001138,GGOCC-01901,GGSKILL-34106,REQUIRES_SKILL,INTERNAL_RELATIONAL,1.0,PRISM Synthetic Graph Mapping
E-001139,GGOCC-01901,GGSKILL-00181,REQUIRES_SKILL,INTERNAL_RELATIONAL,1.0,PRISM Synthetic Graph Mapping
E-001140,GGOCC-01901,GGSKILL-47464,REQUIRES_SKILL,INTERNAL_RELATIONAL,1.0,PRISM Synthetic Graph Mapping
E-001141,GGOCC-01901,GGSKILL-15101,REQUIRES_SKILL,INTERNAL_RELATIONAL,1.0,PRISM Synthetic Graph Mapping
E-001142,GGOCC-01901,GGSKILL-00223,REQUIRES_SKILL,INTERNAL_RELATIONAL,1.0,PRISM Synthetic Graph Mapping
E-001143,GGOCC-01901,GGSKILL-00144,REQUIRES_SKILL,INTERNAL_RELATIONAL,1.0,PRISM Synthetic Graph Mapping
E-001144,GGOCC-01901,GGSKILL-00134,REQUIRES_SKILL,INTERNAL_RELATIONAL,1.0,PRISM Synthetic Graph Mapping
E-001145,GGOCC-01901,GGSKILL-00418,REQUIRES_SKILL,INTERNAL_RELATIONAL,1.0,PRISM Synthetic Graph Mapping
E-001146,GGOCC-01901,GGSKILL-39417,REQUIRES_SKILL,INTERNAL_RELATIONAL,1.0,PRISM Synthetic Graph Mapping
E-001147,GGOCC-00236,GGSKILL-00280,REQUIRES_SKILL,INTERNAL_RELATIONAL,1.0,PRISM Synthetic Graph Mapping
E-001148,GGOCC-00236,GGSKILL-00327,REQUIRES_SKILL,INTERNAL_RELATIONAL,1.0,PRISM Synthetic Graph Mapping
E-001149,GGOCC-00236,GGSKILL-00392,REQUIRES_SKILL,INTERNAL_RELATIONAL,1.0,PRISM Synthetic Graph Mapping
E-001150,GGOCC-00236,GGSKILL-87107,REQUIRES_SKILL,INTERNAL_RELATIONAL,1.0,PRISM Synthetic Graph Mapping
E-001151,GGOCC-00236,GGSKILL-103319,REQUIRES_SKILL,INTERNAL_RELATIONAL,1.0,PRISM Synthetic Graph Mapping
E-001152,GGOCC-00236,GGSKILL-00020,REQUIRES_SKILL,INTERNAL_RELATIONAL,1.0,PRISM Synthetic Graph Mapping
E-001153,GGOCC-00236,GGSKILL-236577,REQUIRES_SKILL,INTERNAL_RELATIONAL,1.0,PRISM Synthetic Graph Mapping
E-001154,GGOCC-00236,GGSKILL-39417,REQUIRES_SKILL,INTERNAL_RELATIONAL,1.0,PRISM Synthetic Graph Mapping
E-001155,GGOCC-00236,GGSKILL-00144,REQUIRES_SKILL,INTERNAL_RELATIONAL,1.0,PRISM Synthetic Graph Mapping
E-001156,GGOCC-00257,GGSKILL-00280,REQUIRES_SKILL,INTERNAL_RELATIONAL,1.0,PRISM Synthetic Graph Mapping
E-001157,GGOCC-00257,GGSKILL-00327,REQUIRES_SKILL,INTERNAL_RELATIONAL,1.0,PRISM Synthetic Graph Mapping
E-001158,GGOCC-00257,GGSKILL-00392,REQUIRES_SKILL,INTERNAL_RELATIONAL,1.0,PRISM Synthetic Graph Mapping
E-001159,GGOCC-00257,GGSKILL-87107,REQUIRES_SKILL,INTERNAL_RELATIONAL,1.0,PRISM Synthetic Graph Mapping
E-001160,GGOCC-00257,GGSKILL-103319,REQUIRES_SKILL,INTERNAL_RELATIONAL,1.0,PRISM Synthetic Graph Mapping
E-001161,GGOCC-00257,GGSKILL-00020,REQUIRES_SKILL,INTERNAL_RELATIONAL,1.0,PRISM Synthetic Graph Mapping
E-001162,GGOCC-00257,GGSKILL-236577,REQUIRES_SKILL,INTERNAL_RELATIONAL,1.0,PRISM Synthetic Graph Mapping
E-001163,GGOCC-00257,GGSKILL-39417,REQUIRES_SKILL,INTERNAL_RELATIONAL,1.0,PRISM Synthetic Graph Mapping
E-001164,GGOCC-00257,GGSKILL-00144,REQUIRES_SKILL,INTERNAL_RELATIONAL,1.0,PRISM Synthetic Graph Mapping
E-001165,GGOCC-00189,GGSKILL-00280,REQUIRES_SKILL,INTERNAL_RELATIONAL,1.0,PRISM Synthetic Graph Mapping
E-001166,GGOCC-00189,GGSKILL-00327,REQUIRES_SKILL,INTERNAL_RELATIONAL,1.0,PRISM Synthetic Graph Mapping
E-001167,GGOCC-00189,GGSKILL-00392,REQUIRES_SKILL,INTERNAL_RELATIONAL,1.0,PRISM Synthetic Graph Mapping
E-001168,GGOCC-00189,GGSKILL-87107,REQUIRES_SKILL,INTERNAL_RELATIONAL,1.0,PRISM Synthetic Graph Mapping
E-001169,GGOCC-00189,GGSKILL-103319,REQUIRES_SKILL,INTERNAL_RELATIONAL,1.0,PRISM Synthetic Graph Mapping
E-001170,GGOCC-00189,GGSKILL-00020,REQUIRES_SKILL,INTERNAL_RELATIONAL,1.0,PRISM Synthetic Graph Mapping
E-001171,GGOCC-00189,GGSKILL-236577,REQUIRES_SKILL,INTERNAL_RELATIONAL,1.0,PRISM Synthetic Graph Mapping
E-001172,GGOCC-00189,GGSKILL-39417,REQUIRES_SKILL,INTERNAL_RELATIONAL,1.0,PRISM Synthetic Graph Mapping
E-001173,GGOCC-00189,GGSKILL-00144,REQUIRES_SKILL,INTERNAL_RELATIONAL,1.0,PRISM Synthetic Graph Mapping
E-001174,GGOCC-00173,GGSKILL-00280,REQUIRES_SKILL,INTERNAL_RELATIONAL,1.0,PRISM Synthetic Graph Mapping
E-001175,GGOCC-00173,GGSKILL-00327,REQUIRES_SKILL,INTERNAL_RELATIONAL,1.0,PRISM Synthetic Graph Mapping
E-001176,GGOCC-00173,GGSKILL-00392,REQUIRES_SKILL,INTERNAL_RELATIONAL,1.0,PRISM Synthetic Graph Mapping
E-001177,GGOCC-00173,GGSKILL-87107,REQUIRES_SKILL,INTERNAL_RELATIONAL,1.0,PRISM Synthetic Graph Mapping
E-001178,GGOCC-00173,GGSKILL-103319,REQUIRES_SKILL,INTERNAL_RELATIONAL,1.0,PRISM Synthetic Graph Mapping
E-001179,GGOCC-00173,GGSKILL-00020,REQUIRES_SKILL,INTERNAL_RELATIONAL,1.0,PRISM Synthetic Graph Mapping
E-001180,GGOCC-00173,GGSKILL-236577,REQUIRES_SKILL,INTERNAL_RELATIONAL,1.0,PRISM Synthetic Graph Mapping
E-001181,GGOCC-00173,GGSKILL-39417,REQUIRES_SKILL,INTERNAL_RELATIONAL,1.0,PRISM Synthetic Graph Mapping
E-001182,GGOCC-00173,GGSKILL-00144,REQUIRES_SKILL,INTERNAL_RELATIONAL,1.0,PRISM Synthetic Graph Mapping
E-001183,GGOCC-00203,GGSKILL-00280,REQUIRES_SKILL,INTERNAL_RELATIONAL,1.0,PRISM Synthetic Graph Mapping
E-001184,GGOCC-00203,GGSKILL-00327,REQUIRES_SKILL,INTERNAL_RELATIONAL,1.0,PRISM Synthetic Graph Mapping
E-001185,GGOCC-00203,GGSKILL-00392,REQUIRES_SKILL,INTERNAL_RELATIONAL,1.0,PRISM Synthetic Graph Mapping
E-001186,GGOCC-00203,GGSKILL-87107,REQUIRES_SKILL,INTERNAL_RELATIONAL,1.0,PRISM Synthetic Graph Mapping
E-001187,GGOCC-00203,GGSKILL-103319,REQUIRES_SKILL,INTERNAL_RELATIONAL,1.0,PRISM Synthetic Graph Mapping
E-001188,GGOCC-00203,GGSKILL-00020,REQUIRES_SKILL,INTERNAL_RELATIONAL,1.0,PRISM Synthetic Graph Mapping
E-001189,GGOCC-00203,GGSKILL-236577,REQUIRES_SKILL,INTERNAL_RELATIONAL,1.0,PRISM Synthetic Graph Mapping
E-001190,GGOCC-00203,GGSKILL-39417,REQUIRES_SKILL,INTERNAL_RELATIONAL,1.0,PRISM Synthetic Graph Mapping
E-001191,GGOCC-00203,GGSKILL-00144,REQUIRES_SKILL,INTERNAL_RELATIONAL,1.0,PRISM Synthetic Graph Mapping
E-001192,GGOCC-00224,GGSKILL-00008,REQUIRES_SKILL,INTERNAL_RELATIONAL,1.0,PRISM Synthetic Graph Mapping
E-001193,GGOCC-00224,GGSKILL-00143,REQUIRES_SKILL,INTERNAL_RELATIONAL,1.0,PRISM Synthetic Graph Mapping
E-001194,GGOCC-00224,GGSKILL-00145,REQUIRES_SKILL,INTERNAL_RELATIONAL,1.0,PRISM Synthetic Graph Mapping
E-001195,GGOCC-00224,GGSKILL-00226,REQUIRES_SKILL,INTERNAL_RELATIONAL,1.0,PRISM Synthetic Graph Mapping
E-001196,GGOCC-00224,GGSKILL-00359,REQUIRES_SKILL,INTERNAL_RELATIONAL,1.0,PRISM Synthetic Graph Mapping
E-001197,GGOCC-00224,GGSKILL-00139,REQUIRES_SKILL,INTERNAL_RELATIONAL,1.0,PRISM Synthetic Graph Mapping
E-001198,GGOCC-00224,GGSKILL-00144,REQUIRES_SKILL,INTERNAL_RELATIONAL,1.0,PRISM Synthetic Graph Mapping
E-001199,GGOCC-00224,GGSKILL-00159,REQUIRES_SKILL,INTERNAL_RELATIONAL,1.0,PRISM Synthetic Graph Mapping
E-001200,GGOCC-00224,GGSKILL-00274,REQUIRES_SKILL,INTERNAL_RELATIONAL,1.0,PRISM Synthetic Graph Mapping
E-001201,GGOCC-00224,GGSKILL-236577,REQUIRES_SKILL,INTERNAL_RELATIONAL,1.0,PRISM Synthetic Graph Mapping
E-001202,GGOCC-00157,GGSKILL-00008,REQUIRES_SKILL,INTERNAL_RELATIONAL,1.0,PRISM Synthetic Graph Mapping
E-001203,GGOCC-00157,GGSKILL-00143,REQUIRES_SKILL,INTERNAL_RELATIONAL,1.0,PRISM Synthetic Graph Mapping
E-001204,GGOCC-00157,GGSKILL-00145,REQUIRES_SKILL,INTERNAL_RELATIONAL,1.0,PRISM Synthetic Graph Mapping
E-001205,GGOCC-00157,GGSKILL-00226,REQUIRES_SKILL,INTERNAL_RELATIONAL,1.0,PRISM Synthetic Graph Mapping
E-001206,GGOCC-00157,GGSKILL-00359,REQUIRES_SKILL,INTERNAL_RELATIONAL,1.0,PRISM Synthetic Graph Mapping
E-001207,GGOCC-00157,GGSKILL-00139,REQUIRES_SKILL,INTERNAL_RELATIONAL,1.0,PRISM Synthetic Graph Mapping
E-001208,GGOCC-00157,GGSKILL-00144,REQUIRES_SKILL,INTERNAL_RELATIONAL,1.0,PRISM Synthetic Graph Mapping
E-001209,GGOCC-00157,GGSKILL-00159,REQUIRES_SKILL,INTERNAL_RELATIONAL,1.0,PRISM Synthetic Graph Mapping
E-001210,GGOCC-00157,GGSKILL-00274,REQUIRES_SKILL,INTERNAL_RELATIONAL,1.0,PRISM Synthetic Graph Mapping
E-001211,GGOCC-00157,GGSKILL-236577,REQUIRES_SKILL,INTERNAL_RELATIONAL,1.0,PRISM Synthetic Graph Mapping
E-001212,GGOCC-00279,GGSKILL-167285,REQUIRES_SKILL,INTERNAL_RELATIONAL,1.0,PRISM Synthetic Graph Mapping
E-001213,GGOCC-00279,GGSKILL-00317,REQUIRES_SKILL,INTERNAL_RELATIONAL,1.0,PRISM Synthetic Graph Mapping
E-001214,GGOCC-00279,GGSKILL-00215,REQUIRES_SKILL,INTERNAL_RELATIONAL,1.0,PRISM Synthetic Graph Mapping
E-001215,GGOCC-00279,GGSKILL-00041,REQUIRES_SKILL,INTERNAL_RELATIONAL,1.0,PRISM Synthetic Graph Mapping
E-001216,GGOCC-00279,GGSKILL-00132,REQUIRES_SKILL,INTERNAL_RELATIONAL,1.0,PRISM Synthetic Graph Mapping
E-001217,GGOCC-00279,GGSKILL-00385,REQUIRES_SKILL,INTERNAL_RELATIONAL,1.0,PRISM Synthetic Graph Mapping
E-001218,GGOCC-00279,GGSKILL-236577,REQUIRES_SKILL,INTERNAL_RELATIONAL,1.0,PRISM Synthetic Graph Mapping
E-001219,GGOCC-00279,GGSKILL-00144,REQUIRES_SKILL,INTERNAL_RELATIONAL,1.0,PRISM Synthetic Graph Mapping
E-001220,GGOCC-00279,GGSKILL-00223,REQUIRES_SKILL,INTERNAL_RELATIONAL,1.0,PRISM Synthetic Graph Mapping
E-001221,GGOCC-00160,GGSKILL-167285,REQUIRES_SKILL,INTERNAL_RELATIONAL,1.0,PRISM Synthetic Graph Mapping
E-001222,GGOCC-00160,GGSKILL-00317,REQUIRES_SKILL,INTERNAL_RELATIONAL,1.0,PRISM Synthetic Graph Mapping
E-001223,GGOCC-00160,GGSKILL-00215,REQUIRES_SKILL,INTERNAL_RELATIONAL,1.0,PRISM Synthetic Graph Mapping
E-001224,GGOCC-00160,GGSKILL-00041,REQUIRES_SKILL,INTERNAL_RELATIONAL,1.0,PRISM Synthetic Graph Mapping
E-001225,GGOCC-00160,GGSKILL-00132,REQUIRES_SKILL,INTERNAL_RELATIONAL,1.0,PRISM Synthetic Graph Mapping
E-001226,GGOCC-00160,GGSKILL-00385,REQUIRES_SKILL,INTERNAL_RELATIONAL,1.0,PRISM Synthetic Graph Mapping
E-001227,GGOCC-00160,GGSKILL-236577,REQUIRES_SKILL,INTERNAL_RELATIONAL,1.0,PRISM Synthetic Graph Mapping
E-001228,GGOCC-00160,GGSKILL-00144,REQUIRES_SKILL,INTERNAL_RELATIONAL,1.0,PRISM Synthetic Graph Mapping
E-001229,GGOCC-00160,GGSKILL-00223,REQUIRES_SKILL,INTERNAL_RELATIONAL,1.0,PRISM Synthetic Graph Mapping
E-001230,GGOCC-00160,GGSKILL-167285,REQUIRES_SKILL,INTERNAL_RELATIONAL,1.0,PRISM Synthetic Graph Mapping
E-001231,GGOCC-00160,GGSKILL-00317,REQUIRES_SKILL,INTERNAL_RELATIONAL,1.0,PRISM Synthetic Graph Mapping
E-001232,GGOCC-00160,GGSKILL-00215,REQUIRES_SKILL,INTERNAL_RELATIONAL,1.0,PRISM Synthetic Graph Mapping
E-001233,GGOCC-00160,GGSKILL-00041,REQUIRES_SKILL,INTERNAL_RELATIONAL,1.0,PRISM Synthetic Graph Mapping
E-001234,GGOCC-00160,GGSKILL-00132,REQUIRES_SKILL,INTERNAL_RELATIONAL,1.0,PRISM Synthetic Graph Mapping
E-001235,GGOCC-00160,GGSKILL-00385,REQUIRES_SKILL,INTERNAL_RELATIONAL,1.0,PRISM Synthetic Graph Mapping
E-001236,GGOCC-00160,GGSKILL-236577,REQUIRES_SKILL,INTERNAL_RELATIONAL,1.0,PRISM Synthetic Graph Mapping
E-001237,GGOCC-00160,GGSKILL-00144,REQUIRES_SKILL,INTERNAL_RELATIONAL,1.0,PRISM Synthetic Graph Mapping
E-001238,GGOCC-00160,GGSKILL-00223,REQUIRES_SKILL,INTERNAL_RELATIONAL,1.0,PRISM Synthetic Graph Mapping
E-001239,GGOCC-00016,GGSKILL-167285,REQUIRES_SKILL,INTERNAL_RELATIONAL,1.0,PRISM Synthetic Graph Mapping
E-001240,GGOCC-00016,GGSKILL-00317,REQUIRES_SKILL,INTERNAL_RELATIONAL,1.0,PRISM Synthetic Graph Mapping
E-001241,GGOCC-00016,GGSKILL-00215,REQUIRES_SKILL,INTERNAL_RELATIONAL,1.0,PRISM Synthetic Graph Mapping
E-001242,GGOCC-00016,GGSKILL-00041,REQUIRES_SKILL,INTERNAL_RELATIONAL,1.0,PRISM Synthetic Graph Mapping
E-001243,GGOCC-00016,GGSKILL-00132,REQUIRES_SKILL,INTERNAL_RELATIONAL,1.0,PRISM Synthetic Graph Mapping
E-001244,GGOCC-00016,GGSKILL-00385,REQUIRES_SKILL,INTERNAL_RELATIONAL,1.0,PRISM Synthetic Graph Mapping
E-001245,GGOCC-00016,GGSKILL-236577,REQUIRES_SKILL,INTERNAL_RELATIONAL,1.0,PRISM Synthetic Graph Mapping
E-001246,GGOCC-00016,GGSKILL-00144,REQUIRES_SKILL,INTERNAL_RELATIONAL,1.0,PRISM Synthetic Graph Mapping
E-001247,GGOCC-00016,GGSKILL-00223,REQUIRES_SKILL,INTERNAL_RELATIONAL,1.0,PRISM Synthetic Graph Mapping
E-001248,GGOCC-00013,GGSKILL-167285,REQUIRES_SKILL,INTERNAL_RELATIONAL,1.0,PRISM Synthetic Graph Mapping
E-001249,GGOCC-00013,GGSKILL-00317,REQUIRES_SKILL,INTERNAL_RELATIONAL,1.0,PRISM Synthetic Graph Mapping
E-001250,GGOCC-00013,GGSKILL-00215,REQUIRES_SKILL,INTERNAL_RELATIONAL,1.0,PRISM Synthetic Graph Mapping
E-001251,GGOCC-00013,GGSKILL-00041,REQUIRES_SKILL,INTERNAL_RELATIONAL,1.0,PRISM Synthetic Graph Mapping
E-001252,GGOCC-00013,GGSKILL-00132,REQUIRES_SKILL,INTERNAL_RELATIONAL,1.0,PRISM Synthetic Graph Mapping
E-001253,GGOCC-00013,GGSKILL-00385,REQUIRES_SKILL,INTERNAL_RELATIONAL,1.0,PRISM Synthetic Graph Mapping
E-001254,GGOCC-00013,GGSKILL-236577,REQUIRES_SKILL,INTERNAL_RELATIONAL,1.0,PRISM Synthetic Graph Mapping
E-001255,GGOCC-00013,GGSKILL-00144,REQUIRES_SKILL,INTERNAL_RELATIONAL,1.0,PRISM Synthetic Graph Mapping
E-001256,GGOCC-00013,GGSKILL-00223,REQUIRES_SKILL,INTERNAL_RELATIONAL,1.0,PRISM Synthetic Graph Mapping
E-001257,GGOCC-00059,GGSKILL-167285,REQUIRES_SKILL,INTERNAL_RELATIONAL,1.0,PRISM Synthetic Graph Mapping
E-001258,GGOCC-00059,GGSKILL-00317,REQUIRES_SKILL,INTERNAL_RELATIONAL,1.0,PRISM Synthetic Graph Mapping
E-001259,GGOCC-00059,GGSKILL-00215,REQUIRES_SKILL,INTERNAL_RELATIONAL,1.0,PRISM Synthetic Graph Mapping
E-001260,GGOCC-00059,GGSKILL-00041,REQUIRES_SKILL,INTERNAL_RELATIONAL,1.0,PRISM Synthetic Graph Mapping
E-001261,GGOCC-00059,GGSKILL-00132,REQUIRES_SKILL,INTERNAL_RELATIONAL,1.0,PRISM Synthetic Graph Mapping
E-001262,GGOCC-00059,GGSKILL-00385,REQUIRES_SKILL,INTERNAL_RELATIONAL,1.0,PRISM Synthetic Graph Mapping
E-001263,GGOCC-00059,GGSKILL-236577,REQUIRES_SKILL,INTERNAL_RELATIONAL,1.0,PRISM Synthetic Graph Mapping
E-001264,GGOCC-00059,GGSKILL-00144,REQUIRES_SKILL,INTERNAL_RELATIONAL,1.0,PRISM Synthetic Graph Mapping
E-001265,GGOCC-00059,GGSKILL-00223,REQUIRES_SKILL,INTERNAL_RELATIONAL,1.0,PRISM Synthetic Graph Mapping
E-001266,GGOCC-00171,GGSKILL-167285,REQUIRES_SKILL,INTERNAL_RELATIONAL,1.0,PRISM Synthetic Graph Mapping
E-001267,GGOCC-00171,GGSKILL-00317,REQUIRES_SKILL,INTERNAL_RELATIONAL,1.0,PRISM Synthetic Graph Mapping
E-001268,GGOCC-00171,GGSKILL-00215,REQUIRES_SKILL,INTERNAL_RELATIONAL,1.0,PRISM Synthetic Graph Mapping
E-001269,GGOCC-00171,GGSKILL-00041,REQUIRES_SKILL,INTERNAL_RELATIONAL,1.0,PRISM Synthetic Graph Mapping
E-001270,GGOCC-00171,GGSKILL-00132,REQUIRES_SKILL,INTERNAL_RELATIONAL,1.0,PRISM Synthetic Graph Mapping
E-001271,GGOCC-00171,GGSKILL-00385,REQUIRES_SKILL,INTERNAL_RELATIONAL,1.0,PRISM Synthetic Graph Mapping
E-001272,GGOCC-00171,GGSKILL-236577,REQUIRES_SKILL,INTERNAL_RELATIONAL,1.0,PRISM Synthetic Graph Mapping
E-001273,GGOCC-00171,GGSKILL-00144,REQUIRES_SKILL,INTERNAL_RELATIONAL,1.0,PRISM Synthetic Graph Mapping
E-001274,GGOCC-00171,GGSKILL-00223,REQUIRES_SKILL,INTERNAL_RELATIONAL,1.0,PRISM Synthetic Graph Mapping
E-001275,GGOCC-00162,GGSKILL-00153,REQUIRES_SKILL,INTERNAL_RELATIONAL,1.0,PRISM Synthetic Graph Mapping
E-001276,GGOCC-00162,GGSKILL-34106,REQUIRES_SKILL,INTERNAL_RELATIONAL,1.0,PRISM Synthetic Graph Mapping
E-001277,GGOCC-00162,GGSKILL-00181,REQUIRES_SKILL,INTERNAL_RELATIONAL,1.0,PRISM Synthetic Graph Mapping
E-001278,GGOCC-00162,GGSKILL-47464,REQUIRES_SKILL,INTERNAL_RELATIONAL,1.0,PRISM Synthetic Graph Mapping
E-001279,GGOCC-00162,GGSKILL-15101,REQUIRES_SKILL,INTERNAL_RELATIONAL,1.0,PRISM Synthetic Graph Mapping
E-001280,GGOCC-00162,GGSKILL-00223,REQUIRES_SKILL,INTERNAL_RELATIONAL,1.0,PRISM Synthetic Graph Mapping
E-001281,GGOCC-00162,GGSKILL-00144,REQUIRES_SKILL,INTERNAL_RELATIONAL,1.0,PRISM Synthetic Graph Mapping
E-001282,GGOCC-00162,GGSKILL-00134,REQUIRES_SKILL,INTERNAL_RELATIONAL,1.0,PRISM Synthetic Graph Mapping
E-001283,GGOCC-00162,GGSKILL-00418,REQUIRES_SKILL,INTERNAL_RELATIONAL,1.0,PRISM Synthetic Graph Mapping
E-001284,GGOCC-00162,GGSKILL-39417,REQUIRES_SKILL,INTERNAL_RELATIONAL,1.0,PRISM Synthetic Graph Mapping
E-001285,GGOCC-00225,GGSKILL-00153,REQUIRES_SKILL,INTERNAL_RELATIONAL,1.0,PRISM Synthetic Graph Mapping
E-001286,GGOCC-00225,GGSKILL-34106,REQUIRES_SKILL,INTERNAL_RELATIONAL,1.0,PRISM Synthetic Graph Mapping
E-001287,GGOCC-00225,GGSKILL-00181,REQUIRES_SKILL,INTERNAL_RELATIONAL,1.0,PRISM Synthetic Graph Mapping
E-001288,GGOCC-00225,GGSKILL-47464,REQUIRES_SKILL,INTERNAL_RELATIONAL,1.0,PRISM Synthetic Graph Mapping
E-001289,GGOCC-00225,GGSKILL-15101,REQUIRES_SKILL,INTERNAL_RELATIONAL,1.0,PRISM Synthetic Graph Mapping
E-001290,GGOCC-00225,GGSKILL-00223,REQUIRES_SKILL,INTERNAL_RELATIONAL,1.0,PRISM Synthetic Graph Mapping
E-001291,GGOCC-00225,GGSKILL-00144,REQUIRES_SKILL,INTERNAL_RELATIONAL,1.0,PRISM Synthetic Graph Mapping
E-001292,GGOCC-00225,GGSKILL-00134,REQUIRES_SKILL,INTERNAL_RELATIONAL,1.0,PRISM Synthetic Graph Mapping
E-001293,GGOCC-00225,GGSKILL-00418,REQUIRES_SKILL,INTERNAL_RELATIONAL,1.0,PRISM Synthetic Graph Mapping
E-001294,GGOCC-00225,GGSKILL-39417,REQUIRES_SKILL,INTERNAL_RELATIONAL,1.0,PRISM Synthetic Graph Mapping
E-001295,GGOCC-00199,GGSKILL-00153,REQUIRES_SKILL,INTERNAL_RELATIONAL,1.0,PRISM Synthetic Graph Mapping
E-001296,GGOCC-00199,GGSKILL-34106,REQUIRES_SKILL,INTERNAL_RELATIONAL,1.0,PRISM Synthetic Graph Mapping
E-001297,GGOCC-00199,GGSKILL-00181,REQUIRES_SKILL,INTERNAL_RELATIONAL,1.0,PRISM Synthetic Graph Mapping
E-001298,GGOCC-00199,GGSKILL-47464,REQUIRES_SKILL,INTERNAL_RELATIONAL,1.0,PRISM Synthetic Graph Mapping
E-001299,GGOCC-00199,GGSKILL-15101,REQUIRES_SKILL,INTERNAL_RELATIONAL,1.0,PRISM Synthetic Graph Mapping
E-001300,GGOCC-00199,GGSKILL-00223,REQUIRES_SKILL,INTERNAL_RELATIONAL,1.0,PRISM Synthetic Graph Mapping
E-001301,GGOCC-00199,GGSKILL-00144,REQUIRES_SKILL,INTERNAL_RELATIONAL,1.0,PRISM Synthetic Graph Mapping
E-001302,GGOCC-00199,GGSKILL-00134,REQUIRES_SKILL,INTERNAL_RELATIONAL,1.0,PRISM Synthetic Graph Mapping
E-001303,GGOCC-00199,GGSKILL-00418,REQUIRES_SKILL,INTERNAL_RELATIONAL,1.0,PRISM Synthetic Graph Mapping
E-001304,GGOCC-00199,GGSKILL-39417,REQUIRES_SKILL,INTERNAL_RELATIONAL,1.0,PRISM Synthetic Graph Mapping
E-001305,GGOCC-00036,GGSKILL-00153,REQUIRES_SKILL,INTERNAL_RELATIONAL,1.0,PRISM Synthetic Graph Mapping
E-001306,GGOCC-00036,GGSKILL-34106,REQUIRES_SKILL,INTERNAL_RELATIONAL,1.0,PRISM Synthetic Graph Mapping
E-001307,GGOCC-00036,GGSKILL-00181,REQUIRES_SKILL,INTERNAL_RELATIONAL,1.0,PRISM Synthetic Graph Mapping
E-001308,GGOCC-00036,GGSKILL-47464,REQUIRES_SKILL,INTERNAL_RELATIONAL,1.0,PRISM Synthetic Graph Mapping
E-001309,GGOCC-00036,GGSKILL-15101,REQUIRES_SKILL,INTERNAL_RELATIONAL,1.0,PRISM Synthetic Graph Mapping
E-001310,GGOCC-00036,GGSKILL-00223,REQUIRES_SKILL,INTERNAL_RELATIONAL,1.0,PRISM Synthetic Graph Mapping
E-001311,GGOCC-00036,GGSKILL-00144,REQUIRES_SKILL,INTERNAL_RELATIONAL,1.0,PRISM Synthetic Graph Mapping
E-001312,GGOCC-00036,GGSKILL-00134,REQUIRES_SKILL,INTERNAL_RELATIONAL,1.0,PRISM Synthetic Graph Mapping
E-001313,GGOCC-00036,GGSKILL-00418,REQUIRES_SKILL,INTERNAL_RELATIONAL,1.0,PRISM Synthetic Graph Mapping
E-001314,GGOCC-00036,GGSKILL-39417,REQUIRES_SKILL,INTERNAL_RELATIONAL,1.0,PRISM Synthetic Graph Mapping
E-001315,GGOCC-00036,GGSKILL-00153,REQUIRES_SKILL,INTERNAL_RELATIONAL,1.0,PRISM Synthetic Graph Mapping
E-001316,GGOCC-00036,GGSKILL-34106,REQUIRES_SKILL,INTERNAL_RELATIONAL,1.0,PRISM Synthetic Graph Mapping
E-001317,GGOCC-00036,GGSKILL-00181,REQUIRES_SKILL,INTERNAL_RELATIONAL,1.0,PRISM Synthetic Graph Mapping
E-001318,GGOCC-00036,GGSKILL-47464,REQUIRES_SKILL,INTERNAL_RELATIONAL,1.0,PRISM Synthetic Graph Mapping
E-001319,GGOCC-00036,GGSKILL-15101,REQUIRES_SKILL,INTERNAL_RELATIONAL,1.0,PRISM Synthetic Graph Mapping
E-001320,GGOCC-00036,GGSKILL-00223,REQUIRES_SKILL,INTERNAL_RELATIONAL,1.0,PRISM Synthetic Graph Mapping
E-001321,GGOCC-00036,GGSKILL-00144,REQUIRES_SKILL,INTERNAL_RELATIONAL,1.0,PRISM Synthetic Graph Mapping
E-001322,GGOCC-00036,GGSKILL-00134,REQUIRES_SKILL,INTERNAL_RELATIONAL,1.0,PRISM Synthetic Graph Mapping
E-001323,GGOCC-00036,GGSKILL-00418,REQUIRES_SKILL,INTERNAL_RELATIONAL,1.0,PRISM Synthetic Graph Mapping
E-001324,GGOCC-00036,GGSKILL-39417,REQUIRES_SKILL,INTERNAL_RELATIONAL,1.0,PRISM Synthetic Graph Mapping
E-001325,GGOCC-00959,GGSKILL-00153,REQUIRES_SKILL,INTERNAL_RELATIONAL,1.0,PRISM Synthetic Graph Mapping
E-001326,GGOCC-00959,GGSKILL-34106,REQUIRES_SKILL,INTERNAL_RELATIONAL,1.0,PRISM Synthetic Graph Mapping
E-001327,GGOCC-00959,GGSKILL-00181,REQUIRES_SKILL,INTERNAL_RELATIONAL,1.0,PRISM Synthetic Graph Mapping
E-001328,GGOCC-00959,GGSKILL-47464,REQUIRES_SKILL,INTERNAL_RELATIONAL,1.0,PRISM Synthetic Graph Mapping
E-001329,GGOCC-00959,GGSKILL-15101,REQUIRES_SKILL,INTERNAL_RELATIONAL,1.0,PRISM Synthetic Graph Mapping
E-001330,GGOCC-00959,GGSKILL-00223,REQUIRES_SKILL,INTERNAL_RELATIONAL,1.0,PRISM Synthetic Graph Mapping
E-001331,GGOCC-00959,GGSKILL-00144,REQUIRES_SKILL,INTERNAL_RELATIONAL,1.0,PRISM Synthetic Graph Mapping
E-001332,GGOCC-00959,GGSKILL-00134,REQUIRES_SKILL,INTERNAL_RELATIONAL,1.0,PRISM Synthetic Graph Mapping
E-001333,GGOCC-00959,GGSKILL-00418,REQUIRES_SKILL,INTERNAL_RELATIONAL,1.0,PRISM Synthetic Graph Mapping
E-001334,GGOCC-00959,GGSKILL-39417,REQUIRES_SKILL,INTERNAL_RELATIONAL,1.0,PRISM Synthetic Graph Mapping
E-001335,GGOCC-17789,GGSKILL-00153,REQUIRES_SKILL,INTERNAL_RELATIONAL,1.0,PRISM Synthetic Graph Mapping
E-001336,GGOCC-17789,GGSKILL-34106,REQUIRES_SKILL,INTERNAL_RELATIONAL,1.0,PRISM Synthetic Graph Mapping
E-001337,GGOCC-17789,GGSKILL-00181,REQUIRES_SKILL,INTERNAL_RELATIONAL,1.0,PRISM Synthetic Graph Mapping
E-001338,GGOCC-17789,GGSKILL-47464,REQUIRES_SKILL,INTERNAL_RELATIONAL,1.0,PRISM Synthetic Graph Mapping
E-001339,GGOCC-17789,GGSKILL-15101,REQUIRES_SKILL,INTERNAL_RELATIONAL,1.0,PRISM Synthetic Graph Mapping
E-001340,GGOCC-17789,GGSKILL-00223,REQUIRES_SKILL,INTERNAL_RELATIONAL,1.0,PRISM Synthetic Graph Mapping
E-001341,GGOCC-17789,GGSKILL-00144,REQUIRES_SKILL,INTERNAL_RELATIONAL,1.0,PRISM Synthetic Graph Mapping
E-001342,GGOCC-17789,GGSKILL-00134,REQUIRES_SKILL,INTERNAL_RELATIONAL,1.0,PRISM Synthetic Graph Mapping
E-001343,GGOCC-17789,GGSKILL-00418,REQUIRES_SKILL,INTERNAL_RELATIONAL,1.0,PRISM Synthetic Graph Mapping
E-001344,GGOCC-17789,GGSKILL-39417,REQUIRES_SKILL,INTERNAL_RELATIONAL,1.0,PRISM Synthetic Graph Mapping
E-001345,GGOCC-00081,GGSKILL-00153,REQUIRES_SKILL,INTERNAL_RELATIONAL,1.0,PRISM Synthetic Graph Mapping
E-001346,GGOCC-00081,GGSKILL-34106,REQUIRES_SKILL,INTERNAL_RELATIONAL,1.0,PRISM Synthetic Graph Mapping
E-001347,GGOCC-00081,GGSKILL-00181,REQUIRES_SKILL,INTERNAL_RELATIONAL,1.0,PRISM Synthetic Graph Mapping
E-001348,GGOCC-00081,GGSKILL-47464,REQUIRES_SKILL,INTERNAL_RELATIONAL,1.0,PRISM Synthetic Graph Mapping
E-001349,GGOCC-00081,GGSKILL-15101,REQUIRES_SKILL,INTERNAL_RELATIONAL,1.0,PRISM Synthetic Graph Mapping
E-001350,GGOCC-00081,GGSKILL-00223,REQUIRES_SKILL,INTERNAL_RELATIONAL,1.0,PRISM Synthetic Graph Mapping
E-001351,GGOCC-00081,GGSKILL-00144,REQUIRES_SKILL,INTERNAL_RELATIONAL,1.0,PRISM Synthetic Graph Mapping
E-001352,GGOCC-00081,GGSKILL-00134,REQUIRES_SKILL,INTERNAL_RELATIONAL,1.0,PRISM Synthetic Graph Mapping
E-001353,GGOCC-00081,GGSKILL-00418,REQUIRES_SKILL,INTERNAL_RELATIONAL,1.0,PRISM Synthetic Graph Mapping
E-001354,GGOCC-00081,GGSKILL-39417,REQUIRES_SKILL,INTERNAL_RELATIONAL,1.0,PRISM Synthetic Graph Mapping
E-001355,GGOCC-00196,GGSKILL-00153,REQUIRES_SKILL,INTERNAL_RELATIONAL,1.0,PRISM Synthetic Graph Mapping
E-001356,GGOCC-00196,GGSKILL-34106,REQUIRES_SKILL,INTERNAL_RELATIONAL,1.0,PRISM Synthetic Graph Mapping
E-001357,GGOCC-00196,GGSKILL-00181,REQUIRES_SKILL,INTERNAL_RELATIONAL,1.0,PRISM Synthetic Graph Mapping
E-001358,GGOCC-00196,GGSKILL-47464,REQUIRES_SKILL,INTERNAL_RELATIONAL,1.0,PRISM Synthetic Graph Mapping
E-001359,GGOCC-00196,GGSKILL-15101,REQUIRES_SKILL,INTERNAL_RELATIONAL,1.0,PRISM Synthetic Graph Mapping
E-001360,GGOCC-00196,GGSKILL-00223,REQUIRES_SKILL,INTERNAL_RELATIONAL,1.0,PRISM Synthetic Graph Mapping
E-001361,GGOCC-00196,GGSKILL-00144,REQUIRES_SKILL,INTERNAL_RELATIONAL,1.0,PRISM Synthetic Graph Mapping
E-001362,GGOCC-00196,GGSKILL-00134,REQUIRES_SKILL,INTERNAL_RELATIONAL,1.0,PRISM Synthetic Graph Mapping
E-001363,GGOCC-00196,GGSKILL-00418,REQUIRES_SKILL,INTERNAL_RELATIONAL,1.0,PRISM Synthetic Graph Mapping
E-001364,GGOCC-00196,GGSKILL-39417,REQUIRES_SKILL,INTERNAL_RELATIONAL,1.0,PRISM Synthetic Graph Mapping
E-001365,GGOCC-00196,GGSKILL-00153,REQUIRES_SKILL,INTERNAL_RELATIONAL,1.0,PRISM Synthetic Graph Mapping
E-001366,GGOCC-00196,GGSKILL-34106,REQUIRES_SKILL,INTERNAL_RELATIONAL,1.0,PRISM Synthetic Graph Mapping
E-001367,GGOCC-00196,GGSKILL-00181,REQUIRES_SKILL,INTERNAL_RELATIONAL,1.0,PRISM Synthetic Graph Mapping
E-001368,GGOCC-00196,GGSKILL-47464,REQUIRES_SKILL,INTERNAL_RELATIONAL,1.0,PRISM Synthetic Graph Mapping
E-001369,GGOCC-00196,GGSKILL-15101,REQUIRES_SKILL,INTERNAL_RELATIONAL,1.0,PRISM Synthetic Graph Mapping
E-001370,GGOCC-00196,GGSKILL-00223,REQUIRES_SKILL,INTERNAL_RELATIONAL,1.0,PRISM Synthetic Graph Mapping
E-001371,GGOCC-00196,GGSKILL-00144,REQUIRES_SKILL,INTERNAL_RELATIONAL,1.0,PRISM Synthetic Graph Mapping
E-001372,GGOCC-00196,GGSKILL-00134,REQUIRES_SKILL,INTERNAL_RELATIONAL,1.0,PRISM Synthetic Graph Mapping
E-001373,GGOCC-00196,GGSKILL-00418,REQUIRES_SKILL,INTERNAL_RELATIONAL,1.0,PRISM Synthetic Graph Mapping
E-001374,GGOCC-00196,GGSKILL-39417,REQUIRES_SKILL,INTERNAL_RELATIONAL,1.0,PRISM Synthetic Graph Mapping
E-001375,GGOCC-00290,GGSKILL-00153,REQUIRES_SKILL,INTERNAL_RELATIONAL,1.0,PRISM Synthetic Graph Mapping
E-001376,GGOCC-00290,GGSKILL-34106,REQUIRES_SKILL,INTERNAL_RELATIONAL,1.0,PRISM Synthetic Graph Mapping
E-001377,GGOCC-00290,GGSKILL-00181,REQUIRES_SKILL,INTERNAL_RELATIONAL,1.0,PRISM Synthetic Graph Mapping
E-001378,GGOCC-00290,GGSKILL-47464,REQUIRES_SKILL,INTERNAL_RELATIONAL,1.0,PRISM Synthetic Graph Mapping
E-001379,GGOCC-00290,GGSKILL-15101,REQUIRES_SKILL,INTERNAL_RELATIONAL,1.0,PRISM Synthetic Graph Mapping
E-001380,GGOCC-00290,GGSKILL-00223,REQUIRES_SKILL,INTERNAL_RELATIONAL,1.0,PRISM Synthetic Graph Mapping
E-001381,GGOCC-00290,GGSKILL-00144,REQUIRES_SKILL,INTERNAL_RELATIONAL,1.0,PRISM Synthetic Graph Mapping
E-001382,GGOCC-00290,GGSKILL-00134,REQUIRES_SKILL,INTERNAL_RELATIONAL,1.0,PRISM Synthetic Graph Mapping
E-001383,GGOCC-00290,GGSKILL-00418,REQUIRES_SKILL,INTERNAL_RELATIONAL,1.0,PRISM Synthetic Graph Mapping
E-001384,GGOCC-00290,GGSKILL-39417,REQUIRES_SKILL,INTERNAL_RELATIONAL,1.0,PRISM Synthetic Graph Mapping
E-001385,GGOCC-00053,GGSKILL-121151,REQUIRES_SKILL,INTERNAL_RELATIONAL,1.0,PRISM Synthetic Graph Mapping
E-001386,GGOCC-00053,GGSKILL-00110,REQUIRES_SKILL,INTERNAL_RELATIONAL,1.0,PRISM Synthetic Graph Mapping
E-001387,GGOCC-00053,GGSKILL-00320,REQUIRES_SKILL,INTERNAL_RELATIONAL,1.0,PRISM Synthetic Graph Mapping
E-001388,GGOCC-00053,GGSKILL-00237,REQUIRES_SKILL,INTERNAL_RELATIONAL,1.0,PRISM Synthetic Graph Mapping
E-001389,GGOCC-00053,GGSKILL-00222,REQUIRES_SKILL,INTERNAL_RELATIONAL,1.0,PRISM Synthetic Graph Mapping
E-001390,GGOCC-00053,GGSKILL-00015,REQUIRES_SKILL,INTERNAL_RELATIONAL,1.0,PRISM Synthetic Graph Mapping
E-001391,GGOCC-00053,GGSKILL-00144,REQUIRES_SKILL,INTERNAL_RELATIONAL,1.0,PRISM Synthetic Graph Mapping
E-001392,GGOCC-00053,GGSKILL-00134,REQUIRES_SKILL,INTERNAL_RELATIONAL,1.0,PRISM Synthetic Graph Mapping
E-001393,GGOCC-00053,GGSKILL-00351,REQUIRES_SKILL,INTERNAL_RELATIONAL,1.0,PRISM Synthetic Graph Mapping
E-001394,GGOCC-00242,GGSKILL-121151,REQUIRES_SKILL,INTERNAL_RELATIONAL,1.0,PRISM Synthetic Graph Mapping
E-001395,GGOCC-00242,GGSKILL-00110,REQUIRES_SKILL,INTERNAL_RELATIONAL,1.0,PRISM Synthetic Graph Mapping
E-001396,GGOCC-00242,GGSKILL-00320,REQUIRES_SKILL,INTERNAL_RELATIONAL,1.0,PRISM Synthetic Graph Mapping
E-001397,GGOCC-00242,GGSKILL-00237,REQUIRES_SKILL,INTERNAL_RELATIONAL,1.0,PRISM Synthetic Graph Mapping
E-001398,GGOCC-00242,GGSKILL-00222,REQUIRES_SKILL,INTERNAL_RELATIONAL,1.0,PRISM Synthetic Graph Mapping
E-001399,GGOCC-00242,GGSKILL-00015,REQUIRES_SKILL,INTERNAL_RELATIONAL,1.0,PRISM Synthetic Graph Mapping
E-001400,GGOCC-00242,GGSKILL-00144,REQUIRES_SKILL,INTERNAL_RELATIONAL,1.0,PRISM Synthetic Graph Mapping
E-001401,GGOCC-00242,GGSKILL-00134,REQUIRES_SKILL,INTERNAL_RELATIONAL,1.0,PRISM Synthetic Graph Mapping
E-001402,GGOCC-00242,GGSKILL-00351,REQUIRES_SKILL,INTERNAL_RELATIONAL,1.0,PRISM Synthetic Graph Mapping
E-001403,GGOCC-08369,GGSKILL-121151,REQUIRES_SKILL,INTERNAL_RELATIONAL,1.0,PRISM Synthetic Graph Mapping
E-001404,GGOCC-08369,GGSKILL-00110,REQUIRES_SKILL,INTERNAL_RELATIONAL,1.0,PRISM Synthetic Graph Mapping
E-001405,GGOCC-08369,GGSKILL-00320,REQUIRES_SKILL,INTERNAL_RELATIONAL,1.0,PRISM Synthetic Graph Mapping
E-001406,GGOCC-08369,GGSKILL-00237,REQUIRES_SKILL,INTERNAL_RELATIONAL,1.0,PRISM Synthetic Graph Mapping
E-001407,GGOCC-08369,GGSKILL-00222,REQUIRES_SKILL,INTERNAL_RELATIONAL,1.0,PRISM Synthetic Graph Mapping
E-001408,GGOCC-08369,GGSKILL-00015,REQUIRES_SKILL,INTERNAL_RELATIONAL,1.0,PRISM Synthetic Graph Mapping
E-001409,GGOCC-08369,GGSKILL-00144,REQUIRES_SKILL,INTERNAL_RELATIONAL,1.0,PRISM Synthetic Graph Mapping
E-001410,GGOCC-08369,GGSKILL-00134,REQUIRES_SKILL,INTERNAL_RELATIONAL,1.0,PRISM Synthetic Graph Mapping
E-001411,GGOCC-08369,GGSKILL-00351,REQUIRES_SKILL,INTERNAL_RELATIONAL,1.0,PRISM Synthetic Graph Mapping
E-001412,GGOCC-00148,GGSKILL-121151,REQUIRES_SKILL,INTERNAL_RELATIONAL,1.0,PRISM Synthetic Graph Mapping
E-001413,GGOCC-00148,GGSKILL-00110,REQUIRES_SKILL,INTERNAL_RELATIONAL,1.0,PRISM Synthetic Graph Mapping
E-001414,GGOCC-00148,GGSKILL-00320,REQUIRES_SKILL,INTERNAL_RELATIONAL,1.0,PRISM Synthetic Graph Mapping
E-001415,GGOCC-00148,GGSKILL-00237,REQUIRES_SKILL,INTERNAL_RELATIONAL,1.0,PRISM Synthetic Graph Mapping
E-001416,GGOCC-00148,GGSKILL-00222,REQUIRES_SKILL,INTERNAL_RELATIONAL,1.0,PRISM Synthetic Graph Mapping
E-001417,GGOCC-00148,GGSKILL-00015,REQUIRES_SKILL,INTERNAL_RELATIONAL,1.0,PRISM Synthetic Graph Mapping
E-001418,GGOCC-00148,GGSKILL-00144,REQUIRES_SKILL,INTERNAL_RELATIONAL,1.0,PRISM Synthetic Graph Mapping
E-001419,GGOCC-00148,GGSKILL-00134,REQUIRES_SKILL,INTERNAL_RELATIONAL,1.0,PRISM Synthetic Graph Mapping
E-001420,GGOCC-00148,GGSKILL-00351,REQUIRES_SKILL,INTERNAL_RELATIONAL,1.0,PRISM Synthetic Graph Mapping
E-001421,GGOCC-00043,GGSKILL-121151,REQUIRES_SKILL,INTERNAL_RELATIONAL,1.0,PRISM Synthetic Graph Mapping
E-001422,GGOCC-00043,GGSKILL-00110,REQUIRES_SKILL,INTERNAL_RELATIONAL,1.0,PRISM Synthetic Graph Mapping
E-001423,GGOCC-00043,GGSKILL-00320,REQUIRES_SKILL,INTERNAL_RELATIONAL,1.0,PRISM Synthetic Graph Mapping
E-001424,GGOCC-00043,GGSKILL-00237,REQUIRES_SKILL,INTERNAL_RELATIONAL,1.0,PRISM Synthetic Graph Mapping
E-001425,GGOCC-00043,GGSKILL-00222,REQUIRES_SKILL,INTERNAL_RELATIONAL,1.0,PRISM Synthetic Graph Mapping
E-001426,GGOCC-00043,GGSKILL-00015,REQUIRES_SKILL,INTERNAL_RELATIONAL,1.0,PRISM Synthetic Graph Mapping
E-001427,GGOCC-00043,GGSKILL-00144,REQUIRES_SKILL,INTERNAL_RELATIONAL,1.0,PRISM Synthetic Graph Mapping
E-001428,GGOCC-00043,GGSKILL-00134,REQUIRES_SKILL,INTERNAL_RELATIONAL,1.0,PRISM Synthetic Graph Mapping
E-001429,GGOCC-00043,GGSKILL-00351,REQUIRES_SKILL,INTERNAL_RELATIONAL,1.0,PRISM Synthetic Graph Mapping
E-001430,GGOCC-00253,GGSKILL-00304,REQUIRES_SKILL,INTERNAL_RELATIONAL,1.0,PRISM Synthetic Graph Mapping
E-001431,GGOCC-00253,GGSKILL-31162,REQUIRES_SKILL,INTERNAL_RELATIONAL,1.0,PRISM Synthetic Graph Mapping
E-001432,GGOCC-00253,GGSKILL-68405,REQUIRES_SKILL,INTERNAL_RELATIONAL,1.0,PRISM Synthetic Graph Mapping
E-001433,GGOCC-00253,GGSKILL-00144,REQUIRES_SKILL,INTERNAL_RELATIONAL,1.0,PRISM Synthetic Graph Mapping
E-001434,GGOCC-00253,GGSKILL-00134,REQUIRES_SKILL,INTERNAL_RELATIONAL,1.0,PRISM Synthetic Graph Mapping
E-001435,GGOCC-00253,GGSKILL-47464,REQUIRES_SKILL,INTERNAL_RELATIONAL,1.0,PRISM Synthetic Graph Mapping
E-001436,GGOCC-00253,GGSKILL-00418,REQUIRES_SKILL,INTERNAL_RELATIONAL,1.0,PRISM Synthetic Graph Mapping
E-001437,GGOCC-00253,GGSKILL-00082,REQUIRES_SKILL,INTERNAL_RELATIONAL,1.0,PRISM Synthetic Graph Mapping
E-001438,GGOCC-00180,GGSKILL-00153,REQUIRES_SKILL,INTERNAL_RELATIONAL,1.0,PRISM Synthetic Graph Mapping
E-001439,GGOCC-00180,GGSKILL-34106,REQUIRES_SKILL,INTERNAL_RELATIONAL,1.0,PRISM Synthetic Graph Mapping
E-001440,GGOCC-00180,GGSKILL-00181,REQUIRES_SKILL,INTERNAL_RELATIONAL,1.0,PRISM Synthetic Graph Mapping
E-001441,GGOCC-00180,GGSKILL-47464,REQUIRES_SKILL,INTERNAL_RELATIONAL,1.0,PRISM Synthetic Graph Mapping
E-001442,GGOCC-00180,GGSKILL-15101,REQUIRES_SKILL,INTERNAL_RELATIONAL,1.0,PRISM Synthetic Graph Mapping
E-001443,GGOCC-00180,GGSKILL-00223,REQUIRES_SKILL,INTERNAL_RELATIONAL,1.0,PRISM Synthetic Graph Mapping
E-001444,GGOCC-00180,GGSKILL-00144,REQUIRES_SKILL,INTERNAL_RELATIONAL,1.0,PRISM Synthetic Graph Mapping
E-001445,GGOCC-00180,GGSKILL-00134,REQUIRES_SKILL,INTERNAL_RELATIONAL,1.0,PRISM Synthetic Graph Mapping
E-001446,GGOCC-00180,GGSKILL-00418,REQUIRES_SKILL,INTERNAL_RELATIONAL,1.0,PRISM Synthetic Graph Mapping
E-001447,GGOCC-00180,GGSKILL-39417,REQUIRES_SKILL,INTERNAL_RELATIONAL,1.0,PRISM Synthetic Graph Mapping
E-001448,GGOCC-00110,GGSKILL-00097,REQUIRES_SKILL,INTERNAL_RELATIONAL,1.0,PRISM Synthetic Graph Mapping
E-001449,GGOCC-00110,GGSKILL-00076,REQUIRES_SKILL,INTERNAL_RELATIONAL,1.0,PRISM Synthetic Graph Mapping
E-001450,GGOCC-00110,GGSKILL-00209,REQUIRES_SKILL,INTERNAL_RELATIONAL,1.0,PRISM Synthetic Graph Mapping
E-001451,GGOCC-00110,GGSKILL-00404,REQUIRES_SKILL,INTERNAL_RELATIONAL,1.0,PRISM Synthetic Graph Mapping
E-001452,GGOCC-00110,GGSKILL-00259,REQUIRES_SKILL,INTERNAL_RELATIONAL,1.0,PRISM Synthetic Graph Mapping
E-001453,GGOCC-00110,GGSKILL-00089,REQUIRES_SKILL,INTERNAL_RELATIONAL,1.0,PRISM Synthetic Graph Mapping
E-001454,GGOCC-00110,GGSKILL-236577,REQUIRES_SKILL,INTERNAL_RELATIONAL,1.0,PRISM Synthetic Graph Mapping
E-001455,GGOCC-00110,GGSKILL-00144,REQUIRES_SKILL,INTERNAL_RELATIONAL,1.0,PRISM Synthetic Graph Mapping
E-001456,GGOCC-00235,GGSKILL-00097,REQUIRES_SKILL,INTERNAL_RELATIONAL,1.0,PRISM Synthetic Graph Mapping
E-001457,GGOCC-00235,GGSKILL-00076,REQUIRES_SKILL,INTERNAL_RELATIONAL,1.0,PRISM Synthetic Graph Mapping
E-001458,GGOCC-00235,GGSKILL-00209,REQUIRES_SKILL,INTERNAL_RELATIONAL,1.0,PRISM Synthetic Graph Mapping
E-001459,GGOCC-00235,GGSKILL-00404,REQUIRES_SKILL,INTERNAL_RELATIONAL,1.0,PRISM Synthetic Graph Mapping
E-001460,GGOCC-00235,GGSKILL-00259,REQUIRES_SKILL,INTERNAL_RELATIONAL,1.0,PRISM Synthetic Graph Mapping
E-001461,GGOCC-00235,GGSKILL-00089,REQUIRES_SKILL,INTERNAL_RELATIONAL,1.0,PRISM Synthetic Graph Mapping
E-001462,GGOCC-00235,GGSKILL-236577,REQUIRES_SKILL,INTERNAL_RELATIONAL,1.0,PRISM Synthetic Graph Mapping
E-001463,GGOCC-00235,GGSKILL-00144,REQUIRES_SKILL,INTERNAL_RELATIONAL,1.0,PRISM Synthetic Graph Mapping
E-001464,GGOCC-00033,GGSKILL-00097,REQUIRES_SKILL,INTERNAL_RELATIONAL,1.0,PRISM Synthetic Graph Mapping
E-001465,GGOCC-00033,GGSKILL-00076,REQUIRES_SKILL,INTERNAL_RELATIONAL,1.0,PRISM Synthetic Graph Mapping
E-001466,GGOCC-00033,GGSKILL-00209,REQUIRES_SKILL,INTERNAL_RELATIONAL,1.0,PRISM Synthetic Graph Mapping
E-001467,GGOCC-00033,GGSKILL-00404,REQUIRES_SKILL,INTERNAL_RELATIONAL,1.0,PRISM Synthetic Graph Mapping
E-001468,GGOCC-00033,GGSKILL-00259,REQUIRES_SKILL,INTERNAL_RELATIONAL,1.0,PRISM Synthetic Graph Mapping
E-001469,GGOCC-00033,GGSKILL-00089,REQUIRES_SKILL,INTERNAL_RELATIONAL,1.0,PRISM Synthetic Graph Mapping
E-001470,GGOCC-00033,GGSKILL-236577,REQUIRES_SKILL,INTERNAL_RELATIONAL,1.0,PRISM Synthetic Graph Mapping
E-001471,GGOCC-00033,GGSKILL-00144,REQUIRES_SKILL,INTERNAL_RELATIONAL,1.0,PRISM Synthetic Graph Mapping
E-001472,GGOCC-00276,GGSKILL-00097,REQUIRES_SKILL,INTERNAL_RELATIONAL,1.0,PRISM Synthetic Graph Mapping
E-001473,GGOCC-00276,GGSKILL-00076,REQUIRES_SKILL,INTERNAL_RELATIONAL,1.0,PRISM Synthetic Graph Mapping
E-001474,GGOCC-00276,GGSKILL-00209,REQUIRES_SKILL,INTERNAL_RELATIONAL,1.0,PRISM Synthetic Graph Mapping
E-001475,GGOCC-00276,GGSKILL-00404,REQUIRES_SKILL,INTERNAL_RELATIONAL,1.0,PRISM Synthetic Graph Mapping
E-001476,GGOCC-00276,GGSKILL-00259,REQUIRES_SKILL,INTERNAL_RELATIONAL,1.0,PRISM Synthetic Graph Mapping
E-001477,GGOCC-00276,GGSKILL-00089,REQUIRES_SKILL,INTERNAL_RELATIONAL,1.0,PRISM Synthetic Graph Mapping
E-001478,GGOCC-00276,GGSKILL-236577,REQUIRES_SKILL,INTERNAL_RELATIONAL,1.0,PRISM Synthetic Graph Mapping
E-001479,GGOCC-00276,GGSKILL-00144,REQUIRES_SKILL,INTERNAL_RELATIONAL,1.0,PRISM Synthetic Graph Mapping
E-001480,GGOCC-00294,GGSKILL-00335,REQUIRES_SKILL,INTERNAL_RELATIONAL,1.0,PRISM Synthetic Graph Mapping
E-001481,GGOCC-00294,GGSKILL-00033,REQUIRES_SKILL,INTERNAL_RELATIONAL,1.0,PRISM Synthetic Graph Mapping
E-001482,GGOCC-00294,GGSKILL-87107,REQUIRES_SKILL,INTERNAL_RELATIONAL,1.0,PRISM Synthetic Graph Mapping
E-001483,GGOCC-00294,GGSKILL-00278,REQUIRES_SKILL,INTERNAL_RELATIONAL,1.0,PRISM Synthetic Graph Mapping
E-001484,GGOCC-00294,GGSKILL-00067,REQUIRES_SKILL,INTERNAL_RELATIONAL,1.0,PRISM Synthetic Graph Mapping
E-001485,GGOCC-00294,GGSKILL-236577,REQUIRES_SKILL,INTERNAL_RELATIONAL,1.0,PRISM Synthetic Graph Mapping
E-001486,GGOCC-00294,GGSKILL-39417,REQUIRES_SKILL,INTERNAL_RELATIONAL,1.0,PRISM Synthetic Graph Mapping
E-001487,GGOCC-00294,GGSKILL-00125,REQUIRES_SKILL,INTERNAL_RELATIONAL,1.0,PRISM Synthetic Graph Mapping
E-001488,GGOCC-00307,GGSKILL-00335,REQUIRES_SKILL,INTERNAL_RELATIONAL,1.0,PRISM Synthetic Graph Mapping
E-001489,GGOCC-00307,GGSKILL-00033,REQUIRES_SKILL,INTERNAL_RELATIONAL,1.0,PRISM Synthetic Graph Mapping
E-001490,GGOCC-00307,GGSKILL-87107,REQUIRES_SKILL,INTERNAL_RELATIONAL,1.0,PRISM Synthetic Graph Mapping
E-001491,GGOCC-00307,GGSKILL-00278,REQUIRES_SKILL,INTERNAL_RELATIONAL,1.0,PRISM Synthetic Graph Mapping
E-001492,GGOCC-00307,GGSKILL-00067,REQUIRES_SKILL,INTERNAL_RELATIONAL,1.0,PRISM Synthetic Graph Mapping
E-001493,GGOCC-00307,GGSKILL-236577,REQUIRES_SKILL,INTERNAL_RELATIONAL,1.0,PRISM Synthetic Graph Mapping
E-001494,GGOCC-00307,GGSKILL-39417,REQUIRES_SKILL,INTERNAL_RELATIONAL,1.0,PRISM Synthetic Graph Mapping
E-001495,GGOCC-00307,GGSKILL-00125,REQUIRES_SKILL,INTERNAL_RELATIONAL,1.0,PRISM Synthetic Graph Mapping
E-001496,GGOCC-00272,GGSKILL-00335,REQUIRES_SKILL,INTERNAL_RELATIONAL,1.0,PRISM Synthetic Graph Mapping
E-001497,GGOCC-00272,GGSKILL-00033,REQUIRES_SKILL,INTERNAL_RELATIONAL,1.0,PRISM Synthetic Graph Mapping
E-001498,GGOCC-00272,GGSKILL-87107,REQUIRES_SKILL,INTERNAL_RELATIONAL,1.0,PRISM Synthetic Graph Mapping
E-001499,GGOCC-00272,GGSKILL-00278,REQUIRES_SKILL,INTERNAL_RELATIONAL,1.0,PRISM Synthetic Graph Mapping
E-001500,GGOCC-00272,GGSKILL-00067,REQUIRES_SKILL,INTERNAL_RELATIONAL,1.0,PRISM Synthetic Graph Mapping
E-001501,GGOCC-00272,GGSKILL-236577,REQUIRES_SKILL,INTERNAL_RELATIONAL,1.0,PRISM Synthetic Graph Mapping
E-001502,GGOCC-00272,GGSKILL-39417,REQUIRES_SKILL,INTERNAL_RELATIONAL,1.0,PRISM Synthetic Graph Mapping
E-001503,GGOCC-00272,GGSKILL-00125,REQUIRES_SKILL,INTERNAL_RELATIONAL,1.0,PRISM Synthetic Graph Mapping
E-001504,GGOCC-00207,GGSKILL-00097,REQUIRES_SKILL,INTERNAL_RELATIONAL,1.0,PRISM Synthetic Graph Mapping
E-001505,GGOCC-00207,GGSKILL-00076,REQUIRES_SKILL,INTERNAL_RELATIONAL,1.0,PRISM Synthetic Graph Mapping
E-001506,GGOCC-00207,GGSKILL-00209,REQUIRES_SKILL,INTERNAL_RELATIONAL,1.0,PRISM Synthetic Graph Mapping
E-001507,GGOCC-00207,GGSKILL-00404,REQUIRES_SKILL,INTERNAL_RELATIONAL,1.0,PRISM Synthetic Graph Mapping
E-001508,GGOCC-00207,GGSKILL-00259,REQUIRES_SKILL,INTERNAL_RELATIONAL,1.0,PRISM Synthetic Graph Mapping
E-001509,GGOCC-00207,GGSKILL-00089,REQUIRES_SKILL,INTERNAL_RELATIONAL,1.0,PRISM Synthetic Graph Mapping
E-001510,GGOCC-00207,GGSKILL-236577,REQUIRES_SKILL,INTERNAL_RELATIONAL,1.0,PRISM Synthetic Graph Mapping
E-001511,GGOCC-00207,GGSKILL-00144,REQUIRES_SKILL,INTERNAL_RELATIONAL,1.0,PRISM Synthetic Graph Mapping
E-001512,GGOCC-00201,GGSKILL-00137,REQUIRES_SKILL,INTERNAL_RELATIONAL,1.0,PRISM Synthetic Graph Mapping
E-001513,GGOCC-00201,GGSKILL-00298,REQUIRES_SKILL,INTERNAL_RELATIONAL,1.0,PRISM Synthetic Graph Mapping
E-001514,GGOCC-00201,GGSKILL-00190,REQUIRES_SKILL,INTERNAL_RELATIONAL,1.0,PRISM Synthetic Graph Mapping
E-001515,GGOCC-00201,GGSKILL-00085,REQUIRES_SKILL,INTERNAL_RELATIONAL,1.0,PRISM Synthetic Graph Mapping
E-001516,GGOCC-00201,GGSKILL-00144,REQUIRES_SKILL,INTERNAL_RELATIONAL,1.0,PRISM Synthetic Graph Mapping
E-001517,GGOCC-00201,GGSKILL-00351,REQUIRES_SKILL,INTERNAL_RELATIONAL,1.0,PRISM Synthetic Graph Mapping
E-001518,GGOCC-00201,GGSKILL-00192,REQUIRES_SKILL,INTERNAL_RELATIONAL,1.0,PRISM Synthetic Graph Mapping
E-001519,GGOCC-00263,GGSKILL-00137,REQUIRES_SKILL,INTERNAL_RELATIONAL,1.0,PRISM Synthetic Graph Mapping
E-001520,GGOCC-00263,GGSKILL-00298,REQUIRES_SKILL,INTERNAL_RELATIONAL,1.0,PRISM Synthetic Graph Mapping
E-001521,GGOCC-00263,GGSKILL-00190,REQUIRES_SKILL,INTERNAL_RELATIONAL,1.0,PRISM Synthetic Graph Mapping
E-001522,GGOCC-00263,GGSKILL-00085,REQUIRES_SKILL,INTERNAL_RELATIONAL,1.0,PRISM Synthetic Graph Mapping
E-001523,GGOCC-00263,GGSKILL-00144,REQUIRES_SKILL,INTERNAL_RELATIONAL,1.0,PRISM Synthetic Graph Mapping
E-001524,GGOCC-00263,GGSKILL-00351,REQUIRES_SKILL,INTERNAL_RELATIONAL,1.0,PRISM Synthetic Graph Mapping
E-001525,GGOCC-00263,GGSKILL-00192,REQUIRES_SKILL,INTERNAL_RELATIONAL,1.0,PRISM Synthetic Graph Mapping
E-001526,GGOCC-00116,GGSKILL-00237,REQUIRES_SKILL,INTERNAL_RELATIONAL,1.0,PRISM Synthetic Graph Mapping
E-001527,GGOCC-00116,GGSKILL-00135,REQUIRES_SKILL,INTERNAL_RELATIONAL,1.0,PRISM Synthetic Graph Mapping
E-001528,GGOCC-00116,GGSKILL-00144,REQUIRES_SKILL,INTERNAL_RELATIONAL,1.0,PRISM Synthetic Graph Mapping
E-001529,GGOCC-00116,GGSKILL-00288,REQUIRES_SKILL,INTERNAL_RELATIONAL,1.0,PRISM Synthetic Graph Mapping
E-001530,GGOCC-00116,GGSKILL-14981,REQUIRES_SKILL,INTERNAL_RELATIONAL,1.0,PRISM Synthetic Graph Mapping
E-001531,GGOCC-00116,GGSKILL-236577,REQUIRES_SKILL,INTERNAL_RELATIONAL,1.0,PRISM Synthetic Graph Mapping
E-001532,GGOCC-00116,GGSKILL-39417,REQUIRES_SKILL,INTERNAL_RELATIONAL,1.0,PRISM Synthetic Graph Mapping
E-001533,GGOCC-00287,GGSKILL-00237,REQUIRES_SKILL,INTERNAL_RELATIONAL,1.0,PRISM Synthetic Graph Mapping
E-001534,GGOCC-00287,GGSKILL-00135,REQUIRES_SKILL,INTERNAL_RELATIONAL,1.0,PRISM Synthetic Graph Mapping
E-001535,GGOCC-00287,GGSKILL-00144,REQUIRES_SKILL,INTERNAL_RELATIONAL,1.0,PRISM Synthetic Graph Mapping
E-001536,GGOCC-00287,GGSKILL-00288,REQUIRES_SKILL,INTERNAL_RELATIONAL,1.0,PRISM Synthetic Graph Mapping
E-001537,GGOCC-00287,GGSKILL-14981,REQUIRES_SKILL,INTERNAL_RELATIONAL,1.0,PRISM Synthetic Graph Mapping
E-001538,GGOCC-00287,GGSKILL-236577,REQUIRES_SKILL,INTERNAL_RELATIONAL,1.0,PRISM Synthetic Graph Mapping
E-001539,GGOCC-00287,GGSKILL-39417,REQUIRES_SKILL,INTERNAL_RELATIONAL,1.0,PRISM Synthetic Graph Mapping
E-001540,GGOCC-00214,GGSKILL-00237,REQUIRES_SKILL,INTERNAL_RELATIONAL,1.0,PRISM Synthetic Graph Mapping
E-001541,GGOCC-00214,GGSKILL-00135,REQUIRES_SKILL,INTERNAL_RELATIONAL,1.0,PRISM Synthetic Graph Mapping
E-001542,GGOCC-00214,GGSKILL-00144,REQUIRES_SKILL,INTERNAL_RELATIONAL,1.0,PRISM Synthetic Graph Mapping
E-001543,GGOCC-00214,GGSKILL-00288,REQUIRES_SKILL,INTERNAL_RELATIONAL,1.0,PRISM Synthetic Graph Mapping
E-001544,GGOCC-00214,GGSKILL-14981,REQUIRES_SKILL,INTERNAL_RELATIONAL,1.0,PRISM Synthetic Graph Mapping
E-001545,GGOCC-00214,GGSKILL-236577,REQUIRES_SKILL,INTERNAL_RELATIONAL,1.0,PRISM Synthetic Graph Mapping
E-001546,GGOCC-00214,GGSKILL-39417,REQUIRES_SKILL,INTERNAL_RELATIONAL,1.0,PRISM Synthetic Graph Mapping
E-001547,GGOCC-00029,GGSKILL-00133,REQUIRES_SKILL,INTERNAL_RELATIONAL,1.0,PRISM Synthetic Graph Mapping
E-001548,GGOCC-00029,GGSKILL-00116,REQUIRES_SKILL,INTERNAL_RELATIONAL,1.0,PRISM Synthetic Graph Mapping
E-001549,GGOCC-00029,GGSKILL-00339,REQUIRES_SKILL,INTERNAL_RELATIONAL,1.0,PRISM Synthetic Graph Mapping
E-001550,GGOCC-00029,GGSKILL-00198,REQUIRES_SKILL,INTERNAL_RELATIONAL,1.0,PRISM Synthetic Graph Mapping
E-001551,GGOCC-00029,GGSKILL-236577,REQUIRES_SKILL,INTERNAL_RELATIONAL,1.0,PRISM Synthetic Graph Mapping
E-001552,GGOCC-00029,GGSKILL-00147,REQUIRES_SKILL,INTERNAL_RELATIONAL,1.0,PRISM Synthetic Graph Mapping
E-001553,GGOCC-00029,GGSKILL-39417,REQUIRES_SKILL,INTERNAL_RELATIONAL,1.0,PRISM Synthetic Graph Mapping
E-001554,GGOCC-00029,GGSKILL-00144,REQUIRES_SKILL,INTERNAL_RELATIONAL,1.0,PRISM Synthetic Graph Mapping
E-001555,GGOCC-00246,GGSKILL-00083,REQUIRES_SKILL,INTERNAL_RELATIONAL,1.0,PRISM Synthetic Graph Mapping
E-001556,GGOCC-00246,GGSKILL-14981,REQUIRES_SKILL,INTERNAL_RELATIONAL,1.0,PRISM Synthetic Graph Mapping
E-001557,GGOCC-00246,GGSKILL-00159,REQUIRES_SKILL,INTERNAL_RELATIONAL,1.0,PRISM Synthetic Graph Mapping
E-001558,GGOCC-00246,GGSKILL-47464,REQUIRES_SKILL,INTERNAL_RELATIONAL,1.0,PRISM Synthetic Graph Mapping
E-001559,GGOCC-00246,GGSKILL-00144,REQUIRES_SKILL,INTERNAL_RELATIONAL,1.0,PRISM Synthetic Graph Mapping
E-001560,GGOCC-00246,GGSKILL-00223,REQUIRES_SKILL,INTERNAL_RELATIONAL,1.0,PRISM Synthetic Graph Mapping
E-001561,GGOCC-00246,GGSKILL-39417,REQUIRES_SKILL,INTERNAL_RELATIONAL,1.0,PRISM Synthetic Graph Mapping
E-001562,GGOCC-00246,GGSKILL-00418,REQUIRES_SKILL,INTERNAL_RELATIONAL,1.0,PRISM Synthetic Graph Mapping
E-001563,GGOCC-00280,GGSKILL-31162,REQUIRES_SKILL,INTERNAL_RELATIONAL,1.0,PRISM Synthetic Graph Mapping
E-001564,GGOCC-00280,GGSKILL-00144,REQUIRES_SKILL,INTERNAL_RELATIONAL,1.0,PRISM Synthetic Graph Mapping
E-001565,GGOCC-00280,GGSKILL-00274,REQUIRES_SKILL,INTERNAL_RELATIONAL,1.0,PRISM Synthetic Graph Mapping
E-001566,GGOCC-00280,GGSKILL-00418,REQUIRES_SKILL,INTERNAL_RELATIONAL,1.0,PRISM Synthetic Graph Mapping
E-001567,GGOCC-00280,GGSKILL-39417,REQUIRES_SKILL,INTERNAL_RELATIONAL,1.0,PRISM Synthetic Graph Mapping
E-001568,GGOCC-00280,GGSKILL-236577,REQUIRES_SKILL,INTERNAL_RELATIONAL,1.0,PRISM Synthetic Graph Mapping
E-001569,GGOCC-00280,GGSKILL-24947,REQUIRES_SKILL,INTERNAL_RELATIONAL,1.0,PRISM Synthetic Graph Mapping
E-001570,GGOCC-00280,GGSKILL-214902,REQUIRES_SKILL,INTERNAL_RELATIONAL,1.0,PRISM Synthetic Graph Mapping
E-001571,GGOCC-00050,GGSKILL-00004,REQUIRES_SKILL,INTERNAL_RELATIONAL,1.0,PRISM Synthetic Graph Mapping
E-001572,GGOCC-00050,GGSKILL-00025,REQUIRES_SKILL,INTERNAL_RELATIONAL,1.0,PRISM Synthetic Graph Mapping
E-001573,GGOCC-00050,GGSKILL-47464,REQUIRES_SKILL,INTERNAL_RELATIONAL,1.0,PRISM Synthetic Graph Mapping
E-001574,GGOCC-00050,GGSKILL-39417,REQUIRES_SKILL,INTERNAL_RELATIONAL,1.0,PRISM Synthetic Graph Mapping
E-001575,GGOCC-00050,GGSKILL-00418,REQUIRES_SKILL,INTERNAL_RELATIONAL,1.0,PRISM Synthetic Graph Mapping
E-001576,GGOCC-00050,GGSKILL-00144,REQUIRES_SKILL,INTERNAL_RELATIONAL,1.0,PRISM Synthetic Graph Mapping
E-001577,GGOCC-00050,GGSKILL-236577,REQUIRES_SKILL,INTERNAL_RELATIONAL,1.0,PRISM Synthetic Graph Mapping
E-001578,GGOCC-00050,GGSKILL-24947,REQUIRES_SKILL,INTERNAL_RELATIONAL,1.0,PRISM Synthetic Graph Mapping
E-001579,GGOCC-00115,IND-INFORMATION_TECHNOLOGY,EMPLOYS_IN,INTERNAL_RELATIONAL,High,PRISM Synthetic Graph Mapping
E-001580,GGOCC-00115,IND-FINANCIAL_SERVICES,EMPLOYS_IN,INTERNAL_RELATIONAL,Medium,PRISM Synthetic Graph Mapping
E-001581,GGOCC-00115,IND-HEALTHCARE,EMPLOYS_IN,INTERNAL_RELATIONAL,Niche,PRISM Synthetic Graph Mapping
E-001582,GGOCC-00115,IND-INFORMATION_TECHNOLOGY,EMPLOYS_IN,INTERNAL_RELATIONAL,High,PRISM Synthetic Graph Mapping
E-001583,GGOCC-00115,IND-FINANCIAL_SERVICES,EMPLOYS_IN,INTERNAL_RELATIONAL,Medium,PRISM Synthetic Graph Mapping
E-001584,GGOCC-00115,IND-HEALTHCARE,EMPLOYS_IN,INTERNAL_RELATIONAL,Niche,PRISM Synthetic Graph Mapping
E-001585,GGOCC-00115,IND-INFORMATION_TECHNOLOGY,EMPLOYS_IN,INTERNAL_RELATIONAL,High,PRISM Synthetic Graph Mapping
E-001586,GGOCC-00115,IND-FINANCIAL_SERVICES,EMPLOYS_IN,INTERNAL_RELATIONAL,Medium,PRISM Synthetic Graph Mapping
E-001587,GGOCC-00115,IND-HEALTHCARE,EMPLOYS_IN,INTERNAL_RELATIONAL,Niche,PRISM Synthetic Graph Mapping
E-001588,GGOCC-00085,IND-INFORMATION_TECHNOLOGY,EMPLOYS_IN,INTERNAL_RELATIONAL,High,PRISM Synthetic Graph Mapping
E-001589,GGOCC-00085,IND-FINANCIAL_SERVICES,EMPLOYS_IN,INTERNAL_RELATIONAL,Medium,PRISM Synthetic Graph Mapping
E-001590,GGOCC-00085,IND-HEALTHCARE,EMPLOYS_IN,INTERNAL_RELATIONAL,Niche,PRISM Synthetic Graph Mapping
E-001591,GGOCC-00138,IND-AUTOMOTIVE___HEAVY_INDUSTRY,EMPLOYS_IN,INTERNAL_RELATIONAL,High,PRISM Synthetic Graph Mapping
E-001592,GGOCC-00138,IND-INFRASTRUCTURE___CONSTRUCTION,EMPLOYS_IN,INTERNAL_RELATIONAL,High,PRISM Synthetic Graph Mapping
E-001593,GGOCC-00138,IND-ENERGY___UTILITIES,EMPLOYS_IN,INTERNAL_RELATIONAL,Medium,PRISM Synthetic Graph Mapping
E-001594,GGOCC-00155,IND-INFORMATION_TECHNOLOGY,EMPLOYS_IN,INTERNAL_RELATIONAL,High,PRISM Synthetic Graph Mapping
E-001595,GGOCC-00155,IND-FINANCIAL_SERVICES,EMPLOYS_IN,INTERNAL_RELATIONAL,Medium,PRISM Synthetic Graph Mapping
E-001596,GGOCC-00155,IND-HEALTHCARE,EMPLOYS_IN,INTERNAL_RELATIONAL,Niche,PRISM Synthetic Graph Mapping
E-001597,GGOCC-00156,IND-MANAGEMENT_CONSULTING,EMPLOYS_IN,INTERNAL_RELATIONAL,High,PRISM Synthetic Graph Mapping
E-001598,GGOCC-00156,IND-TECHNOLOGY___INTERNET,EMPLOYS_IN,INTERNAL_RELATIONAL,High,PRISM Synthetic Graph Mapping
E-001599,GGOCC-00156,IND-RETAIL___FMCG,EMPLOYS_IN,INTERNAL_RELATIONAL,Medium,PRISM Synthetic Graph Mapping
E-001600,GGOCC-00209,IND-INFORMATION_TECHNOLOGY,EMPLOYS_IN,INTERNAL_RELATIONAL,High,PRISM Synthetic Graph Mapping
E-001601,GGOCC-00209,IND-FINANCIAL_SERVICES,EMPLOYS_IN,INTERNAL_RELATIONAL,Medium,PRISM Synthetic Graph Mapping
E-001602,GGOCC-00209,IND-HEALTHCARE,EMPLOYS_IN,INTERNAL_RELATIONAL,Niche,PRISM Synthetic Graph Mapping
E-001603,GGOCC-00017,IND-INFORMATION_TECHNOLOGY,EMPLOYS_IN,INTERNAL_RELATIONAL,High,PRISM Synthetic Graph Mapping
E-001604,GGOCC-00017,IND-BANKING___FINANCE,EMPLOYS_IN,INTERNAL_RELATIONAL,High,PRISM Synthetic Graph Mapping
E-001605,GGOCC-00017,IND-E_COMMERCE___RETAIL,EMPLOYS_IN,INTERNAL_RELATIONAL,Medium,PRISM Synthetic Graph Mapping
E-001606,GGOCC-00017,IND-INFORMATION_TECHNOLOGY,EMPLOYS_IN,INTERNAL_RELATIONAL,High,PRISM Synthetic Graph Mapping
E-001607,GGOCC-00017,IND-BANKING___FINANCE,EMPLOYS_IN,INTERNAL_RELATIONAL,High,PRISM Synthetic Graph Mapping
E-001608,GGOCC-00017,IND-E_COMMERCE___RETAIL,EMPLOYS_IN,INTERNAL_RELATIONAL,Medium,PRISM Synthetic Graph Mapping
E-001609,GGOCC-00222,IND-INFORMATION_TECHNOLOGY,EMPLOYS_IN,INTERNAL_RELATIONAL,High,PRISM Synthetic Graph Mapping
E-001610,GGOCC-00222,IND-BANKING___FINANCE,EMPLOYS_IN,INTERNAL_RELATIONAL,High,PRISM Synthetic Graph Mapping
E-001611,GGOCC-00222,IND-E_COMMERCE___RETAIL,EMPLOYS_IN,INTERNAL_RELATIONAL,Medium,PRISM Synthetic Graph Mapping
E-001612,GGOCC-00222,IND-INFORMATION_TECHNOLOGY,EMPLOYS_IN,INTERNAL_RELATIONAL,High,PRISM Synthetic Graph Mapping
E-001613,GGOCC-00222,IND-BANKING___FINANCE,EMPLOYS_IN,INTERNAL_RELATIONAL,High,PRISM Synthetic Graph Mapping
E-001614,GGOCC-00222,IND-E_COMMERCE___RETAIL,EMPLOYS_IN,INTERNAL_RELATIONAL,Medium,PRISM Synthetic Graph Mapping
E-001615,GGOCC-00015,IND-INFORMATION_TECHNOLOGY,EMPLOYS_IN,INTERNAL_RELATIONAL,High,PRISM Synthetic Graph Mapping
E-001616,GGOCC-00015,IND-BANKING___FINANCE,EMPLOYS_IN,INTERNAL_RELATIONAL,High,PRISM Synthetic Graph Mapping
E-001617,GGOCC-00015,IND-E_COMMERCE___RETAIL,EMPLOYS_IN,INTERNAL_RELATIONAL,Medium,PRISM Synthetic Graph Mapping
E-001618,GGOCC-00015,IND-INFORMATION_TECHNOLOGY,EMPLOYS_IN,INTERNAL_RELATIONAL,High,PRISM Synthetic Graph Mapping
E-001619,GGOCC-00015,IND-BANKING___FINANCE,EMPLOYS_IN,INTERNAL_RELATIONAL,High,PRISM Synthetic Graph Mapping
E-001620,GGOCC-00015,IND-E_COMMERCE___RETAIL,EMPLOYS_IN,INTERNAL_RELATIONAL,Medium,PRISM Synthetic Graph Mapping
E-001621,GGOCC-00015,IND-INFORMATION_TECHNOLOGY,EMPLOYS_IN,INTERNAL_RELATIONAL,High,PRISM Synthetic Graph Mapping
E-001622,GGOCC-00015,IND-BANKING___FINANCE,EMPLOYS_IN,INTERNAL_RELATIONAL,High,PRISM Synthetic Graph Mapping
E-001623,GGOCC-00015,IND-E_COMMERCE___RETAIL,EMPLOYS_IN,INTERNAL_RELATIONAL,Medium,PRISM Synthetic Graph Mapping
E-001624,GGOCC-00128,IND-INFORMATION_TECHNOLOGY,EMPLOYS_IN,INTERNAL_RELATIONAL,High,PRISM Synthetic Graph Mapping
E-001625,GGOCC-00128,IND-BANKING___FINANCE,EMPLOYS_IN,INTERNAL_RELATIONAL,High,PRISM Synthetic Graph Mapping
E-001626,GGOCC-00128,IND-E_COMMERCE___RETAIL,EMPLOYS_IN,INTERNAL_RELATIONAL,Medium,PRISM Synthetic Graph Mapping
E-001627,GGOCC-00128,IND-INFORMATION_TECHNOLOGY,EMPLOYS_IN,INTERNAL_RELATIONAL,High,PRISM Synthetic Graph Mapping
E-001628,GGOCC-00128,IND-BANKING___FINANCE,EMPLOYS_IN,INTERNAL_RELATIONAL,High,PRISM Synthetic Graph Mapping
E-001629,GGOCC-00128,IND-E_COMMERCE___RETAIL,EMPLOYS_IN,INTERNAL_RELATIONAL,Medium,PRISM Synthetic Graph Mapping
E-001630,GGOCC-00284,IND-INFORMATION_TECHNOLOGY,EMPLOYS_IN,INTERNAL_RELATIONAL,High,PRISM Synthetic Graph Mapping
E-001631,GGOCC-00284,IND-BANKING___FINANCE,EMPLOYS_IN,INTERNAL_RELATIONAL,High,PRISM Synthetic Graph Mapping
E-001632,GGOCC-00284,IND-E_COMMERCE___RETAIL,EMPLOYS_IN,INTERNAL_RELATIONAL,Medium,PRISM Synthetic Graph Mapping
E-001633,GGOCC-00266,IND-INFORMATION_SECURITY,EMPLOYS_IN,INTERNAL_RELATIONAL,High,PRISM Synthetic Graph Mapping
E-001634,GGOCC-00266,IND-BANKING___FINANCIAL_SERVICES,EMPLOYS_IN,INTERNAL_RELATIONAL,High,PRISM Synthetic Graph Mapping
E-001635,GGOCC-00266,IND-DEFENSE___PUBLIC_SECTOR,EMPLOYS_IN,INTERNAL_RELATIONAL,Niche,PRISM Synthetic Graph Mapping
E-001636,GGOCC-00266,IND-INFORMATION_SECURITY,EMPLOYS_IN,INTERNAL_RELATIONAL,High,PRISM Synthetic Graph Mapping
E-001637,GGOCC-00266,IND-BANKING___FINANCIAL_SERVICES,EMPLOYS_IN,INTERNAL_RELATIONAL,High,PRISM Synthetic Graph Mapping
E-001638,GGOCC-00266,IND-DEFENSE___PUBLIC_SECTOR,EMPLOYS_IN,INTERNAL_RELATIONAL,Niche,PRISM Synthetic Graph Mapping
E-001639,GGOCC-00124,IND-INFORMATION_SECURITY,EMPLOYS_IN,INTERNAL_RELATIONAL,High,PRISM Synthetic Graph Mapping
E-001640,GGOCC-00124,IND-BANKING___FINANCIAL_SERVICES,EMPLOYS_IN,INTERNAL_RELATIONAL,High,PRISM Synthetic Graph Mapping
E-001641,GGOCC-00124,IND-DEFENSE___PUBLIC_SECTOR,EMPLOYS_IN,INTERNAL_RELATIONAL,Niche,PRISM Synthetic Graph Mapping
E-001642,GGOCC-00237,IND-INFORMATION_SECURITY,EMPLOYS_IN,INTERNAL_RELATIONAL,High,PRISM Synthetic Graph Mapping
E-001643,GGOCC-00237,IND-BANKING___FINANCIAL_SERVICES,EMPLOYS_IN,INTERNAL_RELATIONAL,High,PRISM Synthetic Graph Mapping
E-001644,GGOCC-00237,IND-DEFENSE___PUBLIC_SECTOR,EMPLOYS_IN,INTERNAL_RELATIONAL,Niche,PRISM Synthetic Graph Mapping
E-001645,GGOCC-00306,IND-MANAGEMENT_CONSULTING,EMPLOYS_IN,INTERNAL_RELATIONAL,High,PRISM Synthetic Graph Mapping
E-001646,GGOCC-00306,IND-TECHNOLOGY___INTERNET,EMPLOYS_IN,INTERNAL_RELATIONAL,High,PRISM Synthetic Graph Mapping
E-001647,GGOCC-00306,IND-RETAIL___FMCG,EMPLOYS_IN,INTERNAL_RELATIONAL,Medium,PRISM Synthetic Graph Mapping
E-001648,GGOCC-00312,IND-AUTOMOTIVE___HEAVY_INDUSTRY,EMPLOYS_IN,INTERNAL_RELATIONAL,High,PRISM Synthetic Graph Mapping
E-001649,GGOCC-00312,IND-INFRASTRUCTURE___CONSTRUCTION,EMPLOYS_IN,INTERNAL_RELATIONAL,High,PRISM Synthetic Graph Mapping
E-001650,GGOCC-00312,IND-ENERGY___UTILITIES,EMPLOYS_IN,INTERNAL_RELATIONAL,Medium,PRISM Synthetic Graph Mapping
E-001651,GGOCC-00131,IND-AUTOMOTIVE___HEAVY_INDUSTRY,EMPLOYS_IN,INTERNAL_RELATIONAL,High,PRISM Synthetic Graph Mapping
E-001652,GGOCC-00131,IND-INFRASTRUCTURE___CONSTRUCTION,EMPLOYS_IN,INTERNAL_RELATIONAL,High,PRISM Synthetic Graph Mapping
E-001653,GGOCC-00131,IND-ENERGY___UTILITIES,EMPLOYS_IN,INTERNAL_RELATIONAL,Medium,PRISM Synthetic Graph Mapping
E-001654,GGOCC-00269,IND-AUTOMOTIVE___HEAVY_INDUSTRY,EMPLOYS_IN,INTERNAL_RELATIONAL,High,PRISM Synthetic Graph Mapping
E-001655,GGOCC-00269,IND-INFRASTRUCTURE___CONSTRUCTION,EMPLOYS_IN,INTERNAL_RELATIONAL,High,PRISM Synthetic Graph Mapping
E-001656,GGOCC-00269,IND-ENERGY___UTILITIES,EMPLOYS_IN,INTERNAL_RELATIONAL,Medium,PRISM Synthetic Graph Mapping
E-001657,GGOCC-00035,IND-AUTOMOTIVE___HEAVY_INDUSTRY,EMPLOYS_IN,INTERNAL_RELATIONAL,High,PRISM Synthetic Graph Mapping
E-001658,GGOCC-00035,IND-INFRASTRUCTURE___CONSTRUCTION,EMPLOYS_IN,INTERNAL_RELATIONAL,High,PRISM Synthetic Graph Mapping
E-001659,GGOCC-00035,IND-ENERGY___UTILITIES,EMPLOYS_IN,INTERNAL_RELATIONAL,Medium,PRISM Synthetic Graph Mapping
E-001660,GGOCC-00026,IND-AUTOMOTIVE___HEAVY_INDUSTRY,EMPLOYS_IN,INTERNAL_RELATIONAL,High,PRISM Synthetic Graph Mapping
E-001661,GGOCC-00026,IND-INFRASTRUCTURE___CONSTRUCTION,EMPLOYS_IN,INTERNAL_RELATIONAL,High,PRISM Synthetic Graph Mapping
E-001662,GGOCC-00026,IND-ENERGY___UTILITIES,EMPLOYS_IN,INTERNAL_RELATIONAL,Medium,PRISM Synthetic Graph Mapping
E-001663,GGOCC-00097,IND-AUTOMOTIVE___HEAVY_INDUSTRY,EMPLOYS_IN,INTERNAL_RELATIONAL,High,PRISM Synthetic Graph Mapping
E-001664,GGOCC-00097,IND-INFRASTRUCTURE___CONSTRUCTION,EMPLOYS_IN,INTERNAL_RELATIONAL,High,PRISM Synthetic Graph Mapping
E-001665,GGOCC-00097,IND-ENERGY___UTILITIES,EMPLOYS_IN,INTERNAL_RELATIONAL,Medium,PRISM Synthetic Graph Mapping
E-001666,GGOCC-00326,IND-AUTOMOTIVE___HEAVY_INDUSTRY,EMPLOYS_IN,INTERNAL_RELATIONAL,High,PRISM Synthetic Graph Mapping
E-001667,GGOCC-00326,IND-INFRASTRUCTURE___CONSTRUCTION,EMPLOYS_IN,INTERNAL_RELATIONAL,High,PRISM Synthetic Graph Mapping
E-001668,GGOCC-00326,IND-ENERGY___UTILITIES,EMPLOYS_IN,INTERNAL_RELATIONAL,Medium,PRISM Synthetic Graph Mapping
E-001669,GGOCC-01901,IND-MANAGEMENT_CONSULTING,EMPLOYS_IN,INTERNAL_RELATIONAL,High,PRISM Synthetic Graph Mapping
E-001670,GGOCC-01901,IND-TECHNOLOGY___INTERNET,EMPLOYS_IN,INTERNAL_RELATIONAL,High,PRISM Synthetic Graph Mapping
E-001671,GGOCC-01901,IND-RETAIL___FMCG,EMPLOYS_IN,INTERNAL_RELATIONAL,Medium,PRISM Synthetic Graph Mapping
E-001672,GGOCC-00236,IND-AUTOMOTIVE___HEAVY_INDUSTRY,EMPLOYS_IN,INTERNAL_RELATIONAL,High,PRISM Synthetic Graph Mapping
E-001673,GGOCC-00236,IND-INFRASTRUCTURE___CONSTRUCTION,EMPLOYS_IN,INTERNAL_RELATIONAL,High,PRISM Synthetic Graph Mapping
E-001674,GGOCC-00236,IND-ENERGY___UTILITIES,EMPLOYS_IN,INTERNAL_RELATIONAL,Medium,PRISM Synthetic Graph Mapping
E-001675,GGOCC-00257,IND-AUTOMOTIVE___HEAVY_INDUSTRY,EMPLOYS_IN,INTERNAL_RELATIONAL,High,PRISM Synthetic Graph Mapping
E-001676,GGOCC-00257,IND-INFRASTRUCTURE___CONSTRUCTION,EMPLOYS_IN,INTERNAL_RELATIONAL,High,PRISM Synthetic Graph Mapping
E-001677,GGOCC-00257,IND-ENERGY___UTILITIES,EMPLOYS_IN,INTERNAL_RELATIONAL,Medium,PRISM Synthetic Graph Mapping
E-001678,GGOCC-00189,IND-AUTOMOTIVE___HEAVY_INDUSTRY,EMPLOYS_IN,INTERNAL_RELATIONAL,High,PRISM Synthetic Graph Mapping
E-001679,GGOCC-00189,IND-INFRASTRUCTURE___CONSTRUCTION,EMPLOYS_IN,INTERNAL_RELATIONAL,High,PRISM Synthetic Graph Mapping
E-001680,GGOCC-00189,IND-ENERGY___UTILITIES,EMPLOYS_IN,INTERNAL_RELATIONAL,Medium,PRISM Synthetic Graph Mapping
E-001681,GGOCC-00173,IND-AUTOMOTIVE___HEAVY_INDUSTRY,EMPLOYS_IN,INTERNAL_RELATIONAL,High,PRISM Synthetic Graph Mapping
E-001682,GGOCC-00173,IND-INFRASTRUCTURE___CONSTRUCTION,EMPLOYS_IN,INTERNAL_RELATIONAL,High,PRISM Synthetic Graph Mapping
E-001683,GGOCC-00173,IND-ENERGY___UTILITIES,EMPLOYS_IN,INTERNAL_RELATIONAL,Medium,PRISM Synthetic Graph Mapping
E-001684,GGOCC-00203,IND-AUTOMOTIVE___HEAVY_INDUSTRY,EMPLOYS_IN,INTERNAL_RELATIONAL,High,PRISM Synthetic Graph Mapping
E-001685,GGOCC-00203,IND-INFRASTRUCTURE___CONSTRUCTION,EMPLOYS_IN,INTERNAL_RELATIONAL,High,PRISM Synthetic Graph Mapping
E-001686,GGOCC-00203,IND-ENERGY___UTILITIES,EMPLOYS_IN,INTERNAL_RELATIONAL,Medium,PRISM Synthetic Graph Mapping
E-001687,GGOCC-00224,IND-HEALTHCARE___HOSPITALS,EMPLOYS_IN,INTERNAL_RELATIONAL,High,PRISM Synthetic Graph Mapping
E-001688,GGOCC-00224,IND-PHARMACEUTICALS,EMPLOYS_IN,INTERNAL_RELATIONAL,High,PRISM Synthetic Graph Mapping
E-001689,GGOCC-00224,IND-PUBLIC_HEALTH,EMPLOYS_IN,INTERNAL_RELATIONAL,Medium,PRISM Synthetic Graph Mapping
E-001690,GGOCC-00157,IND-HEALTHCARE___HOSPITALS,EMPLOYS_IN,INTERNAL_RELATIONAL,High,PRISM Synthetic Graph Mapping
E-001691,GGOCC-00157,IND-PHARMACEUTICALS,EMPLOYS_IN,INTERNAL_RELATIONAL,High,PRISM Synthetic Graph Mapping
E-001692,GGOCC-00157,IND-PUBLIC_HEALTH,EMPLOYS_IN,INTERNAL_RELATIONAL,Medium,PRISM Synthetic Graph Mapping
E-001693,GGOCC-00279,IND-BANKING___FINANCIAL_SERVICES,EMPLOYS_IN,INTERNAL_RELATIONAL,High,PRISM Synthetic Graph Mapping
E-001694,GGOCC-00279,IND-CAPITAL_MARKETS,EMPLOYS_IN,INTERNAL_RELATIONAL,High,PRISM Synthetic Graph Mapping
E-001695,GGOCC-00279,IND-PROFESSIONAL_SERVICES,EMPLOYS_IN,INTERNAL_RELATIONAL,High,PRISM Synthetic Graph Mapping
E-001696,GGOCC-00160,IND-BANKING___FINANCIAL_SERVICES,EMPLOYS_IN,INTERNAL_RELATIONAL,High,PRISM Synthetic Graph Mapping
E-001697,GGOCC-00160,IND-CAPITAL_MARKETS,EMPLOYS_IN,INTERNAL_RELATIONAL,High,PRISM Synthetic Graph Mapping
E-001698,GGOCC-00160,IND-PROFESSIONAL_SERVICES,EMPLOYS_IN,INTERNAL_RELATIONAL,High,PRISM Synthetic Graph Mapping
E-001699,GGOCC-00160,IND-BANKING___FINANCIAL_SERVICES,EMPLOYS_IN,INTERNAL_RELATIONAL,High,PRISM Synthetic Graph Mapping
E-001700,GGOCC-00160,IND-CAPITAL_MARKETS,EMPLOYS_IN,INTERNAL_RELATIONAL,High,PRISM Synthetic Graph Mapping
E-001701,GGOCC-00160,IND-PROFESSIONAL_SERVICES,EMPLOYS_IN,INTERNAL_RELATIONAL,High,PRISM Synthetic Graph Mapping
E-001702,GGOCC-00016,IND-BANKING___FINANCIAL_SERVICES,EMPLOYS_IN,INTERNAL_RELATIONAL,High,PRISM Synthetic Graph Mapping
E-001703,GGOCC-00016,IND-CAPITAL_MARKETS,EMPLOYS_IN,INTERNAL_RELATIONAL,High,PRISM Synthetic Graph Mapping
E-001704,GGOCC-00016,IND-PROFESSIONAL_SERVICES,EMPLOYS_IN,INTERNAL_RELATIONAL,High,PRISM Synthetic Graph Mapping
E-001705,GGOCC-00013,IND-BANKING___FINANCIAL_SERVICES,EMPLOYS_IN,INTERNAL_RELATIONAL,High,PRISM Synthetic Graph Mapping
E-001706,GGOCC-00013,IND-CAPITAL_MARKETS,EMPLOYS_IN,INTERNAL_RELATIONAL,High,PRISM Synthetic Graph Mapping
E-001707,GGOCC-00013,IND-PROFESSIONAL_SERVICES,EMPLOYS_IN,INTERNAL_RELATIONAL,High,PRISM Synthetic Graph Mapping
E-001708,GGOCC-00059,IND-BANKING___FINANCIAL_SERVICES,EMPLOYS_IN,INTERNAL_RELATIONAL,High,PRISM Synthetic Graph Mapping
E-001709,GGOCC-00059,IND-CAPITAL_MARKETS,EMPLOYS_IN,INTERNAL_RELATIONAL,High,PRISM Synthetic Graph Mapping
E-001710,GGOCC-00059,IND-PROFESSIONAL_SERVICES,EMPLOYS_IN,INTERNAL_RELATIONAL,High,PRISM Synthetic Graph Mapping
E-001711,GGOCC-00171,IND-BANKING___FINANCIAL_SERVICES,EMPLOYS_IN,INTERNAL_RELATIONAL,High,PRISM Synthetic Graph Mapping
E-001712,GGOCC-00171,IND-CAPITAL_MARKETS,EMPLOYS_IN,INTERNAL_RELATIONAL,High,PRISM Synthetic Graph Mapping
E-001713,GGOCC-00171,IND-PROFESSIONAL_SERVICES,EMPLOYS_IN,INTERNAL_RELATIONAL,High,PRISM Synthetic Graph Mapping
E-001714,GGOCC-00162,IND-MANAGEMENT_CONSULTING,EMPLOYS_IN,INTERNAL_RELATIONAL,High,PRISM Synthetic Graph Mapping
E-001715,GGOCC-00162,IND-TECHNOLOGY___INTERNET,EMPLOYS_IN,INTERNAL_RELATIONAL,High,PRISM Synthetic Graph Mapping
E-001716,GGOCC-00162,IND-RETAIL___FMCG,EMPLOYS_IN,INTERNAL_RELATIONAL,Medium,PRISM Synthetic Graph Mapping
E-001717,GGOCC-00225,IND-MANAGEMENT_CONSULTING,EMPLOYS_IN,INTERNAL_RELATIONAL,High,PRISM Synthetic Graph Mapping
E-001718,GGOCC-00225,IND-TECHNOLOGY___INTERNET,EMPLOYS_IN,INTERNAL_RELATIONAL,High,PRISM Synthetic Graph Mapping
E-001719,GGOCC-00225,IND-RETAIL___FMCG,EMPLOYS_IN,INTERNAL_RELATIONAL,Medium,PRISM Synthetic Graph Mapping
E-001720,GGOCC-00199,IND-MANAGEMENT_CONSULTING,EMPLOYS_IN,INTERNAL_RELATIONAL,High,PRISM Synthetic Graph Mapping
E-001721,GGOCC-00199,IND-TECHNOLOGY___INTERNET,EMPLOYS_IN,INTERNAL_RELATIONAL,High,PRISM Synthetic Graph Mapping
E-001722,GGOCC-00199,IND-RETAIL___FMCG,EMPLOYS_IN,INTERNAL_RELATIONAL,Medium,PRISM Synthetic Graph Mapping
E-001723,GGOCC-00036,IND-MANAGEMENT_CONSULTING,EMPLOYS_IN,INTERNAL_RELATIONAL,High,PRISM Synthetic Graph Mapping
E-001724,GGOCC-00036,IND-TECHNOLOGY___INTERNET,EMPLOYS_IN,INTERNAL_RELATIONAL,High,PRISM Synthetic Graph Mapping
E-001725,GGOCC-00036,IND-RETAIL___FMCG,EMPLOYS_IN,INTERNAL_RELATIONAL,Medium,PRISM Synthetic Graph Mapping
E-001726,GGOCC-00036,IND-MANAGEMENT_CONSULTING,EMPLOYS_IN,INTERNAL_RELATIONAL,High,PRISM Synthetic Graph Mapping
E-001727,GGOCC-00036,IND-TECHNOLOGY___INTERNET,EMPLOYS_IN,INTERNAL_RELATIONAL,High,PRISM Synthetic Graph Mapping
E-001728,GGOCC-00036,IND-RETAIL___FMCG,EMPLOYS_IN,INTERNAL_RELATIONAL,Medium,PRISM Synthetic Graph Mapping
E-001729,GGOCC-00959,IND-MANAGEMENT_CONSULTING,EMPLOYS_IN,INTERNAL_RELATIONAL,High,PRISM Synthetic Graph Mapping
E-001730,GGOCC-00959,IND-TECHNOLOGY___INTERNET,EMPLOYS_IN,INTERNAL_RELATIONAL,High,PRISM Synthetic Graph Mapping
E-001731,GGOCC-00959,IND-RETAIL___FMCG,EMPLOYS_IN,INTERNAL_RELATIONAL,Medium,PRISM Synthetic Graph Mapping
E-001732,GGOCC-17789,IND-MANAGEMENT_CONSULTING,EMPLOYS_IN,INTERNAL_RELATIONAL,High,PRISM Synthetic Graph Mapping
E-001733,GGOCC-17789,IND-TECHNOLOGY___INTERNET,EMPLOYS_IN,INTERNAL_RELATIONAL,High,PRISM Synthetic Graph Mapping
E-001734,GGOCC-17789,IND-RETAIL___FMCG,EMPLOYS_IN,INTERNAL_RELATIONAL,Medium,PRISM Synthetic Graph Mapping
E-001735,GGOCC-00081,IND-MANAGEMENT_CONSULTING,EMPLOYS_IN,INTERNAL_RELATIONAL,High,PRISM Synthetic Graph Mapping
E-001736,GGOCC-00081,IND-TECHNOLOGY___INTERNET,EMPLOYS_IN,INTERNAL_RELATIONAL,High,PRISM Synthetic Graph Mapping
E-001737,GGOCC-00081,IND-RETAIL___FMCG,EMPLOYS_IN,INTERNAL_RELATIONAL,Medium,PRISM Synthetic Graph Mapping
E-001738,GGOCC-00196,IND-MANAGEMENT_CONSULTING,EMPLOYS_IN,INTERNAL_RELATIONAL,High,PRISM Synthetic Graph Mapping
E-001739,GGOCC-00196,IND-TECHNOLOGY___INTERNET,EMPLOYS_IN,INTERNAL_RELATIONAL,High,PRISM Synthetic Graph Mapping
E-001740,GGOCC-00196,IND-RETAIL___FMCG,EMPLOYS_IN,INTERNAL_RELATIONAL,Medium,PRISM Synthetic Graph Mapping
E-001741,GGOCC-00196,IND-MANAGEMENT_CONSULTING,EMPLOYS_IN,INTERNAL_RELATIONAL,High,PRISM Synthetic Graph Mapping
E-001742,GGOCC-00196,IND-TECHNOLOGY___INTERNET,EMPLOYS_IN,INTERNAL_RELATIONAL,High,PRISM Synthetic Graph Mapping
E-001743,GGOCC-00196,IND-RETAIL___FMCG,EMPLOYS_IN,INTERNAL_RELATIONAL,Medium,PRISM Synthetic Graph Mapping
E-001744,GGOCC-00290,IND-MANAGEMENT_CONSULTING,EMPLOYS_IN,INTERNAL_RELATIONAL,High,PRISM Synthetic Graph Mapping
E-001745,GGOCC-00290,IND-TECHNOLOGY___INTERNET,EMPLOYS_IN,INTERNAL_RELATIONAL,High,PRISM Synthetic Graph Mapping
E-001746,GGOCC-00290,IND-RETAIL___FMCG,EMPLOYS_IN,INTERNAL_RELATIONAL,Medium,PRISM Synthetic Graph Mapping
E-001747,GGOCC-00053,IND-ADVERTISING___MEDIA,EMPLOYS_IN,INTERNAL_RELATIONAL,High,PRISM Synthetic Graph Mapping
E-001748,GGOCC-00053,IND-FAST_MOVING_CONSUMER_GOODS,EMPLOYS_IN,INTERNAL_RELATIONAL,High,PRISM Synthetic Graph Mapping
E-001749,GGOCC-00053,IND-TECHNOLOGY___SAAS,EMPLOYS_IN,INTERNAL_RELATIONAL,Medium,PRISM Synthetic Graph Mapping
E-001750,GGOCC-00242,IND-ADVERTISING___MEDIA,EMPLOYS_IN,INTERNAL_RELATIONAL,High,PRISM Synthetic Graph Mapping
E-001751,GGOCC-00242,IND-FAST_MOVING_CONSUMER_GOODS,EMPLOYS_IN,INTERNAL_RELATIONAL,High,PRISM Synthetic Graph Mapping
E-001752,GGOCC-00242,IND-TECHNOLOGY___SAAS,EMPLOYS_IN,INTERNAL_RELATIONAL,Medium,PRISM Synthetic Graph Mapping
E-001753,GGOCC-08369,IND-ADVERTISING___MEDIA,EMPLOYS_IN,INTERNAL_RELATIONAL,High,PRISM Synthetic Graph Mapping
E-001754,GGOCC-08369,IND-FAST_MOVING_CONSUMER_GOODS,EMPLOYS_IN,INTERNAL_RELATIONAL,High,PRISM Synthetic Graph Mapping
E-001755,GGOCC-08369,IND-TECHNOLOGY___SAAS,EMPLOYS_IN,INTERNAL_RELATIONAL,Medium,PRISM Synthetic Graph Mapping
E-001756,GGOCC-00148,IND-ADVERTISING___MEDIA,EMPLOYS_IN,INTERNAL_RELATIONAL,High,PRISM Synthetic Graph Mapping
E-001757,GGOCC-00148,IND-FAST_MOVING_CONSUMER_GOODS,EMPLOYS_IN,INTERNAL_RELATIONAL,High,PRISM Synthetic Graph Mapping
E-001758,GGOCC-00148,IND-TECHNOLOGY___SAAS,EMPLOYS_IN,INTERNAL_RELATIONAL,Medium,PRISM Synthetic Graph Mapping
E-001759,GGOCC-00043,IND-ADVERTISING___MEDIA,EMPLOYS_IN,INTERNAL_RELATIONAL,High,PRISM Synthetic Graph Mapping
E-001760,GGOCC-00043,IND-FAST_MOVING_CONSUMER_GOODS,EMPLOYS_IN,INTERNAL_RELATIONAL,High,PRISM Synthetic Graph Mapping
E-001761,GGOCC-00043,IND-TECHNOLOGY___SAAS,EMPLOYS_IN,INTERNAL_RELATIONAL,Medium,PRISM Synthetic Graph Mapping
E-001762,GGOCC-00253,IND-TECHNOLOGY___TELECOMMUNICATIONS,EMPLOYS_IN,INTERNAL_RELATIONAL,High,PRISM Synthetic Graph Mapping
E-001763,GGOCC-00253,IND-FINANCIAL_SERVICES,EMPLOYS_IN,INTERNAL_RELATIONAL,High,PRISM Synthetic Graph Mapping
E-001764,GGOCC-00253,IND-INDUSTRIAL_PRODUCTS,EMPLOYS_IN,INTERNAL_RELATIONAL,Medium,PRISM Synthetic Graph Mapping
E-001765,GGOCC-00180,IND-MANAGEMENT_CONSULTING,EMPLOYS_IN,INTERNAL_RELATIONAL,High,PRISM Synthetic Graph Mapping
E-001766,GGOCC-00180,IND-TECHNOLOGY___INTERNET,EMPLOYS_IN,INTERNAL_RELATIONAL,High,PRISM Synthetic Graph Mapping
E-001767,GGOCC-00180,IND-RETAIL___FMCG,EMPLOYS_IN,INTERNAL_RELATIONAL,Medium,PRISM Synthetic Graph Mapping
E-001768,GGOCC-00110,IND-TECHNOLOGY___DIGITAL_PRODUCTS,EMPLOYS_IN,INTERNAL_RELATIONAL,High,PRISM Synthetic Graph Mapping
E-001769,GGOCC-00110,IND-CREATIVE___ADVERTISING,EMPLOYS_IN,INTERNAL_RELATIONAL,Medium,PRISM Synthetic Graph Mapping
E-001770,GGOCC-00110,IND-CONSUMER_HARDWARE,EMPLOYS_IN,INTERNAL_RELATIONAL,Niche,PRISM Synthetic Graph Mapping
E-001771,GGOCC-00235,IND-TECHNOLOGY___DIGITAL_PRODUCTS,EMPLOYS_IN,INTERNAL_RELATIONAL,High,PRISM Synthetic Graph Mapping
E-001772,GGOCC-00235,IND-CREATIVE___ADVERTISING,EMPLOYS_IN,INTERNAL_RELATIONAL,Medium,PRISM Synthetic Graph Mapping
E-001773,GGOCC-00235,IND-CONSUMER_HARDWARE,EMPLOYS_IN,INTERNAL_RELATIONAL,Niche,PRISM Synthetic Graph Mapping
E-001774,GGOCC-00033,IND-TECHNOLOGY___DIGITAL_PRODUCTS,EMPLOYS_IN,INTERNAL_RELATIONAL,High,PRISM Synthetic Graph Mapping
E-001775,GGOCC-00033,IND-CREATIVE___ADVERTISING,EMPLOYS_IN,INTERNAL_RELATIONAL,Medium,PRISM Synthetic Graph Mapping
E-001776,GGOCC-00033,IND-CONSUMER_HARDWARE,EMPLOYS_IN,INTERNAL_RELATIONAL,Niche,PRISM Synthetic Graph Mapping
E-001777,GGOCC-00276,IND-TECHNOLOGY___DIGITAL_PRODUCTS,EMPLOYS_IN,INTERNAL_RELATIONAL,High,PRISM Synthetic Graph Mapping
E-001778,GGOCC-00276,IND-CREATIVE___ADVERTISING,EMPLOYS_IN,INTERNAL_RELATIONAL,Medium,PRISM Synthetic Graph Mapping
E-001779,GGOCC-00276,IND-CONSUMER_HARDWARE,EMPLOYS_IN,INTERNAL_RELATIONAL,Niche,PRISM Synthetic Graph Mapping
E-001780,GGOCC-00294,IND-REAL_ESTATE___URBAN_PLANNING,EMPLOYS_IN,INTERNAL_RELATIONAL,High,PRISM Synthetic Graph Mapping
E-001781,GGOCC-00294,IND-CONSTRUCTION___INFRASTRUCTURE,EMPLOYS_IN,INTERNAL_RELATIONAL,High,PRISM Synthetic Graph Mapping
E-001782,GGOCC-00294,IND-HOSPITALITY___LEISURE,EMPLOYS_IN,INTERNAL_RELATIONAL,Niche,PRISM Synthetic Graph Mapping
E-001783,GGOCC-00307,IND-REAL_ESTATE___URBAN_PLANNING,EMPLOYS_IN,INTERNAL_RELATIONAL,High,PRISM Synthetic Graph Mapping
E-001784,GGOCC-00307,IND-CONSTRUCTION___INFRASTRUCTURE,EMPLOYS_IN,INTERNAL_RELATIONAL,High,PRISM Synthetic Graph Mapping
E-001785,GGOCC-00307,IND-HOSPITALITY___LEISURE,EMPLOYS_IN,INTERNAL_RELATIONAL,Niche,PRISM Synthetic Graph Mapping
E-001786,GGOCC-00272,IND-REAL_ESTATE___URBAN_PLANNING,EMPLOYS_IN,INTERNAL_RELATIONAL,High,PRISM Synthetic Graph Mapping
E-001787,GGOCC-00272,IND-CONSTRUCTION___INFRASTRUCTURE,EMPLOYS_IN,INTERNAL_RELATIONAL,High,PRISM Synthetic Graph Mapping
E-001788,GGOCC-00272,IND-HOSPITALITY___LEISURE,EMPLOYS_IN,INTERNAL_RELATIONAL,Niche,PRISM Synthetic Graph Mapping
E-001789,GGOCC-00207,IND-TECHNOLOGY___DIGITAL_PRODUCTS,EMPLOYS_IN,INTERNAL_RELATIONAL,High,PRISM Synthetic Graph Mapping
E-001790,GGOCC-00207,IND-CREATIVE___ADVERTISING,EMPLOYS_IN,INTERNAL_RELATIONAL,Medium,PRISM Synthetic Graph Mapping
E-001791,GGOCC-00207,IND-CONSUMER_HARDWARE,EMPLOYS_IN,INTERNAL_RELATIONAL,Niche,PRISM Synthetic Graph Mapping
E-001792,GGOCC-00201,IND-HIGHER_EDUCATION___ACADEMIA,EMPLOYS_IN,INTERNAL_RELATIONAL,High,PRISM Synthetic Graph Mapping
E-001793,GGOCC-00201,IND-K_12_EDUCATION,EMPLOYS_IN,INTERNAL_RELATIONAL,High,PRISM Synthetic Graph Mapping
E-001794,GGOCC-00201,IND-EDTECH___CORPORATE_LEARNING,EMPLOYS_IN,INTERNAL_RELATIONAL,Medium,PRISM Synthetic Graph Mapping
E-001795,GGOCC-00263,IND-HIGHER_EDUCATION___ACADEMIA,EMPLOYS_IN,INTERNAL_RELATIONAL,High,PRISM Synthetic Graph Mapping
E-001796,GGOCC-00263,IND-K_12_EDUCATION,EMPLOYS_IN,INTERNAL_RELATIONAL,High,PRISM Synthetic Graph Mapping
E-001797,GGOCC-00263,IND-EDTECH___CORPORATE_LEARNING,EMPLOYS_IN,INTERNAL_RELATIONAL,Medium,PRISM Synthetic Graph Mapping
E-001798,GGOCC-00116,IND-NEWS___DIGITAL_PUBLISHING,EMPLOYS_IN,INTERNAL_RELATIONAL,High,PRISM Synthetic Graph Mapping
E-001799,GGOCC-00116,IND-ENTERTAINMENT___FILM,EMPLOYS_IN,INTERNAL_RELATIONAL,High,PRISM Synthetic Graph Mapping
E-001800,GGOCC-00116,IND-CORPORATE_COMMUNICATIONS,EMPLOYS_IN,INTERNAL_RELATIONAL,Medium,PRISM Synthetic Graph Mapping
E-001801,GGOCC-00287,IND-NEWS___DIGITAL_PUBLISHING,EMPLOYS_IN,INTERNAL_RELATIONAL,High,PRISM Synthetic Graph Mapping
E-001802,GGOCC-00287,IND-ENTERTAINMENT___FILM,EMPLOYS_IN,INTERNAL_RELATIONAL,High,PRISM Synthetic Graph Mapping
E-001803,GGOCC-00287,IND-CORPORATE_COMMUNICATIONS,EMPLOYS_IN,INTERNAL_RELATIONAL,Medium,PRISM Synthetic Graph Mapping
E-001804,GGOCC-00214,IND-NEWS___DIGITAL_PUBLISHING,EMPLOYS_IN,INTERNAL_RELATIONAL,High,PRISM Synthetic Graph Mapping
E-001805,GGOCC-00214,IND-ENTERTAINMENT___FILM,EMPLOYS_IN,INTERNAL_RELATIONAL,High,PRISM Synthetic Graph Mapping
E-001806,GGOCC-00214,IND-CORPORATE_COMMUNICATIONS,EMPLOYS_IN,INTERNAL_RELATIONAL,Medium,PRISM Synthetic Graph Mapping
E-001807,GGOCC-00029,IND-BIOTECHNOLOGY___LIFE_SCIENCES,EMPLOYS_IN,INTERNAL_RELATIONAL,High,PRISM Synthetic Graph Mapping
E-001808,GGOCC-00029,IND-AGRICULTURE___SEEDS,EMPLOYS_IN,INTERNAL_RELATIONAL,Medium,PRISM Synthetic Graph Mapping
E-001809,GGOCC-00029,IND-ACADEMIC_RESEARCH,EMPLOYS_IN,INTERNAL_RELATIONAL,Medium,PRISM Synthetic Graph Mapping
E-001810,GGOCC-00246,IND-PUBLIC_ADMINISTRATION,EMPLOYS_IN,INTERNAL_RELATIONAL,High,PRISM Synthetic Graph Mapping
E-001811,GGOCC-00246,IND-URBAN_GOVERNANCE___SMART_CITIES,EMPLOYS_IN,INTERNAL_RELATIONAL,High,PRISM Synthetic Graph Mapping
E-001812,GGOCC-00246,IND-THINK_TANKS___MULTILATERAL_AGENCIES,EMPLOYS_IN,INTERNAL_RELATIONAL,Medium,PRISM Synthetic Graph Mapping
E-001813,GGOCC-00280,IND-HOSPITALITY___TOURISM,EMPLOYS_IN,INTERNAL_RELATIONAL,High,PRISM Synthetic Graph Mapping
E-001814,GGOCC-00280,IND-FOOD___BEVERAGE,EMPLOYS_IN,INTERNAL_RELATIONAL,High,PRISM Synthetic Graph Mapping
E-001815,GGOCC-00280,IND-TRAVEL___CRUISE_LINES,EMPLOYS_IN,INTERNAL_RELATIONAL,Medium,PRISM Synthetic Graph Mapping
E-001816,GGOCC-00050,IND-AVIATION___AIRLINES,EMPLOYS_IN,INTERNAL_RELATIONAL,High,PRISM Synthetic Graph Mapping
E-001817,GGOCC-00050,IND-FACILITY_MANAGEMENT,EMPLOYS_IN,INTERNAL_RELATIONAL,High,PRISM Synthetic Graph Mapping
E-001818,GGOCC-00050,IND-CORPORATE_OPERATIONS,EMPLOYS_IN,INTERNAL_RELATIONAL,Medium,PRISM Synthetic Graph Mapping
E-001819,GGOCC-00017,GGOCC-00015,PROGRESSES_TO,INTERNAL_RELATIONAL,1.0,PRISM Synthetic Progression Model
E-001820,GGOCC-00017,GGOCC-00222,PROGRESSES_TO,INTERNAL_RELATIONAL,1.0,PRISM Synthetic Progression Model
E-001821,GGOCC-00015,GGOCC-00128,PROGRESSES_TO,INTERNAL_RELATIONAL,1.0,PRISM Synthetic Progression Model
E-001822,GGOCC-00237,GGOCC-00266,PROGRESSES_TO,INTERNAL_RELATIONAL,1.0,PRISM Synthetic Progression Model
E-001823,GGOCC-00266,GGOCC-00124,PROGRESSES_TO,INTERNAL_RELATIONAL,1.0,PRISM Synthetic Progression Model
E-001824,GGOCC-00236,GGOCC-00257,PROGRESSES_TO,INTERNAL_RELATIONAL,1.0,PRISM Synthetic Progression Model
E-001825,GGOCC-00279,GGOCC-00225,PROGRESSES_TO,INTERNAL_RELATIONAL,1.0,PRISM Synthetic Progression Model
E-001826,GGOCC-00160,GGOCC-00016,PROGRESSES_TO,INTERNAL_RELATIONAL,1.0,PRISM Synthetic Progression Model
E-001827,GGOCC-00036,GGOCC-00196,PROGRESSES_TO,INTERNAL_RELATIONAL,1.0,PRISM Synthetic Progression Model
E-001828,GGOCC-00036,GGOCC-00199,PROGRESSES_TO,INTERNAL_RELATIONAL,1.0,PRISM Synthetic Progression Model
E-001829,GGOCC-17789,GGOCC-00290,PROGRESSES_TO,INTERNAL_RELATIONAL,1.0,PRISM Synthetic Progression Model
E-001830,GGOCC-08369,GGOCC-00180,PROGRESSES_TO,INTERNAL_RELATIONAL,1.0,PRISM Synthetic Progression Model
E-001831,GGOCC-00110,GGOCC-00235,PROGRESSES_TO,INTERNAL_RELATIONAL,1.0,PRISM Synthetic Progression Model
E-001832,GGOCC-00110,GGOCC-00033,PROGRESSES_TO,INTERNAL_RELATIONAL,1.0,PRISM Synthetic Progression Model
E-001833,GGOCC-00294,GGOCC-00307,PROGRESSES_TO,INTERNAL_RELATIONAL,1.0,PRISM Synthetic Progression Model
E-001834,GGOCC-00115,GGOCC-00222,PROGRESSES_TO,INTERNAL_RELATIONAL,1.0,PRISM Synthetic Progression Model
E-001835,GGOCC-00115,GGOCC-00196,PROGRESSES_TO,INTERNAL_RELATIONAL,1.0,PRISM Synthetic Progression Model
E-001836,GGOCC-00269,GGOCC-00035,PROGRESSES_TO,INTERNAL_RELATIONAL,1.0,PRISM Synthetic Progression Model
E-001837,GGOCC-00026,GGOCC-00097,PROGRESSES_TO,INTERNAL_RELATIONAL,1.0,PRISM Synthetic Progression Model
E-001838,GGOCC-00097,GGOCC-00326,PROGRESSES_TO,INTERNAL_RELATIONAL,1.0,PRISM Synthetic Progression Model
E-001839,GGOCC-00306,GGOCC-01901,PROGRESSES_TO,INTERNAL_RELATIONAL,1.0,PRISM Synthetic Progression Model
E-001840,GGOCC-00162,GGOCC-00225,PROGRESSES_TO,INTERNAL_RELATIONAL,1.0,PRISM Synthetic Progression Model
E-001841,GGOCC-00162,GGOCC-00199,PROGRESSES_TO,INTERNAL_RELATIONAL,1.0,PRISM Synthetic Progression Model
E-001842,GGOCC-00225,GGOCC-00199,PROGRESSES_TO,INTERNAL_RELATIONAL,1.0,PRISM Synthetic Progression Model
E-001843,GGOCC-00036,GGOCC-00959,PROGRESSES_TO,INTERNAL_RELATIONAL,1.0,PRISM Synthetic Progression Model
E-001844,GGOCC-17789,GGOCC-00081,PROGRESSES_TO,INTERNAL_RELATIONAL,1.0,PRISM Synthetic Progression Model
E-001845,GGOCC-00290,GGOCC-00180,PROGRESSES_TO,INTERNAL_RELATIONAL,1.0,PRISM Synthetic Progression Model
E-001846,GGOCC-00222,GGOCC-00015,PROGRESSES_TO,INTERNAL_RELATIONAL,1.0,PRISM Synthetic Progression Model
E-001847,GGOCC-00015,GGOCC-00128,PROGRESSES_TO,INTERNAL_RELATIONAL,1.0,PRISM Synthetic Progression Model
E-001848,GGOCC-00128,GGOCC-00284,PROGRESSES_TO,INTERNAL_RELATIONAL,1.0,PRISM Synthetic Progression Model
E-001849,GGOCC-00013,GGOCC-00059,PROGRESSES_TO,INTERNAL_RELATIONAL,1.0,PRISM Synthetic Progression Model
E-001850,GGOCC-00266,GGOCC-00124,PROGRESSES_TO,INTERNAL_RELATIONAL,1.0,PRISM Synthetic Progression Model
E-001851,GGOCC-00124,GGOCC-00237,PROGRESSES_TO,INTERNAL_RELATIONAL,1.0,PRISM Synthetic Progression Model
E-001852,GGOCC-00053,GGOCC-00242,PROGRESSES_TO,INTERNAL_RELATIONAL,1.0,PRISM Synthetic Progression Model
E-001853,GGOCC-08369,GGOCC-00148,PROGRESSES_TO,INTERNAL_RELATIONAL,1.0,PRISM Synthetic Progression Model
E-001854,GGOCC-00148,GGOCC-00043,PROGRESSES_TO,INTERNAL_RELATIONAL,1.0,PRISM Synthetic Progression Model
E-001855,GGOCC-00235,GGOCC-00033,PROGRESSES_TO,INTERNAL_RELATIONAL,1.0,PRISM Synthetic Progression Model
E-001856,GGOCC-00207,GGOCC-00110,PROGRESSES_TO,INTERNAL_RELATIONAL,1.0,PRISM Synthetic Progression Model
E-001857,GGOCC-00207,GGOCC-00235,PROGRESSES_TO,INTERNAL_RELATIONAL,1.0,PRISM Synthetic Progression Model
E-001858,GGOCC-00294,GGOCC-00272,PROGRESSES_TO,INTERNAL_RELATIONAL,1.0,PRISM Synthetic Progression Model
E-001859,GGOCC-00307,GGOCC-00272,PROGRESSES_TO,INTERNAL_RELATIONAL,1.0,PRISM Synthetic Progression Model
E-001860,GGOCC-00201,GGOCC-00263,PROGRESSES_TO,INTERNAL_RELATIONAL,1.0,PRISM Synthetic Progression Model
E-001861,GGOCC-00287,GGOCC-00214,PROGRESSES_TO,INTERNAL_RELATIONAL,1.0,PRISM Synthetic Progression Model
