student_feature_id,feature_group,features_json,source_file
STU-PSYCH-0001,Psychometric,"{""O_score"": ""5.45"", ""C_score"": ""8.67"", ""E_score"": ""3.45"", ""A_score"": ""5.34"", ""N_score"": ""4.23"", ""Numerical Aptitude"": ""9.23"", ""Spatial Aptitude"": ""4.56"", ""Perceptual Aptitude"": ""6.78"", ""Abstract Reasoning"": ""7.89"", ""Verbal Reasoning"": ""6.12"", ""Career"": ""Accountant""}",data/processed/prism_student_profile/Career Prediction Dataset.csv
STU-PSYCH-0002,Psychometric,"{""O_score"": ""8.78"", ""C_score"": ""5.67"", ""E_score"": ""4.56"", ""A_score"": ""6.45"", ""N_score"": ""4.23"", ""Numerical Aptitude"": ""5.12"", ""Spatial Aptitude"": ""8.45"", ""Perceptual Aptitude"": ""7.89"", ""Abstract Reasoning"": ""6.34"", ""Verbal Reasoning"": ""6.01"", ""Career"": ""Graphic Designer""}",data/processed/prism_student_profile/Career Prediction Dataset.csv
STU-PSYCH-0003,Psychometric,"{""O_score"": ""6.12"", ""C_score"": ""6.78"", ""E_score"": ""9.34"", ""A_score"": ""7.56"", ""N_score"": ""5.01"", ""Numerical Aptitude"": ""6.23"", ""Spatial Aptitude"": ""4.23"", ""Perceptual Aptitude"": ""6.45"", ""Abstract Reasoning"": ""6.67"", ""Verbal Reasoning"": ""8.45"", ""Career"": ""Salesperson""}",data/processed/prism_student_profile/Career Prediction Dataset.csv
STU-PSYCH-0004,Psychometric,"{""O_score"": ""9.12"", ""C_score"": ""8.78"", ""E_score"": ""4.23"", ""A_score"": ""5.67"", ""N_score"": ""4.56"", ""Numerical Aptitude"": ""7.89"", ""Spatial Aptitude"": ""5.34"", ""Perceptual Aptitude"": ""6.45"", ""Abstract Reasoning"": ""9.34"", ""Verbal Reasoning"": ""7.67"", ""Career"": ""Research Scientist""}",data/processed/prism_student_profile/Career Prediction Dataset.csv
STU-PSYCH-0005,Psychometric,"{""O_score"": ""6.45"", ""C_score"": ""7.56"", ""E_score"": ""5.67"", ""A_score"": ""9.12"", ""N_score"": ""4.23"", ""Numerical Aptitude"": ""5.34"", ""Spatial Aptitude"": ""4.01"", ""Perceptual Aptitude"": ""6.23"", ""Abstract Reasoning"": ""5.78"", ""Verbal Reasoning"": ""8.67"", ""Career"": ""Teacher""}",data/processed/prism_student_profile/Career Prediction Dataset.csv
STU-PSYCH-0006,Psychometric,"{""O_score"": ""8.45"", ""C_score"": ""7.01"", ""E_score"": ""5.34"", ""A_score"": ""5.45"", ""N_score"": ""4.56"", ""Numerical Aptitude"": ""6.45"", ""Spatial Aptitude"": ""9.12"", ""Perceptual Aptitude"": ""7.67"", ""Abstract Reasoning"": ""8.89"", ""Verbal Reasoning"": ""4.23"", ""Career"": ""Architect""}",data/processed/prism_student_profile/Career Prediction Dataset.csv
STU-PSYCH-0007,Psychometric,"{""O_score"": ""4.01"", ""C_score"": ""8.23"", ""E_score"": ""6.67"", ""A_score"": ""9.34"", ""N_score"": ""5.12"", ""Numerical Aptitude"": ""4.56"", ""Spatial Aptitude"": ""4.45"", ""Perceptual Aptitude"": ""7.45"", ""Abstract Reasoning"": ""5.78"", ""Verbal Reasoning"": ""7.78"", ""Career"": ""Nurse""}",data/processed/prism_student_profile/Career Prediction Dataset.csv
STU-PSYCH-0008,Psychometric,"{""O_score"": ""8.78"", ""C_score"": ""7.89"", ""E_score"": ""5.67"", ""A_score"": ""6.01"", ""N_score"": ""4.67"", ""Numerical Aptitude"": ""8.45"", ""Spatial Aptitude"": ""4.23"", ""Perceptual Aptitude"": ""5.34"", ""Abstract Reasoning"": ""9.23"", ""Verbal Reasoning"": ""6.45"", ""Career"": ""Software Developer""}",data/processed/prism_student_profile/Career Prediction Dataset.csv
STU-PSYCH-0009,Psychometric,"{""O_score"": ""8.78"", ""C_score"": ""7.45"", ""E_score"": ""5.34"", ""A_score"": ""8.45"", ""N_score"": ""6.01"", ""Numerical Aptitude"": ""4.56"", ""Spatial Aptitude"": ""4.01"", ""Perceptual Aptitude"": ""4.23"", ""Abstract Reasoning"": ""6.67"", ""Verbal Reasoning"": ""9.23"", ""Career"": ""Psychologist""}",data/processed/prism_student_profile/Career Prediction Dataset.csv
STU-PSYCH-0010,Psychometric,"{""O_score"": ""6.78"", ""C_score"": ""6.45"", ""E_score"": ""8.45"", ""A_score"": ""7.67"", ""N_score"": ""4.56"", ""Numerical Aptitude"": ""3.45"", ""Spatial Aptitude"": ""3.12"", ""Perceptual Aptitude"": ""9.34"", ""Abstract Reasoning"": ""3.67"", ""Verbal Reasoning"": ""4.23"", ""Career"": ""Chef""}",data/processed/prism_student_profile/Career Prediction Dataset.csv
STU-PSYCH-0011,Psychometric,"{""O_score"": ""6.23"", ""C_score"": ""7.34"", ""E_score"": ""8.78"", ""A_score"": ""7.45"", ""N_score"": ""5.67"", ""Numerical Aptitude"": ""5.12"", ""Spatial Aptitude"": ""4.34"", ""Perceptual Aptitude"": ""4.67"", ""Abstract Reasoning"": ""6.01"", ""Verbal Reasoning"": ""7.89"", ""Career"": ""Marketing Manager""}",data/processed/prism_student_profile/Career Prediction Dataset.csv
STU-PSYCH-0012,Psychometric,"{""O_score"": ""7.89"", ""C_score"": ""9.23"", ""E_score"": ""5.01"", ""A_score"": ""7.45"", ""N_score"": ""6.34"", ""Numerical Aptitude"": ""4.78"", ""Spatial Aptitude"": ""4.01"", ""Perceptual Aptitude"": ""4.56"", ""Abstract Reasoning"": ""5.67"", ""Verbal Reasoning"": ""8.67"", ""Career"": ""Physician""}",data/processed/prism_student_profile/Career Prediction Dataset.csv
STU-PSYCH-0013,Psychometric,"{""O_score"": ""9.34"", ""C_score"": ""3.56"", ""E_score"": ""7.23"", ""A_score"": ""6.78"", ""N_score"": ""5.45"", ""Numerical Aptitude"": ""2.89"", ""Spatial Aptitude"": ""2.34"", ""Perceptual Aptitude"": ""9.12"", ""Abstract Reasoning"": ""5.23"", ""Verbal Reasoning"": ""4.01"", ""Career"": ""Artist""}",data/processed/prism_student_profile/Career Prediction Dataset.csv
STU-PSYCH-0014,Psychometric,"{""O_score"": ""5.23"", ""C_score"": ""7.12"", ""E_score"": ""7.34"", ""A_score"": ""8.45"", ""N_score"": ""6.45"", ""Numerical Aptitude"": ""4.67"", ""Spatial Aptitude"": ""3.12"", ""Perceptual Aptitude"": ""3.67"", ""Abstract Reasoning"": ""4.34"", ""Verbal Reasoning"": ""7.56"", ""Career"": ""Human Resources Manager""}",data/processed/prism_student_profile/Career Prediction Dataset.csv
STU-PSYCH-0015,Psychometric,"{""O_score"": ""4.56"", ""C_score"": ""6.78"", ""E_score"": ""5.67"", ""A_score"": ""3.23"", ""N_score"": ""2.89"", ""Numerical Aptitude"": ""8.12"", ""Spatial Aptitude"": ""8.67"", ""Perceptual Aptitude"": ""4.01"", ""Abstract Reasoning"": ""7.45"", ""Verbal Reasoning"": ""3.45"", ""Career"": ""Construction Engineer""}",data/processed/prism_student_profile/Career Prediction Dataset.csv
STU-PSYCH-0016,Psychometric,"{""O_score"": ""8.78"", ""C_score"": ""7.34"", ""E_score"": ""5.23"", ""A_score"": ""6.45"", ""N_score"": ""6.01"", ""Numerical Aptitude"": ""4.67"", ""Spatial Aptitude"": ""3.56"", ""Perceptual Aptitude"": ""4.01"", ""Abstract Reasoning"": ""4.45"", ""Verbal Reasoning"": ""9.12"", ""Career"": ""Journalist""}",data/processed/prism_student_profile/Career Prediction Dataset.csv
STU-PSYCH-0017,Psychometric,"{""O_score"": ""9.45"", ""C_score"": ""8.01"", ""E_score"": ""4.67"", ""A_score"": ""5.56"", ""N_score"": ""4.01"", ""Numerical Aptitude"": ""7.78"", ""Spatial Aptitude"": ""7.45"", ""Perceptual Aptitude"": ""6.67"", ""Abstract Reasoning"": ""9.12"", ""Verbal Reasoning"": ""6.34"", ""Career"": ""Astronomer""}",data/processed/prism_student_profile/Career Prediction Dataset.csv
STU-PSYCH-0018,Psychometric,"{""O_score"": ""6.78"", ""C_score"": ""8.67"", ""E_score"": ""5.23"", ""A_score"": ""6.45"", ""N_score"": ""4.01"", ""Numerical Aptitude"": ""9.12"", ""Spatial Aptitude"": ""2.89"", ""Perceptual Aptitude"": ""3.56"", ""Abstract Reasoning"": ""3.23"", ""Verbal Reasoning"": ""4.45"", ""Career"": ""Financial Analyst""}",data/processed/prism_student_profile/Career Prediction Dataset.csv
STU-PSYCH-0019,Psychometric,"{""O_score"": ""8.78"", ""C_score"": ""7.67"", ""E_score"": ""3.67"", ""A_score"": ""6.45"", ""N_score"": ""5.34"", ""Numerical Aptitude"": ""5.67"", ""Spatial Aptitude"": ""4.56"", ""Perceptual Aptitude"": ""6.23"", ""Abstract Reasoning"": ""8.45"", ""Verbal Reasoning"": ""7.12"", ""Career"": ""Biologist""}",data/processed/prism_student_profile/Career Prediction Dataset.csv
STU-PSYCH-0020,Psychometric,"{""O_score"": ""6.67"", ""C_score"": ""6.01"", ""E_score"": ""8.45"", ""A_score"": ""8.23"", ""N_score"": ""4.34"", ""Numerical Aptitude"": ""3.78"", ""Spatial Aptitude"": ""3.45"", ""Perceptual Aptitude"": ""6.78"", ""Abstract Reasoning"": ""4.56"", ""Verbal Reasoning"": ""7.45"", ""Career"": ""Event Planner""}",data/processed/prism_student_profile/Career Prediction Dataset.csv
STU-PSYCH-0021,Psychometric,"{""O_score"": ""6.12"", ""C_score"": ""7.01"", ""E_score"": ""8.67"", ""A_score"": ""7.89"", ""N_score"": ""5.34"", ""Numerical Aptitude"": ""4.23"", ""Spatial Aptitude"": ""3.67"", ""Perceptual Aptitude"": ""4.01"", ""Abstract Reasoning"": ""4.45"", ""Verbal Reasoning"": ""7.45"", ""Career"": ""Real Estate Agent""}",data/processed/prism_student_profile/Career Prediction Dataset.csv
STU-PSYCH-0022,Psychometric,"{""O_score"": ""9.12"", ""C_score"": ""7.45"", ""E_score"": ""4.23"", ""A_score"": ""5.67"", ""N_score"": ""3.78"", ""Numerical Aptitude"": ""7.01"", ""Spatial Aptitude"": ""6.45"", ""Perceptual Aptitude"": ""6.78"", ""Abstract Reasoning"": ""8.78"", ""Verbal Reasoning"": ""6.01"", ""Career"": ""Environmental Scientist""}",data/processed/prism_student_profile/Career Prediction Dataset.csv
STU-PSYCH-0023,Psychometric,"{""O_score"": ""8.45"", ""C_score"": ""7.89"", ""E_score"": ""5.67"", ""A_score"": ""7.12"", ""N_score"": ""6.45"", ""Numerical Aptitude"": ""5.12"", ""Spatial Aptitude"": ""3.45"", ""Perceptual Aptitude"": ""4.23"", ""Abstract Reasoning"": ""4.56"", ""Verbal Reasoning"": ""9.34"", ""Career"": ""Lawyer""}",data/processed/prism_student_profile/Career Prediction Dataset.csv
STU-PSYCH-0024,Psychometric,"{""O_score"": ""6.34"", ""C_score"": ""8.12"", ""E_score"": ""2.89"", ""A_score"": ""6.78"", ""N_score"": ""4.78"", ""Numerical Aptitude"": ""7.45"", ""Spatial Aptitude"": ""3.23"", ""Perceptual Aptitude"": ""3.56"", ""Abstract Reasoning"": ""4.23"", ""Verbal Reasoning"": ""7.01"", ""Career"": ""IT Support Specialist""}",data/processed/prism_student_profile/Career Prediction Dataset.csv
STU-PSYCH-0025,Psychometric,"{""O_score"": ""8.78"", ""C_score"": ""3.78"", ""E_score"": ""7.67"", ""A_score"": ""7.01"", ""N_score"": ""6.01"", ""Numerical Aptitude"": ""3.45"", ""Spatial Aptitude"": ""2.78"", ""Perceptual Aptitude"": ""8.45"", ""Abstract Reasoning"": ""5.67"", ""Verbal Reasoning"": ""4.23"", ""Career"": ""Fashion Designer""}",data/processed/prism_student_profile/Career Prediction Dataset.csv
STU-PSYCH-0026,Psychometric,"{""O_score"": ""6.45"", ""C_score"": ""7.23"", ""E_score"": ""8.12"", ""A_score"": ""7.45"", ""N_score"": ""5.78"", ""Numerical Aptitude"": ""4.67"", ""Spatial Aptitude"": ""3.01"", ""Perceptual Aptitude"": ""3.67"", ""Abstract Reasoning"": ""4.45"", ""Verbal Reasoning"": ""7.67"", ""Career"": ""Marketing Coordinator""}",data/processed/prism_student_profile/Career Prediction Dataset.csv
STU-PSYCH-0027,Psychometric,"{""O_score"": ""7.89"", ""C_score"": ""7.67"", ""E_score"": ""4.01"", ""A_score"": ""5.23"", ""N_score"": ""4.56"", ""Numerical Aptitude"": ""9.45"", ""Spatial Aptitude"": ""3.45"", ""Perceptual Aptitude"": ""6.78"", ""Abstract Reasoning"": ""8.78"", ""Verbal Reasoning"": ""5.34"", ""Career"": ""Biomedical Engineer""}",data/processed/prism_student_profile/Career Prediction Dataset.csv
STU-PSYCH-0028,Psychometric,"{""O_score"": ""7.01"", ""C_score"": ""3.78"", ""E_score"": ""8.45"", ""A_score"": ""6.78"", ""N_score"": ""5.45"", ""Numerical Aptitude"": ""3.56"", ""Spatial Aptitude"": ""5.12"", ""Perceptual Aptitude"": ""9.23"", ""Abstract Reasoning"": ""3.01"", ""Verbal Reasoning"": ""4.23"", ""Career"": ""Event Photographer""}",data/processed/prism_student_profile/Career Prediction Dataset.csv
STU-PSYCH-0029,Psychometric,"{""O_score"": ""6.67"", ""C_score"": ""8.23"", ""E_score"": ""5.12"", ""A_score"": ""6.01"", ""N_score"": ""4.45"", ""Numerical Aptitude"": ""9.12"", ""Spatial Aptitude"": ""3.34"", ""Perceptual Aptitude"": ""3.78"", ""Abstract Reasoning"": ""4.23"", ""Verbal Reasoning"": ""7.45"", ""Career"": ""Data Analyst""}",data/processed/prism_student_profile/Career Prediction Dataset.csv
STU-PSYCH-0030,Psychometric,"{""O_score"": ""7.12"", ""C_score"": ""9.45"", ""E_score"": ""4.23"", ""A_score"": ""6.78"", ""N_score"": ""4.56"", ""Numerical Aptitude"": ""8.67"", ""Spatial Aptitude"": ""3.23"", ""Perceptual Aptitude"": ""3.67"", ""Abstract Reasoning"": ""4.01"", ""Verbal Reasoning"": ""6.45"", ""Career"": ""Pharmacist""}",data/processed/prism_student_profile/Career Prediction Dataset.csv
STU-PSYCH-0031,Psychometric,"{""O_score"": ""7.56"", ""C_score"": ""7.01"", ""E_score"": ""4.67"", ""A_score"": ""9.23"", ""N_score"": ""6.34"", ""Numerical Aptitude"": ""3.45"", ""Spatial Aptitude"": ""2.89"", ""Perceptual Aptitude"": ""4.45"", ""Abstract Reasoning"": ""3.12"", ""Verbal Reasoning"": ""6.67"", ""Career"": ""Social Worker""}",data/processed/prism_student_profile/Career Prediction Dataset.csv
STU-PSYCH-0032,Psychometric,"{""O_score"": ""5.67"", ""C_score"": ""8.78"", ""E_score"": ""6.67"", ""A_score"": ""6.34"", ""N_score"": ""4.34"", ""Numerical Aptitude"": ""9.23"", ""Spatial Aptitude"": ""3.01"", ""Perceptual Aptitude"": ""3.78"", ""Abstract Reasoning"": ""3.45"", ""Verbal Reasoning"": ""4.01"", ""Career"": ""Financial Planner""}",data/processed/prism_student_profile/Career Prediction Dataset.csv
STU-PSYCH-0033,Psychometric,"{""O_score"": ""8.78"", ""C_score"": ""7.67"", ""E_score"": ""4.01"", ""A_score"": ""5.23"", ""N_score"": ""4.56"", ""Numerical Aptitude"": ""7.12"", ""Spatial Aptitude"": ""3.45"", ""Perceptual Aptitude"": ""6.78"", ""Abstract Reasoning"": ""8.45"", ""Verbal Reasoning"": ""5.34"", ""Career"": ""Biotechnologist""}",data/processed/prism_student_profile/Career Prediction Dataset.csv
STU-PSYCH-0034,Psychometric,"{""O_score"": ""6.45"", ""C_score"": ""6.67"", ""E_score"": ""7.01"", ""A_score"": ""8.12"", ""N_score"": ""5.56"", ""Numerical Aptitude"": ""4.01"", ""Spatial Aptitude"": ""3.23"", ""Perceptual Aptitude"": ""3.78"", ""Abstract Reasoning"": ""4.23"", ""Verbal Reasoning"": ""7.45"", ""Career"": ""HR Recruiter""}",data/processed/prism_student_profile/Career Prediction Dataset.csv
STU-PSYCH-0035,Psychometric,"{""O_score"": ""6.78"", ""C_score"": ""8.45"", ""E_score"": ""5.12"", ""A_score"": ""6.01"", ""N_score"": ""4.56"", ""Numerical Aptitude"": ""7.89"", ""Spatial Aptitude"": ""3.45"", ""Perceptual Aptitude"": ""3.67"", ""Abstract Reasoning"": ""4.23"", ""Verbal Reasoning"": ""7.34"", ""Career"": ""Software Quality Assurance Tester""}",data/processed/prism_student_profile/Career Prediction Dataset.csv
STU-PSYCH-0036,Psychometric,"{""O_score"": ""6.45"", ""C_score"": ""7.67"", ""E_score"": ""5.34"", ""A_score"": ""9.23"", ""N_score"": ""4.45"", ""Numerical Aptitude"": ""3.78"", ""Spatial Aptitude"": ""2.89"", ""Perceptual Aptitude"": ""3.01"", ""Abstract Reasoning"": ""3.56"", ""Verbal Reasoning"": ""8.12"", ""Career"": ""Elementary School Teacher""}",data/processed/prism_student_profile/Career Prediction Dataset.csv
STU-PSYCH-0037,Psychometric,"{""O_score"": ""6.01"", ""C_score"": ""7.34"", ""E_score"": ""4.01"", ""A_score"": ""5.23"", ""N_score"": ""4.67"", ""Numerical Aptitude"": ""8.78"", ""Spatial Aptitude"": ""8.23"", ""Perceptual Aptitude"": ""6.78"", ""Abstract Reasoning"": ""7.45"", ""Verbal Reasoning"": ""5.45"", ""Career"": ""Industrial Engineer""}",data/processed/prism_student_profile/Career Prediction Dataset.csv
STU-PSYCH-0038,Psychometric,"{""O_score"": ""8.45"", ""C_score"": ""7.78"", ""E_score"": ""5.67"", ""A_score"": ""7.34"", ""N_score"": ""6.45"", ""Numerical Aptitude"": ""5.12"", ""Spatial Aptitude"": ""3.23"", ""Perceptual Aptitude"": ""3.78"", ""Abstract Reasoning"": ""4.45"", ""Verbal Reasoning"": ""8.12"", ""Career"": ""Market Research Analyst""}",data/processed/prism_student_profile/Career Prediction Dataset.csv
STU-PSYCH-0039,Psychometric,"{""O_score"": ""6.78"", ""C_score"": ""8.67"", ""E_score"": ""4.45"", ""A_score"": ""6.01"", ""N_score"": ""4.78"", ""Numerical Aptitude"": ""8.34"", ""Spatial Aptitude"": ""3.23"", ""Perceptual Aptitude"": ""3.67"", ""Abstract Reasoning"": ""4.12"", ""Verbal Reasoning"": ""7.23"", ""Career"": ""Financial Auditor""}",data/processed/prism_student_profile/Career Prediction Dataset.csv
STU-PSYCH-0040,Psychometric,"{""O_score"": ""9.34"", ""C_score"": ""4.45"", ""E_score"": ""8.45"", ""A_score"": ""6.45"", ""N_score"": ""7.12"", ""Numerical Aptitude"": ""3.23"", ""Spatial Aptitude"": ""3.01"", ""Perceptual Aptitude"": ""6.67"", ""Abstract Reasoning"": ""6.01"", ""Verbal Reasoning"": ""5.23"", ""Career"": ""Musician""}",data/processed/prism_student_profile/Career Prediction Dataset.csv
STU-PSYCH-0041,Psychometric,"{""O_score"": ""5.67"", ""C_score"": ""8.78"", ""E_score"": ""7.12"", ""A_score"": ""6.45"", ""N_score"": ""6.01"", ""Numerical Aptitude"": ""4.56"", ""Spatial Aptitude"": ""3.67"", ""Perceptual Aptitude"": ""4.23"", ""Abstract Reasoning"": ""5.34"", ""Verbal Reasoning"": ""8.45"", ""Career"": ""Police Detective""}",data/processed/prism_student_profile/Career Prediction Dataset.csv
STU-PSYCH-0042,Psychometric,"{""O_score"": ""8.45"", ""C_score"": ""6.45"", ""E_score"": ""7.01"", ""A_score"": ""7.56"", ""N_score"": ""5.67"", ""Numerical Aptitude"": ""3.78"", ""Spatial Aptitude"": ""2.89"", ""Perceptual Aptitude"": ""3.12"", ""Abstract Reasoning"": ""3.45"", ""Verbal Reasoning"": ""8.12"", ""Career"": ""Marketing Copywriter""}",data/processed/prism_student_profile/Career Prediction Dataset.csv
STU-PSYCH-0043,Psychometric,"{""O_score"": ""8.78"", ""C_score"": ""7.67"", ""E_score"": ""4.45"", ""A_score"": ""5.12"", ""N_score"": ""6.01"", ""Numerical Aptitude"": ""5.34"", ""Spatial Aptitude"": ""4.01"", ""Perceptual Aptitude"": ""6.78"", ""Abstract Reasoning"": ""8.34"", ""Verbal Reasoning"": ""7.45"", ""Career"": ""Zoologist""}",data/processed/prism_student_profile/Career Prediction Dataset.csv
STU-PSYCH-0044,Psychometric,"{""O_score"": ""7.78"", ""C_score"": ""7.34"", ""E_score"": ""5.23"", ""A_score"": ""9.12"", ""N_score"": ""6.01"", ""Numerical Aptitude"": ""4.67"", ""Spatial Aptitude"": ""3.23"", ""Perceptual Aptitude"": ""3.67"", ""Abstract Reasoning"": ""4.34"", ""Verbal Reasoning"": ""8.45"", ""Career"": ""Speech Therapist""}",data/processed/prism_student_profile/Career Prediction Dataset.csv
STU-PSYCH-0045,Psychometric,"{""O_score"": ""6.78"", ""C_score"": ""7.23"", ""E_score"": ""3.89"", ""A_score"": ""5.12"", ""N_score"": ""4.67"", ""Numerical Aptitude"": ""8.89"", ""Spatial Aptitude"": ""8.45"", ""Perceptual Aptitude"": ""6.12"", ""Abstract Reasoning"": ""7.78"", ""Verbal Reasoning"": ""5.45"", ""Career"": ""Mechanical Engineer""}",data/processed/prism_student_profile/Career Prediction Dataset.csv
STU-PSYCH-0046,Psychometric,"{""O_score"": ""8.78"", ""C_score"": ""7.67"", ""E_score"": ""4.01"", ""A_score"": ""5.12"", ""N_score"": ""4.67"", ""Numerical Aptitude"": ""7.23"", ""Spatial Aptitude"": ""6.78"", ""Perceptual Aptitude"": ""6.12"", ""Abstract Reasoning"": ""8.45"", ""Verbal Reasoning"": ""5.45"", ""Career"": ""Forensic Scientist""}",data/processed/prism_student_profile/Career Prediction Dataset.csv
STU-PSYCH-0047,Psychometric,"{""O_score"": ""6.67"", ""C_score"": ""7.34"", ""E_score"": ""8.45"", ""A_score"": ""7.89"", ""N_score"": ""5.45"", ""Numerical Aptitude"": ""3.78"", ""Spatial Aptitude"": ""2.89"", ""Perceptual Aptitude"": ""3.12"", ""Abstract Reasoning"": ""3.45"", ""Verbal Reasoning"": ""8.12"", ""Career"": ""Social Media Manager""}",data/processed/prism_student_profile/Career Prediction Dataset.csv
STU-PSYCH-0048,Psychometric,"{""O_score"": ""9.12"", ""C_score"": ""7.45"", ""E_score"": ""4.01"", ""A_score"": ""5.23"", ""N_score"": ""4.67"", ""Numerical Aptitude"": ""7.01"", ""Spatial Aptitude"": ""6.45"", ""Perceptual Aptitude"": ""6.78"", ""Abstract Reasoning"": ""8.78"", ""Verbal Reasoning"": ""5.45"", ""Career"": ""Geologist""}",data/processed/prism_student_profile/Career Prediction Dataset.csv
STU-PSYCH-0049,Psychometric,"{""O_score"": ""8.67"", ""C_score"": ""7.78"", ""E_score"": ""5.67"", ""A_score"": ""4.23"", ""N_score"": ""6.45"", ""Numerical Aptitude"": ""4.45"", ""Spatial Aptitude"": ""3.34"", ""Perceptual Aptitude"": ""3.78"", ""Abstract Reasoning"": ""8.23"", ""Verbal Reasoning"": ""7.45"", ""Career"": ""Web Developer""}",data/processed/prism_student_profile/Career Prediction Dataset.csv
STU-PSYCH-0050,Psychometric,"{""O_score"": ""8.78"", ""C_score"": ""7.67"", ""E_score"": ""4.45"", ""A_score"": ""5.12"", ""N_score"": ""6.01"", ""Numerical Aptitude"": ""5.34"", ""Spatial Aptitude"": ""4.01"", ""Perceptual Aptitude"": ""6.78"", ""Abstract Reasoning"": ""8.34"", ""Verbal Reasoning"": ""7.45"", ""Career"": ""Wildlife Biologist""}",data/processed/prism_student_profile/Career Prediction Dataset.csv
STU-PSYCH-0051,Psychometric,"{""O_score"": ""5.12"", ""C_score"": ""8.89"", ""E_score"": ""4.34"", ""A_score"": ""5.45"", ""N_score"": ""4.78"", ""Numerical Aptitude"": ""8.45"", ""Spatial Aptitude"": ""7.23"", ""Perceptual Aptitude"": ""6.78"", ""Abstract Reasoning"": ""7.67"", ""Verbal Reasoning"": ""5.67"", ""Career"": ""Air Traffic Controller""}",data/processed/prism_student_profile/Career Prediction Dataset.csv
STU-PSYCH-0052,Psychometric,"{""O_score"": ""9.12"", ""C_score"": ""7.45"", ""E_score"": ""5.45"", ""A_score"": ""5.23"", ""N_score"": ""4.67"", ""Numerical Aptitude"": ""7.01"", ""Spatial Aptitude"": ""6.45"", ""Perceptual Aptitude"": ""6.78"", ""Abstract Reasoning"": ""8.78"", ""Verbal Reasoning"": ""4.01"", ""Career"": ""Game Developer""}",data/processed/prism_student_profile/Career Prediction Dataset.csv
STU-PSYCH-0053,Psychometric,"{""O_score"": ""6.78"", ""C_score"": ""7.34"", ""E_score"": ""3.67"", ""A_score"": ""5.23"", ""N_score"": ""4.67"", ""Numerical Aptitude"": ""7.89"", ""Spatial Aptitude"": ""8.45"", ""Perceptual Aptitude"": ""6.12"", ""Abstract Reasoning"": ""4.34"", ""Verbal Reasoning"": ""5.45"", ""Career"": ""Urban Planner""}",data/processed/prism_student_profile/Career Prediction Dataset.csv
STU-PSYCH-0054,Psychometric,"{""O_score"": ""6.67"", ""C_score"": ""7.78"", ""E_score"": ""3.45"", ""A_score"": ""6.01"", ""N_score"": ""5.45"", ""Numerical Aptitude"": ""8.67"", ""Spatial Aptitude"": ""3.12"", ""Perceptual Aptitude"": ""3.78"", ""Abstract Reasoning"": ""4.45"", ""Verbal Reasoning"": ""7.45"", ""Career"": ""Financial Advisor""}",data/processed/prism_student_profile/Career Prediction Dataset.csv
STU-PSYCH-0055,Psychometric,"{""O_score"": ""4.34"", ""C_score"": ""8.89"", ""E_score"": ""4.78"", ""A_score"": ""6.45"", ""N_score"": ""5.45"", ""Numerical Aptitude"": ""7.67"", ""Spatial Aptitude"": ""8.45"", ""Perceptual Aptitude"": ""6.78"", ""Abstract Reasoning"": ""5.12"", ""Verbal Reasoning"": ""7.23"", ""Career"": ""Airline Pilot""}",data/processed/prism_student_profile/Career Prediction Dataset.csv
STU-PSYCH-0056,Psychometric,"{""O_score"": ""8.67"", ""C_score"": ""8.12"", ""E_score"": ""4.01"", ""A_score"": ""5.23"", ""N_score"": ""4.67"", ""Numerical Aptitude"": ""7.45"", ""Spatial Aptitude"": ""7.23"", ""Perceptual Aptitude"": ""6.12"", ""Abstract Reasoning"": ""6.78"", ""Verbal Reasoning"": ""5.45"", ""Career"": ""Environmental Engineer""}",data/processed/prism_student_profile/Career Prediction Dataset.csv
STU-PSYCH-0057,Psychometric,"{""O_score"": ""8.45"", ""C_score"": ""4.23"", ""E_score"": ""7.67"", ""A_score"": ""7.23"", ""N_score"": ""6.45"", ""Numerical Aptitude"": ""3.78"", ""Spatial Aptitude"": ""3.45"", ""Perceptual Aptitude"": ""8.12"", ""Abstract Reasoning"": ""5.67"", ""Verbal Reasoning"": ""4.45"", ""Career"": ""Interior Designer""}",data/processed/prism_student_profile/Career Prediction Dataset.csv
STU-PSYCH-0058,Psychometric,"{""O_score"": ""7.78"", ""C_score"": ""7.34"", ""E_score"": ""5.23"", ""A_score"": ""9.12"", ""N_score"": ""6.01"", ""Numerical Aptitude"": ""4.67"", ""Spatial Aptitude"": ""3.23"", ""Perceptual Aptitude"": ""3.67"", ""Abstract Reasoning"": ""4.34"", ""Verbal Reasoning"": ""8.45"", ""Career"": ""Physical Therapist""}",data/processed/prism_student_profile/Career Prediction Dataset.csv
STU-PSYCH-0059,Psychometric,"{""O_score"": ""6.78"", ""C_score"": ""7.67"", ""E_score"": ""3.78"", ""A_score"": ""4.89"", ""N_score"": ""4.34"", ""Numerical Aptitude"": ""8.56"", ""Spatial Aptitude"": ""9.23"", ""Perceptual Aptitude"": ""6.01"", ""Abstract Reasoning"": ""8.12"", ""Verbal Reasoning"": ""5.45"", ""Career"": ""Mechanical Designer""}",data/processed/prism_student_profile/Career Prediction Dataset.csv
STU-PSYCH-0060,Psychometric,"{""O_score"": ""7.23"", ""C_score"": ""8.34"", ""E_score"": ""5.45"", ""A_score"": ""9.12"", ""N_score"": ""6.01"", ""Numerical Aptitude"": ""4.67"", ""Spatial Aptitude"": ""3.23"", ""Perceptual Aptitude"": ""3.67"", ""Abstract Reasoning"": ""4.34"", ""Verbal Reasoning"": ""7.01"", ""Career"": ""Dental Hygienist""}",data/processed/prism_student_profile/Career Prediction Dataset.csv
STU-PSYCH-0061,Psychometric,"{""O_score"": ""6.67"", ""C_score"": ""8.45"", ""E_score"": ""3.45"", ""A_score"": ""6.12"", ""N_score"": ""5.23"", ""Numerical Aptitude"": ""7.78"", ""Spatial Aptitude"": ""3.12"", ""Perceptual Aptitude"": ""3.78"", ""Abstract Reasoning"": ""4.45"", ""Verbal Reasoning"": ""7.45"", ""Career"": ""Marketing Analyst""}",data/processed/prism_student_profile/Career Prediction Dataset.csv
STU-PSYCH-0062,Psychometric,"{""O_score"": ""7.23"", ""C_score"": ""7.67"", ""E_score"": ""4.23"", ""A_score"": ""5.45"", ""N_score"": ""4.89"", ""Numerical Aptitude"": ""9.23"", ""Spatial Aptitude"": ""8.67"", ""Perceptual Aptitude"": ""6.45"", ""Abstract Reasoning"": ""8.12"", ""Verbal Reasoning"": ""5.67"", ""Career"": ""Aerospace Engineer""}",data/processed/prism_student_profile/Career Prediction Dataset.csv
STU-PSYCH-0063,Psychometric,"{""O_score"": ""6.01"", ""C_score"": ""7.78"", ""E_score"": ""5.23"", ""A_score"": ""9.34"", ""N_score"": ""6.45"", ""Numerical Aptitude"": ""4.67"", ""Spatial Aptitude"": ""3.23"", ""Perceptual Aptitude"": ""3.67"", ""Abstract Reasoning"": ""4.34"", ""Verbal Reasoning"": ""8.45"", ""Career"": ""Pediatric Nurse""}",data/processed/prism_student_profile/Career Prediction Dataset.csv
STU-PSYCH-0064,Psychometric,"{""O_score"": ""7.67"", ""C_score"": ""6.12"", ""E_score"": ""8.78"", ""A_score"": ""7.45"", ""N_score"": ""6.45"", ""Numerical Aptitude"": ""3.45"", ""Spatial Aptitude"": ""2.89"", ""Perceptual Aptitude"": ""3.12"", ""Abstract Reasoning"": ""3.67"", ""Verbal Reasoning"": ""8.23"", ""Career"": ""Advertising Executive""}",data/processed/prism_student_profile/Career Prediction Dataset.csv
STU-PSYCH-0065,Psychometric,"{""O_score"": ""8.89"", ""C_score"": ""7.67"", ""E_score"": ""4.45"", ""A_score"": ""5.12"", ""N_score"": ""6.01"", ""Numerical Aptitude"": ""5.34"", ""Spatial Aptitude"": ""4.01"", ""Perceptual Aptitude"": ""6.78"", ""Abstract Reasoning"": ""8.45"", ""Verbal Reasoning"": ""7.45"", ""Career"": ""Wildlife Conservationist""}",data/processed/prism_student_profile/Career Prediction Dataset.csv
STU-PSYCH-0066,Psychometric,"{""O_score"": ""6.78"", ""C_score"": ""8.45"", ""E_score"": ""7.34"", ""A_score"": ""5.45"", ""N_score"": ""6.01"", ""Numerical Aptitude"": ""4.67"", ""Spatial Aptitude"": ""3.45"", ""Perceptual Aptitude"": ""3.78"", ""Abstract Reasoning"": ""4.23"", ""Verbal Reasoning"": ""7.78"", ""Career"": ""IT Project Manager""}",data/processed/prism_student_profile/Career Prediction Dataset.csv
STU-PSYCH-0067,Psychometric,"{""O_score"": ""7.45"", ""C_score"": ""7.12"", ""E_score"": ""4.67"", ""A_score"": ""8.67"", ""N_score"": ""6.34"", ""Numerical Aptitude"": ""3.45"", ""Spatial Aptitude"": ""2.89"", ""Perceptual Aptitude"": ""4.45"", ""Abstract Reasoning"": ""3.12"", ""Verbal Reasoning"": ""6.78"", ""Career"": ""Forestry Technician""}",data/processed/prism_student_profile/Career Prediction Dataset.csv
STU-PSYCH-0068,Psychometric,"{""O_score"": ""8.78"", ""C_score"": ""4.23"", ""E_score"": ""7.67"", ""A_score"": ""7.45"", ""N_score"": ""6.45"", ""Numerical Aptitude"": ""3.78"", ""Spatial Aptitude"": ""3.45"", ""Perceptual Aptitude"": ""8.34"", ""Abstract Reasoning"": ""5.67"", ""Verbal Reasoning"": ""4.45"", ""Career"": ""Video Game Tester""}",data/processed/prism_student_profile/Career Prediction Dataset.csv
STU-PSYCH-0069,Psychometric,"{""O_score"": ""7.01"", ""C_score"": ""7.78"", ""E_score"": ""5.23"", ""A_score"": ""9.12"", ""N_score"": ""6.01"", ""Numerical Aptitude"": ""4.67"", ""Spatial Aptitude"": ""3.23"", ""Perceptual Aptitude"": ""3.67"", ""Abstract Reasoning"": ""4.34"", ""Verbal Reasoning"": ""8.45"", ""Career"": ""Marriage Counselor""}",data/processed/prism_student_profile/Career Prediction Dataset.csv
STU-PSYCH-0070,Psychometric,"{""O_score"": ""8.67"", ""C_score"": ""8.12"", ""E_score"": ""4.01"", ""A_score"": ""5.23"", ""N_score"": ""4.67"", ""Numerical Aptitude"": ""7.45"", ""Spatial Aptitude"": ""7.23"", ""Perceptual Aptitude"": ""6.12"", ""Abstract Reasoning"": ""6.78"", ""Verbal Reasoning"": ""5.45"", ""Career"": ""Environmental Scientist""}",data/processed/prism_student_profile/Career Prediction Dataset.csv
STU-PSYCH-0071,Psychometric,"{""O_score"": ""9.23"", ""C_score"": ""7.67"", ""E_score"": ""4.23"", ""A_score"": ""5.12"", ""N_score"": ""4.67"", ""Numerical Aptitude"": ""7.23"", ""Spatial Aptitude"": ""3.67"", ""Perceptual Aptitude"": ""6.78"", ""Abstract Reasoning"": ""8.78"", ""Verbal Reasoning"": ""5.45"", ""Career"": ""Biomedical Researcher""}",data/processed/prism_student_profile/Career Prediction Dataset.csv
STU-PSYCH-0072,Psychometric,"{""O_score"": ""6.67"", ""C_score"": ""8.45"", ""E_score"": ""3.45"", ""A_score"": ""6.12"", ""N_score"": ""5.45"", ""Numerical Aptitude"": ""7.78"", ""Spatial Aptitude"": ""3.12"", ""Perceptual Aptitude"": ""3.78"", ""Abstract Reasoning"": ""4.45"", ""Verbal Reasoning"": ""7.45"", ""Career"": ""Database Administrator""}",data/processed/prism_student_profile/Career Prediction Dataset.csv
STU-PSYCH-0073,Psychometric,"{""O_score"": ""6.67"", ""C_score"": ""7.34"", ""E_score"": ""8.67"", ""A_score"": ""7.89"", ""N_score"": ""5.45"", ""Numerical Aptitude"": ""3.78"", ""Spatial Aptitude"": ""2.89"", ""Perceptual Aptitude"": ""3.12"", ""Abstract Reasoning"": ""3.45"", ""Verbal Reasoning"": ""8.12"", ""Career"": ""Public Relations Specialist""}",data/processed/prism_student_profile/Career Prediction Dataset.csv
STU-PSYCH-0074,Psychometric,"{""O_score"": ""7.78"", ""C_score"": ""7.34"", ""E_score"": ""5.23"", ""A_score"": ""9.12"", ""N_score"": ""6.01"", ""Numerical Aptitude"": ""4.67"", ""Spatial Aptitude"": ""3.23"", ""Perceptual Aptitude"": ""3.67"", ""Abstract Reasoning"": ""4.34"", ""Verbal Reasoning"": ""8.45"", ""Career"": ""Genetic Counselor""}",data/processed/prism_student_profile/Career Prediction Dataset.csv
STU-PSYCH-0075,Psychometric,"{""O_score"": ""8.67"", ""C_score"": ""7.67"", ""E_score"": ""6.01"", ""A_score"": ""7.45"", ""N_score"": ""6.45"", ""Numerical Aptitude"": ""4.45"", ""Spatial Aptitude"": ""2.89"", ""Perceptual Aptitude"": ""3.12"", ""Abstract Reasoning"": ""4.67"", ""Verbal Reasoning"": ""8.23"", ""Career"": ""Market Researcher""}",data/processed/prism_student_profile/Career Prediction Dataset.csv
STU-PSYCH-0076,Psychometric,"{""O_score"": ""7.01"", ""C_score"": ""7.78"", ""E_score"": ""5.23"", ""A_score"": ""9.12"", ""N_score"": ""6.01"", ""Numerical Aptitude"": ""4.67"", ""Spatial Aptitude"": ""3.23"", ""Perceptual Aptitude"": ""3.67"", ""Abstract Reasoning"": ""4.34"", ""Verbal Reasoning"": ""8.45"", ""Career"": ""Occupational Therapist""}",data/processed/prism_student_profile/Career Prediction Dataset.csv
STU-PSYCH-0077,Psychometric,"{""O_score"": ""7.23"", ""C_score"": ""7.67"", ""E_score"": ""4.23"", ""A_score"": ""5.45"", ""N_score"": ""4.89"", ""Numerical Aptitude"": ""9.34"", ""Spatial Aptitude"": ""8.67"", ""Perceptual Aptitude"": ""6.45"", ""Abstract Reasoning"": ""8.12"", ""Verbal Reasoning"": ""5.67"", ""Career"": ""Electrical Engineer""}",data/processed/prism_student_profile/Career Prediction Dataset.csv
STU-PSYCH-0078,Psychometric,"{""O_score"": ""7.23"", ""C_score"": ""8.23"", ""E_score"": ""8.67"", ""A_score"": ""6.45"", ""N_score"": ""6.01"", ""Numerical Aptitude"": ""7.67"", ""Spatial Aptitude"": ""4.23"", ""Perceptual Aptitude"": ""4.56"", ""Abstract Reasoning"": ""5.12"", ""Verbal Reasoning"": ""5.45"", ""Career"": ""Investment Banker""}",data/processed/prism_student_profile/Career Prediction Dataset.csv
STU-PSYCH-0079,Psychometric,"{""O_score"": ""8.78"", ""C_score"": ""7.67"", ""E_score"": ""4.45"", ""A_score"": ""5.12"", ""N_score"": ""6.01"", ""Numerical Aptitude"": ""5.34"", ""Spatial Aptitude"": ""4.01"", ""Perceptual Aptitude"": ""6.78"", ""Abstract Reasoning"": ""8.45"", ""Verbal Reasoning"": ""7.45"", ""Career"": ""Marine Biologist""}",data/processed/prism_student_profile/Career Prediction Dataset.csv
STU-PSYCH-0080,Psychometric,"{""O_score"": ""7.45"", ""C_score"": ""7.78"", ""E_score"": ""6.01"", ""A_score"": ""8.67"", ""N_score"": ""6.45"", ""Numerical Aptitude"": ""5.12"", ""Spatial Aptitude"": ""4.23"", ""Perceptual Aptitude"": ""4.56"", ""Abstract Reasoning"": ""5.34"", ""Verbal Reasoning"": ""8.23"", ""Career"": ""Human Rights Lawyer""}",data/processed/prism_student_profile/Career Prediction Dataset.csv
STU-PSYCH-0081,Psychometric,"{""O_score"": ""6.78"", ""C_score"": ""8.45"", ""E_score"": ""3.45"", ""A_score"": ""6.45"", ""N_score"": ""5.45"", ""Numerical Aptitude"": ""8.12"", ""Spatial Aptitude"": ""3.12"", ""Perceptual Aptitude"": ""3.78"", ""Abstract Reasoning"": ""4.45"", ""Verbal Reasoning"": ""7.67"", ""Career"": ""Database Analyst""}",data/processed/prism_student_profile/Career Prediction Dataset.csv
STU-PSYCH-0082,Psychometric,"{""O_score"": ""6.01"", ""C_score"": ""8.45"", ""E_score"": ""5.23"", ""A_score"": ""9.34"", ""N_score"": ""6.45"", ""Numerical Aptitude"": ""4.67"", ""Spatial Aptitude"": ""3.23"", ""Perceptual Aptitude"": ""3.67"", ""Abstract Reasoning"": ""4.34"", ""Verbal Reasoning"": ""7.78"", ""Career"": ""Pediatrician""}",data/processed/prism_student_profile/Career Prediction Dataset.csv
STU-PSYCH-0083,Psychometric,"{""O_score"": ""7.67"", ""C_score"": ""8.78"", ""E_score"": ""5.45"", ""A_score"": ""7.45"", ""N_score"": ""6.01"", ""Numerical Aptitude"": ""4.45"", ""Spatial Aptitude"": ""3.45"", ""Perceptual Aptitude"": ""3.78"", ""Abstract Reasoning"": ""4.23"", ""Verbal Reasoning"": ""8.45"", ""Career"": ""Technical Writer""}",data/processed/prism_student_profile/Career Prediction Dataset.csv
STU-PSYCH-0084,Psychometric,"{""O_score"": ""8.67"", ""C_score"": ""7.78"", ""E_score"": ""4.45"", ""A_score"": ""5.12"", ""N_score"": ""6.01"", ""Numerical Aptitude"": ""5.34"", ""Spatial Aptitude"": ""4.01"", ""Perceptual Aptitude"": ""6.45"", ""Abstract Reasoning"": ""8.23"", ""Verbal Reasoning"": ""7.45"", ""Career"": ""Forensic Psychologist""}",data/processed/prism_student_profile/Career Prediction Dataset.csv
STU-PSYCH-0085,Psychometric,"{""O_score"": ""8.78"", ""C_score"": ""8.34"", ""E_score"": ""7.45"", ""A_score"": ""6.45"", ""N_score"": ""5.45"", ""Numerical Aptitude"": ""4.45"", ""Spatial Aptitude"": ""2.89"", ""Perceptual Aptitude"": ""3.12"", ""Abstract Reasoning"": ""4.67"", ""Verbal Reasoning"": ""7.67"", ""Career"": ""Product Manager""}",data/processed/prism_student_profile/Career Prediction Dataset.csv
STU-PSYCH-0086,Psychometric,"{""O_score"": ""8.78"", ""C_score"": ""4.23"", ""E_score"": ""7.67"", ""A_score"": ""7.45"", ""N_score"": ""6.45"", ""Numerical Aptitude"": ""3.78"", ""Spatial Aptitude"": ""3.45"", ""Perceptual Aptitude"": ""8.34"", ""Abstract Reasoning"": ""5.67"", ""Verbal Reasoning"": ""4.45"", ""Career"": ""Fashion Stylist""}",data/processed/prism_student_profile/Career Prediction Dataset.csv
STU-PSYCH-0087,Psychometric,"{""O_score"": ""6.01"", ""C_score"": ""7.78"", ""E_score"": ""5.23"", ""A_score"": ""9.34"", ""N_score"": ""6.45"", ""Numerical Aptitude"": ""4.67"", ""Spatial Aptitude"": ""3.23"", ""Perceptual Aptitude"": ""3.67"", ""Abstract Reasoning"": ""4.34"", ""Verbal Reasoning"": ""8.45"", ""Career"": ""Speech Pathologist""}",data/processed/prism_student_profile/Career Prediction Dataset.csv
STU-PSYCH-0088,Psychometric,"{""O_score"": ""8.78"", ""C_score"": ""7.67"", ""E_score"": ""4.45"", ""A_score"": ""5.12"", ""N_score"": ""6.01"", ""Numerical Aptitude"": ""5.34"", ""Spatial Aptitude"": ""4.01"", ""Perceptual Aptitude"": ""6.45"", ""Abstract Reasoning"": ""8.34"", ""Verbal Reasoning"": ""7.45"", ""Career"": ""Public Health Analyst""}",data/processed/prism_student_profile/Career Prediction Dataset.csv
STU-PSYCH-0089,Psychometric,"{""O_score"": ""6.78"", ""C_score"": ""7.67"", ""E_score"": ""8.45"", ""A_score"": ""8.23"", ""N_score"": ""6.45"", ""Numerical Aptitude"": ""3.78"", ""Spatial Aptitude"": ""2.89"", ""Perceptual Aptitude"": ""3.12"", ""Abstract Reasoning"": ""3.45"", ""Verbal Reasoning"": ""5.45"", ""Career"": ""Sports Coach""}",data/processed/prism_student_profile/Career Prediction Dataset.csv
STU-PSYCH-0090,Psychometric,"{""O_score"": ""6.78"", ""C_score"": ""8.45"", ""E_score"": ""3.45"", ""A_score"": ""6.45"", ""N_score"": ""5.45"", ""Numerical Aptitude"": ""8.12"", ""Spatial Aptitude"": ""3.12"", ""Perceptual Aptitude"": ""3.78"", ""Abstract Reasoning"": ""4.45"", ""Verbal Reasoning"": ""7.67"", ""Career"": ""Insurance Underwriter""}",data/processed/prism_student_profile/Career Prediction Dataset.csv
STU-PSYCH-0091,Psychometric,"{""O_score"": ""6.01"", ""C_score"": ""7.67"", ""E_score"": ""5.23"", ""A_score"": ""9.12"", ""N_score"": ""6.45"", ""Numerical Aptitude"": ""4.67"", ""Spatial Aptitude"": ""3.23"", ""Perceptual Aptitude"": ""3.67"", ""Abstract Reasoning"": ""4.34"", ""Verbal Reasoning"": ""8.34"", ""Career"": ""Chiropractor""}",data/processed/prism_student_profile/Career Prediction Dataset.csv
STU-PSYCH-0092,Psychometric,"{""O_score"": ""5.23"", ""C_score"": ""7.67"", ""E_score"": ""4.67"", ""A_score"": ""8.56"", ""N_score"": ""8.12"", ""Numerical Aptitude"": ""4.23"", ""Spatial Aptitude"": ""3.12"", ""Perceptual Aptitude"": ""3.45"", ""Abstract Reasoning"": ""3.78"", ""Verbal Reasoning"": ""6.45"", ""Career"": ""Radiologic Technologist""}",data/processed/prism_student_profile/Career Prediction Dataset.csv
STU-PSYCH-0093,Psychometric,"{""O_score"": ""7.67"", ""C_score"": ""9.23"", ""E_score"": ""4.23"", ""A_score"": ""7.34"", ""N_score"": ""6.45"", ""Numerical Aptitude"": ""8.67"", ""Spatial Aptitude"": ""3.78"", ""Perceptual Aptitude"": ""4.45"", ""Abstract Reasoning"": ""5.67"", ""Verbal Reasoning"": ""8.12"", ""Career"": ""Tax Accountant""}",data/processed/prism_student_profile/Career Prediction Dataset.csv
STU-PSYCH-0094,Psychometric,"{""O_score"": ""6.01"", ""C_score"": ""8.45"", ""E_score"": ""3.78"", ""A_score"": ""4.01"", ""N_score"": ""4.67"", ""Numerical Aptitude"": ""7.67"", ""Spatial Aptitude"": ""8.23"", ""Perceptual Aptitude"": ""6.78"", ""Abstract Reasoning"": ""7.45"", ""Verbal Reasoning"": ""4.23"", ""Career"": ""Quality Control Inspector""}",data/processed/prism_student_profile/Career Prediction Dataset.csv
STU-PSYCH-0095,Psychometric,"{""O_score"": ""6.01"", ""C_score"": ""7.78"", ""E_score"": ""5.23"", ""A_score"": ""9.34"", ""N_score"": ""6.45"", ""Numerical Aptitude"": ""4.67"", ""Spatial Aptitude"": ""3.23"", ""Perceptual Aptitude"": ""3.67"", ""Abstract Reasoning"": ""4.34"", ""Verbal Reasoning"": ""8.45"", ""Career"": ""Rehabilitation Counselor""}",data/processed/prism_student_profile/Career Prediction Dataset.csv
STU-PSYCH-0096,Psychometric,"{""O_score"": ""8.67"", ""C_score"": ""4.23"", ""E_score"": ""7.67"", ""A_score"": ""7.45"", ""N_score"": ""6.45"", ""Numerical Aptitude"": ""3.78"", ""Spatial Aptitude"": ""3.45"", ""Perceptual Aptitude"": ""8.23"", ""Abstract Reasoning"": ""5.67"", ""Verbal Reasoning"": ""4.45"", ""Career"": ""Film Director""}",data/processed/prism_student_profile/Career Prediction Dataset.csv
STU-PSYCH-0097,Psychometric,"{""O_score"": ""7.67"", ""C_score"": ""8.23"", ""E_score"": ""6.01"", ""A_score"": ""9.12"", ""N_score"": ""5.45"", ""Numerical Aptitude"": ""4.45"", ""Spatial Aptitude"": ""2.89"", ""Perceptual Aptitude"": ""3.12"", ""Abstract Reasoning"": ""4.67"", ""Verbal Reasoning"": ""8.34"", ""Career"": ""Diplomat""}",data/processed/prism_student_profile/Career Prediction Dataset.csv
STU-PSYCH-0098,Psychometric,"{""O_score"": ""2.67"", ""C_score"": ""8.78"", ""E_score"": ""7.67"", ""A_score"": ""8.45"", ""N_score"": ""6.45"", ""Numerical Aptitude"": ""4.45"", ""Spatial Aptitude"": ""2.89"", ""Perceptual Aptitude"": ""3.12"", ""Abstract Reasoning"": ""4.67"", ""Verbal Reasoning"": ""5.45"", ""Career"": ""Police Officer""}",data/processed/prism_student_profile/Career Prediction Dataset.csv
STU-PSYCH-0099,Psychometric,"{""O_score"": ""7.45"", ""C_score"": ""8.67"", ""E_score"": ""5.23"", ""A_score"": ""7.67"", ""N_score"": ""6.01"", ""Numerical Aptitude"": ""4.67"", ""Spatial Aptitude"": ""3.23"", ""Perceptual Aptitude"": ""3.67"", ""Abstract Reasoning"": ""4.34"", ""Verbal Reasoning"": ""8.23"", ""Career"": ""Administrative Officer""}",data/processed/prism_student_profile/Career Prediction Dataset.csv
STU-PSYCH-0100,Psychometric,"{""O_score"": ""6.78"", ""C_score"": ""8.45"", ""E_score"": ""3.45"", ""A_score"": ""6.45"", ""N_score"": ""5.45"", ""Numerical Aptitude"": ""8.12"", ""Spatial Aptitude"": ""3.12"", ""Perceptual Aptitude"": ""3.78"", ""Abstract Reasoning"": ""4.45"", ""Verbal Reasoning"": ""7.67"", ""Career"": ""Tax Collector""}",data/processed/prism_student_profile/Career Prediction Dataset.csv
STU-PSYCH-0101,Psychometric,"{""O_score"": ""7.67"", ""C_score"": ""8.23"", ""E_score"": ""6.01"", ""A_score"": ""9.12"", ""N_score"": ""5.45"", ""Numerical Aptitude"": ""4.45"", ""Spatial Aptitude"": ""2.89"", ""Perceptual Aptitude"": ""3.12"", ""Abstract Reasoning"": ""4.67"", ""Verbal Reasoning"": ""8.34"", ""Career"": ""Foreign Service Officer""}",data/processed/prism_student_profile/Career Prediction Dataset.csv
STU-PSYCH-0102,Psychometric,"{""O_score"": ""2.67"", ""C_score"": ""8.78"", ""E_score"": ""7.67"", ""A_score"": ""8.45"", ""N_score"": ""6.45"", ""Numerical Aptitude"": ""4.45"", ""Spatial Aptitude"": ""2.89"", ""Perceptual Aptitude"": ""3.12"", ""Abstract Reasoning"": ""4.67"", ""Verbal Reasoning"": ""5.45"", ""Career"": ""Customs and Border Protection Officer""}",data/processed/prism_student_profile/Career Prediction Dataset.csv
STU-PSYCH-0103,Psychometric,"{""O_score"": ""6.78"", ""C_score"": ""8.67"", ""E_score"": ""4.23"", ""A_score"": ""5.23"", ""N_score"": ""4.67"", ""Numerical Aptitude"": ""8.23"", ""Spatial Aptitude"": ""7.67"", ""Perceptual Aptitude"": ""6.01"", ""Abstract Reasoning"": ""7.45"", ""Verbal Reasoning"": ""5.45"", ""Career"": ""Civil Engineer""}",data/processed/prism_student_profile/Career Prediction Dataset.csv
STU-PSYCH-0104,Psychometric,"{""O_score"": ""7.34"", ""C_score"": ""7.67"", ""E_score"": ""4.23"", ""A_score"": ""5.23"", ""N_score"": ""4.67"", ""Numerical Aptitude"": ""9.34"", ""Spatial Aptitude"": ""8.45"", ""Perceptual Aptitude"": ""6.78"", ""Abstract Reasoning"": ""8.12"", ""Verbal Reasoning"": ""5.67"", ""Career"": ""Robotics Engineer""}",data/processed/prism_student_profile/Career Prediction Dataset.csv
STU-PSYCH-0105,Psychometric,"{""O_score"": ""7.34"", ""C_score"": ""7.67"", ""E_score"": ""4.23"", ""A_score"": ""5.45"", ""N_score"": ""4.89"", ""Numerical Aptitude"": ""9.12"", ""Spatial Aptitude"": ""8.67"", ""Perceptual Aptitude"": ""6.45"", ""Abstract Reasoning"": ""8.23"", ""Verbal Reasoning"": ""5.67"", ""Career"": ""Electronics Design Engineer""}",data/processed/prism_student_profile/Career Prediction Dataset.csv
STU-PIP-0001,Academic Performance,"{""Admission_Grade"": ""1"", ""Tuition_Paid"": ""1"", ""Target"": ""Dropout""}",data/processed/prism_student_profile/Student performance (Polytechnic Institute of Portalegre).csv
STU-PIP-0002,Academic Performance,"{""Admission_Grade"": ""1"", ""Tuition_Paid"": ""0"", ""Target"": ""Graduate""}",data/processed/prism_student_profile/Student performance (Polytechnic Institute of Portalegre).csv
STU-PIP-0003,Academic Performance,"{""Admission_Grade"": ""1"", ""Tuition_Paid"": ""0"", ""Target"": ""Dropout""}",data/processed/prism_student_profile/Student performance (Polytechnic Institute of Portalegre).csv
STU-PIP-0004,Academic Performance,"{""Admission_Grade"": ""1"", ""Tuition_Paid"": ""1"", ""Target"": ""Graduate""}",data/processed/prism_student_profile/Student performance (Polytechnic Institute of Portalegre).csv
STU-PIP-0005,Academic Performance,"{""Admission_Grade"": ""1"", ""Tuition_Paid"": ""1"", ""Target"": ""Graduate""}",data/processed/prism_student_profile/Student performance (Polytechnic Institute of Portalegre).csv
STU-PIP-0006,Academic Performance,"{""Admission_Grade"": ""19"", ""Tuition_Paid"": ""1"", ""Target"": ""Graduate""}",data/processed/prism_student_profile/Student performance (Polytechnic Institute of Portalegre).csv
STU-PIP-0007,Academic Performance,"{""Admission_Grade"": ""1"", ""Tuition_Paid"": ""1"", ""Target"": ""Graduate""}",data/processed/prism_student_profile/Student performance (Polytechnic Institute of Portalegre).csv
STU-PIP-0008,Academic Performance,"{""Admission_Grade"": ""1"", ""Tuition_Paid"": ""0"", ""Target"": ""Dropout""}",data/processed/prism_student_profile/Student performance (Polytechnic Institute of Portalegre).csv
STU-PIP-0009,Academic Performance,"{""Admission_Grade"": ""1"", ""Tuition_Paid"": ""1"", ""Target"": ""Graduate""}",data/processed/prism_student_profile/Student performance (Polytechnic Institute of Portalegre).csv
STU-PIP-0010,Academic Performance,"{""Admission_Grade"": ""1"", ""Tuition_Paid"": ""0"", ""Target"": ""Dropout""}",data/processed/prism_student_profile/Student performance (Polytechnic Institute of Portalegre).csv
STU-PIP-0011,Academic Performance,"{""Admission_Grade"": ""1"", ""Tuition_Paid"": ""1"", ""Target"": ""Graduate""}",data/processed/prism_student_profile/Student performance (Polytechnic Institute of Portalegre).csv
STU-PIP-0012,Academic Performance,"{""Admission_Grade"": ""1"", ""Tuition_Paid"": ""1"", ""Target"": ""Graduate""}",data/processed/prism_student_profile/Student performance (Polytechnic Institute of Portalegre).csv
STU-PIP-0013,Academic Performance,"{""Admission_Grade"": ""1"", ""Tuition_Paid"": ""1"", ""Target"": ""Dropout""}",data/processed/prism_student_profile/Student performance (Polytechnic Institute of Portalegre).csv
STU-PIP-0014,Academic Performance,"{""Admission_Grade"": ""42"", ""Tuition_Paid"": ""1"", ""Target"": ""Graduate""}",data/processed/prism_student_profile/Student performance (Polytechnic Institute of Portalegre).csv
STU-PIP-0015,Academic Performance,"{""Admission_Grade"": ""1"", ""Tuition_Paid"": ""1"", ""Target"": ""Graduate""}",data/processed/prism_student_profile/Student performance (Polytechnic Institute of Portalegre).csv
STU-PIP-0016,Academic Performance,"{""Admission_Grade"": ""1"", ""Tuition_Paid"": ""1"", ""Target"": ""Dropout""}",data/processed/prism_student_profile/Student performance (Polytechnic Institute of Portalegre).csv
STU-PIP-0017,Academic Performance,"{""Admission_Grade"": ""1"", ""Tuition_Paid"": ""1"", ""Target"": ""Enrolled""}",data/processed/prism_student_profile/Student performance (Polytechnic Institute of Portalegre).csv
STU-PIP-0018,Academic Performance,"{""Admission_Grade"": ""1"", ""Tuition_Paid"": ""1"", ""Target"": ""Graduate""}",data/processed/prism_student_profile/Student performance (Polytechnic Institute of Portalegre).csv
STU-PIP-0019,Academic Performance,"{""Admission_Grade"": ""1"", ""Tuition_Paid"": ""1"", ""Target"": ""Graduate""}",data/processed/prism_student_profile/Student performance (Polytechnic Institute of Portalegre).csv
STU-PIP-0020,Academic Performance,"{""Admission_Grade"": ""1"", ""Tuition_Paid"": ""1"", ""Target"": ""Enrolled""}",data/processed/prism_student_profile/Student performance (Polytechnic Institute of Portalegre).csv
STU-PIP-0021,Academic Performance,"{""Admission_Grade"": ""1"", ""Tuition_Paid"": ""1"", ""Target"": ""Graduate""}",data/processed/prism_student_profile/Student performance (Polytechnic Institute of Portalegre).csv
STU-PIP-0022,Academic Performance,"{""Admission_Grade"": ""1"", ""Tuition_Paid"": ""1"", ""Target"": ""Enrolled""}",data/processed/prism_student_profile/Student performance (Polytechnic Institute of Portalegre).csv
STU-PIP-0023,Academic Performance,"{""Admission_Grade"": ""1"", ""Tuition_Paid"": ""1"", ""Target"": ""Graduate""}",data/processed/prism_student_profile/Student performance (Polytechnic Institute of Portalegre).csv
STU-PIP-0024,Academic Performance,"{""Admission_Grade"": ""1"", ""Tuition_Paid"": ""1"", ""Target"": ""Graduate""}",data/processed/prism_student_profile/Student performance (Polytechnic Institute of Portalegre).csv
STU-PIP-0025,Academic Performance,"{""Admission_Grade"": ""1"", ""Tuition_Paid"": ""1"", ""Target"": ""Graduate""}",data/processed/prism_student_profile/Student performance (Polytechnic Institute of Portalegre).csv
STU-PIP-0026,Academic Performance,"{""Admission_Grade"": ""1"", ""Tuition_Paid"": ""1"", ""Target"": ""Enrolled""}",data/processed/prism_student_profile/Student performance (Polytechnic Institute of Portalegre).csv
STU-PIP-0027,Academic Performance,"{""Admission_Grade"": ""1"", ""Tuition_Paid"": ""1"", ""Target"": ""Graduate""}",data/processed/prism_student_profile/Student performance (Polytechnic Institute of Portalegre).csv
STU-PIP-0028,Academic Performance,"{""Admission_Grade"": ""1"", ""Tuition_Paid"": ""1"", ""Target"": ""Enrolled""}",data/processed/prism_student_profile/Student performance (Polytechnic Institute of Portalegre).csv
STU-PIP-0029,Academic Performance,"{""Admission_Grade"": ""1"", ""Tuition_Paid"": ""1"", ""Target"": ""Graduate""}",data/processed/prism_student_profile/Student performance (Polytechnic Institute of Portalegre).csv
STU-PIP-0030,Academic Performance,"{""Admission_Grade"": ""1"", ""Tuition_Paid"": ""1"", ""Target"": ""Enrolled""}",data/processed/prism_student_profile/Student performance (Polytechnic Institute of Portalegre).csv
STU-PIP-0031,Academic Performance,"{""Admission_Grade"": ""39"", ""Tuition_Paid"": ""1"", ""Target"": ""Enrolled""}",data/processed/prism_student_profile/Student performance (Polytechnic Institute of Portalegre).csv
STU-PIP-0032,Academic Performance,"{""Admission_Grade"": ""1"", ""Tuition_Paid"": ""1"", ""Target"": ""Graduate""}",data/processed/prism_student_profile/Student performance (Polytechnic Institute of Portalegre).csv
STU-PIP-0033,Academic Performance,"{""Admission_Grade"": ""1"", ""Tuition_Paid"": ""0"", ""Target"": ""Enrolled""}",data/processed/prism_student_profile/Student performance (Polytechnic Institute of Portalegre).csv
STU-PIP-0034,Academic Performance,"{""Admission_Grade"": ""1"", ""Tuition_Paid"": ""1"", ""Target"": ""Graduate""}",data/processed/prism_student_profile/Student performance (Polytechnic Institute of Portalegre).csv
STU-PIP-0035,Academic Performance,"{""Admission_Grade"": ""1"", ""Tuition_Paid"": ""1"", ""Target"": ""Graduate""}",data/processed/prism_student_profile/Student performance (Polytechnic Institute of Portalegre).csv
STU-PIP-0036,Academic Performance,"{""Admission_Grade"": ""1"", ""Tuition_Paid"": ""0"", ""Target"": ""Dropout""}",data/processed/prism_student_profile/Student performance (Polytechnic Institute of Portalegre).csv
STU-PIP-0037,Academic Performance,"{""Admission_Grade"": ""10"", ""Tuition_Paid"": ""1"", ""Target"": ""Dropout""}",data/processed/prism_student_profile/Student performance (Polytechnic Institute of Portalegre).csv
STU-PIP-0038,Academic Performance,"{""Admission_Grade"": ""1"", ""Tuition_Paid"": ""1"", ""Target"": ""Dropout""}",data/processed/prism_student_profile/Student performance (Polytechnic Institute of Portalegre).csv
STU-PIP-0039,Academic Performance,"{""Admission_Grade"": ""1"", ""Tuition_Paid"": ""1"", ""Target"": ""Graduate""}",data/processed/prism_student_profile/Student performance (Polytechnic Institute of Portalegre).csv
STU-PIP-0040,Academic Performance,"{""Admission_Grade"": ""39"", ""Tuition_Paid"": ""0"", ""Target"": ""Dropout""}",data/processed/prism_student_profile/Student performance (Polytechnic Institute of Portalegre).csv
STU-PIP-0041,Academic Performance,"{""Admission_Grade"": ""1"", ""Tuition_Paid"": ""1"", ""Target"": ""Dropout""}",data/processed/prism_student_profile/Student performance (Polytechnic Institute of Portalegre).csv
STU-PIP-0042,Academic Performance,"{""Admission_Grade"": ""1"", ""Tuition_Paid"": ""1"", ""Target"": ""Graduate""}",data/processed/prism_student_profile/Student performance (Polytechnic Institute of Portalegre).csv
STU-PIP-0043,Academic Performance,"{""Admission_Grade"": ""1"", ""Tuition_Paid"": ""1"", ""Target"": ""Graduate""}",data/processed/prism_student_profile/Student performance (Polytechnic Institute of Portalegre).csv
STU-PIP-0044,Academic Performance,"{""Admission_Grade"": ""1"", ""Tuition_Paid"": ""0"", ""Target"": ""Dropout""}",data/processed/prism_student_profile/Student performance (Polytechnic Institute of Portalegre).csv
STU-PIP-0045,Academic Performance,"{""Admission_Grade"": ""1"", ""Tuition_Paid"": ""1"", ""Target"": ""Dropout""}",data/processed/prism_student_profile/Student performance (Polytechnic Institute of Portalegre).csv
STU-PIP-0046,Academic Performance,"{""Admission_Grade"": ""1"", ""Tuition_Paid"": ""1"", ""Target"": ""Enrolled""}",data/processed/prism_student_profile/Student performance (Polytechnic Institute of Portalegre).csv
STU-PIP-0047,Academic Performance,"{""Admission_Grade"": ""1"", ""Tuition_Paid"": ""1"", ""Target"": ""Graduate""}",data/processed/prism_student_profile/Student performance (Polytechnic Institute of Portalegre).csv
STU-PIP-0048,Academic Performance,"{""Admission_Grade"": ""1"", ""Tuition_Paid"": ""1"", ""Target"": ""Graduate""}",data/processed/prism_student_profile/Student performance (Polytechnic Institute of Portalegre).csv
STU-PIP-0049,Academic Performance,"{""Admission_Grade"": ""39"", ""Tuition_Paid"": ""1"", ""Target"": ""Graduate""}",data/processed/prism_student_profile/Student performance (Polytechnic Institute of Portalegre).csv
STU-PIP-0050,Academic Performance,"{""Admission_Grade"": ""1"", ""Tuition_Paid"": ""1"", ""Target"": ""Graduate""}",data/processed/prism_student_profile/Student performance (Polytechnic Institute of Portalegre).csv
STU-PIP-0051,Academic Performance,"{""Admission_Grade"": ""1"", ""Tuition_Paid"": ""1"", ""Target"": ""Graduate""}",data/processed/prism_student_profile/Student performance (Polytechnic Institute of Portalegre).csv
STU-PIP-0052,Academic Performance,"{""Admission_Grade"": ""1"", ""Tuition_Paid"": ""1"", ""Target"": ""Enrolled""}",data/processed/prism_student_profile/Student performance (Polytechnic Institute of Portalegre).csv
STU-PIP-0053,Academic Performance,"{""Admission_Grade"": ""1"", ""Tuition_Paid"": ""1"", ""Target"": ""Enrolled""}",data/processed/prism_student_profile/Student performance (Polytechnic Institute of Portalegre).csv
STU-PIP-0054,Academic Performance,"{""Admission_Grade"": ""1"", ""Tuition_Paid"": ""1"", ""Target"": ""Graduate""}",data/processed/prism_student_profile/Student performance (Polytechnic Institute of Portalegre).csv
STU-PIP-0055,Academic Performance,"{""Admission_Grade"": ""1"", ""Tuition_Paid"": ""1"", ""Target"": ""Dropout""}",data/processed/prism_student_profile/Student performance (Polytechnic Institute of Portalegre).csv
STU-PIP-0056,Academic Performance,"{""Admission_Grade"": ""1"", ""Tuition_Paid"": ""1"", ""Target"": ""Graduate""}",data/processed/prism_student_profile/Student performance (Polytechnic Institute of Portalegre).csv
STU-PIP-0057,Academic Performance,"{""Admission_Grade"": ""3"", ""Tuition_Paid"": ""1"", ""Target"": ""Dropout""}",data/processed/prism_student_profile/Student performance (Polytechnic Institute of Portalegre).csv
STU-PIP-0058,Academic Performance,"{""Admission_Grade"": ""40"", ""Tuition_Paid"": ""1"", ""Target"": ""Dropout""}",data/processed/prism_student_profile/Student performance (Polytechnic Institute of Portalegre).csv
STU-PIP-0059,Academic Performance,"{""Admission_Grade"": ""1"", ""Tuition_Paid"": ""1"", ""Target"": ""Graduate""}",data/processed/prism_student_profile/Student performance (Polytechnic Institute of Portalegre).csv
STU-PIP-0060,Academic Performance,"{""Admission_Grade"": ""1"", ""Tuition_Paid"": ""1"", ""Target"": ""Enrolled""}",data/processed/prism_student_profile/Student performance (Polytechnic Institute of Portalegre).csv
STU-PIP-0061,Academic Performance,"{""Admission_Grade"": ""1"", ""Tuition_Paid"": ""1"", ""Target"": ""Graduate""}",data/processed/prism_student_profile/Student performance (Polytechnic Institute of Portalegre).csv
STU-PIP-0062,Academic Performance,"{""Admission_Grade"": ""39"", ""Tuition_Paid"": ""1"", ""Target"": ""Graduate""}",data/processed/prism_student_profile/Student performance (Polytechnic Institute of Portalegre).csv
STU-PIP-0063,Academic Performance,"{""Admission_Grade"": ""1"", ""Tuition_Paid"": ""1"", ""Target"": ""Enrolled""}",data/processed/prism_student_profile/Student performance (Polytechnic Institute of Portalegre).csv
STU-PIP-0064,Academic Performance,"{""Admission_Grade"": ""1"", ""Tuition_Paid"": ""1"", ""Target"": ""Enrolled""}",data/processed/prism_student_profile/Student performance (Polytechnic Institute of Portalegre).csv
STU-PIP-0065,Academic Performance,"{""Admission_Grade"": ""1"", ""Tuition_Paid"": ""1"", ""Target"": ""Enrolled""}",data/processed/prism_student_profile/Student performance (Polytechnic Institute of Portalegre).csv
STU-PIP-0066,Academic Performance,"{""Admission_Grade"": ""19"", ""Tuition_Paid"": ""1"", ""Target"": ""Dropout""}",data/processed/prism_student_profile/Student performance (Polytechnic Institute of Portalegre).csv
STU-PIP-0067,Academic Performance,"{""Admission_Grade"": ""1"", ""Tuition_Paid"": ""1"", ""Target"": ""Graduate""}",data/processed/prism_student_profile/Student performance (Polytechnic Institute of Portalegre).csv
STU-PIP-0068,Academic Performance,"{""Admission_Grade"": ""39"", ""Tuition_Paid"": ""1"", ""Target"": ""Graduate""}",data/processed/prism_student_profile/Student performance (Polytechnic Institute of Portalegre).csv
STU-PIP-0069,Academic Performance,"{""Admission_Grade"": ""1"", ""Tuition_Paid"": ""1"", ""Target"": ""Dropout""}",data/processed/prism_student_profile/Student performance (Polytechnic Institute of Portalegre).csv
STU-PIP-0070,Academic Performance,"{""Admission_Grade"": ""1"", ""Tuition_Paid"": ""1"", ""Target"": ""Enrolled""}",data/processed/prism_student_profile/Student performance (Polytechnic Institute of Portalegre).csv
STU-PIP-0071,Academic Performance,"{""Admission_Grade"": ""1"", ""Tuition_Paid"": ""1"", ""Target"": ""Enrolled""}",data/processed/prism_student_profile/Student performance (Polytechnic Institute of Portalegre).csv
STU-PIP-0072,Academic Performance,"{""Admission_Grade"": ""1"", ""Tuition_Paid"": ""1"", ""Target"": ""Graduate""}",data/processed/prism_student_profile/Student performance (Polytechnic Institute of Portalegre).csv
STU-PIP-0073,Academic Performance,"{""Admission_Grade"": ""1"", ""Tuition_Paid"": ""1"", ""Target"": ""Dropout""}",data/processed/prism_student_profile/Student performance (Polytechnic Institute of Portalegre).csv
STU-PIP-0074,Academic Performance,"{""Admission_Grade"": ""1"", ""Tuition_Paid"": ""1"", ""Target"": ""Dropout""}",data/processed/prism_student_profile/Student performance (Polytechnic Institute of Portalegre).csv
STU-PIP-0075,Academic Performance,"{""Admission_Grade"": ""1"", ""Tuition_Paid"": ""1"", ""Target"": ""Graduate""}",data/processed/prism_student_profile/Student performance (Polytechnic Institute of Portalegre).csv
STU-PIP-0076,Academic Performance,"{""Admission_Grade"": ""1"", ""Tuition_Paid"": ""1"", ""Target"": ""Dropout""}",data/processed/prism_student_profile/Student performance (Polytechnic Institute of Portalegre).csv
STU-PIP-0077,Academic Performance,"{""Admission_Grade"": ""1"", ""Tuition_Paid"": ""1"", ""Target"": ""Dropout""}",data/processed/prism_student_profile/Student performance (Polytechnic Institute of Portalegre).csv
STU-PIP-0078,Academic Performance,"{""Admission_Grade"": ""1"", ""Tuition_Paid"": ""1"", ""Target"": ""Graduate""}",data/processed/prism_student_profile/Student performance (Polytechnic Institute of Portalegre).csv
STU-PIP-0079,Academic Performance,"{""Admission_Grade"": ""1"", ""Tuition_Paid"": ""1"", ""Target"": ""Graduate""}",data/processed/prism_student_profile/Student performance (Polytechnic Institute of Portalegre).csv
STU-PIP-0080,Academic Performance,"{""Admission_Grade"": ""1"", ""Tuition_Paid"": ""1"", ""Target"": ""Graduate""}",data/processed/prism_student_profile/Student performance (Polytechnic Institute of Portalegre).csv
STU-PIP-0081,Academic Performance,"{""Admission_Grade"": ""1"", ""Tuition_Paid"": ""1"", ""Target"": ""Dropout""}",data/processed/prism_student_profile/Student performance (Polytechnic Institute of Portalegre).csv
STU-PIP-0082,Academic Performance,"{""Admission_Grade"": ""2"", ""Tuition_Paid"": ""1"", ""Target"": ""Dropout""}",data/processed/prism_student_profile/Student performance (Polytechnic Institute of Portalegre).csv
STU-PIP-0083,Academic Performance,"{""Admission_Grade"": ""4"", ""Tuition_Paid"": ""1"", ""Target"": ""Dropout""}",data/processed/prism_student_profile/Student performance (Polytechnic Institute of Portalegre).csv
STU-PIP-0084,Academic Performance,"{""Admission_Grade"": ""1"", ""Tuition_Paid"": ""1"", ""Target"": ""Enrolled""}",data/processed/prism_student_profile/Student performance (Polytechnic Institute of Portalegre).csv
STU-PIP-0085,Academic Performance,"{""Admission_Grade"": ""1"", ""Tuition_Paid"": ""1"", ""Target"": ""Graduate""}",data/processed/prism_student_profile/Student performance (Polytechnic Institute of Portalegre).csv
STU-PIP-0086,Academic Performance,"{""Admission_Grade"": ""1"", ""Tuition_Paid"": ""1"", ""Target"": ""Graduate""}",data/processed/prism_student_profile/Student performance (Polytechnic Institute of Portalegre).csv
STU-PIP-0087,Academic Performance,"{""Admission_Grade"": ""1"", ""Tuition_Paid"": ""1"", ""Target"": ""Graduate""}",data/processed/prism_student_profile/Student performance (Polytechnic Institute of Portalegre).csv
STU-PIP-0088,Academic Performance,"{""Admission_Grade"": ""1"", ""Tuition_Paid"": ""1"", ""Target"": ""Graduate""}",data/processed/prism_student_profile/Student performance (Polytechnic Institute of Portalegre).csv
STU-PIP-0089,Academic Performance,"{""Admission_Grade"": ""1"", ""Tuition_Paid"": ""1"", ""Target"": ""Enrolled""}",data/processed/prism_student_profile/Student performance (Polytechnic Institute of Portalegre).csv
STU-PIP-0090,Academic Performance,"{""Admission_Grade"": ""1"", ""Tuition_Paid"": ""1"", ""Target"": ""Enrolled""}",data/processed/prism_student_profile/Student performance (Polytechnic Institute of Portalegre).csv
STU-PIP-0091,Academic Performance,"{""Admission_Grade"": ""1"", ""Tuition_Paid"": ""1"", ""Target"": ""Dropout""}",data/processed/prism_student_profile/Student performance (Polytechnic Institute of Portalegre).csv
STU-PIP-0092,Academic Performance,"{""Admission_Grade"": ""1"", ""Tuition_Paid"": ""0"", ""Target"": ""Graduate""}",data/processed/prism_student_profile/Student performance (Polytechnic Institute of Portalegre).csv
STU-PIP-0093,Academic Performance,"{""Admission_Grade"": ""1"", ""Tuition_Paid"": ""1"", ""Target"": ""Dropout""}",data/processed/prism_student_profile/Student performance (Polytechnic Institute of Portalegre).csv
STU-PIP-0094,Academic Performance,"{""Admission_Grade"": ""10"", ""Tuition_Paid"": ""1"", ""Target"": ""Dropout""}",data/processed/prism_student_profile/Student performance (Polytechnic Institute of Portalegre).csv
STU-PIP-0095,Academic Performance,"{""Admission_Grade"": ""1"", ""Tuition_Paid"": ""1"", ""Target"": ""Graduate""}",data/processed/prism_student_profile/Student performance (Polytechnic Institute of Portalegre).csv
STU-PIP-0096,Academic Performance,"{""Admission_Grade"": ""1"", ""Tuition_Paid"": ""1"", ""Target"": ""Enrolled""}",data/processed/prism_student_profile/Student performance (Polytechnic Institute of Portalegre).csv
STU-PIP-0097,Academic Performance,"{""Admission_Grade"": ""1"", ""Tuition_Paid"": ""1"", ""Target"": ""Graduate""}",data/processed/prism_student_profile/Student performance (Polytechnic Institute of Portalegre).csv
STU-PIP-0098,Academic Performance,"{""Admission_Grade"": ""1"", ""Tuition_Paid"": ""1"", ""Target"": ""Graduate""}",data/processed/prism_student_profile/Student performance (Polytechnic Institute of Portalegre).csv
STU-PIP-0099,Academic Performance,"{""Admission_Grade"": ""1"", ""Tuition_Paid"": ""1"", ""Target"": ""Enrolled""}",data/processed/prism_student_profile/Student performance (Polytechnic Institute of Portalegre).csv
STU-PIP-0100,Academic Performance,"{""Admission_Grade"": ""1"", ""Tuition_Paid"": ""0"", ""Target"": ""Dropout""}",data/processed/prism_student_profile/Student performance (Polytechnic Institute of Portalegre).csv
STU-PIP-0101,Academic Performance,"{""Admission_Grade"": ""42"", ""Tuition_Paid"": ""1"", ""Target"": ""Dropout""}",data/processed/prism_student_profile/Student performance (Polytechnic Institute of Portalegre).csv
STU-PIP-0102,Academic Performance,"{""Admission_Grade"": ""1"", ""Tuition_Paid"": ""1"", ""Target"": ""Graduate""}",data/processed/prism_student_profile/Student performance (Polytechnic Institute of Portalegre).csv
STU-PIP-0103,Academic Performance,"{""Admission_Grade"": ""1"", ""Tuition_Paid"": ""1"", ""Target"": ""Dropout""}",data/processed/prism_student_profile/Student performance (Polytechnic Institute of Portalegre).csv
STU-PIP-0104,Academic Performance,"{""Admission_Grade"": ""12"", ""Tuition_Paid"": ""1"", ""Target"": ""Graduate""}",data/processed/prism_student_profile/Student performance (Polytechnic Institute of Portalegre).csv
STU-PIP-0105,Academic Performance,"{""Admission_Grade"": ""1"", ""Tuition_Paid"": ""1"", ""Target"": ""Dropout""}",data/processed/prism_student_profile/Student performance (Polytechnic Institute of Portalegre).csv
STU-PIP-0106,Academic Performance,"{""Admission_Grade"": ""1"", ""Tuition_Paid"": ""1"", ""Target"": ""Graduate""}",data/processed/prism_student_profile/Student performance (Polytechnic Institute of Portalegre).csv
STU-PIP-0107,Academic Performance,"{""Admission_Grade"": ""1"", ""Tuition_Paid"": ""1"", ""Target"": ""Dropout""}",data/processed/prism_student_profile/Student performance (Polytechnic Institute of Portalegre).csv
STU-PIP-0108,Academic Performance,"{""Admission_Grade"": ""1"", ""Tuition_Paid"": ""1"", ""Target"": ""Dropout""}",data/processed/prism_student_profile/Student performance (Polytechnic Institute of Portalegre).csv
STU-PIP-0109,Academic Performance,"{""Admission_Grade"": ""1"", ""Tuition_Paid"": ""1"", ""Target"": ""Dropout""}",data/processed/prism_student_profile/Student performance (Polytechnic Institute of Portalegre).csv
STU-PIP-0110,Academic Performance,"{""Admission_Grade"": ""1"", ""Tuition_Paid"": ""1"", ""Target"": ""Enrolled""}",data/processed/prism_student_profile/Student performance (Polytechnic Institute of Portalegre).csv
STU-PIP-0111,Academic Performance,"{""Admission_Grade"": ""1"", ""Tuition_Paid"": ""1"", ""Target"": ""Graduate""}",data/processed/prism_student_profile/Student performance (Polytechnic Institute of Portalegre).csv
STU-PIP-0112,Academic Performance,"{""Admission_Grade"": ""1"", ""Tuition_Paid"": ""1"", ""Target"": ""Enrolled""}",data/processed/prism_student_profile/Student performance (Polytechnic Institute of Portalegre).csv
STU-PIP-0113,Academic Performance,"{""Admission_Grade"": ""1"", ""Tuition_Paid"": ""1"", ""Target"": ""Graduate""}",data/processed/prism_student_profile/Student performance (Polytechnic Institute of Portalegre).csv
STU-PIP-0114,Academic Performance,"{""Admission_Grade"": ""1"", ""Tuition_Paid"": ""1"", ""Target"": ""Graduate""}",data/processed/prism_student_profile/Student performance (Polytechnic Institute of Portalegre).csv
STU-PIP-0115,Academic Performance,"{""Admission_Grade"": ""1"", ""Tuition_Paid"": ""1"", ""Target"": ""Dropout""}",data/processed/prism_student_profile/Student performance (Polytechnic Institute of Portalegre).csv
STU-PIP-0116,Academic Performance,"{""Admission_Grade"": ""1"", ""Tuition_Paid"": ""1"", ""Target"": ""Enrolled""}",data/processed/prism_student_profile/Student performance (Polytechnic Institute of Portalegre).csv
STU-PIP-0117,Academic Performance,"{""Admission_Grade"": ""1"", ""Tuition_Paid"": ""1"", ""Target"": ""Enrolled""}",data/processed/prism_student_profile/Student performance (Polytechnic Institute of Portalegre).csv
STU-PIP-0118,Academic Performance,"{""Admission_Grade"": ""1"", ""Tuition_Paid"": ""1"", ""Target"": ""Enrolled""}",data/processed/prism_student_profile/Student performance (Polytechnic Institute of Portalegre).csv
STU-PIP-0119,Academic Performance,"{""Admission_Grade"": ""1"", ""Tuition_Paid"": ""1"", ""Target"": ""Graduate""}",data/processed/prism_student_profile/Student performance (Polytechnic Institute of Portalegre).csv
STU-PIP-0120,Academic Performance,"{""Admission_Grade"": ""1"", ""Tuition_Paid"": ""1"", ""Target"": ""Graduate""}",data/processed/prism_student_profile/Student performance (Polytechnic Institute of Portalegre).csv
STU-PIP-0121,Academic Performance,"{""Admission_Grade"": ""1"", ""Tuition_Paid"": ""1"", ""Target"": ""Dropout""}",data/processed/prism_student_profile/Student performance (Polytechnic Institute of Portalegre).csv
STU-PIP-0122,Academic Performance,"{""Admission_Grade"": ""1"", ""Tuition_Paid"": ""1"", ""Target"": ""Graduate""}",data/processed/prism_student_profile/Student performance (Polytechnic Institute of Portalegre).csv
STU-PIP-0123,Academic Performance,"{""Admission_Grade"": ""1"", ""Tuition_Paid"": ""1"", ""Target"": ""Dropout""}",data/processed/prism_student_profile/Student performance (Polytechnic Institute of Portalegre).csv
STU-PIP-0124,Academic Performance,"{""Admission_Grade"": ""1"", ""Tuition_Paid"": ""1"", ""Target"": ""Graduate""}",data/processed/prism_student_profile/Student performance (Polytechnic Institute of Portalegre).csv
STU-PIP-0125,Academic Performance,"{""Admission_Grade"": ""1"", ""Tuition_Paid"": ""1"", ""Target"": ""Graduate""}",data/processed/prism_student_profile/Student performance (Polytechnic Institute of Portalegre).csv
STU-PIP-0126,Academic Performance,"{""Admission_Grade"": ""1"", ""Tuition_Paid"": ""1"", ""Target"": ""Dropout""}",data/processed/prism_student_profile/Student performance (Polytechnic Institute of Portalegre).csv
STU-PIP-0127,Academic Performance,"{""Admission_Grade"": ""39"", ""Tuition_Paid"": ""1"", ""Target"": ""Graduate""}",data/processed/prism_student_profile/Student performance (Polytechnic Institute of Portalegre).csv
STU-PIP-0128,Academic Performance,"{""Admission_Grade"": ""1"", ""Tuition_Paid"": ""1"", ""Target"": ""Enrolled""}",data/processed/prism_student_profile/Student performance (Polytechnic Institute of Portalegre).csv
STU-PIP-0129,Academic Performance,"{""Admission_Grade"": ""1"", ""Tuition_Paid"": ""1"", ""Target"": ""Graduate""}",data/processed/prism_student_profile/Student performance (Polytechnic Institute of Portalegre).csv
STU-PIP-0130,Academic Performance,"{""Admission_Grade"": ""1"", ""Tuition_Paid"": ""1"", ""Target"": ""Graduate""}",data/processed/prism_student_profile/Student performance (Polytechnic Institute of Portalegre).csv
STU-PIP-0131,Academic Performance,"{""Admission_Grade"": ""1"", ""Tuition_Paid"": ""1"", ""Target"": ""Dropout""}",data/processed/prism_student_profile/Student performance (Polytechnic Institute of Portalegre).csv
STU-PIP-0132,Academic Performance,"{""Admission_Grade"": ""1"", ""Tuition_Paid"": ""1"", ""Target"": ""Graduate""}",data/processed/prism_student_profile/Student performance (Polytechnic Institute of Portalegre).csv
STU-PIP-0133,Academic Performance,"{""Admission_Grade"": ""1"", ""Tuition_Paid"": ""1"", ""Target"": ""Graduate""}",data/processed/prism_student_profile/Student performance (Polytechnic Institute of Portalegre).csv
STU-PIP-0134,Academic Performance,"{""Admission_Grade"": ""1"", ""Tuition_Paid"": ""1"", ""Target"": ""Dropout""}",data/processed/prism_student_profile/Student performance (Polytechnic Institute of Portalegre).csv
STU-PIP-0135,Academic Performance,"{""Admission_Grade"": ""1"", ""Tuition_Paid"": ""1"", ""Target"": ""Graduate""}",data/processed/prism_student_profile/Student performance (Polytechnic Institute of Portalegre).csv
STU-PIP-0136,Academic Performance,"{""Admission_Grade"": ""1"", ""Tuition_Paid"": ""0"", ""Target"": ""Dropout""}",data/processed/prism_student_profile/Student performance (Polytechnic Institute of Portalegre).csv
STU-PIP-0137,Academic Performance,"{""Admission_Grade"": ""1"", ""Tuition_Paid"": ""1"", ""Target"": ""Graduate""}",data/processed/prism_student_profile/Student performance (Polytechnic Institute of Portalegre).csv
STU-PIP-0138,Academic Performance,"{""Admission_Grade"": ""1"", ""Tuition_Paid"": ""1"", ""Target"": ""Graduate""}",data/processed/prism_student_profile/Student performance (Polytechnic Institute of Portalegre).csv
STU-PIP-0139,Academic Performance,"{""Admission_Grade"": ""1"", ""Tuition_Paid"": ""1"", ""Target"": ""Enrolled""}",data/processed/prism_student_profile/Student performance (Polytechnic Institute of Portalegre).csv
STU-PIP-0140,Academic Performance,"{""Admission_Grade"": ""1"", ""Tuition_Paid"": ""1"", ""Target"": ""Graduate""}",data/processed/prism_student_profile/Student performance (Polytechnic Institute of Portalegre).csv
STU-PIP-0141,Academic Performance,"{""Admission_Grade"": ""1"", ""Tuition_Paid"": ""1"", ""Target"": ""Graduate""}",data/processed/prism_student_profile/Student performance (Polytechnic Institute of Portalegre).csv
STU-PIP-0142,Academic Performance,"{""Admission_Grade"": ""1"", ""Tuition_Paid"": ""1"", ""Target"": ""Graduate""}",data/processed/prism_student_profile/Student performance (Polytechnic Institute of Portalegre).csv
STU-PIP-0143,Academic Performance,"{""Admission_Grade"": ""1"", ""Tuition_Paid"": ""0"", ""Target"": ""Enrolled""}",data/processed/prism_student_profile/Student performance (Polytechnic Institute of Portalegre).csv
STU-PIP-0144,Academic Performance,"{""Admission_Grade"": ""1"", ""Tuition_Paid"": ""1"", ""Target"": ""Graduate""}",data/processed/prism_student_profile/Student performance (Polytechnic Institute of Portalegre).csv
STU-PIP-0145,Academic Performance,"{""Admission_Grade"": ""1"", ""Tuition_Paid"": ""1"", ""Target"": ""Graduate""}",data/processed/prism_student_profile/Student performance (Polytechnic Institute of Portalegre).csv
STU-PIP-0146,Academic Performance,"{""Admission_Grade"": ""1"", ""Tuition_Paid"": ""1"", ""Target"": ""Graduate""}",data/processed/prism_student_profile/Student performance (Polytechnic Institute of Portalegre).csv
STU-PIP-0147,Academic Performance,"{""Admission_Grade"": ""1"", ""Tuition_Paid"": ""1"", ""Target"": ""Dropout""}",data/processed/prism_student_profile/Student performance (Polytechnic Institute of Portalegre).csv
STU-PIP-0148,Academic Performance,"{""Admission_Grade"": ""1"", ""Tuition_Paid"": ""1"", ""Target"": ""Dropout""}",data/processed/prism_student_profile/Student performance (Polytechnic Institute of Portalegre).csv
STU-PIP-0149,Academic Performance,"{""Admission_Grade"": ""1"", ""Tuition_Paid"": ""1"", ""Target"": ""Graduate""}",data/processed/prism_student_profile/Student performance (Polytechnic Institute of Portalegre).csv
STU-PIP-0150,Academic Performance,"{""Admission_Grade"": ""1"", ""Tuition_Paid"": ""1"", ""Target"": ""Graduate""}",data/processed/prism_student_profile/Student performance (Polytechnic Institute of Portalegre).csv
STU-PIP-0151,Academic Performance,"{""Admission_Grade"": ""1"", ""Tuition_Paid"": ""1"", ""Target"": ""Enrolled""}",data/processed/prism_student_profile/Student performance (Polytechnic Institute of Portalegre).csv
STU-PIP-0152,Academic Performance,"{""Admission_Grade"": ""1"", ""Tuition_Paid"": ""1"", ""Target"": ""Graduate""}",data/processed/prism_student_profile/Student performance (Polytechnic Institute of Portalegre).csv
STU-PIP-0153,Academic Performance,"{""Admission_Grade"": ""1"", ""Tuition_Paid"": ""1"", ""Target"": ""Enrolled""}",data/processed/prism_student_profile/Student performance (Polytechnic Institute of Portalegre).csv
STU-PIP-0154,Academic Performance,"{""Admission_Grade"": ""1"", ""Tuition_Paid"": ""1"", ""Target"": ""Graduate""}",data/processed/prism_student_profile/Student performance (Polytechnic Institute of Portalegre).csv
STU-PIP-0155,Academic Performance,"{""Admission_Grade"": ""1"", ""Tuition_Paid"": ""1"", ""Target"": ""Dropout""}",data/processed/prism_student_profile/Student performance (Polytechnic Institute of Portalegre).csv
STU-PIP-0156,Academic Performance,"{""Admission_Grade"": ""1"", ""Tuition_Paid"": ""1"", ""Target"": ""Dropout""}",data/processed/prism_student_profile/Student performance (Polytechnic Institute of Portalegre).csv
STU-PIP-0157,Academic Performance,"{""Admission_Grade"": ""1"", ""Tuition_Paid"": ""1"", ""Target"": ""Graduate""}",data/processed/prism_student_profile/Student performance (Polytechnic Institute of Portalegre).csv
STU-PIP-0158,Academic Performance,"{""Admission_Grade"": ""1"", ""Tuition_Paid"": ""1"", ""Target"": ""Graduate""}",data/processed/prism_student_profile/Student performance (Polytechnic Institute of Portalegre).csv
STU-PIP-0159,Academic Performance,"{""Admission_Grade"": ""1"", ""Tuition_Paid"": ""1"", ""Target"": ""Graduate""}",data/processed/prism_student_profile/Student performance (Polytechnic Institute of Portalegre).csv
STU-PIP-0160,Academic Performance,"{""Admission_Grade"": ""1"", ""Tuition_Paid"": ""1"", ""Target"": ""Graduate""}",data/processed/prism_student_profile/Student performance (Polytechnic Institute of Portalegre).csv
STU-PIP-0161,Academic Performance,"{""Admission_Grade"": ""1"", ""Tuition_Paid"": ""1"", ""Target"": ""Dropout""}",data/processed/prism_student_profile/Student performance (Polytechnic Institute of Portalegre).csv
STU-PIP-0162,Academic Performance,"{""Admission_Grade"": ""1"", ""Tuition_Paid"": ""1"", ""Target"": ""Graduate""}",data/processed/prism_student_profile/Student performance (Polytechnic Institute of Portalegre).csv
STU-PIP-0163,Academic Performance,"{""Admission_Grade"": ""1"", ""Tuition_Paid"": ""1"", ""Target"": ""Graduate""}",data/processed/prism_student_profile/Student performance (Polytechnic Institute of Portalegre).csv
STU-PIP-0164,Academic Performance,"{""Admission_Grade"": ""1"", ""Tuition_Paid"": ""1"", ""Target"": ""Dropout""}",data/processed/prism_student_profile/Student performance (Polytechnic Institute of Portalegre).csv
STU-PIP-0165,Academic Performance,"{""Admission_Grade"": ""1"", ""Tuition_Paid"": ""1"", ""Target"": ""Graduate""}",data/processed/prism_student_profile/Student performance (Polytechnic Institute of Portalegre).csv
STU-PIP-0166,Academic Performance,"{""Admission_Grade"": ""1"", ""Tuition_Paid"": ""1"", ""Target"": ""Graduate""}",data/processed/prism_student_profile/Student performance (Polytechnic Institute of Portalegre).csv
STU-PIP-0167,Academic Performance,"{""Admission_Grade"": ""1"", ""Tuition_Paid"": ""1"", ""Target"": ""Enrolled""}",data/processed/prism_student_profile/Student performance (Polytechnic Institute of Portalegre).csv
STU-PIP-0168,Academic Performance,"{""Admission_Grade"": ""1"", ""Tuition_Paid"": ""1"", ""Target"": ""Graduate""}",data/processed/prism_student_profile/Student performance (Polytechnic Institute of Portalegre).csv
STU-PIP-0169,Academic Performance,"{""Admission_Grade"": ""3"", ""Tuition_Paid"": ""1"", ""Target"": ""Graduate""}",data/processed/prism_student_profile/Student performance (Polytechnic Institute of Portalegre).csv
STU-PIP-0170,Academic Performance,"{""Admission_Grade"": ""1"", ""Tuition_Paid"": ""1"", ""Target"": ""Dropout""}",data/processed/prism_student_profile/Student performance (Polytechnic Institute of Portalegre).csv
STU-PIP-0171,Academic Performance,"{""Admission_Grade"": ""1"", ""Tuition_Paid"": ""1"", ""Target"": ""Enrolled""}",data/processed/prism_student_profile/Student performance (Polytechnic Institute of Portalegre).csv
STU-PIP-0172,Academic Performance,"{""Admission_Grade"": ""1"", ""Tuition_Paid"": ""1"", ""Target"": ""Graduate""}",data/processed/prism_student_profile/Student performance (Polytechnic Institute of Portalegre).csv
STU-PIP-0173,Academic Performance,"{""Admission_Grade"": ""1"", ""Tuition_Paid"": ""1"", ""Target"": ""Graduate""}",data/processed/prism_student_profile/Student performance (Polytechnic Institute of Portalegre).csv
STU-PIP-0174,Academic Performance,"{""Admission_Grade"": ""1"", ""Tuition_Paid"": ""1"", ""Target"": ""Graduate""}",data/processed/prism_student_profile/Student performance (Polytechnic Institute of Portalegre).csv
STU-PIP-0175,Academic Performance,"{""Admission_Grade"": ""1"", ""Tuition_Paid"": ""0"", ""Target"": ""Dropout""}",data/processed/prism_student_profile/Student performance (Polytechnic Institute of Portalegre).csv
STU-PIP-0176,Academic Performance,"{""Admission_Grade"": ""1"", ""Tuition_Paid"": ""1"", ""Target"": ""Enrolled""}",data/processed/prism_student_profile/Student performance (Polytechnic Institute of Portalegre).csv
STU-PIP-0177,Academic Performance,"{""Admission_Grade"": ""1"", ""Tuition_Paid"": ""1"", ""Target"": ""Graduate""}",data/processed/prism_student_profile/Student performance (Polytechnic Institute of Portalegre).csv
STU-PIP-0178,Academic Performance,"{""Admission_Grade"": ""1"", ""Tuition_Paid"": ""1"", ""Target"": ""Dropout""}",data/processed/prism_student_profile/Student performance (Polytechnic Institute of Portalegre).csv
STU-PIP-0179,Academic Performance,"{""Admission_Grade"": ""1"", ""Tuition_Paid"": ""1"", ""Target"": ""Dropout""}",data/processed/prism_student_profile/Student performance (Polytechnic Institute of Portalegre).csv
STU-PIP-0180,Academic Performance,"{""Admission_Grade"": ""3"", ""Tuition_Paid"": ""1"", ""Target"": ""Dropout""}",data/processed/prism_student_profile/Student performance (Polytechnic Institute of Portalegre).csv
STU-PIP-0181,Academic Performance,"{""Admission_Grade"": ""1"", ""Tuition_Paid"": ""1"", ""Target"": ""Graduate""}",data/processed/prism_student_profile/Student performance (Polytechnic Institute of Portalegre).csv
STU-PIP-0182,Academic Performance,"{""Admission_Grade"": ""39"", ""Tuition_Paid"": ""1"", ""Target"": ""Enrolled""}",data/processed/prism_student_profile/Student performance (Polytechnic Institute of Portalegre).csv
STU-PIP-0183,Academic Performance,"{""Admission_Grade"": ""19"", ""Tuition_Paid"": ""0"", ""Target"": ""Dropout""}",data/processed/prism_student_profile/Student performance (Polytechnic Institute of Portalegre).csv
STU-PIP-0184,Academic Performance,"{""Admission_Grade"": ""1"", ""Tuition_Paid"": ""0"", ""Target"": ""Dropout""}",data/processed/prism_student_profile/Student performance (Polytechnic Institute of Portalegre).csv
STU-PIP-0185,Academic Performance,"{""Admission_Grade"": ""1"", ""Tuition_Paid"": ""1"", ""Target"": ""Dropout""}",data/processed/prism_student_profile/Student performance (Polytechnic Institute of Portalegre).csv
STU-PIP-0186,Academic Performance,"{""Admission_Grade"": ""1"", ""Tuition_Paid"": ""0"", ""Target"": ""Dropout""}",data/processed/prism_student_profile/Student performance (Polytechnic Institute of Portalegre).csv
STU-PIP-0187,Academic Performance,"{""Admission_Grade"": ""1"", ""Tuition_Paid"": ""0"", ""Target"": ""Enrolled""}",data/processed/prism_student_profile/Student performance (Polytechnic Institute of Portalegre).csv
STU-PIP-0188,Academic Performance,"{""Admission_Grade"": ""1"", ""Tuition_Paid"": ""1"", ""Target"": ""Graduate""}",data/processed/prism_student_profile/Student performance (Polytechnic Institute of Portalegre).csv
STU-PIP-0189,Academic Performance,"{""Admission_Grade"": ""1"", ""Tuition_Paid"": ""1"", ""Target"": ""Dropout""}",data/processed/prism_student_profile/Student performance (Polytechnic Institute of Portalegre).csv
STU-PIP-0190,Academic Performance,"{""Admission_Grade"": ""1"", ""Tuition_Paid"": ""1"", ""Target"": ""Graduate""}",data/processed/prism_student_profile/Student performance (Polytechnic Institute of Portalegre).csv
STU-PIP-0191,Academic Performance,"{""Admission_Grade"": ""1"", ""Tuition_Paid"": ""1"", ""Target"": ""Graduate""}",data/processed/prism_student_profile/Student performance (Polytechnic Institute of Portalegre).csv
STU-PIP-0192,Academic Performance,"{""Admission_Grade"": ""1"", ""Tuition_Paid"": ""1"", ""Target"": ""Enrolled""}",data/processed/prism_student_profile/Student performance (Polytechnic Institute of Portalegre).csv
STU-PIP-0193,Academic Performance,"{""Admission_Grade"": ""1"", ""Tuition_Paid"": ""1"", ""Target"": ""Dropout""}",data/processed/prism_student_profile/Student performance (Polytechnic Institute of Portalegre).csv
STU-PIP-0194,Academic Performance,"{""Admission_Grade"": ""1"", ""Tuition_Paid"": ""1"", ""Target"": ""Dropout""}",data/processed/prism_student_profile/Student performance (Polytechnic Institute of Portalegre).csv
STU-PIP-0195,Academic Performance,"{""Admission_Grade"": ""1"", ""Tuition_Paid"": ""1"", ""Target"": ""Graduate""}",data/processed/prism_student_profile/Student performance (Polytechnic Institute of Portalegre).csv
STU-PIP-0196,Academic Performance,"{""Admission_Grade"": ""40"", ""Tuition_Paid"": ""1"", ""Target"": ""Dropout""}",data/processed/prism_student_profile/Student performance (Polytechnic Institute of Portalegre).csv
STU-PIP-0197,Academic Performance,"{""Admission_Grade"": ""1"", ""Tuition_Paid"": ""1"", ""Target"": ""Graduate""}",data/processed/prism_student_profile/Student performance (Polytechnic Institute of Portalegre).csv
STU-PIP-0198,Academic Performance,"{""Admission_Grade"": ""3"", ""Tuition_Paid"": ""1"", ""Target"": ""Dropout""}",data/processed/prism_student_profile/Student performance (Polytechnic Institute of Portalegre).csv
STU-PIP-0199,Academic Performance,"{""Admission_Grade"": ""1"", ""Tuition_Paid"": ""1"", ""Target"": ""Graduate""}",data/processed/prism_student_profile/Student performance (Polytechnic Institute of Portalegre).csv
STU-PIP-0200,Academic Performance,"{""Admission_Grade"": ""1"", ""Tuition_Paid"": ""1"", ""Target"": ""Enrolled""}",data/processed/prism_student_profile/Student performance (Polytechnic Institute of Portalegre).csv
STU-PIP-0201,Academic Performance,"{""Admission_Grade"": ""1"", ""Tuition_Paid"": ""1"", ""Target"": ""Graduate""}",data/processed/prism_student_profile/Student performance (Polytechnic Institute of Portalegre).csv
STU-PIP-0202,Academic Performance,"{""Admission_Grade"": ""1"", ""Tuition_Paid"": ""1"", ""Target"": ""Graduate""}",data/processed/prism_student_profile/Student performance (Polytechnic Institute of Portalegre).csv
STU-PIP-0203,Academic Performance,"{""Admission_Grade"": ""1"", ""Tuition_Paid"": ""1"", ""Target"": ""Graduate""}",data/processed/prism_student_profile/Student performance (Polytechnic Institute of Portalegre).csv
STU-PIP-0204,Academic Performance,"{""Admission_Grade"": ""39"", ""Tuition_Paid"": ""1"", ""Target"": ""Graduate""}",data/processed/prism_student_profile/Student performance (Polytechnic Institute of Portalegre).csv
STU-PIP-0205,Academic Performance,"{""Admission_Grade"": ""1"", ""Tuition_Paid"": ""1"", ""Target"": ""Graduate""}",data/processed/prism_student_profile/Student performance (Polytechnic Institute of Portalegre).csv
STU-PIP-0206,Academic Performance,"{""Admission_Grade"": ""1"", ""Tuition_Paid"": ""1"", ""Target"": ""Graduate""}",data/processed/prism_student_profile/Student performance (Polytechnic Institute of Portalegre).csv
STU-PIP-0207,Academic Performance,"{""Admission_Grade"": ""1"", ""Tuition_Paid"": ""1"", ""Target"": ""Graduate""}",data/processed/prism_student_profile/Student performance (Polytechnic Institute of Portalegre).csv
STU-PIP-0208,Academic Performance,"{""Admission_Grade"": ""1"", ""Tuition_Paid"": ""1"", ""Target"": ""Graduate""}",data/processed/prism_student_profile/Student performance (Polytechnic Institute of Portalegre).csv
STU-PIP-0209,Academic Performance,"{""Admission_Grade"": ""1"", ""Tuition_Paid"": ""1"", ""Target"": ""Graduate""}",data/processed/prism_student_profile/Student performance (Polytechnic Institute of Portalegre).csv
STU-PIP-0210,Academic Performance,"{""Admission_Grade"": ""19"", ""Tuition_Paid"": ""1"", ""Target"": ""Dropout""}",data/processed/prism_student_profile/Student performance (Polytechnic Institute of Portalegre).csv
STU-PIP-0211,Academic Performance,"{""Admission_Grade"": ""1"", ""Tuition_Paid"": ""1"", ""Target"": ""Graduate""}",data/processed/prism_student_profile/Student performance (Polytechnic Institute of Portalegre).csv
STU-PIP-0212,Academic Performance,"{""Admission_Grade"": ""1"", ""Tuition_Paid"": ""1"", ""Target"": ""Graduate""}",data/processed/prism_student_profile/Student performance (Polytechnic Institute of Portalegre).csv
STU-PIP-0213,Academic Performance,"{""Admission_Grade"": ""1"", ""Tuition_Paid"": ""1"", ""Target"": ""Graduate""}",data/processed/prism_student_profile/Student performance (Polytechnic Institute of Portalegre).csv
STU-PIP-0214,Academic Performance,"{""Admission_Grade"": ""1"", ""Tuition_Paid"": ""1"", ""Target"": ""Dropout""}",data/processed/prism_student_profile/Student performance (Polytechnic Institute of Portalegre).csv
STU-PIP-0215,Academic Performance,"{""Admission_Grade"": ""1"", ""Tuition_Paid"": ""1"", ""Target"": ""Graduate""}",data/processed/prism_student_profile/Student performance (Polytechnic Institute of Portalegre).csv
STU-PIP-0216,Academic Performance,"{""Admission_Grade"": ""40"", ""Tuition_Paid"": ""1"", ""Target"": ""Enrolled""}",data/processed/prism_student_profile/Student performance (Polytechnic Institute of Portalegre).csv
STU-PIP-0217,Academic Performance,"{""Admission_Grade"": ""1"", ""Tuition_Paid"": ""1"", ""Target"": ""Graduate""}",data/processed/prism_student_profile/Student performance (Polytechnic Institute of Portalegre).csv
STU-PIP-0218,Academic Performance,"{""Admission_Grade"": ""1"", ""Tuition_Paid"": ""1"", ""Target"": ""Dropout""}",data/processed/prism_student_profile/Student performance (Polytechnic Institute of Portalegre).csv
STU-PIP-0219,Academic Performance,"{""Admission_Grade"": ""1"", ""Tuition_Paid"": ""1"", ""Target"": ""Dropout""}",data/processed/prism_student_profile/Student performance (Polytechnic Institute of Portalegre).csv
STU-PIP-0220,Academic Performance,"{""Admission_Grade"": ""1"", ""Tuition_Paid"": ""1"", ""Target"": ""Dropout""}",data/processed/prism_student_profile/Student performance (Polytechnic Institute of Portalegre).csv
STU-PIP-0221,Academic Performance,"{""Admission_Grade"": ""1"", ""Tuition_Paid"": ""1"", ""Target"": ""Graduate""}",data/processed/prism_student_profile/Student performance (Polytechnic Institute of Portalegre).csv
STU-PIP-0222,Academic Performance,"{""Admission_Grade"": ""1"", ""Tuition_Paid"": ""1"", ""Target"": ""Graduate""}",data/processed/prism_student_profile/Student performance (Polytechnic Institute of Portalegre).csv
STU-PIP-0223,Academic Performance,"{""Admission_Grade"": ""1"", ""Tuition_Paid"": ""1"", ""Target"": ""Dropout""}",data/processed/prism_student_profile/Student performance (Polytechnic Institute of Portalegre).csv
STU-PIP-0224,Academic Performance,"{""Admission_Grade"": ""1"", ""Tuition_Paid"": ""1"", ""Target"": ""Graduate""}",data/processed/prism_student_profile/Student performance (Polytechnic Institute of Portalegre).csv
STU-PIP-0225,Academic Performance,"{""Admission_Grade"": ""1"", ""Tuition_Paid"": ""1"", ""Target"": ""Graduate""}",data/processed/prism_student_profile/Student performance (Polytechnic Institute of Portalegre).csv
STU-PIP-0226,Academic Performance,"{""Admission_Grade"": ""43"", ""Tuition_Paid"": ""1"", ""Target"": ""Graduate""}",data/processed/prism_student_profile/Student performance (Polytechnic Institute of Portalegre).csv
STU-PIP-0227,Academic Performance,"{""Admission_Grade"": ""3"", ""Tuition_Paid"": ""1"", ""Target"": ""Graduate""}",data/processed/prism_student_profile/Student performance (Polytechnic Institute of Portalegre).csv
STU-PIP-0228,Academic Performance,"{""Admission_Grade"": ""1"", ""Tuition_Paid"": ""1"", ""Target"": ""Graduate""}",data/processed/prism_student_profile/Student performance (Polytechnic Institute of Portalegre).csv
STU-PIP-0229,Academic Performance,"{""Admission_Grade"": ""1"", ""Tuition_Paid"": ""1"", ""Target"": ""Dropout""}",data/processed/prism_student_profile/Student performance (Polytechnic Institute of Portalegre).csv
STU-PIP-0230,Academic Performance,"{""Admission_Grade"": ""1"", ""Tuition_Paid"": ""1"", ""Target"": ""Graduate""}",data/processed/prism_student_profile/Student performance (Polytechnic Institute of Portalegre).csv
STU-PIP-0231,Academic Performance,"{""Admission_Grade"": ""1"", ""Tuition_Paid"": ""1"", ""Target"": ""Graduate""}",data/processed/prism_student_profile/Student performance (Polytechnic Institute of Portalegre).csv
STU-PIP-0232,Academic Performance,"{""Admission_Grade"": ""3"", ""Tuition_Paid"": ""1"", ""Target"": ""Dropout""}",data/processed/prism_student_profile/Student performance (Polytechnic Institute of Portalegre).csv
STU-PIP-0233,Academic Performance,"{""Admission_Grade"": ""1"", ""Tuition_Paid"": ""1"", ""Target"": ""Graduate""}",data/processed/prism_student_profile/Student performance (Polytechnic Institute of Portalegre).csv
STU-PIP-0234,Academic Performance,"{""Admission_Grade"": ""1"", ""Tuition_Paid"": ""1"", ""Target"": ""Graduate""}",data/processed/prism_student_profile/Student performance (Polytechnic Institute of Portalegre).csv
STU-PIP-0235,Academic Performance,"{""Admission_Grade"": ""1"", ""Tuition_Paid"": ""1"", ""Target"": ""Dropout""}",data/processed/prism_student_profile/Student performance (Polytechnic Institute of Portalegre).csv
STU-PIP-0236,Academic Performance,"{""Admission_Grade"": ""1"", ""Tuition_Paid"": ""1"", ""Target"": ""Graduate""}",data/processed/prism_student_profile/Student performance (Polytechnic Institute of Portalegre).csv
STU-PIP-0237,Academic Performance,"{""Admission_Grade"": ""1"", ""Tuition_Paid"": ""1"", ""Target"": ""Graduate""}",data/processed/prism_student_profile/Student performance (Polytechnic Institute of Portalegre).csv
STU-PIP-0238,Academic Performance,"{""Admission_Grade"": ""1"", ""Tuition_Paid"": ""1"", ""Target"": ""Graduate""}",data/processed/prism_student_profile/Student performance (Polytechnic Institute of Portalegre).csv
STU-PIP-0239,Academic Performance,"{""Admission_Grade"": ""1"", ""Tuition_Paid"": ""0"", ""Target"": ""Dropout""}",data/processed/prism_student_profile/Student performance (Polytechnic Institute of Portalegre).csv
STU-PIP-0240,Academic Performance,"{""Admission_Grade"": ""19"", ""Tuition_Paid"": ""0"", ""Target"": ""Dropout""}",data/processed/prism_student_profile/Student performance (Polytechnic Institute of Portalegre).csv
STU-PIP-0241,Academic Performance,"{""Admission_Grade"": ""1"", ""Tuition_Paid"": ""1"", ""Target"": ""Enrolled""}",data/processed/prism_student_profile/Student performance (Polytechnic Institute of Portalegre).csv
STU-PIP-0242,Academic Performance,"{""Admission_Grade"": ""1"", ""Tuition_Paid"": ""1"", ""Target"": ""Enrolled""}",data/processed/prism_student_profile/Student performance (Polytechnic Institute of Portalegre).csv
STU-PIP-0243,Academic Performance,"{""Admission_Grade"": ""1"", ""Tuition_Paid"": ""1"", ""Target"": ""Graduate""}",data/processed/prism_student_profile/Student performance (Polytechnic Institute of Portalegre).csv
STU-PIP-0244,Academic Performance,"{""Admission_Grade"": ""1"", ""Tuition_Paid"": ""0"", ""Target"": ""Dropout""}",data/processed/prism_student_profile/Student performance (Polytechnic Institute of Portalegre).csv
STU-PIP-0245,Academic Performance,"{""Admission_Grade"": ""1"", ""Tuition_Paid"": ""1"", ""Target"": ""Graduate""}",data/processed/prism_student_profile/Student performance (Polytechnic Institute of Portalegre).csv
STU-PIP-0246,Academic Performance,"{""Admission_Grade"": ""3"", ""Tuition_Paid"": ""1"", ""Target"": ""Graduate""}",data/processed/prism_student_profile/Student performance (Polytechnic Institute of Portalegre).csv
STU-PIP-0247,Academic Performance,"{""Admission_Grade"": ""1"", ""Tuition_Paid"": ""1"", ""Target"": ""Graduate""}",data/processed/prism_student_profile/Student performance (Polytechnic Institute of Portalegre).csv
STU-PIP-0248,Academic Performance,"{""Admission_Grade"": ""39"", ""Tuition_Paid"": ""0"", ""Target"": ""Dropout""}",data/processed/prism_student_profile/Student performance (Polytechnic Institute of Portalegre).csv
STU-PIP-0249,Academic Performance,"{""Admission_Grade"": ""1"", ""Tuition_Paid"": ""1"", ""Target"": ""Graduate""}",data/processed/prism_student_profile/Student performance (Polytechnic Institute of Portalegre).csv
STU-PIP-0250,Academic Performance,"{""Admission_Grade"": ""1"", ""Tuition_Paid"": ""1"", ""Target"": ""Graduate""}",data/processed/prism_student_profile/Student performance (Polytechnic Institute of Portalegre).csv
STU-PIP-0251,Academic Performance,"{""Admission_Grade"": ""1"", ""Tuition_Paid"": ""1"", ""Target"": ""Enrolled""}",data/processed/prism_student_profile/Student performance (Polytechnic Institute of Portalegre).csv
STU-PIP-0252,Academic Performance,"{""Admission_Grade"": ""1"", ""Tuition_Paid"": ""1"", ""Target"": ""Dropout""}",data/processed/prism_student_profile/Student performance (Polytechnic Institute of Portalegre).csv
STU-PIP-0253,Academic Performance,"{""Admission_Grade"": ""1"", ""Tuition_Paid"": ""1"", ""Target"": ""Graduate""}",data/processed/prism_student_profile/Student performance (Polytechnic Institute of Portalegre).csv
STU-PIP-0254,Academic Performance,"{""Admission_Grade"": ""1"", ""Tuition_Paid"": ""1"", ""Target"": ""Enrolled""}",data/processed/prism_student_profile/Student performance (Polytechnic Institute of Portalegre).csv
STU-PIP-0255,Academic Performance,"{""Admission_Grade"": ""1"", ""Tuition_Paid"": ""1"", ""Target"": ""Graduate""}",data/processed/prism_student_profile/Student performance (Polytechnic Institute of Portalegre).csv
STU-PIP-0256,Academic Performance,"{""Admission_Grade"": ""19"", ""Tuition_Paid"": ""0"", ""Target"": ""Dropout""}",data/processed/prism_student_profile/Student performance (Polytechnic Institute of Portalegre).csv
STU-PIP-0257,Academic Performance,"{""Admission_Grade"": ""40"", ""Tuition_Paid"": ""1"", ""Target"": ""Graduate""}",data/processed/prism_student_profile/Student performance (Polytechnic Institute of Portalegre).csv
STU-PIP-0258,Academic Performance,"{""Admission_Grade"": ""1"", ""Tuition_Paid"": ""1"", ""Target"": ""Enrolled""}",data/processed/prism_student_profile/Student performance (Polytechnic Institute of Portalegre).csv
STU-PIP-0259,Academic Performance,"{""Admission_Grade"": ""1"", ""Tuition_Paid"": ""1"", ""Target"": ""Graduate""}",data/processed/prism_student_profile/Student performance (Polytechnic Institute of Portalegre).csv
STU-PIP-0260,Academic Performance,"{""Admission_Grade"": ""1"", ""Tuition_Paid"": ""0"", ""Target"": ""Dropout""}",data/processed/prism_student_profile/Student performance (Polytechnic Institute of Portalegre).csv
STU-PIP-0261,Academic Performance,"{""Admission_Grade"": ""1"", ""Tuition_Paid"": ""1"", ""Target"": ""Graduate""}",data/processed/prism_student_profile/Student performance (Polytechnic Institute of Portalegre).csv
STU-PIP-0262,Academic Performance,"{""Admission_Grade"": ""1"", ""Tuition_Paid"": ""1"", ""Target"": ""Dropout""}",data/processed/prism_student_profile/Student performance (Polytechnic Institute of Portalegre).csv
STU-PIP-0263,Academic Performance,"{""Admission_Grade"": ""1"", ""Tuition_Paid"": ""0"", ""Target"": ""Dropout""}",data/processed/prism_student_profile/Student performance (Polytechnic Institute of Portalegre).csv
STU-PIP-0264,Academic Performance,"{""Admission_Grade"": ""1"", ""Tuition_Paid"": ""1"", ""Target"": ""Graduate""}",data/processed/prism_student_profile/Student performance (Polytechnic Institute of Portalegre).csv
STU-PIP-0265,Academic Performance,"{""Admission_Grade"": ""1"", ""Tuition_Paid"": ""1"", ""Target"": ""Graduate""}",data/processed/prism_student_profile/Student performance (Polytechnic Institute of Portalegre).csv
STU-PIP-0266,Academic Performance,"{""Admission_Grade"": ""1"", ""Tuition_Paid"": ""1"", ""Target"": ""Graduate""}",data/processed/prism_student_profile/Student performance (Polytechnic Institute of Portalegre).csv
STU-PIP-0267,Academic Performance,"{""Admission_Grade"": ""1"", ""Tuition_Paid"": ""1"", ""Target"": ""Graduate""}",data/processed/prism_student_profile/Student performance (Polytechnic Institute of Portalegre).csv
STU-PIP-0268,Academic Performance,"{""Admission_Grade"": ""1"", ""Tuition_Paid"": ""1"", ""Target"": ""Graduate""}",data/processed/prism_student_profile/Student performance (Polytechnic Institute of Portalegre).csv
STU-PIP-0269,Academic Performance,"{""Admission_Grade"": ""1"", ""Tuition_Paid"": ""1"", ""Target"": ""Graduate""}",data/processed/prism_student_profile/Student performance (Polytechnic Institute of Portalegre).csv
STU-PIP-0270,Academic Performance,"{""Admission_Grade"": ""1"", ""Tuition_Paid"": ""1"", ""Target"": ""Graduate""}",data/processed/prism_student_profile/Student performance (Polytechnic Institute of Portalegre).csv
STU-PIP-0271,Academic Performance,"{""Admission_Grade"": ""39"", ""Tuition_Paid"": ""1"", ""Target"": ""Graduate""}",data/processed/prism_student_profile/Student performance (Polytechnic Institute of Portalegre).csv
STU-PIP-0272,Academic Performance,"{""Admission_Grade"": ""1"", ""Tuition_Paid"": ""0"", ""Target"": ""Dropout""}",data/processed/prism_student_profile/Student performance (Polytechnic Institute of Portalegre).csv
STU-PIP-0273,Academic Performance,"{""Admission_Grade"": ""1"", ""Tuition_Paid"": ""1"", ""Target"": ""Graduate""}",data/processed/prism_student_profile/Student performance (Polytechnic Institute of Portalegre).csv
STU-PIP-0274,Academic Performance,"{""Admission_Grade"": ""1"", ""Tuition_Paid"": ""1"", ""Target"": ""Graduate""}",data/processed/prism_student_profile/Student performance (Polytechnic Institute of Portalegre).csv
STU-PIP-0275,Academic Performance,"{""Admission_Grade"": ""1"", ""Tuition_Paid"": ""1"", ""Target"": ""Graduate""}",data/processed/prism_student_profile/Student performance (Polytechnic Institute of Portalegre).csv
STU-PIP-0276,Academic Performance,"{""Admission_Grade"": ""1"", ""Tuition_Paid"": ""1"", ""Target"": ""Graduate""}",data/processed/prism_student_profile/Student performance (Polytechnic Institute of Portalegre).csv
STU-PIP-0277,Academic Performance,"{""Admission_Grade"": ""1"", ""Tuition_Paid"": ""1"", ""Target"": ""Dropout""}",data/processed/prism_student_profile/Student performance (Polytechnic Institute of Portalegre).csv
STU-PIP-0278,Academic Performance,"{""Admission_Grade"": ""3"", ""Tuition_Paid"": ""0"", ""Target"": ""Dropout""}",data/processed/prism_student_profile/Student performance (Polytechnic Institute of Portalegre).csv
STU-PIP-0279,Academic Performance,"{""Admission_Grade"": ""1"", ""Tuition_Paid"": ""1"", ""Target"": ""Enrolled""}",data/processed/prism_student_profile/Student performance (Polytechnic Institute of Portalegre).csv
STU-PIP-0280,Academic Performance,"{""Admission_Grade"": ""1"", ""Tuition_Paid"": ""1"", ""Target"": ""Graduate""}",data/processed/prism_student_profile/Student performance (Polytechnic Institute of Portalegre).csv
STU-PIP-0281,Academic Performance,"{""Admission_Grade"": ""1"", ""Tuition_Paid"": ""1"", ""Target"": ""Graduate""}",data/processed/prism_student_profile/Student performance (Polytechnic Institute of Portalegre).csv
STU-PIP-0282,Academic Performance,"{""Admission_Grade"": ""1"", ""Tuition_Paid"": ""1"", ""Target"": ""Graduate""}",data/processed/prism_student_profile/Student performance (Polytechnic Institute of Portalegre).csv
STU-PIP-0283,Academic Performance,"{""Admission_Grade"": ""1"", ""Tuition_Paid"": ""1"", ""Target"": ""Graduate""}",data/processed/prism_student_profile/Student performance (Polytechnic Institute of Portalegre).csv
STU-PIP-0284,Academic Performance,"{""Admission_Grade"": ""1"", ""Tuition_Paid"": ""1"", ""Target"": ""Graduate""}",data/processed/prism_student_profile/Student performance (Polytechnic Institute of Portalegre).csv
STU-PIP-0285,Academic Performance,"{""Admission_Grade"": ""1"", ""Tuition_Paid"": ""1"", ""Target"": ""Graduate""}",data/processed/prism_student_profile/Student performance (Polytechnic Institute of Portalegre).csv
STU-PIP-0286,Academic Performance,"{""Admission_Grade"": ""12"", ""Tuition_Paid"": ""1"", ""Target"": ""Graduate""}",data/processed/prism_student_profile/Student performance (Polytechnic Institute of Portalegre).csv
STU-PIP-0287,Academic Performance,"{""Admission_Grade"": ""1"", ""Tuition_Paid"": ""1"", ""Target"": ""Enrolled""}",data/processed/prism_student_profile/Student performance (Polytechnic Institute of Portalegre).csv
STU-PIP-0288,Academic Performance,"{""Admission_Grade"": ""15"", ""Tuition_Paid"": ""1"", ""Target"": ""Graduate""}",data/processed/prism_student_profile/Student performance (Polytechnic Institute of Portalegre).csv
STU-PIP-0289,Academic Performance,"{""Admission_Grade"": ""1"", ""Tuition_Paid"": ""1"", ""Target"": ""Graduate""}",data/processed/prism_student_profile/Student performance (Polytechnic Institute of Portalegre).csv
STU-PIP-0290,Academic Performance,"{""Admission_Grade"": ""1"", ""Tuition_Paid"": ""1"", ""Target"": ""Graduate""}",data/processed/prism_student_profile/Student performance (Polytechnic Institute of Portalegre).csv
STU-PIP-0291,Academic Performance,"{""Admission_Grade"": ""1"", ""Tuition_Paid"": ""1"", ""Target"": ""Graduate""}",data/processed/prism_student_profile/Student performance (Polytechnic Institute of Portalegre).csv
STU-PIP-0292,Academic Performance,"{""Admission_Grade"": ""39"", ""Tuition_Paid"": ""1"", ""Target"": ""Graduate""}",data/processed/prism_student_profile/Student performance (Polytechnic Institute of Portalegre).csv
STU-PIP-0293,Academic Performance,"{""Admission_Grade"": ""39"", ""Tuition_Paid"": ""1"", ""Target"": ""Enrolled""}",data/processed/prism_student_profile/Student performance (Polytechnic Institute of Portalegre).csv
STU-PIP-0294,Academic Performance,"{""Admission_Grade"": ""1"", ""Tuition_Paid"": ""1"", ""Target"": ""Graduate""}",data/processed/prism_student_profile/Student performance (Polytechnic Institute of Portalegre).csv
STU-PIP-0295,Academic Performance,"{""Admission_Grade"": ""1"", ""Tuition_Paid"": ""1"", ""Target"": ""Dropout""}",data/processed/prism_student_profile/Student performance (Polytechnic Institute of Portalegre).csv
STU-PIP-0296,Academic Performance,"{""Admission_Grade"": ""1"", ""Tuition_Paid"": ""1"", ""Target"": ""Graduate""}",data/processed/prism_student_profile/Student performance (Polytechnic Institute of Portalegre).csv
STU-PIP-0297,Academic Performance,"{""Admission_Grade"": ""1"", ""Tuition_Paid"": ""1"", ""Target"": ""Graduate""}",data/processed/prism_student_profile/Student performance (Polytechnic Institute of Portalegre).csv
STU-PIP-0298,Academic Performance,"{""Admission_Grade"": ""1"", ""Tuition_Paid"": ""1"", ""Target"": ""Graduate""}",data/processed/prism_student_profile/Student performance (Polytechnic Institute of Portalegre).csv
STU-PIP-0299,Academic Performance,"{""Admission_Grade"": ""1"", ""Tuition_Paid"": ""1"", ""Target"": ""Graduate""}",data/processed/prism_student_profile/Student performance (Polytechnic Institute of Portalegre).csv
STU-PIP-0300,Academic Performance,"{""Admission_Grade"": ""1"", ""Tuition_Paid"": ""1"", ""Target"": ""Graduate""}",data/processed/prism_student_profile/Student performance (Polytechnic Institute of Portalegre).csv
STU-PIP-0301,Academic Performance,"{""Admission_Grade"": ""1"", ""Tuition_Paid"": ""1"", ""Target"": ""Graduate""}",data/processed/prism_student_profile/Student performance (Polytechnic Institute of Portalegre).csv
STU-PIP-0302,Academic Performance,"{""Admission_Grade"": ""1"", ""Tuition_Paid"": ""1"", ""Target"": ""Graduate""}",data/processed/prism_student_profile/Student performance (Polytechnic Institute of Portalegre).csv
STU-PIP-0303,Academic Performance,"{""Admission_Grade"": ""1"", ""Tuition_Paid"": ""1"", ""Target"": ""Graduate""}",data/processed/prism_student_profile/Student performance (Polytechnic Institute of Portalegre).csv
STU-PIP-0304,Academic Performance,"{""Admission_Grade"": ""1"", ""Tuition_Paid"": ""0"", ""Target"": ""Dropout""}",data/processed/prism_student_profile/Student performance (Polytechnic Institute of Portalegre).csv
STU-PIP-0305,Academic Performance,"{""Admission_Grade"": ""1"", ""Tuition_Paid"": ""1"", ""Target"": ""Dropout""}",data/processed/prism_student_profile/Student performance (Polytechnic Institute of Portalegre).csv
STU-PIP-0306,Academic Performance,"{""Admission_Grade"": ""1"", ""Tuition_Paid"": ""1"", ""Target"": ""Enrolled""}",data/processed/prism_student_profile/Student performance (Polytechnic Institute of Portalegre).csv
STU-PIP-0307,Academic Performance,"{""Admission_Grade"": ""1"", ""Tuition_Paid"": ""1"", ""Target"": ""Graduate""}",data/processed/prism_student_profile/Student performance (Polytechnic Institute of Portalegre).csv
STU-PIP-0308,Academic Performance,"{""Admission_Grade"": ""3"", ""Tuition_Paid"": ""1"", ""Target"": ""Dropout""}",data/processed/prism_student_profile/Student performance (Polytechnic Institute of Portalegre).csv
STU-PIP-0309,Academic Performance,"{""Admission_Grade"": ""1"", ""Tuition_Paid"": ""1"", ""Target"": ""Graduate""}",data/processed/prism_student_profile/Student performance (Polytechnic Institute of Portalegre).csv
STU-PIP-0310,Academic Performance,"{""Admission_Grade"": ""39"", ""Tuition_Paid"": ""0"", ""Target"": ""Dropout""}",data/processed/prism_student_profile/Student performance (Polytechnic Institute of Portalegre).csv
STU-PIP-0311,Academic Performance,"{""Admission_Grade"": ""1"", ""Tuition_Paid"": ""1"", ""Target"": ""Graduate""}",data/processed/prism_student_profile/Student performance (Polytechnic Institute of Portalegre).csv
STU-PIP-0312,Academic Performance,"{""Admission_Grade"": ""1"", ""Tuition_Paid"": ""1"", ""Target"": ""Dropout""}",data/processed/prism_student_profile/Student performance (Polytechnic Institute of Portalegre).csv
STU-PIP-0313,Academic Performance,"{""Admission_Grade"": ""1"", ""Tuition_Paid"": ""1"", ""Target"": ""Graduate""}",data/processed/prism_student_profile/Student performance (Polytechnic Institute of Portalegre).csv
STU-PIP-0314,Academic Performance,"{""Admission_Grade"": ""1"", ""Tuition_Paid"": ""1"", ""Target"": ""Graduate""}",data/processed/prism_student_profile/Student performance (Polytechnic Institute of Portalegre).csv
STU-PIP-0315,Academic Performance,"{""Admission_Grade"": ""1"", ""Tuition_Paid"": ""1"", ""Target"": ""Dropout""}",data/processed/prism_student_profile/Student performance (Polytechnic Institute of Portalegre).csv
STU-PIP-0316,Academic Performance,"{""Admission_Grade"": ""1"", ""Tuition_Paid"": ""1"", ""Target"": ""Graduate""}",data/processed/prism_student_profile/Student performance (Polytechnic Institute of Portalegre).csv
STU-PIP-0317,Academic Performance,"{""Admission_Grade"": ""1"", ""Tuition_Paid"": ""1"", ""Target"": ""Graduate""}",data/processed/prism_student_profile/Student performance (Polytechnic Institute of Portalegre).csv
STU-PIP-0318,Academic Performance,"{""Admission_Grade"": ""1"", ""Tuition_Paid"": ""1"", ""Target"": ""Graduate""}",data/processed/prism_student_profile/Student performance (Polytechnic Institute of Portalegre).csv
STU-PIP-0319,Academic Performance,"{""Admission_Grade"": ""1"", ""Tuition_Paid"": ""1"", ""Target"": ""Graduate""}",data/processed/prism_student_profile/Student performance (Polytechnic Institute of Portalegre).csv
STU-PIP-0320,Academic Performance,"{""Admission_Grade"": ""1"", ""Tuition_Paid"": ""1"", ""Target"": ""Enrolled""}",data/processed/prism_student_profile/Student performance (Polytechnic Institute of Portalegre).csv
STU-PIP-0321,Academic Performance,"{""Admission_Grade"": ""40"", ""Tuition_Paid"": ""0"", ""Target"": ""Dropout""}",data/processed/prism_student_profile/Student performance (Polytechnic Institute of Portalegre).csv
STU-PIP-0322,Academic Performance,"{""Admission_Grade"": ""1"", ""Tuition_Paid"": ""1"", ""Target"": ""Graduate""}",data/processed/prism_student_profile/Student performance (Polytechnic Institute of Portalegre).csv
STU-PIP-0323,Academic Performance,"{""Admission_Grade"": ""1"", ""Tuition_Paid"": ""1"", ""Target"": ""Graduate""}",data/processed/prism_student_profile/Student performance (Polytechnic Institute of Portalegre).csv
STU-PIP-0324,Academic Performance,"{""Admission_Grade"": ""1"", ""Tuition_Paid"": ""1"", ""Target"": ""Graduate""}",data/processed/prism_student_profile/Student performance (Polytechnic Institute of Portalegre).csv
STU-PIP-0325,Academic Performance,"{""Admission_Grade"": ""1"", ""Tuition_Paid"": ""1"", ""Target"": ""Enrolled""}",data/processed/prism_student_profile/Student performance (Polytechnic Institute of Portalegre).csv
STU-PIP-0326,Academic Performance,"{""Admission_Grade"": ""1"", ""Tuition_Paid"": ""1"", ""Target"": ""Graduate""}",data/processed/prism_student_profile/Student performance (Polytechnic Institute of Portalegre).csv
STU-PIP-0327,Academic Performance,"{""Admission_Grade"": ""6"", ""Tuition_Paid"": ""1"", ""Target"": ""Graduate""}",data/processed/prism_student_profile/Student performance (Polytechnic Institute of Portalegre).csv
STU-PIP-0328,Academic Performance,"{""Admission_Grade"": ""1"", ""Tuition_Paid"": ""1"", ""Target"": ""Graduate""}",data/processed/prism_student_profile/Student performance (Polytechnic Institute of Portalegre).csv
STU-PIP-0329,Academic Performance,"{""Admission_Grade"": ""1"", ""Tuition_Paid"": ""1"", ""Target"": ""Enrolled""}",data/processed/prism_student_profile/Student performance (Polytechnic Institute of Portalegre).csv
STU-PIP-0330,Academic Performance,"{""Admission_Grade"": ""1"", ""Tuition_Paid"": ""1"", ""Target"": ""Enrolled""}",data/processed/prism_student_profile/Student performance (Polytechnic Institute of Portalegre).csv
STU-PIP-0331,Academic Performance,"{""Admission_Grade"": ""1"", ""Tuition_Paid"": ""1"", ""Target"": ""Enrolled""}",data/processed/prism_student_profile/Student performance (Polytechnic Institute of Portalegre).csv
STU-PIP-0332,Academic Performance,"{""Admission_Grade"": ""39"", ""Tuition_Paid"": ""1"", ""Target"": ""Dropout""}",data/processed/prism_student_profile/Student performance (Polytechnic Institute of Portalegre).csv
STU-PIP-0333,Academic Performance,"{""Admission_Grade"": ""1"", ""Tuition_Paid"": ""1"", ""Target"": ""Graduate""}",data/processed/prism_student_profile/Student performance (Polytechnic Institute of Portalegre).csv
STU-PIP-0334,Academic Performance,"{""Admission_Grade"": ""1"", ""Tuition_Paid"": ""1"", ""Target"": ""Graduate""}",data/processed/prism_student_profile/Student performance (Polytechnic Institute of Portalegre).csv
STU-PIP-0335,Academic Performance,"{""Admission_Grade"": ""1"", ""Tuition_Paid"": ""1"", ""Target"": ""Graduate""}",data/processed/prism_student_profile/Student performance (Polytechnic Institute of Portalegre).csv
STU-PIP-0336,Academic Performance,"{""Admission_Grade"": ""39"", ""Tuition_Paid"": ""1"", ""Target"": ""Graduate""}",data/processed/prism_student_profile/Student performance (Polytechnic Institute of Portalegre).csv
STU-PIP-0337,Academic Performance,"{""Admission_Grade"": ""40"", ""Tuition_Paid"": ""1"", ""Target"": ""Graduate""}",data/processed/prism_student_profile/Student performance (Polytechnic Institute of Portalegre).csv
STU-PIP-0338,Academic Performance,"{""Admission_Grade"": ""1"", ""Tuition_Paid"": ""1"", ""Target"": ""Graduate""}",data/processed/prism_student_profile/Student performance (Polytechnic Institute of Portalegre).csv
STU-PIP-0339,Academic Performance,"{""Admission_Grade"": ""1"", ""Tuition_Paid"": ""1"", ""Target"": ""Graduate""}",data/processed/prism_student_profile/Student performance (Polytechnic Institute of Portalegre).csv
STU-PIP-0340,Academic Performance,"{""Admission_Grade"": ""1"", ""Tuition_Paid"": ""1"", ""Target"": ""Graduate""}",data/processed/prism_student_profile/Student performance (Polytechnic Institute of Portalegre).csv
STU-PIP-0341,Academic Performance,"{""Admission_Grade"": ""1"", ""Tuition_Paid"": ""1"", ""Target"": ""Enrolled""}",data/processed/prism_student_profile/Student performance (Polytechnic Institute of Portalegre).csv
STU-PIP-0342,Academic Performance,"{""Admission_Grade"": ""1"", ""Tuition_Paid"": ""1"", ""Target"": ""Dropout""}",data/processed/prism_student_profile/Student performance (Polytechnic Institute of Portalegre).csv
STU-PIP-0343,Academic Performance,"{""Admission_Grade"": ""1"", ""Tuition_Paid"": ""1"", ""Target"": ""Graduate""}",data/processed/prism_student_profile/Student performance (Polytechnic Institute of Portalegre).csv
STU-PIP-0344,Academic Performance,"{""Admission_Grade"": ""3"", ""Tuition_Paid"": ""1"", ""Target"": ""Graduate""}",data/processed/prism_student_profile/Student performance (Polytechnic Institute of Portalegre).csv
STU-PIP-0345,Academic Performance,"{""Admission_Grade"": ""1"", ""Tuition_Paid"": ""1"", ""Target"": ""Enrolled""}",data/processed/prism_student_profile/Student performance (Polytechnic Institute of Portalegre).csv
STU-PIP-0346,Academic Performance,"{""Admission_Grade"": ""1"", ""Tuition_Paid"": ""1"", ""Target"": ""Graduate""}",data/processed/prism_student_profile/Student performance (Polytechnic Institute of Portalegre).csv
STU-PIP-0347,Academic Performance,"{""Admission_Grade"": ""1"", ""Tuition_Paid"": ""1"", ""Target"": ""Enrolled""}",data/processed/prism_student_profile/Student performance (Polytechnic Institute of Portalegre).csv
STU-PIP-0348,Academic Performance,"{""Admission_Grade"": ""1"", ""Tuition_Paid"": ""1"", ""Target"": ""Graduate""}",data/processed/prism_student_profile/Student performance (Polytechnic Institute of Portalegre).csv
STU-PIP-0349,Academic Performance,"{""Admission_Grade"": ""1"", ""Tuition_Paid"": ""1"", ""Target"": ""Graduate""}",data/processed/prism_student_profile/Student performance (Polytechnic Institute of Portalegre).csv
STU-PIP-0350,Academic Performance,"{""Admission_Grade"": ""1"", ""Tuition_Paid"": ""1"", ""Target"": ""Enrolled""}",data/processed/prism_student_profile/Student performance (Polytechnic Institute of Portalegre).csv
STU-PIP-0351,Academic Performance,"{""Admission_Grade"": ""1"", ""Tuition_Paid"": ""1"", ""Target"": ""Dropout""}",data/processed/prism_student_profile/Student performance (Polytechnic Institute of Portalegre).csv
STU-PIP-0352,Academic Performance,"{""Admission_Grade"": ""1"", ""Tuition_Paid"": ""1"", ""Target"": ""Graduate""}",data/processed/prism_student_profile/Student performance (Polytechnic Institute of Portalegre).csv
STU-PIP-0353,Academic Performance,"{""Admission_Grade"": ""1"", ""Tuition_Paid"": ""0"", ""Target"": ""Dropout""}",data/processed/prism_student_profile/Student performance (Polytechnic Institute of Portalegre).csv
STU-PIP-0354,Academic Performance,"{""Admission_Grade"": ""1"", ""Tuition_Paid"": ""1"", ""Target"": ""Graduate""}",data/processed/prism_student_profile/Student performance (Polytechnic Institute of Portalegre).csv
STU-PIP-0355,Academic Performance,"{""Admission_Grade"": ""1"", ""Tuition_Paid"": ""0"", ""Target"": ""Dropout""}",data/processed/prism_student_profile/Student performance (Polytechnic Institute of Portalegre).csv
STU-PIP-0356,Academic Performance,"{""Admission_Grade"": ""1"", ""Tuition_Paid"": ""1"", ""Target"": ""Graduate""}",data/processed/prism_student_profile/Student performance (Polytechnic Institute of Portalegre).csv
STU-PIP-0357,Academic Performance,"{""Admission_Grade"": ""19"", ""Tuition_Paid"": ""1"", ""Target"": ""Graduate""}",data/processed/prism_student_profile/Student performance (Polytechnic Institute of Portalegre).csv
STU-PIP-0358,Academic Performance,"{""Admission_Grade"": ""1"", ""Tuition_Paid"": ""1"", ""Target"": ""Dropout""}",data/processed/prism_student_profile/Student performance (Polytechnic Institute of Portalegre).csv
STU-PIP-0359,Academic Performance,"{""Admission_Grade"": ""1"", ""Tuition_Paid"": ""1"", ""Target"": ""Enrolled""}",data/processed/prism_student_profile/Student performance (Polytechnic Institute of Portalegre).csv
STU-PIP-0360,Academic Performance,"{""Admission_Grade"": ""43"", ""Tuition_Paid"": ""1"", ""Target"": ""Dropout""}",data/processed/prism_student_profile/Student performance (Polytechnic Institute of Portalegre).csv
STU-PIP-0361,Academic Performance,"{""Admission_Grade"": ""1"", ""Tuition_Paid"": ""1"", ""Target"": ""Graduate""}",data/processed/prism_student_profile/Student performance (Polytechnic Institute of Portalegre).csv
STU-PIP-0362,Academic Performance,"{""Admission_Grade"": ""1"", ""Tuition_Paid"": ""1"", ""Target"": ""Dropout""}",data/processed/prism_student_profile/Student performance (Polytechnic Institute of Portalegre).csv
STU-PIP-0363,Academic Performance,"{""Admission_Grade"": ""1"", ""Tuition_Paid"": ""1"", ""Target"": ""Enrolled""}",data/processed/prism_student_profile/Student performance (Polytechnic Institute of Portalegre).csv
STU-PIP-0364,Academic Performance,"{""Admission_Grade"": ""42"", ""Tuition_Paid"": ""1"", ""Target"": ""Graduate""}",data/processed/prism_student_profile/Student performance (Polytechnic Institute of Portalegre).csv
STU-PIP-0365,Academic Performance,"{""Admission_Grade"": ""1"", ""Tuition_Paid"": ""1"", ""Target"": ""Enrolled""}",data/processed/prism_student_profile/Student performance (Polytechnic Institute of Portalegre).csv
STU-PIP-0366,Academic Performance,"{""Admission_Grade"": ""1"", ""Tuition_Paid"": ""1"", ""Target"": ""Graduate""}",data/processed/prism_student_profile/Student performance (Polytechnic Institute of Portalegre).csv
STU-PIP-0367,Academic Performance,"{""Admission_Grade"": ""1"", ""Tuition_Paid"": ""1"", ""Target"": ""Graduate""}",data/processed/prism_student_profile/Student performance (Polytechnic Institute of Portalegre).csv
STU-PIP-0368,Academic Performance,"{""Admission_Grade"": ""1"", ""Tuition_Paid"": ""1"", ""Target"": ""Enrolled""}",data/processed/prism_student_profile/Student performance (Polytechnic Institute of Portalegre).csv
STU-PIP-0369,Academic Performance,"{""Admission_Grade"": ""1"", ""Tuition_Paid"": ""1"", ""Target"": ""Graduate""}",data/processed/prism_student_profile/Student performance (Polytechnic Institute of Portalegre).csv
STU-PIP-0370,Academic Performance,"{""Admission_Grade"": ""1"", ""Tuition_Paid"": ""1"", ""Target"": ""Dropout""}",data/processed/prism_student_profile/Student performance (Polytechnic Institute of Portalegre).csv
STU-PIP-0371,Academic Performance,"{""Admission_Grade"": ""1"", ""Tuition_Paid"": ""1"", ""Target"": ""Graduate""}",data/processed/prism_student_profile/Student performance (Polytechnic Institute of Portalegre).csv
STU-PIP-0372,Academic Performance,"{""Admission_Grade"": ""1"", ""Tuition_Paid"": ""1"", ""Target"": ""Enrolled""}",data/processed/prism_student_profile/Student performance (Polytechnic Institute of Portalegre).csv
STU-PIP-0373,Academic Performance,"{""Admission_Grade"": ""1"", ""Tuition_Paid"": ""1"", ""Target"": ""Graduate""}",data/processed/prism_student_profile/Student performance (Polytechnic Institute of Portalegre).csv
STU-PIP-0374,Academic Performance,"{""Admission_Grade"": ""1"", ""Tuition_Paid"": ""1"", ""Target"": ""Graduate""}",data/processed/prism_student_profile/Student performance (Polytechnic Institute of Portalegre).csv
STU-PIP-0375,Academic Performance,"{""Admission_Grade"": ""19"", ""Tuition_Paid"": ""1"", ""Target"": ""Dropout""}",data/processed/prism_student_profile/Student performance (Polytechnic Institute of Portalegre).csv
STU-PIP-0376,Academic Performance,"{""Admission_Grade"": ""19"", ""Tuition_Paid"": ""1"", ""Target"": ""Enrolled""}",data/processed/prism_student_profile/Student performance (Polytechnic Institute of Portalegre).csv
STU-PIP-0377,Academic Performance,"{""Admission_Grade"": ""1"", ""Tuition_Paid"": ""0"", ""Target"": ""Dropout""}",data/processed/prism_student_profile/Student performance (Polytechnic Institute of Portalegre).csv
STU-PIP-0378,Academic Performance,"{""Admission_Grade"": ""1"", ""Tuition_Paid"": ""1"", ""Target"": ""Graduate""}",data/processed/prism_student_profile/Student performance (Polytechnic Institute of Portalegre).csv
STU-PIP-0379,Academic Performance,"{""Admission_Grade"": ""1"", ""Tuition_Paid"": ""0"", ""Target"": ""Enrolled""}",data/processed/prism_student_profile/Student performance (Polytechnic Institute of Portalegre).csv
STU-PIP-0380,Academic Performance,"{""Admission_Grade"": ""39"", ""Tuition_Paid"": ""1"", ""Target"": ""Enrolled""}",data/processed/prism_student_profile/Student performance (Polytechnic Institute of Portalegre).csv
STU-PIP-0381,Academic Performance,"{""Admission_Grade"": ""19"", ""Tuition_Paid"": ""1"", ""Target"": ""Dropout""}",data/processed/prism_student_profile/Student performance (Polytechnic Institute of Portalegre).csv
STU-PIP-0382,Academic Performance,"{""Admission_Grade"": ""1"", ""Tuition_Paid"": ""1"", ""Target"": ""Enrolled""}",data/processed/prism_student_profile/Student performance (Polytechnic Institute of Portalegre).csv
STU-PIP-0383,Academic Performance,"{""Admission_Grade"": ""1"", ""Tuition_Paid"": ""1"", ""Target"": ""Enrolled""}",data/processed/prism_student_profile/Student performance (Polytechnic Institute of Portalegre).csv
STU-PIP-0384,Academic Performance,"{""Admission_Grade"": ""1"", ""Tuition_Paid"": ""1"", ""Target"": ""Graduate""}",data/processed/prism_student_profile/Student performance (Polytechnic Institute of Portalegre).csv
STU-PIP-0385,Academic Performance,"{""Admission_Grade"": ""42"", ""Tuition_Paid"": ""1"", ""Target"": ""Graduate""}",data/processed/prism_student_profile/Student performance (Polytechnic Institute of Portalegre).csv
STU-PIP-0386,Academic Performance,"{""Admission_Grade"": ""1"", ""Tuition_Paid"": ""1"", ""Target"": ""Graduate""}",data/processed/prism_student_profile/Student performance (Polytechnic Institute of Portalegre).csv
STU-PIP-0387,Academic Performance,"{""Admission_Grade"": ""1"", ""Tuition_Paid"": ""1"", ""Target"": ""Graduate""}",data/processed/prism_student_profile/Student performance (Polytechnic Institute of Portalegre).csv
STU-PIP-0388,Academic Performance,"{""Admission_Grade"": ""3"", ""Tuition_Paid"": ""1"", ""Target"": ""Graduate""}",data/processed/prism_student_profile/Student performance (Polytechnic Institute of Portalegre).csv
STU-PIP-0389,Academic Performance,"{""Admission_Grade"": ""1"", ""Tuition_Paid"": ""1"", ""Target"": ""Enrolled""}",data/processed/prism_student_profile/Student performance (Polytechnic Institute of Portalegre).csv
STU-PIP-0390,Academic Performance,"{""Admission_Grade"": ""39"", ""Tuition_Paid"": ""1"", ""Target"": ""Graduate""}",data/processed/prism_student_profile/Student performance (Polytechnic Institute of Portalegre).csv
STU-PIP-0391,Academic Performance,"{""Admission_Grade"": ""39"", ""Tuition_Paid"": ""1"", ""Target"": ""Enrolled""}",data/processed/prism_student_profile/Student performance (Polytechnic Institute of Portalegre).csv
STU-PIP-0392,Academic Performance,"{""Admission_Grade"": ""1"", ""Tuition_Paid"": ""1"", ""Target"": ""Enrolled""}",data/processed/prism_student_profile/Student performance (Polytechnic Institute of Portalegre).csv
STU-PIP-0393,Academic Performance,"{""Admission_Grade"": ""1"", ""Tuition_Paid"": ""0"", ""Target"": ""Dropout""}",data/processed/prism_student_profile/Student performance (Polytechnic Institute of Portalegre).csv
STU-PIP-0394,Academic Performance,"{""Admission_Grade"": ""1"", ""Tuition_Paid"": ""0"", ""Target"": ""Dropout""}",data/processed/prism_student_profile/Student performance (Polytechnic Institute of Portalegre).csv
STU-PIP-0395,Academic Performance,"{""Admission_Grade"": ""1"", ""Tuition_Paid"": ""1"", ""Target"": ""Graduate""}",data/processed/prism_student_profile/Student performance (Polytechnic Institute of Portalegre).csv
STU-PIP-0396,Academic Performance,"{""Admission_Grade"": ""1"", ""Tuition_Paid"": ""1"", ""Target"": ""Graduate""}",data/processed/prism_student_profile/Student performance (Polytechnic Institute of Portalegre).csv
STU-PIP-0397,Academic Performance,"{""Admission_Grade"": ""1"", ""Tuition_Paid"": ""1"", ""Target"": ""Graduate""}",data/processed/prism_student_profile/Student performance (Polytechnic Institute of Portalegre).csv
STU-PIP-0398,Academic Performance,"{""Admission_Grade"": ""39"", ""Tuition_Paid"": ""1"", ""Target"": ""Graduate""}",data/processed/prism_student_profile/Student performance (Polytechnic Institute of Portalegre).csv
STU-PIP-0399,Academic Performance,"{""Admission_Grade"": ""1"", ""Tuition_Paid"": ""1"", ""Target"": ""Dropout""}",data/processed/prism_student_profile/Student performance (Polytechnic Institute of Portalegre).csv
STU-PIP-0400,Academic Performance,"{""Admission_Grade"": ""1"", ""Tuition_Paid"": ""1"", ""Target"": ""Dropout""}",data/processed/prism_student_profile/Student performance (Polytechnic Institute of Portalegre).csv
STU-PIP-0401,Academic Performance,"{""Admission_Grade"": ""1"", ""Tuition_Paid"": ""1"", ""Target"": ""Enrolled""}",data/processed/prism_student_profile/Student performance (Polytechnic Institute of Portalegre).csv
STU-PIP-0402,Academic Performance,"{""Admission_Grade"": ""1"", ""Tuition_Paid"": ""1"", ""Target"": ""Enrolled""}",data/processed/prism_student_profile/Student performance (Polytechnic Institute of Portalegre).csv
STU-PIP-0403,Academic Performance,"{""Admission_Grade"": ""1"", ""Tuition_Paid"": ""1"", ""Target"": ""Enrolled""}",data/processed/prism_student_profile/Student performance (Polytechnic Institute of Portalegre).csv
STU-PIP-0404,Academic Performance,"{""Admission_Grade"": ""1"", ""Tuition_Paid"": ""1"", ""Target"": ""Enrolled""}",data/processed/prism_student_profile/Student performance (Polytechnic Institute of Portalegre).csv
STU-PIP-0405,Academic Performance,"{""Admission_Grade"": ""1"", ""Tuition_Paid"": ""1"", ""Target"": ""Graduate""}",data/processed/prism_student_profile/Student performance (Polytechnic Institute of Portalegre).csv
STU-PIP-0406,Academic Performance,"{""Admission_Grade"": ""1"", ""Tuition_Paid"": ""1"", ""Target"": ""Graduate""}",data/processed/prism_student_profile/Student performance (Polytechnic Institute of Portalegre).csv
STU-PIP-0407,Academic Performance,"{""Admission_Grade"": ""40"", ""Tuition_Paid"": ""1"", ""Target"": ""Graduate""}",data/processed/prism_student_profile/Student performance (Polytechnic Institute of Portalegre).csv
STU-PIP-0408,Academic Performance,"{""Admission_Grade"": ""40"", ""Tuition_Paid"": ""1"", ""Target"": ""Graduate""}",data/processed/prism_student_profile/Student performance (Polytechnic Institute of Portalegre).csv
STU-PIP-0409,Academic Performance,"{""Admission_Grade"": ""1"", ""Tuition_Paid"": ""1"", ""Target"": ""Graduate""}",data/processed/prism_student_profile/Student performance (Polytechnic Institute of Portalegre).csv
STU-PIP-0410,Academic Performance,"{""Admission_Grade"": ""1"", ""Tuition_Paid"": ""1"", ""Target"": ""Dropout""}",data/processed/prism_student_profile/Student performance (Polytechnic Institute of Portalegre).csv
STU-PIP-0411,Academic Performance,"{""Admission_Grade"": ""1"", ""Tuition_Paid"": ""1"", ""Target"": ""Graduate""}",data/processed/prism_student_profile/Student performance (Polytechnic Institute of Portalegre).csv
STU-PIP-0412,Academic Performance,"{""Admission_Grade"": ""3"", ""Tuition_Paid"": ""1"", ""Target"": ""Graduate""}",data/processed/prism_student_profile/Student performance (Polytechnic Institute of Portalegre).csv
STU-PIP-0413,Academic Performance,"{""Admission_Grade"": ""1"", ""Tuition_Paid"": ""1"", ""Target"": ""Graduate""}",data/processed/prism_student_profile/Student performance (Polytechnic Institute of Portalegre).csv
STU-PIP-0414,Academic Performance,"{""Admission_Grade"": ""40"", ""Tuition_Paid"": ""1"", ""Target"": ""Graduate""}",data/processed/prism_student_profile/Student performance (Polytechnic Institute of Portalegre).csv
STU-PIP-0415,Academic Performance,"{""Admission_Grade"": ""1"", ""Tuition_Paid"": ""1"", ""Target"": ""Graduate""}",data/processed/prism_student_profile/Student performance (Polytechnic Institute of Portalegre).csv
STU-PIP-0416,Academic Performance,"{""Admission_Grade"": ""1"", ""Tuition_Paid"": ""1"", ""Target"": ""Graduate""}",data/processed/prism_student_profile/Student performance (Polytechnic Institute of Portalegre).csv
STU-PIP-0417,Academic Performance,"{""Admission_Grade"": ""1"", ""Tuition_Paid"": ""1"", ""Target"": ""Graduate""}",data/processed/prism_student_profile/Student performance (Polytechnic Institute of Portalegre).csv
STU-PIP-0418,Academic Performance,"{""Admission_Grade"": ""1"", ""Tuition_Paid"": ""1"", ""Target"": ""Dropout""}",data/processed/prism_student_profile/Student performance (Polytechnic Institute of Portalegre).csv
STU-PIP-0419,Academic Performance,"{""Admission_Grade"": ""1"", ""Tuition_Paid"": ""1"", ""Target"": ""Graduate""}",data/processed/prism_student_profile/Student performance (Polytechnic Institute of Portalegre).csv
STU-PIP-0420,Academic Performance,"{""Admission_Grade"": ""1"", ""Tuition_Paid"": ""1"", ""Target"": ""Dropout""}",data/processed/prism_student_profile/Student performance (Polytechnic Institute of Portalegre).csv
STU-PIP-0421,Academic Performance,"{""Admission_Grade"": ""1"", ""Tuition_Paid"": ""1"", ""Target"": ""Graduate""}",data/processed/prism_student_profile/Student performance (Polytechnic Institute of Portalegre).csv
STU-PIP-0422,Academic Performance,"{""Admission_Grade"": ""1"", ""Tuition_Paid"": ""1"", ""Target"": ""Graduate""}",data/processed/prism_student_profile/Student performance (Polytechnic Institute of Portalegre).csv
STU-PIP-0423,Academic Performance,"{""Admission_Grade"": ""39"", ""Tuition_Paid"": ""1"", ""Target"": ""Dropout""}",data/processed/prism_student_profile/Student performance (Polytechnic Institute of Portalegre).csv
STU-PIP-0424,Academic Performance,"{""Admission_Grade"": ""1"", ""Tuition_Paid"": ""1"", ""Target"": ""Graduate""}",data/processed/prism_student_profile/Student performance (Polytechnic Institute of Portalegre).csv
STU-PIP-0425,Academic Performance,"{""Admission_Grade"": ""1"", ""Tuition_Paid"": ""1"", ""Target"": ""Graduate""}",data/processed/prism_student_profile/Student performance (Polytechnic Institute of Portalegre).csv
STU-PIP-0426,Academic Performance,"{""Admission_Grade"": ""1"", ""Tuition_Paid"": ""1"", ""Target"": ""Graduate""}",data/processed/prism_student_profile/Student performance (Polytechnic Institute of Portalegre).csv
STU-PIP-0427,Academic Performance,"{""Admission_Grade"": ""1"", ""Tuition_Paid"": ""1"", ""Target"": ""Graduate""}",data/processed/prism_student_profile/Student performance (Polytechnic Institute of Portalegre).csv
STU-PIP-0428,Academic Performance,"{""Admission_Grade"": ""1"", ""Tuition_Paid"": ""1"", ""Target"": ""Enrolled""}",data/processed/prism_student_profile/Student performance (Polytechnic Institute of Portalegre).csv
STU-PIP-0429,Academic Performance,"{""Admission_Grade"": ""1"", ""Tuition_Paid"": ""1"", ""Target"": ""Dropout""}",data/processed/prism_student_profile/Student performance (Polytechnic Institute of Portalegre).csv
STU-PIP-0430,Academic Performance,"{""Admission_Grade"": ""1"", ""Tuition_Paid"": ""1"", ""Target"": ""Graduate""}",data/processed/prism_student_profile/Student performance (Polytechnic Institute of Portalegre).csv
STU-PIP-0431,Academic Performance,"{""Admission_Grade"": ""1"", ""Tuition_Paid"": ""1"", ""Target"": ""Graduate""}",data/processed/prism_student_profile/Student performance (Polytechnic Institute of Portalegre).csv
STU-PIP-0432,Academic Performance,"{""Admission_Grade"": ""1"", ""Tuition_Paid"": ""1"", ""Target"": ""Graduate""}",data/processed/prism_student_profile/Student performance (Polytechnic Institute of Portalegre).csv
STU-PIP-0433,Academic Performance,"{""Admission_Grade"": ""1"", ""Tuition_Paid"": ""1"", ""Target"": ""Graduate""}",data/processed/prism_student_profile/Student performance (Polytechnic Institute of Portalegre).csv
STU-PIP-0434,Academic Performance,"{""Admission_Grade"": ""1"", ""Tuition_Paid"": ""1"", ""Target"": ""Dropout""}",data/processed/prism_student_profile/Student performance (Polytechnic Institute of Portalegre).csv
STU-PIP-0435,Academic Performance,"{""Admission_Grade"": ""1"", ""Tuition_Paid"": ""1"", ""Target"": ""Graduate""}",data/processed/prism_student_profile/Student performance (Polytechnic Institute of Portalegre).csv
STU-PIP-0436,Academic Performance,"{""Admission_Grade"": ""1"", ""Tuition_Paid"": ""1"", ""Target"": ""Graduate""}",data/processed/prism_student_profile/Student performance (Polytechnic Institute of Portalegre).csv
STU-PIP-0437,Academic Performance,"{""Admission_Grade"": ""1"", ""Tuition_Paid"": ""1"", ""Target"": ""Enrolled""}",data/processed/prism_student_profile/Student performance (Polytechnic Institute of Portalegre).csv
STU-PIP-0438,Academic Performance,"{""Admission_Grade"": ""1"", ""Tuition_Paid"": ""1"", ""Target"": ""Graduate""}",data/processed/prism_student_profile/Student performance (Polytechnic Institute of Portalegre).csv
STU-PIP-0439,Academic Performance,"{""Admission_Grade"": ""1"", ""Tuition_Paid"": ""1"", ""Target"": ""Dropout""}",data/processed/prism_student_profile/Student performance (Polytechnic Institute of Portalegre).csv
STU-PIP-0440,Academic Performance,"{""Admission_Grade"": ""19"", ""Tuition_Paid"": ""1"", ""Target"": ""Graduate""}",data/processed/prism_student_profile/Student performance (Polytechnic Institute of Portalegre).csv
STU-PIP-0441,Academic Performance,"{""Admission_Grade"": ""1"", ""Tuition_Paid"": ""1"", ""Target"": ""Enrolled""}",data/processed/prism_student_profile/Student performance (Polytechnic Institute of Portalegre).csv
STU-PIP-0442,Academic Performance,"{""Admission_Grade"": ""1"", ""Tuition_Paid"": ""1"", ""Target"": ""Enrolled""}",data/processed/prism_student_profile/Student performance (Polytechnic Institute of Portalegre).csv
STU-PIP-0443,Academic Performance,"{""Admission_Grade"": ""1"", ""Tuition_Paid"": ""1"", ""Target"": ""Graduate""}",data/processed/prism_student_profile/Student performance (Polytechnic Institute of Portalegre).csv
STU-PIP-0444,Academic Performance,"{""Admission_Grade"": ""1"", ""Tuition_Paid"": ""1"", ""Target"": ""Graduate""}",data/processed/prism_student_profile/Student performance (Polytechnic Institute of Portalegre).csv
STU-PIP-0445,Academic Performance,"{""Admission_Grade"": ""1"", ""Tuition_Paid"": ""1"", ""Target"": ""Graduate""}",data/processed/prism_student_profile/Student performance (Polytechnic Institute of Portalegre).csv
STU-PIP-0446,Academic Performance,"{""Admission_Grade"": ""1"", ""Tuition_Paid"": ""1"", ""Target"": ""Graduate""}",data/processed/prism_student_profile/Student performance (Polytechnic Institute of Portalegre).csv
STU-PIP-0447,Academic Performance,"{""Admission_Grade"": ""1"", ""Tuition_Paid"": ""1"", ""Target"": ""Graduate""}",data/processed/prism_student_profile/Student performance (Polytechnic Institute of Portalegre).csv
STU-PIP-0448,Academic Performance,"{""Admission_Grade"": ""1"", ""Tuition_Paid"": ""1"", ""Target"": ""Dropout""}",data/processed/prism_student_profile/Student performance (Polytechnic Institute of Portalegre).csv
STU-PIP-0449,Academic Performance,"{""Admission_Grade"": ""1"", ""Tuition_Paid"": ""1"", ""Target"": ""Graduate""}",data/processed/prism_student_profile/Student performance (Polytechnic Institute of Portalegre).csv
STU-PIP-0450,Academic Performance,"{""Admission_Grade"": ""1"", ""Tuition_Paid"": ""1"", ""Target"": ""Enrolled""}",data/processed/prism_student_profile/Student performance (Polytechnic Institute of Portalegre).csv
STU-PIP-0451,Academic Performance,"{""Admission_Grade"": ""1"", ""Tuition_Paid"": ""1"", ""Target"": ""Graduate""}",data/processed/prism_student_profile/Student performance (Polytechnic Institute of Portalegre).csv
STU-PIP-0452,Academic Performance,"{""Admission_Grade"": ""1"", ""Tuition_Paid"": ""1"", ""Target"": ""Graduate""}",data/processed/prism_student_profile/Student performance (Polytechnic Institute of Portalegre).csv
STU-PIP-0453,Academic Performance,"{""Admission_Grade"": ""1"", ""Tuition_Paid"": ""1"", ""Target"": ""Graduate""}",data/processed/prism_student_profile/Student performance (Polytechnic Institute of Portalegre).csv
STU-PIP-0454,Academic Performance,"{""Admission_Grade"": ""1"", ""Tuition_Paid"": ""1"", ""Target"": ""Graduate""}",data/processed/prism_student_profile/Student performance (Polytechnic Institute of Portalegre).csv
STU-PIP-0455,Academic Performance,"{""Admission_Grade"": ""1"", ""Tuition_Paid"": ""1"", ""Target"": ""Enrolled""}",data/processed/prism_student_profile/Student performance (Polytechnic Institute of Portalegre).csv
STU-PIP-0456,Academic Performance,"{""Admission_Grade"": ""1"", ""Tuition_Paid"": ""1"", ""Target"": ""Graduate""}",data/processed/prism_student_profile/Student performance (Polytechnic Institute of Portalegre).csv
STU-PIP-0457,Academic Performance,"{""Admission_Grade"": ""3"", ""Tuition_Paid"": ""1"", ""Target"": ""Dropout""}",data/processed/prism_student_profile/Student performance (Polytechnic Institute of Portalegre).csv
STU-PIP-0458,Academic Performance,"{""Admission_Grade"": ""1"", ""Tuition_Paid"": ""1"", ""Target"": ""Dropout""}",data/processed/prism_student_profile/Student performance (Polytechnic Institute of Portalegre).csv
STU-PIP-0459,Academic Performance,"{""Admission_Grade"": ""1"", ""Tuition_Paid"": ""1"", ""Target"": ""Graduate""}",data/processed/prism_student_profile/Student performance (Polytechnic Institute of Portalegre).csv
STU-PIP-0460,Academic Performance,"{""Admission_Grade"": ""1"", ""Tuition_Paid"": ""1"", ""Target"": ""Graduate""}",data/processed/prism_student_profile/Student performance (Polytechnic Institute of Portalegre).csv
STU-PIP-0461,Academic Performance,"{""Admission_Grade"": ""1"", ""Tuition_Paid"": ""1"", ""Target"": ""Graduate""}",data/processed/prism_student_profile/Student performance (Polytechnic Institute of Portalegre).csv
STU-PIP-0462,Academic Performance,"{""Admission_Grade"": ""1"", ""Tuition_Paid"": ""1"", ""Target"": ""Graduate""}",data/processed/prism_student_profile/Student performance (Polytechnic Institute of Portalegre).csv
STU-PIP-0463,Academic Performance,"{""Admission_Grade"": ""1"", ""Tuition_Paid"": ""1"", ""Target"": ""Graduate""}",data/processed/prism_student_profile/Student performance (Polytechnic Institute of Portalegre).csv
STU-PIP-0464,Academic Performance,"{""Admission_Grade"": ""19"", ""Tuition_Paid"": ""1"", ""Target"": ""Graduate""}",data/processed/prism_student_profile/Student performance (Polytechnic Institute of Portalegre).csv
STU-PIP-0465,Academic Performance,"{""Admission_Grade"": ""1"", ""Tuition_Paid"": ""1"", ""Target"": ""Enrolled""}",data/processed/prism_student_profile/Student performance (Polytechnic Institute of Portalegre).csv
STU-PIP-0466,Academic Performance,"{""Admission_Grade"": ""1"", ""Tuition_Paid"": ""1"", ""Target"": ""Dropout""}",data/processed/prism_student_profile/Student performance (Polytechnic Institute of Portalegre).csv
STU-PIP-0467,Academic Performance,"{""Admission_Grade"": ""1"", ""Tuition_Paid"": ""1"", ""Target"": ""Enrolled""}",data/processed/prism_student_profile/Student performance (Polytechnic Institute of Portalegre).csv
STU-PIP-0468,Academic Performance,"{""Admission_Grade"": ""1"", ""Tuition_Paid"": ""1"", ""Target"": ""Graduate""}",data/processed/prism_student_profile/Student performance (Polytechnic Institute of Portalegre).csv
STU-PIP-0469,Academic Performance,"{""Admission_Grade"": ""1"", ""Tuition_Paid"": ""1"", ""Target"": ""Graduate""}",data/processed/prism_student_profile/Student performance (Polytechnic Institute of Portalegre).csv
STU-PIP-0470,Academic Performance,"{""Admission_Grade"": ""1"", ""Tuition_Paid"": ""1"", ""Target"": ""Graduate""}",data/processed/prism_student_profile/Student performance (Polytechnic Institute of Portalegre).csv
STU-PIP-0471,Academic Performance,"{""Admission_Grade"": ""1"", ""Tuition_Paid"": ""1"", ""Target"": ""Graduate""}",data/processed/prism_student_profile/Student performance (Polytechnic Institute of Portalegre).csv
STU-PIP-0472,Academic Performance,"{""Admission_Grade"": ""1"", ""Tuition_Paid"": ""1"", ""Target"": ""Graduate""}",data/processed/prism_student_profile/Student performance (Polytechnic Institute of Portalegre).csv
STU-PIP-0473,Academic Performance,"{""Admission_Grade"": ""1"", ""Tuition_Paid"": ""1"", ""Target"": ""Dropout""}",data/processed/prism_student_profile/Student performance (Polytechnic Institute of Portalegre).csv
STU-PIP-0474,Academic Performance,"{""Admission_Grade"": ""1"", ""Tuition_Paid"": ""1"", ""Target"": ""Graduate""}",data/processed/prism_student_profile/Student performance (Polytechnic Institute of Portalegre).csv
STU-PIP-0475,Academic Performance,"{""Admission_Grade"": ""9"", ""Tuition_Paid"": ""0"", ""Target"": ""Dropout""}",data/processed/prism_student_profile/Student performance (Polytechnic Institute of Portalegre).csv
STU-PIP-0476,Academic Performance,"{""Admission_Grade"": ""1"", ""Tuition_Paid"": ""1"", ""Target"": ""Graduate""}",data/processed/prism_student_profile/Student performance (Polytechnic Institute of Portalegre).csv
STU-PIP-0477,Academic Performance,"{""Admission_Grade"": ""1"", ""Tuition_Paid"": ""1"", ""Target"": ""Dropout""}",data/processed/prism_student_profile/Student performance (Polytechnic Institute of Portalegre).csv
STU-PIP-0478,Academic Performance,"{""Admission_Grade"": ""3"", ""Tuition_Paid"": ""1"", ""Target"": ""Dropout""}",data/processed/prism_student_profile/Student performance (Polytechnic Institute of Portalegre).csv
STU-PIP-0479,Academic Performance,"{""Admission_Grade"": ""1"", ""Tuition_Paid"": ""1"", ""Target"": ""Graduate""}",data/processed/prism_student_profile/Student performance (Polytechnic Institute of Portalegre).csv
STU-PIP-0480,Academic Performance,"{""Admission_Grade"": ""1"", ""Tuition_Paid"": ""1"", ""Target"": ""Enrolled""}",data/processed/prism_student_profile/Student performance (Polytechnic Institute of Portalegre).csv
STU-PIP-0481,Academic Performance,"{""Admission_Grade"": ""1"", ""Tuition_Paid"": ""1"", ""Target"": ""Graduate""}",data/processed/prism_student_profile/Student performance (Polytechnic Institute of Portalegre).csv
STU-PIP-0482,Academic Performance,"{""Admission_Grade"": ""1"", ""Tuition_Paid"": ""1"", ""Target"": ""Graduate""}",data/processed/prism_student_profile/Student performance (Polytechnic Institute of Portalegre).csv
STU-PIP-0483,Academic Performance,"{""Admission_Grade"": ""1"", ""Tuition_Paid"": ""1"", ""Target"": ""Dropout""}",data/processed/prism_student_profile/Student performance (Polytechnic Institute of Portalegre).csv
STU-PIP-0484,Academic Performance,"{""Admission_Grade"": ""39"", ""Tuition_Paid"": ""1"", ""Target"": ""Enrolled""}",data/processed/prism_student_profile/Student performance (Polytechnic Institute of Portalegre).csv
STU-PIP-0485,Academic Performance,"{""Admission_Grade"": ""1"", ""Tuition_Paid"": ""1"", ""Target"": ""Graduate""}",data/processed/prism_student_profile/Student performance (Polytechnic Institute of Portalegre).csv
STU-PIP-0486,Academic Performance,"{""Admission_Grade"": ""1"", ""Tuition_Paid"": ""1"", ""Target"": ""Graduate""}",data/processed/prism_student_profile/Student performance (Polytechnic Institute of Portalegre).csv
STU-PIP-0487,Academic Performance,"{""Admission_Grade"": ""1"", ""Tuition_Paid"": ""1"", ""Target"": ""Dropout""}",data/processed/prism_student_profile/Student performance (Polytechnic Institute of Portalegre).csv
STU-PIP-0488,Academic Performance,"{""Admission_Grade"": ""1"", ""Tuition_Paid"": ""1"", ""Target"": ""Dropout""}",data/processed/prism_student_profile/Student performance (Polytechnic Institute of Portalegre).csv
STU-PIP-0489,Academic Performance,"{""Admission_Grade"": ""1"", ""Tuition_Paid"": ""1"", ""Target"": ""Graduate""}",data/processed/prism_student_profile/Student performance (Polytechnic Institute of Portalegre).csv
STU-PIP-0490,Academic Performance,"{""Admission_Grade"": ""1"", ""Tuition_Paid"": ""1"", ""Target"": ""Graduate""}",data/processed/prism_student_profile/Student performance (Polytechnic Institute of Portalegre).csv
STU-PIP-0491,Academic Performance,"{""Admission_Grade"": ""1"", ""Tuition_Paid"": ""1"", ""Target"": ""Graduate""}",data/processed/prism_student_profile/Student performance (Polytechnic Institute of Portalegre).csv
STU-PIP-0492,Academic Performance,"{""Admission_Grade"": ""1"", ""Tuition_Paid"": ""1"", ""Target"": ""Graduate""}",data/processed/prism_student_profile/Student performance (Polytechnic Institute of Portalegre).csv
STU-PIP-0493,Academic Performance,"{""Admission_Grade"": ""1"", ""Tuition_Paid"": ""1"", ""Target"": ""Graduate""}",data/processed/prism_student_profile/Student performance (Polytechnic Institute of Portalegre).csv
STU-PIP-0494,Academic Performance,"{""Admission_Grade"": ""1"", ""Tuition_Paid"": ""1"", ""Target"": ""Enrolled""}",data/processed/prism_student_profile/Student performance (Polytechnic Institute of Portalegre).csv
STU-PIP-0495,Academic Performance,"{""Admission_Grade"": ""1"", ""Tuition_Paid"": ""1"", ""Target"": ""Enrolled""}",data/processed/prism_student_profile/Student performance (Polytechnic Institute of Portalegre).csv
STU-PIP-0496,Academic Performance,"{""Admission_Grade"": ""3"", ""Tuition_Paid"": ""0"", ""Target"": ""Dropout""}",data/processed/prism_student_profile/Student performance (Polytechnic Institute of Portalegre).csv
STU-PIP-0497,Academic Performance,"{""Admission_Grade"": ""19"", ""Tuition_Paid"": ""1"", ""Target"": ""Dropout""}",data/processed/prism_student_profile/Student performance (Polytechnic Institute of Portalegre).csv
STU-PIP-0498,Academic Performance,"{""Admission_Grade"": ""1"", ""Tuition_Paid"": ""1"", ""Target"": ""Graduate""}",data/processed/prism_student_profile/Student performance (Polytechnic Institute of Portalegre).csv
STU-PIP-0499,Academic Performance,"{""Admission_Grade"": ""1"", ""Tuition_Paid"": ""1"", ""Target"": ""Graduate""}",data/processed/prism_student_profile/Student performance (Polytechnic Institute of Portalegre).csv
STU-PIP-0500,Academic Performance,"{""Admission_Grade"": ""1"", ""Tuition_Paid"": ""1"", ""Target"": ""Graduate""}",data/processed/prism_student_profile/Student performance (Polytechnic Institute of Portalegre).csv
STU-PIP-0501,Academic Performance,"{""Admission_Grade"": ""1"", ""Tuition_Paid"": ""1"", ""Target"": ""Enrolled""}",data/processed/prism_student_profile/Student performance (Polytechnic Institute of Portalegre).csv
STU-PIP-0502,Academic Performance,"{""Admission_Grade"": ""1"", ""Tuition_Paid"": ""1"", ""Target"": ""Graduate""}",data/processed/prism_student_profile/Student performance (Polytechnic Institute of Portalegre).csv
STU-PIP-0503,Academic Performance,"{""Admission_Grade"": ""1"", ""Tuition_Paid"": ""0"", ""Target"": ""Enrolled""}",data/processed/prism_student_profile/Student performance (Polytechnic Institute of Portalegre).csv
STU-PIP-0504,Academic Performance,"{""Admission_Grade"": ""3"", ""Tuition_Paid"": ""0"", ""Target"": ""Dropout""}",data/processed/prism_student_profile/Student performance (Polytechnic Institute of Portalegre).csv
STU-PIP-0505,Academic Performance,"{""Admission_Grade"": ""1"", ""Tuition_Paid"": ""1"", ""Target"": ""Graduate""}",data/processed/prism_student_profile/Student performance (Polytechnic Institute of Portalegre).csv
STU-PIP-0506,Academic Performance,"{""Admission_Grade"": ""19"", ""Tuition_Paid"": ""1"", ""Target"": ""Enrolled""}",data/processed/prism_student_profile/Student performance (Polytechnic Institute of Portalegre).csv
STU-PIP-0507,Academic Performance,"{""Admission_Grade"": ""1"", ""Tuition_Paid"": ""1"", ""Target"": ""Enrolled""}",data/processed/prism_student_profile/Student performance (Polytechnic Institute of Portalegre).csv
STU-PIP-0508,Academic Performance,"{""Admission_Grade"": ""1"", ""Tuition_Paid"": ""1"", ""Target"": ""Graduate""}",data/processed/prism_student_profile/Student performance (Polytechnic Institute of Portalegre).csv
STU-PIP-0509,Academic Performance,"{""Admission_Grade"": ""1"", ""Tuition_Paid"": ""1"", ""Target"": ""Dropout""}",data/processed/prism_student_profile/Student performance (Polytechnic Institute of Portalegre).csv
STU-PIP-0510,Academic Performance,"{""Admission_Grade"": ""1"", ""Tuition_Paid"": ""1"", ""Target"": ""Dropout""}",data/processed/prism_student_profile/Student performance (Polytechnic Institute of Portalegre).csv
STU-PIP-0511,Academic Performance,"{""Admission_Grade"": ""1"", ""Tuition_Paid"": ""1"", ""Target"": ""Enrolled""}",data/processed/prism_student_profile/Student performance (Polytechnic Institute of Portalegre).csv
STU-PIP-0512,Academic Performance,"{""Admission_Grade"": ""1"", ""Tuition_Paid"": ""0"", ""Target"": ""Dropout""}",data/processed/prism_student_profile/Student performance (Polytechnic Institute of Portalegre).csv
STU-PIP-0513,Academic Performance,"{""Admission_Grade"": ""1"", ""Tuition_Paid"": ""1"", ""Target"": ""Graduate""}",data/processed/prism_student_profile/Student performance (Polytechnic Institute of Portalegre).csv
STU-PIP-0514,Academic Performance,"{""Admission_Grade"": ""1"", ""Tuition_Paid"": ""0"", ""Target"": ""Dropout""}",data/processed/prism_student_profile/Student performance (Polytechnic Institute of Portalegre).csv
STU-PIP-0515,Academic Performance,"{""Admission_Grade"": ""1"", ""Tuition_Paid"": ""0"", ""Target"": ""Dropout""}",data/processed/prism_student_profile/Student performance (Polytechnic Institute of Portalegre).csv
STU-PIP-0516,Academic Performance,"{""Admission_Grade"": ""1"", ""Tuition_Paid"": ""0"", ""Target"": ""Dropout""}",data/processed/prism_student_profile/Student performance (Polytechnic Institute of Portalegre).csv
STU-PIP-0517,Academic Performance,"{""Admission_Grade"": ""1"", ""Tuition_Paid"": ""1"", ""Target"": ""Graduate""}",data/processed/prism_student_profile/Student performance (Polytechnic Institute of Portalegre).csv
STU-PIP-0518,Academic Performance,"{""Admission_Grade"": ""1"", ""Tuition_Paid"": ""1"", ""Target"": ""Dropout""}",data/processed/prism_student_profile/Student performance (Polytechnic Institute of Portalegre).csv
STU-PIP-0519,Academic Performance,"{""Admission_Grade"": ""19"", ""Tuition_Paid"": ""1"", ""Target"": ""Dropout""}",data/processed/prism_student_profile/Student performance (Polytechnic Institute of Portalegre).csv
STU-PIP-0520,Academic Performance,"{""Admission_Grade"": ""1"", ""Tuition_Paid"": ""1"", ""Target"": ""Dropout""}",data/processed/prism_student_profile/Student performance (Polytechnic Institute of Portalegre).csv
STU-PIP-0521,Academic Performance,"{""Admission_Grade"": ""1"", ""Tuition_Paid"": ""1"", ""Target"": ""Graduate""}",data/processed/prism_student_profile/Student performance (Polytechnic Institute of Portalegre).csv
STU-PIP-0522,Academic Performance,"{""Admission_Grade"": ""1"", ""Tuition_Paid"": ""1"", ""Target"": ""Graduate""}",data/processed/prism_student_profile/Student performance (Polytechnic Institute of Portalegre).csv
STU-PIP-0523,Academic Performance,"{""Admission_Grade"": ""1"", ""Tuition_Paid"": ""0"", ""Target"": ""Graduate""}",data/processed/prism_student_profile/Student performance (Polytechnic Institute of Portalegre).csv
STU-PIP-0524,Academic Performance,"{""Admission_Grade"": ""1"", ""Tuition_Paid"": ""1"", ""Target"": ""Graduate""}",data/processed/prism_student_profile/Student performance (Polytechnic Institute of Portalegre).csv
STU-PIP-0525,Academic Performance,"{""Admission_Grade"": ""1"", ""Tuition_Paid"": ""1"", ""Target"": ""Dropout""}",data/processed/prism_student_profile/Student performance (Polytechnic Institute of Portalegre).csv
STU-PIP-0526,Academic Performance,"{""Admission_Grade"": ""1"", ""Tuition_Paid"": ""1"", ""Target"": ""Dropout""}",data/processed/prism_student_profile/Student performance (Polytechnic Institute of Portalegre).csv
STU-PIP-0527,Academic Performance,"{""Admission_Grade"": ""19"", ""Tuition_Paid"": ""1"", ""Target"": ""Enrolled""}",data/processed/prism_student_profile/Student performance (Polytechnic Institute of Portalegre).csv
STU-PIP-0528,Academic Performance,"{""Admission_Grade"": ""1"", ""Tuition_Paid"": ""1"", ""Target"": ""Graduate""}",data/processed/prism_student_profile/Student performance (Polytechnic Institute of Portalegre).csv
STU-PIP-0529,Academic Performance,"{""Admission_Grade"": ""1"", ""Tuition_Paid"": ""0"", ""Target"": ""Dropout""}",data/processed/prism_student_profile/Student performance (Polytechnic Institute of Portalegre).csv
STU-PIP-0530,Academic Performance,"{""Admission_Grade"": ""1"", ""Tuition_Paid"": ""1"", ""Target"": ""Dropout""}",data/processed/prism_student_profile/Student performance (Polytechnic Institute of Portalegre).csv
STU-PIP-0531,Academic Performance,"{""Admission_Grade"": ""1"", ""Tuition_Paid"": ""1"", ""Target"": ""Enrolled""}",data/processed/prism_student_profile/Student performance (Polytechnic Institute of Portalegre).csv
STU-PIP-0532,Academic Performance,"{""Admission_Grade"": ""1"", ""Tuition_Paid"": ""1"", ""Target"": ""Dropout""}",data/processed/prism_student_profile/Student performance (Polytechnic Institute of Portalegre).csv
STU-PIP-0533,Academic Performance,"{""Admission_Grade"": ""1"", ""Tuition_Paid"": ""1"", ""Target"": ""Graduate""}",data/processed/prism_student_profile/Student performance (Polytechnic Institute of Portalegre).csv
STU-PIP-0534,Academic Performance,"{""Admission_Grade"": ""39"", ""Tuition_Paid"": ""0"", ""Target"": ""Dropout""}",data/processed/prism_student_profile/Student performance (Polytechnic Institute of Portalegre).csv
STU-PIP-0535,Academic Performance,"{""Admission_Grade"": ""39"", ""Tuition_Paid"": ""1"", ""Target"": ""Graduate""}",data/processed/prism_student_profile/Student performance (Polytechnic Institute of Portalegre).csv
STU-PIP-0536,Academic Performance,"{""Admission_Grade"": ""1"", ""Tuition_Paid"": ""1"", ""Target"": ""Graduate""}",data/processed/prism_student_profile/Student performance (Polytechnic Institute of Portalegre).csv
STU-PIP-0537,Academic Performance,"{""Admission_Grade"": ""1"", ""Tuition_Paid"": ""1"", ""Target"": ""Dropout""}",data/processed/prism_student_profile/Student performance (Polytechnic Institute of Portalegre).csv
STU-PIP-0538,Academic Performance,"{""Admission_Grade"": ""1"", ""Tuition_Paid"": ""1"", ""Target"": ""Graduate""}",data/processed/prism_student_profile/Student performance (Polytechnic Institute of Portalegre).csv
STU-PIP-0539,Academic Performance,"{""Admission_Grade"": ""39"", ""Tuition_Paid"": ""1"", ""Target"": ""Graduate""}",data/processed/prism_student_profile/Student performance (Polytechnic Institute of Portalegre).csv
STU-PIP-0540,Academic Performance,"{""Admission_Grade"": ""1"", ""Tuition_Paid"": ""1"", ""Target"": ""Dropout""}",data/processed/prism_student_profile/Student performance (Polytechnic Institute of Portalegre).csv
STU-PIP-0541,Academic Performance,"{""Admission_Grade"": ""1"", ""Tuition_Paid"": ""1"", ""Target"": ""Graduate""}",data/processed/prism_student_profile/Student performance (Polytechnic Institute of Portalegre).csv
STU-PIP-0542,Academic Performance,"{""Admission_Grade"": ""1"", ""Tuition_Paid"": ""1"", ""Target"": ""Enrolled""}",data/processed/prism_student_profile/Student performance (Polytechnic Institute of Portalegre).csv
STU-PIP-0543,Academic Performance,"{""Admission_Grade"": ""39"", ""Tuition_Paid"": ""1"", ""Target"": ""Graduate""}",data/processed/prism_student_profile/Student performance (Polytechnic Institute of Portalegre).csv
STU-PIP-0544,Academic Performance,"{""Admission_Grade"": ""1"", ""Tuition_Paid"": ""1"", ""Target"": ""Graduate""}",data/processed/prism_student_profile/Student performance (Polytechnic Institute of Portalegre).csv
STU-PIP-0545,Academic Performance,"{""Admission_Grade"": ""1"", ""Tuition_Paid"": ""1"", ""Target"": ""Enrolled""}",data/processed/prism_student_profile/Student performance (Polytechnic Institute of Portalegre).csv
STU-PIP-0546,Academic Performance,"{""Admission_Grade"": ""1"", ""Tuition_Paid"": ""1"", ""Target"": ""Enrolled""}",data/processed/prism_student_profile/Student performance (Polytechnic Institute of Portalegre).csv
STU-PIP-0547,Academic Performance,"{""Admission_Grade"": ""40"", ""Tuition_Paid"": ""1"", ""Target"": ""Enrolled""}",data/processed/prism_student_profile/Student performance (Polytechnic Institute of Portalegre).csv
STU-PIP-0548,Academic Performance,"{""Admission_Grade"": ""1"", ""Tuition_Paid"": ""1"", ""Target"": ""Enrolled""}",data/processed/prism_student_profile/Student performance (Polytechnic Institute of Portalegre).csv
STU-PIP-0549,Academic Performance,"{""Admission_Grade"": ""1"", ""Tuition_Paid"": ""1"", ""Target"": ""Enrolled""}",data/processed/prism_student_profile/Student performance (Polytechnic Institute of Portalegre).csv
STU-PIP-0550,Academic Performance,"{""Admission_Grade"": ""1"", ""Tuition_Paid"": ""1"", ""Target"": ""Graduate""}",data/processed/prism_student_profile/Student performance (Polytechnic Institute of Portalegre).csv
STU-PIP-0551,Academic Performance,"{""Admission_Grade"": ""1"", ""Tuition_Paid"": ""1"", ""Target"": ""Dropout""}",data/processed/prism_student_profile/Student performance (Polytechnic Institute of Portalegre).csv
STU-PIP-0552,Academic Performance,"{""Admission_Grade"": ""19"", ""Tuition_Paid"": ""0"", ""Target"": ""Dropout""}",data/processed/prism_student_profile/Student performance (Polytechnic Institute of Portalegre).csv
STU-PIP-0553,Academic Performance,"{""Admission_Grade"": ""1"", ""Tuition_Paid"": ""1"", ""Target"": ""Dropout""}",data/processed/prism_student_profile/Student performance (Polytechnic Institute of Portalegre).csv
STU-PIP-0554,Academic Performance,"{""Admission_Grade"": ""1"", ""Tuition_Paid"": ""1"", ""Target"": ""Dropout""}",data/processed/prism_student_profile/Student performance (Polytechnic Institute of Portalegre).csv
STU-PIP-0555,Academic Performance,"{""Admission_Grade"": ""1"", ""Tuition_Paid"": ""1"", ""Target"": ""Dropout""}",data/processed/prism_student_profile/Student performance (Polytechnic Institute of Portalegre).csv
STU-PIP-0556,Academic Performance,"{""Admission_Grade"": ""39"", ""Tuition_Paid"": ""1"", ""Target"": ""Dropout""}",data/processed/prism_student_profile/Student performance (Polytechnic Institute of Portalegre).csv
STU-PIP-0557,Academic Performance,"{""Admission_Grade"": ""1"", ""Tuition_Paid"": ""1"", ""Target"": ""Enrolled""}",data/processed/prism_student_profile/Student performance (Polytechnic Institute of Portalegre).csv
STU-PIP-0558,Academic Performance,"{""Admission_Grade"": ""1"", ""Tuition_Paid"": ""1"", ""Target"": ""Graduate""}",data/processed/prism_student_profile/Student performance (Polytechnic Institute of Portalegre).csv
STU-PIP-0559,Academic Performance,"{""Admission_Grade"": ""39"", ""Tuition_Paid"": ""1"", ""Target"": ""Enrolled""}",data/processed/prism_student_profile/Student performance (Polytechnic Institute of Portalegre).csv
STU-PIP-0560,Academic Performance,"{""Admission_Grade"": ""1"", ""Tuition_Paid"": ""1"", ""Target"": ""Graduate""}",data/processed/prism_student_profile/Student performance (Polytechnic Institute of Portalegre).csv
STU-PIP-0561,Academic Performance,"{""Admission_Grade"": ""42"", ""Tuition_Paid"": ""1"", ""Target"": ""Graduate""}",data/processed/prism_student_profile/Student performance (Polytechnic Institute of Portalegre).csv
STU-PIP-0562,Academic Performance,"{""Admission_Grade"": ""1"", ""Tuition_Paid"": ""1"", ""Target"": ""Enrolled""}",data/processed/prism_student_profile/Student performance (Polytechnic Institute of Portalegre).csv
STU-PIP-0563,Academic Performance,"{""Admission_Grade"": ""1"", ""Tuition_Paid"": ""1"", ""Target"": ""Dropout""}",data/processed/prism_student_profile/Student performance (Polytechnic Institute of Portalegre).csv
STU-PIP-0564,Academic Performance,"{""Admission_Grade"": ""1"", ""Tuition_Paid"": ""1"", ""Target"": ""Graduate""}",data/processed/prism_student_profile/Student performance (Polytechnic Institute of Portalegre).csv
STU-PIP-0565,Academic Performance,"{""Admission_Grade"": ""6"", ""Tuition_Paid"": ""1"", ""Target"": ""Graduate""}",data/processed/prism_student_profile/Student performance (Polytechnic Institute of Portalegre).csv
STU-PIP-0566,Academic Performance,"{""Admission_Grade"": ""1"", ""Tuition_Paid"": ""1"", ""Target"": ""Graduate""}",data/processed/prism_student_profile/Student performance (Polytechnic Institute of Portalegre).csv
STU-PIP-0567,Academic Performance,"{""Admission_Grade"": ""19"", ""Tuition_Paid"": ""1"", ""Target"": ""Dropout""}",data/processed/prism_student_profile/Student performance (Polytechnic Institute of Portalegre).csv
STU-PIP-0568,Academic Performance,"{""Admission_Grade"": ""1"", ""Tuition_Paid"": ""1"", ""Target"": ""Dropout""}",data/processed/prism_student_profile/Student performance (Polytechnic Institute of Portalegre).csv
STU-PIP-0569,Academic Performance,"{""Admission_Grade"": ""1"", ""Tuition_Paid"": ""1"", ""Target"": ""Graduate""}",data/processed/prism_student_profile/Student performance (Polytechnic Institute of Portalegre).csv
STU-PIP-0570,Academic Performance,"{""Admission_Grade"": ""1"", ""Tuition_Paid"": ""1"", ""Target"": ""Graduate""}",data/processed/prism_student_profile/Student performance (Polytechnic Institute of Portalegre).csv
STU-PIP-0571,Academic Performance,"{""Admission_Grade"": ""1"", ""Tuition_Paid"": ""1"", ""Target"": ""Graduate""}",data/processed/prism_student_profile/Student performance (Polytechnic Institute of Portalegre).csv
STU-PIP-0572,Academic Performance,"{""Admission_Grade"": ""1"", ""Tuition_Paid"": ""1"", ""Target"": ""Dropout""}",data/processed/prism_student_profile/Student performance (Polytechnic Institute of Portalegre).csv
STU-PIP-0573,Academic Performance,"{""Admission_Grade"": ""1"", ""Tuition_Paid"": ""1"", ""Target"": ""Dropout""}",data/processed/prism_student_profile/Student performance (Polytechnic Institute of Portalegre).csv
STU-PIP-0574,Academic Performance,"{""Admission_Grade"": ""1"", ""Tuition_Paid"": ""1"", ""Target"": ""Enrolled""}",data/processed/prism_student_profile/Student performance (Polytechnic Institute of Portalegre).csv
STU-PIP-0575,Academic Performance,"{""Admission_Grade"": ""1"", ""Tuition_Paid"": ""1"", ""Target"": ""Graduate""}",data/processed/prism_student_profile/Student performance (Polytechnic Institute of Portalegre).csv
STU-PIP-0576,Academic Performance,"{""Admission_Grade"": ""9"", ""Tuition_Paid"": ""0"", ""Target"": ""Dropout""}",data/processed/prism_student_profile/Student performance (Polytechnic Institute of Portalegre).csv
STU-PIP-0577,Academic Performance,"{""Admission_Grade"": ""1"", ""Tuition_Paid"": ""1"", ""Target"": ""Graduate""}",data/processed/prism_student_profile/Student performance (Polytechnic Institute of Portalegre).csv
STU-PIP-0578,Academic Performance,"{""Admission_Grade"": ""1"", ""Tuition_Paid"": ""1"", ""Target"": ""Enrolled""}",data/processed/prism_student_profile/Student performance (Polytechnic Institute of Portalegre).csv
STU-PIP-0579,Academic Performance,"{""Admission_Grade"": ""1"", ""Tuition_Paid"": ""1"", ""Target"": ""Graduate""}",data/processed/prism_student_profile/Student performance (Polytechnic Institute of Portalegre).csv
STU-PIP-0580,Academic Performance,"{""Admission_Grade"": ""1"", ""Tuition_Paid"": ""1"", ""Target"": ""Graduate""}",data/processed/prism_student_profile/Student performance (Polytechnic Institute of Portalegre).csv
STU-PIP-0581,Academic Performance,"{""Admission_Grade"": ""1"", ""Tuition_Paid"": ""1"", ""Target"": ""Dropout""}",data/processed/prism_student_profile/Student performance (Polytechnic Institute of Portalegre).csv
STU-PIP-0582,Academic Performance,"{""Admission_Grade"": ""1"", ""Tuition_Paid"": ""1"", ""Target"": ""Graduate""}",data/processed/prism_student_profile/Student performance (Polytechnic Institute of Portalegre).csv
STU-PIP-0583,Academic Performance,"{""Admission_Grade"": ""1"", ""Tuition_Paid"": ""1"", ""Target"": ""Enrolled""}",data/processed/prism_student_profile/Student performance (Polytechnic Institute of Portalegre).csv
STU-PIP-0584,Academic Performance,"{""Admission_Grade"": ""1"", ""Tuition_Paid"": ""1"", ""Target"": ""Graduate""}",data/processed/prism_student_profile/Student performance (Polytechnic Institute of Portalegre).csv
STU-PIP-0585,Academic Performance,"{""Admission_Grade"": ""1"", ""Tuition_Paid"": ""1"", ""Target"": ""Graduate""}",data/processed/prism_student_profile/Student performance (Polytechnic Institute of Portalegre).csv
STU-PIP-0586,Academic Performance,"{""Admission_Grade"": ""1"", ""Tuition_Paid"": ""1"", ""Target"": ""Graduate""}",data/processed/prism_student_profile/Student performance (Polytechnic Institute of Portalegre).csv
STU-PIP-0587,Academic Performance,"{""Admission_Grade"": ""1"", ""Tuition_Paid"": ""1"", ""Target"": ""Graduate""}",data/processed/prism_student_profile/Student performance (Polytechnic Institute of Portalegre).csv
STU-PIP-0588,Academic Performance,"{""Admission_Grade"": ""1"", ""Tuition_Paid"": ""1"", ""Target"": ""Graduate""}",data/processed/prism_student_profile/Student performance (Polytechnic Institute of Portalegre).csv
STU-PIP-0589,Academic Performance,"{""Admission_Grade"": ""1"", ""Tuition_Paid"": ""1"", ""Target"": ""Graduate""}",data/processed/prism_student_profile/Student performance (Polytechnic Institute of Portalegre).csv
STU-PIP-0590,Academic Performance,"{""Admission_Grade"": ""1"", ""Tuition_Paid"": ""1"", ""Target"": ""Graduate""}",data/processed/prism_student_profile/Student performance (Polytechnic Institute of Portalegre).csv
STU-PIP-0591,Academic Performance,"{""Admission_Grade"": ""1"", ""Tuition_Paid"": ""1"", ""Target"": ""Graduate""}",data/processed/prism_student_profile/Student performance (Polytechnic Institute of Portalegre).csv
STU-PIP-0592,Academic Performance,"{""Admission_Grade"": ""1"", ""Tuition_Paid"": ""1"", ""Target"": ""Enrolled""}",data/processed/prism_student_profile/Student performance (Polytechnic Institute of Portalegre).csv
STU-PIP-0593,Academic Performance,"{""Admission_Grade"": ""39"", ""Tuition_Paid"": ""1"", ""Target"": ""Graduate""}",data/processed/prism_student_profile/Student performance (Polytechnic Institute of Portalegre).csv
STU-PIP-0594,Academic Performance,"{""Admission_Grade"": ""1"", ""Tuition_Paid"": ""1"", ""Target"": ""Enrolled""}",data/processed/prism_student_profile/Student performance (Polytechnic Institute of Portalegre).csv
STU-PIP-0595,Academic Performance,"{""Admission_Grade"": ""1"", ""Tuition_Paid"": ""1"", ""Target"": ""Enrolled""}",data/processed/prism_student_profile/Student performance (Polytechnic Institute of Portalegre).csv
STU-PIP-0596,Academic Performance,"{""Admission_Grade"": ""3"", ""Tuition_Paid"": ""1"", ""Target"": ""Dropout""}",data/processed/prism_student_profile/Student performance (Polytechnic Institute of Portalegre).csv
STU-PIP-0597,Academic Performance,"{""Admission_Grade"": ""1"", ""Tuition_Paid"": ""0"", ""Target"": ""Dropout""}",data/processed/prism_student_profile/Student performance (Polytechnic Institute of Portalegre).csv
STU-PIP-0598,Academic Performance,"{""Admission_Grade"": ""1"", ""Tuition_Paid"": ""0"", ""Target"": ""Dropout""}",data/processed/prism_student_profile/Student performance (Polytechnic Institute of Portalegre).csv
STU-PIP-0599,Academic Performance,"{""Admission_Grade"": ""1"", ""Tuition_Paid"": ""1"", ""Target"": ""Graduate""}",data/processed/prism_student_profile/Student performance (Polytechnic Institute of Portalegre).csv
STU-PIP-0600,Academic Performance,"{""Admission_Grade"": ""1"", ""Tuition_Paid"": ""1"", ""Target"": ""Graduate""}",data/processed/prism_student_profile/Student performance (Polytechnic Institute of Portalegre).csv
STU-PIP-0601,Academic Performance,"{""Admission_Grade"": ""3"", ""Tuition_Paid"": ""1"", ""Target"": ""Dropout""}",data/processed/prism_student_profile/Student performance (Polytechnic Institute of Portalegre).csv
STU-PIP-0602,Academic Performance,"{""Admission_Grade"": ""1"", ""Tuition_Paid"": ""0"", ""Target"": ""Dropout""}",data/processed/prism_student_profile/Student performance (Polytechnic Institute of Portalegre).csv
STU-PIP-0603,Academic Performance,"{""Admission_Grade"": ""40"", ""Tuition_Paid"": ""1"", ""Target"": ""Graduate""}",data/processed/prism_student_profile/Student performance (Polytechnic Institute of Portalegre).csv
STU-PIP-0604,Academic Performance,"{""Admission_Grade"": ""1"", ""Tuition_Paid"": ""1"", ""Target"": ""Graduate""}",data/processed/prism_student_profile/Student performance (Polytechnic Institute of Portalegre).csv
STU-PIP-0605,Academic Performance,"{""Admission_Grade"": ""1"", ""Tuition_Paid"": ""1"", ""Target"": ""Graduate""}",data/processed/prism_student_profile/Student performance (Polytechnic Institute of Portalegre).csv
STU-PIP-0606,Academic Performance,"{""Admission_Grade"": ""1"", ""Tuition_Paid"": ""0"", ""Target"": ""Dropout""}",data/processed/prism_student_profile/Student performance (Polytechnic Institute of Portalegre).csv
STU-PIP-0607,Academic Performance,"{""Admission_Grade"": ""1"", ""Tuition_Paid"": ""1"", ""Target"": ""Dropout""}",data/processed/prism_student_profile/Student performance (Polytechnic Institute of Portalegre).csv
STU-PIP-0608,Academic Performance,"{""Admission_Grade"": ""1"", ""Tuition_Paid"": ""1"", ""Target"": ""Graduate""}",data/processed/prism_student_profile/Student performance (Polytechnic Institute of Portalegre).csv
STU-PIP-0609,Academic Performance,"{""Admission_Grade"": ""1"", ""Tuition_Paid"": ""1"", ""Target"": ""Dropout""}",data/processed/prism_student_profile/Student performance (Polytechnic Institute of Portalegre).csv
STU-PIP-0610,Academic Performance,"{""Admission_Grade"": ""1"", ""Tuition_Paid"": ""1"", ""Target"": ""Enrolled""}",data/processed/prism_student_profile/Student performance (Polytechnic Institute of Portalegre).csv
STU-PIP-0611,Academic Performance,"{""Admission_Grade"": ""1"", ""Tuition_Paid"": ""1"", ""Target"": ""Graduate""}",data/processed/prism_student_profile/Student performance (Polytechnic Institute of Portalegre).csv
STU-PIP-0612,Academic Performance,"{""Admission_Grade"": ""1"", ""Tuition_Paid"": ""1"", ""Target"": ""Graduate""}",data/processed/prism_student_profile/Student performance (Polytechnic Institute of Portalegre).csv
STU-PIP-0613,Academic Performance,"{""Admission_Grade"": ""1"", ""Tuition_Paid"": ""1"", ""Target"": ""Graduate""}",data/processed/prism_student_profile/Student performance (Polytechnic Institute of Portalegre).csv
STU-PIP-0614,Academic Performance,"{""Admission_Grade"": ""1"", ""Tuition_Paid"": ""1"", ""Target"": ""Enrolled""}",data/processed/prism_student_profile/Student performance (Polytechnic Institute of Portalegre).csv
STU-PIP-0615,Academic Performance,"{""Admission_Grade"": ""1"", ""Tuition_Paid"": ""1"", ""Target"": ""Graduate""}",data/processed/prism_student_profile/Student performance (Polytechnic Institute of Portalegre).csv
STU-PIP-0616,Academic Performance,"{""Admission_Grade"": ""1"", ""Tuition_Paid"": ""1"", ""Target"": ""Graduate""}",data/processed/prism_student_profile/Student performance (Polytechnic Institute of Portalegre).csv
STU-PIP-0617,Academic Performance,"{""Admission_Grade"": ""3"", ""Tuition_Paid"": ""1"", ""Target"": ""Graduate""}",data/processed/prism_student_profile/Student performance (Polytechnic Institute of Portalegre).csv
STU-PIP-0618,Academic Performance,"{""Admission_Grade"": ""1"", ""Tuition_Paid"": ""1"", ""Target"": ""Graduate""}",data/processed/prism_student_profile/Student performance (Polytechnic Institute of Portalegre).csv
STU-PIP-0619,Academic Performance,"{""Admission_Grade"": ""1"", ""Tuition_Paid"": ""1"", ""Target"": ""Graduate""}",data/processed/prism_student_profile/Student performance (Polytechnic Institute of Portalegre).csv
STU-PIP-0620,Academic Performance,"{""Admission_Grade"": ""39"", ""Tuition_Paid"": ""1"", ""Target"": ""Enrolled""}",data/processed/prism_student_profile/Student performance (Polytechnic Institute of Portalegre).csv
STU-PIP-0621,Academic Performance,"{""Admission_Grade"": ""1"", ""Tuition_Paid"": ""1"", ""Target"": ""Graduate""}",data/processed/prism_student_profile/Student performance (Polytechnic Institute of Portalegre).csv
STU-PIP-0622,Academic Performance,"{""Admission_Grade"": ""1"", ""Tuition_Paid"": ""1"", ""Target"": ""Dropout""}",data/processed/prism_student_profile/Student performance (Polytechnic Institute of Portalegre).csv
STU-PIP-0623,Academic Performance,"{""Admission_Grade"": ""1"", ""Tuition_Paid"": ""1"", ""Target"": ""Dropout""}",data/processed/prism_student_profile/Student performance (Polytechnic Institute of Portalegre).csv
STU-PIP-0624,Academic Performance,"{""Admission_Grade"": ""1"", ""Tuition_Paid"": ""1"", ""Target"": ""Graduate""}",data/processed/prism_student_profile/Student performance (Polytechnic Institute of Portalegre).csv
STU-PIP-0625,Academic Performance,"{""Admission_Grade"": ""1"", ""Tuition_Paid"": ""1"", ""Target"": ""Dropout""}",data/processed/prism_student_profile/Student performance (Polytechnic Institute of Portalegre).csv
STU-PIP-0626,Academic Performance,"{""Admission_Grade"": ""1"", ""Tuition_Paid"": ""1"", ""Target"": ""Dropout""}",data/processed/prism_student_profile/Student performance (Polytechnic Institute of Portalegre).csv
STU-PIP-0627,Academic Performance,"{""Admission_Grade"": ""39"", ""Tuition_Paid"": ""1"", ""Target"": ""Graduate""}",data/processed/prism_student_profile/Student performance (Polytechnic Institute of Portalegre).csv
STU-PIP-0628,Academic Performance,"{""Admission_Grade"": ""1"", ""Tuition_Paid"": ""1"", ""Target"": ""Graduate""}",data/processed/prism_student_profile/Student performance (Polytechnic Institute of Portalegre).csv
STU-PIP-0629,Academic Performance,"{""Admission_Grade"": ""1"", ""Tuition_Paid"": ""1"", ""Target"": ""Graduate""}",data/processed/prism_student_profile/Student performance (Polytechnic Institute of Portalegre).csv
STU-PIP-0630,Academic Performance,"{""Admission_Grade"": ""1"", ""Tuition_Paid"": ""1"", ""Target"": ""Graduate""}",data/processed/prism_student_profile/Student performance (Polytechnic Institute of Portalegre).csv
STU-PIP-0631,Academic Performance,"{""Admission_Grade"": ""1"", ""Tuition_Paid"": ""1"", ""Target"": ""Graduate""}",data/processed/prism_student_profile/Student performance (Polytechnic Institute of Portalegre).csv
STU-PIP-0632,Academic Performance,"{""Admission_Grade"": ""1"", ""Tuition_Paid"": ""1"", ""Target"": ""Enrolled""}",data/processed/prism_student_profile/Student performance (Polytechnic Institute of Portalegre).csv
STU-PIP-0633,Academic Performance,"{""Admission_Grade"": ""1"", ""Tuition_Paid"": ""1"", ""Target"": ""Graduate""}",data/processed/prism_student_profile/Student performance (Polytechnic Institute of Portalegre).csv
STU-PIP-0634,Academic Performance,"{""Admission_Grade"": ""1"", ""Tuition_Paid"": ""1"", ""Target"": ""Graduate""}",data/processed/prism_student_profile/Student performance (Polytechnic Institute of Portalegre).csv
STU-PIP-0635,Academic Performance,"{""Admission_Grade"": ""1"", ""Tuition_Paid"": ""1"", ""Target"": ""Graduate""}",data/processed/prism_student_profile/Student performance (Polytechnic Institute of Portalegre).csv
STU-PIP-0636,Academic Performance,"{""Admission_Grade"": ""1"", ""Tuition_Paid"": ""1"", ""Target"": ""Graduate""}",data/processed/prism_student_profile/Student performance (Polytechnic Institute of Portalegre).csv
STU-PIP-0637,Academic Performance,"{""Admission_Grade"": ""1"", ""Tuition_Paid"": ""1"", ""Target"": ""Graduate""}",data/processed/prism_student_profile/Student performance (Polytechnic Institute of Portalegre).csv
STU-PIP-0638,Academic Performance,"{""Admission_Grade"": ""1"", ""Tuition_Paid"": ""1"", ""Target"": ""Enrolled""}",data/processed/prism_student_profile/Student performance (Polytechnic Institute of Portalegre).csv
STU-PIP-0639,Academic Performance,"{""Admission_Grade"": ""1"", ""Tuition_Paid"": ""1"", ""Target"": ""Graduate""}",data/processed/prism_student_profile/Student performance (Polytechnic Institute of Portalegre).csv
STU-PIP-0640,Academic Performance,"{""Admission_Grade"": ""1"", ""Tuition_Paid"": ""1"", ""Target"": ""Dropout""}",data/processed/prism_student_profile/Student performance (Polytechnic Institute of Portalegre).csv
STU-PIP-0641,Academic Performance,"{""Admission_Grade"": ""1"", ""Tuition_Paid"": ""0"", ""Target"": ""Dropout""}",data/processed/prism_student_profile/Student performance (Polytechnic Institute of Portalegre).csv
STU-PIP-0642,Academic Performance,"{""Admission_Grade"": ""1"", ""Tuition_Paid"": ""1"", ""Target"": ""Enrolled""}",data/processed/prism_student_profile/Student performance (Polytechnic Institute of Portalegre).csv
STU-PIP-0643,Academic Performance,"{""Admission_Grade"": ""1"", ""Tuition_Paid"": ""1"", ""Target"": ""Enrolled""}",data/processed/prism_student_profile/Student performance (Polytechnic Institute of Portalegre).csv
STU-PIP-0644,Academic Performance,"{""Admission_Grade"": ""1"", ""Tuition_Paid"": ""1"", ""Target"": ""Enrolled""}",data/processed/prism_student_profile/Student performance (Polytechnic Institute of Portalegre).csv
STU-PIP-0645,Academic Performance,"{""Admission_Grade"": ""1"", ""Tuition_Paid"": ""0"", ""Target"": ""Dropout""}",data/processed/prism_student_profile/Student performance (Polytechnic Institute of Portalegre).csv
STU-PIP-0646,Academic Performance,"{""Admission_Grade"": ""1"", ""Tuition_Paid"": ""1"", ""Target"": ""Enrolled""}",data/processed/prism_student_profile/Student performance (Polytechnic Institute of Portalegre).csv
STU-PIP-0647,Academic Performance,"{""Admission_Grade"": ""1"", ""Tuition_Paid"": ""1"", ""Target"": ""Enrolled""}",data/processed/prism_student_profile/Student performance (Polytechnic Institute of Portalegre).csv
STU-PIP-0648,Academic Performance,"{""Admission_Grade"": ""3"", ""Tuition_Paid"": ""1"", ""Target"": ""Graduate""}",data/processed/prism_student_profile/Student performance (Polytechnic Institute of Portalegre).csv
STU-PIP-0649,Academic Performance,"{""Admission_Grade"": ""1"", ""Tuition_Paid"": ""1"", ""Target"": ""Graduate""}",data/processed/prism_student_profile/Student performance (Polytechnic Institute of Portalegre).csv
STU-PIP-0650,Academic Performance,"{""Admission_Grade"": ""1"", ""Tuition_Paid"": ""1"", ""Target"": ""Graduate""}",data/processed/prism_student_profile/Student performance (Polytechnic Institute of Portalegre).csv
STU-PIP-0651,Academic Performance,"{""Admission_Grade"": ""1"", ""Tuition_Paid"": ""1"", ""Target"": ""Graduate""}",data/processed/prism_student_profile/Student performance (Polytechnic Institute of Portalegre).csv
STU-PIP-0652,Academic Performance,"{""Admission_Grade"": ""42"", ""Tuition_Paid"": ""0"", ""Target"": ""Enrolled""}",data/processed/prism_student_profile/Student performance (Polytechnic Institute of Portalegre).csv
STU-PIP-0653,Academic Performance,"{""Admission_Grade"": ""19"", ""Tuition_Paid"": ""1"", ""Target"": ""Graduate""}",data/processed/prism_student_profile/Student performance (Polytechnic Institute of Portalegre).csv
STU-PIP-0654,Academic Performance,"{""Admission_Grade"": ""39"", ""Tuition_Paid"": ""1"", ""Target"": ""Graduate""}",data/processed/prism_student_profile/Student performance (Polytechnic Institute of Portalegre).csv
STU-PIP-0655,Academic Performance,"{""Admission_Grade"": ""1"", ""Tuition_Paid"": ""1"", ""Target"": ""Graduate""}",data/processed/prism_student_profile/Student performance (Polytechnic Institute of Portalegre).csv
STU-PIP-0656,Academic Performance,"{""Admission_Grade"": ""1"", ""Tuition_Paid"": ""1"", ""Target"": ""Enrolled""}",data/processed/prism_student_profile/Student performance (Polytechnic Institute of Portalegre).csv
STU-PIP-0657,Academic Performance,"{""Admission_Grade"": ""1"", ""Tuition_Paid"": ""1"", ""Target"": ""Enrolled""}",data/processed/prism_student_profile/Student performance (Polytechnic Institute of Portalegre).csv
STU-PIP-0658,Academic Performance,"{""Admission_Grade"": ""1"", ""Tuition_Paid"": ""1"", ""Target"": ""Graduate""}",data/processed/prism_student_profile/Student performance (Polytechnic Institute of Portalegre).csv
STU-PIP-0659,Academic Performance,"{""Admission_Grade"": ""1"", ""Tuition_Paid"": ""1"", ""Target"": ""Graduate""}",data/processed/prism_student_profile/Student performance (Polytechnic Institute of Portalegre).csv
STU-PIP-0660,Academic Performance,"{""Admission_Grade"": ""1"", ""Tuition_Paid"": ""1"", ""Target"": ""Dropout""}",data/processed/prism_student_profile/Student performance (Polytechnic Institute of Portalegre).csv
STU-PIP-0661,Academic Performance,"{""Admission_Grade"": ""39"", ""Tuition_Paid"": ""1"", ""Target"": ""Graduate""}",data/processed/prism_student_profile/Student performance (Polytechnic Institute of Portalegre).csv
STU-PIP-0662,Academic Performance,"{""Admission_Grade"": ""1"", ""Tuition_Paid"": ""1"", ""Target"": ""Enrolled""}",data/processed/prism_student_profile/Student performance (Polytechnic Institute of Portalegre).csv
STU-PIP-0663,Academic Performance,"{""Admission_Grade"": ""1"", ""Tuition_Paid"": ""1"", ""Target"": ""Graduate""}",data/processed/prism_student_profile/Student performance (Polytechnic Institute of Portalegre).csv
STU-PIP-0664,Academic Performance,"{""Admission_Grade"": ""1"", ""Tuition_Paid"": ""1"", ""Target"": ""Graduate""}",data/processed/prism_student_profile/Student performance (Polytechnic Institute of Portalegre).csv
STU-PIP-0665,Academic Performance,"{""Admission_Grade"": ""1"", ""Tuition_Paid"": ""1"", ""Target"": ""Graduate""}",data/processed/prism_student_profile/Student performance (Polytechnic Institute of Portalegre).csv
STU-PIP-0666,Academic Performance,"{""Admission_Grade"": ""1"", ""Tuition_Paid"": ""1"", ""Target"": ""Graduate""}",data/processed/prism_student_profile/Student performance (Polytechnic Institute of Portalegre).csv
STU-PIP-0667,Academic Performance,"{""Admission_Grade"": ""1"", ""Tuition_Paid"": ""0"", ""Target"": ""Dropout""}",data/processed/prism_student_profile/Student performance (Polytechnic Institute of Portalegre).csv
STU-PIP-0668,Academic Performance,"{""Admission_Grade"": ""39"", ""Tuition_Paid"": ""1"", ""Target"": ""Graduate""}",data/processed/prism_student_profile/Student performance (Polytechnic Institute of Portalegre).csv
STU-PIP-0669,Academic Performance,"{""Admission_Grade"": ""1"", ""Tuition_Paid"": ""1"", ""Target"": ""Dropout""}",data/processed/prism_student_profile/Student performance (Polytechnic Institute of Portalegre).csv
STU-PIP-0670,Academic Performance,"{""Admission_Grade"": ""1"", ""Tuition_Paid"": ""1"", ""Target"": ""Graduate""}",data/processed/prism_student_profile/Student performance (Polytechnic Institute of Portalegre).csv
STU-PIP-0671,Academic Performance,"{""Admission_Grade"": ""1"", ""Tuition_Paid"": ""1"", ""Target"": ""Graduate""}",data/processed/prism_student_profile/Student performance (Polytechnic Institute of Portalegre).csv
STU-PIP-0672,Academic Performance,"{""Admission_Grade"": ""1"", ""Tuition_Paid"": ""1"", ""Target"": ""Dropout""}",data/processed/prism_student_profile/Student performance (Polytechnic Institute of Portalegre).csv
STU-PIP-0673,Academic Performance,"{""Admission_Grade"": ""1"", ""Tuition_Paid"": ""1"", ""Target"": ""Graduate""}",data/processed/prism_student_profile/Student performance (Polytechnic Institute of Portalegre).csv
STU-PIP-0674,Academic Performance,"{""Admission_Grade"": ""1"", ""Tuition_Paid"": ""1"", ""Target"": ""Graduate""}",data/processed/prism_student_profile/Student performance (Polytechnic Institute of Portalegre).csv
STU-PIP-0675,Academic Performance,"{""Admission_Grade"": ""1"", ""Tuition_Paid"": ""1"", ""Target"": ""Graduate""}",data/processed/prism_student_profile/Student performance (Polytechnic Institute of Portalegre).csv
STU-PIP-0676,Academic Performance,"{""Admission_Grade"": ""1"", ""Tuition_Paid"": ""1"", ""Target"": ""Dropout""}",data/processed/prism_student_profile/Student performance (Polytechnic Institute of Portalegre).csv
STU-PIP-0677,Academic Performance,"{""Admission_Grade"": ""1"", ""Tuition_Paid"": ""1"", ""Target"": ""Graduate""}",data/processed/prism_student_profile/Student performance (Polytechnic Institute of Portalegre).csv
STU-PIP-0678,Academic Performance,"{""Admission_Grade"": ""1"", ""Tuition_Paid"": ""1"", ""Target"": ""Enrolled""}",data/processed/prism_student_profile/Student performance (Polytechnic Institute of Portalegre).csv
STU-PIP-0679,Academic Performance,"{""Admission_Grade"": ""19"", ""Tuition_Paid"": ""0"", ""Target"": ""Dropout""}",data/processed/prism_student_profile/Student performance (Polytechnic Institute of Portalegre).csv
STU-PIP-0680,Academic Performance,"{""Admission_Grade"": ""1"", ""Tuition_Paid"": ""1"", ""Target"": ""Graduate""}",data/processed/prism_student_profile/Student performance (Polytechnic Institute of Portalegre).csv
STU-PIP-0681,Academic Performance,"{""Admission_Grade"": ""1"", ""Tuition_Paid"": ""1"", ""Target"": ""Graduate""}",data/processed/prism_student_profile/Student performance (Polytechnic Institute of Portalegre).csv
STU-PIP-0682,Academic Performance,"{""Admission_Grade"": ""39"", ""Tuition_Paid"": ""1"", ""Target"": ""Graduate""}",data/processed/prism_student_profile/Student performance (Polytechnic Institute of Portalegre).csv
STU-PIP-0683,Academic Performance,"{""Admission_Grade"": ""1"", ""Tuition_Paid"": ""0"", ""Target"": ""Dropout""}",data/processed/prism_student_profile/Student performance (Polytechnic Institute of Portalegre).csv
STU-PIP-0684,Academic Performance,"{""Admission_Grade"": ""19"", ""Tuition_Paid"": ""0"", ""Target"": ""Dropout""}",data/processed/prism_student_profile/Student performance (Polytechnic Institute of Portalegre).csv
STU-PIP-0685,Academic Performance,"{""Admission_Grade"": ""19"", ""Tuition_Paid"": ""1"", ""Target"": ""Graduate""}",data/processed/prism_student_profile/Student performance (Polytechnic Institute of Portalegre).csv
STU-PIP-0686,Academic Performance,"{""Admission_Grade"": ""1"", ""Tuition_Paid"": ""1"", ""Target"": ""Graduate""}",data/processed/prism_student_profile/Student performance (Polytechnic Institute of Portalegre).csv
STU-PIP-0687,Academic Performance,"{""Admission_Grade"": ""39"", ""Tuition_Paid"": ""0"", ""Target"": ""Dropout""}",data/processed/prism_student_profile/Student performance (Polytechnic Institute of Portalegre).csv
STU-PIP-0688,Academic Performance,"{""Admission_Grade"": ""1"", ""Tuition_Paid"": ""1"", ""Target"": ""Graduate""}",data/processed/prism_student_profile/Student performance (Polytechnic Institute of Portalegre).csv
STU-PIP-0689,Academic Performance,"{""Admission_Grade"": ""1"", ""Tuition_Paid"": ""1"", ""Target"": ""Graduate""}",data/processed/prism_student_profile/Student performance (Polytechnic Institute of Portalegre).csv
STU-PIP-0690,Academic Performance,"{""Admission_Grade"": ""19"", ""Tuition_Paid"": ""0"", ""Target"": ""Dropout""}",data/processed/prism_student_profile/Student performance (Polytechnic Institute of Portalegre).csv
STU-PIP-0691,Academic Performance,"{""Admission_Grade"": ""19"", ""Tuition_Paid"": ""1"", ""Target"": ""Dropout""}",data/processed/prism_student_profile/Student performance (Polytechnic Institute of Portalegre).csv
STU-PIP-0692,Academic Performance,"{""Admission_Grade"": ""1"", ""Tuition_Paid"": ""1"", ""Target"": ""Graduate""}",data/processed/prism_student_profile/Student performance (Polytechnic Institute of Portalegre).csv
STU-PIP-0693,Academic Performance,"{""Admission_Grade"": ""1"", ""Tuition_Paid"": ""1"", ""Target"": ""Enrolled""}",data/processed/prism_student_profile/Student performance (Polytechnic Institute of Portalegre).csv
STU-PIP-0694,Academic Performance,"{""Admission_Grade"": ""1"", ""Tuition_Paid"": ""0"", ""Target"": ""Dropout""}",data/processed/prism_student_profile/Student performance (Polytechnic Institute of Portalegre).csv
STU-PIP-0695,Academic Performance,"{""Admission_Grade"": ""19"", ""Tuition_Paid"": ""1"", ""Target"": ""Graduate""}",data/processed/prism_student_profile/Student performance (Polytechnic Institute of Portalegre).csv
STU-PIP-0696,Academic Performance,"{""Admission_Grade"": ""1"", ""Tuition_Paid"": ""1"", ""Target"": ""Dropout""}",data/processed/prism_student_profile/Student performance (Polytechnic Institute of Portalegre).csv
STU-PIP-0697,Academic Performance,"{""Admission_Grade"": ""1"", ""Tuition_Paid"": ""1"", ""Target"": ""Graduate""}",data/processed/prism_student_profile/Student performance (Polytechnic Institute of Portalegre).csv
STU-PIP-0698,Academic Performance,"{""Admission_Grade"": ""1"", ""Tuition_Paid"": ""1"", ""Target"": ""Enrolled""}",data/processed/prism_student_profile/Student performance (Polytechnic Institute of Portalegre).csv
STU-PIP-0699,Academic Performance,"{""Admission_Grade"": ""39"", ""Tuition_Paid"": ""1"", ""Target"": ""Graduate""}",data/processed/prism_student_profile/Student performance (Polytechnic Institute of Portalegre).csv
STU-PIP-0700,Academic Performance,"{""Admission_Grade"": ""1"", ""Tuition_Paid"": ""1"", ""Target"": ""Dropout""}",data/processed/prism_student_profile/Student performance (Polytechnic Institute of Portalegre).csv
STU-PIP-0701,Academic Performance,"{""Admission_Grade"": ""39"", ""Tuition_Paid"": ""0"", ""Target"": ""Enrolled""}",data/processed/prism_student_profile/Student performance (Polytechnic Institute of Portalegre).csv
STU-PIP-0702,Academic Performance,"{""Admission_Grade"": ""19"", ""Tuition_Paid"": ""1"", ""Target"": ""Dropout""}",data/processed/prism_student_profile/Student performance (Polytechnic Institute of Portalegre).csv
STU-PIP-0703,Academic Performance,"{""Admission_Grade"": ""4"", ""Tuition_Paid"": ""1"", ""Target"": ""Dropout""}",data/processed/prism_student_profile/Student performance (Polytechnic Institute of Portalegre).csv
STU-PIP-0704,Academic Performance,"{""Admission_Grade"": ""1"", ""Tuition_Paid"": ""1"", ""Target"": ""Dropout""}",data/processed/prism_student_profile/Student performance (Polytechnic Institute of Portalegre).csv
STU-PIP-0705,Academic Performance,"{""Admission_Grade"": ""12"", ""Tuition_Paid"": ""1"", ""Target"": ""Graduate""}",data/processed/prism_student_profile/Student performance (Polytechnic Institute of Portalegre).csv
STU-PIP-0706,Academic Performance,"{""Admission_Grade"": ""1"", ""Tuition_Paid"": ""1"", ""Target"": ""Dropout""}",data/processed/prism_student_profile/Student performance (Polytechnic Institute of Portalegre).csv
STU-PIP-0707,Academic Performance,"{""Admission_Grade"": ""1"", ""Tuition_Paid"": ""1"", ""Target"": ""Graduate""}",data/processed/prism_student_profile/Student performance (Polytechnic Institute of Portalegre).csv
STU-PIP-0708,Academic Performance,"{""Admission_Grade"": ""1"", ""Tuition_Paid"": ""1"", ""Target"": ""Graduate""}",data/processed/prism_student_profile/Student performance (Polytechnic Institute of Portalegre).csv
STU-PIP-0709,Academic Performance,"{""Admission_Grade"": ""1"", ""Tuition_Paid"": ""1"", ""Target"": ""Graduate""}",data/processed/prism_student_profile/Student performance (Polytechnic Institute of Portalegre).csv
STU-PIP-0710,Academic Performance,"{""Admission_Grade"": ""1"", ""Tuition_Paid"": ""0"", ""Target"": ""Dropout""}",data/processed/prism_student_profile/Student performance (Polytechnic Institute of Portalegre).csv
STU-PIP-0711,Academic Performance,"{""Admission_Grade"": ""19"", ""Tuition_Paid"": ""1"", ""Target"": ""Dropout""}",data/processed/prism_student_profile/Student performance (Polytechnic Institute of Portalegre).csv
STU-PIP-0712,Academic Performance,"{""Admission_Grade"": ""1"", ""Tuition_Paid"": ""0"", ""Target"": ""Dropout""}",data/processed/prism_student_profile/Student performance (Polytechnic Institute of Portalegre).csv
STU-PIP-0713,Academic Performance,"{""Admission_Grade"": ""1"", ""Tuition_Paid"": ""1"", ""Target"": ""Graduate""}",data/processed/prism_student_profile/Student performance (Polytechnic Institute of Portalegre).csv
STU-PIP-0714,Academic Performance,"{""Admission_Grade"": ""1"", ""Tuition_Paid"": ""1"", ""Target"": ""Graduate""}",data/processed/prism_student_profile/Student performance (Polytechnic Institute of Portalegre).csv
STU-PIP-0715,Academic Performance,"{""Admission_Grade"": ""1"", ""Tuition_Paid"": ""1"", ""Target"": ""Graduate""}",data/processed/prism_student_profile/Student performance (Polytechnic Institute of Portalegre).csv
STU-PIP-0716,Academic Performance,"{""Admission_Grade"": ""1"", ""Tuition_Paid"": ""1"", ""Target"": ""Graduate""}",data/processed/prism_student_profile/Student performance (Polytechnic Institute of Portalegre).csv
STU-PIP-0717,Academic Performance,"{""Admission_Grade"": ""9"", ""Tuition_Paid"": ""1"", ""Target"": ""Dropout""}",data/processed/prism_student_profile/Student performance (Polytechnic Institute of Portalegre).csv
STU-PIP-0718,Academic Performance,"{""Admission_Grade"": ""1"", ""Tuition_Paid"": ""0"", ""Target"": ""Dropout""}",data/processed/prism_student_profile/Student performance (Polytechnic Institute of Portalegre).csv
STU-PIP-0719,Academic Performance,"{""Admission_Grade"": ""6"", ""Tuition_Paid"": ""1"", ""Target"": ""Enrolled""}",data/processed/prism_student_profile/Student performance (Polytechnic Institute of Portalegre).csv
STU-PIP-0720,Academic Performance,"{""Admission_Grade"": ""1"", ""Tuition_Paid"": ""1"", ""Target"": ""Enrolled""}",data/processed/prism_student_profile/Student performance (Polytechnic Institute of Portalegre).csv
STU-PIP-0721,Academic Performance,"{""Admission_Grade"": ""19"", ""Tuition_Paid"": ""1"", ""Target"": ""Dropout""}",data/processed/prism_student_profile/Student performance (Polytechnic Institute of Portalegre).csv
STU-PIP-0722,Academic Performance,"{""Admission_Grade"": ""1"", ""Tuition_Paid"": ""1"", ""Target"": ""Enrolled""}",data/processed/prism_student_profile/Student performance (Polytechnic Institute of Portalegre).csv
STU-PIP-0723,Academic Performance,"{""Admission_Grade"": ""1"", ""Tuition_Paid"": ""1"", ""Target"": ""Graduate""}",data/processed/prism_student_profile/Student performance (Polytechnic Institute of Portalegre).csv
STU-PIP-0724,Academic Performance,"{""Admission_Grade"": ""1"", ""Tuition_Paid"": ""0"", ""Target"": ""Dropout""}",data/processed/prism_student_profile/Student performance (Polytechnic Institute of Portalegre).csv
STU-PIP-0725,Academic Performance,"{""Admission_Grade"": ""3"", ""Tuition_Paid"": ""0"", ""Target"": ""Dropout""}",data/processed/prism_student_profile/Student performance (Polytechnic Institute of Portalegre).csv
STU-PIP-0726,Academic Performance,"{""Admission_Grade"": ""3"", ""Tuition_Paid"": ""1"", ""Target"": ""Graduate""}",data/processed/prism_student_profile/Student performance (Polytechnic Institute of Portalegre).csv
STU-PIP-0727,Academic Performance,"{""Admission_Grade"": ""1"", ""Tuition_Paid"": ""1"", ""Target"": ""Graduate""}",data/processed/prism_student_profile/Student performance (Polytechnic Institute of Portalegre).csv
STU-PIP-0728,Academic Performance,"{""Admission_Grade"": ""1"", ""Tuition_Paid"": ""1"", ""Target"": ""Dropout""}",data/processed/prism_student_profile/Student performance (Polytechnic Institute of Portalegre).csv
STU-PIP-0729,Academic Performance,"{""Admission_Grade"": ""1"", ""Tuition_Paid"": ""1"", ""Target"": ""Graduate""}",data/processed/prism_student_profile/Student performance (Polytechnic Institute of Portalegre).csv
STU-PIP-0730,Academic Performance,"{""Admission_Grade"": ""1"", ""Tuition_Paid"": ""1"", ""Target"": ""Enrolled""}",data/processed/prism_student_profile/Student performance (Polytechnic Institute of Portalegre).csv
STU-PIP-0731,Academic Performance,"{""Admission_Grade"": ""1"", ""Tuition_Paid"": ""0"", ""Target"": ""Dropout""}",data/processed/prism_student_profile/Student performance (Polytechnic Institute of Portalegre).csv
STU-PIP-0732,Academic Performance,"{""Admission_Grade"": ""39"", ""Tuition_Paid"": ""1"", ""Target"": ""Graduate""}",data/processed/prism_student_profile/Student performance (Polytechnic Institute of Portalegre).csv
STU-PIP-0733,Academic Performance,"{""Admission_Grade"": ""1"", ""Tuition_Paid"": ""1"", ""Target"": ""Graduate""}",data/processed/prism_student_profile/Student performance (Polytechnic Institute of Portalegre).csv
STU-PIP-0734,Academic Performance,"{""Admission_Grade"": ""1"", ""Tuition_Paid"": ""1"", ""Target"": ""Graduate""}",data/processed/prism_student_profile/Student performance (Polytechnic Institute of Portalegre).csv
STU-PIP-0735,Academic Performance,"{""Admission_Grade"": ""1"", ""Tuition_Paid"": ""1"", ""Target"": ""Dropout""}",data/processed/prism_student_profile/Student performance (Polytechnic Institute of Portalegre).csv
STU-PIP-0736,Academic Performance,"{""Admission_Grade"": ""1"", ""Tuition_Paid"": ""1"", ""Target"": ""Graduate""}",data/processed/prism_student_profile/Student performance (Polytechnic Institute of Portalegre).csv
STU-PIP-0737,Academic Performance,"{""Admission_Grade"": ""1"", ""Tuition_Paid"": ""1"", ""Target"": ""Enrolled""}",data/processed/prism_student_profile/Student performance (Polytechnic Institute of Portalegre).csv
STU-PIP-0738,Academic Performance,"{""Admission_Grade"": ""1"", ""Tuition_Paid"": ""1"", ""Target"": ""Dropout""}",data/processed/prism_student_profile/Student performance (Polytechnic Institute of Portalegre).csv
STU-PIP-0739,Academic Performance,"{""Admission_Grade"": ""1"", ""Tuition_Paid"": ""1"", ""Target"": ""Enrolled""}",data/processed/prism_student_profile/Student performance (Polytechnic Institute of Portalegre).csv
STU-PIP-0740,Academic Performance,"{""Admission_Grade"": ""1"", ""Tuition_Paid"": ""1"", ""Target"": ""Dropout""}",data/processed/prism_student_profile/Student performance (Polytechnic Institute of Portalegre).csv
STU-PIP-0741,Academic Performance,"{""Admission_Grade"": ""1"", ""Tuition_Paid"": ""1"", ""Target"": ""Dropout""}",data/processed/prism_student_profile/Student performance (Polytechnic Institute of Portalegre).csv
STU-PIP-0742,Academic Performance,"{""Admission_Grade"": ""1"", ""Tuition_Paid"": ""1"", ""Target"": ""Graduate""}",data/processed/prism_student_profile/Student performance (Polytechnic Institute of Portalegre).csv
STU-PIP-0743,Academic Performance,"{""Admission_Grade"": ""1"", ""Tuition_Paid"": ""1"", ""Target"": ""Dropout""}",data/processed/prism_student_profile/Student performance (Polytechnic Institute of Portalegre).csv
STU-PIP-0744,Academic Performance,"{""Admission_Grade"": ""1"", ""Tuition_Paid"": ""1"", ""Target"": ""Dropout""}",data/processed/prism_student_profile/Student performance (Polytechnic Institute of Portalegre).csv
STU-PIP-0745,Academic Performance,"{""Admission_Grade"": ""12"", ""Tuition_Paid"": ""1"", ""Target"": ""Graduate""}",data/processed/prism_student_profile/Student performance (Polytechnic Institute of Portalegre).csv
STU-PIP-0746,Academic Performance,"{""Admission_Grade"": ""1"", ""Tuition_Paid"": ""0"", ""Target"": ""Dropout""}",data/processed/prism_student_profile/Student performance (Polytechnic Institute of Portalegre).csv
STU-PIP-0747,Academic Performance,"{""Admission_Grade"": ""39"", ""Tuition_Paid"": ""0"", ""Target"": ""Dropout""}",data/processed/prism_student_profile/Student performance (Polytechnic Institute of Portalegre).csv
STU-PIP-0748,Academic Performance,"{""Admission_Grade"": ""1"", ""Tuition_Paid"": ""1"", ""Target"": ""Graduate""}",data/processed/prism_student_profile/Student performance (Polytechnic Institute of Portalegre).csv
STU-PIP-0749,Academic Performance,"{""Admission_Grade"": ""6"", ""Tuition_Paid"": ""1"", ""Target"": ""Dropout""}",data/processed/prism_student_profile/Student performance (Polytechnic Institute of Portalegre).csv
STU-PIP-0750,Academic Performance,"{""Admission_Grade"": ""1"", ""Tuition_Paid"": ""1"", ""Target"": ""Graduate""}",data/processed/prism_student_profile/Student performance (Polytechnic Institute of Portalegre).csv
STU-PIP-0751,Academic Performance,"{""Admission_Grade"": ""1"", ""Tuition_Paid"": ""1"", ""Target"": ""Graduate""}",data/processed/prism_student_profile/Student performance (Polytechnic Institute of Portalegre).csv
STU-PIP-0752,Academic Performance,"{""Admission_Grade"": ""1"", ""Tuition_Paid"": ""1"", ""Target"": ""Graduate""}",data/processed/prism_student_profile/Student performance (Polytechnic Institute of Portalegre).csv
STU-PIP-0753,Academic Performance,"{""Admission_Grade"": ""1"", ""Tuition_Paid"": ""1"", ""Target"": ""Graduate""}",data/processed/prism_student_profile/Student performance (Polytechnic Institute of Portalegre).csv
STU-PIP-0754,Academic Performance,"{""Admission_Grade"": ""19"", ""Tuition_Paid"": ""0"", ""Target"": ""Dropout""}",data/processed/prism_student_profile/Student performance (Polytechnic Institute of Portalegre).csv
STU-PIP-0755,Academic Performance,"{""Admission_Grade"": ""1"", ""Tuition_Paid"": ""1"", ""Target"": ""Graduate""}",data/processed/prism_student_profile/Student performance (Polytechnic Institute of Portalegre).csv
STU-PIP-0756,Academic Performance,"{""Admission_Grade"": ""1"", ""Tuition_Paid"": ""0"", ""Target"": ""Dropout""}",data/processed/prism_student_profile/Student performance (Polytechnic Institute of Portalegre).csv
STU-PIP-0757,Academic Performance,"{""Admission_Grade"": ""1"", ""Tuition_Paid"": ""0"", ""Target"": ""Dropout""}",data/processed/prism_student_profile/Student performance (Polytechnic Institute of Portalegre).csv
STU-PIP-0758,Academic Performance,"{""Admission_Grade"": ""1"", ""Tuition_Paid"": ""0"", ""Target"": ""Dropout""}",data/processed/prism_student_profile/Student performance (Polytechnic Institute of Portalegre).csv
STU-PIP-0759,Academic Performance,"{""Admission_Grade"": ""1"", ""Tuition_Paid"": ""1"", ""Target"": ""Graduate""}",data/processed/prism_student_profile/Student performance (Polytechnic Institute of Portalegre).csv
STU-PIP-0760,Academic Performance,"{""Admission_Grade"": ""1"", ""Tuition_Paid"": ""1"", ""Target"": ""Graduate""}",data/processed/prism_student_profile/Student performance (Polytechnic Institute of Portalegre).csv
STU-PIP-0761,Academic Performance,"{""Admission_Grade"": ""1"", ""Tuition_Paid"": ""1"", ""Target"": ""Graduate""}",data/processed/prism_student_profile/Student performance (Polytechnic Institute of Portalegre).csv
STU-PIP-0762,Academic Performance,"{""Admission_Grade"": ""1"", ""Tuition_Paid"": ""1"", ""Target"": ""Enrolled""}",data/processed/prism_student_profile/Student performance (Polytechnic Institute of Portalegre).csv
STU-PIP-0763,Academic Performance,"{""Admission_Grade"": ""19"", ""Tuition_Paid"": ""1"", ""Target"": ""Graduate""}",data/processed/prism_student_profile/Student performance (Polytechnic Institute of Portalegre).csv
STU-PIP-0764,Academic Performance,"{""Admission_Grade"": ""1"", ""Tuition_Paid"": ""1"", ""Target"": ""Enrolled""}",data/processed/prism_student_profile/Student performance (Polytechnic Institute of Portalegre).csv
STU-PIP-0765,Academic Performance,"{""Admission_Grade"": ""39"", ""Tuition_Paid"": ""1"", ""Target"": ""Graduate""}",data/processed/prism_student_profile/Student performance (Polytechnic Institute of Portalegre).csv
STU-PIP-0766,Academic Performance,"{""Admission_Grade"": ""1"", ""Tuition_Paid"": ""1"", ""Target"": ""Enrolled""}",data/processed/prism_student_profile/Student performance (Polytechnic Institute of Portalegre).csv
STU-PIP-0767,Academic Performance,"{""Admission_Grade"": ""39"", ""Tuition_Paid"": ""1"", ""Target"": ""Enrolled""}",data/processed/prism_student_profile/Student performance (Polytechnic Institute of Portalegre).csv
STU-PIP-0768,Academic Performance,"{""Admission_Grade"": ""40"", ""Tuition_Paid"": ""1"", ""Target"": ""Graduate""}",data/processed/prism_student_profile/Student performance (Polytechnic Institute of Portalegre).csv
STU-PIP-0769,Academic Performance,"{""Admission_Grade"": ""1"", ""Tuition_Paid"": ""1"", ""Target"": ""Graduate""}",data/processed/prism_student_profile/Student performance (Polytechnic Institute of Portalegre).csv
STU-PIP-0770,Academic Performance,"{""Admission_Grade"": ""1"", ""Tuition_Paid"": ""1"", ""Target"": ""Graduate""}",data/processed/prism_student_profile/Student performance (Polytechnic Institute of Portalegre).csv
STU-PIP-0771,Academic Performance,"{""Admission_Grade"": ""1"", ""Tuition_Paid"": ""1"", ""Target"": ""Graduate""}",data/processed/prism_student_profile/Student performance (Polytechnic Institute of Portalegre).csv
STU-PIP-0772,Academic Performance,"{""Admission_Grade"": ""1"", ""Tuition_Paid"": ""1"", ""Target"": ""Dropout""}",data/processed/prism_student_profile/Student performance (Polytechnic Institute of Portalegre).csv
STU-PIP-0773,Academic Performance,"{""Admission_Grade"": ""1"", ""Tuition_Paid"": ""1"", ""Target"": ""Enrolled""}",data/processed/prism_student_profile/Student performance (Polytechnic Institute of Portalegre).csv
STU-PIP-0774,Academic Performance,"{""Admission_Grade"": ""1"", ""Tuition_Paid"": ""1"", ""Target"": ""Graduate""}",data/processed/prism_student_profile/Student performance (Polytechnic Institute of Portalegre).csv
STU-PIP-0775,Academic Performance,"{""Admission_Grade"": ""1"", ""Tuition_Paid"": ""1"", ""Target"": ""Enrolled""}",data/processed/prism_student_profile/Student performance (Polytechnic Institute of Portalegre).csv
STU-PIP-0776,Academic Performance,"{""Admission_Grade"": ""39"", ""Tuition_Paid"": ""1"", ""Target"": ""Dropout""}",data/processed/prism_student_profile/Student performance (Polytechnic Institute of Portalegre).csv
STU-PIP-0777,Academic Performance,"{""Admission_Grade"": ""1"", ""Tuition_Paid"": ""1"", ""Target"": ""Graduate""}",data/processed/prism_student_profile/Student performance (Polytechnic Institute of Portalegre).csv
STU-PIP-0778,Academic Performance,"{""Admission_Grade"": ""1"", ""Tuition_Paid"": ""1"", ""Target"": ""Dropout""}",data/processed/prism_student_profile/Student performance (Polytechnic Institute of Portalegre).csv
STU-PIP-0779,Academic Performance,"{""Admission_Grade"": ""1"", ""Tuition_Paid"": ""1"", ""Target"": ""Enrolled""}",data/processed/prism_student_profile/Student performance (Polytechnic Institute of Portalegre).csv
STU-PIP-0780,Academic Performance,"{""Admission_Grade"": ""1"", ""Tuition_Paid"": ""1"", ""Target"": ""Graduate""}",data/processed/prism_student_profile/Student performance (Polytechnic Institute of Portalegre).csv
STU-PIP-0781,Academic Performance,"{""Admission_Grade"": ""1"", ""Tuition_Paid"": ""1"", ""Target"": ""Graduate""}",data/processed/prism_student_profile/Student performance (Polytechnic Institute of Portalegre).csv
STU-PIP-0782,Academic Performance,"{""Admission_Grade"": ""1"", ""Tuition_Paid"": ""1"", ""Target"": ""Dropout""}",data/processed/prism_student_profile/Student performance (Polytechnic Institute of Portalegre).csv
STU-PIP-0783,Academic Performance,"{""Admission_Grade"": ""1"", ""Tuition_Paid"": ""1"", ""Target"": ""Graduate""}",data/processed/prism_student_profile/Student performance (Polytechnic Institute of Portalegre).csv
STU-PIP-0784,Academic Performance,"{""Admission_Grade"": ""1"", ""Tuition_Paid"": ""1"", ""Target"": ""Enrolled""}",data/processed/prism_student_profile/Student performance (Polytechnic Institute of Portalegre).csv
STU-PIP-0785,Academic Performance,"{""Admission_Grade"": ""1"", ""Tuition_Paid"": ""1"", ""Target"": ""Graduate""}",data/processed/prism_student_profile/Student performance (Polytechnic Institute of Portalegre).csv
STU-PIP-0786,Academic Performance,"{""Admission_Grade"": ""1"", ""Tuition_Paid"": ""1"", ""Target"": ""Graduate""}",data/processed/prism_student_profile/Student performance (Polytechnic Institute of Portalegre).csv
STU-PIP-0787,Academic Performance,"{""Admission_Grade"": ""1"", ""Tuition_Paid"": ""1"", ""Target"": ""Graduate""}",data/processed/prism_student_profile/Student performance (Polytechnic Institute of Portalegre).csv
STU-PIP-0788,Academic Performance,"{""Admission_Grade"": ""1"", ""Tuition_Paid"": ""1"", ""Target"": ""Graduate""}",data/processed/prism_student_profile/Student performance (Polytechnic Institute of Portalegre).csv
STU-PIP-0789,Academic Performance,"{""Admission_Grade"": ""1"", ""Tuition_Paid"": ""1"", ""Target"": ""Dropout""}",data/processed/prism_student_profile/Student performance (Polytechnic Institute of Portalegre).csv
STU-PIP-0790,Academic Performance,"{""Admission_Grade"": ""1"", ""Tuition_Paid"": ""1"", ""Target"": ""Graduate""}",data/processed/prism_student_profile/Student performance (Polytechnic Institute of Portalegre).csv
STU-PIP-0791,Academic Performance,"{""Admission_Grade"": ""1"", ""Tuition_Paid"": ""1"", ""Target"": ""Graduate""}",data/processed/prism_student_profile/Student performance (Polytechnic Institute of Portalegre).csv
STU-PIP-0792,Academic Performance,"{""Admission_Grade"": ""1"", ""Tuition_Paid"": ""0"", ""Target"": ""Dropout""}",data/processed/prism_student_profile/Student performance (Polytechnic Institute of Portalegre).csv
STU-PIP-0793,Academic Performance,"{""Admission_Grade"": ""1"", ""Tuition_Paid"": ""1"", ""Target"": ""Graduate""}",data/processed/prism_student_profile/Student performance (Polytechnic Institute of Portalegre).csv
STU-PIP-0794,Academic Performance,"{""Admission_Grade"": ""1"", ""Tuition_Paid"": ""1"", ""Target"": ""Graduate""}",data/processed/prism_student_profile/Student performance (Polytechnic Institute of Portalegre).csv
STU-PIP-0795,Academic Performance,"{""Admission_Grade"": ""1"", ""Tuition_Paid"": ""1"", ""Target"": ""Graduate""}",data/processed/prism_student_profile/Student performance (Polytechnic Institute of Portalegre).csv
STU-PIP-0796,Academic Performance,"{""Admission_Grade"": ""1"", ""Tuition_Paid"": ""1"", ""Target"": ""Graduate""}",data/processed/prism_student_profile/Student performance (Polytechnic Institute of Portalegre).csv
STU-PIP-0797,Academic Performance,"{""Admission_Grade"": ""1"", ""Tuition_Paid"": ""1"", ""Target"": ""Graduate""}",data/processed/prism_student_profile/Student performance (Polytechnic Institute of Portalegre).csv
STU-PIP-0798,Academic Performance,"{""Admission_Grade"": ""1"", ""Tuition_Paid"": ""1"", ""Target"": ""Graduate""}",data/processed/prism_student_profile/Student performance (Polytechnic Institute of Portalegre).csv
STU-PIP-0799,Academic Performance,"{""Admission_Grade"": ""1"", ""Tuition_Paid"": ""1"", ""Target"": ""Graduate""}",data/processed/prism_student_profile/Student performance (Polytechnic Institute of Portalegre).csv
STU-PIP-0800,Academic Performance,"{""Admission_Grade"": ""1"", ""Tuition_Paid"": ""1"", ""Target"": ""Enrolled""}",data/processed/prism_student_profile/Student performance (Polytechnic Institute of Portalegre).csv
STU-PIP-0801,Academic Performance,"{""Admission_Grade"": ""42"", ""Tuition_Paid"": ""0"", ""Target"": ""Enrolled""}",data/processed/prism_student_profile/Student performance (Polytechnic Institute of Portalegre).csv
STU-PIP-0802,Academic Performance,"{""Admission_Grade"": ""1"", ""Tuition_Paid"": ""0"", ""Target"": ""Dropout""}",data/processed/prism_student_profile/Student performance (Polytechnic Institute of Portalegre).csv
STU-PIP-0803,Academic Performance,"{""Admission_Grade"": ""1"", ""Tuition_Paid"": ""1"", ""Target"": ""Graduate""}",data/processed/prism_student_profile/Student performance (Polytechnic Institute of Portalegre).csv
STU-PIP-0804,Academic Performance,"{""Admission_Grade"": ""1"", ""Tuition_Paid"": ""1"", ""Target"": ""Graduate""}",data/processed/prism_student_profile/Student performance (Polytechnic Institute of Portalegre).csv
STU-PIP-0805,Academic Performance,"{""Admission_Grade"": ""1"", ""Tuition_Paid"": ""1"", ""Target"": ""Graduate""}",data/processed/prism_student_profile/Student performance (Polytechnic Institute of Portalegre).csv
STU-PIP-0806,Academic Performance,"{""Admission_Grade"": ""1"", ""Tuition_Paid"": ""1"", ""Target"": ""Enrolled""}",data/processed/prism_student_profile/Student performance (Polytechnic Institute of Portalegre).csv
STU-PIP-0807,Academic Performance,"{""Admission_Grade"": ""1"", ""Tuition_Paid"": ""1"", ""Target"": ""Graduate""}",data/processed/prism_student_profile/Student performance (Polytechnic Institute of Portalegre).csv
STU-PIP-0808,Academic Performance,"{""Admission_Grade"": ""1"", ""Tuition_Paid"": ""0"", ""Target"": ""Enrolled""}",data/processed/prism_student_profile/Student performance (Polytechnic Institute of Portalegre).csv
STU-PIP-0809,Academic Performance,"{""Admission_Grade"": ""1"", ""Tuition_Paid"": ""1"", ""Target"": ""Dropout""}",data/processed/prism_student_profile/Student performance (Polytechnic Institute of Portalegre).csv
STU-PIP-0810,Academic Performance,"{""Admission_Grade"": ""1"", ""Tuition_Paid"": ""1"", ""Target"": ""Enrolled""}",data/processed/prism_student_profile/Student performance (Polytechnic Institute of Portalegre).csv
STU-PIP-0811,Academic Performance,"{""Admission_Grade"": ""1"", ""Tuition_Paid"": ""0"", ""Target"": ""Dropout""}",data/processed/prism_student_profile/Student performance (Polytechnic Institute of Portalegre).csv
STU-PIP-0812,Academic Performance,"{""Admission_Grade"": ""1"", ""Tuition_Paid"": ""1"", ""Target"": ""Graduate""}",data/processed/prism_student_profile/Student performance (Polytechnic Institute of Portalegre).csv
STU-PIP-0813,Academic Performance,"{""Admission_Grade"": ""1"", ""Tuition_Paid"": ""1"", ""Target"": ""Graduate""}",data/processed/prism_student_profile/Student performance (Polytechnic Institute of Portalegre).csv
STU-PIP-0814,Academic Performance,"{""Admission_Grade"": ""1"", ""Tuition_Paid"": ""1"", ""Target"": ""Graduate""}",data/processed/prism_student_profile/Student performance (Polytechnic Institute of Portalegre).csv
STU-PIP-0815,Academic Performance,"{""Admission_Grade"": ""1"", ""Tuition_Paid"": ""1"", ""Target"": ""Graduate""}",data/processed/prism_student_profile/Student performance (Polytechnic Institute of Portalegre).csv
STU-PIP-0816,Academic Performance,"{""Admission_Grade"": ""1"", ""Tuition_Paid"": ""1"", ""Target"": ""Enrolled""}",data/processed/prism_student_profile/Student performance (Polytechnic Institute of Portalegre).csv
STU-PIP-0817,Academic Performance,"{""Admission_Grade"": ""1"", ""Tuition_Paid"": ""1"", ""Target"": ""Enrolled""}",data/processed/prism_student_profile/Student performance (Polytechnic Institute of Portalegre).csv
STU-PIP-0818,Academic Performance,"{""Admission_Grade"": ""1"", ""Tuition_Paid"": ""1"", ""Target"": ""Graduate""}",data/processed/prism_student_profile/Student performance (Polytechnic Institute of Portalegre).csv
STU-PIP-0819,Academic Performance,"{""Admission_Grade"": ""1"", ""Tuition_Paid"": ""0"", ""Target"": ""Enrolled""}",data/processed/prism_student_profile/Student performance (Polytechnic Institute of Portalegre).csv
STU-PIP-0820,Academic Performance,"{""Admission_Grade"": ""1"", ""Tuition_Paid"": ""1"", ""Target"": ""Graduate""}",data/processed/prism_student_profile/Student performance (Polytechnic Institute of Portalegre).csv
STU-PIP-0821,Academic Performance,"{""Admission_Grade"": ""1"", ""Tuition_Paid"": ""1"", ""Target"": ""Graduate""}",data/processed/prism_student_profile/Student performance (Polytechnic Institute of Portalegre).csv
STU-PIP-0822,Academic Performance,"{""Admission_Grade"": ""1"", ""Tuition_Paid"": ""1"", ""Target"": ""Graduate""}",data/processed/prism_student_profile/Student performance (Polytechnic Institute of Portalegre).csv
STU-PIP-0823,Academic Performance,"{""Admission_Grade"": ""1"", ""Tuition_Paid"": ""1"", ""Target"": ""Enrolled""}",data/processed/prism_student_profile/Student performance (Polytechnic Institute of Portalegre).csv
STU-PIP-0824,Academic Performance,"{""Admission_Grade"": ""1"", ""Tuition_Paid"": ""1"", ""Target"": ""Graduate""}",data/processed/prism_student_profile/Student performance (Polytechnic Institute of Portalegre).csv
STU-PIP-0825,Academic Performance,"{""Admission_Grade"": ""1"", ""Tuition_Paid"": ""1"", ""Target"": ""Graduate""}",data/processed/prism_student_profile/Student performance (Polytechnic Institute of Portalegre).csv
STU-PIP-0826,Academic Performance,"{""Admission_Grade"": ""1"", ""Tuition_Paid"": ""1"", ""Target"": ""Graduate""}",data/processed/prism_student_profile/Student performance (Polytechnic Institute of Portalegre).csv
STU-PIP-0827,Academic Performance,"{""Admission_Grade"": ""1"", ""Tuition_Paid"": ""1"", ""Target"": ""Dropout""}",data/processed/prism_student_profile/Student performance (Polytechnic Institute of Portalegre).csv
STU-PIP-0828,Academic Performance,"{""Admission_Grade"": ""1"", ""Tuition_Paid"": ""1"", ""Target"": ""Graduate""}",data/processed/prism_student_profile/Student performance (Polytechnic Institute of Portalegre).csv
STU-PIP-0829,Academic Performance,"{""Admission_Grade"": ""1"", ""Tuition_Paid"": ""1"", ""Target"": ""Graduate""}",data/processed/prism_student_profile/Student performance (Polytechnic Institute of Portalegre).csv
STU-PIP-0830,Academic Performance,"{""Admission_Grade"": ""1"", ""Tuition_Paid"": ""1"", ""Target"": ""Dropout""}",data/processed/prism_student_profile/Student performance (Polytechnic Institute of Portalegre).csv
STU-PIP-0831,Academic Performance,"{""Admission_Grade"": ""1"", ""Tuition_Paid"": ""1"", ""Target"": ""Dropout""}",data/processed/prism_student_profile/Student performance (Polytechnic Institute of Portalegre).csv
STU-PIP-0832,Academic Performance,"{""Admission_Grade"": ""9"", ""Tuition_Paid"": ""1"", ""Target"": ""Dropout""}",data/processed/prism_student_profile/Student performance (Polytechnic Institute of Portalegre).csv
STU-PIP-0833,Academic Performance,"{""Admission_Grade"": ""1"", ""Tuition_Paid"": ""1"", ""Target"": ""Enrolled""}",data/processed/prism_student_profile/Student performance (Polytechnic Institute of Portalegre).csv
STU-PIP-0834,Academic Performance,"{""Admission_Grade"": ""1"", ""Tuition_Paid"": ""1"", ""Target"": ""Dropout""}",data/processed/prism_student_profile/Student performance (Polytechnic Institute of Portalegre).csv
STU-PIP-0835,Academic Performance,"{""Admission_Grade"": ""1"", ""Tuition_Paid"": ""1"", ""Target"": ""Dropout""}",data/processed/prism_student_profile/Student performance (Polytechnic Institute of Portalegre).csv
STU-PIP-0836,Academic Performance,"{""Admission_Grade"": ""1"", ""Tuition_Paid"": ""1"", ""Target"": ""Enrolled""}",data/processed/prism_student_profile/Student performance (Polytechnic Institute of Portalegre).csv
STU-PIP-0837,Academic Performance,"{""Admission_Grade"": ""1"", ""Tuition_Paid"": ""1"", ""Target"": ""Dropout""}",data/processed/prism_student_profile/Student performance (Polytechnic Institute of Portalegre).csv
STU-PIP-0838,Academic Performance,"{""Admission_Grade"": ""1"", ""Tuition_Paid"": ""1"", ""Target"": ""Enrolled""}",data/processed/prism_student_profile/Student performance (Polytechnic Institute of Portalegre).csv
STU-PIP-0839,Academic Performance,"{""Admission_Grade"": ""39"", ""Tuition_Paid"": ""0"", ""Target"": ""Dropout""}",data/processed/prism_student_profile/Student performance (Polytechnic Institute of Portalegre).csv
STU-PIP-0840,Academic Performance,"{""Admission_Grade"": ""1"", ""Tuition_Paid"": ""1"", ""Target"": ""Graduate""}",data/processed/prism_student_profile/Student performance (Polytechnic Institute of Portalegre).csv
STU-PIP-0841,Academic Performance,"{""Admission_Grade"": ""1"", ""Tuition_Paid"": ""0"", ""Target"": ""Dropout""}",data/processed/prism_student_profile/Student performance (Polytechnic Institute of Portalegre).csv
STU-PIP-0842,Academic Performance,"{""Admission_Grade"": ""1"", ""Tuition_Paid"": ""0"", ""Target"": ""Enrolled""}",data/processed/prism_student_profile/Student performance (Polytechnic Institute of Portalegre).csv
STU-PIP-0843,Academic Performance,"{""Admission_Grade"": ""1"", ""Tuition_Paid"": ""0"", ""Target"": ""Dropout""}",data/processed/prism_student_profile/Student performance (Polytechnic Institute of Portalegre).csv
STU-PIP-0844,Academic Performance,"{""Admission_Grade"": ""1"", ""Tuition_Paid"": ""1"", ""Target"": ""Graduate""}",data/processed/prism_student_profile/Student performance (Polytechnic Institute of Portalegre).csv
STU-PIP-0845,Academic Performance,"{""Admission_Grade"": ""1"", ""Tuition_Paid"": ""1"", ""Target"": ""Graduate""}",data/processed/prism_student_profile/Student performance (Polytechnic Institute of Portalegre).csv
STU-PIP-0846,Academic Performance,"{""Admission_Grade"": ""1"", ""Tuition_Paid"": ""0"", ""Target"": ""Dropout""}",data/processed/prism_student_profile/Student performance (Polytechnic Institute of Portalegre).csv
STU-PIP-0847,Academic Performance,"{""Admission_Grade"": ""1"", ""Tuition_Paid"": ""1"", ""Target"": ""Graduate""}",data/processed/prism_student_profile/Student performance (Polytechnic Institute of Portalegre).csv
STU-PIP-0848,Academic Performance,"{""Admission_Grade"": ""1"", ""Tuition_Paid"": ""1"", ""Target"": ""Graduate""}",data/processed/prism_student_profile/Student performance (Polytechnic Institute of Portalegre).csv
STU-PIP-0849,Academic Performance,"{""Admission_Grade"": ""1"", ""Tuition_Paid"": ""1"", ""Target"": ""Enrolled""}",data/processed/prism_student_profile/Student performance (Polytechnic Institute of Portalegre).csv
STU-PIP-0850,Academic Performance,"{""Admission_Grade"": ""1"", ""Tuition_Paid"": ""1"", ""Target"": ""Graduate""}",data/processed/prism_student_profile/Student performance (Polytechnic Institute of Portalegre).csv
STU-PIP-0851,Academic Performance,"{""Admission_Grade"": ""1"", ""Tuition_Paid"": ""1"", ""Target"": ""Graduate""}",data/processed/prism_student_profile/Student performance (Polytechnic Institute of Portalegre).csv
STU-PIP-0852,Academic Performance,"{""Admission_Grade"": ""1"", ""Tuition_Paid"": ""1"", ""Target"": ""Enrolled""}",data/processed/prism_student_profile/Student performance (Polytechnic Institute of Portalegre).csv
STU-PIP-0853,Academic Performance,"{""Admission_Grade"": ""1"", ""Tuition_Paid"": ""1"", ""Target"": ""Graduate""}",data/processed/prism_student_profile/Student performance (Polytechnic Institute of Portalegre).csv
STU-PIP-0854,Academic Performance,"{""Admission_Grade"": ""1"", ""Tuition_Paid"": ""1"", ""Target"": ""Graduate""}",data/processed/prism_student_profile/Student performance (Polytechnic Institute of Portalegre).csv
STU-PIP-0855,Academic Performance,"{""Admission_Grade"": ""1"", ""Tuition_Paid"": ""0"", ""Target"": ""Enrolled""}",data/processed/prism_student_profile/Student performance (Polytechnic Institute of Portalegre).csv
STU-PIP-0856,Academic Performance,"{""Admission_Grade"": ""1"", ""Tuition_Paid"": ""1"", ""Target"": ""Dropout""}",data/processed/prism_student_profile/Student performance (Polytechnic Institute of Portalegre).csv
STU-PIP-0857,Academic Performance,"{""Admission_Grade"": ""1"", ""Tuition_Paid"": ""1"", ""Target"": ""Dropout""}",data/processed/prism_student_profile/Student performance (Polytechnic Institute of Portalegre).csv
STU-PIP-0858,Academic Performance,"{""Admission_Grade"": ""12"", ""Tuition_Paid"": ""1"", ""Target"": ""Dropout""}",data/processed/prism_student_profile/Student performance (Polytechnic Institute of Portalegre).csv
STU-PIP-0859,Academic Performance,"{""Admission_Grade"": ""1"", ""Tuition_Paid"": ""1"", ""Target"": ""Dropout""}",data/processed/prism_student_profile/Student performance (Polytechnic Institute of Portalegre).csv
STU-PIP-0860,Academic Performance,"{""Admission_Grade"": ""1"", ""Tuition_Paid"": ""1"", ""Target"": ""Dropout""}",data/processed/prism_student_profile/Student performance (Polytechnic Institute of Portalegre).csv
STU-PIP-0861,Academic Performance,"{""Admission_Grade"": ""1"", ""Tuition_Paid"": ""1"", ""Target"": ""Dropout""}",data/processed/prism_student_profile/Student performance (Polytechnic Institute of Portalegre).csv
STU-PIP-0862,Academic Performance,"{""Admission_Grade"": ""12"", ""Tuition_Paid"": ""0"", ""Target"": ""Dropout""}",data/processed/prism_student_profile/Student performance (Polytechnic Institute of Portalegre).csv
STU-PIP-0863,Academic Performance,"{""Admission_Grade"": ""39"", ""Tuition_Paid"": ""1"", ""Target"": ""Dropout""}",data/processed/prism_student_profile/Student performance (Polytechnic Institute of Portalegre).csv
STU-PIP-0864,Academic Performance,"{""Admission_Grade"": ""1"", ""Tuition_Paid"": ""0"", ""Target"": ""Dropout""}",data/processed/prism_student_profile/Student performance (Polytechnic Institute of Portalegre).csv
STU-PIP-0865,Academic Performance,"{""Admission_Grade"": ""39"", ""Tuition_Paid"": ""0"", ""Target"": ""Dropout""}",data/processed/prism_student_profile/Student performance (Polytechnic Institute of Portalegre).csv
STU-PIP-0866,Academic Performance,"{""Admission_Grade"": ""1"", ""Tuition_Paid"": ""1"", ""Target"": ""Graduate""}",data/processed/prism_student_profile/Student performance (Polytechnic Institute of Portalegre).csv
STU-PIP-0867,Academic Performance,"{""Admission_Grade"": ""3"", ""Tuition_Paid"": ""1"", ""Target"": ""Dropout""}",data/processed/prism_student_profile/Student performance (Polytechnic Institute of Portalegre).csv
STU-PIP-0868,Academic Performance,"{""Admission_Grade"": ""19"", ""Tuition_Paid"": ""1"", ""Target"": ""Dropout""}",data/processed/prism_student_profile/Student performance (Polytechnic Institute of Portalegre).csv
STU-PIP-0869,Academic Performance,"{""Admission_Grade"": ""1"", ""Tuition_Paid"": ""1"", ""Target"": ""Graduate""}",data/processed/prism_student_profile/Student performance (Polytechnic Institute of Portalegre).csv
STU-PIP-0870,Academic Performance,"{""Admission_Grade"": ""1"", ""Tuition_Paid"": ""1"", ""Target"": ""Graduate""}",data/processed/prism_student_profile/Student performance (Polytechnic Institute of Portalegre).csv
STU-PIP-0871,Academic Performance,"{""Admission_Grade"": ""1"", ""Tuition_Paid"": ""1"", ""Target"": ""Graduate""}",data/processed/prism_student_profile/Student performance (Polytechnic Institute of Portalegre).csv
STU-PIP-0872,Academic Performance,"{""Admission_Grade"": ""1"", ""Tuition_Paid"": ""1"", ""Target"": ""Dropout""}",data/processed/prism_student_profile/Student performance (Polytechnic Institute of Portalegre).csv
STU-PIP-0873,Academic Performance,"{""Admission_Grade"": ""1"", ""Tuition_Paid"": ""1"", ""Target"": ""Graduate""}",data/processed/prism_student_profile/Student performance (Polytechnic Institute of Portalegre).csv
STU-PIP-0874,Academic Performance,"{""Admission_Grade"": ""1"", ""Tuition_Paid"": ""1"", ""Target"": ""Enrolled""}",data/processed/prism_student_profile/Student performance (Polytechnic Institute of Portalegre).csv
STU-PIP-0875,Academic Performance,"{""Admission_Grade"": ""1"", ""Tuition_Paid"": ""1"", ""Target"": ""Graduate""}",data/processed/prism_student_profile/Student performance (Polytechnic Institute of Portalegre).csv
STU-PIP-0876,Academic Performance,"{""Admission_Grade"": ""1"", ""Tuition_Paid"": ""1"", ""Target"": ""Graduate""}",data/processed/prism_student_profile/Student performance (Polytechnic Institute of Portalegre).csv
STU-PIP-0877,Academic Performance,"{""Admission_Grade"": ""1"", ""Tuition_Paid"": ""1"", ""Target"": ""Dropout""}",data/processed/prism_student_profile/Student performance (Polytechnic Institute of Portalegre).csv
STU-PIP-0878,Academic Performance,"{""Admission_Grade"": ""1"", ""Tuition_Paid"": ""1"", ""Target"": ""Dropout""}",data/processed/prism_student_profile/Student performance (Polytechnic Institute of Portalegre).csv
STU-PIP-0879,Academic Performance,"{""Admission_Grade"": ""1"", ""Tuition_Paid"": ""1"", ""Target"": ""Graduate""}",data/processed/prism_student_profile/Student performance (Polytechnic Institute of Portalegre).csv
STU-PIP-0880,Academic Performance,"{""Admission_Grade"": ""39"", ""Tuition_Paid"": ""1"", ""Target"": ""Dropout""}",data/processed/prism_student_profile/Student performance (Polytechnic Institute of Portalegre).csv
STU-PIP-0881,Academic Performance,"{""Admission_Grade"": ""1"", ""Tuition_Paid"": ""1"", ""Target"": ""Graduate""}",data/processed/prism_student_profile/Student performance (Polytechnic Institute of Portalegre).csv
STU-PIP-0882,Academic Performance,"{""Admission_Grade"": ""1"", ""Tuition_Paid"": ""1"", ""Target"": ""Graduate""}",data/processed/prism_student_profile/Student performance (Polytechnic Institute of Portalegre).csv
STU-PIP-0883,Academic Performance,"{""Admission_Grade"": ""1"", ""Tuition_Paid"": ""0"", ""Target"": ""Dropout""}",data/processed/prism_student_profile/Student performance (Polytechnic Institute of Portalegre).csv
STU-PIP-0884,Academic Performance,"{""Admission_Grade"": ""1"", ""Tuition_Paid"": ""0"", ""Target"": ""Dropout""}",data/processed/prism_student_profile/Student performance (Polytechnic Institute of Portalegre).csv
STU-PIP-0885,Academic Performance,"{""Admission_Grade"": ""1"", ""Tuition_Paid"": ""1"", ""Target"": ""Graduate""}",data/processed/prism_student_profile/Student performance (Polytechnic Institute of Portalegre).csv
STU-PIP-0886,Academic Performance,"{""Admission_Grade"": ""6"", ""Tuition_Paid"": ""1"", ""Target"": ""Graduate""}",data/processed/prism_student_profile/Student performance (Polytechnic Institute of Portalegre).csv
STU-PIP-0887,Academic Performance,"{""Admission_Grade"": ""1"", ""Tuition_Paid"": ""1"", ""Target"": ""Graduate""}",data/processed/prism_student_profile/Student performance (Polytechnic Institute of Portalegre).csv
STU-PIP-0888,Academic Performance,"{""Admission_Grade"": ""1"", ""Tuition_Paid"": ""1"", ""Target"": ""Graduate""}",data/processed/prism_student_profile/Student performance (Polytechnic Institute of Portalegre).csv
STU-PIP-0889,Academic Performance,"{""Admission_Grade"": ""1"", ""Tuition_Paid"": ""1"", ""Target"": ""Graduate""}",data/processed/prism_student_profile/Student performance (Polytechnic Institute of Portalegre).csv
STU-PIP-0890,Academic Performance,"{""Admission_Grade"": ""1"", ""Tuition_Paid"": ""1"", ""Target"": ""Graduate""}",data/processed/prism_student_profile/Student performance (Polytechnic Institute of Portalegre).csv
STU-PIP-0891,Academic Performance,"{""Admission_Grade"": ""1"", ""Tuition_Paid"": ""1"", ""Target"": ""Graduate""}",data/processed/prism_student_profile/Student performance (Polytechnic Institute of Portalegre).csv
STU-PIP-0892,Academic Performance,"{""Admission_Grade"": ""1"", ""Tuition_Paid"": ""0"", ""Target"": ""Dropout""}",data/processed/prism_student_profile/Student performance (Polytechnic Institute of Portalegre).csv
STU-PIP-0893,Academic Performance,"{""Admission_Grade"": ""1"", ""Tuition_Paid"": ""1"", ""Target"": ""Graduate""}",data/processed/prism_student_profile/Student performance (Polytechnic Institute of Portalegre).csv
STU-PIP-0894,Academic Performance,"{""Admission_Grade"": ""3"", ""Tuition_Paid"": ""0"", ""Target"": ""Dropout""}",data/processed/prism_student_profile/Student performance (Polytechnic Institute of Portalegre).csv
STU-PIP-0895,Academic Performance,"{""Admission_Grade"": ""39"", ""Tuition_Paid"": ""1"", ""Target"": ""Graduate""}",data/processed/prism_student_profile/Student performance (Polytechnic Institute of Portalegre).csv
STU-PIP-0896,Academic Performance,"{""Admission_Grade"": ""39"", ""Tuition_Paid"": ""0"", ""Target"": ""Dropout""}",data/processed/prism_student_profile/Student performance (Polytechnic Institute of Portalegre).csv
STU-PIP-0897,Academic Performance,"{""Admission_Grade"": ""1"", ""Tuition_Paid"": ""1"", ""Target"": ""Graduate""}",data/processed/prism_student_profile/Student performance (Polytechnic Institute of Portalegre).csv
STU-PIP-0898,Academic Performance,"{""Admission_Grade"": ""39"", ""Tuition_Paid"": ""1"", ""Target"": ""Graduate""}",data/processed/prism_student_profile/Student performance (Polytechnic Institute of Portalegre).csv
STU-PIP-0899,Academic Performance,"{""Admission_Grade"": ""1"", ""Tuition_Paid"": ""1"", ""Target"": ""Enrolled""}",data/processed/prism_student_profile/Student performance (Polytechnic Institute of Portalegre).csv
STU-PIP-0900,Academic Performance,"{""Admission_Grade"": ""1"", ""Tuition_Paid"": ""1"", ""Target"": ""Graduate""}",data/processed/prism_student_profile/Student performance (Polytechnic Institute of Portalegre).csv
STU-PIP-0901,Academic Performance,"{""Admission_Grade"": ""1"", ""Tuition_Paid"": ""1"", ""Target"": ""Dropout""}",data/processed/prism_student_profile/Student performance (Polytechnic Institute of Portalegre).csv
STU-PIP-0902,Academic Performance,"{""Admission_Grade"": ""1"", ""Tuition_Paid"": ""1"", ""Target"": ""Graduate""}",data/processed/prism_student_profile/Student performance (Polytechnic Institute of Portalegre).csv
STU-PIP-0903,Academic Performance,"{""Admission_Grade"": ""3"", ""Tuition_Paid"": ""1"", ""Target"": ""Graduate""}",data/processed/prism_student_profile/Student performance (Polytechnic Institute of Portalegre).csv
STU-PIP-0904,Academic Performance,"{""Admission_Grade"": ""1"", ""Tuition_Paid"": ""1"", ""Target"": ""Graduate""}",data/processed/prism_student_profile/Student performance (Polytechnic Institute of Portalegre).csv
STU-PIP-0905,Academic Performance,"{""Admission_Grade"": ""1"", ""Tuition_Paid"": ""1"", ""Target"": ""Dropout""}",data/processed/prism_student_profile/Student performance (Polytechnic Institute of Portalegre).csv
STU-PIP-0906,Academic Performance,"{""Admission_Grade"": ""1"", ""Tuition_Paid"": ""1"", ""Target"": ""Graduate""}",data/processed/prism_student_profile/Student performance (Polytechnic Institute of Portalegre).csv
STU-PIP-0907,Academic Performance,"{""Admission_Grade"": ""1"", ""Tuition_Paid"": ""1"", ""Target"": ""Dropout""}",data/processed/prism_student_profile/Student performance (Polytechnic Institute of Portalegre).csv
STU-PIP-0908,Academic Performance,"{""Admission_Grade"": ""1"", ""Tuition_Paid"": ""1"", ""Target"": ""Graduate""}",data/processed/prism_student_profile/Student performance (Polytechnic Institute of Portalegre).csv
STU-PIP-0909,Academic Performance,"{""Admission_Grade"": ""1"", ""Tuition_Paid"": ""1"", ""Target"": ""Enrolled""}",data/processed/prism_student_profile/Student performance (Polytechnic Institute of Portalegre).csv
STU-PIP-0910,Academic Performance,"{""Admission_Grade"": ""1"", ""Tuition_Paid"": ""1"", ""Target"": ""Dropout""}",data/processed/prism_student_profile/Student performance (Polytechnic Institute of Portalegre).csv
STU-PIP-0911,Academic Performance,"{""Admission_Grade"": ""1"", ""Tuition_Paid"": ""1"", ""Target"": ""Graduate""}",data/processed/prism_student_profile/Student performance (Polytechnic Institute of Portalegre).csv
STU-PIP-0912,Academic Performance,"{""Admission_Grade"": ""1"", ""Tuition_Paid"": ""1"", ""Target"": ""Graduate""}",data/processed/prism_student_profile/Student performance (Polytechnic Institute of Portalegre).csv
STU-PIP-0913,Academic Performance,"{""Admission_Grade"": ""1"", ""Tuition_Paid"": ""0"", ""Target"": ""Dropout""}",data/processed/prism_student_profile/Student performance (Polytechnic Institute of Portalegre).csv
STU-PIP-0914,Academic Performance,"{""Admission_Grade"": ""1"", ""Tuition_Paid"": ""1"", ""Target"": ""Graduate""}",data/processed/prism_student_profile/Student performance (Polytechnic Institute of Portalegre).csv
STU-PIP-0915,Academic Performance,"{""Admission_Grade"": ""1"", ""Tuition_Paid"": ""1"", ""Target"": ""Dropout""}",data/processed/prism_student_profile/Student performance (Polytechnic Institute of Portalegre).csv
STU-PIP-0916,Academic Performance,"{""Admission_Grade"": ""1"", ""Tuition_Paid"": ""1"", ""Target"": ""Graduate""}",data/processed/prism_student_profile/Student performance (Polytechnic Institute of Portalegre).csv
STU-PIP-0917,Academic Performance,"{""Admission_Grade"": ""1"", ""Tuition_Paid"": ""1"", ""Target"": ""Dropout""}",data/processed/prism_student_profile/Student performance (Polytechnic Institute of Portalegre).csv
STU-PIP-0918,Academic Performance,"{""Admission_Grade"": ""9"", ""Tuition_Paid"": ""1"", ""Target"": ""Dropout""}",data/processed/prism_student_profile/Student performance (Polytechnic Institute of Portalegre).csv
STU-PIP-0919,Academic Performance,"{""Admission_Grade"": ""39"", ""Tuition_Paid"": ""1"", ""Target"": ""Graduate""}",data/processed/prism_student_profile/Student performance (Polytechnic Institute of Portalegre).csv
STU-PIP-0920,Academic Performance,"{""Admission_Grade"": ""1"", ""Tuition_Paid"": ""1"", ""Target"": ""Graduate""}",data/processed/prism_student_profile/Student performance (Polytechnic Institute of Portalegre).csv
STU-PIP-0921,Academic Performance,"{""Admission_Grade"": ""19"", ""Tuition_Paid"": ""1"", ""Target"": ""Graduate""}",data/processed/prism_student_profile/Student performance (Polytechnic Institute of Portalegre).csv
STU-PIP-0922,Academic Performance,"{""Admission_Grade"": ""1"", ""Tuition_Paid"": ""1"", ""Target"": ""Graduate""}",data/processed/prism_student_profile/Student performance (Polytechnic Institute of Portalegre).csv
STU-PIP-0923,Academic Performance,"{""Admission_Grade"": ""1"", ""Tuition_Paid"": ""1"", ""Target"": ""Dropout""}",data/processed/prism_student_profile/Student performance (Polytechnic Institute of Portalegre).csv
STU-PIP-0924,Academic Performance,"{""Admission_Grade"": ""19"", ""Tuition_Paid"": ""0"", ""Target"": ""Dropout""}",data/processed/prism_student_profile/Student performance (Polytechnic Institute of Portalegre).csv
STU-PIP-0925,Academic Performance,"{""Admission_Grade"": ""1"", ""Tuition_Paid"": ""1"", ""Target"": ""Enrolled""}",data/processed/prism_student_profile/Student performance (Polytechnic Institute of Portalegre).csv
STU-PIP-0926,Academic Performance,"{""Admission_Grade"": ""1"", ""Tuition_Paid"": ""1"", ""Target"": ""Graduate""}",data/processed/prism_student_profile/Student performance (Polytechnic Institute of Portalegre).csv
STU-PIP-0927,Academic Performance,"{""Admission_Grade"": ""3"", ""Tuition_Paid"": ""1"", ""Target"": ""Dropout""}",data/processed/prism_student_profile/Student performance (Polytechnic Institute of Portalegre).csv
STU-PIP-0928,Academic Performance,"{""Admission_Grade"": ""1"", ""Tuition_Paid"": ""1"", ""Target"": ""Enrolled""}",data/processed/prism_student_profile/Student performance (Polytechnic Institute of Portalegre).csv
STU-PIP-0929,Academic Performance,"{""Admission_Grade"": ""1"", ""Tuition_Paid"": ""1"", ""Target"": ""Enrolled""}",data/processed/prism_student_profile/Student performance (Polytechnic Institute of Portalegre).csv
STU-PIP-0930,Academic Performance,"{""Admission_Grade"": ""1"", ""Tuition_Paid"": ""1"", ""Target"": ""Dropout""}",data/processed/prism_student_profile/Student performance (Polytechnic Institute of Portalegre).csv
STU-PIP-0931,Academic Performance,"{""Admission_Grade"": ""1"", ""Tuition_Paid"": ""1"", ""Target"": ""Enrolled""}",data/processed/prism_student_profile/Student performance (Polytechnic Institute of Portalegre).csv
STU-PIP-0932,Academic Performance,"{""Admission_Grade"": ""1"", ""Tuition_Paid"": ""1"", ""Target"": ""Graduate""}",data/processed/prism_student_profile/Student performance (Polytechnic Institute of Portalegre).csv
STU-PIP-0933,Academic Performance,"{""Admission_Grade"": ""3"", ""Tuition_Paid"": ""1"", ""Target"": ""Graduate""}",data/processed/prism_student_profile/Student performance (Polytechnic Institute of Portalegre).csv
STU-PIP-0934,Academic Performance,"{""Admission_Grade"": ""1"", ""Tuition_Paid"": ""1"", ""Target"": ""Dropout""}",data/processed/prism_student_profile/Student performance (Polytechnic Institute of Portalegre).csv
STU-PIP-0935,Academic Performance,"{""Admission_Grade"": ""1"", ""Tuition_Paid"": ""1"", ""Target"": ""Enrolled""}",data/processed/prism_student_profile/Student performance (Polytechnic Institute of Portalegre).csv
STU-PIP-0936,Academic Performance,"{""Admission_Grade"": ""1"", ""Tuition_Paid"": ""1"", ""Target"": ""Graduate""}",data/processed/prism_student_profile/Student performance (Polytechnic Institute of Portalegre).csv
STU-PIP-0937,Academic Performance,"{""Admission_Grade"": ""19"", ""Tuition_Paid"": ""1"", ""Target"": ""Dropout""}",data/processed/prism_student_profile/Student performance (Polytechnic Institute of Portalegre).csv
STU-PIP-0938,Academic Performance,"{""Admission_Grade"": ""39"", ""Tuition_Paid"": ""1"", ""Target"": ""Enrolled""}",data/processed/prism_student_profile/Student performance (Polytechnic Institute of Portalegre).csv
STU-PIP-0939,Academic Performance,"{""Admission_Grade"": ""1"", ""Tuition_Paid"": ""1"", ""Target"": ""Enrolled""}",data/processed/prism_student_profile/Student performance (Polytechnic Institute of Portalegre).csv
STU-PIP-0940,Academic Performance,"{""Admission_Grade"": ""19"", ""Tuition_Paid"": ""0"", ""Target"": ""Dropout""}",data/processed/prism_student_profile/Student performance (Polytechnic Institute of Portalegre).csv
STU-PIP-0941,Academic Performance,"{""Admission_Grade"": ""1"", ""Tuition_Paid"": ""1"", ""Target"": ""Graduate""}",data/processed/prism_student_profile/Student performance (Polytechnic Institute of Portalegre).csv
STU-PIP-0942,Academic Performance,"{""Admission_Grade"": ""1"", ""Tuition_Paid"": ""1"", ""Target"": ""Graduate""}",data/processed/prism_student_profile/Student performance (Polytechnic Institute of Portalegre).csv
STU-PIP-0943,Academic Performance,"{""Admission_Grade"": ""19"", ""Tuition_Paid"": ""1"", ""Target"": ""Enrolled""}",data/processed/prism_student_profile/Student performance (Polytechnic Institute of Portalegre).csv
STU-PIP-0944,Academic Performance,"{""Admission_Grade"": ""3"", ""Tuition_Paid"": ""1"", ""Target"": ""Dropout""}",data/processed/prism_student_profile/Student performance (Polytechnic Institute of Portalegre).csv
STU-PIP-0945,Academic Performance,"{""Admission_Grade"": ""1"", ""Tuition_Paid"": ""1"", ""Target"": ""Graduate""}",data/processed/prism_student_profile/Student performance (Polytechnic Institute of Portalegre).csv
STU-PIP-0946,Academic Performance,"{""Admission_Grade"": ""1"", ""Tuition_Paid"": ""1"", ""Target"": ""Graduate""}",data/processed/prism_student_profile/Student performance (Polytechnic Institute of Portalegre).csv
STU-PIP-0947,Academic Performance,"{""Admission_Grade"": ""1"", ""Tuition_Paid"": ""1"", ""Target"": ""Graduate""}",data/processed/prism_student_profile/Student performance (Polytechnic Institute of Portalegre).csv
STU-PIP-0948,Academic Performance,"{""Admission_Grade"": ""1"", ""Tuition_Paid"": ""0"", ""Target"": ""Dropout""}",data/processed/prism_student_profile/Student performance (Polytechnic Institute of Portalegre).csv
STU-PIP-0949,Academic Performance,"{""Admission_Grade"": ""1"", ""Tuition_Paid"": ""1"", ""Target"": ""Graduate""}",data/processed/prism_student_profile/Student performance (Polytechnic Institute of Portalegre).csv
STU-PIP-0950,Academic Performance,"{""Admission_Grade"": ""1"", ""Tuition_Paid"": ""1"", ""Target"": ""Dropout""}",data/processed/prism_student_profile/Student performance (Polytechnic Institute of Portalegre).csv
STU-PIP-0951,Academic Performance,"{""Admission_Grade"": ""1"", ""Tuition_Paid"": ""1"", ""Target"": ""Graduate""}",data/processed/prism_student_profile/Student performance (Polytechnic Institute of Portalegre).csv
STU-PIP-0952,Academic Performance,"{""Admission_Grade"": ""1"", ""Tuition_Paid"": ""0"", ""Target"": ""Dropout""}",data/processed/prism_student_profile/Student performance (Polytechnic Institute of Portalegre).csv
STU-PIP-0953,Academic Performance,"{""Admission_Grade"": ""39"", ""Tuition_Paid"": ""1"", ""Target"": ""Graduate""}",data/processed/prism_student_profile/Student performance (Polytechnic Institute of Portalegre).csv
STU-PIP-0954,Academic Performance,"{""Admission_Grade"": ""1"", ""Tuition_Paid"": ""1"", ""Target"": ""Dropout""}",data/processed/prism_student_profile/Student performance (Polytechnic Institute of Portalegre).csv
STU-PIP-0955,Academic Performance,"{""Admission_Grade"": ""1"", ""Tuition_Paid"": ""1"", ""Target"": ""Dropout""}",data/processed/prism_student_profile/Student performance (Polytechnic Institute of Portalegre).csv
STU-PIP-0956,Academic Performance,"{""Admission_Grade"": ""1"", ""Tuition_Paid"": ""1"", ""Target"": ""Dropout""}",data/processed/prism_student_profile/Student performance (Polytechnic Institute of Portalegre).csv
STU-PIP-0957,Academic Performance,"{""Admission_Grade"": ""1"", ""Tuition_Paid"": ""1"", ""Target"": ""Graduate""}",data/processed/prism_student_profile/Student performance (Polytechnic Institute of Portalegre).csv
STU-PIP-0958,Academic Performance,"{""Admission_Grade"": ""1"", ""Tuition_Paid"": ""1"", ""Target"": ""Graduate""}",data/processed/prism_student_profile/Student performance (Polytechnic Institute of Portalegre).csv
STU-PIP-0959,Academic Performance,"{""Admission_Grade"": ""1"", ""Tuition_Paid"": ""1"", ""Target"": ""Graduate""}",data/processed/prism_student_profile/Student performance (Polytechnic Institute of Portalegre).csv
STU-PIP-0960,Academic Performance,"{""Admission_Grade"": ""1"", ""Tuition_Paid"": ""0"", ""Target"": ""Dropout""}",data/processed/prism_student_profile/Student performance (Polytechnic Institute of Portalegre).csv
STU-PIP-0961,Academic Performance,"{""Admission_Grade"": ""1"", ""Tuition_Paid"": ""0"", ""Target"": ""Dropout""}",data/processed/prism_student_profile/Student performance (Polytechnic Institute of Portalegre).csv
STU-PIP-0962,Academic Performance,"{""Admission_Grade"": ""1"", ""Tuition_Paid"": ""1"", ""Target"": ""Graduate""}",data/processed/prism_student_profile/Student performance (Polytechnic Institute of Portalegre).csv
STU-PIP-0963,Academic Performance,"{""Admission_Grade"": ""1"", ""Tuition_Paid"": ""1"", ""Target"": ""Graduate""}",data/processed/prism_student_profile/Student performance (Polytechnic Institute of Portalegre).csv
STU-PIP-0964,Academic Performance,"{""Admission_Grade"": ""1"", ""Tuition_Paid"": ""1"", ""Target"": ""Enrolled""}",data/processed/prism_student_profile/Student performance (Polytechnic Institute of Portalegre).csv
STU-PIP-0965,Academic Performance,"{""Admission_Grade"": ""1"", ""Tuition_Paid"": ""1"", ""Target"": ""Graduate""}",data/processed/prism_student_profile/Student performance (Polytechnic Institute of Portalegre).csv
STU-PIP-0966,Academic Performance,"{""Admission_Grade"": ""39"", ""Tuition_Paid"": ""1"", ""Target"": ""Graduate""}",data/processed/prism_student_profile/Student performance (Polytechnic Institute of Portalegre).csv
STU-PIP-0967,Academic Performance,"{""Admission_Grade"": ""1"", ""Tuition_Paid"": ""0"", ""Target"": ""Dropout""}",data/processed/prism_student_profile/Student performance (Polytechnic Institute of Portalegre).csv
STU-PIP-0968,Academic Performance,"{""Admission_Grade"": ""12"", ""Tuition_Paid"": ""1"", ""Target"": ""Dropout""}",data/processed/prism_student_profile/Student performance (Polytechnic Institute of Portalegre).csv
STU-PIP-0969,Academic Performance,"{""Admission_Grade"": ""1"", ""Tuition_Paid"": ""0"", ""Target"": ""Dropout""}",data/processed/prism_student_profile/Student performance (Polytechnic Institute of Portalegre).csv
STU-PIP-0970,Academic Performance,"{""Admission_Grade"": ""1"", ""Tuition_Paid"": ""1"", ""Target"": ""Enrolled""}",data/processed/prism_student_profile/Student performance (Polytechnic Institute of Portalegre).csv
STU-PIP-0971,Academic Performance,"{""Admission_Grade"": ""1"", ""Tuition_Paid"": ""1"", ""Target"": ""Graduate""}",data/processed/prism_student_profile/Student performance (Polytechnic Institute of Portalegre).csv
STU-PIP-0972,Academic Performance,"{""Admission_Grade"": ""1"", ""Tuition_Paid"": ""1"", ""Target"": ""Dropout""}",data/processed/prism_student_profile/Student performance (Polytechnic Institute of Portalegre).csv
STU-PIP-0973,Academic Performance,"{""Admission_Grade"": ""19"", ""Tuition_Paid"": ""0"", ""Target"": ""Dropout""}",data/processed/prism_student_profile/Student performance (Polytechnic Institute of Portalegre).csv
STU-PIP-0974,Academic Performance,"{""Admission_Grade"": ""1"", ""Tuition_Paid"": ""1"", ""Target"": ""Graduate""}",data/processed/prism_student_profile/Student performance (Polytechnic Institute of Portalegre).csv
STU-PIP-0975,Academic Performance,"{""Admission_Grade"": ""1"", ""Tuition_Paid"": ""1"", ""Target"": ""Graduate""}",data/processed/prism_student_profile/Student performance (Polytechnic Institute of Portalegre).csv
STU-PIP-0976,Academic Performance,"{""Admission_Grade"": ""1"", ""Tuition_Paid"": ""0"", ""Target"": ""Enrolled""}",data/processed/prism_student_profile/Student performance (Polytechnic Institute of Portalegre).csv
STU-PIP-0977,Academic Performance,"{""Admission_Grade"": ""19"", ""Tuition_Paid"": ""1"", ""Target"": ""Graduate""}",data/processed/prism_student_profile/Student performance (Polytechnic Institute of Portalegre).csv
STU-PIP-0978,Academic Performance,"{""Admission_Grade"": ""1"", ""Tuition_Paid"": ""1"", ""Target"": ""Graduate""}",data/processed/prism_student_profile/Student performance (Polytechnic Institute of Portalegre).csv
STU-PIP-0979,Academic Performance,"{""Admission_Grade"": ""19"", ""Tuition_Paid"": ""0"", ""Target"": ""Dropout""}",data/processed/prism_student_profile/Student performance (Polytechnic Institute of Portalegre).csv
STU-PIP-0980,Academic Performance,"{""Admission_Grade"": ""1"", ""Tuition_Paid"": ""1"", ""Target"": ""Graduate""}",data/processed/prism_student_profile/Student performance (Polytechnic Institute of Portalegre).csv
STU-PIP-0981,Academic Performance,"{""Admission_Grade"": ""6"", ""Tuition_Paid"": ""1"", ""Target"": ""Dropout""}",data/processed/prism_student_profile/Student performance (Polytechnic Institute of Portalegre).csv
STU-PIP-0982,Academic Performance,"{""Admission_Grade"": ""1"", ""Tuition_Paid"": ""1"", ""Target"": ""Enrolled""}",data/processed/prism_student_profile/Student performance (Polytechnic Institute of Portalegre).csv
STU-PIP-0983,Academic Performance,"{""Admission_Grade"": ""1"", ""Tuition_Paid"": ""1"", ""Target"": ""Graduate""}",data/processed/prism_student_profile/Student performance (Polytechnic Institute of Portalegre).csv
STU-PIP-0984,Academic Performance,"{""Admission_Grade"": ""1"", ""Tuition_Paid"": ""1"", ""Target"": ""Enrolled""}",data/processed/prism_student_profile/Student performance (Polytechnic Institute of Portalegre).csv
STU-PIP-0985,Academic Performance,"{""Admission_Grade"": ""1"", ""Tuition_Paid"": ""1"", ""Target"": ""Dropout""}",data/processed/prism_student_profile/Student performance (Polytechnic Institute of Portalegre).csv
STU-PIP-0986,Academic Performance,"{""Admission_Grade"": ""1"", ""Tuition_Paid"": ""1"", ""Target"": ""Graduate""}",data/processed/prism_student_profile/Student performance (Polytechnic Institute of Portalegre).csv
STU-PIP-0987,Academic Performance,"{""Admission_Grade"": ""4"", ""Tuition_Paid"": ""1"", ""Target"": ""Graduate""}",data/processed/prism_student_profile/Student performance (Polytechnic Institute of Portalegre).csv
STU-PIP-0988,Academic Performance,"{""Admission_Grade"": ""1"", ""Tuition_Paid"": ""1"", ""Target"": ""Dropout""}",data/processed/prism_student_profile/Student performance (Polytechnic Institute of Portalegre).csv
STU-PIP-0989,Academic Performance,"{""Admission_Grade"": ""1"", ""Tuition_Paid"": ""1"", ""Target"": ""Dropout""}",data/processed/prism_student_profile/Student performance (Polytechnic Institute of Portalegre).csv
STU-PIP-0990,Academic Performance,"{""Admission_Grade"": ""1"", ""Tuition_Paid"": ""0"", ""Target"": ""Dropout""}",data/processed/prism_student_profile/Student performance (Polytechnic Institute of Portalegre).csv
STU-PIP-0991,Academic Performance,"{""Admission_Grade"": ""1"", ""Tuition_Paid"": ""1"", ""Target"": ""Graduate""}",data/processed/prism_student_profile/Student performance (Polytechnic Institute of Portalegre).csv
STU-PIP-0992,Academic Performance,"{""Admission_Grade"": ""1"", ""Tuition_Paid"": ""1"", ""Target"": ""Graduate""}",data/processed/prism_student_profile/Student performance (Polytechnic Institute of Portalegre).csv
STU-PIP-0993,Academic Performance,"{""Admission_Grade"": ""1"", ""Tuition_Paid"": ""1"", ""Target"": ""Dropout""}",data/processed/prism_student_profile/Student performance (Polytechnic Institute of Portalegre).csv
STU-PIP-0994,Academic Performance,"{""Admission_Grade"": ""39"", ""Tuition_Paid"": ""1"", ""Target"": ""Graduate""}",data/processed/prism_student_profile/Student performance (Polytechnic Institute of Portalegre).csv
STU-PIP-0995,Academic Performance,"{""Admission_Grade"": ""3"", ""Tuition_Paid"": ""1"", ""Target"": ""Graduate""}",data/processed/prism_student_profile/Student performance (Polytechnic Institute of Portalegre).csv
STU-PIP-0996,Academic Performance,"{""Admission_Grade"": ""1"", ""Tuition_Paid"": ""1"", ""Target"": ""Graduate""}",data/processed/prism_student_profile/Student performance (Polytechnic Institute of Portalegre).csv
STU-PIP-0997,Academic Performance,"{""Admission_Grade"": ""1"", ""Tuition_Paid"": ""1"", ""Target"": ""Enrolled""}",data/processed/prism_student_profile/Student performance (Polytechnic Institute of Portalegre).csv
STU-PIP-0998,Academic Performance,"{""Admission_Grade"": ""39"", ""Tuition_Paid"": ""1"", ""Target"": ""Enrolled""}",data/processed/prism_student_profile/Student performance (Polytechnic Institute of Portalegre).csv
STU-PIP-0999,Academic Performance,"{""Admission_Grade"": ""1"", ""Tuition_Paid"": ""1"", ""Target"": ""Graduate""}",data/processed/prism_student_profile/Student performance (Polytechnic Institute of Portalegre).csv
STU-PIP-1000,Academic Performance,"{""Admission_Grade"": ""1"", ""Tuition_Paid"": ""1"", ""Target"": ""Dropout""}",data/processed/prism_student_profile/Student performance (Polytechnic Institute of Portalegre).csv
STU-PIP-1001,Academic Performance,"{""Admission_Grade"": ""1"", ""Tuition_Paid"": ""1"", ""Target"": ""Dropout""}",data/processed/prism_student_profile/Student performance (Polytechnic Institute of Portalegre).csv
STU-PIP-1002,Academic Performance,"{""Admission_Grade"": ""1"", ""Tuition_Paid"": ""0"", ""Target"": ""Dropout""}",data/processed/prism_student_profile/Student performance (Polytechnic Institute of Portalegre).csv
STU-PIP-1003,Academic Performance,"{""Admission_Grade"": ""1"", ""Tuition_Paid"": ""1"", ""Target"": ""Graduate""}",data/processed/prism_student_profile/Student performance (Polytechnic Institute of Portalegre).csv
STU-PIP-1004,Academic Performance,"{""Admission_Grade"": ""1"", ""Tuition_Paid"": ""1"", ""Target"": ""Graduate""}",data/processed/prism_student_profile/Student performance (Polytechnic Institute of Portalegre).csv
STU-PIP-1005,Academic Performance,"{""Admission_Grade"": ""1"", ""Tuition_Paid"": ""1"", ""Target"": ""Dropout""}",data/processed/prism_student_profile/Student performance (Polytechnic Institute of Portalegre).csv
STU-PIP-1006,Academic Performance,"{""Admission_Grade"": ""1"", ""Tuition_Paid"": ""1"", ""Target"": ""Graduate""}",data/processed/prism_student_profile/Student performance (Polytechnic Institute of Portalegre).csv
STU-PIP-1007,Academic Performance,"{""Admission_Grade"": ""1"", ""Tuition_Paid"": ""1"", ""Target"": ""Graduate""}",data/processed/prism_student_profile/Student performance (Polytechnic Institute of Portalegre).csv
STU-PIP-1008,Academic Performance,"{""Admission_Grade"": ""42"", ""Tuition_Paid"": ""1"", ""Target"": ""Graduate""}",data/processed/prism_student_profile/Student performance (Polytechnic Institute of Portalegre).csv
STU-PIP-1009,Academic Performance,"{""Admission_Grade"": ""1"", ""Tuition_Paid"": ""1"", ""Target"": ""Graduate""}",data/processed/prism_student_profile/Student performance (Polytechnic Institute of Portalegre).csv
STU-PIP-1010,Academic Performance,"{""Admission_Grade"": ""1"", ""Tuition_Paid"": ""1"", ""Target"": ""Graduate""}",data/processed/prism_student_profile/Student performance (Polytechnic Institute of Portalegre).csv
STU-PIP-1011,Academic Performance,"{""Admission_Grade"": ""1"", ""Tuition_Paid"": ""1"", ""Target"": ""Graduate""}",data/processed/prism_student_profile/Student performance (Polytechnic Institute of Portalegre).csv
STU-PIP-1012,Academic Performance,"{""Admission_Grade"": ""1"", ""Tuition_Paid"": ""1"", ""Target"": ""Graduate""}",data/processed/prism_student_profile/Student performance (Polytechnic Institute of Portalegre).csv
STU-PIP-1013,Academic Performance,"{""Admission_Grade"": ""1"", ""Tuition_Paid"": ""1"", ""Target"": ""Graduate""}",data/processed/prism_student_profile/Student performance (Polytechnic Institute of Portalegre).csv
STU-PIP-1014,Academic Performance,"{""Admission_Grade"": ""1"", ""Tuition_Paid"": ""1"", ""Target"": ""Dropout""}",data/processed/prism_student_profile/Student performance (Polytechnic Institute of Portalegre).csv
STU-PIP-1015,Academic Performance,"{""Admission_Grade"": ""1"", ""Tuition_Paid"": ""1"", ""Target"": ""Graduate""}",data/processed/prism_student_profile/Student performance (Polytechnic Institute of Portalegre).csv
STU-PIP-1016,Academic Performance,"{""Admission_Grade"": ""1"", ""Tuition_Paid"": ""1"", ""Target"": ""Graduate""}",data/processed/prism_student_profile/Student performance (Polytechnic Institute of Portalegre).csv
STU-PIP-1017,Academic Performance,"{""Admission_Grade"": ""1"", ""Tuition_Paid"": ""1"", ""Target"": ""Dropout""}",data/processed/prism_student_profile/Student performance (Polytechnic Institute of Portalegre).csv
STU-PIP-1018,Academic Performance,"{""Admission_Grade"": ""1"", ""Tuition_Paid"": ""1"", ""Target"": ""Graduate""}",data/processed/prism_student_profile/Student performance (Polytechnic Institute of Portalegre).csv
STU-PIP-1019,Academic Performance,"{""Admission_Grade"": ""1"", ""Tuition_Paid"": ""0"", ""Target"": ""Dropout""}",data/processed/prism_student_profile/Student performance (Polytechnic Institute of Portalegre).csv
STU-PIP-1020,Academic Performance,"{""Admission_Grade"": ""1"", ""Tuition_Paid"": ""1"", ""Target"": ""Graduate""}",data/processed/prism_student_profile/Student performance (Polytechnic Institute of Portalegre).csv
STU-PIP-1021,Academic Performance,"{""Admission_Grade"": ""1"", ""Tuition_Paid"": ""1"", ""Target"": ""Graduate""}",data/processed/prism_student_profile/Student performance (Polytechnic Institute of Portalegre).csv
STU-PIP-1022,Academic Performance,"{""Admission_Grade"": ""39"", ""Tuition_Paid"": ""1"", ""Target"": ""Graduate""}",data/processed/prism_student_profile/Student performance (Polytechnic Institute of Portalegre).csv
STU-PIP-1023,Academic Performance,"{""Admission_Grade"": ""1"", ""Tuition_Paid"": ""1"", ""Target"": ""Graduate""}",data/processed/prism_student_profile/Student performance (Polytechnic Institute of Portalegre).csv
STU-PIP-1024,Academic Performance,"{""Admission_Grade"": ""1"", ""Tuition_Paid"": ""1"", ""Target"": ""Graduate""}",data/processed/prism_student_profile/Student performance (Polytechnic Institute of Portalegre).csv
STU-PIP-1025,Academic Performance,"{""Admission_Grade"": ""1"", ""Tuition_Paid"": ""1"", ""Target"": ""Graduate""}",data/processed/prism_student_profile/Student performance (Polytechnic Institute of Portalegre).csv
STU-PIP-1026,Academic Performance,"{""Admission_Grade"": ""1"", ""Tuition_Paid"": ""0"", ""Target"": ""Dropout""}",data/processed/prism_student_profile/Student performance (Polytechnic Institute of Portalegre).csv
STU-PIP-1027,Academic Performance,"{""Admission_Grade"": ""1"", ""Tuition_Paid"": ""1"", ""Target"": ""Graduate""}",data/processed/prism_student_profile/Student performance (Polytechnic Institute of Portalegre).csv
STU-PIP-1028,Academic Performance,"{""Admission_Grade"": ""1"", ""Tuition_Paid"": ""1"", ""Target"": ""Graduate""}",data/processed/prism_student_profile/Student performance (Polytechnic Institute of Portalegre).csv
STU-PIP-1029,Academic Performance,"{""Admission_Grade"": ""1"", ""Tuition_Paid"": ""1"", ""Target"": ""Graduate""}",data/processed/prism_student_profile/Student performance (Polytechnic Institute of Portalegre).csv
STU-PIP-1030,Academic Performance,"{""Admission_Grade"": ""1"", ""Tuition_Paid"": ""1"", ""Target"": ""Graduate""}",data/processed/prism_student_profile/Student performance (Polytechnic Institute of Portalegre).csv
STU-PIP-1031,Academic Performance,"{""Admission_Grade"": ""1"", ""Tuition_Paid"": ""1"", ""Target"": ""Graduate""}",data/processed/prism_student_profile/Student performance (Polytechnic Institute of Portalegre).csv
STU-PIP-1032,Academic Performance,"{""Admission_Grade"": ""1"", ""Tuition_Paid"": ""1"", ""Target"": ""Enrolled""}",data/processed/prism_student_profile/Student performance (Polytechnic Institute of Portalegre).csv
STU-PIP-1033,Academic Performance,"{""Admission_Grade"": ""1"", ""Tuition_Paid"": ""1"", ""Target"": ""Graduate""}",data/processed/prism_student_profile/Student performance (Polytechnic Institute of Portalegre).csv
STU-PIP-1034,Academic Performance,"{""Admission_Grade"": ""1"", ""Tuition_Paid"": ""1"", ""Target"": ""Graduate""}",data/processed/prism_student_profile/Student performance (Polytechnic Institute of Portalegre).csv
STU-PIP-1035,Academic Performance,"{""Admission_Grade"": ""1"", ""Tuition_Paid"": ""1"", ""Target"": ""Dropout""}",data/processed/prism_student_profile/Student performance (Polytechnic Institute of Portalegre).csv
STU-PIP-1036,Academic Performance,"{""Admission_Grade"": ""1"", ""Tuition_Paid"": ""1"", ""Target"": ""Enrolled""}",data/processed/prism_student_profile/Student performance (Polytechnic Institute of Portalegre).csv
STU-PIP-1037,Academic Performance,"{""Admission_Grade"": ""1"", ""Tuition_Paid"": ""1"", ""Target"": ""Dropout""}",data/processed/prism_student_profile/Student performance (Polytechnic Institute of Portalegre).csv
STU-PIP-1038,Academic Performance,"{""Admission_Grade"": ""1"", ""Tuition_Paid"": ""1"", ""Target"": ""Graduate""}",data/processed/prism_student_profile/Student performance (Polytechnic Institute of Portalegre).csv
STU-PIP-1039,Academic Performance,"{""Admission_Grade"": ""1"", ""Tuition_Paid"": ""1"", ""Target"": ""Graduate""}",data/processed/prism_student_profile/Student performance (Polytechnic Institute of Portalegre).csv
STU-PIP-1040,Academic Performance,"{""Admission_Grade"": ""1"", ""Tuition_Paid"": ""1"", ""Target"": ""Enrolled""}",data/processed/prism_student_profile/Student performance (Polytechnic Institute of Portalegre).csv
STU-PIP-1041,Academic Performance,"{""Admission_Grade"": ""1"", ""Tuition_Paid"": ""1"", ""Target"": ""Graduate""}",data/processed/prism_student_profile/Student performance (Polytechnic Institute of Portalegre).csv
STU-PIP-1042,Academic Performance,"{""Admission_Grade"": ""1"", ""Tuition_Paid"": ""1"", ""Target"": ""Graduate""}",data/processed/prism_student_profile/Student performance (Polytechnic Institute of Portalegre).csv
STU-PIP-1043,Academic Performance,"{""Admission_Grade"": ""1"", ""Tuition_Paid"": ""1"", ""Target"": ""Graduate""}",data/processed/prism_student_profile/Student performance (Polytechnic Institute of Portalegre).csv
STU-PIP-1044,Academic Performance,"{""Admission_Grade"": ""1"", ""Tuition_Paid"": ""1"", ""Target"": ""Graduate""}",data/processed/prism_student_profile/Student performance (Polytechnic Institute of Portalegre).csv
STU-PIP-1045,Academic Performance,"{""Admission_Grade"": ""1"", ""Tuition_Paid"": ""1"", ""Target"": ""Graduate""}",data/processed/prism_student_profile/Student performance (Polytechnic Institute of Portalegre).csv
STU-PIP-1046,Academic Performance,"{""Admission_Grade"": ""40"", ""Tuition_Paid"": ""1"", ""Target"": ""Dropout""}",data/processed/prism_student_profile/Student performance (Polytechnic Institute of Portalegre).csv
STU-PIP-1047,Academic Performance,"{""Admission_Grade"": ""1"", ""Tuition_Paid"": ""1"", ""Target"": ""Dropout""}",data/processed/prism_student_profile/Student performance (Polytechnic Institute of Portalegre).csv
STU-PIP-1048,Academic Performance,"{""Admission_Grade"": ""1"", ""Tuition_Paid"": ""1"", ""Target"": ""Graduate""}",data/processed/prism_student_profile/Student performance (Polytechnic Institute of Portalegre).csv
STU-PIP-1049,Academic Performance,"{""Admission_Grade"": ""1"", ""Tuition_Paid"": ""1"", ""Target"": ""Graduate""}",data/processed/prism_student_profile/Student performance (Polytechnic Institute of Portalegre).csv
STU-PIP-1050,Academic Performance,"{""Admission_Grade"": ""1"", ""Tuition_Paid"": ""1"", ""Target"": ""Graduate""}",data/processed/prism_student_profile/Student performance (Polytechnic Institute of Portalegre).csv
STU-PIP-1051,Academic Performance,"{""Admission_Grade"": ""1"", ""Tuition_Paid"": ""1"", ""Target"": ""Graduate""}",data/processed/prism_student_profile/Student performance (Polytechnic Institute of Portalegre).csv
STU-PIP-1052,Academic Performance,"{""Admission_Grade"": ""1"", ""Tuition_Paid"": ""1"", ""Target"": ""Graduate""}",data/processed/prism_student_profile/Student performance (Polytechnic Institute of Portalegre).csv
STU-PIP-1053,Academic Performance,"{""Admission_Grade"": ""1"", ""Tuition_Paid"": ""1"", ""Target"": ""Dropout""}",data/processed/prism_student_profile/Student performance (Polytechnic Institute of Portalegre).csv
STU-PIP-1054,Academic Performance,"{""Admission_Grade"": ""39"", ""Tuition_Paid"": ""1"", ""Target"": ""Graduate""}",data/processed/prism_student_profile/Student performance (Polytechnic Institute of Portalegre).csv
STU-PIP-1055,Academic Performance,"{""Admission_Grade"": ""1"", ""Tuition_Paid"": ""1"", ""Target"": ""Graduate""}",data/processed/prism_student_profile/Student performance (Polytechnic Institute of Portalegre).csv
STU-PIP-1056,Academic Performance,"{""Admission_Grade"": ""1"", ""Tuition_Paid"": ""1"", ""Target"": ""Graduate""}",data/processed/prism_student_profile/Student performance (Polytechnic Institute of Portalegre).csv
STU-PIP-1057,Academic Performance,"{""Admission_Grade"": ""1"", ""Tuition_Paid"": ""1"", ""Target"": ""Dropout""}",data/processed/prism_student_profile/Student performance (Polytechnic Institute of Portalegre).csv
STU-PIP-1058,Academic Performance,"{""Admission_Grade"": ""1"", ""Tuition_Paid"": ""1"", ""Target"": ""Graduate""}",data/processed/prism_student_profile/Student performance (Polytechnic Institute of Portalegre).csv
STU-PIP-1059,Academic Performance,"{""Admission_Grade"": ""12"", ""Tuition_Paid"": ""0"", ""Target"": ""Dropout""}",data/processed/prism_student_profile/Student performance (Polytechnic Institute of Portalegre).csv
STU-PIP-1060,Academic Performance,"{""Admission_Grade"": ""1"", ""Tuition_Paid"": ""1"", ""Target"": ""Graduate""}",data/processed/prism_student_profile/Student performance (Polytechnic Institute of Portalegre).csv
STU-PIP-1061,Academic Performance,"{""Admission_Grade"": ""42"", ""Tuition_Paid"": ""0"", ""Target"": ""Dropout""}",data/processed/prism_student_profile/Student performance (Polytechnic Institute of Portalegre).csv
STU-PIP-1062,Academic Performance,"{""Admission_Grade"": ""1"", ""Tuition_Paid"": ""1"", ""Target"": ""Dropout""}",data/processed/prism_student_profile/Student performance (Polytechnic Institute of Portalegre).csv
STU-PIP-1063,Academic Performance,"{""Admission_Grade"": ""1"", ""Tuition_Paid"": ""1"", ""Target"": ""Graduate""}",data/processed/prism_student_profile/Student performance (Polytechnic Institute of Portalegre).csv
STU-PIP-1064,Academic Performance,"{""Admission_Grade"": ""1"", ""Tuition_Paid"": ""1"", ""Target"": ""Graduate""}",data/processed/prism_student_profile/Student performance (Polytechnic Institute of Portalegre).csv
STU-PIP-1065,Academic Performance,"{""Admission_Grade"": ""1"", ""Tuition_Paid"": ""1"", ""Target"": ""Enrolled""}",data/processed/prism_student_profile/Student performance (Polytechnic Institute of Portalegre).csv
STU-PIP-1066,Academic Performance,"{""Admission_Grade"": ""40"", ""Tuition_Paid"": ""0"", ""Target"": ""Dropout""}",data/processed/prism_student_profile/Student performance (Polytechnic Institute of Portalegre).csv
STU-PIP-1067,Academic Performance,"{""Admission_Grade"": ""1"", ""Tuition_Paid"": ""1"", ""Target"": ""Graduate""}",data/processed/prism_student_profile/Student performance (Polytechnic Institute of Portalegre).csv
STU-PIP-1068,Academic Performance,"{""Admission_Grade"": ""1"", ""Tuition_Paid"": ""1"", ""Target"": ""Graduate""}",data/processed/prism_student_profile/Student performance (Polytechnic Institute of Portalegre).csv
STU-PIP-1069,Academic Performance,"{""Admission_Grade"": ""1"", ""Tuition_Paid"": ""1"", ""Target"": ""Graduate""}",data/processed/prism_student_profile/Student performance (Polytechnic Institute of Portalegre).csv
STU-PIP-1070,Academic Performance,"{""Admission_Grade"": ""1"", ""Tuition_Paid"": ""1"", ""Target"": ""Graduate""}",data/processed/prism_student_profile/Student performance (Polytechnic Institute of Portalegre).csv
STU-PIP-1071,Academic Performance,"{""Admission_Grade"": ""1"", ""Tuition_Paid"": ""1"", ""Target"": ""Graduate""}",data/processed/prism_student_profile/Student performance (Polytechnic Institute of Portalegre).csv
STU-PIP-1072,Academic Performance,"{""Admission_Grade"": ""39"", ""Tuition_Paid"": ""1"", ""Target"": ""Graduate""}",data/processed/prism_student_profile/Student performance (Polytechnic Institute of Portalegre).csv
STU-PIP-1073,Academic Performance,"{""Admission_Grade"": ""1"", ""Tuition_Paid"": ""1"", ""Target"": ""Enrolled""}",data/processed/prism_student_profile/Student performance (Polytechnic Institute of Portalegre).csv
STU-PIP-1074,Academic Performance,"{""Admission_Grade"": ""1"", ""Tuition_Paid"": ""1"", ""Target"": ""Graduate""}",data/processed/prism_student_profile/Student performance (Polytechnic Institute of Portalegre).csv
STU-PIP-1075,Academic Performance,"{""Admission_Grade"": ""1"", ""Tuition_Paid"": ""1"", ""Target"": ""Graduate""}",data/processed/prism_student_profile/Student performance (Polytechnic Institute of Portalegre).csv
STU-PIP-1076,Academic Performance,"{""Admission_Grade"": ""1"", ""Tuition_Paid"": ""1"", ""Target"": ""Graduate""}",data/processed/prism_student_profile/Student performance (Polytechnic Institute of Portalegre).csv
STU-PIP-1077,Academic Performance,"{""Admission_Grade"": ""1"", ""Tuition_Paid"": ""0"", ""Target"": ""Dropout""}",data/processed/prism_student_profile/Student performance (Polytechnic Institute of Portalegre).csv
STU-PIP-1078,Academic Performance,"{""Admission_Grade"": ""1"", ""Tuition_Paid"": ""1"", ""Target"": ""Dropout""}",data/processed/prism_student_profile/Student performance (Polytechnic Institute of Portalegre).csv
STU-PIP-1079,Academic Performance,"{""Admission_Grade"": ""1"", ""Tuition_Paid"": ""1"", ""Target"": ""Dropout""}",data/processed/prism_student_profile/Student performance (Polytechnic Institute of Portalegre).csv
STU-PIP-1080,Academic Performance,"{""Admission_Grade"": ""1"", ""Tuition_Paid"": ""1"", ""Target"": ""Graduate""}",data/processed/prism_student_profile/Student performance (Polytechnic Institute of Portalegre).csv
STU-PIP-1081,Academic Performance,"{""Admission_Grade"": ""1"", ""Tuition_Paid"": ""1"", ""Target"": ""Graduate""}",data/processed/prism_student_profile/Student performance (Polytechnic Institute of Portalegre).csv
STU-PIP-1082,Academic Performance,"{""Admission_Grade"": ""1"", ""Tuition_Paid"": ""1"", ""Target"": ""Graduate""}",data/processed/prism_student_profile/Student performance (Polytechnic Institute of Portalegre).csv
STU-PIP-1083,Academic Performance,"{""Admission_Grade"": ""1"", ""Tuition_Paid"": ""1"", ""Target"": ""Enrolled""}",data/processed/prism_student_profile/Student performance (Polytechnic Institute of Portalegre).csv
STU-PIP-1084,Academic Performance,"{""Admission_Grade"": ""1"", ""Tuition_Paid"": ""1"", ""Target"": ""Graduate""}",data/processed/prism_student_profile/Student performance (Polytechnic Institute of Portalegre).csv
STU-PIP-1085,Academic Performance,"{""Admission_Grade"": ""1"", ""Tuition_Paid"": ""1"", ""Target"": ""Graduate""}",data/processed/prism_student_profile/Student performance (Polytechnic Institute of Portalegre).csv
STU-PIP-1086,Academic Performance,"{""Admission_Grade"": ""1"", ""Tuition_Paid"": ""1"", ""Target"": ""Dropout""}",data/processed/prism_student_profile/Student performance (Polytechnic Institute of Portalegre).csv
STU-PIP-1087,Academic Performance,"{""Admission_Grade"": ""1"", ""Tuition_Paid"": ""1"", ""Target"": ""Graduate""}",data/processed/prism_student_profile/Student performance (Polytechnic Institute of Portalegre).csv
STU-PIP-1088,Academic Performance,"{""Admission_Grade"": ""1"", ""Tuition_Paid"": ""1"", ""Target"": ""Graduate""}",data/processed/prism_student_profile/Student performance (Polytechnic Institute of Portalegre).csv
STU-PIP-1089,Academic Performance,"{""Admission_Grade"": ""1"", ""Tuition_Paid"": ""1"", ""Target"": ""Enrolled""}",data/processed/prism_student_profile/Student performance (Polytechnic Institute of Portalegre).csv
STU-PIP-1090,Academic Performance,"{""Admission_Grade"": ""1"", ""Tuition_Paid"": ""1"", ""Target"": ""Enrolled""}",data/processed/prism_student_profile/Student performance (Polytechnic Institute of Portalegre).csv
STU-PIP-1091,Academic Performance,"{""Admission_Grade"": ""1"", ""Tuition_Paid"": ""1"", ""Target"": ""Graduate""}",data/processed/prism_student_profile/Student performance (Polytechnic Institute of Portalegre).csv
STU-PIP-1092,Academic Performance,"{""Admission_Grade"": ""1"", ""Tuition_Paid"": ""1"", ""Target"": ""Dropout""}",data/processed/prism_student_profile/Student performance (Polytechnic Institute of Portalegre).csv
STU-PIP-1093,Academic Performance,"{""Admission_Grade"": ""1"", ""Tuition_Paid"": ""1"", ""Target"": ""Graduate""}",data/processed/prism_student_profile/Student performance (Polytechnic Institute of Portalegre).csv
STU-PIP-1094,Academic Performance,"{""Admission_Grade"": ""1"", ""Tuition_Paid"": ""1"", ""Target"": ""Dropout""}",data/processed/prism_student_profile/Student performance (Polytechnic Institute of Portalegre).csv
STU-PIP-1095,Academic Performance,"{""Admission_Grade"": ""1"", ""Tuition_Paid"": ""1"", ""Target"": ""Graduate""}",data/processed/prism_student_profile/Student performance (Polytechnic Institute of Portalegre).csv
STU-PIP-1096,Academic Performance,"{""Admission_Grade"": ""1"", ""Tuition_Paid"": ""0"", ""Target"": ""Dropout""}",data/processed/prism_student_profile/Student performance (Polytechnic Institute of Portalegre).csv
STU-PIP-1097,Academic Performance,"{""Admission_Grade"": ""3"", ""Tuition_Paid"": ""0"", ""Target"": ""Dropout""}",data/processed/prism_student_profile/Student performance (Polytechnic Institute of Portalegre).csv
STU-PIP-1098,Academic Performance,"{""Admission_Grade"": ""1"", ""Tuition_Paid"": ""1"", ""Target"": ""Graduate""}",data/processed/prism_student_profile/Student performance (Polytechnic Institute of Portalegre).csv
STU-PIP-1099,Academic Performance,"{""Admission_Grade"": ""1"", ""Tuition_Paid"": ""1"", ""Target"": ""Graduate""}",data/processed/prism_student_profile/Student performance (Polytechnic Institute of Portalegre).csv
STU-PIP-1100,Academic Performance,"{""Admission_Grade"": ""1"", ""Tuition_Paid"": ""1"", ""Target"": ""Graduate""}",data/processed/prism_student_profile/Student performance (Polytechnic Institute of Portalegre).csv
STU-PIP-1101,Academic Performance,"{""Admission_Grade"": ""6"", ""Tuition_Paid"": ""1"", ""Target"": ""Dropout""}",data/processed/prism_student_profile/Student performance (Polytechnic Institute of Portalegre).csv
STU-PIP-1102,Academic Performance,"{""Admission_Grade"": ""1"", ""Tuition_Paid"": ""0"", ""Target"": ""Dropout""}",data/processed/prism_student_profile/Student performance (Polytechnic Institute of Portalegre).csv
STU-PIP-1103,Academic Performance,"{""Admission_Grade"": ""1"", ""Tuition_Paid"": ""1"", ""Target"": ""Enrolled""}",data/processed/prism_student_profile/Student performance (Polytechnic Institute of Portalegre).csv
STU-PIP-1104,Academic Performance,"{""Admission_Grade"": ""1"", ""Tuition_Paid"": ""1"", ""Target"": ""Enrolled""}",data/processed/prism_student_profile/Student performance (Polytechnic Institute of Portalegre).csv
STU-PIP-1105,Academic Performance,"{""Admission_Grade"": ""1"", ""Tuition_Paid"": ""1"", ""Target"": ""Graduate""}",data/processed/prism_student_profile/Student performance (Polytechnic Institute of Portalegre).csv
STU-PIP-1106,Academic Performance,"{""Admission_Grade"": ""1"", ""Tuition_Paid"": ""1"", ""Target"": ""Dropout""}",data/processed/prism_student_profile/Student performance (Polytechnic Institute of Portalegre).csv
STU-PIP-1107,Academic Performance,"{""Admission_Grade"": ""1"", ""Tuition_Paid"": ""1"", ""Target"": ""Dropout""}",data/processed/prism_student_profile/Student performance (Polytechnic Institute of Portalegre).csv
STU-PIP-1108,Academic Performance,"{""Admission_Grade"": ""1"", ""Tuition_Paid"": ""1"", ""Target"": ""Graduate""}",data/processed/prism_student_profile/Student performance (Polytechnic Institute of Portalegre).csv
STU-PIP-1109,Academic Performance,"{""Admission_Grade"": ""42"", ""Tuition_Paid"": ""0"", ""Target"": ""Dropout""}",data/processed/prism_student_profile/Student performance (Polytechnic Institute of Portalegre).csv
STU-PIP-1110,Academic Performance,"{""Admission_Grade"": ""1"", ""Tuition_Paid"": ""1"", ""Target"": ""Graduate""}",data/processed/prism_student_profile/Student performance (Polytechnic Institute of Portalegre).csv
STU-PIP-1111,Academic Performance,"{""Admission_Grade"": ""39"", ""Tuition_Paid"": ""1"", ""Target"": ""Graduate""}",data/processed/prism_student_profile/Student performance (Polytechnic Institute of Portalegre).csv
STU-PIP-1112,Academic Performance,"{""Admission_Grade"": ""1"", ""Tuition_Paid"": ""1"", ""Target"": ""Graduate""}",data/processed/prism_student_profile/Student performance (Polytechnic Institute of Portalegre).csv
STU-PIP-1113,Academic Performance,"{""Admission_Grade"": ""1"", ""Tuition_Paid"": ""1"", ""Target"": ""Enrolled""}",data/processed/prism_student_profile/Student performance (Polytechnic Institute of Portalegre).csv
STU-PIP-1114,Academic Performance,"{""Admission_Grade"": ""1"", ""Tuition_Paid"": ""1"", ""Target"": ""Enrolled""}",data/processed/prism_student_profile/Student performance (Polytechnic Institute of Portalegre).csv
STU-PIP-1115,Academic Performance,"{""Admission_Grade"": ""1"", ""Tuition_Paid"": ""1"", ""Target"": ""Graduate""}",data/processed/prism_student_profile/Student performance (Polytechnic Institute of Portalegre).csv
STU-PIP-1116,Academic Performance,"{""Admission_Grade"": ""1"", ""Tuition_Paid"": ""1"", ""Target"": ""Graduate""}",data/processed/prism_student_profile/Student performance (Polytechnic Institute of Portalegre).csv
STU-PIP-1117,Academic Performance,"{""Admission_Grade"": ""1"", ""Tuition_Paid"": ""0"", ""Target"": ""Dropout""}",data/processed/prism_student_profile/Student performance (Polytechnic Institute of Portalegre).csv
STU-PIP-1118,Academic Performance,"{""Admission_Grade"": ""1"", ""Tuition_Paid"": ""1"", ""Target"": ""Graduate""}",data/processed/prism_student_profile/Student performance (Polytechnic Institute of Portalegre).csv
STU-PIP-1119,Academic Performance,"{""Admission_Grade"": ""1"", ""Tuition_Paid"": ""1"", ""Target"": ""Enrolled""}",data/processed/prism_student_profile/Student performance (Polytechnic Institute of Portalegre).csv
STU-PIP-1120,Academic Performance,"{""Admission_Grade"": ""1"", ""Tuition_Paid"": ""1"", ""Target"": ""Graduate""}",data/processed/prism_student_profile/Student performance (Polytechnic Institute of Portalegre).csv
STU-PIP-1121,Academic Performance,"{""Admission_Grade"": ""1"", ""Tuition_Paid"": ""1"", ""Target"": ""Enrolled""}",data/processed/prism_student_profile/Student performance (Polytechnic Institute of Portalegre).csv
STU-PIP-1122,Academic Performance,"{""Admission_Grade"": ""1"", ""Tuition_Paid"": ""1"", ""Target"": ""Graduate""}",data/processed/prism_student_profile/Student performance (Polytechnic Institute of Portalegre).csv
STU-PIP-1123,Academic Performance,"{""Admission_Grade"": ""1"", ""Tuition_Paid"": ""1"", ""Target"": ""Graduate""}",data/processed/prism_student_profile/Student performance (Polytechnic Institute of Portalegre).csv
STU-PIP-1124,Academic Performance,"{""Admission_Grade"": ""39"", ""Tuition_Paid"": ""1"", ""Target"": ""Graduate""}",data/processed/prism_student_profile/Student performance (Polytechnic Institute of Portalegre).csv
STU-PIP-1125,Academic Performance,"{""Admission_Grade"": ""1"", ""Tuition_Paid"": ""1"", ""Target"": ""Graduate""}",data/processed/prism_student_profile/Student performance (Polytechnic Institute of Portalegre).csv
STU-PIP-1126,Academic Performance,"{""Admission_Grade"": ""1"", ""Tuition_Paid"": ""1"", ""Target"": ""Graduate""}",data/processed/prism_student_profile/Student performance (Polytechnic Institute of Portalegre).csv
STU-PIP-1127,Academic Performance,"{""Admission_Grade"": ""3"", ""Tuition_Paid"": ""1"", ""Target"": ""Graduate""}",data/processed/prism_student_profile/Student performance (Polytechnic Institute of Portalegre).csv
STU-PIP-1128,Academic Performance,"{""Admission_Grade"": ""1"", ""Tuition_Paid"": ""0"", ""Target"": ""Graduate""}",data/processed/prism_student_profile/Student performance (Polytechnic Institute of Portalegre).csv
STU-PIP-1129,Academic Performance,"{""Admission_Grade"": ""1"", ""Tuition_Paid"": ""1"", ""Target"": ""Graduate""}",data/processed/prism_student_profile/Student performance (Polytechnic Institute of Portalegre).csv
STU-PIP-1130,Academic Performance,"{""Admission_Grade"": ""1"", ""Tuition_Paid"": ""1"", ""Target"": ""Graduate""}",data/processed/prism_student_profile/Student performance (Polytechnic Institute of Portalegre).csv
STU-PIP-1131,Academic Performance,"{""Admission_Grade"": ""1"", ""Tuition_Paid"": ""1"", ""Target"": ""Graduate""}",data/processed/prism_student_profile/Student performance (Polytechnic Institute of Portalegre).csv
STU-PIP-1132,Academic Performance,"{""Admission_Grade"": ""1"", ""Tuition_Paid"": ""1"", ""Target"": ""Graduate""}",data/processed/prism_student_profile/Student performance (Polytechnic Institute of Portalegre).csv
STU-PIP-1133,Academic Performance,"{""Admission_Grade"": ""1"", ""Tuition_Paid"": ""1"", ""Target"": ""Enrolled""}",data/processed/prism_student_profile/Student performance (Polytechnic Institute of Portalegre).csv
STU-PIP-1134,Academic Performance,"{""Admission_Grade"": ""1"", ""Tuition_Paid"": ""1"", ""Target"": ""Graduate""}",data/processed/prism_student_profile/Student performance (Polytechnic Institute of Portalegre).csv
STU-PIP-1135,Academic Performance,"{""Admission_Grade"": ""1"", ""Tuition_Paid"": ""0"", ""Target"": ""Dropout""}",data/processed/prism_student_profile/Student performance (Polytechnic Institute of Portalegre).csv
STU-PIP-1136,Academic Performance,"{""Admission_Grade"": ""39"", ""Tuition_Paid"": ""0"", ""Target"": ""Dropout""}",data/processed/prism_student_profile/Student performance (Polytechnic Institute of Portalegre).csv
STU-PIP-1137,Academic Performance,"{""Admission_Grade"": ""1"", ""Tuition_Paid"": ""1"", ""Target"": ""Graduate""}",data/processed/prism_student_profile/Student performance (Polytechnic Institute of Portalegre).csv
STU-PIP-1138,Academic Performance,"{""Admission_Grade"": ""1"", ""Tuition_Paid"": ""1"", ""Target"": ""Dropout""}",data/processed/prism_student_profile/Student performance (Polytechnic Institute of Portalegre).csv
STU-PIP-1139,Academic Performance,"{""Admission_Grade"": ""1"", ""Tuition_Paid"": ""1"", ""Target"": ""Graduate""}",data/processed/prism_student_profile/Student performance (Polytechnic Institute of Portalegre).csv
STU-PIP-1140,Academic Performance,"{""Admission_Grade"": ""1"", ""Tuition_Paid"": ""1"", ""Target"": ""Graduate""}",data/processed/prism_student_profile/Student performance (Polytechnic Institute of Portalegre).csv
STU-PIP-1141,Academic Performance,"{""Admission_Grade"": ""1"", ""Tuition_Paid"": ""1"", ""Target"": ""Graduate""}",data/processed/prism_student_profile/Student performance (Polytechnic Institute of Portalegre).csv
STU-PIP-1142,Academic Performance,"{""Admission_Grade"": ""1"", ""Tuition_Paid"": ""1"", ""Target"": ""Enrolled""}",data/processed/prism_student_profile/Student performance (Polytechnic Institute of Portalegre).csv
STU-PIP-1143,Academic Performance,"{""Admission_Grade"": ""1"", ""Tuition_Paid"": ""1"", ""Target"": ""Dropout""}",data/processed/prism_student_profile/Student performance (Polytechnic Institute of Portalegre).csv
STU-PIP-1144,Academic Performance,"{""Admission_Grade"": ""1"", ""Tuition_Paid"": ""1"", ""Target"": ""Graduate""}",data/processed/prism_student_profile/Student performance (Polytechnic Institute of Portalegre).csv
STU-PIP-1145,Academic Performance,"{""Admission_Grade"": ""1"", ""Tuition_Paid"": ""1"", ""Target"": ""Enrolled""}",data/processed/prism_student_profile/Student performance (Polytechnic Institute of Portalegre).csv
STU-PIP-1146,Academic Performance,"{""Admission_Grade"": ""1"", ""Tuition_Paid"": ""1"", ""Target"": ""Graduate""}",data/processed/prism_student_profile/Student performance (Polytechnic Institute of Portalegre).csv
STU-PIP-1147,Academic Performance,"{""Admission_Grade"": ""1"", ""Tuition_Paid"": ""1"", ""Target"": ""Enrolled""}",data/processed/prism_student_profile/Student performance (Polytechnic Institute of Portalegre).csv
STU-PIP-1148,Academic Performance,"{""Admission_Grade"": ""1"", ""Tuition_Paid"": ""1"", ""Target"": ""Graduate""}",data/processed/prism_student_profile/Student performance (Polytechnic Institute of Portalegre).csv
STU-PIP-1149,Academic Performance,"{""Admission_Grade"": ""1"", ""Tuition_Paid"": ""1"", ""Target"": ""Enrolled""}",data/processed/prism_student_profile/Student performance (Polytechnic Institute of Portalegre).csv
STU-PIP-1150,Academic Performance,"{""Admission_Grade"": ""1"", ""Tuition_Paid"": ""1"", ""Target"": ""Graduate""}",data/processed/prism_student_profile/Student performance (Polytechnic Institute of Portalegre).csv
STU-PIP-1151,Academic Performance,"{""Admission_Grade"": ""1"", ""Tuition_Paid"": ""1"", ""Target"": ""Graduate""}",data/processed/prism_student_profile/Student performance (Polytechnic Institute of Portalegre).csv
STU-PIP-1152,Academic Performance,"{""Admission_Grade"": ""1"", ""Tuition_Paid"": ""1"", ""Target"": ""Dropout""}",data/processed/prism_student_profile/Student performance (Polytechnic Institute of Portalegre).csv
STU-PIP-1153,Academic Performance,"{""Admission_Grade"": ""1"", ""Tuition_Paid"": ""1"", ""Target"": ""Enrolled""}",data/processed/prism_student_profile/Student performance (Polytechnic Institute of Portalegre).csv
STU-PIP-1154,Academic Performance,"{""Admission_Grade"": ""1"", ""Tuition_Paid"": ""1"", ""Target"": ""Enrolled""}",data/processed/prism_student_profile/Student performance (Polytechnic Institute of Portalegre).csv
STU-PIP-1155,Academic Performance,"{""Admission_Grade"": ""1"", ""Tuition_Paid"": ""1"", ""Target"": ""Graduate""}",data/processed/prism_student_profile/Student performance (Polytechnic Institute of Portalegre).csv
STU-PIP-1156,Academic Performance,"{""Admission_Grade"": ""1"", ""Tuition_Paid"": ""1"", ""Target"": ""Enrolled""}",data/processed/prism_student_profile/Student performance (Polytechnic Institute of Portalegre).csv
STU-PIP-1157,Academic Performance,"{""Admission_Grade"": ""1"", ""Tuition_Paid"": ""0"", ""Target"": ""Dropout""}",data/processed/prism_student_profile/Student performance (Polytechnic Institute of Portalegre).csv
STU-PIP-1158,Academic Performance,"{""Admission_Grade"": ""1"", ""Tuition_Paid"": ""1"", ""Target"": ""Graduate""}",data/processed/prism_student_profile/Student performance (Polytechnic Institute of Portalegre).csv
STU-PIP-1159,Academic Performance,"{""Admission_Grade"": ""1"", ""Tuition_Paid"": ""1"", ""Target"": ""Graduate""}",data/processed/prism_student_profile/Student performance (Polytechnic Institute of Portalegre).csv
STU-PIP-1160,Academic Performance,"{""Admission_Grade"": ""1"", ""Tuition_Paid"": ""1"", ""Target"": ""Graduate""}",data/processed/prism_student_profile/Student performance (Polytechnic Institute of Portalegre).csv
STU-PIP-1161,Academic Performance,"{""Admission_Grade"": ""19"", ""Tuition_Paid"": ""1"", ""Target"": ""Graduate""}",data/processed/prism_student_profile/Student performance (Polytechnic Institute of Portalegre).csv
STU-PIP-1162,Academic Performance,"{""Admission_Grade"": ""40"", ""Tuition_Paid"": ""1"", ""Target"": ""Enrolled""}",data/processed/prism_student_profile/Student performance (Polytechnic Institute of Portalegre).csv
STU-PIP-1163,Academic Performance,"{""Admission_Grade"": ""1"", ""Tuition_Paid"": ""1"", ""Target"": ""Graduate""}",data/processed/prism_student_profile/Student performance (Polytechnic Institute of Portalegre).csv
STU-PIP-1164,Academic Performance,"{""Admission_Grade"": ""1"", ""Tuition_Paid"": ""1"", ""Target"": ""Graduate""}",data/processed/prism_student_profile/Student performance (Polytechnic Institute of Portalegre).csv
STU-PIP-1165,Academic Performance,"{""Admission_Grade"": ""1"", ""Tuition_Paid"": ""0"", ""Target"": ""Dropout""}",data/processed/prism_student_profile/Student performance (Polytechnic Institute of Portalegre).csv
STU-PIP-1166,Academic Performance,"{""Admission_Grade"": ""40"", ""Tuition_Paid"": ""1"", ""Target"": ""Graduate""}",data/processed/prism_student_profile/Student performance (Polytechnic Institute of Portalegre).csv
STU-PIP-1167,Academic Performance,"{""Admission_Grade"": ""3"", ""Tuition_Paid"": ""1"", ""Target"": ""Dropout""}",data/processed/prism_student_profile/Student performance (Polytechnic Institute of Portalegre).csv
STU-PIP-1168,Academic Performance,"{""Admission_Grade"": ""1"", ""Tuition_Paid"": ""1"", ""Target"": ""Graduate""}",data/processed/prism_student_profile/Student performance (Polytechnic Institute of Portalegre).csv
STU-PIP-1169,Academic Performance,"{""Admission_Grade"": ""1"", ""Tuition_Paid"": ""1"", ""Target"": ""Dropout""}",data/processed/prism_student_profile/Student performance (Polytechnic Institute of Portalegre).csv
STU-PIP-1170,Academic Performance,"{""Admission_Grade"": ""1"", ""Tuition_Paid"": ""1"", ""Target"": ""Graduate""}",data/processed/prism_student_profile/Student performance (Polytechnic Institute of Portalegre).csv
STU-PIP-1171,Academic Performance,"{""Admission_Grade"": ""1"", ""Tuition_Paid"": ""1"", ""Target"": ""Graduate""}",data/processed/prism_student_profile/Student performance (Polytechnic Institute of Portalegre).csv
STU-PIP-1172,Academic Performance,"{""Admission_Grade"": ""1"", ""Tuition_Paid"": ""1"", ""Target"": ""Graduate""}",data/processed/prism_student_profile/Student performance (Polytechnic Institute of Portalegre).csv
STU-PIP-1173,Academic Performance,"{""Admission_Grade"": ""1"", ""Tuition_Paid"": ""1"", ""Target"": ""Dropout""}",data/processed/prism_student_profile/Student performance (Polytechnic Institute of Portalegre).csv
STU-PIP-1174,Academic Performance,"{""Admission_Grade"": ""1"", ""Tuition_Paid"": ""1"", ""Target"": ""Enrolled""}",data/processed/prism_student_profile/Student performance (Polytechnic Institute of Portalegre).csv
STU-PIP-1175,Academic Performance,"{""Admission_Grade"": ""1"", ""Tuition_Paid"": ""1"", ""Target"": ""Graduate""}",data/processed/prism_student_profile/Student performance (Polytechnic Institute of Portalegre).csv
STU-PIP-1176,Academic Performance,"{""Admission_Grade"": ""1"", ""Tuition_Paid"": ""1"", ""Target"": ""Dropout""}",data/processed/prism_student_profile/Student performance (Polytechnic Institute of Portalegre).csv
STU-PIP-1177,Academic Performance,"{""Admission_Grade"": ""1"", ""Tuition_Paid"": ""1"", ""Target"": ""Graduate""}",data/processed/prism_student_profile/Student performance (Polytechnic Institute of Portalegre).csv
STU-PIP-1178,Academic Performance,"{""Admission_Grade"": ""1"", ""Tuition_Paid"": ""1"", ""Target"": ""Graduate""}",data/processed/prism_student_profile/Student performance (Polytechnic Institute of Portalegre).csv
STU-PIP-1179,Academic Performance,"{""Admission_Grade"": ""1"", ""Tuition_Paid"": ""1"", ""Target"": ""Dropout""}",data/processed/prism_student_profile/Student performance (Polytechnic Institute of Portalegre).csv
STU-PIP-1180,Academic Performance,"{""Admission_Grade"": ""1"", ""Tuition_Paid"": ""1"", ""Target"": ""Graduate""}",data/processed/prism_student_profile/Student performance (Polytechnic Institute of Portalegre).csv
STU-PIP-1181,Academic Performance,"{""Admission_Grade"": ""1"", ""Tuition_Paid"": ""1"", ""Target"": ""Dropout""}",data/processed/prism_student_profile/Student performance (Polytechnic Institute of Portalegre).csv
STU-PIP-1182,Academic Performance,"{""Admission_Grade"": ""1"", ""Tuition_Paid"": ""1"", ""Target"": ""Graduate""}",data/processed/prism_student_profile/Student performance (Polytechnic Institute of Portalegre).csv
STU-PIP-1183,Academic Performance,"{""Admission_Grade"": ""1"", ""Tuition_Paid"": ""1"", ""Target"": ""Graduate""}",data/processed/prism_student_profile/Student performance (Polytechnic Institute of Portalegre).csv
STU-PIP-1184,Academic Performance,"{""Admission_Grade"": ""42"", ""Tuition_Paid"": ""0"", ""Target"": ""Dropout""}",data/processed/prism_student_profile/Student performance (Polytechnic Institute of Portalegre).csv
STU-PIP-1185,Academic Performance,"{""Admission_Grade"": ""1"", ""Tuition_Paid"": ""1"", ""Target"": ""Enrolled""}",data/processed/prism_student_profile/Student performance (Polytechnic Institute of Portalegre).csv
STU-PIP-1186,Academic Performance,"{""Admission_Grade"": ""1"", ""Tuition_Paid"": ""1"", ""Target"": ""Graduate""}",data/processed/prism_student_profile/Student performance (Polytechnic Institute of Portalegre).csv
STU-PIP-1187,Academic Performance,"{""Admission_Grade"": ""3"", ""Tuition_Paid"": ""1"", ""Target"": ""Enrolled""}",data/processed/prism_student_profile/Student performance (Polytechnic Institute of Portalegre).csv
STU-PIP-1188,Academic Performance,"{""Admission_Grade"": ""1"", ""Tuition_Paid"": ""1"", ""Target"": ""Dropout""}",data/processed/prism_student_profile/Student performance (Polytechnic Institute of Portalegre).csv
STU-PIP-1189,Academic Performance,"{""Admission_Grade"": ""1"", ""Tuition_Paid"": ""1"", ""Target"": ""Graduate""}",data/processed/prism_student_profile/Student performance (Polytechnic Institute of Portalegre).csv
STU-PIP-1190,Academic Performance,"{""Admission_Grade"": ""1"", ""Tuition_Paid"": ""1"", ""Target"": ""Graduate""}",data/processed/prism_student_profile/Student performance (Polytechnic Institute of Portalegre).csv
STU-PIP-1191,Academic Performance,"{""Admission_Grade"": ""3"", ""Tuition_Paid"": ""1"", ""Target"": ""Dropout""}",data/processed/prism_student_profile/Student performance (Polytechnic Institute of Portalegre).csv
STU-PIP-1192,Academic Performance,"{""Admission_Grade"": ""1"", ""Tuition_Paid"": ""1"", ""Target"": ""Graduate""}",data/processed/prism_student_profile/Student performance (Polytechnic Institute of Portalegre).csv
STU-PIP-1193,Academic Performance,"{""Admission_Grade"": ""1"", ""Tuition_Paid"": ""1"", ""Target"": ""Graduate""}",data/processed/prism_student_profile/Student performance (Polytechnic Institute of Portalegre).csv
STU-PIP-1194,Academic Performance,"{""Admission_Grade"": ""40"", ""Tuition_Paid"": ""1"", ""Target"": ""Graduate""}",data/processed/prism_student_profile/Student performance (Polytechnic Institute of Portalegre).csv
STU-PIP-1195,Academic Performance,"{""Admission_Grade"": ""1"", ""Tuition_Paid"": ""1"", ""Target"": ""Graduate""}",data/processed/prism_student_profile/Student performance (Polytechnic Institute of Portalegre).csv
STU-PIP-1196,Academic Performance,"{""Admission_Grade"": ""1"", ""Tuition_Paid"": ""1"", ""Target"": ""Enrolled""}",data/processed/prism_student_profile/Student performance (Polytechnic Institute of Portalegre).csv
STU-PIP-1197,Academic Performance,"{""Admission_Grade"": ""3"", ""Tuition_Paid"": ""0"", ""Target"": ""Dropout""}",data/processed/prism_student_profile/Student performance (Polytechnic Institute of Portalegre).csv
STU-PIP-1198,Academic Performance,"{""Admission_Grade"": ""1"", ""Tuition_Paid"": ""1"", ""Target"": ""Dropout""}",data/processed/prism_student_profile/Student performance (Polytechnic Institute of Portalegre).csv
STU-PIP-1199,Academic Performance,"{""Admission_Grade"": ""1"", ""Tuition_Paid"": ""0"", ""Target"": ""Graduate""}",data/processed/prism_student_profile/Student performance (Polytechnic Institute of Portalegre).csv
STU-PIP-1200,Academic Performance,"{""Admission_Grade"": ""40"", ""Tuition_Paid"": ""1"", ""Target"": ""Graduate""}",data/processed/prism_student_profile/Student performance (Polytechnic Institute of Portalegre).csv
STU-PIP-1201,Academic Performance,"{""Admission_Grade"": ""1"", ""Tuition_Paid"": ""1"", ""Target"": ""Graduate""}",data/processed/prism_student_profile/Student performance (Polytechnic Institute of Portalegre).csv
STU-PIP-1202,Academic Performance,"{""Admission_Grade"": ""19"", ""Tuition_Paid"": ""1"", ""Target"": ""Graduate""}",data/processed/prism_student_profile/Student performance (Polytechnic Institute of Portalegre).csv
STU-PIP-1203,Academic Performance,"{""Admission_Grade"": ""1"", ""Tuition_Paid"": ""0"", ""Target"": ""Dropout""}",data/processed/prism_student_profile/Student performance (Polytechnic Institute of Portalegre).csv
STU-PIP-1204,Academic Performance,"{""Admission_Grade"": ""1"", ""Tuition_Paid"": ""1"", ""Target"": ""Graduate""}",data/processed/prism_student_profile/Student performance (Polytechnic Institute of Portalegre).csv
STU-PIP-1205,Academic Performance,"{""Admission_Grade"": ""1"", ""Tuition_Paid"": ""0"", ""Target"": ""Dropout""}",data/processed/prism_student_profile/Student performance (Polytechnic Institute of Portalegre).csv
STU-PIP-1206,Academic Performance,"{""Admission_Grade"": ""3"", ""Tuition_Paid"": ""1"", ""Target"": ""Graduate""}",data/processed/prism_student_profile/Student performance (Polytechnic Institute of Portalegre).csv
STU-PIP-1207,Academic Performance,"{""Admission_Grade"": ""1"", ""Tuition_Paid"": ""1"", ""Target"": ""Graduate""}",data/processed/prism_student_profile/Student performance (Polytechnic Institute of Portalegre).csv
STU-PIP-1208,Academic Performance,"{""Admission_Grade"": ""19"", ""Tuition_Paid"": ""1"", ""Target"": ""Enrolled""}",data/processed/prism_student_profile/Student performance (Polytechnic Institute of Portalegre).csv
STU-PIP-1209,Academic Performance,"{""Admission_Grade"": ""3"", ""Tuition_Paid"": ""0"", ""Target"": ""Dropout""}",data/processed/prism_student_profile/Student performance (Polytechnic Institute of Portalegre).csv
STU-PIP-1210,Academic Performance,"{""Admission_Grade"": ""1"", ""Tuition_Paid"": ""0"", ""Target"": ""Dropout""}",data/processed/prism_student_profile/Student performance (Polytechnic Institute of Portalegre).csv
STU-PIP-1211,Academic Performance,"{""Admission_Grade"": ""1"", ""Tuition_Paid"": ""0"", ""Target"": ""Dropout""}",data/processed/prism_student_profile/Student performance (Polytechnic Institute of Portalegre).csv
STU-PIP-1212,Academic Performance,"{""Admission_Grade"": ""1"", ""Tuition_Paid"": ""1"", ""Target"": ""Enrolled""}",data/processed/prism_student_profile/Student performance (Polytechnic Institute of Portalegre).csv
STU-PIP-1213,Academic Performance,"{""Admission_Grade"": ""19"", ""Tuition_Paid"": ""1"", ""Target"": ""Graduate""}",data/processed/prism_student_profile/Student performance (Polytechnic Institute of Portalegre).csv
STU-PIP-1214,Academic Performance,"{""Admission_Grade"": ""1"", ""Tuition_Paid"": ""1"", ""Target"": ""Graduate""}",data/processed/prism_student_profile/Student performance (Polytechnic Institute of Portalegre).csv
STU-PIP-1215,Academic Performance,"{""Admission_Grade"": ""1"", ""Tuition_Paid"": ""1"", ""Target"": ""Enrolled""}",data/processed/prism_student_profile/Student performance (Polytechnic Institute of Portalegre).csv
STU-PIP-1216,Academic Performance,"{""Admission_Grade"": ""1"", ""Tuition_Paid"": ""1"", ""Target"": ""Graduate""}",data/processed/prism_student_profile/Student performance (Polytechnic Institute of Portalegre).csv
STU-PIP-1217,Academic Performance,"{""Admission_Grade"": ""1"", ""Tuition_Paid"": ""1"", ""Target"": ""Graduate""}",data/processed/prism_student_profile/Student performance (Polytechnic Institute of Portalegre).csv
STU-PIP-1218,Academic Performance,"{""Admission_Grade"": ""39"", ""Tuition_Paid"": ""1"", ""Target"": ""Graduate""}",data/processed/prism_student_profile/Student performance (Polytechnic Institute of Portalegre).csv
STU-PIP-1219,Academic Performance,"{""Admission_Grade"": ""1"", ""Tuition_Paid"": ""1"", ""Target"": ""Graduate""}",data/processed/prism_student_profile/Student performance (Polytechnic Institute of Portalegre).csv
STU-PIP-1220,Academic Performance,"{""Admission_Grade"": ""1"", ""Tuition_Paid"": ""1"", ""Target"": ""Graduate""}",data/processed/prism_student_profile/Student performance (Polytechnic Institute of Portalegre).csv
STU-PIP-1221,Academic Performance,"{""Admission_Grade"": ""1"", ""Tuition_Paid"": ""1"", ""Target"": ""Dropout""}",data/processed/prism_student_profile/Student performance (Polytechnic Institute of Portalegre).csv
STU-PIP-1222,Academic Performance,"{""Admission_Grade"": ""1"", ""Tuition_Paid"": ""1"", ""Target"": ""Graduate""}",data/processed/prism_student_profile/Student performance (Polytechnic Institute of Portalegre).csv
STU-PIP-1223,Academic Performance,"{""Admission_Grade"": ""19"", ""Tuition_Paid"": ""0"", ""Target"": ""Dropout""}",data/processed/prism_student_profile/Student performance (Polytechnic Institute of Portalegre).csv
STU-PIP-1224,Academic Performance,"{""Admission_Grade"": ""19"", ""Tuition_Paid"": ""1"", ""Target"": ""Graduate""}",data/processed/prism_student_profile/Student performance (Polytechnic Institute of Portalegre).csv
STU-PIP-1225,Academic Performance,"{""Admission_Grade"": ""1"", ""Tuition_Paid"": ""1"", ""Target"": ""Graduate""}",data/processed/prism_student_profile/Student performance (Polytechnic Institute of Portalegre).csv
STU-PIP-1226,Academic Performance,"{""Admission_Grade"": ""1"", ""Tuition_Paid"": ""1"", ""Target"": ""Graduate""}",data/processed/prism_student_profile/Student performance (Polytechnic Institute of Portalegre).csv
STU-PIP-1227,Academic Performance,"{""Admission_Grade"": ""1"", ""Tuition_Paid"": ""1"", ""Target"": ""Graduate""}",data/processed/prism_student_profile/Student performance (Polytechnic Institute of Portalegre).csv
STU-PIP-1228,Academic Performance,"{""Admission_Grade"": ""1"", ""Tuition_Paid"": ""1"", ""Target"": ""Graduate""}",data/processed/prism_student_profile/Student performance (Polytechnic Institute of Portalegre).csv
STU-PIP-1229,Academic Performance,"{""Admission_Grade"": ""1"", ""Tuition_Paid"": ""1"", ""Target"": ""Graduate""}",data/processed/prism_student_profile/Student performance (Polytechnic Institute of Portalegre).csv
STU-PIP-1230,Academic Performance,"{""Admission_Grade"": ""42"", ""Tuition_Paid"": ""1"", ""Target"": ""Enrolled""}",data/processed/prism_student_profile/Student performance (Polytechnic Institute of Portalegre).csv
STU-PIP-1231,Academic Performance,"{""Admission_Grade"": ""1"", ""Tuition_Paid"": ""1"", ""Target"": ""Graduate""}",data/processed/prism_student_profile/Student performance (Polytechnic Institute of Portalegre).csv
STU-PIP-1232,Academic Performance,"{""Admission_Grade"": ""1"", ""Tuition_Paid"": ""1"", ""Target"": ""Graduate""}",data/processed/prism_student_profile/Student performance (Polytechnic Institute of Portalegre).csv
STU-PIP-1233,Academic Performance,"{""Admission_Grade"": ""3"", ""Tuition_Paid"": ""1"", ""Target"": ""Graduate""}",data/processed/prism_student_profile/Student performance (Polytechnic Institute of Portalegre).csv
STU-PIP-1234,Academic Performance,"{""Admission_Grade"": ""1"", ""Tuition_Paid"": ""1"", ""Target"": ""Graduate""}",data/processed/prism_student_profile/Student performance (Polytechnic Institute of Portalegre).csv
STU-PIP-1235,Academic Performance,"{""Admission_Grade"": ""1"", ""Tuition_Paid"": ""1"", ""Target"": ""Graduate""}",data/processed/prism_student_profile/Student performance (Polytechnic Institute of Portalegre).csv
STU-PIP-1236,Academic Performance,"{""Admission_Grade"": ""1"", ""Tuition_Paid"": ""1"", ""Target"": ""Dropout""}",data/processed/prism_student_profile/Student performance (Polytechnic Institute of Portalegre).csv
STU-PIP-1237,Academic Performance,"{""Admission_Grade"": ""1"", ""Tuition_Paid"": ""1"", ""Target"": ""Graduate""}",data/processed/prism_student_profile/Student performance (Polytechnic Institute of Portalegre).csv
STU-PIP-1238,Academic Performance,"{""Admission_Grade"": ""1"", ""Tuition_Paid"": ""1"", ""Target"": ""Dropout""}",data/processed/prism_student_profile/Student performance (Polytechnic Institute of Portalegre).csv
STU-PIP-1239,Academic Performance,"{""Admission_Grade"": ""39"", ""Tuition_Paid"": ""1"", ""Target"": ""Graduate""}",data/processed/prism_student_profile/Student performance (Polytechnic Institute of Portalegre).csv
STU-PIP-1240,Academic Performance,"{""Admission_Grade"": ""1"", ""Tuition_Paid"": ""1"", ""Target"": ""Dropout""}",data/processed/prism_student_profile/Student performance (Polytechnic Institute of Portalegre).csv
STU-PIP-1241,Academic Performance,"{""Admission_Grade"": ""1"", ""Tuition_Paid"": ""0"", ""Target"": ""Dropout""}",data/processed/prism_student_profile/Student performance (Polytechnic Institute of Portalegre).csv
STU-PIP-1242,Academic Performance,"{""Admission_Grade"": ""1"", ""Tuition_Paid"": ""0"", ""Target"": ""Dropout""}",data/processed/prism_student_profile/Student performance (Polytechnic Institute of Portalegre).csv
STU-PIP-1243,Academic Performance,"{""Admission_Grade"": ""19"", ""Tuition_Paid"": ""1"", ""Target"": ""Enrolled""}",data/processed/prism_student_profile/Student performance (Polytechnic Institute of Portalegre).csv
STU-PIP-1244,Academic Performance,"{""Admission_Grade"": ""39"", ""Tuition_Paid"": ""1"", ""Target"": ""Graduate""}",data/processed/prism_student_profile/Student performance (Polytechnic Institute of Portalegre).csv
STU-PIP-1245,Academic Performance,"{""Admission_Grade"": ""1"", ""Tuition_Paid"": ""0"", ""Target"": ""Dropout""}",data/processed/prism_student_profile/Student performance (Polytechnic Institute of Portalegre).csv
STU-PIP-1246,Academic Performance,"{""Admission_Grade"": ""1"", ""Tuition_Paid"": ""1"", ""Target"": ""Dropout""}",data/processed/prism_student_profile/Student performance (Polytechnic Institute of Portalegre).csv
STU-PIP-1247,Academic Performance,"{""Admission_Grade"": ""1"", ""Tuition_Paid"": ""1"", ""Target"": ""Graduate""}",data/processed/prism_student_profile/Student performance (Polytechnic Institute of Portalegre).csv
STU-PIP-1248,Academic Performance,"{""Admission_Grade"": ""1"", ""Tuition_Paid"": ""1"", ""Target"": ""Dropout""}",data/processed/prism_student_profile/Student performance (Polytechnic Institute of Portalegre).csv
STU-PIP-1249,Academic Performance,"{""Admission_Grade"": ""42"", ""Tuition_Paid"": ""1"", ""Target"": ""Enrolled""}",data/processed/prism_student_profile/Student performance (Polytechnic Institute of Portalegre).csv
STU-PIP-1250,Academic Performance,"{""Admission_Grade"": ""1"", ""Tuition_Paid"": ""0"", ""Target"": ""Dropout""}",data/processed/prism_student_profile/Student performance (Polytechnic Institute of Portalegre).csv
STU-PIP-1251,Academic Performance,"{""Admission_Grade"": ""1"", ""Tuition_Paid"": ""1"", ""Target"": ""Graduate""}",data/processed/prism_student_profile/Student performance (Polytechnic Institute of Portalegre).csv
STU-PIP-1252,Academic Performance,"{""Admission_Grade"": ""1"", ""Tuition_Paid"": ""1"", ""Target"": ""Graduate""}",data/processed/prism_student_profile/Student performance (Polytechnic Institute of Portalegre).csv
STU-PIP-1253,Academic Performance,"{""Admission_Grade"": ""1"", ""Tuition_Paid"": ""1"", ""Target"": ""Graduate""}",data/processed/prism_student_profile/Student performance (Polytechnic Institute of Portalegre).csv
STU-PIP-1254,Academic Performance,"{""Admission_Grade"": ""1"", ""Tuition_Paid"": ""1"", ""Target"": ""Graduate""}",data/processed/prism_student_profile/Student performance (Polytechnic Institute of Portalegre).csv
STU-PIP-1255,Academic Performance,"{""Admission_Grade"": ""1"", ""Tuition_Paid"": ""1"", ""Target"": ""Enrolled""}",data/processed/prism_student_profile/Student performance (Polytechnic Institute of Portalegre).csv
STU-PIP-1256,Academic Performance,"{""Admission_Grade"": ""1"", ""Tuition_Paid"": ""1"", ""Target"": ""Dropout""}",data/processed/prism_student_profile/Student performance (Polytechnic Institute of Portalegre).csv
STU-PIP-1257,Academic Performance,"{""Admission_Grade"": ""1"", ""Tuition_Paid"": ""1"", ""Target"": ""Graduate""}",data/processed/prism_student_profile/Student performance (Polytechnic Institute of Portalegre).csv
STU-PIP-1258,Academic Performance,"{""Admission_Grade"": ""1"", ""Tuition_Paid"": ""1"", ""Target"": ""Graduate""}",data/processed/prism_student_profile/Student performance (Polytechnic Institute of Portalegre).csv
STU-PIP-1259,Academic Performance,"{""Admission_Grade"": ""1"", ""Tuition_Paid"": ""1"", ""Target"": ""Graduate""}",data/processed/prism_student_profile/Student performance (Polytechnic Institute of Portalegre).csv
STU-PIP-1260,Academic Performance,"{""Admission_Grade"": ""1"", ""Tuition_Paid"": ""1"", ""Target"": ""Graduate""}",data/processed/prism_student_profile/Student performance (Polytechnic Institute of Portalegre).csv
STU-PIP-1261,Academic Performance,"{""Admission_Grade"": ""1"", ""Tuition_Paid"": ""1"", ""Target"": ""Graduate""}",data/processed/prism_student_profile/Student performance (Polytechnic Institute of Portalegre).csv
STU-PIP-1262,Academic Performance,"{""Admission_Grade"": ""1"", ""Tuition_Paid"": ""1"", ""Target"": ""Dropout""}",data/processed/prism_student_profile/Student performance (Polytechnic Institute of Portalegre).csv
STU-PIP-1263,Academic Performance,"{""Admission_Grade"": ""1"", ""Tuition_Paid"": ""1"", ""Target"": ""Dropout""}",data/processed/prism_student_profile/Student performance (Polytechnic Institute of Portalegre).csv
STU-PIP-1264,Academic Performance,"{""Admission_Grade"": ""1"", ""Tuition_Paid"": ""1"", ""Target"": ""Graduate""}",data/processed/prism_student_profile/Student performance (Polytechnic Institute of Portalegre).csv
STU-PIP-1265,Academic Performance,"{""Admission_Grade"": ""1"", ""Tuition_Paid"": ""1"", ""Target"": ""Graduate""}",data/processed/prism_student_profile/Student performance (Polytechnic Institute of Portalegre).csv
STU-PIP-1266,Academic Performance,"{""Admission_Grade"": ""1"", ""Tuition_Paid"": ""1"", ""Target"": ""Graduate""}",data/processed/prism_student_profile/Student performance (Polytechnic Institute of Portalegre).csv
STU-PIP-1267,Academic Performance,"{""Admission_Grade"": ""1"", ""Tuition_Paid"": ""1"", ""Target"": ""Graduate""}",data/processed/prism_student_profile/Student performance (Polytechnic Institute of Portalegre).csv
STU-PIP-1268,Academic Performance,"{""Admission_Grade"": ""1"", ""Tuition_Paid"": ""1"", ""Target"": ""Graduate""}",data/processed/prism_student_profile/Student performance (Polytechnic Institute of Portalegre).csv
STU-PIP-1269,Academic Performance,"{""Admission_Grade"": ""1"", ""Tuition_Paid"": ""1"", ""Target"": ""Enrolled""}",data/processed/prism_student_profile/Student performance (Polytechnic Institute of Portalegre).csv
STU-PIP-1270,Academic Performance,"{""Admission_Grade"": ""1"", ""Tuition_Paid"": ""1"", ""Target"": ""Dropout""}",data/processed/prism_student_profile/Student performance (Polytechnic Institute of Portalegre).csv
STU-PIP-1271,Academic Performance,"{""Admission_Grade"": ""1"", ""Tuition_Paid"": ""1"", ""Target"": ""Enrolled""}",data/processed/prism_student_profile/Student performance (Polytechnic Institute of Portalegre).csv
STU-PIP-1272,Academic Performance,"{""Admission_Grade"": ""1"", ""Tuition_Paid"": ""1"", ""Target"": ""Graduate""}",data/processed/prism_student_profile/Student performance (Polytechnic Institute of Portalegre).csv
STU-PIP-1273,Academic Performance,"{""Admission_Grade"": ""1"", ""Tuition_Paid"": ""1"", ""Target"": ""Dropout""}",data/processed/prism_student_profile/Student performance (Polytechnic Institute of Portalegre).csv
STU-PIP-1274,Academic Performance,"{""Admission_Grade"": ""1"", ""Tuition_Paid"": ""1"", ""Target"": ""Dropout""}",data/processed/prism_student_profile/Student performance (Polytechnic Institute of Portalegre).csv
STU-PIP-1275,Academic Performance,"{""Admission_Grade"": ""40"", ""Tuition_Paid"": ""1"", ""Target"": ""Graduate""}",data/processed/prism_student_profile/Student performance (Polytechnic Institute of Portalegre).csv
STU-PIP-1276,Academic Performance,"{""Admission_Grade"": ""1"", ""Tuition_Paid"": ""1"", ""Target"": ""Graduate""}",data/processed/prism_student_profile/Student performance (Polytechnic Institute of Portalegre).csv
STU-PIP-1277,Academic Performance,"{""Admission_Grade"": ""1"", ""Tuition_Paid"": ""1"", ""Target"": ""Graduate""}",data/processed/prism_student_profile/Student performance (Polytechnic Institute of Portalegre).csv
STU-PIP-1278,Academic Performance,"{""Admission_Grade"": ""1"", ""Tuition_Paid"": ""0"", ""Target"": ""Dropout""}",data/processed/prism_student_profile/Student performance (Polytechnic Institute of Portalegre).csv
STU-PIP-1279,Academic Performance,"{""Admission_Grade"": ""1"", ""Tuition_Paid"": ""1"", ""Target"": ""Enrolled""}",data/processed/prism_student_profile/Student performance (Polytechnic Institute of Portalegre).csv
STU-PIP-1280,Academic Performance,"{""Admission_Grade"": ""1"", ""Tuition_Paid"": ""1"", ""Target"": ""Graduate""}",data/processed/prism_student_profile/Student performance (Polytechnic Institute of Portalegre).csv
STU-PIP-1281,Academic Performance,"{""Admission_Grade"": ""1"", ""Tuition_Paid"": ""1"", ""Target"": ""Graduate""}",data/processed/prism_student_profile/Student performance (Polytechnic Institute of Portalegre).csv
STU-PIP-1282,Academic Performance,"{""Admission_Grade"": ""1"", ""Tuition_Paid"": ""1"", ""Target"": ""Graduate""}",data/processed/prism_student_profile/Student performance (Polytechnic Institute of Portalegre).csv
STU-PIP-1283,Academic Performance,"{""Admission_Grade"": ""1"", ""Tuition_Paid"": ""0"", ""Target"": ""Dropout""}",data/processed/prism_student_profile/Student performance (Polytechnic Institute of Portalegre).csv
STU-PIP-1284,Academic Performance,"{""Admission_Grade"": ""1"", ""Tuition_Paid"": ""1"", ""Target"": ""Graduate""}",data/processed/prism_student_profile/Student performance (Polytechnic Institute of Portalegre).csv
STU-PIP-1285,Academic Performance,"{""Admission_Grade"": ""1"", ""Tuition_Paid"": ""1"", ""Target"": ""Graduate""}",data/processed/prism_student_profile/Student performance (Polytechnic Institute of Portalegre).csv
STU-PIP-1286,Academic Performance,"{""Admission_Grade"": ""1"", ""Tuition_Paid"": ""1"", ""Target"": ""Dropout""}",data/processed/prism_student_profile/Student performance (Polytechnic Institute of Portalegre).csv
STU-PIP-1287,Academic Performance,"{""Admission_Grade"": ""1"", ""Tuition_Paid"": ""1"", ""Target"": ""Enrolled""}",data/processed/prism_student_profile/Student performance (Polytechnic Institute of Portalegre).csv
STU-PIP-1288,Academic Performance,"{""Admission_Grade"": ""1"", ""Tuition_Paid"": ""1"", ""Target"": ""Graduate""}",data/processed/prism_student_profile/Student performance (Polytechnic Institute of Portalegre).csv
STU-PIP-1289,Academic Performance,"{""Admission_Grade"": ""1"", ""Tuition_Paid"": ""1"", ""Target"": ""Graduate""}",data/processed/prism_student_profile/Student performance (Polytechnic Institute of Portalegre).csv
STU-PIP-1290,Academic Performance,"{""Admission_Grade"": ""1"", ""Tuition_Paid"": ""1"", ""Target"": ""Graduate""}",data/processed/prism_student_profile/Student performance (Polytechnic Institute of Portalegre).csv
STU-PIP-1291,Academic Performance,"{""Admission_Grade"": ""1"", ""Tuition_Paid"": ""1"", ""Target"": ""Enrolled""}",data/processed/prism_student_profile/Student performance (Polytechnic Institute of Portalegre).csv
STU-PIP-1292,Academic Performance,"{""Admission_Grade"": ""1"", ""Tuition_Paid"": ""1"", ""Target"": ""Graduate""}",data/processed/prism_student_profile/Student performance (Polytechnic Institute of Portalegre).csv
STU-PIP-1293,Academic Performance,"{""Admission_Grade"": ""39"", ""Tuition_Paid"": ""1"", ""Target"": ""Dropout""}",data/processed/prism_student_profile/Student performance (Polytechnic Institute of Portalegre).csv
STU-PIP-1294,Academic Performance,"{""Admission_Grade"": ""1"", ""Tuition_Paid"": ""1"", ""Target"": ""Graduate""}",data/processed/prism_student_profile/Student performance (Polytechnic Institute of Portalegre).csv
STU-PIP-1295,Academic Performance,"{""Admission_Grade"": ""1"", ""Tuition_Paid"": ""0"", ""Target"": ""Dropout""}",data/processed/prism_student_profile/Student performance (Polytechnic Institute of Portalegre).csv
STU-PIP-1296,Academic Performance,"{""Admission_Grade"": ""19"", ""Tuition_Paid"": ""1"", ""Target"": ""Dropout""}",data/processed/prism_student_profile/Student performance (Polytechnic Institute of Portalegre).csv
STU-PIP-1297,Academic Performance,"{""Admission_Grade"": ""1"", ""Tuition_Paid"": ""1"", ""Target"": ""Dropout""}",data/processed/prism_student_profile/Student performance (Polytechnic Institute of Portalegre).csv
STU-PIP-1298,Academic Performance,"{""Admission_Grade"": ""1"", ""Tuition_Paid"": ""1"", ""Target"": ""Dropout""}",data/processed/prism_student_profile/Student performance (Polytechnic Institute of Portalegre).csv
STU-PIP-1299,Academic Performance,"{""Admission_Grade"": ""1"", ""Tuition_Paid"": ""1"", ""Target"": ""Graduate""}",data/processed/prism_student_profile/Student performance (Polytechnic Institute of Portalegre).csv
STU-PIP-1300,Academic Performance,"{""Admission_Grade"": ""1"", ""Tuition_Paid"": ""1"", ""Target"": ""Enrolled""}",data/processed/prism_student_profile/Student performance (Polytechnic Institute of Portalegre).csv
STU-PIP-1301,Academic Performance,"{""Admission_Grade"": ""1"", ""Tuition_Paid"": ""1"", ""Target"": ""Dropout""}",data/processed/prism_student_profile/Student performance (Polytechnic Institute of Portalegre).csv
STU-PIP-1302,Academic Performance,"{""Admission_Grade"": ""1"", ""Tuition_Paid"": ""0"", ""Target"": ""Dropout""}",data/processed/prism_student_profile/Student performance (Polytechnic Institute of Portalegre).csv
STU-PIP-1303,Academic Performance,"{""Admission_Grade"": ""39"", ""Tuition_Paid"": ""1"", ""Target"": ""Graduate""}",data/processed/prism_student_profile/Student performance (Polytechnic Institute of Portalegre).csv
STU-PIP-1304,Academic Performance,"{""Admission_Grade"": ""1"", ""Tuition_Paid"": ""1"", ""Target"": ""Graduate""}",data/processed/prism_student_profile/Student performance (Polytechnic Institute of Portalegre).csv
STU-PIP-1305,Academic Performance,"{""Admission_Grade"": ""1"", ""Tuition_Paid"": ""1"", ""Target"": ""Graduate""}",data/processed/prism_student_profile/Student performance (Polytechnic Institute of Portalegre).csv
STU-PIP-1306,Academic Performance,"{""Admission_Grade"": ""1"", ""Tuition_Paid"": ""1"", ""Target"": ""Graduate""}",data/processed/prism_student_profile/Student performance (Polytechnic Institute of Portalegre).csv
STU-PIP-1307,Academic Performance,"{""Admission_Grade"": ""42"", ""Tuition_Paid"": ""1"", ""Target"": ""Graduate""}",data/processed/prism_student_profile/Student performance (Polytechnic Institute of Portalegre).csv
STU-PIP-1308,Academic Performance,"{""Admission_Grade"": ""1"", ""Tuition_Paid"": ""1"", ""Target"": ""Graduate""}",data/processed/prism_student_profile/Student performance (Polytechnic Institute of Portalegre).csv
STU-PIP-1309,Academic Performance,"{""Admission_Grade"": ""1"", ""Tuition_Paid"": ""1"", ""Target"": ""Graduate""}",data/processed/prism_student_profile/Student performance (Polytechnic Institute of Portalegre).csv
STU-PIP-1310,Academic Performance,"{""Admission_Grade"": ""1"", ""Tuition_Paid"": ""1"", ""Target"": ""Graduate""}",data/processed/prism_student_profile/Student performance (Polytechnic Institute of Portalegre).csv
STU-PIP-1311,Academic Performance,"{""Admission_Grade"": ""42"", ""Tuition_Paid"": ""1"", ""Target"": ""Graduate""}",data/processed/prism_student_profile/Student performance (Polytechnic Institute of Portalegre).csv
STU-PIP-1312,Academic Performance,"{""Admission_Grade"": ""1"", ""Tuition_Paid"": ""1"", ""Target"": ""Graduate""}",data/processed/prism_student_profile/Student performance (Polytechnic Institute of Portalegre).csv
STU-PIP-1313,Academic Performance,"{""Admission_Grade"": ""1"", ""Tuition_Paid"": ""1"", ""Target"": ""Graduate""}",data/processed/prism_student_profile/Student performance (Polytechnic Institute of Portalegre).csv
STU-PIP-1314,Academic Performance,"{""Admission_Grade"": ""1"", ""Tuition_Paid"": ""1"", ""Target"": ""Dropout""}",data/processed/prism_student_profile/Student performance (Polytechnic Institute of Portalegre).csv
STU-PIP-1315,Academic Performance,"{""Admission_Grade"": ""1"", ""Tuition_Paid"": ""1"", ""Target"": ""Enrolled""}",data/processed/prism_student_profile/Student performance (Polytechnic Institute of Portalegre).csv
STU-PIP-1316,Academic Performance,"{""Admission_Grade"": ""1"", ""Tuition_Paid"": ""1"", ""Target"": ""Graduate""}",data/processed/prism_student_profile/Student performance (Polytechnic Institute of Portalegre).csv
STU-PIP-1317,Academic Performance,"{""Admission_Grade"": ""1"", ""Tuition_Paid"": ""1"", ""Target"": ""Enrolled""}",data/processed/prism_student_profile/Student performance (Polytechnic Institute of Portalegre).csv
STU-PIP-1318,Academic Performance,"{""Admission_Grade"": ""1"", ""Tuition_Paid"": ""0"", ""Target"": ""Dropout""}",data/processed/prism_student_profile/Student performance (Polytechnic Institute of Portalegre).csv
STU-PIP-1319,Academic Performance,"{""Admission_Grade"": ""1"", ""Tuition_Paid"": ""1"", ""Target"": ""Dropout""}",data/processed/prism_student_profile/Student performance (Polytechnic Institute of Portalegre).csv
STU-PIP-1320,Academic Performance,"{""Admission_Grade"": ""1"", ""Tuition_Paid"": ""1"", ""Target"": ""Graduate""}",data/processed/prism_student_profile/Student performance (Polytechnic Institute of Portalegre).csv
STU-PIP-1321,Academic Performance,"{""Admission_Grade"": ""3"", ""Tuition_Paid"": ""1"", ""Target"": ""Graduate""}",data/processed/prism_student_profile/Student performance (Polytechnic Institute of Portalegre).csv
STU-PIP-1322,Academic Performance,"{""Admission_Grade"": ""1"", ""Tuition_Paid"": ""1"", ""Target"": ""Enrolled""}",data/processed/prism_student_profile/Student performance (Polytechnic Institute of Portalegre).csv
STU-PIP-1323,Academic Performance,"{""Admission_Grade"": ""1"", ""Tuition_Paid"": ""1"", ""Target"": ""Graduate""}",data/processed/prism_student_profile/Student performance (Polytechnic Institute of Portalegre).csv
STU-PIP-1324,Academic Performance,"{""Admission_Grade"": ""1"", ""Tuition_Paid"": ""1"", ""Target"": ""Graduate""}",data/processed/prism_student_profile/Student performance (Polytechnic Institute of Portalegre).csv
STU-PIP-1325,Academic Performance,"{""Admission_Grade"": ""1"", ""Tuition_Paid"": ""1"", ""Target"": ""Enrolled""}",data/processed/prism_student_profile/Student performance (Polytechnic Institute of Portalegre).csv
STU-PIP-1326,Academic Performance,"{""Admission_Grade"": ""1"", ""Tuition_Paid"": ""1"", ""Target"": ""Graduate""}",data/processed/prism_student_profile/Student performance (Polytechnic Institute of Portalegre).csv
STU-PIP-1327,Academic Performance,"{""Admission_Grade"": ""1"", ""Tuition_Paid"": ""1"", ""Target"": ""Enrolled""}",data/processed/prism_student_profile/Student performance (Polytechnic Institute of Portalegre).csv
STU-PIP-1328,Academic Performance,"{""Admission_Grade"": ""1"", ""Tuition_Paid"": ""0"", ""Target"": ""Dropout""}",data/processed/prism_student_profile/Student performance (Polytechnic Institute of Portalegre).csv
STU-PIP-1329,Academic Performance,"{""Admission_Grade"": ""1"", ""Tuition_Paid"": ""1"", ""Target"": ""Graduate""}",data/processed/prism_student_profile/Student performance (Polytechnic Institute of Portalegre).csv
STU-PIP-1330,Academic Performance,"{""Admission_Grade"": ""1"", ""Tuition_Paid"": ""1"", ""Target"": ""Enrolled""}",data/processed/prism_student_profile/Student performance (Polytechnic Institute of Portalegre).csv
STU-PIP-1331,Academic Performance,"{""Admission_Grade"": ""1"", ""Tuition_Paid"": ""1"", ""Target"": ""Graduate""}",data/processed/prism_student_profile/Student performance (Polytechnic Institute of Portalegre).csv
STU-PIP-1332,Academic Performance,"{""Admission_Grade"": ""1"", ""Tuition_Paid"": ""1"", ""Target"": ""Graduate""}",data/processed/prism_student_profile/Student performance (Polytechnic Institute of Portalegre).csv
STU-PIP-1333,Academic Performance,"{""Admission_Grade"": ""1"", ""Tuition_Paid"": ""0"", ""Target"": ""Dropout""}",data/processed/prism_student_profile/Student performance (Polytechnic Institute of Portalegre).csv
STU-PIP-1334,Academic Performance,"{""Admission_Grade"": ""1"", ""Tuition_Paid"": ""1"", ""Target"": ""Enrolled""}",data/processed/prism_student_profile/Student performance (Polytechnic Institute of Portalegre).csv
STU-PIP-1335,Academic Performance,"{""Admission_Grade"": ""1"", ""Tuition_Paid"": ""1"", ""Target"": ""Graduate""}",data/processed/prism_student_profile/Student performance (Polytechnic Institute of Portalegre).csv
STU-PIP-1336,Academic Performance,"{""Admission_Grade"": ""1"", ""Tuition_Paid"": ""1"", ""Target"": ""Enrolled""}",data/processed/prism_student_profile/Student performance (Polytechnic Institute of Portalegre).csv
STU-PIP-1337,Academic Performance,"{""Admission_Grade"": ""1"", ""Tuition_Paid"": ""1"", ""Target"": ""Enrolled""}",data/processed/prism_student_profile/Student performance (Polytechnic Institute of Portalegre).csv
STU-PIP-1338,Academic Performance,"{""Admission_Grade"": ""1"", ""Tuition_Paid"": ""0"", ""Target"": ""Enrolled""}",data/processed/prism_student_profile/Student performance (Polytechnic Institute of Portalegre).csv
STU-PIP-1339,Academic Performance,"{""Admission_Grade"": ""1"", ""Tuition_Paid"": ""1"", ""Target"": ""Dropout""}",data/processed/prism_student_profile/Student performance (Polytechnic Institute of Portalegre).csv
STU-PIP-1340,Academic Performance,"{""Admission_Grade"": ""1"", ""Tuition_Paid"": ""1"", ""Target"": ""Graduate""}",data/processed/prism_student_profile/Student performance (Polytechnic Institute of Portalegre).csv
STU-PIP-1341,Academic Performance,"{""Admission_Grade"": ""1"", ""Tuition_Paid"": ""1"", ""Target"": ""Graduate""}",data/processed/prism_student_profile/Student performance (Polytechnic Institute of Portalegre).csv
STU-PIP-1342,Academic Performance,"{""Admission_Grade"": ""1"", ""Tuition_Paid"": ""1"", ""Target"": ""Graduate""}",data/processed/prism_student_profile/Student performance (Polytechnic Institute of Portalegre).csv
STU-PIP-1343,Academic Performance,"{""Admission_Grade"": ""1"", ""Tuition_Paid"": ""1"", ""Target"": ""Graduate""}",data/processed/prism_student_profile/Student performance (Polytechnic Institute of Portalegre).csv
STU-PIP-1344,Academic Performance,"{""Admission_Grade"": ""1"", ""Tuition_Paid"": ""1"", ""Target"": ""Graduate""}",data/processed/prism_student_profile/Student performance (Polytechnic Institute of Portalegre).csv
STU-PIP-1345,Academic Performance,"{""Admission_Grade"": ""1"", ""Tuition_Paid"": ""0"", ""Target"": ""Dropout""}",data/processed/prism_student_profile/Student performance (Polytechnic Institute of Portalegre).csv
STU-PIP-1346,Academic Performance,"{""Admission_Grade"": ""1"", ""Tuition_Paid"": ""1"", ""Target"": ""Graduate""}",data/processed/prism_student_profile/Student performance (Polytechnic Institute of Portalegre).csv
STU-PIP-1347,Academic Performance,"{""Admission_Grade"": ""1"", ""Tuition_Paid"": ""1"", ""Target"": ""Graduate""}",data/processed/prism_student_profile/Student performance (Polytechnic Institute of Portalegre).csv
STU-PIP-1348,Academic Performance,"{""Admission_Grade"": ""1"", ""Tuition_Paid"": ""1"", ""Target"": ""Enrolled""}",data/processed/prism_student_profile/Student performance (Polytechnic Institute of Portalegre).csv
STU-PIP-1349,Academic Performance,"{""Admission_Grade"": ""42"", ""Tuition_Paid"": ""0"", ""Target"": ""Enrolled""}",data/processed/prism_student_profile/Student performance (Polytechnic Institute of Portalegre).csv
STU-PIP-1350,Academic Performance,"{""Admission_Grade"": ""19"", ""Tuition_Paid"": ""1"", ""Target"": ""Graduate""}",data/processed/prism_student_profile/Student performance (Polytechnic Institute of Portalegre).csv
STU-PIP-1351,Academic Performance,"{""Admission_Grade"": ""1"", ""Tuition_Paid"": ""1"", ""Target"": ""Graduate""}",data/processed/prism_student_profile/Student performance (Polytechnic Institute of Portalegre).csv
STU-PIP-1352,Academic Performance,"{""Admission_Grade"": ""1"", ""Tuition_Paid"": ""1"", ""Target"": ""Graduate""}",data/processed/prism_student_profile/Student performance (Polytechnic Institute of Portalegre).csv
STU-PIP-1353,Academic Performance,"{""Admission_Grade"": ""1"", ""Tuition_Paid"": ""1"", ""Target"": ""Graduate""}",data/processed/prism_student_profile/Student performance (Polytechnic Institute of Portalegre).csv
STU-PIP-1354,Academic Performance,"{""Admission_Grade"": ""1"", ""Tuition_Paid"": ""1"", ""Target"": ""Dropout""}",data/processed/prism_student_profile/Student performance (Polytechnic Institute of Portalegre).csv
STU-PIP-1355,Academic Performance,"{""Admission_Grade"": ""1"", ""Tuition_Paid"": ""1"", ""Target"": ""Enrolled""}",data/processed/prism_student_profile/Student performance (Polytechnic Institute of Portalegre).csv
STU-PIP-1356,Academic Performance,"{""Admission_Grade"": ""1"", ""Tuition_Paid"": ""1"", ""Target"": ""Enrolled""}",data/processed/prism_student_profile/Student performance (Polytechnic Institute of Portalegre).csv
STU-PIP-1357,Academic Performance,"{""Admission_Grade"": ""1"", ""Tuition_Paid"": ""1"", ""Target"": ""Dropout""}",data/processed/prism_student_profile/Student performance (Polytechnic Institute of Portalegre).csv
STU-PIP-1358,Academic Performance,"{""Admission_Grade"": ""19"", ""Tuition_Paid"": ""0"", ""Target"": ""Dropout""}",data/processed/prism_student_profile/Student performance (Polytechnic Institute of Portalegre).csv
STU-PIP-1359,Academic Performance,"{""Admission_Grade"": ""1"", ""Tuition_Paid"": ""0"", ""Target"": ""Dropout""}",data/processed/prism_student_profile/Student performance (Polytechnic Institute of Portalegre).csv
STU-PIP-1360,Academic Performance,"{""Admission_Grade"": ""1"", ""Tuition_Paid"": ""0"", ""Target"": ""Dropout""}",data/processed/prism_student_profile/Student performance (Polytechnic Institute of Portalegre).csv
STU-PIP-1361,Academic Performance,"{""Admission_Grade"": ""1"", ""Tuition_Paid"": ""1"", ""Target"": ""Dropout""}",data/processed/prism_student_profile/Student performance (Polytechnic Institute of Portalegre).csv
STU-PIP-1362,Academic Performance,"{""Admission_Grade"": ""1"", ""Tuition_Paid"": ""1"", ""Target"": ""Graduate""}",data/processed/prism_student_profile/Student performance (Polytechnic Institute of Portalegre).csv
STU-PIP-1363,Academic Performance,"{""Admission_Grade"": ""1"", ""Tuition_Paid"": ""1"", ""Target"": ""Dropout""}",data/processed/prism_student_profile/Student performance (Polytechnic Institute of Portalegre).csv
STU-PIP-1364,Academic Performance,"{""Admission_Grade"": ""39"", ""Tuition_Paid"": ""1"", ""Target"": ""Graduate""}",data/processed/prism_student_profile/Student performance (Polytechnic Institute of Portalegre).csv
STU-PIP-1365,Academic Performance,"{""Admission_Grade"": ""1"", ""Tuition_Paid"": ""1"", ""Target"": ""Graduate""}",data/processed/prism_student_profile/Student performance (Polytechnic Institute of Portalegre).csv
STU-PIP-1366,Academic Performance,"{""Admission_Grade"": ""9"", ""Tuition_Paid"": ""0"", ""Target"": ""Dropout""}",data/processed/prism_student_profile/Student performance (Polytechnic Institute of Portalegre).csv
STU-PIP-1367,Academic Performance,"{""Admission_Grade"": ""1"", ""Tuition_Paid"": ""1"", ""Target"": ""Dropout""}",data/processed/prism_student_profile/Student performance (Polytechnic Institute of Portalegre).csv
STU-PIP-1368,Academic Performance,"{""Admission_Grade"": ""1"", ""Tuition_Paid"": ""1"", ""Target"": ""Graduate""}",data/processed/prism_student_profile/Student performance (Polytechnic Institute of Portalegre).csv
STU-PIP-1369,Academic Performance,"{""Admission_Grade"": ""1"", ""Tuition_Paid"": ""1"", ""Target"": ""Dropout""}",data/processed/prism_student_profile/Student performance (Polytechnic Institute of Portalegre).csv
STU-PIP-1370,Academic Performance,"{""Admission_Grade"": ""42"", ""Tuition_Paid"": ""1"", ""Target"": ""Graduate""}",data/processed/prism_student_profile/Student performance (Polytechnic Institute of Portalegre).csv
STU-PIP-1371,Academic Performance,"{""Admission_Grade"": ""38"", ""Tuition_Paid"": ""1"", ""Target"": ""Graduate""}",data/processed/prism_student_profile/Student performance (Polytechnic Institute of Portalegre).csv
STU-PIP-1372,Academic Performance,"{""Admission_Grade"": ""1"", ""Tuition_Paid"": ""1"", ""Target"": ""Graduate""}",data/processed/prism_student_profile/Student performance (Polytechnic Institute of Portalegre).csv
STU-PIP-1373,Academic Performance,"{""Admission_Grade"": ""1"", ""Tuition_Paid"": ""1"", ""Target"": ""Graduate""}",data/processed/prism_student_profile/Student performance (Polytechnic Institute of Portalegre).csv
STU-PIP-1374,Academic Performance,"{""Admission_Grade"": ""1"", ""Tuition_Paid"": ""1"", ""Target"": ""Graduate""}",data/processed/prism_student_profile/Student performance (Polytechnic Institute of Portalegre).csv
STU-PIP-1375,Academic Performance,"{""Admission_Grade"": ""3"", ""Tuition_Paid"": ""0"", ""Target"": ""Dropout""}",data/processed/prism_student_profile/Student performance (Polytechnic Institute of Portalegre).csv
STU-PIP-1376,Academic Performance,"{""Admission_Grade"": ""1"", ""Tuition_Paid"": ""1"", ""Target"": ""Dropout""}",data/processed/prism_student_profile/Student performance (Polytechnic Institute of Portalegre).csv
STU-PIP-1377,Academic Performance,"{""Admission_Grade"": ""1"", ""Tuition_Paid"": ""1"", ""Target"": ""Enrolled""}",data/processed/prism_student_profile/Student performance (Polytechnic Institute of Portalegre).csv
STU-PIP-1378,Academic Performance,"{""Admission_Grade"": ""1"", ""Tuition_Paid"": ""1"", ""Target"": ""Graduate""}",data/processed/prism_student_profile/Student performance (Polytechnic Institute of Portalegre).csv
STU-PIP-1379,Academic Performance,"{""Admission_Grade"": ""1"", ""Tuition_Paid"": ""0"", ""Target"": ""Dropout""}",data/processed/prism_student_profile/Student performance (Polytechnic Institute of Portalegre).csv
STU-PIP-1380,Academic Performance,"{""Admission_Grade"": ""1"", ""Tuition_Paid"": ""1"", ""Target"": ""Dropout""}",data/processed/prism_student_profile/Student performance (Polytechnic Institute of Portalegre).csv
STU-PIP-1381,Academic Performance,"{""Admission_Grade"": ""1"", ""Tuition_Paid"": ""1"", ""Target"": ""Graduate""}",data/processed/prism_student_profile/Student performance (Polytechnic Institute of Portalegre).csv
STU-PIP-1382,Academic Performance,"{""Admission_Grade"": ""1"", ""Tuition_Paid"": ""0"", ""Target"": ""Dropout""}",data/processed/prism_student_profile/Student performance (Polytechnic Institute of Portalegre).csv
STU-PIP-1383,Academic Performance,"{""Admission_Grade"": ""3"", ""Tuition_Paid"": ""1"", ""Target"": ""Graduate""}",data/processed/prism_student_profile/Student performance (Polytechnic Institute of Portalegre).csv
STU-PIP-1384,Academic Performance,"{""Admission_Grade"": ""1"", ""Tuition_Paid"": ""1"", ""Target"": ""Graduate""}",data/processed/prism_student_profile/Student performance (Polytechnic Institute of Portalegre).csv
STU-PIP-1385,Academic Performance,"{""Admission_Grade"": ""1"", ""Tuition_Paid"": ""1"", ""Target"": ""Graduate""}",data/processed/prism_student_profile/Student performance (Polytechnic Institute of Portalegre).csv
STU-PIP-1386,Academic Performance,"{""Admission_Grade"": ""1"", ""Tuition_Paid"": ""1"", ""Target"": ""Dropout""}",data/processed/prism_student_profile/Student performance (Polytechnic Institute of Portalegre).csv
STU-PIP-1387,Academic Performance,"{""Admission_Grade"": ""1"", ""Tuition_Paid"": ""0"", ""Target"": ""Dropout""}",data/processed/prism_student_profile/Student performance (Polytechnic Institute of Portalegre).csv
STU-PIP-1388,Academic Performance,"{""Admission_Grade"": ""1"", ""Tuition_Paid"": ""1"", ""Target"": ""Graduate""}",data/processed/prism_student_profile/Student performance (Polytechnic Institute of Portalegre).csv
STU-PIP-1389,Academic Performance,"{""Admission_Grade"": ""1"", ""Tuition_Paid"": ""1"", ""Target"": ""Dropout""}",data/processed/prism_student_profile/Student performance (Polytechnic Institute of Portalegre).csv
STU-PIP-1390,Academic Performance,"{""Admission_Grade"": ""1"", ""Tuition_Paid"": ""1"", ""Target"": ""Enrolled""}",data/processed/prism_student_profile/Student performance (Polytechnic Institute of Portalegre).csv
STU-PIP-1391,Academic Performance,"{""Admission_Grade"": ""1"", ""Tuition_Paid"": ""1"", ""Target"": ""Graduate""}",data/processed/prism_student_profile/Student performance (Polytechnic Institute of Portalegre).csv
STU-PIP-1392,Academic Performance,"{""Admission_Grade"": ""1"", ""Tuition_Paid"": ""1"", ""Target"": ""Graduate""}",data/processed/prism_student_profile/Student performance (Polytechnic Institute of Portalegre).csv
STU-PIP-1393,Academic Performance,"{""Admission_Grade"": ""1"", ""Tuition_Paid"": ""1"", ""Target"": ""Dropout""}",data/processed/prism_student_profile/Student performance (Polytechnic Institute of Portalegre).csv
STU-PIP-1394,Academic Performance,"{""Admission_Grade"": ""1"", ""Tuition_Paid"": ""1"", ""Target"": ""Graduate""}",data/processed/prism_student_profile/Student performance (Polytechnic Institute of Portalegre).csv
STU-PIP-1395,Academic Performance,"{""Admission_Grade"": ""1"", ""Tuition_Paid"": ""1"", ""Target"": ""Graduate""}",data/processed/prism_student_profile/Student performance (Polytechnic Institute of Portalegre).csv
STU-PIP-1396,Academic Performance,"{""Admission_Grade"": ""1"", ""Tuition_Paid"": ""1"", ""Target"": ""Graduate""}",data/processed/prism_student_profile/Student performance (Polytechnic Institute of Portalegre).csv
STU-PIP-1397,Academic Performance,"{""Admission_Grade"": ""1"", ""Tuition_Paid"": ""1"", ""Target"": ""Enrolled""}",data/processed/prism_student_profile/Student performance (Polytechnic Institute of Portalegre).csv
STU-PIP-1398,Academic Performance,"{""Admission_Grade"": ""39"", ""Tuition_Paid"": ""1"", ""Target"": ""Graduate""}",data/processed/prism_student_profile/Student performance (Polytechnic Institute of Portalegre).csv
STU-PIP-1399,Academic Performance,"{""Admission_Grade"": ""19"", ""Tuition_Paid"": ""1"", ""Target"": ""Graduate""}",data/processed/prism_student_profile/Student performance (Polytechnic Institute of Portalegre).csv
STU-PIP-1400,Academic Performance,"{""Admission_Grade"": ""1"", ""Tuition_Paid"": ""1"", ""Target"": ""Graduate""}",data/processed/prism_student_profile/Student performance (Polytechnic Institute of Portalegre).csv
STU-PIP-1401,Academic Performance,"{""Admission_Grade"": ""1"", ""Tuition_Paid"": ""1"", ""Target"": ""Enrolled""}",data/processed/prism_student_profile/Student performance (Polytechnic Institute of Portalegre).csv
STU-PIP-1402,Academic Performance,"{""Admission_Grade"": ""1"", ""Tuition_Paid"": ""1"", ""Target"": ""Graduate""}",data/processed/prism_student_profile/Student performance (Polytechnic Institute of Portalegre).csv
STU-PIP-1403,Academic Performance,"{""Admission_Grade"": ""1"", ""Tuition_Paid"": ""1"", ""Target"": ""Graduate""}",data/processed/prism_student_profile/Student performance (Polytechnic Institute of Portalegre).csv
STU-PIP-1404,Academic Performance,"{""Admission_Grade"": ""1"", ""Tuition_Paid"": ""1"", ""Target"": ""Graduate""}",data/processed/prism_student_profile/Student performance (Polytechnic Institute of Portalegre).csv
STU-PIP-1405,Academic Performance,"{""Admission_Grade"": ""39"", ""Tuition_Paid"": ""0"", ""Target"": ""Dropout""}",data/processed/prism_student_profile/Student performance (Polytechnic Institute of Portalegre).csv
STU-PIP-1406,Academic Performance,"{""Admission_Grade"": ""1"", ""Tuition_Paid"": ""1"", ""Target"": ""Dropout""}",data/processed/prism_student_profile/Student performance (Polytechnic Institute of Portalegre).csv
STU-PIP-1407,Academic Performance,"{""Admission_Grade"": ""1"", ""Tuition_Paid"": ""1"", ""Target"": ""Graduate""}",data/processed/prism_student_profile/Student performance (Polytechnic Institute of Portalegre).csv
STU-PIP-1408,Academic Performance,"{""Admission_Grade"": ""1"", ""Tuition_Paid"": ""1"", ""Target"": ""Enrolled""}",data/processed/prism_student_profile/Student performance (Polytechnic Institute of Portalegre).csv
STU-PIP-1409,Academic Performance,"{""Admission_Grade"": ""1"", ""Tuition_Paid"": ""1"", ""Target"": ""Dropout""}",data/processed/prism_student_profile/Student performance (Polytechnic Institute of Portalegre).csv
STU-PIP-1410,Academic Performance,"{""Admission_Grade"": ""1"", ""Tuition_Paid"": ""1"", ""Target"": ""Graduate""}",data/processed/prism_student_profile/Student performance (Polytechnic Institute of Portalegre).csv
STU-PIP-1411,Academic Performance,"{""Admission_Grade"": ""19"", ""Tuition_Paid"": ""1"", ""Target"": ""Dropout""}",data/processed/prism_student_profile/Student performance (Polytechnic Institute of Portalegre).csv
STU-PIP-1412,Academic Performance,"{""Admission_Grade"": ""1"", ""Tuition_Paid"": ""1"", ""Target"": ""Graduate""}",data/processed/prism_student_profile/Student performance (Polytechnic Institute of Portalegre).csv
STU-PIP-1413,Academic Performance,"{""Admission_Grade"": ""1"", ""Tuition_Paid"": ""1"", ""Target"": ""Graduate""}",data/processed/prism_student_profile/Student performance (Polytechnic Institute of Portalegre).csv
STU-PIP-1414,Academic Performance,"{""Admission_Grade"": ""1"", ""Tuition_Paid"": ""1"", ""Target"": ""Enrolled""}",data/processed/prism_student_profile/Student performance (Polytechnic Institute of Portalegre).csv
STU-PIP-1415,Academic Performance,"{""Admission_Grade"": ""1"", ""Tuition_Paid"": ""1"", ""Target"": ""Graduate""}",data/processed/prism_student_profile/Student performance (Polytechnic Institute of Portalegre).csv
STU-PIP-1416,Academic Performance,"{""Admission_Grade"": ""1"", ""Tuition_Paid"": ""1"", ""Target"": ""Graduate""}",data/processed/prism_student_profile/Student performance (Polytechnic Institute of Portalegre).csv
STU-PIP-1417,Academic Performance,"{""Admission_Grade"": ""1"", ""Tuition_Paid"": ""0"", ""Target"": ""Dropout""}",data/processed/prism_student_profile/Student performance (Polytechnic Institute of Portalegre).csv
STU-PIP-1418,Academic Performance,"{""Admission_Grade"": ""1"", ""Tuition_Paid"": ""1"", ""Target"": ""Graduate""}",data/processed/prism_student_profile/Student performance (Polytechnic Institute of Portalegre).csv
STU-PIP-1419,Academic Performance,"{""Admission_Grade"": ""1"", ""Tuition_Paid"": ""1"", ""Target"": ""Graduate""}",data/processed/prism_student_profile/Student performance (Polytechnic Institute of Portalegre).csv
STU-PIP-1420,Academic Performance,"{""Admission_Grade"": ""1"", ""Tuition_Paid"": ""1"", ""Target"": ""Dropout""}",data/processed/prism_student_profile/Student performance (Polytechnic Institute of Portalegre).csv
STU-PIP-1421,Academic Performance,"{""Admission_Grade"": ""1"", ""Tuition_Paid"": ""1"", ""Target"": ""Dropout""}",data/processed/prism_student_profile/Student performance (Polytechnic Institute of Portalegre).csv
STU-PIP-1422,Academic Performance,"{""Admission_Grade"": ""1"", ""Tuition_Paid"": ""1"", ""Target"": ""Enrolled""}",data/processed/prism_student_profile/Student performance (Polytechnic Institute of Portalegre).csv
STU-PIP-1423,Academic Performance,"{""Admission_Grade"": ""1"", ""Tuition_Paid"": ""1"", ""Target"": ""Graduate""}",data/processed/prism_student_profile/Student performance (Polytechnic Institute of Portalegre).csv
STU-PIP-1424,Academic Performance,"{""Admission_Grade"": ""1"", ""Tuition_Paid"": ""1"", ""Target"": ""Graduate""}",data/processed/prism_student_profile/Student performance (Polytechnic Institute of Portalegre).csv
STU-PIP-1425,Academic Performance,"{""Admission_Grade"": ""1"", ""Tuition_Paid"": ""1"", ""Target"": ""Enrolled""}",data/processed/prism_student_profile/Student performance (Polytechnic Institute of Portalegre).csv
STU-PIP-1426,Academic Performance,"{""Admission_Grade"": ""1"", ""Tuition_Paid"": ""1"", ""Target"": ""Graduate""}",data/processed/prism_student_profile/Student performance (Polytechnic Institute of Portalegre).csv
STU-PIP-1427,Academic Performance,"{""Admission_Grade"": ""1"", ""Tuition_Paid"": ""1"", ""Target"": ""Graduate""}",data/processed/prism_student_profile/Student performance (Polytechnic Institute of Portalegre).csv
STU-PIP-1428,Academic Performance,"{""Admission_Grade"": ""1"", ""Tuition_Paid"": ""1"", ""Target"": ""Enrolled""}",data/processed/prism_student_profile/Student performance (Polytechnic Institute of Portalegre).csv
STU-PIP-1429,Academic Performance,"{""Admission_Grade"": ""1"", ""Tuition_Paid"": ""1"", ""Target"": ""Enrolled""}",data/processed/prism_student_profile/Student performance (Polytechnic Institute of Portalegre).csv
STU-PIP-1430,Academic Performance,"{""Admission_Grade"": ""1"", ""Tuition_Paid"": ""1"", ""Target"": ""Graduate""}",data/processed/prism_student_profile/Student performance (Polytechnic Institute of Portalegre).csv
STU-PIP-1431,Academic Performance,"{""Admission_Grade"": ""1"", ""Tuition_Paid"": ""1"", ""Target"": ""Graduate""}",data/processed/prism_student_profile/Student performance (Polytechnic Institute of Portalegre).csv
STU-PIP-1432,Academic Performance,"{""Admission_Grade"": ""1"", ""Tuition_Paid"": ""1"", ""Target"": ""Dropout""}",data/processed/prism_student_profile/Student performance (Polytechnic Institute of Portalegre).csv
STU-PIP-1433,Academic Performance,"{""Admission_Grade"": ""1"", ""Tuition_Paid"": ""1"", ""Target"": ""Enrolled""}",data/processed/prism_student_profile/Student performance (Polytechnic Institute of Portalegre).csv
STU-PIP-1434,Academic Performance,"{""Admission_Grade"": ""1"", ""Tuition_Paid"": ""1"", ""Target"": ""Graduate""}",data/processed/prism_student_profile/Student performance (Polytechnic Institute of Portalegre).csv
STU-PIP-1435,Academic Performance,"{""Admission_Grade"": ""1"", ""Tuition_Paid"": ""1"", ""Target"": ""Enrolled""}",data/processed/prism_student_profile/Student performance (Polytechnic Institute of Portalegre).csv
STU-PIP-1436,Academic Performance,"{""Admission_Grade"": ""1"", ""Tuition_Paid"": ""0"", ""Target"": ""Dropout""}",data/processed/prism_student_profile/Student performance (Polytechnic Institute of Portalegre).csv
STU-PIP-1437,Academic Performance,"{""Admission_Grade"": ""1"", ""Tuition_Paid"": ""1"", ""Target"": ""Enrolled""}",data/processed/prism_student_profile/Student performance (Polytechnic Institute of Portalegre).csv
STU-PIP-1438,Academic Performance,"{""Admission_Grade"": ""1"", ""Tuition_Paid"": ""1"", ""Target"": ""Graduate""}",data/processed/prism_student_profile/Student performance (Polytechnic Institute of Portalegre).csv
STU-PIP-1439,Academic Performance,"{""Admission_Grade"": ""1"", ""Tuition_Paid"": ""1"", ""Target"": ""Graduate""}",data/processed/prism_student_profile/Student performance (Polytechnic Institute of Portalegre).csv
STU-PIP-1440,Academic Performance,"{""Admission_Grade"": ""1"", ""Tuition_Paid"": ""1"", ""Target"": ""Graduate""}",data/processed/prism_student_profile/Student performance (Polytechnic Institute of Portalegre).csv
STU-PIP-1441,Academic Performance,"{""Admission_Grade"": ""1"", ""Tuition_Paid"": ""1"", ""Target"": ""Graduate""}",data/processed/prism_student_profile/Student performance (Polytechnic Institute of Portalegre).csv
STU-PIP-1442,Academic Performance,"{""Admission_Grade"": ""1"", ""Tuition_Paid"": ""1"", ""Target"": ""Graduate""}",data/processed/prism_student_profile/Student performance (Polytechnic Institute of Portalegre).csv
STU-PIP-1443,Academic Performance,"{""Admission_Grade"": ""1"", ""Tuition_Paid"": ""1"", ""Target"": ""Graduate""}",data/processed/prism_student_profile/Student performance (Polytechnic Institute of Portalegre).csv
STU-PIP-1444,Academic Performance,"{""Admission_Grade"": ""1"", ""Tuition_Paid"": ""0"", ""Target"": ""Dropout""}",data/processed/prism_student_profile/Student performance (Polytechnic Institute of Portalegre).csv
STU-PIP-1445,Academic Performance,"{""Admission_Grade"": ""1"", ""Tuition_Paid"": ""1"", ""Target"": ""Graduate""}",data/processed/prism_student_profile/Student performance (Polytechnic Institute of Portalegre).csv
STU-PIP-1446,Academic Performance,"{""Admission_Grade"": ""1"", ""Tuition_Paid"": ""0"", ""Target"": ""Dropout""}",data/processed/prism_student_profile/Student performance (Polytechnic Institute of Portalegre).csv
STU-PIP-1447,Academic Performance,"{""Admission_Grade"": ""1"", ""Tuition_Paid"": ""0"", ""Target"": ""Dropout""}",data/processed/prism_student_profile/Student performance (Polytechnic Institute of Portalegre).csv
STU-PIP-1448,Academic Performance,"{""Admission_Grade"": ""1"", ""Tuition_Paid"": ""1"", ""Target"": ""Dropout""}",data/processed/prism_student_profile/Student performance (Polytechnic Institute of Portalegre).csv
STU-PIP-1449,Academic Performance,"{""Admission_Grade"": ""39"", ""Tuition_Paid"": ""1"", ""Target"": ""Dropout""}",data/processed/prism_student_profile/Student performance (Polytechnic Institute of Portalegre).csv
STU-PIP-1450,Academic Performance,"{""Admission_Grade"": ""39"", ""Tuition_Paid"": ""1"", ""Target"": ""Graduate""}",data/processed/prism_student_profile/Student performance (Polytechnic Institute of Portalegre).csv
STU-PIP-1451,Academic Performance,"{""Admission_Grade"": ""1"", ""Tuition_Paid"": ""1"", ""Target"": ""Dropout""}",data/processed/prism_student_profile/Student performance (Polytechnic Institute of Portalegre).csv
STU-PIP-1452,Academic Performance,"{""Admission_Grade"": ""1"", ""Tuition_Paid"": ""1"", ""Target"": ""Graduate""}",data/processed/prism_student_profile/Student performance (Polytechnic Institute of Portalegre).csv
STU-PIP-1453,Academic Performance,"{""Admission_Grade"": ""1"", ""Tuition_Paid"": ""1"", ""Target"": ""Dropout""}",data/processed/prism_student_profile/Student performance (Polytechnic Institute of Portalegre).csv
STU-PIP-1454,Academic Performance,"{""Admission_Grade"": ""1"", ""Tuition_Paid"": ""1"", ""Target"": ""Graduate""}",data/processed/prism_student_profile/Student performance (Polytechnic Institute of Portalegre).csv
STU-PIP-1455,Academic Performance,"{""Admission_Grade"": ""1"", ""Tuition_Paid"": ""1"", ""Target"": ""Enrolled""}",data/processed/prism_student_profile/Student performance (Polytechnic Institute of Portalegre).csv
STU-PIP-1456,Academic Performance,"{""Admission_Grade"": ""1"", ""Tuition_Paid"": ""1"", ""Target"": ""Dropout""}",data/processed/prism_student_profile/Student performance (Polytechnic Institute of Portalegre).csv
STU-PIP-1457,Academic Performance,"{""Admission_Grade"": ""1"", ""Tuition_Paid"": ""1"", ""Target"": ""Enrolled""}",data/processed/prism_student_profile/Student performance (Polytechnic Institute of Portalegre).csv
STU-PIP-1458,Academic Performance,"{""Admission_Grade"": ""1"", ""Tuition_Paid"": ""1"", ""Target"": ""Enrolled""}",data/processed/prism_student_profile/Student performance (Polytechnic Institute of Portalegre).csv
STU-PIP-1459,Academic Performance,"{""Admission_Grade"": ""1"", ""Tuition_Paid"": ""1"", ""Target"": ""Enrolled""}",data/processed/prism_student_profile/Student performance (Polytechnic Institute of Portalegre).csv
STU-PIP-1460,Academic Performance,"{""Admission_Grade"": ""1"", ""Tuition_Paid"": ""0"", ""Target"": ""Dropout""}",data/processed/prism_student_profile/Student performance (Polytechnic Institute of Portalegre).csv
STU-PIP-1461,Academic Performance,"{""Admission_Grade"": ""1"", ""Tuition_Paid"": ""1"", ""Target"": ""Dropout""}",data/processed/prism_student_profile/Student performance (Polytechnic Institute of Portalegre).csv
STU-PIP-1462,Academic Performance,"{""Admission_Grade"": ""39"", ""Tuition_Paid"": ""1"", ""Target"": ""Graduate""}",data/processed/prism_student_profile/Student performance (Polytechnic Institute of Portalegre).csv
STU-PIP-1463,Academic Performance,"{""Admission_Grade"": ""1"", ""Tuition_Paid"": ""1"", ""Target"": ""Enrolled""}",data/processed/prism_student_profile/Student performance (Polytechnic Institute of Portalegre).csv
STU-PIP-1464,Academic Performance,"{""Admission_Grade"": ""1"", ""Tuition_Paid"": ""1"", ""Target"": ""Dropout""}",data/processed/prism_student_profile/Student performance (Polytechnic Institute of Portalegre).csv
STU-PIP-1465,Academic Performance,"{""Admission_Grade"": ""1"", ""Tuition_Paid"": ""1"", ""Target"": ""Enrolled""}",data/processed/prism_student_profile/Student performance (Polytechnic Institute of Portalegre).csv
STU-PIP-1466,Academic Performance,"{""Admission_Grade"": ""1"", ""Tuition_Paid"": ""1"", ""Target"": ""Graduate""}",data/processed/prism_student_profile/Student performance (Polytechnic Institute of Portalegre).csv
STU-PIP-1467,Academic Performance,"{""Admission_Grade"": ""1"", ""Tuition_Paid"": ""1"", ""Target"": ""Dropout""}",data/processed/prism_student_profile/Student performance (Polytechnic Institute of Portalegre).csv
STU-PIP-1468,Academic Performance,"{""Admission_Grade"": ""1"", ""Tuition_Paid"": ""1"", ""Target"": ""Enrolled""}",data/processed/prism_student_profile/Student performance (Polytechnic Institute of Portalegre).csv
STU-PIP-1469,Academic Performance,"{""Admission_Grade"": ""1"", ""Tuition_Paid"": ""1"", ""Target"": ""Graduate""}",data/processed/prism_student_profile/Student performance (Polytechnic Institute of Portalegre).csv
STU-PIP-1470,Academic Performance,"{""Admission_Grade"": ""1"", ""Tuition_Paid"": ""1"", ""Target"": ""Graduate""}",data/processed/prism_student_profile/Student performance (Polytechnic Institute of Portalegre).csv
STU-PIP-1471,Academic Performance,"{""Admission_Grade"": ""1"", ""Tuition_Paid"": ""1"", ""Target"": ""Enrolled""}",data/processed/prism_student_profile/Student performance (Polytechnic Institute of Portalegre).csv
STU-PIP-1472,Academic Performance,"{""Admission_Grade"": ""39"", ""Tuition_Paid"": ""1"", ""Target"": ""Enrolled""}",data/processed/prism_student_profile/Student performance (Polytechnic Institute of Portalegre).csv
STU-PIP-1473,Academic Performance,"{""Admission_Grade"": ""1"", ""Tuition_Paid"": ""1"", ""Target"": ""Graduate""}",data/processed/prism_student_profile/Student performance (Polytechnic Institute of Portalegre).csv
STU-PIP-1474,Academic Performance,"{""Admission_Grade"": ""1"", ""Tuition_Paid"": ""1"", ""Target"": ""Dropout""}",data/processed/prism_student_profile/Student performance (Polytechnic Institute of Portalegre).csv
STU-PIP-1475,Academic Performance,"{""Admission_Grade"": ""1"", ""Tuition_Paid"": ""1"", ""Target"": ""Enrolled""}",data/processed/prism_student_profile/Student performance (Polytechnic Institute of Portalegre).csv
STU-PIP-1476,Academic Performance,"{""Admission_Grade"": ""1"", ""Tuition_Paid"": ""1"", ""Target"": ""Graduate""}",data/processed/prism_student_profile/Student performance (Polytechnic Institute of Portalegre).csv
STU-PIP-1477,Academic Performance,"{""Admission_Grade"": ""1"", ""Tuition_Paid"": ""1"", ""Target"": ""Dropout""}",data/processed/prism_student_profile/Student performance (Polytechnic Institute of Portalegre).csv
STU-PIP-1478,Academic Performance,"{""Admission_Grade"": ""1"", ""Tuition_Paid"": ""1"", ""Target"": ""Graduate""}",data/processed/prism_student_profile/Student performance (Polytechnic Institute of Portalegre).csv
STU-PIP-1479,Academic Performance,"{""Admission_Grade"": ""1"", ""Tuition_Paid"": ""0"", ""Target"": ""Dropout""}",data/processed/prism_student_profile/Student performance (Polytechnic Institute of Portalegre).csv
STU-PIP-1480,Academic Performance,"{""Admission_Grade"": ""1"", ""Tuition_Paid"": ""1"", ""Target"": ""Dropout""}",data/processed/prism_student_profile/Student performance (Polytechnic Institute of Portalegre).csv
STU-PIP-1481,Academic Performance,"{""Admission_Grade"": ""42"", ""Tuition_Paid"": ""1"", ""Target"": ""Dropout""}",data/processed/prism_student_profile/Student performance (Polytechnic Institute of Portalegre).csv
STU-PIP-1482,Academic Performance,"{""Admission_Grade"": ""19"", ""Tuition_Paid"": ""1"", ""Target"": ""Graduate""}",data/processed/prism_student_profile/Student performance (Polytechnic Institute of Portalegre).csv
STU-PIP-1483,Academic Performance,"{""Admission_Grade"": ""1"", ""Tuition_Paid"": ""1"", ""Target"": ""Graduate""}",data/processed/prism_student_profile/Student performance (Polytechnic Institute of Portalegre).csv
STU-PIP-1484,Academic Performance,"{""Admission_Grade"": ""1"", ""Tuition_Paid"": ""1"", ""Target"": ""Graduate""}",data/processed/prism_student_profile/Student performance (Polytechnic Institute of Portalegre).csv
STU-PIP-1485,Academic Performance,"{""Admission_Grade"": ""19"", ""Tuition_Paid"": ""1"", ""Target"": ""Graduate""}",data/processed/prism_student_profile/Student performance (Polytechnic Institute of Portalegre).csv
STU-PIP-1486,Academic Performance,"{""Admission_Grade"": ""1"", ""Tuition_Paid"": ""1"", ""Target"": ""Graduate""}",data/processed/prism_student_profile/Student performance (Polytechnic Institute of Portalegre).csv
STU-PIP-1487,Academic Performance,"{""Admission_Grade"": ""42"", ""Tuition_Paid"": ""0"", ""Target"": ""Graduate""}",data/processed/prism_student_profile/Student performance (Polytechnic Institute of Portalegre).csv
STU-PIP-1488,Academic Performance,"{""Admission_Grade"": ""1"", ""Tuition_Paid"": ""1"", ""Target"": ""Enrolled""}",data/processed/prism_student_profile/Student performance (Polytechnic Institute of Portalegre).csv
STU-PIP-1489,Academic Performance,"{""Admission_Grade"": ""1"", ""Tuition_Paid"": ""1"", ""Target"": ""Dropout""}",data/processed/prism_student_profile/Student performance (Polytechnic Institute of Portalegre).csv
STU-PIP-1490,Academic Performance,"{""Admission_Grade"": ""1"", ""Tuition_Paid"": ""1"", ""Target"": ""Graduate""}",data/processed/prism_student_profile/Student performance (Polytechnic Institute of Portalegre).csv
STU-PIP-1491,Academic Performance,"{""Admission_Grade"": ""1"", ""Tuition_Paid"": ""1"", ""Target"": ""Graduate""}",data/processed/prism_student_profile/Student performance (Polytechnic Institute of Portalegre).csv
STU-PIP-1492,Academic Performance,"{""Admission_Grade"": ""1"", ""Tuition_Paid"": ""1"", ""Target"": ""Graduate""}",data/processed/prism_student_profile/Student performance (Polytechnic Institute of Portalegre).csv
STU-PIP-1493,Academic Performance,"{""Admission_Grade"": ""39"", ""Tuition_Paid"": ""1"", ""Target"": ""Dropout""}",data/processed/prism_student_profile/Student performance (Polytechnic Institute of Portalegre).csv
STU-PIP-1494,Academic Performance,"{""Admission_Grade"": ""19"", ""Tuition_Paid"": ""1"", ""Target"": ""Graduate""}",data/processed/prism_student_profile/Student performance (Polytechnic Institute of Portalegre).csv
STU-PIP-1495,Academic Performance,"{""Admission_Grade"": ""19"", ""Tuition_Paid"": ""1"", ""Target"": ""Dropout""}",data/processed/prism_student_profile/Student performance (Polytechnic Institute of Portalegre).csv
STU-PIP-1496,Academic Performance,"{""Admission_Grade"": ""40"", ""Tuition_Paid"": ""1"", ""Target"": ""Graduate""}",data/processed/prism_student_profile/Student performance (Polytechnic Institute of Portalegre).csv
STU-PIP-1497,Academic Performance,"{""Admission_Grade"": ""1"", ""Tuition_Paid"": ""1"", ""Target"": ""Graduate""}",data/processed/prism_student_profile/Student performance (Polytechnic Institute of Portalegre).csv
STU-PIP-1498,Academic Performance,"{""Admission_Grade"": ""1"", ""Tuition_Paid"": ""1"", ""Target"": ""Graduate""}",data/processed/prism_student_profile/Student performance (Polytechnic Institute of Portalegre).csv
STU-PIP-1499,Academic Performance,"{""Admission_Grade"": ""1"", ""Tuition_Paid"": ""1"", ""Target"": ""Enrolled""}",data/processed/prism_student_profile/Student performance (Polytechnic Institute of Portalegre).csv
STU-PIP-1500,Academic Performance,"{""Admission_Grade"": ""39"", ""Tuition_Paid"": ""1"", ""Target"": ""Graduate""}",data/processed/prism_student_profile/Student performance (Polytechnic Institute of Portalegre).csv
STU-PIP-1501,Academic Performance,"{""Admission_Grade"": ""1"", ""Tuition_Paid"": ""1"", ""Target"": ""Graduate""}",data/processed/prism_student_profile/Student performance (Polytechnic Institute of Portalegre).csv
STU-PIP-1502,Academic Performance,"{""Admission_Grade"": ""1"", ""Tuition_Paid"": ""1"", ""Target"": ""Dropout""}",data/processed/prism_student_profile/Student performance (Polytechnic Institute of Portalegre).csv
STU-PIP-1503,Academic Performance,"{""Admission_Grade"": ""1"", ""Tuition_Paid"": ""1"", ""Target"": ""Graduate""}",data/processed/prism_student_profile/Student performance (Polytechnic Institute of Portalegre).csv
STU-PIP-1504,Academic Performance,"{""Admission_Grade"": ""1"", ""Tuition_Paid"": ""1"", ""Target"": ""Enrolled""}",data/processed/prism_student_profile/Student performance (Polytechnic Institute of Portalegre).csv
STU-PIP-1505,Academic Performance,"{""Admission_Grade"": ""40"", ""Tuition_Paid"": ""1"", ""Target"": ""Enrolled""}",data/processed/prism_student_profile/Student performance (Polytechnic Institute of Portalegre).csv
STU-PIP-1506,Academic Performance,"{""Admission_Grade"": ""1"", ""Tuition_Paid"": ""0"", ""Target"": ""Dropout""}",data/processed/prism_student_profile/Student performance (Polytechnic Institute of Portalegre).csv
STU-PIP-1507,Academic Performance,"{""Admission_Grade"": ""1"", ""Tuition_Paid"": ""1"", ""Target"": ""Enrolled""}",data/processed/prism_student_profile/Student performance (Polytechnic Institute of Portalegre).csv
STU-PIP-1508,Academic Performance,"{""Admission_Grade"": ""1"", ""Tuition_Paid"": ""1"", ""Target"": ""Graduate""}",data/processed/prism_student_profile/Student performance (Polytechnic Institute of Portalegre).csv
STU-PIP-1509,Academic Performance,"{""Admission_Grade"": ""1"", ""Tuition_Paid"": ""1"", ""Target"": ""Graduate""}",data/processed/prism_student_profile/Student performance (Polytechnic Institute of Portalegre).csv
STU-PIP-1510,Academic Performance,"{""Admission_Grade"": ""1"", ""Tuition_Paid"": ""1"", ""Target"": ""Dropout""}",data/processed/prism_student_profile/Student performance (Polytechnic Institute of Portalegre).csv
STU-PIP-1511,Academic Performance,"{""Admission_Grade"": ""1"", ""Tuition_Paid"": ""0"", ""Target"": ""Dropout""}",data/processed/prism_student_profile/Student performance (Polytechnic Institute of Portalegre).csv
STU-PIP-1512,Academic Performance,"{""Admission_Grade"": ""1"", ""Tuition_Paid"": ""1"", ""Target"": ""Enrolled""}",data/processed/prism_student_profile/Student performance (Polytechnic Institute of Portalegre).csv
STU-PIP-1513,Academic Performance,"{""Admission_Grade"": ""1"", ""Tuition_Paid"": ""1"", ""Target"": ""Graduate""}",data/processed/prism_student_profile/Student performance (Polytechnic Institute of Portalegre).csv
STU-PIP-1514,Academic Performance,"{""Admission_Grade"": ""1"", ""Tuition_Paid"": ""1"", ""Target"": ""Graduate""}",data/processed/prism_student_profile/Student performance (Polytechnic Institute of Portalegre).csv
STU-PIP-1515,Academic Performance,"{""Admission_Grade"": ""1"", ""Tuition_Paid"": ""1"", ""Target"": ""Dropout""}",data/processed/prism_student_profile/Student performance (Polytechnic Institute of Portalegre).csv
STU-PIP-1516,Academic Performance,"{""Admission_Grade"": ""1"", ""Tuition_Paid"": ""1"", ""Target"": ""Graduate""}",data/processed/prism_student_profile/Student performance (Polytechnic Institute of Portalegre).csv
STU-PIP-1517,Academic Performance,"{""Admission_Grade"": ""5"", ""Tuition_Paid"": ""0"", ""Target"": ""Dropout""}",data/processed/prism_student_profile/Student performance (Polytechnic Institute of Portalegre).csv
STU-PIP-1518,Academic Performance,"{""Admission_Grade"": ""1"", ""Tuition_Paid"": ""1"", ""Target"": ""Graduate""}",data/processed/prism_student_profile/Student performance (Polytechnic Institute of Portalegre).csv
STU-PIP-1519,Academic Performance,"{""Admission_Grade"": ""1"", ""Tuition_Paid"": ""1"", ""Target"": ""Enrolled""}",data/processed/prism_student_profile/Student performance (Polytechnic Institute of Portalegre).csv
STU-PIP-1520,Academic Performance,"{""Admission_Grade"": ""12"", ""Tuition_Paid"": ""0"", ""Target"": ""Dropout""}",data/processed/prism_student_profile/Student performance (Polytechnic Institute of Portalegre).csv
STU-PIP-1521,Academic Performance,"{""Admission_Grade"": ""1"", ""Tuition_Paid"": ""1"", ""Target"": ""Dropout""}",data/processed/prism_student_profile/Student performance (Polytechnic Institute of Portalegre).csv
STU-PIP-1522,Academic Performance,"{""Admission_Grade"": ""1"", ""Tuition_Paid"": ""1"", ""Target"": ""Graduate""}",data/processed/prism_student_profile/Student performance (Polytechnic Institute of Portalegre).csv
STU-PIP-1523,Academic Performance,"{""Admission_Grade"": ""1"", ""Tuition_Paid"": ""1"", ""Target"": ""Dropout""}",data/processed/prism_student_profile/Student performance (Polytechnic Institute of Portalegre).csv
STU-PIP-1524,Academic Performance,"{""Admission_Grade"": ""1"", ""Tuition_Paid"": ""1"", ""Target"": ""Dropout""}",data/processed/prism_student_profile/Student performance (Polytechnic Institute of Portalegre).csv
STU-PIP-1525,Academic Performance,"{""Admission_Grade"": ""1"", ""Tuition_Paid"": ""1"", ""Target"": ""Enrolled""}",data/processed/prism_student_profile/Student performance (Polytechnic Institute of Portalegre).csv
STU-PIP-1526,Academic Performance,"{""Admission_Grade"": ""1"", ""Tuition_Paid"": ""1"", ""Target"": ""Graduate""}",data/processed/prism_student_profile/Student performance (Polytechnic Institute of Portalegre).csv
STU-PIP-1527,Academic Performance,"{""Admission_Grade"": ""1"", ""Tuition_Paid"": ""0"", ""Target"": ""Dropout""}",data/processed/prism_student_profile/Student performance (Polytechnic Institute of Portalegre).csv
STU-PIP-1528,Academic Performance,"{""Admission_Grade"": ""1"", ""Tuition_Paid"": ""1"", ""Target"": ""Graduate""}",data/processed/prism_student_profile/Student performance (Polytechnic Institute of Portalegre).csv
STU-PIP-1529,Academic Performance,"{""Admission_Grade"": ""1"", ""Tuition_Paid"": ""0"", ""Target"": ""Graduate""}",data/processed/prism_student_profile/Student performance (Polytechnic Institute of Portalegre).csv
STU-PIP-1530,Academic Performance,"{""Admission_Grade"": ""1"", ""Tuition_Paid"": ""0"", ""Target"": ""Dropout""}",data/processed/prism_student_profile/Student performance (Polytechnic Institute of Portalegre).csv
STU-PIP-1531,Academic Performance,"{""Admission_Grade"": ""1"", ""Tuition_Paid"": ""1"", ""Target"": ""Enrolled""}",data/processed/prism_student_profile/Student performance (Polytechnic Institute of Portalegre).csv
STU-PIP-1532,Academic Performance,"{""Admission_Grade"": ""1"", ""Tuition_Paid"": ""1"", ""Target"": ""Graduate""}",data/processed/prism_student_profile/Student performance (Polytechnic Institute of Portalegre).csv
STU-PIP-1533,Academic Performance,"{""Admission_Grade"": ""1"", ""Tuition_Paid"": ""1"", ""Target"": ""Graduate""}",data/processed/prism_student_profile/Student performance (Polytechnic Institute of Portalegre).csv
STU-PIP-1534,Academic Performance,"{""Admission_Grade"": ""4"", ""Tuition_Paid"": ""1"", ""Target"": ""Enrolled""}",data/processed/prism_student_profile/Student performance (Polytechnic Institute of Portalegre).csv
STU-PIP-1535,Academic Performance,"{""Admission_Grade"": ""1"", ""Tuition_Paid"": ""1"", ""Target"": ""Graduate""}",data/processed/prism_student_profile/Student performance (Polytechnic Institute of Portalegre).csv
STU-PIP-1536,Academic Performance,"{""Admission_Grade"": ""39"", ""Tuition_Paid"": ""1"", ""Target"": ""Enrolled""}",data/processed/prism_student_profile/Student performance (Polytechnic Institute of Portalegre).csv
STU-PIP-1537,Academic Performance,"{""Admission_Grade"": ""1"", ""Tuition_Paid"": ""1"", ""Target"": ""Dropout""}",data/processed/prism_student_profile/Student performance (Polytechnic Institute of Portalegre).csv
STU-PIP-1538,Academic Performance,"{""Admission_Grade"": ""1"", ""Tuition_Paid"": ""1"", ""Target"": ""Graduate""}",data/processed/prism_student_profile/Student performance (Polytechnic Institute of Portalegre).csv
STU-PIP-1539,Academic Performance,"{""Admission_Grade"": ""1"", ""Tuition_Paid"": ""0"", ""Target"": ""Dropout""}",data/processed/prism_student_profile/Student performance (Polytechnic Institute of Portalegre).csv
STU-PIP-1540,Academic Performance,"{""Admission_Grade"": ""3"", ""Tuition_Paid"": ""0"", ""Target"": ""Dropout""}",data/processed/prism_student_profile/Student performance (Polytechnic Institute of Portalegre).csv
STU-PIP-1541,Academic Performance,"{""Admission_Grade"": ""1"", ""Tuition_Paid"": ""1"", ""Target"": ""Dropout""}",data/processed/prism_student_profile/Student performance (Polytechnic Institute of Portalegre).csv
STU-PIP-1542,Academic Performance,"{""Admission_Grade"": ""12"", ""Tuition_Paid"": ""1"", ""Target"": ""Dropout""}",data/processed/prism_student_profile/Student performance (Polytechnic Institute of Portalegre).csv
STU-PIP-1543,Academic Performance,"{""Admission_Grade"": ""1"", ""Tuition_Paid"": ""1"", ""Target"": ""Dropout""}",data/processed/prism_student_profile/Student performance (Polytechnic Institute of Portalegre).csv
STU-PIP-1544,Academic Performance,"{""Admission_Grade"": ""2"", ""Tuition_Paid"": ""1"", ""Target"": ""Dropout""}",data/processed/prism_student_profile/Student performance (Polytechnic Institute of Portalegre).csv
STU-PIP-1545,Academic Performance,"{""Admission_Grade"": ""1"", ""Tuition_Paid"": ""1"", ""Target"": ""Dropout""}",data/processed/prism_student_profile/Student performance (Polytechnic Institute of Portalegre).csv
STU-PIP-1546,Academic Performance,"{""Admission_Grade"": ""1"", ""Tuition_Paid"": ""1"", ""Target"": ""Graduate""}",data/processed/prism_student_profile/Student performance (Polytechnic Institute of Portalegre).csv
STU-PIP-1547,Academic Performance,"{""Admission_Grade"": ""1"", ""Tuition_Paid"": ""0"", ""Target"": ""Enrolled""}",data/processed/prism_student_profile/Student performance (Polytechnic Institute of Portalegre).csv
STU-PIP-1548,Academic Performance,"{""Admission_Grade"": ""9"", ""Tuition_Paid"": ""0"", ""Target"": ""Dropout""}",data/processed/prism_student_profile/Student performance (Polytechnic Institute of Portalegre).csv
STU-PIP-1549,Academic Performance,"{""Admission_Grade"": ""2"", ""Tuition_Paid"": ""0"", ""Target"": ""Dropout""}",data/processed/prism_student_profile/Student performance (Polytechnic Institute of Portalegre).csv
STU-PIP-1550,Academic Performance,"{""Admission_Grade"": ""1"", ""Tuition_Paid"": ""0"", ""Target"": ""Dropout""}",data/processed/prism_student_profile/Student performance (Polytechnic Institute of Portalegre).csv
STU-PIP-1551,Academic Performance,"{""Admission_Grade"": ""1"", ""Tuition_Paid"": ""1"", ""Target"": ""Graduate""}",data/processed/prism_student_profile/Student performance (Polytechnic Institute of Portalegre).csv
STU-PIP-1552,Academic Performance,"{""Admission_Grade"": ""1"", ""Tuition_Paid"": ""1"", ""Target"": ""Graduate""}",data/processed/prism_student_profile/Student performance (Polytechnic Institute of Portalegre).csv
STU-PIP-1553,Academic Performance,"{""Admission_Grade"": ""40"", ""Tuition_Paid"": ""1"", ""Target"": ""Graduate""}",data/processed/prism_student_profile/Student performance (Polytechnic Institute of Portalegre).csv
STU-PIP-1554,Academic Performance,"{""Admission_Grade"": ""1"", ""Tuition_Paid"": ""1"", ""Target"": ""Graduate""}",data/processed/prism_student_profile/Student performance (Polytechnic Institute of Portalegre).csv
STU-PIP-1555,Academic Performance,"{""Admission_Grade"": ""1"", ""Tuition_Paid"": ""1"", ""Target"": ""Graduate""}",data/processed/prism_student_profile/Student performance (Polytechnic Institute of Portalegre).csv
STU-PIP-1556,Academic Performance,"{""Admission_Grade"": ""1"", ""Tuition_Paid"": ""1"", ""Target"": ""Graduate""}",data/processed/prism_student_profile/Student performance (Polytechnic Institute of Portalegre).csv
STU-PIP-1557,Academic Performance,"{""Admission_Grade"": ""1"", ""Tuition_Paid"": ""1"", ""Target"": ""Dropout""}",data/processed/prism_student_profile/Student performance (Polytechnic Institute of Portalegre).csv
STU-PIP-1558,Academic Performance,"{""Admission_Grade"": ""1"", ""Tuition_Paid"": ""1"", ""Target"": ""Enrolled""}",data/processed/prism_student_profile/Student performance (Polytechnic Institute of Portalegre).csv
STU-PIP-1559,Academic Performance,"{""Admission_Grade"": ""1"", ""Tuition_Paid"": ""1"", ""Target"": ""Dropout""}",data/processed/prism_student_profile/Student performance (Polytechnic Institute of Portalegre).csv
STU-PIP-1560,Academic Performance,"{""Admission_Grade"": ""1"", ""Tuition_Paid"": ""1"", ""Target"": ""Graduate""}",data/processed/prism_student_profile/Student performance (Polytechnic Institute of Portalegre).csv
STU-PIP-1561,Academic Performance,"{""Admission_Grade"": ""1"", ""Tuition_Paid"": ""1"", ""Target"": ""Enrolled""}",data/processed/prism_student_profile/Student performance (Polytechnic Institute of Portalegre).csv
STU-PIP-1562,Academic Performance,"{""Admission_Grade"": ""1"", ""Tuition_Paid"": ""1"", ""Target"": ""Enrolled""}",data/processed/prism_student_profile/Student performance (Polytechnic Institute of Portalegre).csv
STU-PIP-1563,Academic Performance,"{""Admission_Grade"": ""1"", ""Tuition_Paid"": ""1"", ""Target"": ""Graduate""}",data/processed/prism_student_profile/Student performance (Polytechnic Institute of Portalegre).csv
STU-PIP-1564,Academic Performance,"{""Admission_Grade"": ""39"", ""Tuition_Paid"": ""0"", ""Target"": ""Enrolled""}",data/processed/prism_student_profile/Student performance (Polytechnic Institute of Portalegre).csv
STU-PIP-1565,Academic Performance,"{""Admission_Grade"": ""1"", ""Tuition_Paid"": ""1"", ""Target"": ""Enrolled""}",data/processed/prism_student_profile/Student performance (Polytechnic Institute of Portalegre).csv
STU-PIP-1566,Academic Performance,"{""Admission_Grade"": ""1"", ""Tuition_Paid"": ""1"", ""Target"": ""Graduate""}",data/processed/prism_student_profile/Student performance (Polytechnic Institute of Portalegre).csv
STU-PIP-1567,Academic Performance,"{""Admission_Grade"": ""1"", ""Tuition_Paid"": ""1"", ""Target"": ""Graduate""}",data/processed/prism_student_profile/Student performance (Polytechnic Institute of Portalegre).csv
STU-PIP-1568,Academic Performance,"{""Admission_Grade"": ""1"", ""Tuition_Paid"": ""1"", ""Target"": ""Graduate""}",data/processed/prism_student_profile/Student performance (Polytechnic Institute of Portalegre).csv
STU-PIP-1569,Academic Performance,"{""Admission_Grade"": ""1"", ""Tuition_Paid"": ""1"", ""Target"": ""Enrolled""}",data/processed/prism_student_profile/Student performance (Polytechnic Institute of Portalegre).csv
STU-PIP-1570,Academic Performance,"{""Admission_Grade"": ""1"", ""Tuition_Paid"": ""1"", ""Target"": ""Dropout""}",data/processed/prism_student_profile/Student performance (Polytechnic Institute of Portalegre).csv
STU-PIP-1571,Academic Performance,"{""Admission_Grade"": ""1"", ""Tuition_Paid"": ""1"", ""Target"": ""Enrolled""}",data/processed/prism_student_profile/Student performance (Polytechnic Institute of Portalegre).csv
STU-PIP-1572,Academic Performance,"{""Admission_Grade"": ""19"", ""Tuition_Paid"": ""0"", ""Target"": ""Dropout""}",data/processed/prism_student_profile/Student performance (Polytechnic Institute of Portalegre).csv
STU-PIP-1573,Academic Performance,"{""Admission_Grade"": ""12"", ""Tuition_Paid"": ""0"", ""Target"": ""Dropout""}",data/processed/prism_student_profile/Student performance (Polytechnic Institute of Portalegre).csv
STU-PIP-1574,Academic Performance,"{""Admission_Grade"": ""1"", ""Tuition_Paid"": ""0"", ""Target"": ""Dropout""}",data/processed/prism_student_profile/Student performance (Polytechnic Institute of Portalegre).csv
STU-PIP-1575,Academic Performance,"{""Admission_Grade"": ""2"", ""Tuition_Paid"": ""1"", ""Target"": ""Graduate""}",data/processed/prism_student_profile/Student performance (Polytechnic Institute of Portalegre).csv
STU-PIP-1576,Academic Performance,"{""Admission_Grade"": ""1"", ""Tuition_Paid"": ""1"", ""Target"": ""Graduate""}",data/processed/prism_student_profile/Student performance (Polytechnic Institute of Portalegre).csv
STU-PIP-1577,Academic Performance,"{""Admission_Grade"": ""19"", ""Tuition_Paid"": ""1"", ""Target"": ""Dropout""}",data/processed/prism_student_profile/Student performance (Polytechnic Institute of Portalegre).csv
STU-PIP-1578,Academic Performance,"{""Admission_Grade"": ""1"", ""Tuition_Paid"": ""1"", ""Target"": ""Enrolled""}",data/processed/prism_student_profile/Student performance (Polytechnic Institute of Portalegre).csv
STU-PIP-1579,Academic Performance,"{""Admission_Grade"": ""1"", ""Tuition_Paid"": ""0"", ""Target"": ""Dropout""}",data/processed/prism_student_profile/Student performance (Polytechnic Institute of Portalegre).csv
STU-PIP-1580,Academic Performance,"{""Admission_Grade"": ""1"", ""Tuition_Paid"": ""1"", ""Target"": ""Enrolled""}",data/processed/prism_student_profile/Student performance (Polytechnic Institute of Portalegre).csv
STU-PIP-1581,Academic Performance,"{""Admission_Grade"": ""1"", ""Tuition_Paid"": ""1"", ""Target"": ""Graduate""}",data/processed/prism_student_profile/Student performance (Polytechnic Institute of Portalegre).csv
STU-PIP-1582,Academic Performance,"{""Admission_Grade"": ""1"", ""Tuition_Paid"": ""1"", ""Target"": ""Enrolled""}",data/processed/prism_student_profile/Student performance (Polytechnic Institute of Portalegre).csv
STU-PIP-1583,Academic Performance,"{""Admission_Grade"": ""1"", ""Tuition_Paid"": ""1"", ""Target"": ""Dropout""}",data/processed/prism_student_profile/Student performance (Polytechnic Institute of Portalegre).csv
STU-PIP-1584,Academic Performance,"{""Admission_Grade"": ""1"", ""Tuition_Paid"": ""1"", ""Target"": ""Dropout""}",data/processed/prism_student_profile/Student performance (Polytechnic Institute of Portalegre).csv
STU-PIP-1585,Academic Performance,"{""Admission_Grade"": ""1"", ""Tuition_Paid"": ""1"", ""Target"": ""Graduate""}",data/processed/prism_student_profile/Student performance (Polytechnic Institute of Portalegre).csv
STU-PIP-1586,Academic Performance,"{""Admission_Grade"": ""1"", ""Tuition_Paid"": ""1"", ""Target"": ""Graduate""}",data/processed/prism_student_profile/Student performance (Polytechnic Institute of Portalegre).csv
STU-PIP-1587,Academic Performance,"{""Admission_Grade"": ""1"", ""Tuition_Paid"": ""1"", ""Target"": ""Enrolled""}",data/processed/prism_student_profile/Student performance (Polytechnic Institute of Portalegre).csv
STU-PIP-1588,Academic Performance,"{""Admission_Grade"": ""1"", ""Tuition_Paid"": ""1"", ""Target"": ""Enrolled""}",data/processed/prism_student_profile/Student performance (Polytechnic Institute of Portalegre).csv
STU-PIP-1589,Academic Performance,"{""Admission_Grade"": ""1"", ""Tuition_Paid"": ""1"", ""Target"": ""Dropout""}",data/processed/prism_student_profile/Student performance (Polytechnic Institute of Portalegre).csv
STU-PIP-1590,Academic Performance,"{""Admission_Grade"": ""1"", ""Tuition_Paid"": ""1"", ""Target"": ""Graduate""}",data/processed/prism_student_profile/Student performance (Polytechnic Institute of Portalegre).csv
STU-PIP-1591,Academic Performance,"{""Admission_Grade"": ""39"", ""Tuition_Paid"": ""1"", ""Target"": ""Dropout""}",data/processed/prism_student_profile/Student performance (Polytechnic Institute of Portalegre).csv
STU-PIP-1592,Academic Performance,"{""Admission_Grade"": ""1"", ""Tuition_Paid"": ""1"", ""Target"": ""Dropout""}",data/processed/prism_student_profile/Student performance (Polytechnic Institute of Portalegre).csv
STU-PIP-1593,Academic Performance,"{""Admission_Grade"": ""1"", ""Tuition_Paid"": ""1"", ""Target"": ""Enrolled""}",data/processed/prism_student_profile/Student performance (Polytechnic Institute of Portalegre).csv
STU-PIP-1594,Academic Performance,"{""Admission_Grade"": ""1"", ""Tuition_Paid"": ""0"", ""Target"": ""Dropout""}",data/processed/prism_student_profile/Student performance (Polytechnic Institute of Portalegre).csv
STU-PIP-1595,Academic Performance,"{""Admission_Grade"": ""1"", ""Tuition_Paid"": ""1"", ""Target"": ""Enrolled""}",data/processed/prism_student_profile/Student performance (Polytechnic Institute of Portalegre).csv
STU-PIP-1596,Academic Performance,"{""Admission_Grade"": ""1"", ""Tuition_Paid"": ""1"", ""Target"": ""Enrolled""}",data/processed/prism_student_profile/Student performance (Polytechnic Institute of Portalegre).csv
STU-PIP-1597,Academic Performance,"{""Admission_Grade"": ""1"", ""Tuition_Paid"": ""1"", ""Target"": ""Enrolled""}",data/processed/prism_student_profile/Student performance (Polytechnic Institute of Portalegre).csv
STU-PIP-1598,Academic Performance,"{""Admission_Grade"": ""1"", ""Tuition_Paid"": ""1"", ""Target"": ""Graduate""}",data/processed/prism_student_profile/Student performance (Polytechnic Institute of Portalegre).csv
STU-PIP-1599,Academic Performance,"{""Admission_Grade"": ""1"", ""Tuition_Paid"": ""1"", ""Target"": ""Dropout""}",data/processed/prism_student_profile/Student performance (Polytechnic Institute of Portalegre).csv
STU-PIP-1600,Academic Performance,"{""Admission_Grade"": ""1"", ""Tuition_Paid"": ""1"", ""Target"": ""Dropout""}",data/processed/prism_student_profile/Student performance (Polytechnic Institute of Portalegre).csv
STU-PIP-1601,Academic Performance,"{""Admission_Grade"": ""1"", ""Tuition_Paid"": ""1"", ""Target"": ""Graduate""}",data/processed/prism_student_profile/Student performance (Polytechnic Institute of Portalegre).csv
STU-PIP-1602,Academic Performance,"{""Admission_Grade"": ""1"", ""Tuition_Paid"": ""1"", ""Target"": ""Enrolled""}",data/processed/prism_student_profile/Student performance (Polytechnic Institute of Portalegre).csv
STU-PIP-1603,Academic Performance,"{""Admission_Grade"": ""1"", ""Tuition_Paid"": ""1"", ""Target"": ""Enrolled""}",data/processed/prism_student_profile/Student performance (Polytechnic Institute of Portalegre).csv
STU-PIP-1604,Academic Performance,"{""Admission_Grade"": ""39"", ""Tuition_Paid"": ""1"", ""Target"": ""Graduate""}",data/processed/prism_student_profile/Student performance (Polytechnic Institute of Portalegre).csv
STU-PIP-1605,Academic Performance,"{""Admission_Grade"": ""19"", ""Tuition_Paid"": ""0"", ""Target"": ""Dropout""}",data/processed/prism_student_profile/Student performance (Polytechnic Institute of Portalegre).csv
STU-PIP-1606,Academic Performance,"{""Admission_Grade"": ""42"", ""Tuition_Paid"": ""1"", ""Target"": ""Enrolled""}",data/processed/prism_student_profile/Student performance (Polytechnic Institute of Portalegre).csv
STU-PIP-1607,Academic Performance,"{""Admission_Grade"": ""1"", ""Tuition_Paid"": ""1"", ""Target"": ""Graduate""}",data/processed/prism_student_profile/Student performance (Polytechnic Institute of Portalegre).csv
STU-PIP-1608,Academic Performance,"{""Admission_Grade"": ""1"", ""Tuition_Paid"": ""1"", ""Target"": ""Graduate""}",data/processed/prism_student_profile/Student performance (Polytechnic Institute of Portalegre).csv
STU-PIP-1609,Academic Performance,"{""Admission_Grade"": ""1"", ""Tuition_Paid"": ""1"", ""Target"": ""Enrolled""}",data/processed/prism_student_profile/Student performance (Polytechnic Institute of Portalegre).csv
STU-PIP-1610,Academic Performance,"{""Admission_Grade"": ""1"", ""Tuition_Paid"": ""1"", ""Target"": ""Graduate""}",data/processed/prism_student_profile/Student performance (Polytechnic Institute of Portalegre).csv
STU-PIP-1611,Academic Performance,"{""Admission_Grade"": ""1"", ""Tuition_Paid"": ""1"", ""Target"": ""Dropout""}",data/processed/prism_student_profile/Student performance (Polytechnic Institute of Portalegre).csv
STU-PIP-1612,Academic Performance,"{""Admission_Grade"": ""1"", ""Tuition_Paid"": ""1"", ""Target"": ""Enrolled""}",data/processed/prism_student_profile/Student performance (Polytechnic Institute of Portalegre).csv
STU-PIP-1613,Academic Performance,"{""Admission_Grade"": ""1"", ""Tuition_Paid"": ""1"", ""Target"": ""Graduate""}",data/processed/prism_student_profile/Student performance (Polytechnic Institute of Portalegre).csv
STU-PIP-1614,Academic Performance,"{""Admission_Grade"": ""15"", ""Tuition_Paid"": ""0"", ""Target"": ""Dropout""}",data/processed/prism_student_profile/Student performance (Polytechnic Institute of Portalegre).csv
STU-PIP-1615,Academic Performance,"{""Admission_Grade"": ""1"", ""Tuition_Paid"": ""1"", ""Target"": ""Graduate""}",data/processed/prism_student_profile/Student performance (Polytechnic Institute of Portalegre).csv
STU-PIP-1616,Academic Performance,"{""Admission_Grade"": ""19"", ""Tuition_Paid"": ""1"", ""Target"": ""Dropout""}",data/processed/prism_student_profile/Student performance (Polytechnic Institute of Portalegre).csv
STU-PIP-1617,Academic Performance,"{""Admission_Grade"": ""1"", ""Tuition_Paid"": ""1"", ""Target"": ""Graduate""}",data/processed/prism_student_profile/Student performance (Polytechnic Institute of Portalegre).csv
STU-PIP-1618,Academic Performance,"{""Admission_Grade"": ""1"", ""Tuition_Paid"": ""1"", ""Target"": ""Dropout""}",data/processed/prism_student_profile/Student performance (Polytechnic Institute of Portalegre).csv
STU-PIP-1619,Academic Performance,"{""Admission_Grade"": ""1"", ""Tuition_Paid"": ""1"", ""Target"": ""Dropout""}",data/processed/prism_student_profile/Student performance (Polytechnic Institute of Portalegre).csv
STU-PIP-1620,Academic Performance,"{""Admission_Grade"": ""1"", ""Tuition_Paid"": ""1"", ""Target"": ""Graduate""}",data/processed/prism_student_profile/Student performance (Polytechnic Institute of Portalegre).csv
STU-PIP-1621,Academic Performance,"{""Admission_Grade"": ""1"", ""Tuition_Paid"": ""1"", ""Target"": ""Graduate""}",data/processed/prism_student_profile/Student performance (Polytechnic Institute of Portalegre).csv
STU-PIP-1622,Academic Performance,"{""Admission_Grade"": ""1"", ""Tuition_Paid"": ""1"", ""Target"": ""Graduate""}",data/processed/prism_student_profile/Student performance (Polytechnic Institute of Portalegre).csv
STU-PIP-1623,Academic Performance,"{""Admission_Grade"": ""1"", ""Tuition_Paid"": ""0"", ""Target"": ""Dropout""}",data/processed/prism_student_profile/Student performance (Polytechnic Institute of Portalegre).csv
STU-PIP-1624,Academic Performance,"{""Admission_Grade"": ""1"", ""Tuition_Paid"": ""1"", ""Target"": ""Dropout""}",data/processed/prism_student_profile/Student performance (Polytechnic Institute of Portalegre).csv
STU-PIP-1625,Academic Performance,"{""Admission_Grade"": ""1"", ""Tuition_Paid"": ""1"", ""Target"": ""Dropout""}",data/processed/prism_student_profile/Student performance (Polytechnic Institute of Portalegre).csv
STU-PIP-1626,Academic Performance,"{""Admission_Grade"": ""1"", ""Tuition_Paid"": ""0"", ""Target"": ""Dropout""}",data/processed/prism_student_profile/Student performance (Polytechnic Institute of Portalegre).csv
STU-PIP-1627,Academic Performance,"{""Admission_Grade"": ""1"", ""Tuition_Paid"": ""1"", ""Target"": ""Graduate""}",data/processed/prism_student_profile/Student performance (Polytechnic Institute of Portalegre).csv
STU-PIP-1628,Academic Performance,"{""Admission_Grade"": ""39"", ""Tuition_Paid"": ""1"", ""Target"": ""Dropout""}",data/processed/prism_student_profile/Student performance (Polytechnic Institute of Portalegre).csv
STU-PIP-1629,Academic Performance,"{""Admission_Grade"": ""1"", ""Tuition_Paid"": ""0"", ""Target"": ""Dropout""}",data/processed/prism_student_profile/Student performance (Polytechnic Institute of Portalegre).csv
STU-PIP-1630,Academic Performance,"{""Admission_Grade"": ""1"", ""Tuition_Paid"": ""1"", ""Target"": ""Dropout""}",data/processed/prism_student_profile/Student performance (Polytechnic Institute of Portalegre).csv
STU-PIP-1631,Academic Performance,"{""Admission_Grade"": ""19"", ""Tuition_Paid"": ""1"", ""Target"": ""Graduate""}",data/processed/prism_student_profile/Student performance (Polytechnic Institute of Portalegre).csv
STU-PIP-1632,Academic Performance,"{""Admission_Grade"": ""19"", ""Tuition_Paid"": ""0"", ""Target"": ""Dropout""}",data/processed/prism_student_profile/Student performance (Polytechnic Institute of Portalegre).csv
STU-PIP-1633,Academic Performance,"{""Admission_Grade"": ""12"", ""Tuition_Paid"": ""1"", ""Target"": ""Graduate""}",data/processed/prism_student_profile/Student performance (Polytechnic Institute of Portalegre).csv
STU-PIP-1634,Academic Performance,"{""Admission_Grade"": ""1"", ""Tuition_Paid"": ""1"", ""Target"": ""Enrolled""}",data/processed/prism_student_profile/Student performance (Polytechnic Institute of Portalegre).csv
STU-PIP-1635,Academic Performance,"{""Admission_Grade"": ""1"", ""Tuition_Paid"": ""1"", ""Target"": ""Graduate""}",data/processed/prism_student_profile/Student performance (Polytechnic Institute of Portalegre).csv
STU-PIP-1636,Academic Performance,"{""Admission_Grade"": ""1"", ""Tuition_Paid"": ""1"", ""Target"": ""Graduate""}",data/processed/prism_student_profile/Student performance (Polytechnic Institute of Portalegre).csv
STU-PIP-1637,Academic Performance,"{""Admission_Grade"": ""1"", ""Tuition_Paid"": ""1"", ""Target"": ""Graduate""}",data/processed/prism_student_profile/Student performance (Polytechnic Institute of Portalegre).csv
STU-PIP-1638,Academic Performance,"{""Admission_Grade"": ""1"", ""Tuition_Paid"": ""1"", ""Target"": ""Graduate""}",data/processed/prism_student_profile/Student performance (Polytechnic Institute of Portalegre).csv
STU-PIP-1639,Academic Performance,"{""Admission_Grade"": ""9"", ""Tuition_Paid"": ""1"", ""Target"": ""Dropout""}",data/processed/prism_student_profile/Student performance (Polytechnic Institute of Portalegre).csv
STU-PIP-1640,Academic Performance,"{""Admission_Grade"": ""1"", ""Tuition_Paid"": ""1"", ""Target"": ""Graduate""}",data/processed/prism_student_profile/Student performance (Polytechnic Institute of Portalegre).csv
STU-PIP-1641,Academic Performance,"{""Admission_Grade"": ""1"", ""Tuition_Paid"": ""1"", ""Target"": ""Graduate""}",data/processed/prism_student_profile/Student performance (Polytechnic Institute of Portalegre).csv
STU-PIP-1642,Academic Performance,"{""Admission_Grade"": ""1"", ""Tuition_Paid"": ""1"", ""Target"": ""Graduate""}",data/processed/prism_student_profile/Student performance (Polytechnic Institute of Portalegre).csv
STU-PIP-1643,Academic Performance,"{""Admission_Grade"": ""1"", ""Tuition_Paid"": ""1"", ""Target"": ""Graduate""}",data/processed/prism_student_profile/Student performance (Polytechnic Institute of Portalegre).csv
STU-PIP-1644,Academic Performance,"{""Admission_Grade"": ""1"", ""Tuition_Paid"": ""1"", ""Target"": ""Graduate""}",data/processed/prism_student_profile/Student performance (Polytechnic Institute of Portalegre).csv
STU-PIP-1645,Academic Performance,"{""Admission_Grade"": ""1"", ""Tuition_Paid"": ""1"", ""Target"": ""Dropout""}",data/processed/prism_student_profile/Student performance (Polytechnic Institute of Portalegre).csv
STU-PIP-1646,Academic Performance,"{""Admission_Grade"": ""1"", ""Tuition_Paid"": ""1"", ""Target"": ""Dropout""}",data/processed/prism_student_profile/Student performance (Polytechnic Institute of Portalegre).csv
STU-PIP-1647,Academic Performance,"{""Admission_Grade"": ""1"", ""Tuition_Paid"": ""1"", ""Target"": ""Graduate""}",data/processed/prism_student_profile/Student performance (Polytechnic Institute of Portalegre).csv
STU-PIP-1648,Academic Performance,"{""Admission_Grade"": ""1"", ""Tuition_Paid"": ""1"", ""Target"": ""Graduate""}",data/processed/prism_student_profile/Student performance (Polytechnic Institute of Portalegre).csv
STU-PIP-1649,Academic Performance,"{""Admission_Grade"": ""1"", ""Tuition_Paid"": ""1"", ""Target"": ""Dropout""}",data/processed/prism_student_profile/Student performance (Polytechnic Institute of Portalegre).csv
STU-PIP-1650,Academic Performance,"{""Admission_Grade"": ""1"", ""Tuition_Paid"": ""1"", ""Target"": ""Graduate""}",data/processed/prism_student_profile/Student performance (Polytechnic Institute of Portalegre).csv
STU-PIP-1651,Academic Performance,"{""Admission_Grade"": ""1"", ""Tuition_Paid"": ""1"", ""Target"": ""Enrolled""}",data/processed/prism_student_profile/Student performance (Polytechnic Institute of Portalegre).csv
STU-PIP-1652,Academic Performance,"{""Admission_Grade"": ""1"", ""Tuition_Paid"": ""1"", ""Target"": ""Graduate""}",data/processed/prism_student_profile/Student performance (Polytechnic Institute of Portalegre).csv
STU-PIP-1653,Academic Performance,"{""Admission_Grade"": ""40"", ""Tuition_Paid"": ""1"", ""Target"": ""Enrolled""}",data/processed/prism_student_profile/Student performance (Polytechnic Institute of Portalegre).csv
STU-PIP-1654,Academic Performance,"{""Admission_Grade"": ""1"", ""Tuition_Paid"": ""1"", ""Target"": ""Graduate""}",data/processed/prism_student_profile/Student performance (Polytechnic Institute of Portalegre).csv
STU-PIP-1655,Academic Performance,"{""Admission_Grade"": ""1"", ""Tuition_Paid"": ""1"", ""Target"": ""Dropout""}",data/processed/prism_student_profile/Student performance (Polytechnic Institute of Portalegre).csv
STU-PIP-1656,Academic Performance,"{""Admission_Grade"": ""1"", ""Tuition_Paid"": ""1"", ""Target"": ""Graduate""}",data/processed/prism_student_profile/Student performance (Polytechnic Institute of Portalegre).csv
STU-PIP-1657,Academic Performance,"{""Admission_Grade"": ""1"", ""Tuition_Paid"": ""1"", ""Target"": ""Graduate""}",data/processed/prism_student_profile/Student performance (Polytechnic Institute of Portalegre).csv
STU-PIP-1658,Academic Performance,"{""Admission_Grade"": ""1"", ""Tuition_Paid"": ""1"", ""Target"": ""Enrolled""}",data/processed/prism_student_profile/Student performance (Polytechnic Institute of Portalegre).csv
STU-PIP-1659,Academic Performance,"{""Admission_Grade"": ""1"", ""Tuition_Paid"": ""1"", ""Target"": ""Graduate""}",data/processed/prism_student_profile/Student performance (Polytechnic Institute of Portalegre).csv
STU-PIP-1660,Academic Performance,"{""Admission_Grade"": ""1"", ""Tuition_Paid"": ""1"", ""Target"": ""Enrolled""}",data/processed/prism_student_profile/Student performance (Polytechnic Institute of Portalegre).csv
STU-PIP-1661,Academic Performance,"{""Admission_Grade"": ""42"", ""Tuition_Paid"": ""1"", ""Target"": ""Graduate""}",data/processed/prism_student_profile/Student performance (Polytechnic Institute of Portalegre).csv
STU-PIP-1662,Academic Performance,"{""Admission_Grade"": ""1"", ""Tuition_Paid"": ""1"", ""Target"": ""Graduate""}",data/processed/prism_student_profile/Student performance (Polytechnic Institute of Portalegre).csv
STU-PIP-1663,Academic Performance,"{""Admission_Grade"": ""1"", ""Tuition_Paid"": ""1"", ""Target"": ""Graduate""}",data/processed/prism_student_profile/Student performance (Polytechnic Institute of Portalegre).csv
STU-PIP-1664,Academic Performance,"{""Admission_Grade"": ""1"", ""Tuition_Paid"": ""1"", ""Target"": ""Graduate""}",data/processed/prism_student_profile/Student performance (Polytechnic Institute of Portalegre).csv
STU-PIP-1665,Academic Performance,"{""Admission_Grade"": ""1"", ""Tuition_Paid"": ""1"", ""Target"": ""Graduate""}",data/processed/prism_student_profile/Student performance (Polytechnic Institute of Portalegre).csv
STU-PIP-1666,Academic Performance,"{""Admission_Grade"": ""1"", ""Tuition_Paid"": ""1"", ""Target"": ""Enrolled""}",data/processed/prism_student_profile/Student performance (Polytechnic Institute of Portalegre).csv
STU-PIP-1667,Academic Performance,"{""Admission_Grade"": ""1"", ""Tuition_Paid"": ""1"", ""Target"": ""Graduate""}",data/processed/prism_student_profile/Student performance (Polytechnic Institute of Portalegre).csv
STU-PIP-1668,Academic Performance,"{""Admission_Grade"": ""1"", ""Tuition_Paid"": ""1"", ""Target"": ""Graduate""}",data/processed/prism_student_profile/Student performance (Polytechnic Institute of Portalegre).csv
STU-PIP-1669,Academic Performance,"{""Admission_Grade"": ""39"", ""Tuition_Paid"": ""0"", ""Target"": ""Dropout""}",data/processed/prism_student_profile/Student performance (Polytechnic Institute of Portalegre).csv
STU-PIP-1670,Academic Performance,"{""Admission_Grade"": ""1"", ""Tuition_Paid"": ""1"", ""Target"": ""Graduate""}",data/processed/prism_student_profile/Student performance (Polytechnic Institute of Portalegre).csv
STU-PIP-1671,Academic Performance,"{""Admission_Grade"": ""1"", ""Tuition_Paid"": ""1"", ""Target"": ""Enrolled""}",data/processed/prism_student_profile/Student performance (Polytechnic Institute of Portalegre).csv
STU-PIP-1672,Academic Performance,"{""Admission_Grade"": ""1"", ""Tuition_Paid"": ""1"", ""Target"": ""Graduate""}",data/processed/prism_student_profile/Student performance (Polytechnic Institute of Portalegre).csv
STU-PIP-1673,Academic Performance,"{""Admission_Grade"": ""39"", ""Tuition_Paid"": ""0"", ""Target"": ""Dropout""}",data/processed/prism_student_profile/Student performance (Polytechnic Institute of Portalegre).csv
STU-PIP-1674,Academic Performance,"{""Admission_Grade"": ""40"", ""Tuition_Paid"": ""1"", ""Target"": ""Graduate""}",data/processed/prism_student_profile/Student performance (Polytechnic Institute of Portalegre).csv
STU-PIP-1675,Academic Performance,"{""Admission_Grade"": ""1"", ""Tuition_Paid"": ""1"", ""Target"": ""Graduate""}",data/processed/prism_student_profile/Student performance (Polytechnic Institute of Portalegre).csv
STU-PIP-1676,Academic Performance,"{""Admission_Grade"": ""1"", ""Tuition_Paid"": ""0"", ""Target"": ""Dropout""}",data/processed/prism_student_profile/Student performance (Polytechnic Institute of Portalegre).csv
STU-PIP-1677,Academic Performance,"{""Admission_Grade"": ""1"", ""Tuition_Paid"": ""1"", ""Target"": ""Dropout""}",data/processed/prism_student_profile/Student performance (Polytechnic Institute of Portalegre).csv
STU-PIP-1678,Academic Performance,"{""Admission_Grade"": ""1"", ""Tuition_Paid"": ""1"", ""Target"": ""Graduate""}",data/processed/prism_student_profile/Student performance (Polytechnic Institute of Portalegre).csv
STU-PIP-1679,Academic Performance,"{""Admission_Grade"": ""1"", ""Tuition_Paid"": ""1"", ""Target"": ""Graduate""}",data/processed/prism_student_profile/Student performance (Polytechnic Institute of Portalegre).csv
STU-PIP-1680,Academic Performance,"{""Admission_Grade"": ""1"", ""Tuition_Paid"": ""1"", ""Target"": ""Dropout""}",data/processed/prism_student_profile/Student performance (Polytechnic Institute of Portalegre).csv
STU-PIP-1681,Academic Performance,"{""Admission_Grade"": ""1"", ""Tuition_Paid"": ""1"", ""Target"": ""Enrolled""}",data/processed/prism_student_profile/Student performance (Polytechnic Institute of Portalegre).csv
STU-PIP-1682,Academic Performance,"{""Admission_Grade"": ""1"", ""Tuition_Paid"": ""1"", ""Target"": ""Enrolled""}",data/processed/prism_student_profile/Student performance (Polytechnic Institute of Portalegre).csv
STU-PIP-1683,Academic Performance,"{""Admission_Grade"": ""1"", ""Tuition_Paid"": ""1"", ""Target"": ""Dropout""}",data/processed/prism_student_profile/Student performance (Polytechnic Institute of Portalegre).csv
STU-PIP-1684,Academic Performance,"{""Admission_Grade"": ""1"", ""Tuition_Paid"": ""1"", ""Target"": ""Dropout""}",data/processed/prism_student_profile/Student performance (Polytechnic Institute of Portalegre).csv
STU-PIP-1685,Academic Performance,"{""Admission_Grade"": ""1"", ""Tuition_Paid"": ""1"", ""Target"": ""Graduate""}",data/processed/prism_student_profile/Student performance (Polytechnic Institute of Portalegre).csv
STU-PIP-1686,Academic Performance,"{""Admission_Grade"": ""1"", ""Tuition_Paid"": ""1"", ""Target"": ""Graduate""}",data/processed/prism_student_profile/Student performance (Polytechnic Institute of Portalegre).csv
STU-PIP-1687,Academic Performance,"{""Admission_Grade"": ""1"", ""Tuition_Paid"": ""1"", ""Target"": ""Graduate""}",data/processed/prism_student_profile/Student performance (Polytechnic Institute of Portalegre).csv
STU-PIP-1688,Academic Performance,"{""Admission_Grade"": ""3"", ""Tuition_Paid"": ""0"", ""Target"": ""Dropout""}",data/processed/prism_student_profile/Student performance (Polytechnic Institute of Portalegre).csv
STU-PIP-1689,Academic Performance,"{""Admission_Grade"": ""1"", ""Tuition_Paid"": ""1"", ""Target"": ""Enrolled""}",data/processed/prism_student_profile/Student performance (Polytechnic Institute of Portalegre).csv
STU-PIP-1690,Academic Performance,"{""Admission_Grade"": ""1"", ""Tuition_Paid"": ""1"", ""Target"": ""Dropout""}",data/processed/prism_student_profile/Student performance (Polytechnic Institute of Portalegre).csv
STU-PIP-1691,Academic Performance,"{""Admission_Grade"": ""1"", ""Tuition_Paid"": ""1"", ""Target"": ""Dropout""}",data/processed/prism_student_profile/Student performance (Polytechnic Institute of Portalegre).csv
STU-PIP-1692,Academic Performance,"{""Admission_Grade"": ""1"", ""Tuition_Paid"": ""0"", ""Target"": ""Dropout""}",data/processed/prism_student_profile/Student performance (Polytechnic Institute of Portalegre).csv
STU-PIP-1693,Academic Performance,"{""Admission_Grade"": ""1"", ""Tuition_Paid"": ""1"", ""Target"": ""Graduate""}",data/processed/prism_student_profile/Student performance (Polytechnic Institute of Portalegre).csv
STU-PIP-1694,Academic Performance,"{""Admission_Grade"": ""1"", ""Tuition_Paid"": ""1"", ""Target"": ""Enrolled""}",data/processed/prism_student_profile/Student performance (Polytechnic Institute of Portalegre).csv
STU-PIP-1695,Academic Performance,"{""Admission_Grade"": ""3"", ""Tuition_Paid"": ""1"", ""Target"": ""Dropout""}",data/processed/prism_student_profile/Student performance (Polytechnic Institute of Portalegre).csv
STU-PIP-1696,Academic Performance,"{""Admission_Grade"": ""1"", ""Tuition_Paid"": ""1"", ""Target"": ""Graduate""}",data/processed/prism_student_profile/Student performance (Polytechnic Institute of Portalegre).csv
STU-PIP-1697,Academic Performance,"{""Admission_Grade"": ""1"", ""Tuition_Paid"": ""1"", ""Target"": ""Graduate""}",data/processed/prism_student_profile/Student performance (Polytechnic Institute of Portalegre).csv
STU-PIP-1698,Academic Performance,"{""Admission_Grade"": ""1"", ""Tuition_Paid"": ""1"", ""Target"": ""Dropout""}",data/processed/prism_student_profile/Student performance (Polytechnic Institute of Portalegre).csv
STU-PIP-1699,Academic Performance,"{""Admission_Grade"": ""1"", ""Tuition_Paid"": ""1"", ""Target"": ""Dropout""}",data/processed/prism_student_profile/Student performance (Polytechnic Institute of Portalegre).csv
STU-PIP-1700,Academic Performance,"{""Admission_Grade"": ""3"", ""Tuition_Paid"": ""1"", ""Target"": ""Dropout""}",data/processed/prism_student_profile/Student performance (Polytechnic Institute of Portalegre).csv
STU-PIP-1701,Academic Performance,"{""Admission_Grade"": ""1"", ""Tuition_Paid"": ""1"", ""Target"": ""Graduate""}",data/processed/prism_student_profile/Student performance (Polytechnic Institute of Portalegre).csv
STU-PIP-1702,Academic Performance,"{""Admission_Grade"": ""1"", ""Tuition_Paid"": ""1"", ""Target"": ""Graduate""}",data/processed/prism_student_profile/Student performance (Polytechnic Institute of Portalegre).csv
STU-PIP-1703,Academic Performance,"{""Admission_Grade"": ""1"", ""Tuition_Paid"": ""1"", ""Target"": ""Dropout""}",data/processed/prism_student_profile/Student performance (Polytechnic Institute of Portalegre).csv
STU-PIP-1704,Academic Performance,"{""Admission_Grade"": ""1"", ""Tuition_Paid"": ""1"", ""Target"": ""Graduate""}",data/processed/prism_student_profile/Student performance (Polytechnic Institute of Portalegre).csv
STU-PIP-1705,Academic Performance,"{""Admission_Grade"": ""1"", ""Tuition_Paid"": ""1"", ""Target"": ""Graduate""}",data/processed/prism_student_profile/Student performance (Polytechnic Institute of Portalegre).csv
STU-PIP-1706,Academic Performance,"{""Admission_Grade"": ""1"", ""Tuition_Paid"": ""1"", ""Target"": ""Enrolled""}",data/processed/prism_student_profile/Student performance (Polytechnic Institute of Portalegre).csv
STU-PIP-1707,Academic Performance,"{""Admission_Grade"": ""1"", ""Tuition_Paid"": ""1"", ""Target"": ""Dropout""}",data/processed/prism_student_profile/Student performance (Polytechnic Institute of Portalegre).csv
STU-PIP-1708,Academic Performance,"{""Admission_Grade"": ""1"", ""Tuition_Paid"": ""1"", ""Target"": ""Enrolled""}",data/processed/prism_student_profile/Student performance (Polytechnic Institute of Portalegre).csv
STU-PIP-1709,Academic Performance,"{""Admission_Grade"": ""19"", ""Tuition_Paid"": ""1"", ""Target"": ""Dropout""}",data/processed/prism_student_profile/Student performance (Polytechnic Institute of Portalegre).csv
STU-PIP-1710,Academic Performance,"{""Admission_Grade"": ""1"", ""Tuition_Paid"": ""1"", ""Target"": ""Graduate""}",data/processed/prism_student_profile/Student performance (Polytechnic Institute of Portalegre).csv
STU-PIP-1711,Academic Performance,"{""Admission_Grade"": ""39"", ""Tuition_Paid"": ""1"", ""Target"": ""Enrolled""}",data/processed/prism_student_profile/Student performance (Polytechnic Institute of Portalegre).csv
STU-PIP-1712,Academic Performance,"{""Admission_Grade"": ""1"", ""Tuition_Paid"": ""1"", ""Target"": ""Graduate""}",data/processed/prism_student_profile/Student performance (Polytechnic Institute of Portalegre).csv
STU-PIP-1713,Academic Performance,"{""Admission_Grade"": ""1"", ""Tuition_Paid"": ""0"", ""Target"": ""Dropout""}",data/processed/prism_student_profile/Student performance (Polytechnic Institute of Portalegre).csv
STU-PIP-1714,Academic Performance,"{""Admission_Grade"": ""39"", ""Tuition_Paid"": ""0"", ""Target"": ""Enrolled""}",data/processed/prism_student_profile/Student performance (Polytechnic Institute of Portalegre).csv
STU-PIP-1715,Academic Performance,"{""Admission_Grade"": ""1"", ""Tuition_Paid"": ""1"", ""Target"": ""Graduate""}",data/processed/prism_student_profile/Student performance (Polytechnic Institute of Portalegre).csv
STU-PIP-1716,Academic Performance,"{""Admission_Grade"": ""1"", ""Tuition_Paid"": ""1"", ""Target"": ""Graduate""}",data/processed/prism_student_profile/Student performance (Polytechnic Institute of Portalegre).csv
STU-PIP-1717,Academic Performance,"{""Admission_Grade"": ""1"", ""Tuition_Paid"": ""1"", ""Target"": ""Graduate""}",data/processed/prism_student_profile/Student performance (Polytechnic Institute of Portalegre).csv
STU-PIP-1718,Academic Performance,"{""Admission_Grade"": ""1"", ""Tuition_Paid"": ""1"", ""Target"": ""Enrolled""}",data/processed/prism_student_profile/Student performance (Polytechnic Institute of Portalegre).csv
STU-PIP-1719,Academic Performance,"{""Admission_Grade"": ""1"", ""Tuition_Paid"": ""1"", ""Target"": ""Dropout""}",data/processed/prism_student_profile/Student performance (Polytechnic Institute of Portalegre).csv
STU-PIP-1720,Academic Performance,"{""Admission_Grade"": ""19"", ""Tuition_Paid"": ""1"", ""Target"": ""Dropout""}",data/processed/prism_student_profile/Student performance (Polytechnic Institute of Portalegre).csv
STU-PIP-1721,Academic Performance,"{""Admission_Grade"": ""1"", ""Tuition_Paid"": ""1"", ""Target"": ""Graduate""}",data/processed/prism_student_profile/Student performance (Polytechnic Institute of Portalegre).csv
STU-PIP-1722,Academic Performance,"{""Admission_Grade"": ""1"", ""Tuition_Paid"": ""1"", ""Target"": ""Graduate""}",data/processed/prism_student_profile/Student performance (Polytechnic Institute of Portalegre).csv
STU-PIP-1723,Academic Performance,"{""Admission_Grade"": ""1"", ""Tuition_Paid"": ""1"", ""Target"": ""Graduate""}",data/processed/prism_student_profile/Student performance (Polytechnic Institute of Portalegre).csv
STU-PIP-1724,Academic Performance,"{""Admission_Grade"": ""1"", ""Tuition_Paid"": ""1"", ""Target"": ""Graduate""}",data/processed/prism_student_profile/Student performance (Polytechnic Institute of Portalegre).csv
STU-PIP-1725,Academic Performance,"{""Admission_Grade"": ""1"", ""Tuition_Paid"": ""1"", ""Target"": ""Graduate""}",data/processed/prism_student_profile/Student performance (Polytechnic Institute of Portalegre).csv
STU-PIP-1726,Academic Performance,"{""Admission_Grade"": ""1"", ""Tuition_Paid"": ""1"", ""Target"": ""Dropout""}",data/processed/prism_student_profile/Student performance (Polytechnic Institute of Portalegre).csv
STU-PIP-1727,Academic Performance,"{""Admission_Grade"": ""1"", ""Tuition_Paid"": ""1"", ""Target"": ""Graduate""}",data/processed/prism_student_profile/Student performance (Polytechnic Institute of Portalegre).csv
STU-PIP-1728,Academic Performance,"{""Admission_Grade"": ""39"", ""Tuition_Paid"": ""1"", ""Target"": ""Enrolled""}",data/processed/prism_student_profile/Student performance (Polytechnic Institute of Portalegre).csv
STU-PIP-1729,Academic Performance,"{""Admission_Grade"": ""1"", ""Tuition_Paid"": ""0"", ""Target"": ""Dropout""}",data/processed/prism_student_profile/Student performance (Polytechnic Institute of Portalegre).csv
STU-PIP-1730,Academic Performance,"{""Admission_Grade"": ""1"", ""Tuition_Paid"": ""1"", ""Target"": ""Graduate""}",data/processed/prism_student_profile/Student performance (Polytechnic Institute of Portalegre).csv
STU-PIP-1731,Academic Performance,"{""Admission_Grade"": ""1"", ""Tuition_Paid"": ""1"", ""Target"": ""Graduate""}",data/processed/prism_student_profile/Student performance (Polytechnic Institute of Portalegre).csv
STU-PIP-1732,Academic Performance,"{""Admission_Grade"": ""1"", ""Tuition_Paid"": ""0"", ""Target"": ""Dropout""}",data/processed/prism_student_profile/Student performance (Polytechnic Institute of Portalegre).csv
STU-PIP-1733,Academic Performance,"{""Admission_Grade"": ""1"", ""Tuition_Paid"": ""1"", ""Target"": ""Dropout""}",data/processed/prism_student_profile/Student performance (Polytechnic Institute of Portalegre).csv
STU-PIP-1734,Academic Performance,"{""Admission_Grade"": ""1"", ""Tuition_Paid"": ""1"", ""Target"": ""Enrolled""}",data/processed/prism_student_profile/Student performance (Polytechnic Institute of Portalegre).csv
STU-PIP-1735,Academic Performance,"{""Admission_Grade"": ""1"", ""Tuition_Paid"": ""0"", ""Target"": ""Dropout""}",data/processed/prism_student_profile/Student performance (Polytechnic Institute of Portalegre).csv
STU-PIP-1736,Academic Performance,"{""Admission_Grade"": ""39"", ""Tuition_Paid"": ""1"", ""Target"": ""Graduate""}",data/processed/prism_student_profile/Student performance (Polytechnic Institute of Portalegre).csv
STU-PIP-1737,Academic Performance,"{""Admission_Grade"": ""1"", ""Tuition_Paid"": ""1"", ""Target"": ""Graduate""}",data/processed/prism_student_profile/Student performance (Polytechnic Institute of Portalegre).csv
STU-PIP-1738,Academic Performance,"{""Admission_Grade"": ""1"", ""Tuition_Paid"": ""1"", ""Target"": ""Enrolled""}",data/processed/prism_student_profile/Student performance (Polytechnic Institute of Portalegre).csv
STU-PIP-1739,Academic Performance,"{""Admission_Grade"": ""1"", ""Tuition_Paid"": ""1"", ""Target"": ""Graduate""}",data/processed/prism_student_profile/Student performance (Polytechnic Institute of Portalegre).csv
STU-PIP-1740,Academic Performance,"{""Admission_Grade"": ""19"", ""Tuition_Paid"": ""0"", ""Target"": ""Dropout""}",data/processed/prism_student_profile/Student performance (Polytechnic Institute of Portalegre).csv
STU-PIP-1741,Academic Performance,"{""Admission_Grade"": ""1"", ""Tuition_Paid"": ""1"", ""Target"": ""Dropout""}",data/processed/prism_student_profile/Student performance (Polytechnic Institute of Portalegre).csv
STU-PIP-1742,Academic Performance,"{""Admission_Grade"": ""1"", ""Tuition_Paid"": ""1"", ""Target"": ""Enrolled""}",data/processed/prism_student_profile/Student performance (Polytechnic Institute of Portalegre).csv
STU-PIP-1743,Academic Performance,"{""Admission_Grade"": ""1"", ""Tuition_Paid"": ""1"", ""Target"": ""Dropout""}",data/processed/prism_student_profile/Student performance (Polytechnic Institute of Portalegre).csv
STU-PIP-1744,Academic Performance,"{""Admission_Grade"": ""1"", ""Tuition_Paid"": ""0"", ""Target"": ""Dropout""}",data/processed/prism_student_profile/Student performance (Polytechnic Institute of Portalegre).csv
STU-PIP-1745,Academic Performance,"{""Admission_Grade"": ""1"", ""Tuition_Paid"": ""0"", ""Target"": ""Dropout""}",data/processed/prism_student_profile/Student performance (Polytechnic Institute of Portalegre).csv
STU-PIP-1746,Academic Performance,"{""Admission_Grade"": ""39"", ""Tuition_Paid"": ""1"", ""Target"": ""Dropout""}",data/processed/prism_student_profile/Student performance (Polytechnic Institute of Portalegre).csv
STU-PIP-1747,Academic Performance,"{""Admission_Grade"": ""1"", ""Tuition_Paid"": ""0"", ""Target"": ""Dropout""}",data/processed/prism_student_profile/Student performance (Polytechnic Institute of Portalegre).csv
STU-PIP-1748,Academic Performance,"{""Admission_Grade"": ""1"", ""Tuition_Paid"": ""0"", ""Target"": ""Dropout""}",data/processed/prism_student_profile/Student performance (Polytechnic Institute of Portalegre).csv
STU-PIP-1749,Academic Performance,"{""Admission_Grade"": ""1"", ""Tuition_Paid"": ""0"", ""Target"": ""Dropout""}",data/processed/prism_student_profile/Student performance (Polytechnic Institute of Portalegre).csv
STU-PIP-1750,Academic Performance,"{""Admission_Grade"": ""1"", ""Tuition_Paid"": ""1"", ""Target"": ""Dropout""}",data/processed/prism_student_profile/Student performance (Polytechnic Institute of Portalegre).csv
STU-PIP-1751,Academic Performance,"{""Admission_Grade"": ""1"", ""Tuition_Paid"": ""1"", ""Target"": ""Enrolled""}",data/processed/prism_student_profile/Student performance (Polytechnic Institute of Portalegre).csv
STU-PIP-1752,Academic Performance,"{""Admission_Grade"": ""1"", ""Tuition_Paid"": ""1"", ""Target"": ""Graduate""}",data/processed/prism_student_profile/Student performance (Polytechnic Institute of Portalegre).csv
STU-PIP-1753,Academic Performance,"{""Admission_Grade"": ""1"", ""Tuition_Paid"": ""1"", ""Target"": ""Enrolled""}",data/processed/prism_student_profile/Student performance (Polytechnic Institute of Portalegre).csv
STU-PIP-1754,Academic Performance,"{""Admission_Grade"": ""39"", ""Tuition_Paid"": ""1"", ""Target"": ""Enrolled""}",data/processed/prism_student_profile/Student performance (Polytechnic Institute of Portalegre).csv
STU-PIP-1755,Academic Performance,"{""Admission_Grade"": ""1"", ""Tuition_Paid"": ""0"", ""Target"": ""Dropout""}",data/processed/prism_student_profile/Student performance (Polytechnic Institute of Portalegre).csv
STU-PIP-1756,Academic Performance,"{""Admission_Grade"": ""1"", ""Tuition_Paid"": ""0"", ""Target"": ""Enrolled""}",data/processed/prism_student_profile/Student performance (Polytechnic Institute of Portalegre).csv
STU-PIP-1757,Academic Performance,"{""Admission_Grade"": ""1"", ""Tuition_Paid"": ""1"", ""Target"": ""Enrolled""}",data/processed/prism_student_profile/Student performance (Polytechnic Institute of Portalegre).csv
STU-PIP-1758,Academic Performance,"{""Admission_Grade"": ""39"", ""Tuition_Paid"": ""0"", ""Target"": ""Dropout""}",data/processed/prism_student_profile/Student performance (Polytechnic Institute of Portalegre).csv
STU-PIP-1759,Academic Performance,"{""Admission_Grade"": ""1"", ""Tuition_Paid"": ""1"", ""Target"": ""Graduate""}",data/processed/prism_student_profile/Student performance (Polytechnic Institute of Portalegre).csv
STU-PIP-1760,Academic Performance,"{""Admission_Grade"": ""1"", ""Tuition_Paid"": ""1"", ""Target"": ""Graduate""}",data/processed/prism_student_profile/Student performance (Polytechnic Institute of Portalegre).csv
STU-PIP-1761,Academic Performance,"{""Admission_Grade"": ""1"", ""Tuition_Paid"": ""1"", ""Target"": ""Graduate""}",data/processed/prism_student_profile/Student performance (Polytechnic Institute of Portalegre).csv
STU-PIP-1762,Academic Performance,"{""Admission_Grade"": ""1"", ""Tuition_Paid"": ""1"", ""Target"": ""Dropout""}",data/processed/prism_student_profile/Student performance (Polytechnic Institute of Portalegre).csv
STU-PIP-1763,Academic Performance,"{""Admission_Grade"": ""1"", ""Tuition_Paid"": ""1"", ""Target"": ""Graduate""}",data/processed/prism_student_profile/Student performance (Polytechnic Institute of Portalegre).csv
STU-PIP-1764,Academic Performance,"{""Admission_Grade"": ""1"", ""Tuition_Paid"": ""1"", ""Target"": ""Graduate""}",data/processed/prism_student_profile/Student performance (Polytechnic Institute of Portalegre).csv
STU-PIP-1765,Academic Performance,"{""Admission_Grade"": ""42"", ""Tuition_Paid"": ""1"", ""Target"": ""Graduate""}",data/processed/prism_student_profile/Student performance (Polytechnic Institute of Portalegre).csv
STU-PIP-1766,Academic Performance,"{""Admission_Grade"": ""1"", ""Tuition_Paid"": ""1"", ""Target"": ""Dropout""}",data/processed/prism_student_profile/Student performance (Polytechnic Institute of Portalegre).csv
STU-PIP-1767,Academic Performance,"{""Admission_Grade"": ""1"", ""Tuition_Paid"": ""0"", ""Target"": ""Dropout""}",data/processed/prism_student_profile/Student performance (Polytechnic Institute of Portalegre).csv
STU-PIP-1768,Academic Performance,"{""Admission_Grade"": ""39"", ""Tuition_Paid"": ""0"", ""Target"": ""Enrolled""}",data/processed/prism_student_profile/Student performance (Polytechnic Institute of Portalegre).csv
STU-PIP-1769,Academic Performance,"{""Admission_Grade"": ""3"", ""Tuition_Paid"": ""1"", ""Target"": ""Dropout""}",data/processed/prism_student_profile/Student performance (Polytechnic Institute of Portalegre).csv
STU-PIP-1770,Academic Performance,"{""Admission_Grade"": ""1"", ""Tuition_Paid"": ""1"", ""Target"": ""Enrolled""}",data/processed/prism_student_profile/Student performance (Polytechnic Institute of Portalegre).csv
STU-PIP-1771,Academic Performance,"{""Admission_Grade"": ""1"", ""Tuition_Paid"": ""1"", ""Target"": ""Enrolled""}",data/processed/prism_student_profile/Student performance (Polytechnic Institute of Portalegre).csv
STU-PIP-1772,Academic Performance,"{""Admission_Grade"": ""1"", ""Tuition_Paid"": ""1"", ""Target"": ""Enrolled""}",data/processed/prism_student_profile/Student performance (Polytechnic Institute of Portalegre).csv
STU-PIP-1773,Academic Performance,"{""Admission_Grade"": ""1"", ""Tuition_Paid"": ""1"", ""Target"": ""Graduate""}",data/processed/prism_student_profile/Student performance (Polytechnic Institute of Portalegre).csv
STU-PIP-1774,Academic Performance,"{""Admission_Grade"": ""1"", ""Tuition_Paid"": ""1"", ""Target"": ""Enrolled""}",data/processed/prism_student_profile/Student performance (Polytechnic Institute of Portalegre).csv
STU-PIP-1775,Academic Performance,"{""Admission_Grade"": ""1"", ""Tuition_Paid"": ""1"", ""Target"": ""Enrolled""}",data/processed/prism_student_profile/Student performance (Polytechnic Institute of Portalegre).csv
STU-PIP-1776,Academic Performance,"{""Admission_Grade"": ""1"", ""Tuition_Paid"": ""0"", ""Target"": ""Dropout""}",data/processed/prism_student_profile/Student performance (Polytechnic Institute of Portalegre).csv
STU-PIP-1777,Academic Performance,"{""Admission_Grade"": ""1"", ""Tuition_Paid"": ""1"", ""Target"": ""Graduate""}",data/processed/prism_student_profile/Student performance (Polytechnic Institute of Portalegre).csv
STU-PIP-1778,Academic Performance,"{""Admission_Grade"": ""1"", ""Tuition_Paid"": ""1"", ""Target"": ""Dropout""}",data/processed/prism_student_profile/Student performance (Polytechnic Institute of Portalegre).csv
STU-PIP-1779,Academic Performance,"{""Admission_Grade"": ""1"", ""Tuition_Paid"": ""1"", ""Target"": ""Graduate""}",data/processed/prism_student_profile/Student performance (Polytechnic Institute of Portalegre).csv
STU-PIP-1780,Academic Performance,"{""Admission_Grade"": ""1"", ""Tuition_Paid"": ""1"", ""Target"": ""Graduate""}",data/processed/prism_student_profile/Student performance (Polytechnic Institute of Portalegre).csv
STU-PIP-1781,Academic Performance,"{""Admission_Grade"": ""1"", ""Tuition_Paid"": ""1"", ""Target"": ""Enrolled""}",data/processed/prism_student_profile/Student performance (Polytechnic Institute of Portalegre).csv
STU-PIP-1782,Academic Performance,"{""Admission_Grade"": ""1"", ""Tuition_Paid"": ""1"", ""Target"": ""Graduate""}",data/processed/prism_student_profile/Student performance (Polytechnic Institute of Portalegre).csv
STU-PIP-1783,Academic Performance,"{""Admission_Grade"": ""1"", ""Tuition_Paid"": ""1"", ""Target"": ""Dropout""}",data/processed/prism_student_profile/Student performance (Polytechnic Institute of Portalegre).csv
STU-PIP-1784,Academic Performance,"{""Admission_Grade"": ""1"", ""Tuition_Paid"": ""1"", ""Target"": ""Enrolled""}",data/processed/prism_student_profile/Student performance (Polytechnic Institute of Portalegre).csv
STU-PIP-1785,Academic Performance,"{""Admission_Grade"": ""3"", ""Tuition_Paid"": ""1"", ""Target"": ""Dropout""}",data/processed/prism_student_profile/Student performance (Polytechnic Institute of Portalegre).csv
STU-PIP-1786,Academic Performance,"{""Admission_Grade"": ""1"", ""Tuition_Paid"": ""1"", ""Target"": ""Enrolled""}",data/processed/prism_student_profile/Student performance (Polytechnic Institute of Portalegre).csv
STU-PIP-1787,Academic Performance,"{""Admission_Grade"": ""19"", ""Tuition_Paid"": ""1"", ""Target"": ""Dropout""}",data/processed/prism_student_profile/Student performance (Polytechnic Institute of Portalegre).csv
STU-PIP-1788,Academic Performance,"{""Admission_Grade"": ""3"", ""Tuition_Paid"": ""1"", ""Target"": ""Graduate""}",data/processed/prism_student_profile/Student performance (Polytechnic Institute of Portalegre).csv
STU-PIP-1789,Academic Performance,"{""Admission_Grade"": ""1"", ""Tuition_Paid"": ""1"", ""Target"": ""Dropout""}",data/processed/prism_student_profile/Student performance (Polytechnic Institute of Portalegre).csv
STU-PIP-1790,Academic Performance,"{""Admission_Grade"": ""1"", ""Tuition_Paid"": ""1"", ""Target"": ""Graduate""}",data/processed/prism_student_profile/Student performance (Polytechnic Institute of Portalegre).csv
STU-PIP-1791,Academic Performance,"{""Admission_Grade"": ""1"", ""Tuition_Paid"": ""1"", ""Target"": ""Graduate""}",data/processed/prism_student_profile/Student performance (Polytechnic Institute of Portalegre).csv
STU-PIP-1792,Academic Performance,"{""Admission_Grade"": ""1"", ""Tuition_Paid"": ""1"", ""Target"": ""Dropout""}",data/processed/prism_student_profile/Student performance (Polytechnic Institute of Portalegre).csv
STU-PIP-1793,Academic Performance,"{""Admission_Grade"": ""1"", ""Tuition_Paid"": ""1"", ""Target"": ""Dropout""}",data/processed/prism_student_profile/Student performance (Polytechnic Institute of Portalegre).csv
STU-PIP-1794,Academic Performance,"{""Admission_Grade"": ""1"", ""Tuition_Paid"": ""1"", ""Target"": ""Dropout""}",data/processed/prism_student_profile/Student performance (Polytechnic Institute of Portalegre).csv
STU-PIP-1795,Academic Performance,"{""Admission_Grade"": ""1"", ""Tuition_Paid"": ""1"", ""Target"": ""Enrolled""}",data/processed/prism_student_profile/Student performance (Polytechnic Institute of Portalegre).csv
STU-PIP-1796,Academic Performance,"{""Admission_Grade"": ""1"", ""Tuition_Paid"": ""1"", ""Target"": ""Graduate""}",data/processed/prism_student_profile/Student performance (Polytechnic Institute of Portalegre).csv
STU-PIP-1797,Academic Performance,"{""Admission_Grade"": ""1"", ""Tuition_Paid"": ""1"", ""Target"": ""Graduate""}",data/processed/prism_student_profile/Student performance (Polytechnic Institute of Portalegre).csv
STU-PIP-1798,Academic Performance,"{""Admission_Grade"": ""1"", ""Tuition_Paid"": ""1"", ""Target"": ""Dropout""}",data/processed/prism_student_profile/Student performance (Polytechnic Institute of Portalegre).csv
STU-PIP-1799,Academic Performance,"{""Admission_Grade"": ""19"", ""Tuition_Paid"": ""0"", ""Target"": ""Dropout""}",data/processed/prism_student_profile/Student performance (Polytechnic Institute of Portalegre).csv
STU-PIP-1800,Academic Performance,"{""Admission_Grade"": ""1"", ""Tuition_Paid"": ""0"", ""Target"": ""Dropout""}",data/processed/prism_student_profile/Student performance (Polytechnic Institute of Portalegre).csv
STU-PIP-1801,Academic Performance,"{""Admission_Grade"": ""1"", ""Tuition_Paid"": ""1"", ""Target"": ""Dropout""}",data/processed/prism_student_profile/Student performance (Polytechnic Institute of Portalegre).csv
STU-PIP-1802,Academic Performance,"{""Admission_Grade"": ""3"", ""Tuition_Paid"": ""1"", ""Target"": ""Graduate""}",data/processed/prism_student_profile/Student performance (Polytechnic Institute of Portalegre).csv
STU-PIP-1803,Academic Performance,"{""Admission_Grade"": ""1"", ""Tuition_Paid"": ""1"", ""Target"": ""Graduate""}",data/processed/prism_student_profile/Student performance (Polytechnic Institute of Portalegre).csv
STU-PIP-1804,Academic Performance,"{""Admission_Grade"": ""1"", ""Tuition_Paid"": ""1"", ""Target"": ""Dropout""}",data/processed/prism_student_profile/Student performance (Polytechnic Institute of Portalegre).csv
STU-PIP-1805,Academic Performance,"{""Admission_Grade"": ""19"", ""Tuition_Paid"": ""0"", ""Target"": ""Dropout""}",data/processed/prism_student_profile/Student performance (Polytechnic Institute of Portalegre).csv
STU-PIP-1806,Academic Performance,"{""Admission_Grade"": ""3"", ""Tuition_Paid"": ""1"", ""Target"": ""Dropout""}",data/processed/prism_student_profile/Student performance (Polytechnic Institute of Portalegre).csv
STU-PIP-1807,Academic Performance,"{""Admission_Grade"": ""1"", ""Tuition_Paid"": ""1"", ""Target"": ""Enrolled""}",data/processed/prism_student_profile/Student performance (Polytechnic Institute of Portalegre).csv
STU-PIP-1808,Academic Performance,"{""Admission_Grade"": ""1"", ""Tuition_Paid"": ""1"", ""Target"": ""Dropout""}",data/processed/prism_student_profile/Student performance (Polytechnic Institute of Portalegre).csv
STU-PIP-1809,Academic Performance,"{""Admission_Grade"": ""1"", ""Tuition_Paid"": ""0"", ""Target"": ""Enrolled""}",data/processed/prism_student_profile/Student performance (Polytechnic Institute of Portalegre).csv
STU-PIP-1810,Academic Performance,"{""Admission_Grade"": ""1"", ""Tuition_Paid"": ""1"", ""Target"": ""Graduate""}",data/processed/prism_student_profile/Student performance (Polytechnic Institute of Portalegre).csv
STU-PIP-1811,Academic Performance,"{""Admission_Grade"": ""1"", ""Tuition_Paid"": ""1"", ""Target"": ""Graduate""}",data/processed/prism_student_profile/Student performance (Polytechnic Institute of Portalegre).csv
STU-PIP-1812,Academic Performance,"{""Admission_Grade"": ""1"", ""Tuition_Paid"": ""1"", ""Target"": ""Graduate""}",data/processed/prism_student_profile/Student performance (Polytechnic Institute of Portalegre).csv
STU-PIP-1813,Academic Performance,"{""Admission_Grade"": ""1"", ""Tuition_Paid"": ""1"", ""Target"": ""Dropout""}",data/processed/prism_student_profile/Student performance (Polytechnic Institute of Portalegre).csv
STU-PIP-1814,Academic Performance,"{""Admission_Grade"": ""1"", ""Tuition_Paid"": ""1"", ""Target"": ""Graduate""}",data/processed/prism_student_profile/Student performance (Polytechnic Institute of Portalegre).csv
STU-PIP-1815,Academic Performance,"{""Admission_Grade"": ""1"", ""Tuition_Paid"": ""1"", ""Target"": ""Dropout""}",data/processed/prism_student_profile/Student performance (Polytechnic Institute of Portalegre).csv
STU-PIP-1816,Academic Performance,"{""Admission_Grade"": ""19"", ""Tuition_Paid"": ""1"", ""Target"": ""Enrolled""}",data/processed/prism_student_profile/Student performance (Polytechnic Institute of Portalegre).csv
STU-PIP-1817,Academic Performance,"{""Admission_Grade"": ""1"", ""Tuition_Paid"": ""1"", ""Target"": ""Graduate""}",data/processed/prism_student_profile/Student performance (Polytechnic Institute of Portalegre).csv
STU-PIP-1818,Academic Performance,"{""Admission_Grade"": ""1"", ""Tuition_Paid"": ""1"", ""Target"": ""Graduate""}",data/processed/prism_student_profile/Student performance (Polytechnic Institute of Portalegre).csv
STU-PIP-1819,Academic Performance,"{""Admission_Grade"": ""1"", ""Tuition_Paid"": ""0"", ""Target"": ""Dropout""}",data/processed/prism_student_profile/Student performance (Polytechnic Institute of Portalegre).csv
STU-PIP-1820,Academic Performance,"{""Admission_Grade"": ""1"", ""Tuition_Paid"": ""1"", ""Target"": ""Dropout""}",data/processed/prism_student_profile/Student performance (Polytechnic Institute of Portalegre).csv
STU-PIP-1821,Academic Performance,"{""Admission_Grade"": ""1"", ""Tuition_Paid"": ""0"", ""Target"": ""Enrolled""}",data/processed/prism_student_profile/Student performance (Polytechnic Institute of Portalegre).csv
STU-PIP-1822,Academic Performance,"{""Admission_Grade"": ""1"", ""Tuition_Paid"": ""1"", ""Target"": ""Enrolled""}",data/processed/prism_student_profile/Student performance (Polytechnic Institute of Portalegre).csv
STU-PIP-1823,Academic Performance,"{""Admission_Grade"": ""1"", ""Tuition_Paid"": ""1"", ""Target"": ""Enrolled""}",data/processed/prism_student_profile/Student performance (Polytechnic Institute of Portalegre).csv
STU-PIP-1824,Academic Performance,"{""Admission_Grade"": ""1"", ""Tuition_Paid"": ""1"", ""Target"": ""Dropout""}",data/processed/prism_student_profile/Student performance (Polytechnic Institute of Portalegre).csv
STU-PIP-1825,Academic Performance,"{""Admission_Grade"": ""1"", ""Tuition_Paid"": ""1"", ""Target"": ""Graduate""}",data/processed/prism_student_profile/Student performance (Polytechnic Institute of Portalegre).csv
STU-PIP-1826,Academic Performance,"{""Admission_Grade"": ""1"", ""Tuition_Paid"": ""1"", ""Target"": ""Graduate""}",data/processed/prism_student_profile/Student performance (Polytechnic Institute of Portalegre).csv
STU-PIP-1827,Academic Performance,"{""Admission_Grade"": ""1"", ""Tuition_Paid"": ""1"", ""Target"": ""Graduate""}",data/processed/prism_student_profile/Student performance (Polytechnic Institute of Portalegre).csv
STU-PIP-1828,Academic Performance,"{""Admission_Grade"": ""1"", ""Tuition_Paid"": ""1"", ""Target"": ""Enrolled""}",data/processed/prism_student_profile/Student performance (Polytechnic Institute of Portalegre).csv
STU-PIP-1829,Academic Performance,"{""Admission_Grade"": ""3"", ""Tuition_Paid"": ""0"", ""Target"": ""Dropout""}",data/processed/prism_student_profile/Student performance (Polytechnic Institute of Portalegre).csv
STU-PIP-1830,Academic Performance,"{""Admission_Grade"": ""1"", ""Tuition_Paid"": ""1"", ""Target"": ""Enrolled""}",data/processed/prism_student_profile/Student performance (Polytechnic Institute of Portalegre).csv
STU-PIP-1831,Academic Performance,"{""Admission_Grade"": ""1"", ""Tuition_Paid"": ""1"", ""Target"": ""Dropout""}",data/processed/prism_student_profile/Student performance (Polytechnic Institute of Portalegre).csv
STU-PIP-1832,Academic Performance,"{""Admission_Grade"": ""1"", ""Tuition_Paid"": ""1"", ""Target"": ""Graduate""}",data/processed/prism_student_profile/Student performance (Polytechnic Institute of Portalegre).csv
STU-PIP-1833,Academic Performance,"{""Admission_Grade"": ""1"", ""Tuition_Paid"": ""1"", ""Target"": ""Graduate""}",data/processed/prism_student_profile/Student performance (Polytechnic Institute of Portalegre).csv
STU-PIP-1834,Academic Performance,"{""Admission_Grade"": ""1"", ""Tuition_Paid"": ""0"", ""Target"": ""Dropout""}",data/processed/prism_student_profile/Student performance (Polytechnic Institute of Portalegre).csv
STU-PIP-1835,Academic Performance,"{""Admission_Grade"": ""1"", ""Tuition_Paid"": ""1"", ""Target"": ""Graduate""}",data/processed/prism_student_profile/Student performance (Polytechnic Institute of Portalegre).csv
STU-PIP-1836,Academic Performance,"{""Admission_Grade"": ""1"", ""Tuition_Paid"": ""1"", ""Target"": ""Graduate""}",data/processed/prism_student_profile/Student performance (Polytechnic Institute of Portalegre).csv
STU-PIP-1837,Academic Performance,"{""Admission_Grade"": ""1"", ""Tuition_Paid"": ""1"", ""Target"": ""Graduate""}",data/processed/prism_student_profile/Student performance (Polytechnic Institute of Portalegre).csv
STU-PIP-1838,Academic Performance,"{""Admission_Grade"": ""1"", ""Tuition_Paid"": ""1"", ""Target"": ""Enrolled""}",data/processed/prism_student_profile/Student performance (Polytechnic Institute of Portalegre).csv
STU-PIP-1839,Academic Performance,"{""Admission_Grade"": ""1"", ""Tuition_Paid"": ""1"", ""Target"": ""Graduate""}",data/processed/prism_student_profile/Student performance (Polytechnic Institute of Portalegre).csv
STU-PIP-1840,Academic Performance,"{""Admission_Grade"": ""1"", ""Tuition_Paid"": ""1"", ""Target"": ""Graduate""}",data/processed/prism_student_profile/Student performance (Polytechnic Institute of Portalegre).csv
STU-PIP-1841,Academic Performance,"{""Admission_Grade"": ""1"", ""Tuition_Paid"": ""1"", ""Target"": ""Dropout""}",data/processed/prism_student_profile/Student performance (Polytechnic Institute of Portalegre).csv
STU-PIP-1842,Academic Performance,"{""Admission_Grade"": ""1"", ""Tuition_Paid"": ""1"", ""Target"": ""Dropout""}",data/processed/prism_student_profile/Student performance (Polytechnic Institute of Portalegre).csv
STU-PIP-1843,Academic Performance,"{""Admission_Grade"": ""1"", ""Tuition_Paid"": ""1"", ""Target"": ""Graduate""}",data/processed/prism_student_profile/Student performance (Polytechnic Institute of Portalegre).csv
STU-PIP-1844,Academic Performance,"{""Admission_Grade"": ""1"", ""Tuition_Paid"": ""1"", ""Target"": ""Enrolled""}",data/processed/prism_student_profile/Student performance (Polytechnic Institute of Portalegre).csv
STU-PIP-1845,Academic Performance,"{""Admission_Grade"": ""1"", ""Tuition_Paid"": ""1"", ""Target"": ""Graduate""}",data/processed/prism_student_profile/Student performance (Polytechnic Institute of Portalegre).csv
STU-PIP-1846,Academic Performance,"{""Admission_Grade"": ""1"", ""Tuition_Paid"": ""1"", ""Target"": ""Dropout""}",data/processed/prism_student_profile/Student performance (Polytechnic Institute of Portalegre).csv
STU-PIP-1847,Academic Performance,"{""Admission_Grade"": ""1"", ""Tuition_Paid"": ""1"", ""Target"": ""Dropout""}",data/processed/prism_student_profile/Student performance (Polytechnic Institute of Portalegre).csv
STU-PIP-1848,Academic Performance,"{""Admission_Grade"": ""1"", ""Tuition_Paid"": ""1"", ""Target"": ""Dropout""}",data/processed/prism_student_profile/Student performance (Polytechnic Institute of Portalegre).csv
STU-PIP-1849,Academic Performance,"{""Admission_Grade"": ""1"", ""Tuition_Paid"": ""1"", ""Target"": ""Graduate""}",data/processed/prism_student_profile/Student performance (Polytechnic Institute of Portalegre).csv
STU-PIP-1850,Academic Performance,"{""Admission_Grade"": ""1"", ""Tuition_Paid"": ""1"", ""Target"": ""Enrolled""}",data/processed/prism_student_profile/Student performance (Polytechnic Institute of Portalegre).csv
STU-PIP-1851,Academic Performance,"{""Admission_Grade"": ""3"", ""Tuition_Paid"": ""0"", ""Target"": ""Dropout""}",data/processed/prism_student_profile/Student performance (Polytechnic Institute of Portalegre).csv
STU-PIP-1852,Academic Performance,"{""Admission_Grade"": ""1"", ""Tuition_Paid"": ""1"", ""Target"": ""Dropout""}",data/processed/prism_student_profile/Student performance (Polytechnic Institute of Portalegre).csv
STU-PIP-1853,Academic Performance,"{""Admission_Grade"": ""1"", ""Tuition_Paid"": ""1"", ""Target"": ""Graduate""}",data/processed/prism_student_profile/Student performance (Polytechnic Institute of Portalegre).csv
STU-PIP-1854,Academic Performance,"{""Admission_Grade"": ""39"", ""Tuition_Paid"": ""1"", ""Target"": ""Graduate""}",data/processed/prism_student_profile/Student performance (Polytechnic Institute of Portalegre).csv
STU-PIP-1855,Academic Performance,"{""Admission_Grade"": ""1"", ""Tuition_Paid"": ""0"", ""Target"": ""Dropout""}",data/processed/prism_student_profile/Student performance (Polytechnic Institute of Portalegre).csv
STU-PIP-1856,Academic Performance,"{""Admission_Grade"": ""19"", ""Tuition_Paid"": ""0"", ""Target"": ""Dropout""}",data/processed/prism_student_profile/Student performance (Polytechnic Institute of Portalegre).csv
STU-PIP-1857,Academic Performance,"{""Admission_Grade"": ""1"", ""Tuition_Paid"": ""0"", ""Target"": ""Graduate""}",data/processed/prism_student_profile/Student performance (Polytechnic Institute of Portalegre).csv
STU-PIP-1858,Academic Performance,"{""Admission_Grade"": ""1"", ""Tuition_Paid"": ""0"", ""Target"": ""Graduate""}",data/processed/prism_student_profile/Student performance (Polytechnic Institute of Portalegre).csv
STU-PIP-1859,Academic Performance,"{""Admission_Grade"": ""1"", ""Tuition_Paid"": ""1"", ""Target"": ""Graduate""}",data/processed/prism_student_profile/Student performance (Polytechnic Institute of Portalegre).csv
STU-PIP-1860,Academic Performance,"{""Admission_Grade"": ""1"", ""Tuition_Paid"": ""1"", ""Target"": ""Enrolled""}",data/processed/prism_student_profile/Student performance (Polytechnic Institute of Portalegre).csv
STU-PIP-1861,Academic Performance,"{""Admission_Grade"": ""1"", ""Tuition_Paid"": ""1"", ""Target"": ""Dropout""}",data/processed/prism_student_profile/Student performance (Polytechnic Institute of Portalegre).csv
STU-PIP-1862,Academic Performance,"{""Admission_Grade"": ""1"", ""Tuition_Paid"": ""1"", ""Target"": ""Enrolled""}",data/processed/prism_student_profile/Student performance (Polytechnic Institute of Portalegre).csv
STU-PIP-1863,Academic Performance,"{""Admission_Grade"": ""1"", ""Tuition_Paid"": ""0"", ""Target"": ""Dropout""}",data/processed/prism_student_profile/Student performance (Polytechnic Institute of Portalegre).csv
STU-PIP-1864,Academic Performance,"{""Admission_Grade"": ""1"", ""Tuition_Paid"": ""1"", ""Target"": ""Graduate""}",data/processed/prism_student_profile/Student performance (Polytechnic Institute of Portalegre).csv
STU-PIP-1865,Academic Performance,"{""Admission_Grade"": ""1"", ""Tuition_Paid"": ""1"", ""Target"": ""Dropout""}",data/processed/prism_student_profile/Student performance (Polytechnic Institute of Portalegre).csv
STU-PIP-1866,Academic Performance,"{""Admission_Grade"": ""1"", ""Tuition_Paid"": ""1"", ""Target"": ""Graduate""}",data/processed/prism_student_profile/Student performance (Polytechnic Institute of Portalegre).csv
STU-PIP-1867,Academic Performance,"{""Admission_Grade"": ""1"", ""Tuition_Paid"": ""0"", ""Target"": ""Dropout""}",data/processed/prism_student_profile/Student performance (Polytechnic Institute of Portalegre).csv
STU-PIP-1868,Academic Performance,"{""Admission_Grade"": ""1"", ""Tuition_Paid"": ""0"", ""Target"": ""Dropout""}",data/processed/prism_student_profile/Student performance (Polytechnic Institute of Portalegre).csv
STU-PIP-1869,Academic Performance,"{""Admission_Grade"": ""1"", ""Tuition_Paid"": ""1"", ""Target"": ""Graduate""}",data/processed/prism_student_profile/Student performance (Polytechnic Institute of Portalegre).csv
STU-PIP-1870,Academic Performance,"{""Admission_Grade"": ""1"", ""Tuition_Paid"": ""1"", ""Target"": ""Graduate""}",data/processed/prism_student_profile/Student performance (Polytechnic Institute of Portalegre).csv
STU-PIP-1871,Academic Performance,"{""Admission_Grade"": ""1"", ""Tuition_Paid"": ""0"", ""Target"": ""Dropout""}",data/processed/prism_student_profile/Student performance (Polytechnic Institute of Portalegre).csv
STU-PIP-1872,Academic Performance,"{""Admission_Grade"": ""1"", ""Tuition_Paid"": ""1"", ""Target"": ""Dropout""}",data/processed/prism_student_profile/Student performance (Polytechnic Institute of Portalegre).csv
STU-PIP-1873,Academic Performance,"{""Admission_Grade"": ""1"", ""Tuition_Paid"": ""1"", ""Target"": ""Graduate""}",data/processed/prism_student_profile/Student performance (Polytechnic Institute of Portalegre).csv
STU-PIP-1874,Academic Performance,"{""Admission_Grade"": ""1"", ""Tuition_Paid"": ""1"", ""Target"": ""Dropout""}",data/processed/prism_student_profile/Student performance (Polytechnic Institute of Portalegre).csv
STU-PIP-1875,Academic Performance,"{""Admission_Grade"": ""1"", ""Tuition_Paid"": ""1"", ""Target"": ""Graduate""}",data/processed/prism_student_profile/Student performance (Polytechnic Institute of Portalegre).csv
STU-PIP-1876,Academic Performance,"{""Admission_Grade"": ""1"", ""Tuition_Paid"": ""1"", ""Target"": ""Graduate""}",data/processed/prism_student_profile/Student performance (Polytechnic Institute of Portalegre).csv
STU-PIP-1877,Academic Performance,"{""Admission_Grade"": ""19"", ""Tuition_Paid"": ""1"", ""Target"": ""Dropout""}",data/processed/prism_student_profile/Student performance (Polytechnic Institute of Portalegre).csv
STU-PIP-1878,Academic Performance,"{""Admission_Grade"": ""1"", ""Tuition_Paid"": ""1"", ""Target"": ""Dropout""}",data/processed/prism_student_profile/Student performance (Polytechnic Institute of Portalegre).csv
STU-PIP-1879,Academic Performance,"{""Admission_Grade"": ""1"", ""Tuition_Paid"": ""0"", ""Target"": ""Dropout""}",data/processed/prism_student_profile/Student performance (Polytechnic Institute of Portalegre).csv
STU-PIP-1880,Academic Performance,"{""Admission_Grade"": ""1"", ""Tuition_Paid"": ""1"", ""Target"": ""Graduate""}",data/processed/prism_student_profile/Student performance (Polytechnic Institute of Portalegre).csv
STU-PIP-1881,Academic Performance,"{""Admission_Grade"": ""39"", ""Tuition_Paid"": ""1"", ""Target"": ""Enrolled""}",data/processed/prism_student_profile/Student performance (Polytechnic Institute of Portalegre).csv
STU-PIP-1882,Academic Performance,"{""Admission_Grade"": ""1"", ""Tuition_Paid"": ""1"", ""Target"": ""Dropout""}",data/processed/prism_student_profile/Student performance (Polytechnic Institute of Portalegre).csv
STU-PIP-1883,Academic Performance,"{""Admission_Grade"": ""1"", ""Tuition_Paid"": ""1"", ""Target"": ""Dropout""}",data/processed/prism_student_profile/Student performance (Polytechnic Institute of Portalegre).csv
STU-PIP-1884,Academic Performance,"{""Admission_Grade"": ""1"", ""Tuition_Paid"": ""1"", ""Target"": ""Graduate""}",data/processed/prism_student_profile/Student performance (Polytechnic Institute of Portalegre).csv
STU-PIP-1885,Academic Performance,"{""Admission_Grade"": ""1"", ""Tuition_Paid"": ""1"", ""Target"": ""Enrolled""}",data/processed/prism_student_profile/Student performance (Polytechnic Institute of Portalegre).csv
STU-PIP-1886,Academic Performance,"{""Admission_Grade"": ""1"", ""Tuition_Paid"": ""1"", ""Target"": ""Graduate""}",data/processed/prism_student_profile/Student performance (Polytechnic Institute of Portalegre).csv
STU-PIP-1887,Academic Performance,"{""Admission_Grade"": ""39"", ""Tuition_Paid"": ""0"", ""Target"": ""Dropout""}",data/processed/prism_student_profile/Student performance (Polytechnic Institute of Portalegre).csv
STU-PIP-1888,Academic Performance,"{""Admission_Grade"": ""1"", ""Tuition_Paid"": ""0"", ""Target"": ""Dropout""}",data/processed/prism_student_profile/Student performance (Polytechnic Institute of Portalegre).csv
STU-PIP-1889,Academic Performance,"{""Admission_Grade"": ""1"", ""Tuition_Paid"": ""1"", ""Target"": ""Graduate""}",data/processed/prism_student_profile/Student performance (Polytechnic Institute of Portalegre).csv
STU-PIP-1890,Academic Performance,"{""Admission_Grade"": ""1"", ""Tuition_Paid"": ""1"", ""Target"": ""Graduate""}",data/processed/prism_student_profile/Student performance (Polytechnic Institute of Portalegre).csv
STU-PIP-1891,Academic Performance,"{""Admission_Grade"": ""1"", ""Tuition_Paid"": ""1"", ""Target"": ""Graduate""}",data/processed/prism_student_profile/Student performance (Polytechnic Institute of Portalegre).csv
STU-PIP-1892,Academic Performance,"{""Admission_Grade"": ""1"", ""Tuition_Paid"": ""1"", ""Target"": ""Graduate""}",data/processed/prism_student_profile/Student performance (Polytechnic Institute of Portalegre).csv
STU-PIP-1893,Academic Performance,"{""Admission_Grade"": ""1"", ""Tuition_Paid"": ""1"", ""Target"": ""Dropout""}",data/processed/prism_student_profile/Student performance (Polytechnic Institute of Portalegre).csv
STU-PIP-1894,Academic Performance,"{""Admission_Grade"": ""1"", ""Tuition_Paid"": ""1"", ""Target"": ""Enrolled""}",data/processed/prism_student_profile/Student performance (Polytechnic Institute of Portalegre).csv
STU-PIP-1895,Academic Performance,"{""Admission_Grade"": ""1"", ""Tuition_Paid"": ""1"", ""Target"": ""Graduate""}",data/processed/prism_student_profile/Student performance (Polytechnic Institute of Portalegre).csv
STU-PIP-1896,Academic Performance,"{""Admission_Grade"": ""1"", ""Tuition_Paid"": ""1"", ""Target"": ""Enrolled""}",data/processed/prism_student_profile/Student performance (Polytechnic Institute of Portalegre).csv
STU-PIP-1897,Academic Performance,"{""Admission_Grade"": ""1"", ""Tuition_Paid"": ""1"", ""Target"": ""Enrolled""}",data/processed/prism_student_profile/Student performance (Polytechnic Institute of Portalegre).csv
STU-PIP-1898,Academic Performance,"{""Admission_Grade"": ""1"", ""Tuition_Paid"": ""0"", ""Target"": ""Dropout""}",data/processed/prism_student_profile/Student performance (Polytechnic Institute of Portalegre).csv
STU-PIP-1899,Academic Performance,"{""Admission_Grade"": ""1"", ""Tuition_Paid"": ""1"", ""Target"": ""Graduate""}",data/processed/prism_student_profile/Student performance (Polytechnic Institute of Portalegre).csv
STU-PIP-1900,Academic Performance,"{""Admission_Grade"": ""42"", ""Tuition_Paid"": ""1"", ""Target"": ""Graduate""}",data/processed/prism_student_profile/Student performance (Polytechnic Institute of Portalegre).csv
STU-PIP-1901,Academic Performance,"{""Admission_Grade"": ""1"", ""Tuition_Paid"": ""1"", ""Target"": ""Graduate""}",data/processed/prism_student_profile/Student performance (Polytechnic Institute of Portalegre).csv
STU-PIP-1902,Academic Performance,"{""Admission_Grade"": ""1"", ""Tuition_Paid"": ""1"", ""Target"": ""Graduate""}",data/processed/prism_student_profile/Student performance (Polytechnic Institute of Portalegre).csv
STU-PIP-1903,Academic Performance,"{""Admission_Grade"": ""1"", ""Tuition_Paid"": ""1"", ""Target"": ""Graduate""}",data/processed/prism_student_profile/Student performance (Polytechnic Institute of Portalegre).csv
STU-PIP-1904,Academic Performance,"{""Admission_Grade"": ""1"", ""Tuition_Paid"": ""1"", ""Target"": ""Graduate""}",data/processed/prism_student_profile/Student performance (Polytechnic Institute of Portalegre).csv
STU-PIP-1905,Academic Performance,"{""Admission_Grade"": ""1"", ""Tuition_Paid"": ""1"", ""Target"": ""Graduate""}",data/processed/prism_student_profile/Student performance (Polytechnic Institute of Portalegre).csv
STU-PIP-1906,Academic Performance,"{""Admission_Grade"": ""39"", ""Tuition_Paid"": ""1"", ""Target"": ""Graduate""}",data/processed/prism_student_profile/Student performance (Polytechnic Institute of Portalegre).csv
STU-PIP-1907,Academic Performance,"{""Admission_Grade"": ""1"", ""Tuition_Paid"": ""1"", ""Target"": ""Graduate""}",data/processed/prism_student_profile/Student performance (Polytechnic Institute of Portalegre).csv
STU-PIP-1908,Academic Performance,"{""Admission_Grade"": ""1"", ""Tuition_Paid"": ""1"", ""Target"": ""Graduate""}",data/processed/prism_student_profile/Student performance (Polytechnic Institute of Portalegre).csv
STU-PIP-1909,Academic Performance,"{""Admission_Grade"": ""1"", ""Tuition_Paid"": ""1"", ""Target"": ""Enrolled""}",data/processed/prism_student_profile/Student performance (Polytechnic Institute of Portalegre).csv
STU-PIP-1910,Academic Performance,"{""Admission_Grade"": ""1"", ""Tuition_Paid"": ""1"", ""Target"": ""Graduate""}",data/processed/prism_student_profile/Student performance (Polytechnic Institute of Portalegre).csv
STU-PIP-1911,Academic Performance,"{""Admission_Grade"": ""1"", ""Tuition_Paid"": ""1"", ""Target"": ""Graduate""}",data/processed/prism_student_profile/Student performance (Polytechnic Institute of Portalegre).csv
STU-PIP-1912,Academic Performance,"{""Admission_Grade"": ""1"", ""Tuition_Paid"": ""1"", ""Target"": ""Graduate""}",data/processed/prism_student_profile/Student performance (Polytechnic Institute of Portalegre).csv
STU-PIP-1913,Academic Performance,"{""Admission_Grade"": ""1"", ""Tuition_Paid"": ""1"", ""Target"": ""Graduate""}",data/processed/prism_student_profile/Student performance (Polytechnic Institute of Portalegre).csv
STU-PIP-1914,Academic Performance,"{""Admission_Grade"": ""1"", ""Tuition_Paid"": ""0"", ""Target"": ""Dropout""}",data/processed/prism_student_profile/Student performance (Polytechnic Institute of Portalegre).csv
STU-PIP-1915,Academic Performance,"{""Admission_Grade"": ""1"", ""Tuition_Paid"": ""1"", ""Target"": ""Graduate""}",data/processed/prism_student_profile/Student performance (Polytechnic Institute of Portalegre).csv
STU-PIP-1916,Academic Performance,"{""Admission_Grade"": ""1"", ""Tuition_Paid"": ""1"", ""Target"": ""Graduate""}",data/processed/prism_student_profile/Student performance (Polytechnic Institute of Portalegre).csv
STU-PIP-1917,Academic Performance,"{""Admission_Grade"": ""1"", ""Tuition_Paid"": ""1"", ""Target"": ""Graduate""}",data/processed/prism_student_profile/Student performance (Polytechnic Institute of Portalegre).csv
STU-PIP-1918,Academic Performance,"{""Admission_Grade"": ""1"", ""Tuition_Paid"": ""1"", ""Target"": ""Graduate""}",data/processed/prism_student_profile/Student performance (Polytechnic Institute of Portalegre).csv
STU-PIP-1919,Academic Performance,"{""Admission_Grade"": ""1"", ""Tuition_Paid"": ""1"", ""Target"": ""Graduate""}",data/processed/prism_student_profile/Student performance (Polytechnic Institute of Portalegre).csv
STU-PIP-1920,Academic Performance,"{""Admission_Grade"": ""1"", ""Tuition_Paid"": ""1"", ""Target"": ""Enrolled""}",data/processed/prism_student_profile/Student performance (Polytechnic Institute of Portalegre).csv
STU-PIP-1921,Academic Performance,"{""Admission_Grade"": ""39"", ""Tuition_Paid"": ""1"", ""Target"": ""Enrolled""}",data/processed/prism_student_profile/Student performance (Polytechnic Institute of Portalegre).csv
STU-PIP-1922,Academic Performance,"{""Admission_Grade"": ""1"", ""Tuition_Paid"": ""1"", ""Target"": ""Graduate""}",data/processed/prism_student_profile/Student performance (Polytechnic Institute of Portalegre).csv
STU-PIP-1923,Academic Performance,"{""Admission_Grade"": ""1"", ""Tuition_Paid"": ""1"", ""Target"": ""Enrolled""}",data/processed/prism_student_profile/Student performance (Polytechnic Institute of Portalegre).csv
STU-PIP-1924,Academic Performance,"{""Admission_Grade"": ""1"", ""Tuition_Paid"": ""1"", ""Target"": ""Graduate""}",data/processed/prism_student_profile/Student performance (Polytechnic Institute of Portalegre).csv
STU-PIP-1925,Academic Performance,"{""Admission_Grade"": ""1"", ""Tuition_Paid"": ""1"", ""Target"": ""Dropout""}",data/processed/prism_student_profile/Student performance (Polytechnic Institute of Portalegre).csv
STU-PIP-1926,Academic Performance,"{""Admission_Grade"": ""1"", ""Tuition_Paid"": ""1"", ""Target"": ""Graduate""}",data/processed/prism_student_profile/Student performance (Polytechnic Institute of Portalegre).csv
STU-PIP-1927,Academic Performance,"{""Admission_Grade"": ""1"", ""Tuition_Paid"": ""1"", ""Target"": ""Graduate""}",data/processed/prism_student_profile/Student performance (Polytechnic Institute of Portalegre).csv
STU-PIP-1928,Academic Performance,"{""Admission_Grade"": ""1"", ""Tuition_Paid"": ""1"", ""Target"": ""Graduate""}",data/processed/prism_student_profile/Student performance (Polytechnic Institute of Portalegre).csv
STU-PIP-1929,Academic Performance,"{""Admission_Grade"": ""1"", ""Tuition_Paid"": ""0"", ""Target"": ""Enrolled""}",data/processed/prism_student_profile/Student performance (Polytechnic Institute of Portalegre).csv
STU-PIP-1930,Academic Performance,"{""Admission_Grade"": ""1"", ""Tuition_Paid"": ""1"", ""Target"": ""Graduate""}",data/processed/prism_student_profile/Student performance (Polytechnic Institute of Portalegre).csv
STU-PIP-1931,Academic Performance,"{""Admission_Grade"": ""1"", ""Tuition_Paid"": ""1"", ""Target"": ""Graduate""}",data/processed/prism_student_profile/Student performance (Polytechnic Institute of Portalegre).csv
STU-PIP-1932,Academic Performance,"{""Admission_Grade"": ""1"", ""Tuition_Paid"": ""1"", ""Target"": ""Graduate""}",data/processed/prism_student_profile/Student performance (Polytechnic Institute of Portalegre).csv
STU-PIP-1933,Academic Performance,"{""Admission_Grade"": ""1"", ""Tuition_Paid"": ""1"", ""Target"": ""Graduate""}",data/processed/prism_student_profile/Student performance (Polytechnic Institute of Portalegre).csv
STU-PIP-1934,Academic Performance,"{""Admission_Grade"": ""19"", ""Tuition_Paid"": ""1"", ""Target"": ""Graduate""}",data/processed/prism_student_profile/Student performance (Polytechnic Institute of Portalegre).csv
STU-PIP-1935,Academic Performance,"{""Admission_Grade"": ""1"", ""Tuition_Paid"": ""1"", ""Target"": ""Graduate""}",data/processed/prism_student_profile/Student performance (Polytechnic Institute of Portalegre).csv
STU-PIP-1936,Academic Performance,"{""Admission_Grade"": ""1"", ""Tuition_Paid"": ""1"", ""Target"": ""Graduate""}",data/processed/prism_student_profile/Student performance (Polytechnic Institute of Portalegre).csv
STU-PIP-1937,Academic Performance,"{""Admission_Grade"": ""1"", ""Tuition_Paid"": ""1"", ""Target"": ""Graduate""}",data/processed/prism_student_profile/Student performance (Polytechnic Institute of Portalegre).csv
STU-PIP-1938,Academic Performance,"{""Admission_Grade"": ""1"", ""Tuition_Paid"": ""1"", ""Target"": ""Graduate""}",data/processed/prism_student_profile/Student performance (Polytechnic Institute of Portalegre).csv
STU-PIP-1939,Academic Performance,"{""Admission_Grade"": ""1"", ""Tuition_Paid"": ""1"", ""Target"": ""Dropout""}",data/processed/prism_student_profile/Student performance (Polytechnic Institute of Portalegre).csv
STU-PIP-1940,Academic Performance,"{""Admission_Grade"": ""1"", ""Tuition_Paid"": ""1"", ""Target"": ""Graduate""}",data/processed/prism_student_profile/Student performance (Polytechnic Institute of Portalegre).csv
STU-PIP-1941,Academic Performance,"{""Admission_Grade"": ""1"", ""Tuition_Paid"": ""1"", ""Target"": ""Graduate""}",data/processed/prism_student_profile/Student performance (Polytechnic Institute of Portalegre).csv
STU-PIP-1942,Academic Performance,"{""Admission_Grade"": ""1"", ""Tuition_Paid"": ""1"", ""Target"": ""Graduate""}",data/processed/prism_student_profile/Student performance (Polytechnic Institute of Portalegre).csv
STU-PIP-1943,Academic Performance,"{""Admission_Grade"": ""1"", ""Tuition_Paid"": ""1"", ""Target"": ""Graduate""}",data/processed/prism_student_profile/Student performance (Polytechnic Institute of Portalegre).csv
STU-PIP-1944,Academic Performance,"{""Admission_Grade"": ""1"", ""Tuition_Paid"": ""1"", ""Target"": ""Graduate""}",data/processed/prism_student_profile/Student performance (Polytechnic Institute of Portalegre).csv
STU-PIP-1945,Academic Performance,"{""Admission_Grade"": ""1"", ""Tuition_Paid"": ""1"", ""Target"": ""Dropout""}",data/processed/prism_student_profile/Student performance (Polytechnic Institute of Portalegre).csv
STU-PIP-1946,Academic Performance,"{""Admission_Grade"": ""1"", ""Tuition_Paid"": ""1"", ""Target"": ""Graduate""}",data/processed/prism_student_profile/Student performance (Polytechnic Institute of Portalegre).csv
STU-PIP-1947,Academic Performance,"{""Admission_Grade"": ""1"", ""Tuition_Paid"": ""1"", ""Target"": ""Graduate""}",data/processed/prism_student_profile/Student performance (Polytechnic Institute of Portalegre).csv
STU-PIP-1948,Academic Performance,"{""Admission_Grade"": ""1"", ""Tuition_Paid"": ""1"", ""Target"": ""Graduate""}",data/processed/prism_student_profile/Student performance (Polytechnic Institute of Portalegre).csv
STU-PIP-1949,Academic Performance,"{""Admission_Grade"": ""1"", ""Tuition_Paid"": ""1"", ""Target"": ""Graduate""}",data/processed/prism_student_profile/Student performance (Polytechnic Institute of Portalegre).csv
STU-PIP-1950,Academic Performance,"{""Admission_Grade"": ""1"", ""Tuition_Paid"": ""1"", ""Target"": ""Graduate""}",data/processed/prism_student_profile/Student performance (Polytechnic Institute of Portalegre).csv
STU-PIP-1951,Academic Performance,"{""Admission_Grade"": ""1"", ""Tuition_Paid"": ""1"", ""Target"": ""Dropout""}",data/processed/prism_student_profile/Student performance (Polytechnic Institute of Portalegre).csv
STU-PIP-1952,Academic Performance,"{""Admission_Grade"": ""1"", ""Tuition_Paid"": ""1"", ""Target"": ""Dropout""}",data/processed/prism_student_profile/Student performance (Polytechnic Institute of Portalegre).csv
STU-PIP-1953,Academic Performance,"{""Admission_Grade"": ""1"", ""Tuition_Paid"": ""0"", ""Target"": ""Dropout""}",data/processed/prism_student_profile/Student performance (Polytechnic Institute of Portalegre).csv
STU-PIP-1954,Academic Performance,"{""Admission_Grade"": ""1"", ""Tuition_Paid"": ""1"", ""Target"": ""Graduate""}",data/processed/prism_student_profile/Student performance (Polytechnic Institute of Portalegre).csv
STU-PIP-1955,Academic Performance,"{""Admission_Grade"": ""1"", ""Tuition_Paid"": ""1"", ""Target"": ""Enrolled""}",data/processed/prism_student_profile/Student performance (Polytechnic Institute of Portalegre).csv
STU-PIP-1956,Academic Performance,"{""Admission_Grade"": ""1"", ""Tuition_Paid"": ""1"", ""Target"": ""Graduate""}",data/processed/prism_student_profile/Student performance (Polytechnic Institute of Portalegre).csv
STU-PIP-1957,Academic Performance,"{""Admission_Grade"": ""1"", ""Tuition_Paid"": ""1"", ""Target"": ""Enrolled""}",data/processed/prism_student_profile/Student performance (Polytechnic Institute of Portalegre).csv
STU-PIP-1958,Academic Performance,"{""Admission_Grade"": ""3"", ""Tuition_Paid"": ""1"", ""Target"": ""Graduate""}",data/processed/prism_student_profile/Student performance (Polytechnic Institute of Portalegre).csv
STU-PIP-1959,Academic Performance,"{""Admission_Grade"": ""1"", ""Tuition_Paid"": ""1"", ""Target"": ""Dropout""}",data/processed/prism_student_profile/Student performance (Polytechnic Institute of Portalegre).csv
STU-PIP-1960,Academic Performance,"{""Admission_Grade"": ""42"", ""Tuition_Paid"": ""0"", ""Target"": ""Enrolled""}",data/processed/prism_student_profile/Student performance (Polytechnic Institute of Portalegre).csv
STU-PIP-1961,Academic Performance,"{""Admission_Grade"": ""1"", ""Tuition_Paid"": ""1"", ""Target"": ""Graduate""}",data/processed/prism_student_profile/Student performance (Polytechnic Institute of Portalegre).csv
STU-PIP-1962,Academic Performance,"{""Admission_Grade"": ""1"", ""Tuition_Paid"": ""1"", ""Target"": ""Enrolled""}",data/processed/prism_student_profile/Student performance (Polytechnic Institute of Portalegre).csv
STU-PIP-1963,Academic Performance,"{""Admission_Grade"": ""1"", ""Tuition_Paid"": ""1"", ""Target"": ""Graduate""}",data/processed/prism_student_profile/Student performance (Polytechnic Institute of Portalegre).csv
STU-PIP-1964,Academic Performance,"{""Admission_Grade"": ""1"", ""Tuition_Paid"": ""1"", ""Target"": ""Graduate""}",data/processed/prism_student_profile/Student performance (Polytechnic Institute of Portalegre).csv
STU-PIP-1965,Academic Performance,"{""Admission_Grade"": ""1"", ""Tuition_Paid"": ""1"", ""Target"": ""Graduate""}",data/processed/prism_student_profile/Student performance (Polytechnic Institute of Portalegre).csv
STU-PIP-1966,Academic Performance,"{""Admission_Grade"": ""4"", ""Tuition_Paid"": ""1"", ""Target"": ""Graduate""}",data/processed/prism_student_profile/Student performance (Polytechnic Institute of Portalegre).csv
STU-PIP-1967,Academic Performance,"{""Admission_Grade"": ""1"", ""Tuition_Paid"": ""1"", ""Target"": ""Graduate""}",data/processed/prism_student_profile/Student performance (Polytechnic Institute of Portalegre).csv
STU-PIP-1968,Academic Performance,"{""Admission_Grade"": ""1"", ""Tuition_Paid"": ""1"", ""Target"": ""Enrolled""}",data/processed/prism_student_profile/Student performance (Polytechnic Institute of Portalegre).csv
STU-PIP-1969,Academic Performance,"{""Admission_Grade"": ""1"", ""Tuition_Paid"": ""1"", ""Target"": ""Enrolled""}",data/processed/prism_student_profile/Student performance (Polytechnic Institute of Portalegre).csv
STU-PIP-1970,Academic Performance,"{""Admission_Grade"": ""1"", ""Tuition_Paid"": ""1"", ""Target"": ""Graduate""}",data/processed/prism_student_profile/Student performance (Polytechnic Institute of Portalegre).csv
STU-PIP-1971,Academic Performance,"{""Admission_Grade"": ""1"", ""Tuition_Paid"": ""1"", ""Target"": ""Enrolled""}",data/processed/prism_student_profile/Student performance (Polytechnic Institute of Portalegre).csv
STU-PIP-1972,Academic Performance,"{""Admission_Grade"": ""1"", ""Tuition_Paid"": ""1"", ""Target"": ""Graduate""}",data/processed/prism_student_profile/Student performance (Polytechnic Institute of Portalegre).csv
STU-PIP-1973,Academic Performance,"{""Admission_Grade"": ""1"", ""Tuition_Paid"": ""1"", ""Target"": ""Dropout""}",data/processed/prism_student_profile/Student performance (Polytechnic Institute of Portalegre).csv
STU-PIP-1974,Academic Performance,"{""Admission_Grade"": ""1"", ""Tuition_Paid"": ""1"", ""Target"": ""Graduate""}",data/processed/prism_student_profile/Student performance (Polytechnic Institute of Portalegre).csv
STU-PIP-1975,Academic Performance,"{""Admission_Grade"": ""1"", ""Tuition_Paid"": ""1"", ""Target"": ""Graduate""}",data/processed/prism_student_profile/Student performance (Polytechnic Institute of Portalegre).csv
STU-PIP-1976,Academic Performance,"{""Admission_Grade"": ""1"", ""Tuition_Paid"": ""1"", ""Target"": ""Dropout""}",data/processed/prism_student_profile/Student performance (Polytechnic Institute of Portalegre).csv
STU-PIP-1977,Academic Performance,"{""Admission_Grade"": ""1"", ""Tuition_Paid"": ""1"", ""Target"": ""Enrolled""}",data/processed/prism_student_profile/Student performance (Polytechnic Institute of Portalegre).csv
STU-PIP-1978,Academic Performance,"{""Admission_Grade"": ""39"", ""Tuition_Paid"": ""1"", ""Target"": ""Graduate""}",data/processed/prism_student_profile/Student performance (Polytechnic Institute of Portalegre).csv
STU-PIP-1979,Academic Performance,"{""Admission_Grade"": ""1"", ""Tuition_Paid"": ""1"", ""Target"": ""Enrolled""}",data/processed/prism_student_profile/Student performance (Polytechnic Institute of Portalegre).csv
STU-PIP-1980,Academic Performance,"{""Admission_Grade"": ""1"", ""Tuition_Paid"": ""1"", ""Target"": ""Graduate""}",data/processed/prism_student_profile/Student performance (Polytechnic Institute of Portalegre).csv
STU-PIP-1981,Academic Performance,"{""Admission_Grade"": ""1"", ""Tuition_Paid"": ""1"", ""Target"": ""Graduate""}",data/processed/prism_student_profile/Student performance (Polytechnic Institute of Portalegre).csv
STU-PIP-1982,Academic Performance,"{""Admission_Grade"": ""1"", ""Tuition_Paid"": ""1"", ""Target"": ""Graduate""}",data/processed/prism_student_profile/Student performance (Polytechnic Institute of Portalegre).csv
STU-PIP-1983,Academic Performance,"{""Admission_Grade"": ""39"", ""Tuition_Paid"": ""1"", ""Target"": ""Graduate""}",data/processed/prism_student_profile/Student performance (Polytechnic Institute of Portalegre).csv
STU-PIP-1984,Academic Performance,"{""Admission_Grade"": ""1"", ""Tuition_Paid"": ""1"", ""Target"": ""Graduate""}",data/processed/prism_student_profile/Student performance (Polytechnic Institute of Portalegre).csv
STU-PIP-1985,Academic Performance,"{""Admission_Grade"": ""1"", ""Tuition_Paid"": ""1"", ""Target"": ""Graduate""}",data/processed/prism_student_profile/Student performance (Polytechnic Institute of Portalegre).csv
STU-PIP-1986,Academic Performance,"{""Admission_Grade"": ""1"", ""Tuition_Paid"": ""1"", ""Target"": ""Graduate""}",data/processed/prism_student_profile/Student performance (Polytechnic Institute of Portalegre).csv
STU-PIP-1987,Academic Performance,"{""Admission_Grade"": ""2"", ""Tuition_Paid"": ""1"", ""Target"": ""Graduate""}",data/processed/prism_student_profile/Student performance (Polytechnic Institute of Portalegre).csv
STU-PIP-1988,Academic Performance,"{""Admission_Grade"": ""1"", ""Tuition_Paid"": ""1"", ""Target"": ""Enrolled""}",data/processed/prism_student_profile/Student performance (Polytechnic Institute of Portalegre).csv
STU-PIP-1989,Academic Performance,"{""Admission_Grade"": ""1"", ""Tuition_Paid"": ""1"", ""Target"": ""Graduate""}",data/processed/prism_student_profile/Student performance (Polytechnic Institute of Portalegre).csv
STU-PIP-1990,Academic Performance,"{""Admission_Grade"": ""1"", ""Tuition_Paid"": ""1"", ""Target"": ""Enrolled""}",data/processed/prism_student_profile/Student performance (Polytechnic Institute of Portalegre).csv
STU-PIP-1991,Academic Performance,"{""Admission_Grade"": ""1"", ""Tuition_Paid"": ""1"", ""Target"": ""Graduate""}",data/processed/prism_student_profile/Student performance (Polytechnic Institute of Portalegre).csv
STU-PIP-1992,Academic Performance,"{""Admission_Grade"": ""2"", ""Tuition_Paid"": ""1"", ""Target"": ""Dropout""}",data/processed/prism_student_profile/Student performance (Polytechnic Institute of Portalegre).csv
STU-PIP-1993,Academic Performance,"{""Admission_Grade"": ""1"", ""Tuition_Paid"": ""1"", ""Target"": ""Enrolled""}",data/processed/prism_student_profile/Student performance (Polytechnic Institute of Portalegre).csv
STU-PIP-1994,Academic Performance,"{""Admission_Grade"": ""1"", ""Tuition_Paid"": ""1"", ""Target"": ""Graduate""}",data/processed/prism_student_profile/Student performance (Polytechnic Institute of Portalegre).csv
STU-PIP-1995,Academic Performance,"{""Admission_Grade"": ""1"", ""Tuition_Paid"": ""1"", ""Target"": ""Dropout""}",data/processed/prism_student_profile/Student performance (Polytechnic Institute of Portalegre).csv
STU-PIP-1996,Academic Performance,"{""Admission_Grade"": ""1"", ""Tuition_Paid"": ""1"", ""Target"": ""Graduate""}",data/processed/prism_student_profile/Student performance (Polytechnic Institute of Portalegre).csv
STU-PIP-1997,Academic Performance,"{""Admission_Grade"": ""1"", ""Tuition_Paid"": ""1"", ""Target"": ""Graduate""}",data/processed/prism_student_profile/Student performance (Polytechnic Institute of Portalegre).csv
STU-PIP-1998,Academic Performance,"{""Admission_Grade"": ""1"", ""Tuition_Paid"": ""1"", ""Target"": ""Graduate""}",data/processed/prism_student_profile/Student performance (Polytechnic Institute of Portalegre).csv
STU-PIP-1999,Academic Performance,"{""Admission_Grade"": ""1"", ""Tuition_Paid"": ""1"", ""Target"": ""Dropout""}",data/processed/prism_student_profile/Student performance (Polytechnic Institute of Portalegre).csv
STU-PIP-2000,Academic Performance,"{""Admission_Grade"": ""1"", ""Tuition_Paid"": ""0"", ""Target"": ""Graduate""}",data/processed/prism_student_profile/Student performance (Polytechnic Institute of Portalegre).csv
STU-PIP-2001,Academic Performance,"{""Admission_Grade"": ""1"", ""Tuition_Paid"": ""0"", ""Target"": ""Dropout""}",data/processed/prism_student_profile/Student performance (Polytechnic Institute of Portalegre).csv
STU-PIP-2002,Academic Performance,"{""Admission_Grade"": ""1"", ""Tuition_Paid"": ""1"", ""Target"": ""Dropout""}",data/processed/prism_student_profile/Student performance (Polytechnic Institute of Portalegre).csv
STU-PIP-2003,Academic Performance,"{""Admission_Grade"": ""1"", ""Tuition_Paid"": ""1"", ""Target"": ""Graduate""}",data/processed/prism_student_profile/Student performance (Polytechnic Institute of Portalegre).csv
STU-PIP-2004,Academic Performance,"{""Admission_Grade"": ""1"", ""Tuition_Paid"": ""1"", ""Target"": ""Dropout""}",data/processed/prism_student_profile/Student performance (Polytechnic Institute of Portalegre).csv
STU-PIP-2005,Academic Performance,"{""Admission_Grade"": ""3"", ""Tuition_Paid"": ""0"", ""Target"": ""Dropout""}",data/processed/prism_student_profile/Student performance (Polytechnic Institute of Portalegre).csv
STU-PIP-2006,Academic Performance,"{""Admission_Grade"": ""1"", ""Tuition_Paid"": ""1"", ""Target"": ""Graduate""}",data/processed/prism_student_profile/Student performance (Polytechnic Institute of Portalegre).csv
STU-PIP-2007,Academic Performance,"{""Admission_Grade"": ""1"", ""Tuition_Paid"": ""1"", ""Target"": ""Graduate""}",data/processed/prism_student_profile/Student performance (Polytechnic Institute of Portalegre).csv
STU-PIP-2008,Academic Performance,"{""Admission_Grade"": ""1"", ""Tuition_Paid"": ""1"", ""Target"": ""Graduate""}",data/processed/prism_student_profile/Student performance (Polytechnic Institute of Portalegre).csv
STU-PIP-2009,Academic Performance,"{""Admission_Grade"": ""1"", ""Tuition_Paid"": ""1"", ""Target"": ""Graduate""}",data/processed/prism_student_profile/Student performance (Polytechnic Institute of Portalegre).csv
STU-PIP-2010,Academic Performance,"{""Admission_Grade"": ""1"", ""Tuition_Paid"": ""1"", ""Target"": ""Dropout""}",data/processed/prism_student_profile/Student performance (Polytechnic Institute of Portalegre).csv
STU-PIP-2011,Academic Performance,"{""Admission_Grade"": ""1"", ""Tuition_Paid"": ""1"", ""Target"": ""Graduate""}",data/processed/prism_student_profile/Student performance (Polytechnic Institute of Portalegre).csv
STU-PIP-2012,Academic Performance,"{""Admission_Grade"": ""1"", ""Tuition_Paid"": ""1"", ""Target"": ""Graduate""}",data/processed/prism_student_profile/Student performance (Polytechnic Institute of Portalegre).csv
STU-PIP-2013,Academic Performance,"{""Admission_Grade"": ""19"", ""Tuition_Paid"": ""1"", ""Target"": ""Dropout""}",data/processed/prism_student_profile/Student performance (Polytechnic Institute of Portalegre).csv
STU-PIP-2014,Academic Performance,"{""Admission_Grade"": ""1"", ""Tuition_Paid"": ""0"", ""Target"": ""Dropout""}",data/processed/prism_student_profile/Student performance (Polytechnic Institute of Portalegre).csv
STU-PIP-2015,Academic Performance,"{""Admission_Grade"": ""1"", ""Tuition_Paid"": ""0"", ""Target"": ""Dropout""}",data/processed/prism_student_profile/Student performance (Polytechnic Institute of Portalegre).csv
STU-PIP-2016,Academic Performance,"{""Admission_Grade"": ""1"", ""Tuition_Paid"": ""1"", ""Target"": ""Graduate""}",data/processed/prism_student_profile/Student performance (Polytechnic Institute of Portalegre).csv
STU-PIP-2017,Academic Performance,"{""Admission_Grade"": ""1"", ""Tuition_Paid"": ""1"", ""Target"": ""Graduate""}",data/processed/prism_student_profile/Student performance (Polytechnic Institute of Portalegre).csv
STU-PIP-2018,Academic Performance,"{""Admission_Grade"": ""1"", ""Tuition_Paid"": ""1"", ""Target"": ""Graduate""}",data/processed/prism_student_profile/Student performance (Polytechnic Institute of Portalegre).csv
STU-PIP-2019,Academic Performance,"{""Admission_Grade"": ""1"", ""Tuition_Paid"": ""1"", ""Target"": ""Enrolled""}",data/processed/prism_student_profile/Student performance (Polytechnic Institute of Portalegre).csv
STU-PIP-2020,Academic Performance,"{""Admission_Grade"": ""1"", ""Tuition_Paid"": ""1"", ""Target"": ""Graduate""}",data/processed/prism_student_profile/Student performance (Polytechnic Institute of Portalegre).csv
STU-PIP-2021,Academic Performance,"{""Admission_Grade"": ""1"", ""Tuition_Paid"": ""0"", ""Target"": ""Dropout""}",data/processed/prism_student_profile/Student performance (Polytechnic Institute of Portalegre).csv
STU-PIP-2022,Academic Performance,"{""Admission_Grade"": ""1"", ""Tuition_Paid"": ""0"", ""Target"": ""Dropout""}",data/processed/prism_student_profile/Student performance (Polytechnic Institute of Portalegre).csv
STU-PIP-2023,Academic Performance,"{""Admission_Grade"": ""1"", ""Tuition_Paid"": ""1"", ""Target"": ""Dropout""}",data/processed/prism_student_profile/Student performance (Polytechnic Institute of Portalegre).csv
STU-PIP-2024,Academic Performance,"{""Admission_Grade"": ""1"", ""Tuition_Paid"": ""1"", ""Target"": ""Graduate""}",data/processed/prism_student_profile/Student performance (Polytechnic Institute of Portalegre).csv
STU-PIP-2025,Academic Performance,"{""Admission_Grade"": ""1"", ""Tuition_Paid"": ""1"", ""Target"": ""Enrolled""}",data/processed/prism_student_profile/Student performance (Polytechnic Institute of Portalegre).csv
STU-PIP-2026,Academic Performance,"{""Admission_Grade"": ""1"", ""Tuition_Paid"": ""1"", ""Target"": ""Graduate""}",data/processed/prism_student_profile/Student performance (Polytechnic Institute of Portalegre).csv
STU-PIP-2027,Academic Performance,"{""Admission_Grade"": ""1"", ""Tuition_Paid"": ""1"", ""Target"": ""Graduate""}",data/processed/prism_student_profile/Student performance (Polytechnic Institute of Portalegre).csv
STU-PIP-2028,Academic Performance,"{""Admission_Grade"": ""1"", ""Tuition_Paid"": ""1"", ""Target"": ""Enrolled""}",data/processed/prism_student_profile/Student performance (Polytechnic Institute of Portalegre).csv
STU-PIP-2029,Academic Performance,"{""Admission_Grade"": ""1"", ""Tuition_Paid"": ""1"", ""Target"": ""Graduate""}",data/processed/prism_student_profile/Student performance (Polytechnic Institute of Portalegre).csv
STU-PIP-2030,Academic Performance,"{""Admission_Grade"": ""1"", ""Tuition_Paid"": ""1"", ""Target"": ""Graduate""}",data/processed/prism_student_profile/Student performance (Polytechnic Institute of Portalegre).csv
STU-PIP-2031,Academic Performance,"{""Admission_Grade"": ""1"", ""Tuition_Paid"": ""1"", ""Target"": ""Graduate""}",data/processed/prism_student_profile/Student performance (Polytechnic Institute of Portalegre).csv
STU-PIP-2032,Academic Performance,"{""Admission_Grade"": ""1"", ""Tuition_Paid"": ""1"", ""Target"": ""Dropout""}",data/processed/prism_student_profile/Student performance (Polytechnic Institute of Portalegre).csv
STU-PIP-2033,Academic Performance,"{""Admission_Grade"": ""1"", ""Tuition_Paid"": ""1"", ""Target"": ""Graduate""}",data/processed/prism_student_profile/Student performance (Polytechnic Institute of Portalegre).csv
STU-PIP-2034,Academic Performance,"{""Admission_Grade"": ""1"", ""Tuition_Paid"": ""1"", ""Target"": ""Dropout""}",data/processed/prism_student_profile/Student performance (Polytechnic Institute of Portalegre).csv
STU-PIP-2035,Academic Performance,"{""Admission_Grade"": ""19"", ""Tuition_Paid"": ""1"", ""Target"": ""Graduate""}",data/processed/prism_student_profile/Student performance (Polytechnic Institute of Portalegre).csv
STU-PIP-2036,Academic Performance,"{""Admission_Grade"": ""1"", ""Tuition_Paid"": ""1"", ""Target"": ""Enrolled""}",data/processed/prism_student_profile/Student performance (Polytechnic Institute of Portalegre).csv
STU-PIP-2037,Academic Performance,"{""Admission_Grade"": ""1"", ""Tuition_Paid"": ""1"", ""Target"": ""Dropout""}",data/processed/prism_student_profile/Student performance (Polytechnic Institute of Portalegre).csv
STU-PIP-2038,Academic Performance,"{""Admission_Grade"": ""3"", ""Tuition_Paid"": ""1"", ""Target"": ""Dropout""}",data/processed/prism_student_profile/Student performance (Polytechnic Institute of Portalegre).csv
STU-PIP-2039,Academic Performance,"{""Admission_Grade"": ""1"", ""Tuition_Paid"": ""1"", ""Target"": ""Graduate""}",data/processed/prism_student_profile/Student performance (Polytechnic Institute of Portalegre).csv
STU-PIP-2040,Academic Performance,"{""Admission_Grade"": ""1"", ""Tuition_Paid"": ""1"", ""Target"": ""Graduate""}",data/processed/prism_student_profile/Student performance (Polytechnic Institute of Portalegre).csv
STU-PIP-2041,Academic Performance,"{""Admission_Grade"": ""1"", ""Tuition_Paid"": ""0"", ""Target"": ""Dropout""}",data/processed/prism_student_profile/Student performance (Polytechnic Institute of Portalegre).csv
STU-PIP-2042,Academic Performance,"{""Admission_Grade"": ""1"", ""Tuition_Paid"": ""1"", ""Target"": ""Graduate""}",data/processed/prism_student_profile/Student performance (Polytechnic Institute of Portalegre).csv
STU-PIP-2043,Academic Performance,"{""Admission_Grade"": ""1"", ""Tuition_Paid"": ""1"", ""Target"": ""Graduate""}",data/processed/prism_student_profile/Student performance (Polytechnic Institute of Portalegre).csv
STU-PIP-2044,Academic Performance,"{""Admission_Grade"": ""1"", ""Tuition_Paid"": ""1"", ""Target"": ""Graduate""}",data/processed/prism_student_profile/Student performance (Polytechnic Institute of Portalegre).csv
STU-PIP-2045,Academic Performance,"{""Admission_Grade"": ""39"", ""Tuition_Paid"": ""1"", ""Target"": ""Graduate""}",data/processed/prism_student_profile/Student performance (Polytechnic Institute of Portalegre).csv
STU-PIP-2046,Academic Performance,"{""Admission_Grade"": ""1"", ""Tuition_Paid"": ""1"", ""Target"": ""Graduate""}",data/processed/prism_student_profile/Student performance (Polytechnic Institute of Portalegre).csv
STU-PIP-2047,Academic Performance,"{""Admission_Grade"": ""1"", ""Tuition_Paid"": ""1"", ""Target"": ""Dropout""}",data/processed/prism_student_profile/Student performance (Polytechnic Institute of Portalegre).csv
STU-PIP-2048,Academic Performance,"{""Admission_Grade"": ""1"", ""Tuition_Paid"": ""1"", ""Target"": ""Dropout""}",data/processed/prism_student_profile/Student performance (Polytechnic Institute of Portalegre).csv
STU-PIP-2049,Academic Performance,"{""Admission_Grade"": ""1"", ""Tuition_Paid"": ""1"", ""Target"": ""Graduate""}",data/processed/prism_student_profile/Student performance (Polytechnic Institute of Portalegre).csv
STU-PIP-2050,Academic Performance,"{""Admission_Grade"": ""1"", ""Tuition_Paid"": ""1"", ""Target"": ""Graduate""}",data/processed/prism_student_profile/Student performance (Polytechnic Institute of Portalegre).csv
STU-PIP-2051,Academic Performance,"{""Admission_Grade"": ""1"", ""Tuition_Paid"": ""1"", ""Target"": ""Graduate""}",data/processed/prism_student_profile/Student performance (Polytechnic Institute of Portalegre).csv
STU-PIP-2052,Academic Performance,"{""Admission_Grade"": ""1"", ""Tuition_Paid"": ""1"", ""Target"": ""Graduate""}",data/processed/prism_student_profile/Student performance (Polytechnic Institute of Portalegre).csv
STU-PIP-2053,Academic Performance,"{""Admission_Grade"": ""1"", ""Tuition_Paid"": ""1"", ""Target"": ""Dropout""}",data/processed/prism_student_profile/Student performance (Polytechnic Institute of Portalegre).csv
STU-PIP-2054,Academic Performance,"{""Admission_Grade"": ""1"", ""Tuition_Paid"": ""1"", ""Target"": ""Enrolled""}",data/processed/prism_student_profile/Student performance (Polytechnic Institute of Portalegre).csv
STU-PIP-2055,Academic Performance,"{""Admission_Grade"": ""1"", ""Tuition_Paid"": ""1"", ""Target"": ""Graduate""}",data/processed/prism_student_profile/Student performance (Polytechnic Institute of Portalegre).csv
STU-PIP-2056,Academic Performance,"{""Admission_Grade"": ""1"", ""Tuition_Paid"": ""1"", ""Target"": ""Graduate""}",data/processed/prism_student_profile/Student performance (Polytechnic Institute of Portalegre).csv
STU-PIP-2057,Academic Performance,"{""Admission_Grade"": ""42"", ""Tuition_Paid"": ""1"", ""Target"": ""Graduate""}",data/processed/prism_student_profile/Student performance (Polytechnic Institute of Portalegre).csv
STU-PIP-2058,Academic Performance,"{""Admission_Grade"": ""39"", ""Tuition_Paid"": ""1"", ""Target"": ""Enrolled""}",data/processed/prism_student_profile/Student performance (Polytechnic Institute of Portalegre).csv
STU-PIP-2059,Academic Performance,"{""Admission_Grade"": ""1"", ""Tuition_Paid"": ""1"", ""Target"": ""Graduate""}",data/processed/prism_student_profile/Student performance (Polytechnic Institute of Portalegre).csv
STU-PIP-2060,Academic Performance,"{""Admission_Grade"": ""39"", ""Tuition_Paid"": ""0"", ""Target"": ""Dropout""}",data/processed/prism_student_profile/Student performance (Polytechnic Institute of Portalegre).csv
STU-PIP-2061,Academic Performance,"{""Admission_Grade"": ""1"", ""Tuition_Paid"": ""1"", ""Target"": ""Graduate""}",data/processed/prism_student_profile/Student performance (Polytechnic Institute of Portalegre).csv
STU-PIP-2062,Academic Performance,"{""Admission_Grade"": ""1"", ""Tuition_Paid"": ""1"", ""Target"": ""Graduate""}",data/processed/prism_student_profile/Student performance (Polytechnic Institute of Portalegre).csv
STU-PIP-2063,Academic Performance,"{""Admission_Grade"": ""1"", ""Tuition_Paid"": ""1"", ""Target"": ""Graduate""}",data/processed/prism_student_profile/Student performance (Polytechnic Institute of Portalegre).csv
STU-PIP-2064,Academic Performance,"{""Admission_Grade"": ""1"", ""Tuition_Paid"": ""1"", ""Target"": ""Graduate""}",data/processed/prism_student_profile/Student performance (Polytechnic Institute of Portalegre).csv
STU-PIP-2065,Academic Performance,"{""Admission_Grade"": ""1"", ""Tuition_Paid"": ""1"", ""Target"": ""Graduate""}",data/processed/prism_student_profile/Student performance (Polytechnic Institute of Portalegre).csv
STU-PIP-2066,Academic Performance,"{""Admission_Grade"": ""1"", ""Tuition_Paid"": ""1"", ""Target"": ""Graduate""}",data/processed/prism_student_profile/Student performance (Polytechnic Institute of Portalegre).csv
STU-PIP-2067,Academic Performance,"{""Admission_Grade"": ""1"", ""Tuition_Paid"": ""1"", ""Target"": ""Graduate""}",data/processed/prism_student_profile/Student performance (Polytechnic Institute of Portalegre).csv
STU-PIP-2068,Academic Performance,"{""Admission_Grade"": ""1"", ""Tuition_Paid"": ""1"", ""Target"": ""Graduate""}",data/processed/prism_student_profile/Student performance (Polytechnic Institute of Portalegre).csv
STU-PIP-2069,Academic Performance,"{""Admission_Grade"": ""1"", ""Tuition_Paid"": ""1"", ""Target"": ""Enrolled""}",data/processed/prism_student_profile/Student performance (Polytechnic Institute of Portalegre).csv
STU-PIP-2070,Academic Performance,"{""Admission_Grade"": ""1"", ""Tuition_Paid"": ""0"", ""Target"": ""Dropout""}",data/processed/prism_student_profile/Student performance (Polytechnic Institute of Portalegre).csv
STU-PIP-2071,Academic Performance,"{""Admission_Grade"": ""1"", ""Tuition_Paid"": ""1"", ""Target"": ""Graduate""}",data/processed/prism_student_profile/Student performance (Polytechnic Institute of Portalegre).csv
STU-PIP-2072,Academic Performance,"{""Admission_Grade"": ""1"", ""Tuition_Paid"": ""1"", ""Target"": ""Graduate""}",data/processed/prism_student_profile/Student performance (Polytechnic Institute of Portalegre).csv
STU-PIP-2073,Academic Performance,"{""Admission_Grade"": ""1"", ""Tuition_Paid"": ""1"", ""Target"": ""Graduate""}",data/processed/prism_student_profile/Student performance (Polytechnic Institute of Portalegre).csv
STU-PIP-2074,Academic Performance,"{""Admission_Grade"": ""1"", ""Tuition_Paid"": ""1"", ""Target"": ""Graduate""}",data/processed/prism_student_profile/Student performance (Polytechnic Institute of Portalegre).csv
STU-PIP-2075,Academic Performance,"{""Admission_Grade"": ""1"", ""Tuition_Paid"": ""1"", ""Target"": ""Graduate""}",data/processed/prism_student_profile/Student performance (Polytechnic Institute of Portalegre).csv
STU-PIP-2076,Academic Performance,"{""Admission_Grade"": ""1"", ""Tuition_Paid"": ""1"", ""Target"": ""Graduate""}",data/processed/prism_student_profile/Student performance (Polytechnic Institute of Portalegre).csv
STU-PIP-2077,Academic Performance,"{""Admission_Grade"": ""1"", ""Tuition_Paid"": ""1"", ""Target"": ""Graduate""}",data/processed/prism_student_profile/Student performance (Polytechnic Institute of Portalegre).csv
STU-PIP-2078,Academic Performance,"{""Admission_Grade"": ""1"", ""Tuition_Paid"": ""1"", ""Target"": ""Graduate""}",data/processed/prism_student_profile/Student performance (Polytechnic Institute of Portalegre).csv
STU-PIP-2079,Academic Performance,"{""Admission_Grade"": ""1"", ""Tuition_Paid"": ""1"", ""Target"": ""Graduate""}",data/processed/prism_student_profile/Student performance (Polytechnic Institute of Portalegre).csv
STU-PIP-2080,Academic Performance,"{""Admission_Grade"": ""1"", ""Tuition_Paid"": ""1"", ""Target"": ""Graduate""}",data/processed/prism_student_profile/Student performance (Polytechnic Institute of Portalegre).csv
STU-PIP-2081,Academic Performance,"{""Admission_Grade"": ""1"", ""Tuition_Paid"": ""1"", ""Target"": ""Graduate""}",data/processed/prism_student_profile/Student performance (Polytechnic Institute of Portalegre).csv
STU-PIP-2082,Academic Performance,"{""Admission_Grade"": ""1"", ""Tuition_Paid"": ""1"", ""Target"": ""Graduate""}",data/processed/prism_student_profile/Student performance (Polytechnic Institute of Portalegre).csv
STU-PIP-2083,Academic Performance,"{""Admission_Grade"": ""1"", ""Tuition_Paid"": ""1"", ""Target"": ""Graduate""}",data/processed/prism_student_profile/Student performance (Polytechnic Institute of Portalegre).csv
STU-PIP-2084,Academic Performance,"{""Admission_Grade"": ""1"", ""Tuition_Paid"": ""1"", ""Target"": ""Graduate""}",data/processed/prism_student_profile/Student performance (Polytechnic Institute of Portalegre).csv
STU-PIP-2085,Academic Performance,"{""Admission_Grade"": ""1"", ""Tuition_Paid"": ""1"", ""Target"": ""Graduate""}",data/processed/prism_student_profile/Student performance (Polytechnic Institute of Portalegre).csv
STU-PIP-2086,Academic Performance,"{""Admission_Grade"": ""1"", ""Tuition_Paid"": ""0"", ""Target"": ""Dropout""}",data/processed/prism_student_profile/Student performance (Polytechnic Institute of Portalegre).csv
STU-PIP-2087,Academic Performance,"{""Admission_Grade"": ""3"", ""Tuition_Paid"": ""1"", ""Target"": ""Dropout""}",data/processed/prism_student_profile/Student performance (Polytechnic Institute of Portalegre).csv
STU-PIP-2088,Academic Performance,"{""Admission_Grade"": ""1"", ""Tuition_Paid"": ""1"", ""Target"": ""Dropout""}",data/processed/prism_student_profile/Student performance (Polytechnic Institute of Portalegre).csv
STU-PIP-2089,Academic Performance,"{""Admission_Grade"": ""1"", ""Tuition_Paid"": ""1"", ""Target"": ""Graduate""}",data/processed/prism_student_profile/Student performance (Polytechnic Institute of Portalegre).csv
STU-PIP-2090,Academic Performance,"{""Admission_Grade"": ""19"", ""Tuition_Paid"": ""0"", ""Target"": ""Dropout""}",data/processed/prism_student_profile/Student performance (Polytechnic Institute of Portalegre).csv
STU-PIP-2091,Academic Performance,"{""Admission_Grade"": ""1"", ""Tuition_Paid"": ""1"", ""Target"": ""Graduate""}",data/processed/prism_student_profile/Student performance (Polytechnic Institute of Portalegre).csv
STU-PIP-2092,Academic Performance,"{""Admission_Grade"": ""1"", ""Tuition_Paid"": ""1"", ""Target"": ""Enrolled""}",data/processed/prism_student_profile/Student performance (Polytechnic Institute of Portalegre).csv
STU-PIP-2093,Academic Performance,"{""Admission_Grade"": ""1"", ""Tuition_Paid"": ""1"", ""Target"": ""Graduate""}",data/processed/prism_student_profile/Student performance (Polytechnic Institute of Portalegre).csv
STU-PIP-2094,Academic Performance,"{""Admission_Grade"": ""1"", ""Tuition_Paid"": ""1"", ""Target"": ""Graduate""}",data/processed/prism_student_profile/Student performance (Polytechnic Institute of Portalegre).csv
STU-PIP-2095,Academic Performance,"{""Admission_Grade"": ""1"", ""Tuition_Paid"": ""0"", ""Target"": ""Dropout""}",data/processed/prism_student_profile/Student performance (Polytechnic Institute of Portalegre).csv
STU-PIP-2096,Academic Performance,"{""Admission_Grade"": ""1"", ""Tuition_Paid"": ""1"", ""Target"": ""Graduate""}",data/processed/prism_student_profile/Student performance (Polytechnic Institute of Portalegre).csv
STU-PIP-2097,Academic Performance,"{""Admission_Grade"": ""3"", ""Tuition_Paid"": ""1"", ""Target"": ""Dropout""}",data/processed/prism_student_profile/Student performance (Polytechnic Institute of Portalegre).csv
STU-PIP-2098,Academic Performance,"{""Admission_Grade"": ""1"", ""Tuition_Paid"": ""1"", ""Target"": ""Graduate""}",data/processed/prism_student_profile/Student performance (Polytechnic Institute of Portalegre).csv
STU-PIP-2099,Academic Performance,"{""Admission_Grade"": ""1"", ""Tuition_Paid"": ""1"", ""Target"": ""Graduate""}",data/processed/prism_student_profile/Student performance (Polytechnic Institute of Portalegre).csv
STU-PIP-2100,Academic Performance,"{""Admission_Grade"": ""1"", ""Tuition_Paid"": ""1"", ""Target"": ""Dropout""}",data/processed/prism_student_profile/Student performance (Polytechnic Institute of Portalegre).csv
STU-PIP-2101,Academic Performance,"{""Admission_Grade"": ""1"", ""Tuition_Paid"": ""1"", ""Target"": ""Enrolled""}",data/processed/prism_student_profile/Student performance (Polytechnic Institute of Portalegre).csv
STU-PIP-2102,Academic Performance,"{""Admission_Grade"": ""1"", ""Tuition_Paid"": ""1"", ""Target"": ""Graduate""}",data/processed/prism_student_profile/Student performance (Polytechnic Institute of Portalegre).csv
STU-PIP-2103,Academic Performance,"{""Admission_Grade"": ""1"", ""Tuition_Paid"": ""1"", ""Target"": ""Graduate""}",data/processed/prism_student_profile/Student performance (Polytechnic Institute of Portalegre).csv
STU-PIP-2104,Academic Performance,"{""Admission_Grade"": ""1"", ""Tuition_Paid"": ""0"", ""Target"": ""Dropout""}",data/processed/prism_student_profile/Student performance (Polytechnic Institute of Portalegre).csv
STU-PIP-2105,Academic Performance,"{""Admission_Grade"": ""1"", ""Tuition_Paid"": ""1"", ""Target"": ""Graduate""}",data/processed/prism_student_profile/Student performance (Polytechnic Institute of Portalegre).csv
STU-PIP-2106,Academic Performance,"{""Admission_Grade"": ""1"", ""Tuition_Paid"": ""1"", ""Target"": ""Enrolled""}",data/processed/prism_student_profile/Student performance (Polytechnic Institute of Portalegre).csv
STU-PIP-2107,Academic Performance,"{""Admission_Grade"": ""1"", ""Tuition_Paid"": ""1"", ""Target"": ""Enrolled""}",data/processed/prism_student_profile/Student performance (Polytechnic Institute of Portalegre).csv
STU-PIP-2108,Academic Performance,"{""Admission_Grade"": ""1"", ""Tuition_Paid"": ""1"", ""Target"": ""Graduate""}",data/processed/prism_student_profile/Student performance (Polytechnic Institute of Portalegre).csv
STU-PIP-2109,Academic Performance,"{""Admission_Grade"": ""1"", ""Tuition_Paid"": ""1"", ""Target"": ""Enrolled""}",data/processed/prism_student_profile/Student performance (Polytechnic Institute of Portalegre).csv
STU-PIP-2110,Academic Performance,"{""Admission_Grade"": ""39"", ""Tuition_Paid"": ""1"", ""Target"": ""Graduate""}",data/processed/prism_student_profile/Student performance (Polytechnic Institute of Portalegre).csv
STU-PIP-2111,Academic Performance,"{""Admission_Grade"": ""39"", ""Tuition_Paid"": ""1"", ""Target"": ""Enrolled""}",data/processed/prism_student_profile/Student performance (Polytechnic Institute of Portalegre).csv
STU-PIP-2112,Academic Performance,"{""Admission_Grade"": ""1"", ""Tuition_Paid"": ""1"", ""Target"": ""Graduate""}",data/processed/prism_student_profile/Student performance (Polytechnic Institute of Portalegre).csv
STU-PIP-2113,Academic Performance,"{""Admission_Grade"": ""1"", ""Tuition_Paid"": ""1"", ""Target"": ""Graduate""}",data/processed/prism_student_profile/Student performance (Polytechnic Institute of Portalegre).csv
STU-PIP-2114,Academic Performance,"{""Admission_Grade"": ""1"", ""Tuition_Paid"": ""1"", ""Target"": ""Graduate""}",data/processed/prism_student_profile/Student performance (Polytechnic Institute of Portalegre).csv
STU-PIP-2115,Academic Performance,"{""Admission_Grade"": ""1"", ""Tuition_Paid"": ""1"", ""Target"": ""Dropout""}",data/processed/prism_student_profile/Student performance (Polytechnic Institute of Portalegre).csv
STU-PIP-2116,Academic Performance,"{""Admission_Grade"": ""1"", ""Tuition_Paid"": ""1"", ""Target"": ""Dropout""}",data/processed/prism_student_profile/Student performance (Polytechnic Institute of Portalegre).csv
STU-PIP-2117,Academic Performance,"{""Admission_Grade"": ""1"", ""Tuition_Paid"": ""1"", ""Target"": ""Graduate""}",data/processed/prism_student_profile/Student performance (Polytechnic Institute of Portalegre).csv
STU-PIP-2118,Academic Performance,"{""Admission_Grade"": ""1"", ""Tuition_Paid"": ""1"", ""Target"": ""Dropout""}",data/processed/prism_student_profile/Student performance (Polytechnic Institute of Portalegre).csv
STU-PIP-2119,Academic Performance,"{""Admission_Grade"": ""1"", ""Tuition_Paid"": ""1"", ""Target"": ""Graduate""}",data/processed/prism_student_profile/Student performance (Polytechnic Institute of Portalegre).csv
STU-PIP-2120,Academic Performance,"{""Admission_Grade"": ""1"", ""Tuition_Paid"": ""1"", ""Target"": ""Enrolled""}",data/processed/prism_student_profile/Student performance (Polytechnic Institute of Portalegre).csv
STU-PIP-2121,Academic Performance,"{""Admission_Grade"": ""1"", ""Tuition_Paid"": ""0"", ""Target"": ""Dropout""}",data/processed/prism_student_profile/Student performance (Polytechnic Institute of Portalegre).csv
STU-PIP-2122,Academic Performance,"{""Admission_Grade"": ""1"", ""Tuition_Paid"": ""1"", ""Target"": ""Graduate""}",data/processed/prism_student_profile/Student performance (Polytechnic Institute of Portalegre).csv
STU-PIP-2123,Academic Performance,"{""Admission_Grade"": ""1"", ""Tuition_Paid"": ""1"", ""Target"": ""Graduate""}",data/processed/prism_student_profile/Student performance (Polytechnic Institute of Portalegre).csv
STU-PIP-2124,Academic Performance,"{""Admission_Grade"": ""1"", ""Tuition_Paid"": ""1"", ""Target"": ""Dropout""}",data/processed/prism_student_profile/Student performance (Polytechnic Institute of Portalegre).csv
STU-PIP-2125,Academic Performance,"{""Admission_Grade"": ""1"", ""Tuition_Paid"": ""1"", ""Target"": ""Graduate""}",data/processed/prism_student_profile/Student performance (Polytechnic Institute of Portalegre).csv
STU-PIP-2126,Academic Performance,"{""Admission_Grade"": ""1"", ""Tuition_Paid"": ""1"", ""Target"": ""Dropout""}",data/processed/prism_student_profile/Student performance (Polytechnic Institute of Portalegre).csv
STU-PIP-2127,Academic Performance,"{""Admission_Grade"": ""1"", ""Tuition_Paid"": ""1"", ""Target"": ""Dropout""}",data/processed/prism_student_profile/Student performance (Polytechnic Institute of Portalegre).csv
STU-PIP-2128,Academic Performance,"{""Admission_Grade"": ""1"", ""Tuition_Paid"": ""0"", ""Target"": ""Dropout""}",data/processed/prism_student_profile/Student performance (Polytechnic Institute of Portalegre).csv
STU-PIP-2129,Academic Performance,"{""Admission_Grade"": ""1"", ""Tuition_Paid"": ""1"", ""Target"": ""Dropout""}",data/processed/prism_student_profile/Student performance (Polytechnic Institute of Portalegre).csv
STU-PIP-2130,Academic Performance,"{""Admission_Grade"": ""1"", ""Tuition_Paid"": ""1"", ""Target"": ""Graduate""}",data/processed/prism_student_profile/Student performance (Polytechnic Institute of Portalegre).csv
STU-PIP-2131,Academic Performance,"{""Admission_Grade"": ""1"", ""Tuition_Paid"": ""1"", ""Target"": ""Enrolled""}",data/processed/prism_student_profile/Student performance (Polytechnic Institute of Portalegre).csv
STU-PIP-2132,Academic Performance,"{""Admission_Grade"": ""1"", ""Tuition_Paid"": ""1"", ""Target"": ""Graduate""}",data/processed/prism_student_profile/Student performance (Polytechnic Institute of Portalegre).csv
STU-PIP-2133,Academic Performance,"{""Admission_Grade"": ""1"", ""Tuition_Paid"": ""1"", ""Target"": ""Graduate""}",data/processed/prism_student_profile/Student performance (Polytechnic Institute of Portalegre).csv
STU-PIP-2134,Academic Performance,"{""Admission_Grade"": ""1"", ""Tuition_Paid"": ""1"", ""Target"": ""Graduate""}",data/processed/prism_student_profile/Student performance (Polytechnic Institute of Portalegre).csv
STU-PIP-2135,Academic Performance,"{""Admission_Grade"": ""1"", ""Tuition_Paid"": ""1"", ""Target"": ""Graduate""}",data/processed/prism_student_profile/Student performance (Polytechnic Institute of Portalegre).csv
STU-PIP-2136,Academic Performance,"{""Admission_Grade"": ""1"", ""Tuition_Paid"": ""1"", ""Target"": ""Dropout""}",data/processed/prism_student_profile/Student performance (Polytechnic Institute of Portalegre).csv
STU-PIP-2137,Academic Performance,"{""Admission_Grade"": ""1"", ""Tuition_Paid"": ""0"", ""Target"": ""Graduate""}",data/processed/prism_student_profile/Student performance (Polytechnic Institute of Portalegre).csv
STU-PIP-2138,Academic Performance,"{""Admission_Grade"": ""1"", ""Tuition_Paid"": ""1"", ""Target"": ""Graduate""}",data/processed/prism_student_profile/Student performance (Polytechnic Institute of Portalegre).csv
STU-PIP-2139,Academic Performance,"{""Admission_Grade"": ""1"", ""Tuition_Paid"": ""1"", ""Target"": ""Graduate""}",data/processed/prism_student_profile/Student performance (Polytechnic Institute of Portalegre).csv
STU-PIP-2140,Academic Performance,"{""Admission_Grade"": ""1"", ""Tuition_Paid"": ""0"", ""Target"": ""Dropout""}",data/processed/prism_student_profile/Student performance (Polytechnic Institute of Portalegre).csv
STU-PIP-2141,Academic Performance,"{""Admission_Grade"": ""1"", ""Tuition_Paid"": ""1"", ""Target"": ""Enrolled""}",data/processed/prism_student_profile/Student performance (Polytechnic Institute of Portalegre).csv
STU-PIP-2142,Academic Performance,"{""Admission_Grade"": ""1"", ""Tuition_Paid"": ""1"", ""Target"": ""Graduate""}",data/processed/prism_student_profile/Student performance (Polytechnic Institute of Portalegre).csv
STU-PIP-2143,Academic Performance,"{""Admission_Grade"": ""1"", ""Tuition_Paid"": ""1"", ""Target"": ""Graduate""}",data/processed/prism_student_profile/Student performance (Polytechnic Institute of Portalegre).csv
STU-PIP-2144,Academic Performance,"{""Admission_Grade"": ""1"", ""Tuition_Paid"": ""1"", ""Target"": ""Graduate""}",data/processed/prism_student_profile/Student performance (Polytechnic Institute of Portalegre).csv
STU-PIP-2145,Academic Performance,"{""Admission_Grade"": ""12"", ""Tuition_Paid"": ""1"", ""Target"": ""Graduate""}",data/processed/prism_student_profile/Student performance (Polytechnic Institute of Portalegre).csv
STU-PIP-2146,Academic Performance,"{""Admission_Grade"": ""1"", ""Tuition_Paid"": ""0"", ""Target"": ""Enrolled""}",data/processed/prism_student_profile/Student performance (Polytechnic Institute of Portalegre).csv
STU-PIP-2147,Academic Performance,"{""Admission_Grade"": ""1"", ""Tuition_Paid"": ""1"", ""Target"": ""Graduate""}",data/processed/prism_student_profile/Student performance (Polytechnic Institute of Portalegre).csv
STU-PIP-2148,Academic Performance,"{""Admission_Grade"": ""1"", ""Tuition_Paid"": ""1"", ""Target"": ""Graduate""}",data/processed/prism_student_profile/Student performance (Polytechnic Institute of Portalegre).csv
STU-PIP-2149,Academic Performance,"{""Admission_Grade"": ""1"", ""Tuition_Paid"": ""1"", ""Target"": ""Graduate""}",data/processed/prism_student_profile/Student performance (Polytechnic Institute of Portalegre).csv
STU-PIP-2150,Academic Performance,"{""Admission_Grade"": ""1"", ""Tuition_Paid"": ""1"", ""Target"": ""Graduate""}",data/processed/prism_student_profile/Student performance (Polytechnic Institute of Portalegre).csv
STU-PIP-2151,Academic Performance,"{""Admission_Grade"": ""1"", ""Tuition_Paid"": ""1"", ""Target"": ""Graduate""}",data/processed/prism_student_profile/Student performance (Polytechnic Institute of Portalegre).csv
STU-PIP-2152,Academic Performance,"{""Admission_Grade"": ""39"", ""Tuition_Paid"": ""1"", ""Target"": ""Enrolled""}",data/processed/prism_student_profile/Student performance (Polytechnic Institute of Portalegre).csv
STU-PIP-2153,Academic Performance,"{""Admission_Grade"": ""1"", ""Tuition_Paid"": ""1"", ""Target"": ""Graduate""}",data/processed/prism_student_profile/Student performance (Polytechnic Institute of Portalegre).csv
STU-PIP-2154,Academic Performance,"{""Admission_Grade"": ""1"", ""Tuition_Paid"": ""1"", ""Target"": ""Graduate""}",data/processed/prism_student_profile/Student performance (Polytechnic Institute of Portalegre).csv
STU-PIP-2155,Academic Performance,"{""Admission_Grade"": ""1"", ""Tuition_Paid"": ""1"", ""Target"": ""Graduate""}",data/processed/prism_student_profile/Student performance (Polytechnic Institute of Portalegre).csv
STU-PIP-2156,Academic Performance,"{""Admission_Grade"": ""1"", ""Tuition_Paid"": ""1"", ""Target"": ""Graduate""}",data/processed/prism_student_profile/Student performance (Polytechnic Institute of Portalegre).csv
STU-PIP-2157,Academic Performance,"{""Admission_Grade"": ""1"", ""Tuition_Paid"": ""1"", ""Target"": ""Enrolled""}",data/processed/prism_student_profile/Student performance (Polytechnic Institute of Portalegre).csv
STU-PIP-2158,Academic Performance,"{""Admission_Grade"": ""39"", ""Tuition_Paid"": ""1"", ""Target"": ""Graduate""}",data/processed/prism_student_profile/Student performance (Polytechnic Institute of Portalegre).csv
STU-PIP-2159,Academic Performance,"{""Admission_Grade"": ""1"", ""Tuition_Paid"": ""1"", ""Target"": ""Graduate""}",data/processed/prism_student_profile/Student performance (Polytechnic Institute of Portalegre).csv
STU-PIP-2160,Academic Performance,"{""Admission_Grade"": ""1"", ""Tuition_Paid"": ""1"", ""Target"": ""Dropout""}",data/processed/prism_student_profile/Student performance (Polytechnic Institute of Portalegre).csv
STU-PIP-2161,Academic Performance,"{""Admission_Grade"": ""1"", ""Tuition_Paid"": ""1"", ""Target"": ""Graduate""}",data/processed/prism_student_profile/Student performance (Polytechnic Institute of Portalegre).csv
STU-PIP-2162,Academic Performance,"{""Admission_Grade"": ""1"", ""Tuition_Paid"": ""0"", ""Target"": ""Dropout""}",data/processed/prism_student_profile/Student performance (Polytechnic Institute of Portalegre).csv
STU-PIP-2163,Academic Performance,"{""Admission_Grade"": ""1"", ""Tuition_Paid"": ""1"", ""Target"": ""Dropout""}",data/processed/prism_student_profile/Student performance (Polytechnic Institute of Portalegre).csv
STU-PIP-2164,Academic Performance,"{""Admission_Grade"": ""1"", ""Tuition_Paid"": ""1"", ""Target"": ""Graduate""}",data/processed/prism_student_profile/Student performance (Polytechnic Institute of Portalegre).csv
STU-PIP-2165,Academic Performance,"{""Admission_Grade"": ""1"", ""Tuition_Paid"": ""1"", ""Target"": ""Graduate""}",data/processed/prism_student_profile/Student performance (Polytechnic Institute of Portalegre).csv
STU-PIP-2166,Academic Performance,"{""Admission_Grade"": ""39"", ""Tuition_Paid"": ""1"", ""Target"": ""Graduate""}",data/processed/prism_student_profile/Student performance (Polytechnic Institute of Portalegre).csv
STU-PIP-2167,Academic Performance,"{""Admission_Grade"": ""1"", ""Tuition_Paid"": ""1"", ""Target"": ""Graduate""}",data/processed/prism_student_profile/Student performance (Polytechnic Institute of Portalegre).csv
STU-PIP-2168,Academic Performance,"{""Admission_Grade"": ""1"", ""Tuition_Paid"": ""1"", ""Target"": ""Graduate""}",data/processed/prism_student_profile/Student performance (Polytechnic Institute of Portalegre).csv
STU-PIP-2169,Academic Performance,"{""Admission_Grade"": ""1"", ""Tuition_Paid"": ""1"", ""Target"": ""Graduate""}",data/processed/prism_student_profile/Student performance (Polytechnic Institute of Portalegre).csv
STU-PIP-2170,Academic Performance,"{""Admission_Grade"": ""1"", ""Tuition_Paid"": ""1"", ""Target"": ""Graduate""}",data/processed/prism_student_profile/Student performance (Polytechnic Institute of Portalegre).csv
STU-PIP-2171,Academic Performance,"{""Admission_Grade"": ""1"", ""Tuition_Paid"": ""1"", ""Target"": ""Graduate""}",data/processed/prism_student_profile/Student performance (Polytechnic Institute of Portalegre).csv
STU-PIP-2172,Academic Performance,"{""Admission_Grade"": ""39"", ""Tuition_Paid"": ""1"", ""Target"": ""Graduate""}",data/processed/prism_student_profile/Student performance (Polytechnic Institute of Portalegre).csv
STU-PIP-2173,Academic Performance,"{""Admission_Grade"": ""43"", ""Tuition_Paid"": ""1"", ""Target"": ""Graduate""}",data/processed/prism_student_profile/Student performance (Polytechnic Institute of Portalegre).csv
STU-PIP-2174,Academic Performance,"{""Admission_Grade"": ""1"", ""Tuition_Paid"": ""0"", ""Target"": ""Dropout""}",data/processed/prism_student_profile/Student performance (Polytechnic Institute of Portalegre).csv
STU-PIP-2175,Academic Performance,"{""Admission_Grade"": ""1"", ""Tuition_Paid"": ""1"", ""Target"": ""Graduate""}",data/processed/prism_student_profile/Student performance (Polytechnic Institute of Portalegre).csv
STU-PIP-2176,Academic Performance,"{""Admission_Grade"": ""1"", ""Tuition_Paid"": ""1"", ""Target"": ""Graduate""}",data/processed/prism_student_profile/Student performance (Polytechnic Institute of Portalegre).csv
STU-PIP-2177,Academic Performance,"{""Admission_Grade"": ""1"", ""Tuition_Paid"": ""1"", ""Target"": ""Graduate""}",data/processed/prism_student_profile/Student performance (Polytechnic Institute of Portalegre).csv
STU-PIP-2178,Academic Performance,"{""Admission_Grade"": ""6"", ""Tuition_Paid"": ""1"", ""Target"": ""Dropout""}",data/processed/prism_student_profile/Student performance (Polytechnic Institute of Portalegre).csv
STU-PIP-2179,Academic Performance,"{""Admission_Grade"": ""1"", ""Tuition_Paid"": ""1"", ""Target"": ""Graduate""}",data/processed/prism_student_profile/Student performance (Polytechnic Institute of Portalegre).csv
STU-PIP-2180,Academic Performance,"{""Admission_Grade"": ""1"", ""Tuition_Paid"": ""1"", ""Target"": ""Graduate""}",data/processed/prism_student_profile/Student performance (Polytechnic Institute of Portalegre).csv
STU-PIP-2181,Academic Performance,"{""Admission_Grade"": ""1"", ""Tuition_Paid"": ""1"", ""Target"": ""Dropout""}",data/processed/prism_student_profile/Student performance (Polytechnic Institute of Portalegre).csv
STU-PIP-2182,Academic Performance,"{""Admission_Grade"": ""1"", ""Tuition_Paid"": ""1"", ""Target"": ""Graduate""}",data/processed/prism_student_profile/Student performance (Polytechnic Institute of Portalegre).csv
STU-PIP-2183,Academic Performance,"{""Admission_Grade"": ""1"", ""Tuition_Paid"": ""1"", ""Target"": ""Graduate""}",data/processed/prism_student_profile/Student performance (Polytechnic Institute of Portalegre).csv
STU-PIP-2184,Academic Performance,"{""Admission_Grade"": ""1"", ""Tuition_Paid"": ""1"", ""Target"": ""Dropout""}",data/processed/prism_student_profile/Student performance (Polytechnic Institute of Portalegre).csv
STU-PIP-2185,Academic Performance,"{""Admission_Grade"": ""1"", ""Tuition_Paid"": ""1"", ""Target"": ""Enrolled""}",data/processed/prism_student_profile/Student performance (Polytechnic Institute of Portalegre).csv
STU-PIP-2186,Academic Performance,"{""Admission_Grade"": ""1"", ""Tuition_Paid"": ""1"", ""Target"": ""Graduate""}",data/processed/prism_student_profile/Student performance (Polytechnic Institute of Portalegre).csv
STU-PIP-2187,Academic Performance,"{""Admission_Grade"": ""1"", ""Tuition_Paid"": ""1"", ""Target"": ""Enrolled""}",data/processed/prism_student_profile/Student performance (Polytechnic Institute of Portalegre).csv
STU-PIP-2188,Academic Performance,"{""Admission_Grade"": ""1"", ""Tuition_Paid"": ""1"", ""Target"": ""Graduate""}",data/processed/prism_student_profile/Student performance (Polytechnic Institute of Portalegre).csv
STU-PIP-2189,Academic Performance,"{""Admission_Grade"": ""1"", ""Tuition_Paid"": ""1"", ""Target"": ""Graduate""}",data/processed/prism_student_profile/Student performance (Polytechnic Institute of Portalegre).csv
STU-PIP-2190,Academic Performance,"{""Admission_Grade"": ""1"", ""Tuition_Paid"": ""1"", ""Target"": ""Dropout""}",data/processed/prism_student_profile/Student performance (Polytechnic Institute of Portalegre).csv
STU-PIP-2191,Academic Performance,"{""Admission_Grade"": ""1"", ""Tuition_Paid"": ""1"", ""Target"": ""Enrolled""}",data/processed/prism_student_profile/Student performance (Polytechnic Institute of Portalegre).csv
STU-PIP-2192,Academic Performance,"{""Admission_Grade"": ""1"", ""Tuition_Paid"": ""1"", ""Target"": ""Dropout""}",data/processed/prism_student_profile/Student performance (Polytechnic Institute of Portalegre).csv
STU-PIP-2193,Academic Performance,"{""Admission_Grade"": ""1"", ""Tuition_Paid"": ""0"", ""Target"": ""Dropout""}",data/processed/prism_student_profile/Student performance (Polytechnic Institute of Portalegre).csv
STU-PIP-2194,Academic Performance,"{""Admission_Grade"": ""1"", ""Tuition_Paid"": ""1"", ""Target"": ""Enrolled""}",data/processed/prism_student_profile/Student performance (Polytechnic Institute of Portalegre).csv
STU-PIP-2195,Academic Performance,"{""Admission_Grade"": ""1"", ""Tuition_Paid"": ""1"", ""Target"": ""Graduate""}",data/processed/prism_student_profile/Student performance (Polytechnic Institute of Portalegre).csv
STU-PIP-2196,Academic Performance,"{""Admission_Grade"": ""1"", ""Tuition_Paid"": ""1"", ""Target"": ""Enrolled""}",data/processed/prism_student_profile/Student performance (Polytechnic Institute of Portalegre).csv
STU-PIP-2197,Academic Performance,"{""Admission_Grade"": ""1"", ""Tuition_Paid"": ""1"", ""Target"": ""Enrolled""}",data/processed/prism_student_profile/Student performance (Polytechnic Institute of Portalegre).csv
STU-PIP-2198,Academic Performance,"{""Admission_Grade"": ""1"", ""Tuition_Paid"": ""1"", ""Target"": ""Enrolled""}",data/processed/prism_student_profile/Student performance (Polytechnic Institute of Portalegre).csv
STU-PIP-2199,Academic Performance,"{""Admission_Grade"": ""1"", ""Tuition_Paid"": ""1"", ""Target"": ""Dropout""}",data/processed/prism_student_profile/Student performance (Polytechnic Institute of Portalegre).csv
STU-PIP-2200,Academic Performance,"{""Admission_Grade"": ""1"", ""Tuition_Paid"": ""1"", ""Target"": ""Dropout""}",data/processed/prism_student_profile/Student performance (Polytechnic Institute of Portalegre).csv
STU-PIP-2201,Academic Performance,"{""Admission_Grade"": ""1"", ""Tuition_Paid"": ""0"", ""Target"": ""Dropout""}",data/processed/prism_student_profile/Student performance (Polytechnic Institute of Portalegre).csv
STU-PIP-2202,Academic Performance,"{""Admission_Grade"": ""1"", ""Tuition_Paid"": ""1"", ""Target"": ""Graduate""}",data/processed/prism_student_profile/Student performance (Polytechnic Institute of Portalegre).csv
STU-PIP-2203,Academic Performance,"{""Admission_Grade"": ""1"", ""Tuition_Paid"": ""1"", ""Target"": ""Graduate""}",data/processed/prism_student_profile/Student performance (Polytechnic Institute of Portalegre).csv
STU-PIP-2204,Academic Performance,"{""Admission_Grade"": ""3"", ""Tuition_Paid"": ""1"", ""Target"": ""Dropout""}",data/processed/prism_student_profile/Student performance (Polytechnic Institute of Portalegre).csv
STU-PIP-2205,Academic Performance,"{""Admission_Grade"": ""1"", ""Tuition_Paid"": ""1"", ""Target"": ""Graduate""}",data/processed/prism_student_profile/Student performance (Polytechnic Institute of Portalegre).csv
STU-PIP-2206,Academic Performance,"{""Admission_Grade"": ""39"", ""Tuition_Paid"": ""1"", ""Target"": ""Enrolled""}",data/processed/prism_student_profile/Student performance (Polytechnic Institute of Portalegre).csv
STU-PIP-2207,Academic Performance,"{""Admission_Grade"": ""1"", ""Tuition_Paid"": ""0"", ""Target"": ""Dropout""}",data/processed/prism_student_profile/Student performance (Polytechnic Institute of Portalegre).csv
STU-PIP-2208,Academic Performance,"{""Admission_Grade"": ""1"", ""Tuition_Paid"": ""1"", ""Target"": ""Enrolled""}",data/processed/prism_student_profile/Student performance (Polytechnic Institute of Portalegre).csv
STU-PIP-2209,Academic Performance,"{""Admission_Grade"": ""1"", ""Tuition_Paid"": ""1"", ""Target"": ""Enrolled""}",data/processed/prism_student_profile/Student performance (Polytechnic Institute of Portalegre).csv
STU-PIP-2210,Academic Performance,"{""Admission_Grade"": ""1"", ""Tuition_Paid"": ""0"", ""Target"": ""Dropout""}",data/processed/prism_student_profile/Student performance (Polytechnic Institute of Portalegre).csv
STU-PIP-2211,Academic Performance,"{""Admission_Grade"": ""1"", ""Tuition_Paid"": ""1"", ""Target"": ""Graduate""}",data/processed/prism_student_profile/Student performance (Polytechnic Institute of Portalegre).csv
STU-PIP-2212,Academic Performance,"{""Admission_Grade"": ""1"", ""Tuition_Paid"": ""1"", ""Target"": ""Graduate""}",data/processed/prism_student_profile/Student performance (Polytechnic Institute of Portalegre).csv
STU-PIP-2213,Academic Performance,"{""Admission_Grade"": ""1"", ""Tuition_Paid"": ""1"", ""Target"": ""Enrolled""}",data/processed/prism_student_profile/Student performance (Polytechnic Institute of Portalegre).csv
STU-PIP-2214,Academic Performance,"{""Admission_Grade"": ""1"", ""Tuition_Paid"": ""1"", ""Target"": ""Dropout""}",data/processed/prism_student_profile/Student performance (Polytechnic Institute of Portalegre).csv
STU-PIP-2215,Academic Performance,"{""Admission_Grade"": ""39"", ""Tuition_Paid"": ""1"", ""Target"": ""Graduate""}",data/processed/prism_student_profile/Student performance (Polytechnic Institute of Portalegre).csv
STU-PIP-2216,Academic Performance,"{""Admission_Grade"": ""1"", ""Tuition_Paid"": ""1"", ""Target"": ""Enrolled""}",data/processed/prism_student_profile/Student performance (Polytechnic Institute of Portalegre).csv
STU-PIP-2217,Academic Performance,"{""Admission_Grade"": ""1"", ""Tuition_Paid"": ""1"", ""Target"": ""Graduate""}",data/processed/prism_student_profile/Student performance (Polytechnic Institute of Portalegre).csv
STU-PIP-2218,Academic Performance,"{""Admission_Grade"": ""1"", ""Tuition_Paid"": ""1"", ""Target"": ""Dropout""}",data/processed/prism_student_profile/Student performance (Polytechnic Institute of Portalegre).csv
STU-PIP-2219,Academic Performance,"{""Admission_Grade"": ""43"", ""Tuition_Paid"": ""1"", ""Target"": ""Graduate""}",data/processed/prism_student_profile/Student performance (Polytechnic Institute of Portalegre).csv
STU-PIP-2220,Academic Performance,"{""Admission_Grade"": ""1"", ""Tuition_Paid"": ""1"", ""Target"": ""Graduate""}",data/processed/prism_student_profile/Student performance (Polytechnic Institute of Portalegre).csv
STU-PIP-2221,Academic Performance,"{""Admission_Grade"": ""1"", ""Tuition_Paid"": ""1"", ""Target"": ""Graduate""}",data/processed/prism_student_profile/Student performance (Polytechnic Institute of Portalegre).csv
STU-PIP-2222,Academic Performance,"{""Admission_Grade"": ""1"", ""Tuition_Paid"": ""1"", ""Target"": ""Graduate""}",data/processed/prism_student_profile/Student performance (Polytechnic Institute of Portalegre).csv
STU-PIP-2223,Academic Performance,"{""Admission_Grade"": ""1"", ""Tuition_Paid"": ""1"", ""Target"": ""Enrolled""}",data/processed/prism_student_profile/Student performance (Polytechnic Institute of Portalegre).csv
STU-PIP-2224,Academic Performance,"{""Admission_Grade"": ""1"", ""Tuition_Paid"": ""0"", ""Target"": ""Dropout""}",data/processed/prism_student_profile/Student performance (Polytechnic Institute of Portalegre).csv
STU-PIP-2225,Academic Performance,"{""Admission_Grade"": ""1"", ""Tuition_Paid"": ""1"", ""Target"": ""Graduate""}",data/processed/prism_student_profile/Student performance (Polytechnic Institute of Portalegre).csv
STU-PIP-2226,Academic Performance,"{""Admission_Grade"": ""1"", ""Tuition_Paid"": ""1"", ""Target"": ""Dropout""}",data/processed/prism_student_profile/Student performance (Polytechnic Institute of Portalegre).csv
STU-PIP-2227,Academic Performance,"{""Admission_Grade"": ""1"", ""Tuition_Paid"": ""1"", ""Target"": ""Graduate""}",data/processed/prism_student_profile/Student performance (Polytechnic Institute of Portalegre).csv
STU-PIP-2228,Academic Performance,"{""Admission_Grade"": ""1"", ""Tuition_Paid"": ""1"", ""Target"": ""Dropout""}",data/processed/prism_student_profile/Student performance (Polytechnic Institute of Portalegre).csv
STU-PIP-2229,Academic Performance,"{""Admission_Grade"": ""1"", ""Tuition_Paid"": ""1"", ""Target"": ""Dropout""}",data/processed/prism_student_profile/Student performance (Polytechnic Institute of Portalegre).csv
STU-PIP-2230,Academic Performance,"{""Admission_Grade"": ""1"", ""Tuition_Paid"": ""1"", ""Target"": ""Graduate""}",data/processed/prism_student_profile/Student performance (Polytechnic Institute of Portalegre).csv
STU-PIP-2231,Academic Performance,"{""Admission_Grade"": ""1"", ""Tuition_Paid"": ""1"", ""Target"": ""Graduate""}",data/processed/prism_student_profile/Student performance (Polytechnic Institute of Portalegre).csv
STU-PIP-2232,Academic Performance,"{""Admission_Grade"": ""1"", ""Tuition_Paid"": ""1"", ""Target"": ""Dropout""}",data/processed/prism_student_profile/Student performance (Polytechnic Institute of Portalegre).csv
STU-PIP-2233,Academic Performance,"{""Admission_Grade"": ""1"", ""Tuition_Paid"": ""1"", ""Target"": ""Dropout""}",data/processed/prism_student_profile/Student performance (Polytechnic Institute of Portalegre).csv
STU-PIP-2234,Academic Performance,"{""Admission_Grade"": ""6"", ""Tuition_Paid"": ""1"", ""Target"": ""Dropout""}",data/processed/prism_student_profile/Student performance (Polytechnic Institute of Portalegre).csv
STU-PIP-2235,Academic Performance,"{""Admission_Grade"": ""1"", ""Tuition_Paid"": ""1"", ""Target"": ""Enrolled""}",data/processed/prism_student_profile/Student performance (Polytechnic Institute of Portalegre).csv
STU-PIP-2236,Academic Performance,"{""Admission_Grade"": ""1"", ""Tuition_Paid"": ""1"", ""Target"": ""Graduate""}",data/processed/prism_student_profile/Student performance (Polytechnic Institute of Portalegre).csv
STU-PIP-2237,Academic Performance,"{""Admission_Grade"": ""1"", ""Tuition_Paid"": ""1"", ""Target"": ""Enrolled""}",data/processed/prism_student_profile/Student performance (Polytechnic Institute of Portalegre).csv
STU-PIP-2238,Academic Performance,"{""Admission_Grade"": ""19"", ""Tuition_Paid"": ""0"", ""Target"": ""Dropout""}",data/processed/prism_student_profile/Student performance (Polytechnic Institute of Portalegre).csv
STU-PIP-2239,Academic Performance,"{""Admission_Grade"": ""1"", ""Tuition_Paid"": ""1"", ""Target"": ""Enrolled""}",data/processed/prism_student_profile/Student performance (Polytechnic Institute of Portalegre).csv
STU-PIP-2240,Academic Performance,"{""Admission_Grade"": ""12"", ""Tuition_Paid"": ""0"", ""Target"": ""Enrolled""}",data/processed/prism_student_profile/Student performance (Polytechnic Institute of Portalegre).csv
STU-PIP-2241,Academic Performance,"{""Admission_Grade"": ""1"", ""Tuition_Paid"": ""1"", ""Target"": ""Graduate""}",data/processed/prism_student_profile/Student performance (Polytechnic Institute of Portalegre).csv
STU-PIP-2242,Academic Performance,"{""Admission_Grade"": ""1"", ""Tuition_Paid"": ""1"", ""Target"": ""Enrolled""}",data/processed/prism_student_profile/Student performance (Polytechnic Institute of Portalegre).csv
STU-PIP-2243,Academic Performance,"{""Admission_Grade"": ""1"", ""Tuition_Paid"": ""1"", ""Target"": ""Enrolled""}",data/processed/prism_student_profile/Student performance (Polytechnic Institute of Portalegre).csv
STU-PIP-2244,Academic Performance,"{""Admission_Grade"": ""1"", ""Tuition_Paid"": ""1"", ""Target"": ""Graduate""}",data/processed/prism_student_profile/Student performance (Polytechnic Institute of Portalegre).csv
STU-PIP-2245,Academic Performance,"{""Admission_Grade"": ""19"", ""Tuition_Paid"": ""1"", ""Target"": ""Dropout""}",data/processed/prism_student_profile/Student performance (Polytechnic Institute of Portalegre).csv
STU-PIP-2246,Academic Performance,"{""Admission_Grade"": ""1"", ""Tuition_Paid"": ""1"", ""Target"": ""Graduate""}",data/processed/prism_student_profile/Student performance (Polytechnic Institute of Portalegre).csv
STU-PIP-2247,Academic Performance,"{""Admission_Grade"": ""1"", ""Tuition_Paid"": ""1"", ""Target"": ""Enrolled""}",data/processed/prism_student_profile/Student performance (Polytechnic Institute of Portalegre).csv
STU-PIP-2248,Academic Performance,"{""Admission_Grade"": ""1"", ""Tuition_Paid"": ""1"", ""Target"": ""Enrolled""}",data/processed/prism_student_profile/Student performance (Polytechnic Institute of Portalegre).csv
STU-PIP-2249,Academic Performance,"{""Admission_Grade"": ""1"", ""Tuition_Paid"": ""0"", ""Target"": ""Dropout""}",data/processed/prism_student_profile/Student performance (Polytechnic Institute of Portalegre).csv
STU-PIP-2250,Academic Performance,"{""Admission_Grade"": ""1"", ""Tuition_Paid"": ""1"", ""Target"": ""Graduate""}",data/processed/prism_student_profile/Student performance (Polytechnic Institute of Portalegre).csv
STU-PIP-2251,Academic Performance,"{""Admission_Grade"": ""39"", ""Tuition_Paid"": ""1"", ""Target"": ""Dropout""}",data/processed/prism_student_profile/Student performance (Polytechnic Institute of Portalegre).csv
STU-PIP-2252,Academic Performance,"{""Admission_Grade"": ""1"", ""Tuition_Paid"": ""1"", ""Target"": ""Dropout""}",data/processed/prism_student_profile/Student performance (Polytechnic Institute of Portalegre).csv
STU-PIP-2253,Academic Performance,"{""Admission_Grade"": ""40"", ""Tuition_Paid"": ""1"", ""Target"": ""Dropout""}",data/processed/prism_student_profile/Student performance (Polytechnic Institute of Portalegre).csv
STU-PIP-2254,Academic Performance,"{""Admission_Grade"": ""12"", ""Tuition_Paid"": ""0"", ""Target"": ""Dropout""}",data/processed/prism_student_profile/Student performance (Polytechnic Institute of Portalegre).csv
STU-PIP-2255,Academic Performance,"{""Admission_Grade"": ""1"", ""Tuition_Paid"": ""0"", ""Target"": ""Dropout""}",data/processed/prism_student_profile/Student performance (Polytechnic Institute of Portalegre).csv
STU-PIP-2256,Academic Performance,"{""Admission_Grade"": ""1"", ""Tuition_Paid"": ""1"", ""Target"": ""Dropout""}",data/processed/prism_student_profile/Student performance (Polytechnic Institute of Portalegre).csv
STU-PIP-2257,Academic Performance,"{""Admission_Grade"": ""40"", ""Tuition_Paid"": ""0"", ""Target"": ""Dropout""}",data/processed/prism_student_profile/Student performance (Polytechnic Institute of Portalegre).csv
STU-PIP-2258,Academic Performance,"{""Admission_Grade"": ""39"", ""Tuition_Paid"": ""1"", ""Target"": ""Enrolled""}",data/processed/prism_student_profile/Student performance (Polytechnic Institute of Portalegre).csv
STU-PIP-2259,Academic Performance,"{""Admission_Grade"": ""3"", ""Tuition_Paid"": ""1"", ""Target"": ""Dropout""}",data/processed/prism_student_profile/Student performance (Polytechnic Institute of Portalegre).csv
STU-PIP-2260,Academic Performance,"{""Admission_Grade"": ""19"", ""Tuition_Paid"": ""1"", ""Target"": ""Graduate""}",data/processed/prism_student_profile/Student performance (Polytechnic Institute of Portalegre).csv
STU-PIP-2261,Academic Performance,"{""Admission_Grade"": ""1"", ""Tuition_Paid"": ""1"", ""Target"": ""Enrolled""}",data/processed/prism_student_profile/Student performance (Polytechnic Institute of Portalegre).csv
STU-PIP-2262,Academic Performance,"{""Admission_Grade"": ""1"", ""Tuition_Paid"": ""1"", ""Target"": ""Dropout""}",data/processed/prism_student_profile/Student performance (Polytechnic Institute of Portalegre).csv
STU-PIP-2263,Academic Performance,"{""Admission_Grade"": ""1"", ""Tuition_Paid"": ""1"", ""Target"": ""Dropout""}",data/processed/prism_student_profile/Student performance (Polytechnic Institute of Portalegre).csv
STU-PIP-2264,Academic Performance,"{""Admission_Grade"": ""1"", ""Tuition_Paid"": ""0"", ""Target"": ""Dropout""}",data/processed/prism_student_profile/Student performance (Polytechnic Institute of Portalegre).csv
STU-PIP-2265,Academic Performance,"{""Admission_Grade"": ""1"", ""Tuition_Paid"": ""1"", ""Target"": ""Enrolled""}",data/processed/prism_student_profile/Student performance (Polytechnic Institute of Portalegre).csv
STU-PIP-2266,Academic Performance,"{""Admission_Grade"": ""1"", ""Tuition_Paid"": ""0"", ""Target"": ""Enrolled""}",data/processed/prism_student_profile/Student performance (Polytechnic Institute of Portalegre).csv
STU-PIP-2267,Academic Performance,"{""Admission_Grade"": ""3"", ""Tuition_Paid"": ""1"", ""Target"": ""Dropout""}",data/processed/prism_student_profile/Student performance (Polytechnic Institute of Portalegre).csv
STU-PIP-2268,Academic Performance,"{""Admission_Grade"": ""1"", ""Tuition_Paid"": ""1"", ""Target"": ""Dropout""}",data/processed/prism_student_profile/Student performance (Polytechnic Institute of Portalegre).csv
STU-PIP-2269,Academic Performance,"{""Admission_Grade"": ""1"", ""Tuition_Paid"": ""1"", ""Target"": ""Dropout""}",data/processed/prism_student_profile/Student performance (Polytechnic Institute of Portalegre).csv
STU-PIP-2270,Academic Performance,"{""Admission_Grade"": ""1"", ""Tuition_Paid"": ""1"", ""Target"": ""Dropout""}",data/processed/prism_student_profile/Student performance (Polytechnic Institute of Portalegre).csv
STU-PIP-2271,Academic Performance,"{""Admission_Grade"": ""3"", ""Tuition_Paid"": ""0"", ""Target"": ""Dropout""}",data/processed/prism_student_profile/Student performance (Polytechnic Institute of Portalegre).csv
STU-PIP-2272,Academic Performance,"{""Admission_Grade"": ""1"", ""Tuition_Paid"": ""1"", ""Target"": ""Graduate""}",data/processed/prism_student_profile/Student performance (Polytechnic Institute of Portalegre).csv
STU-PIP-2273,Academic Performance,"{""Admission_Grade"": ""19"", ""Tuition_Paid"": ""1"", ""Target"": ""Dropout""}",data/processed/prism_student_profile/Student performance (Polytechnic Institute of Portalegre).csv
STU-PIP-2274,Academic Performance,"{""Admission_Grade"": ""1"", ""Tuition_Paid"": ""1"", ""Target"": ""Dropout""}",data/processed/prism_student_profile/Student performance (Polytechnic Institute of Portalegre).csv
STU-PIP-2275,Academic Performance,"{""Admission_Grade"": ""19"", ""Tuition_Paid"": ""1"", ""Target"": ""Dropout""}",data/processed/prism_student_profile/Student performance (Polytechnic Institute of Portalegre).csv
STU-PIP-2276,Academic Performance,"{""Admission_Grade"": ""1"", ""Tuition_Paid"": ""0"", ""Target"": ""Dropout""}",data/processed/prism_student_profile/Student performance (Polytechnic Institute of Portalegre).csv
STU-PIP-2277,Academic Performance,"{""Admission_Grade"": ""19"", ""Tuition_Paid"": ""1"", ""Target"": ""Graduate""}",data/processed/prism_student_profile/Student performance (Polytechnic Institute of Portalegre).csv
STU-PIP-2278,Academic Performance,"{""Admission_Grade"": ""1"", ""Tuition_Paid"": ""1"", ""Target"": ""Graduate""}",data/processed/prism_student_profile/Student performance (Polytechnic Institute of Portalegre).csv
STU-PIP-2279,Academic Performance,"{""Admission_Grade"": ""1"", ""Tuition_Paid"": ""1"", ""Target"": ""Enrolled""}",data/processed/prism_student_profile/Student performance (Polytechnic Institute of Portalegre).csv
STU-PIP-2280,Academic Performance,"{""Admission_Grade"": ""1"", ""Tuition_Paid"": ""1"", ""Target"": ""Dropout""}",data/processed/prism_student_profile/Student performance (Polytechnic Institute of Portalegre).csv
STU-PIP-2281,Academic Performance,"{""Admission_Grade"": ""1"", ""Tuition_Paid"": ""1"", ""Target"": ""Graduate""}",data/processed/prism_student_profile/Student performance (Polytechnic Institute of Portalegre).csv
STU-PIP-2282,Academic Performance,"{""Admission_Grade"": ""39"", ""Tuition_Paid"": ""1"", ""Target"": ""Enrolled""}",data/processed/prism_student_profile/Student performance (Polytechnic Institute of Portalegre).csv
STU-PIP-2283,Academic Performance,"{""Admission_Grade"": ""1"", ""Tuition_Paid"": ""0"", ""Target"": ""Dropout""}",data/processed/prism_student_profile/Student performance (Polytechnic Institute of Portalegre).csv
STU-PIP-2284,Academic Performance,"{""Admission_Grade"": ""39"", ""Tuition_Paid"": ""1"", ""Target"": ""Graduate""}",data/processed/prism_student_profile/Student performance (Polytechnic Institute of Portalegre).csv
STU-PIP-2285,Academic Performance,"{""Admission_Grade"": ""1"", ""Tuition_Paid"": ""1"", ""Target"": ""Enrolled""}",data/processed/prism_student_profile/Student performance (Polytechnic Institute of Portalegre).csv
STU-PIP-2286,Academic Performance,"{""Admission_Grade"": ""1"", ""Tuition_Paid"": ""0"", ""Target"": ""Dropout""}",data/processed/prism_student_profile/Student performance (Polytechnic Institute of Portalegre).csv
STU-PIP-2287,Academic Performance,"{""Admission_Grade"": ""1"", ""Tuition_Paid"": ""1"", ""Target"": ""Graduate""}",data/processed/prism_student_profile/Student performance (Polytechnic Institute of Portalegre).csv
STU-PIP-2288,Academic Performance,"{""Admission_Grade"": ""1"", ""Tuition_Paid"": ""1"", ""Target"": ""Graduate""}",data/processed/prism_student_profile/Student performance (Polytechnic Institute of Portalegre).csv
STU-PIP-2289,Academic Performance,"{""Admission_Grade"": ""1"", ""Tuition_Paid"": ""1"", ""Target"": ""Enrolled""}",data/processed/prism_student_profile/Student performance (Polytechnic Institute of Portalegre).csv
STU-PIP-2290,Academic Performance,"{""Admission_Grade"": ""1"", ""Tuition_Paid"": ""1"", ""Target"": ""Dropout""}",data/processed/prism_student_profile/Student performance (Polytechnic Institute of Portalegre).csv
STU-PIP-2291,Academic Performance,"{""Admission_Grade"": ""1"", ""Tuition_Paid"": ""1"", ""Target"": ""Dropout""}",data/processed/prism_student_profile/Student performance (Polytechnic Institute of Portalegre).csv
STU-PIP-2292,Academic Performance,"{""Admission_Grade"": ""1"", ""Tuition_Paid"": ""1"", ""Target"": ""Graduate""}",data/processed/prism_student_profile/Student performance (Polytechnic Institute of Portalegre).csv
STU-PIP-2293,Academic Performance,"{""Admission_Grade"": ""1"", ""Tuition_Paid"": ""1"", ""Target"": ""Dropout""}",data/processed/prism_student_profile/Student performance (Polytechnic Institute of Portalegre).csv
STU-PIP-2294,Academic Performance,"{""Admission_Grade"": ""1"", ""Tuition_Paid"": ""1"", ""Target"": ""Graduate""}",data/processed/prism_student_profile/Student performance (Polytechnic Institute of Portalegre).csv
STU-PIP-2295,Academic Performance,"{""Admission_Grade"": ""1"", ""Tuition_Paid"": ""0"", ""Target"": ""Dropout""}",data/processed/prism_student_profile/Student performance (Polytechnic Institute of Portalegre).csv
STU-PIP-2296,Academic Performance,"{""Admission_Grade"": ""1"", ""Tuition_Paid"": ""1"", ""Target"": ""Graduate""}",data/processed/prism_student_profile/Student performance (Polytechnic Institute of Portalegre).csv
STU-PIP-2297,Academic Performance,"{""Admission_Grade"": ""1"", ""Tuition_Paid"": ""1"", ""Target"": ""Dropout""}",data/processed/prism_student_profile/Student performance (Polytechnic Institute of Portalegre).csv
STU-PIP-2298,Academic Performance,"{""Admission_Grade"": ""1"", ""Tuition_Paid"": ""1"", ""Target"": ""Graduate""}",data/processed/prism_student_profile/Student performance (Polytechnic Institute of Portalegre).csv
STU-PIP-2299,Academic Performance,"{""Admission_Grade"": ""1"", ""Tuition_Paid"": ""1"", ""Target"": ""Graduate""}",data/processed/prism_student_profile/Student performance (Polytechnic Institute of Portalegre).csv
STU-PIP-2300,Academic Performance,"{""Admission_Grade"": ""39"", ""Tuition_Paid"": ""0"", ""Target"": ""Dropout""}",data/processed/prism_student_profile/Student performance (Polytechnic Institute of Portalegre).csv
STU-PIP-2301,Academic Performance,"{""Admission_Grade"": ""39"", ""Tuition_Paid"": ""1"", ""Target"": ""Enrolled""}",data/processed/prism_student_profile/Student performance (Polytechnic Institute of Portalegre).csv
STU-PIP-2302,Academic Performance,"{""Admission_Grade"": ""1"", ""Tuition_Paid"": ""1"", ""Target"": ""Enrolled""}",data/processed/prism_student_profile/Student performance (Polytechnic Institute of Portalegre).csv
STU-PIP-2303,Academic Performance,"{""Admission_Grade"": ""1"", ""Tuition_Paid"": ""1"", ""Target"": ""Enrolled""}",data/processed/prism_student_profile/Student performance (Polytechnic Institute of Portalegre).csv
STU-PIP-2304,Academic Performance,"{""Admission_Grade"": ""1"", ""Tuition_Paid"": ""1"", ""Target"": ""Enrolled""}",data/processed/prism_student_profile/Student performance (Polytechnic Institute of Portalegre).csv
STU-PIP-2305,Academic Performance,"{""Admission_Grade"": ""1"", ""Tuition_Paid"": ""1"", ""Target"": ""Dropout""}",data/processed/prism_student_profile/Student performance (Polytechnic Institute of Portalegre).csv
STU-PIP-2306,Academic Performance,"{""Admission_Grade"": ""1"", ""Tuition_Paid"": ""1"", ""Target"": ""Enrolled""}",data/processed/prism_student_profile/Student performance (Polytechnic Institute of Portalegre).csv
STU-PIP-2307,Academic Performance,"{""Admission_Grade"": ""3"", ""Tuition_Paid"": ""0"", ""Target"": ""Dropout""}",data/processed/prism_student_profile/Student performance (Polytechnic Institute of Portalegre).csv
STU-PIP-2308,Academic Performance,"{""Admission_Grade"": ""38"", ""Tuition_Paid"": ""1"", ""Target"": ""Dropout""}",data/processed/prism_student_profile/Student performance (Polytechnic Institute of Portalegre).csv
STU-PIP-2309,Academic Performance,"{""Admission_Grade"": ""1"", ""Tuition_Paid"": ""1"", ""Target"": ""Dropout""}",data/processed/prism_student_profile/Student performance (Polytechnic Institute of Portalegre).csv
STU-PIP-2310,Academic Performance,"{""Admission_Grade"": ""1"", ""Tuition_Paid"": ""1"", ""Target"": ""Graduate""}",data/processed/prism_student_profile/Student performance (Polytechnic Institute of Portalegre).csv
STU-PIP-2311,Academic Performance,"{""Admission_Grade"": ""1"", ""Tuition_Paid"": ""1"", ""Target"": ""Graduate""}",data/processed/prism_student_profile/Student performance (Polytechnic Institute of Portalegre).csv
STU-PIP-2312,Academic Performance,"{""Admission_Grade"": ""1"", ""Tuition_Paid"": ""1"", ""Target"": ""Graduate""}",data/processed/prism_student_profile/Student performance (Polytechnic Institute of Portalegre).csv
STU-PIP-2313,Academic Performance,"{""Admission_Grade"": ""1"", ""Tuition_Paid"": ""1"", ""Target"": ""Dropout""}",data/processed/prism_student_profile/Student performance (Polytechnic Institute of Portalegre).csv
STU-PIP-2314,Academic Performance,"{""Admission_Grade"": ""39"", ""Tuition_Paid"": ""1"", ""Target"": ""Graduate""}",data/processed/prism_student_profile/Student performance (Polytechnic Institute of Portalegre).csv
STU-PIP-2315,Academic Performance,"{""Admission_Grade"": ""1"", ""Tuition_Paid"": ""1"", ""Target"": ""Graduate""}",data/processed/prism_student_profile/Student performance (Polytechnic Institute of Portalegre).csv
STU-PIP-2316,Academic Performance,"{""Admission_Grade"": ""1"", ""Tuition_Paid"": ""1"", ""Target"": ""Dropout""}",data/processed/prism_student_profile/Student performance (Polytechnic Institute of Portalegre).csv
STU-PIP-2317,Academic Performance,"{""Admission_Grade"": ""19"", ""Tuition_Paid"": ""0"", ""Target"": ""Dropout""}",data/processed/prism_student_profile/Student performance (Polytechnic Institute of Portalegre).csv
STU-PIP-2318,Academic Performance,"{""Admission_Grade"": ""1"", ""Tuition_Paid"": ""1"", ""Target"": ""Dropout""}",data/processed/prism_student_profile/Student performance (Polytechnic Institute of Portalegre).csv
STU-PIP-2319,Academic Performance,"{""Admission_Grade"": ""1"", ""Tuition_Paid"": ""1"", ""Target"": ""Dropout""}",data/processed/prism_student_profile/Student performance (Polytechnic Institute of Portalegre).csv
STU-PIP-2320,Academic Performance,"{""Admission_Grade"": ""1"", ""Tuition_Paid"": ""1"", ""Target"": ""Graduate""}",data/processed/prism_student_profile/Student performance (Polytechnic Institute of Portalegre).csv
STU-PIP-2321,Academic Performance,"{""Admission_Grade"": ""1"", ""Tuition_Paid"": ""1"", ""Target"": ""Dropout""}",data/processed/prism_student_profile/Student performance (Polytechnic Institute of Portalegre).csv
STU-PIP-2322,Academic Performance,"{""Admission_Grade"": ""1"", ""Tuition_Paid"": ""1"", ""Target"": ""Enrolled""}",data/processed/prism_student_profile/Student performance (Polytechnic Institute of Portalegre).csv
STU-PIP-2323,Academic Performance,"{""Admission_Grade"": ""1"", ""Tuition_Paid"": ""1"", ""Target"": ""Dropout""}",data/processed/prism_student_profile/Student performance (Polytechnic Institute of Portalegre).csv
STU-PIP-2324,Academic Performance,"{""Admission_Grade"": ""1"", ""Tuition_Paid"": ""1"", ""Target"": ""Enrolled""}",data/processed/prism_student_profile/Student performance (Polytechnic Institute of Portalegre).csv
STU-PIP-2325,Academic Performance,"{""Admission_Grade"": ""1"", ""Tuition_Paid"": ""1"", ""Target"": ""Graduate""}",data/processed/prism_student_profile/Student performance (Polytechnic Institute of Portalegre).csv
STU-PIP-2326,Academic Performance,"{""Admission_Grade"": ""1"", ""Tuition_Paid"": ""1"", ""Target"": ""Dropout""}",data/processed/prism_student_profile/Student performance (Polytechnic Institute of Portalegre).csv
STU-PIP-2327,Academic Performance,"{""Admission_Grade"": ""1"", ""Tuition_Paid"": ""1"", ""Target"": ""Enrolled""}",data/processed/prism_student_profile/Student performance (Polytechnic Institute of Portalegre).csv
STU-PIP-2328,Academic Performance,"{""Admission_Grade"": ""1"", ""Tuition_Paid"": ""0"", ""Target"": ""Dropout""}",data/processed/prism_student_profile/Student performance (Polytechnic Institute of Portalegre).csv
STU-PIP-2329,Academic Performance,"{""Admission_Grade"": ""1"", ""Tuition_Paid"": ""1"", ""Target"": ""Graduate""}",data/processed/prism_student_profile/Student performance (Polytechnic Institute of Portalegre).csv
STU-PIP-2330,Academic Performance,"{""Admission_Grade"": ""12"", ""Tuition_Paid"": ""0"", ""Target"": ""Dropout""}",data/processed/prism_student_profile/Student performance (Polytechnic Institute of Portalegre).csv
STU-PIP-2331,Academic Performance,"{""Admission_Grade"": ""1"", ""Tuition_Paid"": ""1"", ""Target"": ""Dropout""}",data/processed/prism_student_profile/Student performance (Polytechnic Institute of Portalegre).csv
STU-PIP-2332,Academic Performance,"{""Admission_Grade"": ""1"", ""Tuition_Paid"": ""1"", ""Target"": ""Dropout""}",data/processed/prism_student_profile/Student performance (Polytechnic Institute of Portalegre).csv
STU-PIP-2333,Academic Performance,"{""Admission_Grade"": ""1"", ""Tuition_Paid"": ""1"", ""Target"": ""Graduate""}",data/processed/prism_student_profile/Student performance (Polytechnic Institute of Portalegre).csv
STU-PIP-2334,Academic Performance,"{""Admission_Grade"": ""1"", ""Tuition_Paid"": ""1"", ""Target"": ""Dropout""}",data/processed/prism_student_profile/Student performance (Polytechnic Institute of Portalegre).csv
STU-PIP-2335,Academic Performance,"{""Admission_Grade"": ""1"", ""Tuition_Paid"": ""1"", ""Target"": ""Graduate""}",data/processed/prism_student_profile/Student performance (Polytechnic Institute of Portalegre).csv
STU-PIP-2336,Academic Performance,"{""Admission_Grade"": ""1"", ""Tuition_Paid"": ""1"", ""Target"": ""Graduate""}",data/processed/prism_student_profile/Student performance (Polytechnic Institute of Portalegre).csv
STU-PIP-2337,Academic Performance,"{""Admission_Grade"": ""1"", ""Tuition_Paid"": ""1"", ""Target"": ""Dropout""}",data/processed/prism_student_profile/Student performance (Polytechnic Institute of Portalegre).csv
STU-PIP-2338,Academic Performance,"{""Admission_Grade"": ""1"", ""Tuition_Paid"": ""1"", ""Target"": ""Dropout""}",data/processed/prism_student_profile/Student performance (Polytechnic Institute of Portalegre).csv
STU-PIP-2339,Academic Performance,"{""Admission_Grade"": ""1"", ""Tuition_Paid"": ""1"", ""Target"": ""Dropout""}",data/processed/prism_student_profile/Student performance (Polytechnic Institute of Portalegre).csv
STU-PIP-2340,Academic Performance,"{""Admission_Grade"": ""1"", ""Tuition_Paid"": ""1"", ""Target"": ""Enrolled""}",data/processed/prism_student_profile/Student performance (Polytechnic Institute of Portalegre).csv
STU-PIP-2341,Academic Performance,"{""Admission_Grade"": ""1"", ""Tuition_Paid"": ""0"", ""Target"": ""Dropout""}",data/processed/prism_student_profile/Student performance (Polytechnic Institute of Portalegre).csv
STU-PIP-2342,Academic Performance,"{""Admission_Grade"": ""1"", ""Tuition_Paid"": ""1"", ""Target"": ""Enrolled""}",data/processed/prism_student_profile/Student performance (Polytechnic Institute of Portalegre).csv
STU-PIP-2343,Academic Performance,"{""Admission_Grade"": ""1"", ""Tuition_Paid"": ""1"", ""Target"": ""Graduate""}",data/processed/prism_student_profile/Student performance (Polytechnic Institute of Portalegre).csv
STU-PIP-2344,Academic Performance,"{""Admission_Grade"": ""1"", ""Tuition_Paid"": ""1"", ""Target"": ""Graduate""}",data/processed/prism_student_profile/Student performance (Polytechnic Institute of Portalegre).csv
STU-PIP-2345,Academic Performance,"{""Admission_Grade"": ""1"", ""Tuition_Paid"": ""1"", ""Target"": ""Graduate""}",data/processed/prism_student_profile/Student performance (Polytechnic Institute of Portalegre).csv
STU-PIP-2346,Academic Performance,"{""Admission_Grade"": ""42"", ""Tuition_Paid"": ""1"", ""Target"": ""Graduate""}",data/processed/prism_student_profile/Student performance (Polytechnic Institute of Portalegre).csv
STU-PIP-2347,Academic Performance,"{""Admission_Grade"": ""1"", ""Tuition_Paid"": ""1"", ""Target"": ""Enrolled""}",data/processed/prism_student_profile/Student performance (Polytechnic Institute of Portalegre).csv
STU-PIP-2348,Academic Performance,"{""Admission_Grade"": ""1"", ""Tuition_Paid"": ""1"", ""Target"": ""Graduate""}",data/processed/prism_student_profile/Student performance (Polytechnic Institute of Portalegre).csv
STU-PIP-2349,Academic Performance,"{""Admission_Grade"": ""1"", ""Tuition_Paid"": ""1"", ""Target"": ""Dropout""}",data/processed/prism_student_profile/Student performance (Polytechnic Institute of Portalegre).csv
STU-PIP-2350,Academic Performance,"{""Admission_Grade"": ""1"", ""Tuition_Paid"": ""1"", ""Target"": ""Graduate""}",data/processed/prism_student_profile/Student performance (Polytechnic Institute of Portalegre).csv
STU-PIP-2351,Academic Performance,"{""Admission_Grade"": ""1"", ""Tuition_Paid"": ""1"", ""Target"": ""Graduate""}",data/processed/prism_student_profile/Student performance (Polytechnic Institute of Portalegre).csv
STU-PIP-2352,Academic Performance,"{""Admission_Grade"": ""39"", ""Tuition_Paid"": ""1"", ""Target"": ""Graduate""}",data/processed/prism_student_profile/Student performance (Polytechnic Institute of Portalegre).csv
STU-PIP-2353,Academic Performance,"{""Admission_Grade"": ""1"", ""Tuition_Paid"": ""1"", ""Target"": ""Graduate""}",data/processed/prism_student_profile/Student performance (Polytechnic Institute of Portalegre).csv
STU-PIP-2354,Academic Performance,"{""Admission_Grade"": ""1"", ""Tuition_Paid"": ""1"", ""Target"": ""Graduate""}",data/processed/prism_student_profile/Student performance (Polytechnic Institute of Portalegre).csv
STU-PIP-2355,Academic Performance,"{""Admission_Grade"": ""1"", ""Tuition_Paid"": ""1"", ""Target"": ""Dropout""}",data/processed/prism_student_profile/Student performance (Polytechnic Institute of Portalegre).csv
STU-PIP-2356,Academic Performance,"{""Admission_Grade"": ""1"", ""Tuition_Paid"": ""1"", ""Target"": ""Graduate""}",data/processed/prism_student_profile/Student performance (Polytechnic Institute of Portalegre).csv
STU-PIP-2357,Academic Performance,"{""Admission_Grade"": ""1"", ""Tuition_Paid"": ""1"", ""Target"": ""Graduate""}",data/processed/prism_student_profile/Student performance (Polytechnic Institute of Portalegre).csv
STU-PIP-2358,Academic Performance,"{""Admission_Grade"": ""39"", ""Tuition_Paid"": ""1"", ""Target"": ""Dropout""}",data/processed/prism_student_profile/Student performance (Polytechnic Institute of Portalegre).csv
STU-PIP-2359,Academic Performance,"{""Admission_Grade"": ""1"", ""Tuition_Paid"": ""1"", ""Target"": ""Graduate""}",data/processed/prism_student_profile/Student performance (Polytechnic Institute of Portalegre).csv
STU-PIP-2360,Academic Performance,"{""Admission_Grade"": ""1"", ""Tuition_Paid"": ""1"", ""Target"": ""Dropout""}",data/processed/prism_student_profile/Student performance (Polytechnic Institute of Portalegre).csv
STU-PIP-2361,Academic Performance,"{""Admission_Grade"": ""1"", ""Tuition_Paid"": ""1"", ""Target"": ""Enrolled""}",data/processed/prism_student_profile/Student performance (Polytechnic Institute of Portalegre).csv
STU-PIP-2362,Academic Performance,"{""Admission_Grade"": ""1"", ""Tuition_Paid"": ""1"", ""Target"": ""Dropout""}",data/processed/prism_student_profile/Student performance (Polytechnic Institute of Portalegre).csv
STU-PIP-2363,Academic Performance,"{""Admission_Grade"": ""1"", ""Tuition_Paid"": ""1"", ""Target"": ""Graduate""}",data/processed/prism_student_profile/Student performance (Polytechnic Institute of Portalegre).csv
STU-PIP-2364,Academic Performance,"{""Admission_Grade"": ""39"", ""Tuition_Paid"": ""1"", ""Target"": ""Enrolled""}",data/processed/prism_student_profile/Student performance (Polytechnic Institute of Portalegre).csv
STU-PIP-2365,Academic Performance,"{""Admission_Grade"": ""1"", ""Tuition_Paid"": ""1"", ""Target"": ""Enrolled""}",data/processed/prism_student_profile/Student performance (Polytechnic Institute of Portalegre).csv
STU-PIP-2366,Academic Performance,"{""Admission_Grade"": ""1"", ""Tuition_Paid"": ""1"", ""Target"": ""Graduate""}",data/processed/prism_student_profile/Student performance (Polytechnic Institute of Portalegre).csv
STU-PIP-2367,Academic Performance,"{""Admission_Grade"": ""1"", ""Tuition_Paid"": ""1"", ""Target"": ""Enrolled""}",data/processed/prism_student_profile/Student performance (Polytechnic Institute of Portalegre).csv
STU-PIP-2368,Academic Performance,"{""Admission_Grade"": ""1"", ""Tuition_Paid"": ""1"", ""Target"": ""Graduate""}",data/processed/prism_student_profile/Student performance (Polytechnic Institute of Portalegre).csv
STU-PIP-2369,Academic Performance,"{""Admission_Grade"": ""1"", ""Tuition_Paid"": ""0"", ""Target"": ""Enrolled""}",data/processed/prism_student_profile/Student performance (Polytechnic Institute of Portalegre).csv
STU-PIP-2370,Academic Performance,"{""Admission_Grade"": ""1"", ""Tuition_Paid"": ""1"", ""Target"": ""Dropout""}",data/processed/prism_student_profile/Student performance (Polytechnic Institute of Portalegre).csv
STU-PIP-2371,Academic Performance,"{""Admission_Grade"": ""1"", ""Tuition_Paid"": ""1"", ""Target"": ""Enrolled""}",data/processed/prism_student_profile/Student performance (Polytechnic Institute of Portalegre).csv
STU-PIP-2372,Academic Performance,"{""Admission_Grade"": ""1"", ""Tuition_Paid"": ""1"", ""Target"": ""Graduate""}",data/processed/prism_student_profile/Student performance (Polytechnic Institute of Portalegre).csv
STU-PIP-2373,Academic Performance,"{""Admission_Grade"": ""1"", ""Tuition_Paid"": ""1"", ""Target"": ""Enrolled""}",data/processed/prism_student_profile/Student performance (Polytechnic Institute of Portalegre).csv
STU-PIP-2374,Academic Performance,"{""Admission_Grade"": ""1"", ""Tuition_Paid"": ""1"", ""Target"": ""Enrolled""}",data/processed/prism_student_profile/Student performance (Polytechnic Institute of Portalegre).csv
STU-PIP-2375,Academic Performance,"{""Admission_Grade"": ""1"", ""Tuition_Paid"": ""1"", ""Target"": ""Enrolled""}",data/processed/prism_student_profile/Student performance (Polytechnic Institute of Portalegre).csv
STU-PIP-2376,Academic Performance,"{""Admission_Grade"": ""1"", ""Tuition_Paid"": ""0"", ""Target"": ""Dropout""}",data/processed/prism_student_profile/Student performance (Polytechnic Institute of Portalegre).csv
STU-PIP-2377,Academic Performance,"{""Admission_Grade"": ""1"", ""Tuition_Paid"": ""1"", ""Target"": ""Graduate""}",data/processed/prism_student_profile/Student performance (Polytechnic Institute of Portalegre).csv
STU-PIP-2378,Academic Performance,"{""Admission_Grade"": ""1"", ""Tuition_Paid"": ""0"", ""Target"": ""Dropout""}",data/processed/prism_student_profile/Student performance (Polytechnic Institute of Portalegre).csv
STU-PIP-2379,Academic Performance,"{""Admission_Grade"": ""1"", ""Tuition_Paid"": ""0"", ""Target"": ""Dropout""}",data/processed/prism_student_profile/Student performance (Polytechnic Institute of Portalegre).csv
STU-PIP-2380,Academic Performance,"{""Admission_Grade"": ""1"", ""Tuition_Paid"": ""1"", ""Target"": ""Graduate""}",data/processed/prism_student_profile/Student performance (Polytechnic Institute of Portalegre).csv
STU-PIP-2381,Academic Performance,"{""Admission_Grade"": ""1"", ""Tuition_Paid"": ""1"", ""Target"": ""Graduate""}",data/processed/prism_student_profile/Student performance (Polytechnic Institute of Portalegre).csv
STU-PIP-2382,Academic Performance,"{""Admission_Grade"": ""1"", ""Tuition_Paid"": ""1"", ""Target"": ""Graduate""}",data/processed/prism_student_profile/Student performance (Polytechnic Institute of Portalegre).csv
STU-PIP-2383,Academic Performance,"{""Admission_Grade"": ""40"", ""Tuition_Paid"": ""1"", ""Target"": ""Dropout""}",data/processed/prism_student_profile/Student performance (Polytechnic Institute of Portalegre).csv
STU-PIP-2384,Academic Performance,"{""Admission_Grade"": ""1"", ""Tuition_Paid"": ""1"", ""Target"": ""Enrolled""}",data/processed/prism_student_profile/Student performance (Polytechnic Institute of Portalegre).csv
STU-PIP-2385,Academic Performance,"{""Admission_Grade"": ""1"", ""Tuition_Paid"": ""1"", ""Target"": ""Enrolled""}",data/processed/prism_student_profile/Student performance (Polytechnic Institute of Portalegre).csv
STU-PIP-2386,Academic Performance,"{""Admission_Grade"": ""39"", ""Tuition_Paid"": ""1"", ""Target"": ""Graduate""}",data/processed/prism_student_profile/Student performance (Polytechnic Institute of Portalegre).csv
STU-PIP-2387,Academic Performance,"{""Admission_Grade"": ""1"", ""Tuition_Paid"": ""1"", ""Target"": ""Enrolled""}",data/processed/prism_student_profile/Student performance (Polytechnic Institute of Portalegre).csv
STU-PIP-2388,Academic Performance,"{""Admission_Grade"": ""1"", ""Tuition_Paid"": ""0"", ""Target"": ""Graduate""}",data/processed/prism_student_profile/Student performance (Polytechnic Institute of Portalegre).csv
STU-PIP-2389,Academic Performance,"{""Admission_Grade"": ""1"", ""Tuition_Paid"": ""1"", ""Target"": ""Dropout""}",data/processed/prism_student_profile/Student performance (Polytechnic Institute of Portalegre).csv
STU-PIP-2390,Academic Performance,"{""Admission_Grade"": ""1"", ""Tuition_Paid"": ""1"", ""Target"": ""Dropout""}",data/processed/prism_student_profile/Student performance (Polytechnic Institute of Portalegre).csv
STU-PIP-2391,Academic Performance,"{""Admission_Grade"": ""1"", ""Tuition_Paid"": ""0"", ""Target"": ""Dropout""}",data/processed/prism_student_profile/Student performance (Polytechnic Institute of Portalegre).csv
STU-PIP-2392,Academic Performance,"{""Admission_Grade"": ""1"", ""Tuition_Paid"": ""1"", ""Target"": ""Dropout""}",data/processed/prism_student_profile/Student performance (Polytechnic Institute of Portalegre).csv
STU-PIP-2393,Academic Performance,"{""Admission_Grade"": ""1"", ""Tuition_Paid"": ""1"", ""Target"": ""Enrolled""}",data/processed/prism_student_profile/Student performance (Polytechnic Institute of Portalegre).csv
STU-PIP-2394,Academic Performance,"{""Admission_Grade"": ""1"", ""Tuition_Paid"": ""1"", ""Target"": ""Dropout""}",data/processed/prism_student_profile/Student performance (Polytechnic Institute of Portalegre).csv
STU-PIP-2395,Academic Performance,"{""Admission_Grade"": ""1"", ""Tuition_Paid"": ""1"", ""Target"": ""Graduate""}",data/processed/prism_student_profile/Student performance (Polytechnic Institute of Portalegre).csv
STU-PIP-2396,Academic Performance,"{""Admission_Grade"": ""1"", ""Tuition_Paid"": ""1"", ""Target"": ""Enrolled""}",data/processed/prism_student_profile/Student performance (Polytechnic Institute of Portalegre).csv
STU-PIP-2397,Academic Performance,"{""Admission_Grade"": ""1"", ""Tuition_Paid"": ""1"", ""Target"": ""Dropout""}",data/processed/prism_student_profile/Student performance (Polytechnic Institute of Portalegre).csv
STU-PIP-2398,Academic Performance,"{""Admission_Grade"": ""1"", ""Tuition_Paid"": ""1"", ""Target"": ""Enrolled""}",data/processed/prism_student_profile/Student performance (Polytechnic Institute of Portalegre).csv
STU-PIP-2399,Academic Performance,"{""Admission_Grade"": ""1"", ""Tuition_Paid"": ""1"", ""Target"": ""Graduate""}",data/processed/prism_student_profile/Student performance (Polytechnic Institute of Portalegre).csv
STU-PIP-2400,Academic Performance,"{""Admission_Grade"": ""1"", ""Tuition_Paid"": ""1"", ""Target"": ""Graduate""}",data/processed/prism_student_profile/Student performance (Polytechnic Institute of Portalegre).csv
STU-PIP-2401,Academic Performance,"{""Admission_Grade"": ""19"", ""Tuition_Paid"": ""1"", ""Target"": ""Dropout""}",data/processed/prism_student_profile/Student performance (Polytechnic Institute of Portalegre).csv
STU-PIP-2402,Academic Performance,"{""Admission_Grade"": ""1"", ""Tuition_Paid"": ""1"", ""Target"": ""Graduate""}",data/processed/prism_student_profile/Student performance (Polytechnic Institute of Portalegre).csv
STU-PIP-2403,Academic Performance,"{""Admission_Grade"": ""1"", ""Tuition_Paid"": ""0"", ""Target"": ""Dropout""}",data/processed/prism_student_profile/Student performance (Polytechnic Institute of Portalegre).csv
STU-PIP-2404,Academic Performance,"{""Admission_Grade"": ""1"", ""Tuition_Paid"": ""1"", ""Target"": ""Graduate""}",data/processed/prism_student_profile/Student performance (Polytechnic Institute of Portalegre).csv
STU-PIP-2405,Academic Performance,"{""Admission_Grade"": ""1"", ""Tuition_Paid"": ""0"", ""Target"": ""Dropout""}",data/processed/prism_student_profile/Student performance (Polytechnic Institute of Portalegre).csv
STU-PIP-2406,Academic Performance,"{""Admission_Grade"": ""1"", ""Tuition_Paid"": ""0"", ""Target"": ""Graduate""}",data/processed/prism_student_profile/Student performance (Polytechnic Institute of Portalegre).csv
STU-PIP-2407,Academic Performance,"{""Admission_Grade"": ""12"", ""Tuition_Paid"": ""1"", ""Target"": ""Graduate""}",data/processed/prism_student_profile/Student performance (Polytechnic Institute of Portalegre).csv
STU-PIP-2408,Academic Performance,"{""Admission_Grade"": ""19"", ""Tuition_Paid"": ""0"", ""Target"": ""Dropout""}",data/processed/prism_student_profile/Student performance (Polytechnic Institute of Portalegre).csv
STU-PIP-2409,Academic Performance,"{""Admission_Grade"": ""1"", ""Tuition_Paid"": ""1"", ""Target"": ""Dropout""}",data/processed/prism_student_profile/Student performance (Polytechnic Institute of Portalegre).csv
STU-PIP-2410,Academic Performance,"{""Admission_Grade"": ""1"", ""Tuition_Paid"": ""1"", ""Target"": ""Dropout""}",data/processed/prism_student_profile/Student performance (Polytechnic Institute of Portalegre).csv
STU-PIP-2411,Academic Performance,"{""Admission_Grade"": ""3"", ""Tuition_Paid"": ""1"", ""Target"": ""Dropout""}",data/processed/prism_student_profile/Student performance (Polytechnic Institute of Portalegre).csv
STU-PIP-2412,Academic Performance,"{""Admission_Grade"": ""1"", ""Tuition_Paid"": ""0"", ""Target"": ""Dropout""}",data/processed/prism_student_profile/Student performance (Polytechnic Institute of Portalegre).csv
STU-PIP-2413,Academic Performance,"{""Admission_Grade"": ""1"", ""Tuition_Paid"": ""1"", ""Target"": ""Enrolled""}",data/processed/prism_student_profile/Student performance (Polytechnic Institute of Portalegre).csv
STU-PIP-2414,Academic Performance,"{""Admission_Grade"": ""1"", ""Tuition_Paid"": ""1"", ""Target"": ""Graduate""}",data/processed/prism_student_profile/Student performance (Polytechnic Institute of Portalegre).csv
STU-PIP-2415,Academic Performance,"{""Admission_Grade"": ""1"", ""Tuition_Paid"": ""1"", ""Target"": ""Graduate""}",data/processed/prism_student_profile/Student performance (Polytechnic Institute of Portalegre).csv
STU-PIP-2416,Academic Performance,"{""Admission_Grade"": ""1"", ""Tuition_Paid"": ""1"", ""Target"": ""Dropout""}",data/processed/prism_student_profile/Student performance (Polytechnic Institute of Portalegre).csv
STU-PIP-2417,Academic Performance,"{""Admission_Grade"": ""1"", ""Tuition_Paid"": ""1"", ""Target"": ""Dropout""}",data/processed/prism_student_profile/Student performance (Polytechnic Institute of Portalegre).csv
STU-PIP-2418,Academic Performance,"{""Admission_Grade"": ""1"", ""Tuition_Paid"": ""1"", ""Target"": ""Graduate""}",data/processed/prism_student_profile/Student performance (Polytechnic Institute of Portalegre).csv
STU-PIP-2419,Academic Performance,"{""Admission_Grade"": ""42"", ""Tuition_Paid"": ""0"", ""Target"": ""Graduate""}",data/processed/prism_student_profile/Student performance (Polytechnic Institute of Portalegre).csv
STU-PIP-2420,Academic Performance,"{""Admission_Grade"": ""1"", ""Tuition_Paid"": ""1"", ""Target"": ""Enrolled""}",data/processed/prism_student_profile/Student performance (Polytechnic Institute of Portalegre).csv
STU-PIP-2421,Academic Performance,"{""Admission_Grade"": ""2"", ""Tuition_Paid"": ""1"", ""Target"": ""Dropout""}",data/processed/prism_student_profile/Student performance (Polytechnic Institute of Portalegre).csv
STU-PIP-2422,Academic Performance,"{""Admission_Grade"": ""19"", ""Tuition_Paid"": ""1"", ""Target"": ""Dropout""}",data/processed/prism_student_profile/Student performance (Polytechnic Institute of Portalegre).csv
STU-PIP-2423,Academic Performance,"{""Admission_Grade"": ""1"", ""Tuition_Paid"": ""1"", ""Target"": ""Graduate""}",data/processed/prism_student_profile/Student performance (Polytechnic Institute of Portalegre).csv
STU-PIP-2424,Academic Performance,"{""Admission_Grade"": ""1"", ""Tuition_Paid"": ""1"", ""Target"": ""Dropout""}",data/processed/prism_student_profile/Student performance (Polytechnic Institute of Portalegre).csv
STU-PIP-2425,Academic Performance,"{""Admission_Grade"": ""1"", ""Tuition_Paid"": ""1"", ""Target"": ""Dropout""}",data/processed/prism_student_profile/Student performance (Polytechnic Institute of Portalegre).csv
STU-PIP-2426,Academic Performance,"{""Admission_Grade"": ""38"", ""Tuition_Paid"": ""0"", ""Target"": ""Dropout""}",data/processed/prism_student_profile/Student performance (Polytechnic Institute of Portalegre).csv
STU-PIP-2427,Academic Performance,"{""Admission_Grade"": ""1"", ""Tuition_Paid"": ""0"", ""Target"": ""Dropout""}",data/processed/prism_student_profile/Student performance (Polytechnic Institute of Portalegre).csv
STU-PIP-2428,Academic Performance,"{""Admission_Grade"": ""1"", ""Tuition_Paid"": ""1"", ""Target"": ""Graduate""}",data/processed/prism_student_profile/Student performance (Polytechnic Institute of Portalegre).csv
STU-PIP-2429,Academic Performance,"{""Admission_Grade"": ""19"", ""Tuition_Paid"": ""1"", ""Target"": ""Dropout""}",data/processed/prism_student_profile/Student performance (Polytechnic Institute of Portalegre).csv
STU-PIP-2430,Academic Performance,"{""Admission_Grade"": ""1"", ""Tuition_Paid"": ""1"", ""Target"": ""Dropout""}",data/processed/prism_student_profile/Student performance (Polytechnic Institute of Portalegre).csv
STU-PIP-2431,Academic Performance,"{""Admission_Grade"": ""1"", ""Tuition_Paid"": ""1"", ""Target"": ""Graduate""}",data/processed/prism_student_profile/Student performance (Polytechnic Institute of Portalegre).csv
STU-PIP-2432,Academic Performance,"{""Admission_Grade"": ""1"", ""Tuition_Paid"": ""1"", ""Target"": ""Graduate""}",data/processed/prism_student_profile/Student performance (Polytechnic Institute of Portalegre).csv
STU-PIP-2433,Academic Performance,"{""Admission_Grade"": ""1"", ""Tuition_Paid"": ""1"", ""Target"": ""Dropout""}",data/processed/prism_student_profile/Student performance (Polytechnic Institute of Portalegre).csv
STU-PIP-2434,Academic Performance,"{""Admission_Grade"": ""1"", ""Tuition_Paid"": ""1"", ""Target"": ""Enrolled""}",data/processed/prism_student_profile/Student performance (Polytechnic Institute of Portalegre).csv
STU-PIP-2435,Academic Performance,"{""Admission_Grade"": ""1"", ""Tuition_Paid"": ""1"", ""Target"": ""Enrolled""}",data/processed/prism_student_profile/Student performance (Polytechnic Institute of Portalegre).csv
STU-PIP-2436,Academic Performance,"{""Admission_Grade"": ""1"", ""Tuition_Paid"": ""1"", ""Target"": ""Graduate""}",data/processed/prism_student_profile/Student performance (Polytechnic Institute of Portalegre).csv
STU-PIP-2437,Academic Performance,"{""Admission_Grade"": ""1"", ""Tuition_Paid"": ""1"", ""Target"": ""Graduate""}",data/processed/prism_student_profile/Student performance (Polytechnic Institute of Portalegre).csv
STU-PIP-2438,Academic Performance,"{""Admission_Grade"": ""1"", ""Tuition_Paid"": ""1"", ""Target"": ""Dropout""}",data/processed/prism_student_profile/Student performance (Polytechnic Institute of Portalegre).csv
STU-PIP-2439,Academic Performance,"{""Admission_Grade"": ""3"", ""Tuition_Paid"": ""0"", ""Target"": ""Dropout""}",data/processed/prism_student_profile/Student performance (Polytechnic Institute of Portalegre).csv
STU-PIP-2440,Academic Performance,"{""Admission_Grade"": ""6"", ""Tuition_Paid"": ""1"", ""Target"": ""Dropout""}",data/processed/prism_student_profile/Student performance (Polytechnic Institute of Portalegre).csv
STU-PIP-2441,Academic Performance,"{""Admission_Grade"": ""1"", ""Tuition_Paid"": ""0"", ""Target"": ""Dropout""}",data/processed/prism_student_profile/Student performance (Polytechnic Institute of Portalegre).csv
STU-PIP-2442,Academic Performance,"{""Admission_Grade"": ""1"", ""Tuition_Paid"": ""1"", ""Target"": ""Enrolled""}",data/processed/prism_student_profile/Student performance (Polytechnic Institute of Portalegre).csv
STU-PIP-2443,Academic Performance,"{""Admission_Grade"": ""1"", ""Tuition_Paid"": ""1"", ""Target"": ""Dropout""}",data/processed/prism_student_profile/Student performance (Polytechnic Institute of Portalegre).csv
STU-PIP-2444,Academic Performance,"{""Admission_Grade"": ""3"", ""Tuition_Paid"": ""1"", ""Target"": ""Graduate""}",data/processed/prism_student_profile/Student performance (Polytechnic Institute of Portalegre).csv
STU-PIP-2445,Academic Performance,"{""Admission_Grade"": ""1"", ""Tuition_Paid"": ""1"", ""Target"": ""Dropout""}",data/processed/prism_student_profile/Student performance (Polytechnic Institute of Portalegre).csv
STU-PIP-2446,Academic Performance,"{""Admission_Grade"": ""1"", ""Tuition_Paid"": ""1"", ""Target"": ""Enrolled""}",data/processed/prism_student_profile/Student performance (Polytechnic Institute of Portalegre).csv
STU-PIP-2447,Academic Performance,"{""Admission_Grade"": ""40"", ""Tuition_Paid"": ""1"", ""Target"": ""Dropout""}",data/processed/prism_student_profile/Student performance (Polytechnic Institute of Portalegre).csv
STU-PIP-2448,Academic Performance,"{""Admission_Grade"": ""19"", ""Tuition_Paid"": ""1"", ""Target"": ""Graduate""}",data/processed/prism_student_profile/Student performance (Polytechnic Institute of Portalegre).csv
STU-PIP-2449,Academic Performance,"{""Admission_Grade"": ""19"", ""Tuition_Paid"": ""0"", ""Target"": ""Dropout""}",data/processed/prism_student_profile/Student performance (Polytechnic Institute of Portalegre).csv
STU-PIP-2450,Academic Performance,"{""Admission_Grade"": ""3"", ""Tuition_Paid"": ""1"", ""Target"": ""Dropout""}",data/processed/prism_student_profile/Student performance (Polytechnic Institute of Portalegre).csv
STU-PIP-2451,Academic Performance,"{""Admission_Grade"": ""1"", ""Tuition_Paid"": ""0"", ""Target"": ""Enrolled""}",data/processed/prism_student_profile/Student performance (Polytechnic Institute of Portalegre).csv
STU-PIP-2452,Academic Performance,"{""Admission_Grade"": ""1"", ""Tuition_Paid"": ""0"", ""Target"": ""Dropout""}",data/processed/prism_student_profile/Student performance (Polytechnic Institute of Portalegre).csv
STU-PIP-2453,Academic Performance,"{""Admission_Grade"": ""1"", ""Tuition_Paid"": ""1"", ""Target"": ""Graduate""}",data/processed/prism_student_profile/Student performance (Polytechnic Institute of Portalegre).csv
STU-PIP-2454,Academic Performance,"{""Admission_Grade"": ""1"", ""Tuition_Paid"": ""1"", ""Target"": ""Enrolled""}",data/processed/prism_student_profile/Student performance (Polytechnic Institute of Portalegre).csv
STU-PIP-2455,Academic Performance,"{""Admission_Grade"": ""1"", ""Tuition_Paid"": ""1"", ""Target"": ""Dropout""}",data/processed/prism_student_profile/Student performance (Polytechnic Institute of Portalegre).csv
STU-PIP-2456,Academic Performance,"{""Admission_Grade"": ""39"", ""Tuition_Paid"": ""1"", ""Target"": ""Graduate""}",data/processed/prism_student_profile/Student performance (Polytechnic Institute of Portalegre).csv
STU-PIP-2457,Academic Performance,"{""Admission_Grade"": ""1"", ""Tuition_Paid"": ""1"", ""Target"": ""Graduate""}",data/processed/prism_student_profile/Student performance (Polytechnic Institute of Portalegre).csv
STU-PIP-2458,Academic Performance,"{""Admission_Grade"": ""1"", ""Tuition_Paid"": ""1"", ""Target"": ""Enrolled""}",data/processed/prism_student_profile/Student performance (Polytechnic Institute of Portalegre).csv
STU-PIP-2459,Academic Performance,"{""Admission_Grade"": ""1"", ""Tuition_Paid"": ""1"", ""Target"": ""Dropout""}",data/processed/prism_student_profile/Student performance (Polytechnic Institute of Portalegre).csv
STU-PIP-2460,Academic Performance,"{""Admission_Grade"": ""1"", ""Tuition_Paid"": ""1"", ""Target"": ""Graduate""}",data/processed/prism_student_profile/Student performance (Polytechnic Institute of Portalegre).csv
STU-PIP-2461,Academic Performance,"{""Admission_Grade"": ""1"", ""Tuition_Paid"": ""1"", ""Target"": ""Dropout""}",data/processed/prism_student_profile/Student performance (Polytechnic Institute of Portalegre).csv
STU-PIP-2462,Academic Performance,"{""Admission_Grade"": ""1"", ""Tuition_Paid"": ""1"", ""Target"": ""Dropout""}",data/processed/prism_student_profile/Student performance (Polytechnic Institute of Portalegre).csv
STU-PIP-2463,Academic Performance,"{""Admission_Grade"": ""1"", ""Tuition_Paid"": ""1"", ""Target"": ""Dropout""}",data/processed/prism_student_profile/Student performance (Polytechnic Institute of Portalegre).csv
STU-PIP-2464,Academic Performance,"{""Admission_Grade"": ""1"", ""Tuition_Paid"": ""1"", ""Target"": ""Dropout""}",data/processed/prism_student_profile/Student performance (Polytechnic Institute of Portalegre).csv
STU-PIP-2465,Academic Performance,"{""Admission_Grade"": ""1"", ""Tuition_Paid"": ""0"", ""Target"": ""Dropout""}",data/processed/prism_student_profile/Student performance (Polytechnic Institute of Portalegre).csv
STU-PIP-2466,Academic Performance,"{""Admission_Grade"": ""19"", ""Tuition_Paid"": ""1"", ""Target"": ""Dropout""}",data/processed/prism_student_profile/Student performance (Polytechnic Institute of Portalegre).csv
STU-PIP-2467,Academic Performance,"{""Admission_Grade"": ""1"", ""Tuition_Paid"": ""1"", ""Target"": ""Enrolled""}",data/processed/prism_student_profile/Student performance (Polytechnic Institute of Portalegre).csv
STU-PIP-2468,Academic Performance,"{""Admission_Grade"": ""39"", ""Tuition_Paid"": ""1"", ""Target"": ""Enrolled""}",data/processed/prism_student_profile/Student performance (Polytechnic Institute of Portalegre).csv
STU-PIP-2469,Academic Performance,"{""Admission_Grade"": ""1"", ""Tuition_Paid"": ""1"", ""Target"": ""Dropout""}",data/processed/prism_student_profile/Student performance (Polytechnic Institute of Portalegre).csv
STU-PIP-2470,Academic Performance,"{""Admission_Grade"": ""1"", ""Tuition_Paid"": ""1"", ""Target"": ""Dropout""}",data/processed/prism_student_profile/Student performance (Polytechnic Institute of Portalegre).csv
STU-PIP-2471,Academic Performance,"{""Admission_Grade"": ""39"", ""Tuition_Paid"": ""1"", ""Target"": ""Enrolled""}",data/processed/prism_student_profile/Student performance (Polytechnic Institute of Portalegre).csv
STU-PIP-2472,Academic Performance,"{""Admission_Grade"": ""19"", ""Tuition_Paid"": ""0"", ""Target"": ""Dropout""}",data/processed/prism_student_profile/Student performance (Polytechnic Institute of Portalegre).csv
STU-PIP-2473,Academic Performance,"{""Admission_Grade"": ""1"", ""Tuition_Paid"": ""1"", ""Target"": ""Dropout""}",data/processed/prism_student_profile/Student performance (Polytechnic Institute of Portalegre).csv
STU-PIP-2474,Academic Performance,"{""Admission_Grade"": ""1"", ""Tuition_Paid"": ""0"", ""Target"": ""Dropout""}",data/processed/prism_student_profile/Student performance (Polytechnic Institute of Portalegre).csv
STU-PIP-2475,Academic Performance,"{""Admission_Grade"": ""1"", ""Tuition_Paid"": ""1"", ""Target"": ""Graduate""}",data/processed/prism_student_profile/Student performance (Polytechnic Institute of Portalegre).csv
STU-PIP-2476,Academic Performance,"{""Admission_Grade"": ""19"", ""Tuition_Paid"": ""0"", ""Target"": ""Dropout""}",data/processed/prism_student_profile/Student performance (Polytechnic Institute of Portalegre).csv
STU-PIP-2477,Academic Performance,"{""Admission_Grade"": ""1"", ""Tuition_Paid"": ""1"", ""Target"": ""Graduate""}",data/processed/prism_student_profile/Student performance (Polytechnic Institute of Portalegre).csv
STU-PIP-2478,Academic Performance,"{""Admission_Grade"": ""1"", ""Tuition_Paid"": ""1"", ""Target"": ""Enrolled""}",data/processed/prism_student_profile/Student performance (Polytechnic Institute of Portalegre).csv
STU-PIP-2479,Academic Performance,"{""Admission_Grade"": ""1"", ""Tuition_Paid"": ""1"", ""Target"": ""Graduate""}",data/processed/prism_student_profile/Student performance (Polytechnic Institute of Portalegre).csv
STU-PIP-2480,Academic Performance,"{""Admission_Grade"": ""1"", ""Tuition_Paid"": ""1"", ""Target"": ""Dropout""}",data/processed/prism_student_profile/Student performance (Polytechnic Institute of Portalegre).csv
STU-PIP-2481,Academic Performance,"{""Admission_Grade"": ""1"", ""Tuition_Paid"": ""1"", ""Target"": ""Enrolled""}",data/processed/prism_student_profile/Student performance (Polytechnic Institute of Portalegre).csv
STU-PIP-2482,Academic Performance,"{""Admission_Grade"": ""1"", ""Tuition_Paid"": ""1"", ""Target"": ""Graduate""}",data/processed/prism_student_profile/Student performance (Polytechnic Institute of Portalegre).csv
STU-PIP-2483,Academic Performance,"{""Admission_Grade"": ""12"", ""Tuition_Paid"": ""1"", ""Target"": ""Graduate""}",data/processed/prism_student_profile/Student performance (Polytechnic Institute of Portalegre).csv
STU-PIP-2484,Academic Performance,"{""Admission_Grade"": ""42"", ""Tuition_Paid"": ""1"", ""Target"": ""Graduate""}",data/processed/prism_student_profile/Student performance (Polytechnic Institute of Portalegre).csv
STU-PIP-2485,Academic Performance,"{""Admission_Grade"": ""1"", ""Tuition_Paid"": ""1"", ""Target"": ""Graduate""}",data/processed/prism_student_profile/Student performance (Polytechnic Institute of Portalegre).csv
STU-PIP-2486,Academic Performance,"{""Admission_Grade"": ""1"", ""Tuition_Paid"": ""0"", ""Target"": ""Dropout""}",data/processed/prism_student_profile/Student performance (Polytechnic Institute of Portalegre).csv
STU-PIP-2487,Academic Performance,"{""Admission_Grade"": ""1"", ""Tuition_Paid"": ""1"", ""Target"": ""Dropout""}",data/processed/prism_student_profile/Student performance (Polytechnic Institute of Portalegre).csv
STU-PIP-2488,Academic Performance,"{""Admission_Grade"": ""1"", ""Tuition_Paid"": ""1"", ""Target"": ""Dropout""}",data/processed/prism_student_profile/Student performance (Polytechnic Institute of Portalegre).csv
STU-PIP-2489,Academic Performance,"{""Admission_Grade"": ""1"", ""Tuition_Paid"": ""1"", ""Target"": ""Enrolled""}",data/processed/prism_student_profile/Student performance (Polytechnic Institute of Portalegre).csv
STU-PIP-2490,Academic Performance,"{""Admission_Grade"": ""1"", ""Tuition_Paid"": ""1"", ""Target"": ""Graduate""}",data/processed/prism_student_profile/Student performance (Polytechnic Institute of Portalegre).csv
STU-PIP-2491,Academic Performance,"{""Admission_Grade"": ""1"", ""Tuition_Paid"": ""1"", ""Target"": ""Enrolled""}",data/processed/prism_student_profile/Student performance (Polytechnic Institute of Portalegre).csv
STU-PIP-2492,Academic Performance,"{""Admission_Grade"": ""1"", ""Tuition_Paid"": ""1"", ""Target"": ""Enrolled""}",data/processed/prism_student_profile/Student performance (Polytechnic Institute of Portalegre).csv
STU-PIP-2493,Academic Performance,"{""Admission_Grade"": ""1"", ""Tuition_Paid"": ""0"", ""Target"": ""Dropout""}",data/processed/prism_student_profile/Student performance (Polytechnic Institute of Portalegre).csv
STU-PIP-2494,Academic Performance,"{""Admission_Grade"": ""1"", ""Tuition_Paid"": ""1"", ""Target"": ""Graduate""}",data/processed/prism_student_profile/Student performance (Polytechnic Institute of Portalegre).csv
STU-PIP-2495,Academic Performance,"{""Admission_Grade"": ""1"", ""Tuition_Paid"": ""1"", ""Target"": ""Graduate""}",data/processed/prism_student_profile/Student performance (Polytechnic Institute of Portalegre).csv
STU-PIP-2496,Academic Performance,"{""Admission_Grade"": ""19"", ""Tuition_Paid"": ""1"", ""Target"": ""Graduate""}",data/processed/prism_student_profile/Student performance (Polytechnic Institute of Portalegre).csv
STU-PIP-2497,Academic Performance,"{""Admission_Grade"": ""1"", ""Tuition_Paid"": ""1"", ""Target"": ""Graduate""}",data/processed/prism_student_profile/Student performance (Polytechnic Institute of Portalegre).csv
STU-PIP-2498,Academic Performance,"{""Admission_Grade"": ""1"", ""Tuition_Paid"": ""1"", ""Target"": ""Graduate""}",data/processed/prism_student_profile/Student performance (Polytechnic Institute of Portalegre).csv
STU-PIP-2499,Academic Performance,"{""Admission_Grade"": ""19"", ""Tuition_Paid"": ""1"", ""Target"": ""Dropout""}",data/processed/prism_student_profile/Student performance (Polytechnic Institute of Portalegre).csv
STU-PIP-2500,Academic Performance,"{""Admission_Grade"": ""19"", ""Tuition_Paid"": ""1"", ""Target"": ""Dropout""}",data/processed/prism_student_profile/Student performance (Polytechnic Institute of Portalegre).csv
STU-PIP-2501,Academic Performance,"{""Admission_Grade"": ""39"", ""Tuition_Paid"": ""1"", ""Target"": ""Graduate""}",data/processed/prism_student_profile/Student performance (Polytechnic Institute of Portalegre).csv
STU-PIP-2502,Academic Performance,"{""Admission_Grade"": ""12"", ""Tuition_Paid"": ""1"", ""Target"": ""Graduate""}",data/processed/prism_student_profile/Student performance (Polytechnic Institute of Portalegre).csv
STU-PIP-2503,Academic Performance,"{""Admission_Grade"": ""1"", ""Tuition_Paid"": ""1"", ""Target"": ""Graduate""}",data/processed/prism_student_profile/Student performance (Polytechnic Institute of Portalegre).csv
STU-PIP-2504,Academic Performance,"{""Admission_Grade"": ""1"", ""Tuition_Paid"": ""1"", ""Target"": ""Graduate""}",data/processed/prism_student_profile/Student performance (Polytechnic Institute of Portalegre).csv
STU-PIP-2505,Academic Performance,"{""Admission_Grade"": ""1"", ""Tuition_Paid"": ""1"", ""Target"": ""Dropout""}",data/processed/prism_student_profile/Student performance (Polytechnic Institute of Portalegre).csv
STU-PIP-2506,Academic Performance,"{""Admission_Grade"": ""1"", ""Tuition_Paid"": ""1"", ""Target"": ""Graduate""}",data/processed/prism_student_profile/Student performance (Polytechnic Institute of Portalegre).csv
STU-PIP-2507,Academic Performance,"{""Admission_Grade"": ""1"", ""Tuition_Paid"": ""1"", ""Target"": ""Graduate""}",data/processed/prism_student_profile/Student performance (Polytechnic Institute of Portalegre).csv
STU-PIP-2508,Academic Performance,"{""Admission_Grade"": ""1"", ""Tuition_Paid"": ""1"", ""Target"": ""Graduate""}",data/processed/prism_student_profile/Student performance (Polytechnic Institute of Portalegre).csv
STU-PIP-2509,Academic Performance,"{""Admission_Grade"": ""1"", ""Tuition_Paid"": ""1"", ""Target"": ""Graduate""}",data/processed/prism_student_profile/Student performance (Polytechnic Institute of Portalegre).csv
STU-PIP-2510,Academic Performance,"{""Admission_Grade"": ""1"", ""Tuition_Paid"": ""1"", ""Target"": ""Graduate""}",data/processed/prism_student_profile/Student performance (Polytechnic Institute of Portalegre).csv
STU-PIP-2511,Academic Performance,"{""Admission_Grade"": ""1"", ""Tuition_Paid"": ""0"", ""Target"": ""Dropout""}",data/processed/prism_student_profile/Student performance (Polytechnic Institute of Portalegre).csv
STU-PIP-2512,Academic Performance,"{""Admission_Grade"": ""1"", ""Tuition_Paid"": ""1"", ""Target"": ""Enrolled""}",data/processed/prism_student_profile/Student performance (Polytechnic Institute of Portalegre).csv
STU-PIP-2513,Academic Performance,"{""Admission_Grade"": ""1"", ""Tuition_Paid"": ""1"", ""Target"": ""Graduate""}",data/processed/prism_student_profile/Student performance (Polytechnic Institute of Portalegre).csv
STU-PIP-2514,Academic Performance,"{""Admission_Grade"": ""1"", ""Tuition_Paid"": ""1"", ""Target"": ""Graduate""}",data/processed/prism_student_profile/Student performance (Polytechnic Institute of Portalegre).csv
STU-PIP-2515,Academic Performance,"{""Admission_Grade"": ""1"", ""Tuition_Paid"": ""1"", ""Target"": ""Dropout""}",data/processed/prism_student_profile/Student performance (Polytechnic Institute of Portalegre).csv
STU-PIP-2516,Academic Performance,"{""Admission_Grade"": ""1"", ""Tuition_Paid"": ""1"", ""Target"": ""Enrolled""}",data/processed/prism_student_profile/Student performance (Polytechnic Institute of Portalegre).csv
STU-PIP-2517,Academic Performance,"{""Admission_Grade"": ""1"", ""Tuition_Paid"": ""1"", ""Target"": ""Graduate""}",data/processed/prism_student_profile/Student performance (Polytechnic Institute of Portalegre).csv
STU-PIP-2518,Academic Performance,"{""Admission_Grade"": ""1"", ""Tuition_Paid"": ""1"", ""Target"": ""Graduate""}",data/processed/prism_student_profile/Student performance (Polytechnic Institute of Portalegre).csv
STU-PIP-2519,Academic Performance,"{""Admission_Grade"": ""1"", ""Tuition_Paid"": ""1"", ""Target"": ""Graduate""}",data/processed/prism_student_profile/Student performance (Polytechnic Institute of Portalegre).csv
STU-PIP-2520,Academic Performance,"{""Admission_Grade"": ""1"", ""Tuition_Paid"": ""1"", ""Target"": ""Graduate""}",data/processed/prism_student_profile/Student performance (Polytechnic Institute of Portalegre).csv
STU-PIP-2521,Academic Performance,"{""Admission_Grade"": ""1"", ""Tuition_Paid"": ""1"", ""Target"": ""Graduate""}",data/processed/prism_student_profile/Student performance (Polytechnic Institute of Portalegre).csv
STU-PIP-2522,Academic Performance,"{""Admission_Grade"": ""1"", ""Tuition_Paid"": ""1"", ""Target"": ""Graduate""}",data/processed/prism_student_profile/Student performance (Polytechnic Institute of Portalegre).csv
STU-PIP-2523,Academic Performance,"{""Admission_Grade"": ""1"", ""Tuition_Paid"": ""1"", ""Target"": ""Graduate""}",data/processed/prism_student_profile/Student performance (Polytechnic Institute of Portalegre).csv
STU-PIP-2524,Academic Performance,"{""Admission_Grade"": ""1"", ""Tuition_Paid"": ""1"", ""Target"": ""Dropout""}",data/processed/prism_student_profile/Student performance (Polytechnic Institute of Portalegre).csv
STU-PIP-2525,Academic Performance,"{""Admission_Grade"": ""1"", ""Tuition_Paid"": ""1"", ""Target"": ""Dropout""}",data/processed/prism_student_profile/Student performance (Polytechnic Institute of Portalegre).csv
STU-PIP-2526,Academic Performance,"{""Admission_Grade"": ""1"", ""Tuition_Paid"": ""1"", ""Target"": ""Graduate""}",data/processed/prism_student_profile/Student performance (Polytechnic Institute of Portalegre).csv
STU-PIP-2527,Academic Performance,"{""Admission_Grade"": ""1"", ""Tuition_Paid"": ""1"", ""Target"": ""Dropout""}",data/processed/prism_student_profile/Student performance (Polytechnic Institute of Portalegre).csv
STU-PIP-2528,Academic Performance,"{""Admission_Grade"": ""1"", ""Tuition_Paid"": ""1"", ""Target"": ""Graduate""}",data/processed/prism_student_profile/Student performance (Polytechnic Institute of Portalegre).csv
STU-PIP-2529,Academic Performance,"{""Admission_Grade"": ""1"", ""Tuition_Paid"": ""1"", ""Target"": ""Graduate""}",data/processed/prism_student_profile/Student performance (Polytechnic Institute of Portalegre).csv
STU-PIP-2530,Academic Performance,"{""Admission_Grade"": ""1"", ""Tuition_Paid"": ""1"", ""Target"": ""Graduate""}",data/processed/prism_student_profile/Student performance (Polytechnic Institute of Portalegre).csv
STU-PIP-2531,Academic Performance,"{""Admission_Grade"": ""1"", ""Tuition_Paid"": ""1"", ""Target"": ""Graduate""}",data/processed/prism_student_profile/Student performance (Polytechnic Institute of Portalegre).csv
STU-PIP-2532,Academic Performance,"{""Admission_Grade"": ""39"", ""Tuition_Paid"": ""1"", ""Target"": ""Graduate""}",data/processed/prism_student_profile/Student performance (Polytechnic Institute of Portalegre).csv
STU-PIP-2533,Academic Performance,"{""Admission_Grade"": ""1"", ""Tuition_Paid"": ""1"", ""Target"": ""Graduate""}",data/processed/prism_student_profile/Student performance (Polytechnic Institute of Portalegre).csv
STU-PIP-2534,Academic Performance,"{""Admission_Grade"": ""1"", ""Tuition_Paid"": ""1"", ""Target"": ""Enrolled""}",data/processed/prism_student_profile/Student performance (Polytechnic Institute of Portalegre).csv
STU-PIP-2535,Academic Performance,"{""Admission_Grade"": ""1"", ""Tuition_Paid"": ""1"", ""Target"": ""Graduate""}",data/processed/prism_student_profile/Student performance (Polytechnic Institute of Portalegre).csv
STU-PIP-2536,Academic Performance,"{""Admission_Grade"": ""1"", ""Tuition_Paid"": ""1"", ""Target"": ""Enrolled""}",data/processed/prism_student_profile/Student performance (Polytechnic Institute of Portalegre).csv
STU-PIP-2537,Academic Performance,"{""Admission_Grade"": ""1"", ""Tuition_Paid"": ""1"", ""Target"": ""Enrolled""}",data/processed/prism_student_profile/Student performance (Polytechnic Institute of Portalegre).csv
STU-PIP-2538,Academic Performance,"{""Admission_Grade"": ""1"", ""Tuition_Paid"": ""1"", ""Target"": ""Graduate""}",data/processed/prism_student_profile/Student performance (Polytechnic Institute of Portalegre).csv
STU-PIP-2539,Academic Performance,"{""Admission_Grade"": ""1"", ""Tuition_Paid"": ""1"", ""Target"": ""Graduate""}",data/processed/prism_student_profile/Student performance (Polytechnic Institute of Portalegre).csv
STU-PIP-2540,Academic Performance,"{""Admission_Grade"": ""1"", ""Tuition_Paid"": ""1"", ""Target"": ""Graduate""}",data/processed/prism_student_profile/Student performance (Polytechnic Institute of Portalegre).csv
STU-PIP-2541,Academic Performance,"{""Admission_Grade"": ""3"", ""Tuition_Paid"": ""1"", ""Target"": ""Dropout""}",data/processed/prism_student_profile/Student performance (Polytechnic Institute of Portalegre).csv
STU-PIP-2542,Academic Performance,"{""Admission_Grade"": ""1"", ""Tuition_Paid"": ""1"", ""Target"": ""Dropout""}",data/processed/prism_student_profile/Student performance (Polytechnic Institute of Portalegre).csv
STU-PIP-2543,Academic Performance,"{""Admission_Grade"": ""1"", ""Tuition_Paid"": ""1"", ""Target"": ""Graduate""}",data/processed/prism_student_profile/Student performance (Polytechnic Institute of Portalegre).csv
STU-PIP-2544,Academic Performance,"{""Admission_Grade"": ""1"", ""Tuition_Paid"": ""1"", ""Target"": ""Dropout""}",data/processed/prism_student_profile/Student performance (Polytechnic Institute of Portalegre).csv
STU-PIP-2545,Academic Performance,"{""Admission_Grade"": ""39"", ""Tuition_Paid"": ""1"", ""Target"": ""Enrolled""}",data/processed/prism_student_profile/Student performance (Polytechnic Institute of Portalegre).csv
STU-PIP-2546,Academic Performance,"{""Admission_Grade"": ""1"", ""Tuition_Paid"": ""1"", ""Target"": ""Graduate""}",data/processed/prism_student_profile/Student performance (Polytechnic Institute of Portalegre).csv
STU-PIP-2547,Academic Performance,"{""Admission_Grade"": ""1"", ""Tuition_Paid"": ""1"", ""Target"": ""Graduate""}",data/processed/prism_student_profile/Student performance (Polytechnic Institute of Portalegre).csv
STU-PIP-2548,Academic Performance,"{""Admission_Grade"": ""1"", ""Tuition_Paid"": ""1"", ""Target"": ""Graduate""}",data/processed/prism_student_profile/Student performance (Polytechnic Institute of Portalegre).csv
STU-PIP-2549,Academic Performance,"{""Admission_Grade"": ""1"", ""Tuition_Paid"": ""1"", ""Target"": ""Graduate""}",data/processed/prism_student_profile/Student performance (Polytechnic Institute of Portalegre).csv
STU-PIP-2550,Academic Performance,"{""Admission_Grade"": ""1"", ""Tuition_Paid"": ""1"", ""Target"": ""Dropout""}",data/processed/prism_student_profile/Student performance (Polytechnic Institute of Portalegre).csv
STU-PIP-2551,Academic Performance,"{""Admission_Grade"": ""1"", ""Tuition_Paid"": ""1"", ""Target"": ""Graduate""}",data/processed/prism_student_profile/Student performance (Polytechnic Institute of Portalegre).csv
STU-PIP-2552,Academic Performance,"{""Admission_Grade"": ""1"", ""Tuition_Paid"": ""1"", ""Target"": ""Enrolled""}",data/processed/prism_student_profile/Student performance (Polytechnic Institute of Portalegre).csv
STU-PIP-2553,Academic Performance,"{""Admission_Grade"": ""1"", ""Tuition_Paid"": ""1"", ""Target"": ""Graduate""}",data/processed/prism_student_profile/Student performance (Polytechnic Institute of Portalegre).csv
STU-PIP-2554,Academic Performance,"{""Admission_Grade"": ""1"", ""Tuition_Paid"": ""1"", ""Target"": ""Dropout""}",data/processed/prism_student_profile/Student performance (Polytechnic Institute of Portalegre).csv
STU-PIP-2555,Academic Performance,"{""Admission_Grade"": ""1"", ""Tuition_Paid"": ""1"", ""Target"": ""Enrolled""}",data/processed/prism_student_profile/Student performance (Polytechnic Institute of Portalegre).csv
STU-PIP-2556,Academic Performance,"{""Admission_Grade"": ""1"", ""Tuition_Paid"": ""1"", ""Target"": ""Enrolled""}",data/processed/prism_student_profile/Student performance (Polytechnic Institute of Portalegre).csv
STU-PIP-2557,Academic Performance,"{""Admission_Grade"": ""1"", ""Tuition_Paid"": ""1"", ""Target"": ""Graduate""}",data/processed/prism_student_profile/Student performance (Polytechnic Institute of Portalegre).csv
STU-PIP-2558,Academic Performance,"{""Admission_Grade"": ""1"", ""Tuition_Paid"": ""1"", ""Target"": ""Enrolled""}",data/processed/prism_student_profile/Student performance (Polytechnic Institute of Portalegre).csv
STU-PIP-2559,Academic Performance,"{""Admission_Grade"": ""1"", ""Tuition_Paid"": ""1"", ""Target"": ""Enrolled""}",data/processed/prism_student_profile/Student performance (Polytechnic Institute of Portalegre).csv
STU-PIP-2560,Academic Performance,"{""Admission_Grade"": ""1"", ""Tuition_Paid"": ""1"", ""Target"": ""Dropout""}",data/processed/prism_student_profile/Student performance (Polytechnic Institute of Portalegre).csv
STU-PIP-2561,Academic Performance,"{""Admission_Grade"": ""1"", ""Tuition_Paid"": ""1"", ""Target"": ""Graduate""}",data/processed/prism_student_profile/Student performance (Polytechnic Institute of Portalegre).csv
STU-PIP-2562,Academic Performance,"{""Admission_Grade"": ""1"", ""Tuition_Paid"": ""1"", ""Target"": ""Graduate""}",data/processed/prism_student_profile/Student performance (Polytechnic Institute of Portalegre).csv
STU-PIP-2563,Academic Performance,"{""Admission_Grade"": ""19"", ""Tuition_Paid"": ""1"", ""Target"": ""Dropout""}",data/processed/prism_student_profile/Student performance (Polytechnic Institute of Portalegre).csv
STU-PIP-2564,Academic Performance,"{""Admission_Grade"": ""1"", ""Tuition_Paid"": ""1"", ""Target"": ""Enrolled""}",data/processed/prism_student_profile/Student performance (Polytechnic Institute of Portalegre).csv
STU-PIP-2565,Academic Performance,"{""Admission_Grade"": ""1"", ""Tuition_Paid"": ""1"", ""Target"": ""Graduate""}",data/processed/prism_student_profile/Student performance (Polytechnic Institute of Portalegre).csv
STU-PIP-2566,Academic Performance,"{""Admission_Grade"": ""1"", ""Tuition_Paid"": ""1"", ""Target"": ""Graduate""}",data/processed/prism_student_profile/Student performance (Polytechnic Institute of Portalegre).csv
STU-PIP-2567,Academic Performance,"{""Admission_Grade"": ""1"", ""Tuition_Paid"": ""1"", ""Target"": ""Graduate""}",data/processed/prism_student_profile/Student performance (Polytechnic Institute of Portalegre).csv
STU-PIP-2568,Academic Performance,"{""Admission_Grade"": ""1"", ""Tuition_Paid"": ""1"", ""Target"": ""Enrolled""}",data/processed/prism_student_profile/Student performance (Polytechnic Institute of Portalegre).csv
STU-PIP-2569,Academic Performance,"{""Admission_Grade"": ""12"", ""Tuition_Paid"": ""1"", ""Target"": ""Enrolled""}",data/processed/prism_student_profile/Student performance (Polytechnic Institute of Portalegre).csv
STU-PIP-2570,Academic Performance,"{""Admission_Grade"": ""1"", ""Tuition_Paid"": ""1"", ""Target"": ""Graduate""}",data/processed/prism_student_profile/Student performance (Polytechnic Institute of Portalegre).csv
STU-PIP-2571,Academic Performance,"{""Admission_Grade"": ""1"", ""Tuition_Paid"": ""1"", ""Target"": ""Graduate""}",data/processed/prism_student_profile/Student performance (Polytechnic Institute of Portalegre).csv
STU-PIP-2572,Academic Performance,"{""Admission_Grade"": ""1"", ""Tuition_Paid"": ""1"", ""Target"": ""Graduate""}",data/processed/prism_student_profile/Student performance (Polytechnic Institute of Portalegre).csv
STU-PIP-2573,Academic Performance,"{""Admission_Grade"": ""1"", ""Tuition_Paid"": ""1"", ""Target"": ""Graduate""}",data/processed/prism_student_profile/Student performance (Polytechnic Institute of Portalegre).csv
STU-PIP-2574,Academic Performance,"{""Admission_Grade"": ""1"", ""Tuition_Paid"": ""1"", ""Target"": ""Graduate""}",data/processed/prism_student_profile/Student performance (Polytechnic Institute of Portalegre).csv
STU-PIP-2575,Academic Performance,"{""Admission_Grade"": ""1"", ""Tuition_Paid"": ""1"", ""Target"": ""Graduate""}",data/processed/prism_student_profile/Student performance (Polytechnic Institute of Portalegre).csv
STU-PIP-2576,Academic Performance,"{""Admission_Grade"": ""1"", ""Tuition_Paid"": ""1"", ""Target"": ""Graduate""}",data/processed/prism_student_profile/Student performance (Polytechnic Institute of Portalegre).csv
STU-PIP-2577,Academic Performance,"{""Admission_Grade"": ""39"", ""Tuition_Paid"": ""1"", ""Target"": ""Dropout""}",data/processed/prism_student_profile/Student performance (Polytechnic Institute of Portalegre).csv
STU-PIP-2578,Academic Performance,"{""Admission_Grade"": ""1"", ""Tuition_Paid"": ""1"", ""Target"": ""Dropout""}",data/processed/prism_student_profile/Student performance (Polytechnic Institute of Portalegre).csv
STU-PIP-2579,Academic Performance,"{""Admission_Grade"": ""1"", ""Tuition_Paid"": ""1"", ""Target"": ""Graduate""}",data/processed/prism_student_profile/Student performance (Polytechnic Institute of Portalegre).csv
STU-PIP-2580,Academic Performance,"{""Admission_Grade"": ""1"", ""Tuition_Paid"": ""1"", ""Target"": ""Graduate""}",data/processed/prism_student_profile/Student performance (Polytechnic Institute of Portalegre).csv
STU-PIP-2581,Academic Performance,"{""Admission_Grade"": ""1"", ""Tuition_Paid"": ""1"", ""Target"": ""Graduate""}",data/processed/prism_student_profile/Student performance (Polytechnic Institute of Portalegre).csv
STU-PIP-2582,Academic Performance,"{""Admission_Grade"": ""1"", ""Tuition_Paid"": ""0"", ""Target"": ""Dropout""}",data/processed/prism_student_profile/Student performance (Polytechnic Institute of Portalegre).csv
STU-PIP-2583,Academic Performance,"{""Admission_Grade"": ""1"", ""Tuition_Paid"": ""1"", ""Target"": ""Graduate""}",data/processed/prism_student_profile/Student performance (Polytechnic Institute of Portalegre).csv
STU-PIP-2584,Academic Performance,"{""Admission_Grade"": ""1"", ""Tuition_Paid"": ""1"", ""Target"": ""Enrolled""}",data/processed/prism_student_profile/Student performance (Polytechnic Institute of Portalegre).csv
STU-PIP-2585,Academic Performance,"{""Admission_Grade"": ""1"", ""Tuition_Paid"": ""1"", ""Target"": ""Graduate""}",data/processed/prism_student_profile/Student performance (Polytechnic Institute of Portalegre).csv
STU-PIP-2586,Academic Performance,"{""Admission_Grade"": ""1"", ""Tuition_Paid"": ""1"", ""Target"": ""Graduate""}",data/processed/prism_student_profile/Student performance (Polytechnic Institute of Portalegre).csv
STU-PIP-2587,Academic Performance,"{""Admission_Grade"": ""1"", ""Tuition_Paid"": ""1"", ""Target"": ""Enrolled""}",data/processed/prism_student_profile/Student performance (Polytechnic Institute of Portalegre).csv
STU-PIP-2588,Academic Performance,"{""Admission_Grade"": ""1"", ""Tuition_Paid"": ""1"", ""Target"": ""Enrolled""}",data/processed/prism_student_profile/Student performance (Polytechnic Institute of Portalegre).csv
STU-PIP-2589,Academic Performance,"{""Admission_Grade"": ""1"", ""Tuition_Paid"": ""1"", ""Target"": ""Dropout""}",data/processed/prism_student_profile/Student performance (Polytechnic Institute of Portalegre).csv
STU-PIP-2590,Academic Performance,"{""Admission_Grade"": ""1"", ""Tuition_Paid"": ""1"", ""Target"": ""Enrolled""}",data/processed/prism_student_profile/Student performance (Polytechnic Institute of Portalegre).csv
STU-PIP-2591,Academic Performance,"{""Admission_Grade"": ""1"", ""Tuition_Paid"": ""1"", ""Target"": ""Dropout""}",data/processed/prism_student_profile/Student performance (Polytechnic Institute of Portalegre).csv
STU-PIP-2592,Academic Performance,"{""Admission_Grade"": ""1"", ""Tuition_Paid"": ""0"", ""Target"": ""Enrolled""}",data/processed/prism_student_profile/Student performance (Polytechnic Institute of Portalegre).csv
STU-PIP-2593,Academic Performance,"{""Admission_Grade"": ""3"", ""Tuition_Paid"": ""1"", ""Target"": ""Graduate""}",data/processed/prism_student_profile/Student performance (Polytechnic Institute of Portalegre).csv
STU-PIP-2594,Academic Performance,"{""Admission_Grade"": ""1"", ""Tuition_Paid"": ""1"", ""Target"": ""Dropout""}",data/processed/prism_student_profile/Student performance (Polytechnic Institute of Portalegre).csv
STU-PIP-2595,Academic Performance,"{""Admission_Grade"": ""1"", ""Tuition_Paid"": ""1"", ""Target"": ""Enrolled""}",data/processed/prism_student_profile/Student performance (Polytechnic Institute of Portalegre).csv
STU-PIP-2596,Academic Performance,"{""Admission_Grade"": ""1"", ""Tuition_Paid"": ""1"", ""Target"": ""Graduate""}",data/processed/prism_student_profile/Student performance (Polytechnic Institute of Portalegre).csv
STU-PIP-2597,Academic Performance,"{""Admission_Grade"": ""1"", ""Tuition_Paid"": ""1"", ""Target"": ""Dropout""}",data/processed/prism_student_profile/Student performance (Polytechnic Institute of Portalegre).csv
STU-PIP-2598,Academic Performance,"{""Admission_Grade"": ""1"", ""Tuition_Paid"": ""1"", ""Target"": ""Dropout""}",data/processed/prism_student_profile/Student performance (Polytechnic Institute of Portalegre).csv
STU-PIP-2599,Academic Performance,"{""Admission_Grade"": ""1"", ""Tuition_Paid"": ""1"", ""Target"": ""Enrolled""}",data/processed/prism_student_profile/Student performance (Polytechnic Institute of Portalegre).csv
STU-PIP-2600,Academic Performance,"{""Admission_Grade"": ""1"", ""Tuition_Paid"": ""1"", ""Target"": ""Enrolled""}",data/processed/prism_student_profile/Student performance (Polytechnic Institute of Portalegre).csv
STU-PIP-2601,Academic Performance,"{""Admission_Grade"": ""1"", ""Tuition_Paid"": ""1"", ""Target"": ""Dropout""}",data/processed/prism_student_profile/Student performance (Polytechnic Institute of Portalegre).csv
STU-PIP-2602,Academic Performance,"{""Admission_Grade"": ""1"", ""Tuition_Paid"": ""1"", ""Target"": ""Enrolled""}",data/processed/prism_student_profile/Student performance (Polytechnic Institute of Portalegre).csv
STU-PIP-2603,Academic Performance,"{""Admission_Grade"": ""1"", ""Tuition_Paid"": ""1"", ""Target"": ""Graduate""}",data/processed/prism_student_profile/Student performance (Polytechnic Institute of Portalegre).csv
STU-PIP-2604,Academic Performance,"{""Admission_Grade"": ""1"", ""Tuition_Paid"": ""0"", ""Target"": ""Dropout""}",data/processed/prism_student_profile/Student performance (Polytechnic Institute of Portalegre).csv
STU-PIP-2605,Academic Performance,"{""Admission_Grade"": ""1"", ""Tuition_Paid"": ""1"", ""Target"": ""Dropout""}",data/processed/prism_student_profile/Student performance (Polytechnic Institute of Portalegre).csv
STU-PIP-2606,Academic Performance,"{""Admission_Grade"": ""39"", ""Tuition_Paid"": ""1"", ""Target"": ""Graduate""}",data/processed/prism_student_profile/Student performance (Polytechnic Institute of Portalegre).csv
STU-PIP-2607,Academic Performance,"{""Admission_Grade"": ""1"", ""Tuition_Paid"": ""1"", ""Target"": ""Graduate""}",data/processed/prism_student_profile/Student performance (Polytechnic Institute of Portalegre).csv
STU-PIP-2608,Academic Performance,"{""Admission_Grade"": ""1"", ""Tuition_Paid"": ""1"", ""Target"": ""Dropout""}",data/processed/prism_student_profile/Student performance (Polytechnic Institute of Portalegre).csv
STU-PIP-2609,Academic Performance,"{""Admission_Grade"": ""1"", ""Tuition_Paid"": ""1"", ""Target"": ""Graduate""}",data/processed/prism_student_profile/Student performance (Polytechnic Institute of Portalegre).csv
STU-PIP-2610,Academic Performance,"{""Admission_Grade"": ""1"", ""Tuition_Paid"": ""1"", ""Target"": ""Dropout""}",data/processed/prism_student_profile/Student performance (Polytechnic Institute of Portalegre).csv
STU-PIP-2611,Academic Performance,"{""Admission_Grade"": ""1"", ""Tuition_Paid"": ""1"", ""Target"": ""Graduate""}",data/processed/prism_student_profile/Student performance (Polytechnic Institute of Portalegre).csv
STU-PIP-2612,Academic Performance,"{""Admission_Grade"": ""1"", ""Tuition_Paid"": ""1"", ""Target"": ""Graduate""}",data/processed/prism_student_profile/Student performance (Polytechnic Institute of Portalegre).csv
STU-PIP-2613,Academic Performance,"{""Admission_Grade"": ""1"", ""Tuition_Paid"": ""1"", ""Target"": ""Graduate""}",data/processed/prism_student_profile/Student performance (Polytechnic Institute of Portalegre).csv
STU-PIP-2614,Academic Performance,"{""Admission_Grade"": ""1"", ""Tuition_Paid"": ""1"", ""Target"": ""Dropout""}",data/processed/prism_student_profile/Student performance (Polytechnic Institute of Portalegre).csv
STU-PIP-2615,Academic Performance,"{""Admission_Grade"": ""1"", ""Tuition_Paid"": ""1"", ""Target"": ""Dropout""}",data/processed/prism_student_profile/Student performance (Polytechnic Institute of Portalegre).csv
STU-PIP-2616,Academic Performance,"{""Admission_Grade"": ""1"", ""Tuition_Paid"": ""0"", ""Target"": ""Dropout""}",data/processed/prism_student_profile/Student performance (Polytechnic Institute of Portalegre).csv
STU-PIP-2617,Academic Performance,"{""Admission_Grade"": ""1"", ""Tuition_Paid"": ""1"", ""Target"": ""Dropout""}",data/processed/prism_student_profile/Student performance (Polytechnic Institute of Portalegre).csv
STU-PIP-2618,Academic Performance,"{""Admission_Grade"": ""1"", ""Tuition_Paid"": ""1"", ""Target"": ""Graduate""}",data/processed/prism_student_profile/Student performance (Polytechnic Institute of Portalegre).csv
STU-PIP-2619,Academic Performance,"{""Admission_Grade"": ""1"", ""Tuition_Paid"": ""1"", ""Target"": ""Dropout""}",data/processed/prism_student_profile/Student performance (Polytechnic Institute of Portalegre).csv
STU-PIP-2620,Academic Performance,"{""Admission_Grade"": ""1"", ""Tuition_Paid"": ""1"", ""Target"": ""Graduate""}",data/processed/prism_student_profile/Student performance (Polytechnic Institute of Portalegre).csv
STU-PIP-2621,Academic Performance,"{""Admission_Grade"": ""1"", ""Tuition_Paid"": ""1"", ""Target"": ""Enrolled""}",data/processed/prism_student_profile/Student performance (Polytechnic Institute of Portalegre).csv
STU-PIP-2622,Academic Performance,"{""Admission_Grade"": ""1"", ""Tuition_Paid"": ""1"", ""Target"": ""Graduate""}",data/processed/prism_student_profile/Student performance (Polytechnic Institute of Portalegre).csv
STU-PIP-2623,Academic Performance,"{""Admission_Grade"": ""42"", ""Tuition_Paid"": ""1"", ""Target"": ""Graduate""}",data/processed/prism_student_profile/Student performance (Polytechnic Institute of Portalegre).csv
STU-PIP-2624,Academic Performance,"{""Admission_Grade"": ""1"", ""Tuition_Paid"": ""1"", ""Target"": ""Dropout""}",data/processed/prism_student_profile/Student performance (Polytechnic Institute of Portalegre).csv
STU-PIP-2625,Academic Performance,"{""Admission_Grade"": ""1"", ""Tuition_Paid"": ""1"", ""Target"": ""Graduate""}",data/processed/prism_student_profile/Student performance (Polytechnic Institute of Portalegre).csv
STU-PIP-2626,Academic Performance,"{""Admission_Grade"": ""1"", ""Tuition_Paid"": ""1"", ""Target"": ""Dropout""}",data/processed/prism_student_profile/Student performance (Polytechnic Institute of Portalegre).csv
STU-PIP-2627,Academic Performance,"{""Admission_Grade"": ""1"", ""Tuition_Paid"": ""1"", ""Target"": ""Graduate""}",data/processed/prism_student_profile/Student performance (Polytechnic Institute of Portalegre).csv
STU-PIP-2628,Academic Performance,"{""Admission_Grade"": ""1"", ""Tuition_Paid"": ""1"", ""Target"": ""Enrolled""}",data/processed/prism_student_profile/Student performance (Polytechnic Institute of Portalegre).csv
STU-PIP-2629,Academic Performance,"{""Admission_Grade"": ""1"", ""Tuition_Paid"": ""1"", ""Target"": ""Enrolled""}",data/processed/prism_student_profile/Student performance (Polytechnic Institute of Portalegre).csv
STU-PIP-2630,Academic Performance,"{""Admission_Grade"": ""1"", ""Tuition_Paid"": ""1"", ""Target"": ""Enrolled""}",data/processed/prism_student_profile/Student performance (Polytechnic Institute of Portalegre).csv
STU-PIP-2631,Academic Performance,"{""Admission_Grade"": ""1"", ""Tuition_Paid"": ""1"", ""Target"": ""Dropout""}",data/processed/prism_student_profile/Student performance (Polytechnic Institute of Portalegre).csv
STU-PIP-2632,Academic Performance,"{""Admission_Grade"": ""1"", ""Tuition_Paid"": ""1"", ""Target"": ""Dropout""}",data/processed/prism_student_profile/Student performance (Polytechnic Institute of Portalegre).csv
STU-PIP-2633,Academic Performance,"{""Admission_Grade"": ""1"", ""Tuition_Paid"": ""1"", ""Target"": ""Graduate""}",data/processed/prism_student_profile/Student performance (Polytechnic Institute of Portalegre).csv
STU-PIP-2634,Academic Performance,"{""Admission_Grade"": ""1"", ""Tuition_Paid"": ""1"", ""Target"": ""Graduate""}",data/processed/prism_student_profile/Student performance (Polytechnic Institute of Portalegre).csv
STU-PIP-2635,Academic Performance,"{""Admission_Grade"": ""1"", ""Tuition_Paid"": ""1"", ""Target"": ""Enrolled""}",data/processed/prism_student_profile/Student performance (Polytechnic Institute of Portalegre).csv
STU-PIP-2636,Academic Performance,"{""Admission_Grade"": ""1"", ""Tuition_Paid"": ""1"", ""Target"": ""Dropout""}",data/processed/prism_student_profile/Student performance (Polytechnic Institute of Portalegre).csv
STU-PIP-2637,Academic Performance,"{""Admission_Grade"": ""1"", ""Tuition_Paid"": ""0"", ""Target"": ""Dropout""}",data/processed/prism_student_profile/Student performance (Polytechnic Institute of Portalegre).csv
STU-PIP-2638,Academic Performance,"{""Admission_Grade"": ""1"", ""Tuition_Paid"": ""1"", ""Target"": ""Graduate""}",data/processed/prism_student_profile/Student performance (Polytechnic Institute of Portalegre).csv
STU-PIP-2639,Academic Performance,"{""Admission_Grade"": ""1"", ""Tuition_Paid"": ""1"", ""Target"": ""Graduate""}",data/processed/prism_student_profile/Student performance (Polytechnic Institute of Portalegre).csv
STU-PIP-2640,Academic Performance,"{""Admission_Grade"": ""1"", ""Tuition_Paid"": ""1"", ""Target"": ""Graduate""}",data/processed/prism_student_profile/Student performance (Polytechnic Institute of Portalegre).csv
STU-PIP-2641,Academic Performance,"{""Admission_Grade"": ""19"", ""Tuition_Paid"": ""1"", ""Target"": ""Dropout""}",data/processed/prism_student_profile/Student performance (Polytechnic Institute of Portalegre).csv
STU-PIP-2642,Academic Performance,"{""Admission_Grade"": ""1"", ""Tuition_Paid"": ""1"", ""Target"": ""Graduate""}",data/processed/prism_student_profile/Student performance (Polytechnic Institute of Portalegre).csv
STU-PIP-2643,Academic Performance,"{""Admission_Grade"": ""1"", ""Tuition_Paid"": ""1"", ""Target"": ""Dropout""}",data/processed/prism_student_profile/Student performance (Polytechnic Institute of Portalegre).csv
STU-PIP-2644,Academic Performance,"{""Admission_Grade"": ""1"", ""Tuition_Paid"": ""1"", ""Target"": ""Dropout""}",data/processed/prism_student_profile/Student performance (Polytechnic Institute of Portalegre).csv
STU-PIP-2645,Academic Performance,"{""Admission_Grade"": ""1"", ""Tuition_Paid"": ""1"", ""Target"": ""Graduate""}",data/processed/prism_student_profile/Student performance (Polytechnic Institute of Portalegre).csv
STU-PIP-2646,Academic Performance,"{""Admission_Grade"": ""1"", ""Tuition_Paid"": ""1"", ""Target"": ""Dropout""}",data/processed/prism_student_profile/Student performance (Polytechnic Institute of Portalegre).csv
STU-PIP-2647,Academic Performance,"{""Admission_Grade"": ""1"", ""Tuition_Paid"": ""1"", ""Target"": ""Enrolled""}",data/processed/prism_student_profile/Student performance (Polytechnic Institute of Portalegre).csv
STU-PIP-2648,Academic Performance,"{""Admission_Grade"": ""39"", ""Tuition_Paid"": ""0"", ""Target"": ""Dropout""}",data/processed/prism_student_profile/Student performance (Polytechnic Institute of Portalegre).csv
STU-PIP-2649,Academic Performance,"{""Admission_Grade"": ""12"", ""Tuition_Paid"": ""1"", ""Target"": ""Dropout""}",data/processed/prism_student_profile/Student performance (Polytechnic Institute of Portalegre).csv
STU-PIP-2650,Academic Performance,"{""Admission_Grade"": ""1"", ""Tuition_Paid"": ""1"", ""Target"": ""Dropout""}",data/processed/prism_student_profile/Student performance (Polytechnic Institute of Portalegre).csv
STU-PIP-2651,Academic Performance,"{""Admission_Grade"": ""1"", ""Tuition_Paid"": ""1"", ""Target"": ""Enrolled""}",data/processed/prism_student_profile/Student performance (Polytechnic Institute of Portalegre).csv
STU-PIP-2652,Academic Performance,"{""Admission_Grade"": ""3"", ""Tuition_Paid"": ""0"", ""Target"": ""Dropout""}",data/processed/prism_student_profile/Student performance (Polytechnic Institute of Portalegre).csv
STU-PIP-2653,Academic Performance,"{""Admission_Grade"": ""1"", ""Tuition_Paid"": ""1"", ""Target"": ""Graduate""}",data/processed/prism_student_profile/Student performance (Polytechnic Institute of Portalegre).csv
STU-PIP-2654,Academic Performance,"{""Admission_Grade"": ""1"", ""Tuition_Paid"": ""1"", ""Target"": ""Dropout""}",data/processed/prism_student_profile/Student performance (Polytechnic Institute of Portalegre).csv
STU-PIP-2655,Academic Performance,"{""Admission_Grade"": ""1"", ""Tuition_Paid"": ""1"", ""Target"": ""Graduate""}",data/processed/prism_student_profile/Student performance (Polytechnic Institute of Portalegre).csv
STU-PIP-2656,Academic Performance,"{""Admission_Grade"": ""1"", ""Tuition_Paid"": ""1"", ""Target"": ""Graduate""}",data/processed/prism_student_profile/Student performance (Polytechnic Institute of Portalegre).csv
STU-PIP-2657,Academic Performance,"{""Admission_Grade"": ""1"", ""Tuition_Paid"": ""1"", ""Target"": ""Graduate""}",data/processed/prism_student_profile/Student performance (Polytechnic Institute of Portalegre).csv
STU-PIP-2658,Academic Performance,"{""Admission_Grade"": ""1"", ""Tuition_Paid"": ""1"", ""Target"": ""Enrolled""}",data/processed/prism_student_profile/Student performance (Polytechnic Institute of Portalegre).csv
STU-PIP-2659,Academic Performance,"{""Admission_Grade"": ""1"", ""Tuition_Paid"": ""1"", ""Target"": ""Dropout""}",data/processed/prism_student_profile/Student performance (Polytechnic Institute of Portalegre).csv
STU-PIP-2660,Academic Performance,"{""Admission_Grade"": ""1"", ""Tuition_Paid"": ""1"", ""Target"": ""Dropout""}",data/processed/prism_student_profile/Student performance (Polytechnic Institute of Portalegre).csv
STU-PIP-2661,Academic Performance,"{""Admission_Grade"": ""1"", ""Tuition_Paid"": ""1"", ""Target"": ""Dropout""}",data/processed/prism_student_profile/Student performance (Polytechnic Institute of Portalegre).csv
STU-PIP-2662,Academic Performance,"{""Admission_Grade"": ""38"", ""Tuition_Paid"": ""1"", ""Target"": ""Graduate""}",data/processed/prism_student_profile/Student performance (Polytechnic Institute of Portalegre).csv
STU-PIP-2663,Academic Performance,"{""Admission_Grade"": ""1"", ""Tuition_Paid"": ""0"", ""Target"": ""Dropout""}",data/processed/prism_student_profile/Student performance (Polytechnic Institute of Portalegre).csv
STU-PIP-2664,Academic Performance,"{""Admission_Grade"": ""1"", ""Tuition_Paid"": ""0"", ""Target"": ""Dropout""}",data/processed/prism_student_profile/Student performance (Polytechnic Institute of Portalegre).csv
STU-PIP-2665,Academic Performance,"{""Admission_Grade"": ""1"", ""Tuition_Paid"": ""1"", ""Target"": ""Graduate""}",data/processed/prism_student_profile/Student performance (Polytechnic Institute of Portalegre).csv
STU-PIP-2666,Academic Performance,"{""Admission_Grade"": ""1"", ""Tuition_Paid"": ""0"", ""Target"": ""Dropout""}",data/processed/prism_student_profile/Student performance (Polytechnic Institute of Portalegre).csv
STU-PIP-2667,Academic Performance,"{""Admission_Grade"": ""1"", ""Tuition_Paid"": ""1"", ""Target"": ""Graduate""}",data/processed/prism_student_profile/Student performance (Polytechnic Institute of Portalegre).csv
STU-PIP-2668,Academic Performance,"{""Admission_Grade"": ""19"", ""Tuition_Paid"": ""0"", ""Target"": ""Dropout""}",data/processed/prism_student_profile/Student performance (Polytechnic Institute of Portalegre).csv
STU-PIP-2669,Academic Performance,"{""Admission_Grade"": ""19"", ""Tuition_Paid"": ""1"", ""Target"": ""Enrolled""}",data/processed/prism_student_profile/Student performance (Polytechnic Institute of Portalegre).csv
STU-PIP-2670,Academic Performance,"{""Admission_Grade"": ""1"", ""Tuition_Paid"": ""1"", ""Target"": ""Dropout""}",data/processed/prism_student_profile/Student performance (Polytechnic Institute of Portalegre).csv
STU-PIP-2671,Academic Performance,"{""Admission_Grade"": ""1"", ""Tuition_Paid"": ""1"", ""Target"": ""Enrolled""}",data/processed/prism_student_profile/Student performance (Polytechnic Institute of Portalegre).csv
STU-PIP-2672,Academic Performance,"{""Admission_Grade"": ""1"", ""Tuition_Paid"": ""1"", ""Target"": ""Graduate""}",data/processed/prism_student_profile/Student performance (Polytechnic Institute of Portalegre).csv
STU-PIP-2673,Academic Performance,"{""Admission_Grade"": ""1"", ""Tuition_Paid"": ""1"", ""Target"": ""Dropout""}",data/processed/prism_student_profile/Student performance (Polytechnic Institute of Portalegre).csv
STU-PIP-2674,Academic Performance,"{""Admission_Grade"": ""1"", ""Tuition_Paid"": ""1"", ""Target"": ""Enrolled""}",data/processed/prism_student_profile/Student performance (Polytechnic Institute of Portalegre).csv
STU-PIP-2675,Academic Performance,"{""Admission_Grade"": ""1"", ""Tuition_Paid"": ""1"", ""Target"": ""Graduate""}",data/processed/prism_student_profile/Student performance (Polytechnic Institute of Portalegre).csv
STU-PIP-2676,Academic Performance,"{""Admission_Grade"": ""1"", ""Tuition_Paid"": ""1"", ""Target"": ""Enrolled""}",data/processed/prism_student_profile/Student performance (Polytechnic Institute of Portalegre).csv
STU-PIP-2677,Academic Performance,"{""Admission_Grade"": ""1"", ""Tuition_Paid"": ""1"", ""Target"": ""Dropout""}",data/processed/prism_student_profile/Student performance (Polytechnic Institute of Portalegre).csv
STU-PIP-2678,Academic Performance,"{""Admission_Grade"": ""1"", ""Tuition_Paid"": ""1"", ""Target"": ""Graduate""}",data/processed/prism_student_profile/Student performance (Polytechnic Institute of Portalegre).csv
STU-PIP-2679,Academic Performance,"{""Admission_Grade"": ""39"", ""Tuition_Paid"": ""1"", ""Target"": ""Enrolled""}",data/processed/prism_student_profile/Student performance (Polytechnic Institute of Portalegre).csv
STU-PIP-2680,Academic Performance,"{""Admission_Grade"": ""1"", ""Tuition_Paid"": ""1"", ""Target"": ""Graduate""}",data/processed/prism_student_profile/Student performance (Polytechnic Institute of Portalegre).csv
STU-PIP-2681,Academic Performance,"{""Admission_Grade"": ""19"", ""Tuition_Paid"": ""1"", ""Target"": ""Graduate""}",data/processed/prism_student_profile/Student performance (Polytechnic Institute of Portalegre).csv
STU-PIP-2682,Academic Performance,"{""Admission_Grade"": ""19"", ""Tuition_Paid"": ""1"", ""Target"": ""Dropout""}",data/processed/prism_student_profile/Student performance (Polytechnic Institute of Portalegre).csv
STU-PIP-2683,Academic Performance,"{""Admission_Grade"": ""3"", ""Tuition_Paid"": ""0"", ""Target"": ""Dropout""}",data/processed/prism_student_profile/Student performance (Polytechnic Institute of Portalegre).csv
STU-PIP-2684,Academic Performance,"{""Admission_Grade"": ""1"", ""Tuition_Paid"": ""1"", ""Target"": ""Graduate""}",data/processed/prism_student_profile/Student performance (Polytechnic Institute of Portalegre).csv
STU-PIP-2685,Academic Performance,"{""Admission_Grade"": ""3"", ""Tuition_Paid"": ""1"", ""Target"": ""Dropout""}",data/processed/prism_student_profile/Student performance (Polytechnic Institute of Portalegre).csv
STU-PIP-2686,Academic Performance,"{""Admission_Grade"": ""1"", ""Tuition_Paid"": ""1"", ""Target"": ""Enrolled""}",data/processed/prism_student_profile/Student performance (Polytechnic Institute of Portalegre).csv
STU-PIP-2687,Academic Performance,"{""Admission_Grade"": ""1"", ""Tuition_Paid"": ""1"", ""Target"": ""Enrolled""}",data/processed/prism_student_profile/Student performance (Polytechnic Institute of Portalegre).csv
STU-PIP-2688,Academic Performance,"{""Admission_Grade"": ""1"", ""Tuition_Paid"": ""0"", ""Target"": ""Dropout""}",data/processed/prism_student_profile/Student performance (Polytechnic Institute of Portalegre).csv
STU-PIP-2689,Academic Performance,"{""Admission_Grade"": ""1"", ""Tuition_Paid"": ""1"", ""Target"": ""Enrolled""}",data/processed/prism_student_profile/Student performance (Polytechnic Institute of Portalegre).csv
STU-PIP-2690,Academic Performance,"{""Admission_Grade"": ""1"", ""Tuition_Paid"": ""0"", ""Target"": ""Dropout""}",data/processed/prism_student_profile/Student performance (Polytechnic Institute of Portalegre).csv
STU-PIP-2691,Academic Performance,"{""Admission_Grade"": ""1"", ""Tuition_Paid"": ""1"", ""Target"": ""Dropout""}",data/processed/prism_student_profile/Student performance (Polytechnic Institute of Portalegre).csv
STU-PIP-2692,Academic Performance,"{""Admission_Grade"": ""1"", ""Tuition_Paid"": ""1"", ""Target"": ""Graduate""}",data/processed/prism_student_profile/Student performance (Polytechnic Institute of Portalegre).csv
STU-PIP-2693,Academic Performance,"{""Admission_Grade"": ""1"", ""Tuition_Paid"": ""1"", ""Target"": ""Graduate""}",data/processed/prism_student_profile/Student performance (Polytechnic Institute of Portalegre).csv
STU-PIP-2694,Academic Performance,"{""Admission_Grade"": ""1"", ""Tuition_Paid"": ""1"", ""Target"": ""Graduate""}",data/processed/prism_student_profile/Student performance (Polytechnic Institute of Portalegre).csv
STU-PIP-2695,Academic Performance,"{""Admission_Grade"": ""1"", ""Tuition_Paid"": ""1"", ""Target"": ""Graduate""}",data/processed/prism_student_profile/Student performance (Polytechnic Institute of Portalegre).csv
STU-PIP-2696,Academic Performance,"{""Admission_Grade"": ""1"", ""Tuition_Paid"": ""1"", ""Target"": ""Enrolled""}",data/processed/prism_student_profile/Student performance (Polytechnic Institute of Portalegre).csv
STU-PIP-2697,Academic Performance,"{""Admission_Grade"": ""19"", ""Tuition_Paid"": ""0"", ""Target"": ""Dropout""}",data/processed/prism_student_profile/Student performance (Polytechnic Institute of Portalegre).csv
STU-PIP-2698,Academic Performance,"{""Admission_Grade"": ""1"", ""Tuition_Paid"": ""0"", ""Target"": ""Enrolled""}",data/processed/prism_student_profile/Student performance (Polytechnic Institute of Portalegre).csv
STU-PIP-2699,Academic Performance,"{""Admission_Grade"": ""39"", ""Tuition_Paid"": ""1"", ""Target"": ""Dropout""}",data/processed/prism_student_profile/Student performance (Polytechnic Institute of Portalegre).csv
STU-PIP-2700,Academic Performance,"{""Admission_Grade"": ""1"", ""Tuition_Paid"": ""1"", ""Target"": ""Graduate""}",data/processed/prism_student_profile/Student performance (Polytechnic Institute of Portalegre).csv
STU-PIP-2701,Academic Performance,"{""Admission_Grade"": ""1"", ""Tuition_Paid"": ""1"", ""Target"": ""Dropout""}",data/processed/prism_student_profile/Student performance (Polytechnic Institute of Portalegre).csv
STU-PIP-2702,Academic Performance,"{""Admission_Grade"": ""1"", ""Tuition_Paid"": ""1"", ""Target"": ""Dropout""}",data/processed/prism_student_profile/Student performance (Polytechnic Institute of Portalegre).csv
STU-PIP-2703,Academic Performance,"{""Admission_Grade"": ""1"", ""Tuition_Paid"": ""1"", ""Target"": ""Dropout""}",data/processed/prism_student_profile/Student performance (Polytechnic Institute of Portalegre).csv
STU-PIP-2704,Academic Performance,"{""Admission_Grade"": ""39"", ""Tuition_Paid"": ""1"", ""Target"": ""Dropout""}",data/processed/prism_student_profile/Student performance (Polytechnic Institute of Portalegre).csv
STU-PIP-2705,Academic Performance,"{""Admission_Grade"": ""1"", ""Tuition_Paid"": ""1"", ""Target"": ""Enrolled""}",data/processed/prism_student_profile/Student performance (Polytechnic Institute of Portalegre).csv
STU-PIP-2706,Academic Performance,"{""Admission_Grade"": ""1"", ""Tuition_Paid"": ""1"", ""Target"": ""Dropout""}",data/processed/prism_student_profile/Student performance (Polytechnic Institute of Portalegre).csv
STU-PIP-2707,Academic Performance,"{""Admission_Grade"": ""1"", ""Tuition_Paid"": ""1"", ""Target"": ""Graduate""}",data/processed/prism_student_profile/Student performance (Polytechnic Institute of Portalegre).csv
STU-PIP-2708,Academic Performance,"{""Admission_Grade"": ""1"", ""Tuition_Paid"": ""1"", ""Target"": ""Dropout""}",data/processed/prism_student_profile/Student performance (Polytechnic Institute of Portalegre).csv
STU-PIP-2709,Academic Performance,"{""Admission_Grade"": ""1"", ""Tuition_Paid"": ""1"", ""Target"": ""Graduate""}",data/processed/prism_student_profile/Student performance (Polytechnic Institute of Portalegre).csv
STU-PIP-2710,Academic Performance,"{""Admission_Grade"": ""1"", ""Tuition_Paid"": ""1"", ""Target"": ""Enrolled""}",data/processed/prism_student_profile/Student performance (Polytechnic Institute of Portalegre).csv
STU-PIP-2711,Academic Performance,"{""Admission_Grade"": ""1"", ""Tuition_Paid"": ""1"", ""Target"": ""Graduate""}",data/processed/prism_student_profile/Student performance (Polytechnic Institute of Portalegre).csv
STU-PIP-2712,Academic Performance,"{""Admission_Grade"": ""1"", ""Tuition_Paid"": ""0"", ""Target"": ""Dropout""}",data/processed/prism_student_profile/Student performance (Polytechnic Institute of Portalegre).csv
STU-PIP-2713,Academic Performance,"{""Admission_Grade"": ""1"", ""Tuition_Paid"": ""1"", ""Target"": ""Dropout""}",data/processed/prism_student_profile/Student performance (Polytechnic Institute of Portalegre).csv
STU-PIP-2714,Academic Performance,"{""Admission_Grade"": ""1"", ""Tuition_Paid"": ""1"", ""Target"": ""Graduate""}",data/processed/prism_student_profile/Student performance (Polytechnic Institute of Portalegre).csv
STU-PIP-2715,Academic Performance,"{""Admission_Grade"": ""1"", ""Tuition_Paid"": ""1"", ""Target"": ""Dropout""}",data/processed/prism_student_profile/Student performance (Polytechnic Institute of Portalegre).csv
STU-PIP-2716,Academic Performance,"{""Admission_Grade"": ""1"", ""Tuition_Paid"": ""1"", ""Target"": ""Graduate""}",data/processed/prism_student_profile/Student performance (Polytechnic Institute of Portalegre).csv
STU-PIP-2717,Academic Performance,"{""Admission_Grade"": ""1"", ""Tuition_Paid"": ""1"", ""Target"": ""Enrolled""}",data/processed/prism_student_profile/Student performance (Polytechnic Institute of Portalegre).csv
STU-PIP-2718,Academic Performance,"{""Admission_Grade"": ""1"", ""Tuition_Paid"": ""1"", ""Target"": ""Graduate""}",data/processed/prism_student_profile/Student performance (Polytechnic Institute of Portalegre).csv
STU-PIP-2719,Academic Performance,"{""Admission_Grade"": ""1"", ""Tuition_Paid"": ""1"", ""Target"": ""Graduate""}",data/processed/prism_student_profile/Student performance (Polytechnic Institute of Portalegre).csv
STU-PIP-2720,Academic Performance,"{""Admission_Grade"": ""1"", ""Tuition_Paid"": ""1"", ""Target"": ""Graduate""}",data/processed/prism_student_profile/Student performance (Polytechnic Institute of Portalegre).csv
STU-PIP-2721,Academic Performance,"{""Admission_Grade"": ""1"", ""Tuition_Paid"": ""1"", ""Target"": ""Graduate""}",data/processed/prism_student_profile/Student performance (Polytechnic Institute of Portalegre).csv
STU-PIP-2722,Academic Performance,"{""Admission_Grade"": ""1"", ""Tuition_Paid"": ""1"", ""Target"": ""Enrolled""}",data/processed/prism_student_profile/Student performance (Polytechnic Institute of Portalegre).csv
STU-PIP-2723,Academic Performance,"{""Admission_Grade"": ""1"", ""Tuition_Paid"": ""1"", ""Target"": ""Enrolled""}",data/processed/prism_student_profile/Student performance (Polytechnic Institute of Portalegre).csv
STU-PIP-2724,Academic Performance,"{""Admission_Grade"": ""1"", ""Tuition_Paid"": ""1"", ""Target"": ""Dropout""}",data/processed/prism_student_profile/Student performance (Polytechnic Institute of Portalegre).csv
STU-PIP-2725,Academic Performance,"{""Admission_Grade"": ""1"", ""Tuition_Paid"": ""1"", ""Target"": ""Graduate""}",data/processed/prism_student_profile/Student performance (Polytechnic Institute of Portalegre).csv
STU-PIP-2726,Academic Performance,"{""Admission_Grade"": ""1"", ""Tuition_Paid"": ""1"", ""Target"": ""Enrolled""}",data/processed/prism_student_profile/Student performance (Polytechnic Institute of Portalegre).csv
STU-PIP-2727,Academic Performance,"{""Admission_Grade"": ""39"", ""Tuition_Paid"": ""1"", ""Target"": ""Graduate""}",data/processed/prism_student_profile/Student performance (Polytechnic Institute of Portalegre).csv
STU-PIP-2728,Academic Performance,"{""Admission_Grade"": ""1"", ""Tuition_Paid"": ""1"", ""Target"": ""Graduate""}",data/processed/prism_student_profile/Student performance (Polytechnic Institute of Portalegre).csv
STU-PIP-2729,Academic Performance,"{""Admission_Grade"": ""1"", ""Tuition_Paid"": ""0"", ""Target"": ""Enrolled""}",data/processed/prism_student_profile/Student performance (Polytechnic Institute of Portalegre).csv
STU-PIP-2730,Academic Performance,"{""Admission_Grade"": ""1"", ""Tuition_Paid"": ""1"", ""Target"": ""Graduate""}",data/processed/prism_student_profile/Student performance (Polytechnic Institute of Portalegre).csv
STU-PIP-2731,Academic Performance,"{""Admission_Grade"": ""1"", ""Tuition_Paid"": ""1"", ""Target"": ""Graduate""}",data/processed/prism_student_profile/Student performance (Polytechnic Institute of Portalegre).csv
STU-PIP-2732,Academic Performance,"{""Admission_Grade"": ""1"", ""Tuition_Paid"": ""1"", ""Target"": ""Graduate""}",data/processed/prism_student_profile/Student performance (Polytechnic Institute of Portalegre).csv
STU-PIP-2733,Academic Performance,"{""Admission_Grade"": ""1"", ""Tuition_Paid"": ""1"", ""Target"": ""Enrolled""}",data/processed/prism_student_profile/Student performance (Polytechnic Institute of Portalegre).csv
STU-PIP-2734,Academic Performance,"{""Admission_Grade"": ""1"", ""Tuition_Paid"": ""1"", ""Target"": ""Enrolled""}",data/processed/prism_student_profile/Student performance (Polytechnic Institute of Portalegre).csv
STU-PIP-2735,Academic Performance,"{""Admission_Grade"": ""1"", ""Tuition_Paid"": ""1"", ""Target"": ""Graduate""}",data/processed/prism_student_profile/Student performance (Polytechnic Institute of Portalegre).csv
STU-PIP-2736,Academic Performance,"{""Admission_Grade"": ""1"", ""Tuition_Paid"": ""1"", ""Target"": ""Graduate""}",data/processed/prism_student_profile/Student performance (Polytechnic Institute of Portalegre).csv
STU-PIP-2737,Academic Performance,"{""Admission_Grade"": ""1"", ""Tuition_Paid"": ""1"", ""Target"": ""Graduate""}",data/processed/prism_student_profile/Student performance (Polytechnic Institute of Portalegre).csv
STU-PIP-2738,Academic Performance,"{""Admission_Grade"": ""1"", ""Tuition_Paid"": ""1"", ""Target"": ""Dropout""}",data/processed/prism_student_profile/Student performance (Polytechnic Institute of Portalegre).csv
STU-PIP-2739,Academic Performance,"{""Admission_Grade"": ""1"", ""Tuition_Paid"": ""1"", ""Target"": ""Graduate""}",data/processed/prism_student_profile/Student performance (Polytechnic Institute of Portalegre).csv
STU-PIP-2740,Academic Performance,"{""Admission_Grade"": ""1"", ""Tuition_Paid"": ""1"", ""Target"": ""Graduate""}",data/processed/prism_student_profile/Student performance (Polytechnic Institute of Portalegre).csv
STU-PIP-2741,Academic Performance,"{""Admission_Grade"": ""1"", ""Tuition_Paid"": ""1"", ""Target"": ""Graduate""}",data/processed/prism_student_profile/Student performance (Polytechnic Institute of Portalegre).csv
STU-PIP-2742,Academic Performance,"{""Admission_Grade"": ""1"", ""Tuition_Paid"": ""1"", ""Target"": ""Graduate""}",data/processed/prism_student_profile/Student performance (Polytechnic Institute of Portalegre).csv
STU-PIP-2743,Academic Performance,"{""Admission_Grade"": ""1"", ""Tuition_Paid"": ""1"", ""Target"": ""Graduate""}",data/processed/prism_student_profile/Student performance (Polytechnic Institute of Portalegre).csv
STU-PIP-2744,Academic Performance,"{""Admission_Grade"": ""1"", ""Tuition_Paid"": ""1"", ""Target"": ""Graduate""}",data/processed/prism_student_profile/Student performance (Polytechnic Institute of Portalegre).csv
STU-PIP-2745,Academic Performance,"{""Admission_Grade"": ""1"", ""Tuition_Paid"": ""0"", ""Target"": ""Dropout""}",data/processed/prism_student_profile/Student performance (Polytechnic Institute of Portalegre).csv
STU-PIP-2746,Academic Performance,"{""Admission_Grade"": ""1"", ""Tuition_Paid"": ""1"", ""Target"": ""Graduate""}",data/processed/prism_student_profile/Student performance (Polytechnic Institute of Portalegre).csv
STU-PIP-2747,Academic Performance,"{""Admission_Grade"": ""1"", ""Tuition_Paid"": ""1"", ""Target"": ""Enrolled""}",data/processed/prism_student_profile/Student performance (Polytechnic Institute of Portalegre).csv
STU-PIP-2748,Academic Performance,"{""Admission_Grade"": ""1"", ""Tuition_Paid"": ""0"", ""Target"": ""Dropout""}",data/processed/prism_student_profile/Student performance (Polytechnic Institute of Portalegre).csv
STU-PIP-2749,Academic Performance,"{""Admission_Grade"": ""1"", ""Tuition_Paid"": ""0"", ""Target"": ""Dropout""}",data/processed/prism_student_profile/Student performance (Polytechnic Institute of Portalegre).csv
STU-PIP-2750,Academic Performance,"{""Admission_Grade"": ""1"", ""Tuition_Paid"": ""1"", ""Target"": ""Dropout""}",data/processed/prism_student_profile/Student performance (Polytechnic Institute of Portalegre).csv
STU-PIP-2751,Academic Performance,"{""Admission_Grade"": ""1"", ""Tuition_Paid"": ""0"", ""Target"": ""Dropout""}",data/processed/prism_student_profile/Student performance (Polytechnic Institute of Portalegre).csv
STU-PIP-2752,Academic Performance,"{""Admission_Grade"": ""12"", ""Tuition_Paid"": ""1"", ""Target"": ""Graduate""}",data/processed/prism_student_profile/Student performance (Polytechnic Institute of Portalegre).csv
STU-PIP-2753,Academic Performance,"{""Admission_Grade"": ""19"", ""Tuition_Paid"": ""1"", ""Target"": ""Dropout""}",data/processed/prism_student_profile/Student performance (Polytechnic Institute of Portalegre).csv
STU-PIP-2754,Academic Performance,"{""Admission_Grade"": ""1"", ""Tuition_Paid"": ""1"", ""Target"": ""Graduate""}",data/processed/prism_student_profile/Student performance (Polytechnic Institute of Portalegre).csv
STU-PIP-2755,Academic Performance,"{""Admission_Grade"": ""40"", ""Tuition_Paid"": ""1"", ""Target"": ""Dropout""}",data/processed/prism_student_profile/Student performance (Polytechnic Institute of Portalegre).csv
STU-PIP-2756,Academic Performance,"{""Admission_Grade"": ""40"", ""Tuition_Paid"": ""1"", ""Target"": ""Graduate""}",data/processed/prism_student_profile/Student performance (Polytechnic Institute of Portalegre).csv
STU-PIP-2757,Academic Performance,"{""Admission_Grade"": ""1"", ""Tuition_Paid"": ""0"", ""Target"": ""Dropout""}",data/processed/prism_student_profile/Student performance (Polytechnic Institute of Portalegre).csv
STU-PIP-2758,Academic Performance,"{""Admission_Grade"": ""39"", ""Tuition_Paid"": ""1"", ""Target"": ""Dropout""}",data/processed/prism_student_profile/Student performance (Polytechnic Institute of Portalegre).csv
STU-PIP-2759,Academic Performance,"{""Admission_Grade"": ""39"", ""Tuition_Paid"": ""1"", ""Target"": ""Enrolled""}",data/processed/prism_student_profile/Student performance (Polytechnic Institute of Portalegre).csv
STU-PIP-2760,Academic Performance,"{""Admission_Grade"": ""39"", ""Tuition_Paid"": ""1"", ""Target"": ""Enrolled""}",data/processed/prism_student_profile/Student performance (Polytechnic Institute of Portalegre).csv
STU-PIP-2761,Academic Performance,"{""Admission_Grade"": ""4"", ""Tuition_Paid"": ""1"", ""Target"": ""Dropout""}",data/processed/prism_student_profile/Student performance (Polytechnic Institute of Portalegre).csv
STU-PIP-2762,Academic Performance,"{""Admission_Grade"": ""1"", ""Tuition_Paid"": ""1"", ""Target"": ""Enrolled""}",data/processed/prism_student_profile/Student performance (Polytechnic Institute of Portalegre).csv
STU-PIP-2763,Academic Performance,"{""Admission_Grade"": ""19"", ""Tuition_Paid"": ""1"", ""Target"": ""Enrolled""}",data/processed/prism_student_profile/Student performance (Polytechnic Institute of Portalegre).csv
STU-PIP-2764,Academic Performance,"{""Admission_Grade"": ""3"", ""Tuition_Paid"": ""1"", ""Target"": ""Graduate""}",data/processed/prism_student_profile/Student performance (Polytechnic Institute of Portalegre).csv
STU-PIP-2765,Academic Performance,"{""Admission_Grade"": ""1"", ""Tuition_Paid"": ""1"", ""Target"": ""Enrolled""}",data/processed/prism_student_profile/Student performance (Polytechnic Institute of Portalegre).csv
STU-PIP-2766,Academic Performance,"{""Admission_Grade"": ""1"", ""Tuition_Paid"": ""1"", ""Target"": ""Graduate""}",data/processed/prism_student_profile/Student performance (Polytechnic Institute of Portalegre).csv
STU-PIP-2767,Academic Performance,"{""Admission_Grade"": ""3"", ""Tuition_Paid"": ""1"", ""Target"": ""Graduate""}",data/processed/prism_student_profile/Student performance (Polytechnic Institute of Portalegre).csv
STU-PIP-2768,Academic Performance,"{""Admission_Grade"": ""1"", ""Tuition_Paid"": ""0"", ""Target"": ""Dropout""}",data/processed/prism_student_profile/Student performance (Polytechnic Institute of Portalegre).csv
STU-PIP-2769,Academic Performance,"{""Admission_Grade"": ""1"", ""Tuition_Paid"": ""1"", ""Target"": ""Graduate""}",data/processed/prism_student_profile/Student performance (Polytechnic Institute of Portalegre).csv
STU-PIP-2770,Academic Performance,"{""Admission_Grade"": ""1"", ""Tuition_Paid"": ""1"", ""Target"": ""Dropout""}",data/processed/prism_student_profile/Student performance (Polytechnic Institute of Portalegre).csv
STU-PIP-2771,Academic Performance,"{""Admission_Grade"": ""1"", ""Tuition_Paid"": ""1"", ""Target"": ""Graduate""}",data/processed/prism_student_profile/Student performance (Polytechnic Institute of Portalegre).csv
STU-PIP-2772,Academic Performance,"{""Admission_Grade"": ""1"", ""Tuition_Paid"": ""1"", ""Target"": ""Graduate""}",data/processed/prism_student_profile/Student performance (Polytechnic Institute of Portalegre).csv
STU-PIP-2773,Academic Performance,"{""Admission_Grade"": ""1"", ""Tuition_Paid"": ""1"", ""Target"": ""Enrolled""}",data/processed/prism_student_profile/Student performance (Polytechnic Institute of Portalegre).csv
STU-PIP-2774,Academic Performance,"{""Admission_Grade"": ""1"", ""Tuition_Paid"": ""1"", ""Target"": ""Graduate""}",data/processed/prism_student_profile/Student performance (Polytechnic Institute of Portalegre).csv
STU-PIP-2775,Academic Performance,"{""Admission_Grade"": ""1"", ""Tuition_Paid"": ""1"", ""Target"": ""Enrolled""}",data/processed/prism_student_profile/Student performance (Polytechnic Institute of Portalegre).csv
STU-PIP-2776,Academic Performance,"{""Admission_Grade"": ""1"", ""Tuition_Paid"": ""1"", ""Target"": ""Graduate""}",data/processed/prism_student_profile/Student performance (Polytechnic Institute of Portalegre).csv
STU-PIP-2777,Academic Performance,"{""Admission_Grade"": ""1"", ""Tuition_Paid"": ""1"", ""Target"": ""Enrolled""}",data/processed/prism_student_profile/Student performance (Polytechnic Institute of Portalegre).csv
STU-PIP-2778,Academic Performance,"{""Admission_Grade"": ""1"", ""Tuition_Paid"": ""1"", ""Target"": ""Enrolled""}",data/processed/prism_student_profile/Student performance (Polytechnic Institute of Portalegre).csv
STU-PIP-2779,Academic Performance,"{""Admission_Grade"": ""3"", ""Tuition_Paid"": ""1"", ""Target"": ""Graduate""}",data/processed/prism_student_profile/Student performance (Polytechnic Institute of Portalegre).csv
STU-PIP-2780,Academic Performance,"{""Admission_Grade"": ""1"", ""Tuition_Paid"": ""1"", ""Target"": ""Graduate""}",data/processed/prism_student_profile/Student performance (Polytechnic Institute of Portalegre).csv
STU-PIP-2781,Academic Performance,"{""Admission_Grade"": ""1"", ""Tuition_Paid"": ""1"", ""Target"": ""Graduate""}",data/processed/prism_student_profile/Student performance (Polytechnic Institute of Portalegre).csv
STU-PIP-2782,Academic Performance,"{""Admission_Grade"": ""1"", ""Tuition_Paid"": ""0"", ""Target"": ""Dropout""}",data/processed/prism_student_profile/Student performance (Polytechnic Institute of Portalegre).csv
STU-PIP-2783,Academic Performance,"{""Admission_Grade"": ""1"", ""Tuition_Paid"": ""1"", ""Target"": ""Enrolled""}",data/processed/prism_student_profile/Student performance (Polytechnic Institute of Portalegre).csv
STU-PIP-2784,Academic Performance,"{""Admission_Grade"": ""1"", ""Tuition_Paid"": ""1"", ""Target"": ""Enrolled""}",data/processed/prism_student_profile/Student performance (Polytechnic Institute of Portalegre).csv
STU-PIP-2785,Academic Performance,"{""Admission_Grade"": ""1"", ""Tuition_Paid"": ""1"", ""Target"": ""Graduate""}",data/processed/prism_student_profile/Student performance (Polytechnic Institute of Portalegre).csv
STU-PIP-2786,Academic Performance,"{""Admission_Grade"": ""1"", ""Tuition_Paid"": ""1"", ""Target"": ""Graduate""}",data/processed/prism_student_profile/Student performance (Polytechnic Institute of Portalegre).csv
STU-PIP-2787,Academic Performance,"{""Admission_Grade"": ""9"", ""Tuition_Paid"": ""1"", ""Target"": ""Dropout""}",data/processed/prism_student_profile/Student performance (Polytechnic Institute of Portalegre).csv
STU-PIP-2788,Academic Performance,"{""Admission_Grade"": ""1"", ""Tuition_Paid"": ""1"", ""Target"": ""Enrolled""}",data/processed/prism_student_profile/Student performance (Polytechnic Institute of Portalegre).csv
STU-PIP-2789,Academic Performance,"{""Admission_Grade"": ""1"", ""Tuition_Paid"": ""0"", ""Target"": ""Dropout""}",data/processed/prism_student_profile/Student performance (Polytechnic Institute of Portalegre).csv
STU-PIP-2790,Academic Performance,"{""Admission_Grade"": ""1"", ""Tuition_Paid"": ""1"", ""Target"": ""Dropout""}",data/processed/prism_student_profile/Student performance (Polytechnic Institute of Portalegre).csv
STU-PIP-2791,Academic Performance,"{""Admission_Grade"": ""1"", ""Tuition_Paid"": ""0"", ""Target"": ""Dropout""}",data/processed/prism_student_profile/Student performance (Polytechnic Institute of Portalegre).csv
STU-PIP-2792,Academic Performance,"{""Admission_Grade"": ""1"", ""Tuition_Paid"": ""1"", ""Target"": ""Graduate""}",data/processed/prism_student_profile/Student performance (Polytechnic Institute of Portalegre).csv
STU-PIP-2793,Academic Performance,"{""Admission_Grade"": ""1"", ""Tuition_Paid"": ""1"", ""Target"": ""Graduate""}",data/processed/prism_student_profile/Student performance (Polytechnic Institute of Portalegre).csv
STU-PIP-2794,Academic Performance,"{""Admission_Grade"": ""1"", ""Tuition_Paid"": ""0"", ""Target"": ""Graduate""}",data/processed/prism_student_profile/Student performance (Polytechnic Institute of Portalegre).csv
STU-PIP-2795,Academic Performance,"{""Admission_Grade"": ""1"", ""Tuition_Paid"": ""1"", ""Target"": ""Enrolled""}",data/processed/prism_student_profile/Student performance (Polytechnic Institute of Portalegre).csv
STU-PIP-2796,Academic Performance,"{""Admission_Grade"": ""38"", ""Tuition_Paid"": ""1"", ""Target"": ""Graduate""}",data/processed/prism_student_profile/Student performance (Polytechnic Institute of Portalegre).csv
STU-PIP-2797,Academic Performance,"{""Admission_Grade"": ""1"", ""Tuition_Paid"": ""1"", ""Target"": ""Dropout""}",data/processed/prism_student_profile/Student performance (Polytechnic Institute of Portalegre).csv
STU-PIP-2798,Academic Performance,"{""Admission_Grade"": ""1"", ""Tuition_Paid"": ""1"", ""Target"": ""Graduate""}",data/processed/prism_student_profile/Student performance (Polytechnic Institute of Portalegre).csv
STU-PIP-2799,Academic Performance,"{""Admission_Grade"": ""1"", ""Tuition_Paid"": ""1"", ""Target"": ""Graduate""}",data/processed/prism_student_profile/Student performance (Polytechnic Institute of Portalegre).csv
STU-PIP-2800,Academic Performance,"{""Admission_Grade"": ""1"", ""Tuition_Paid"": ""0"", ""Target"": ""Dropout""}",data/processed/prism_student_profile/Student performance (Polytechnic Institute of Portalegre).csv
STU-PIP-2801,Academic Performance,"{""Admission_Grade"": ""1"", ""Tuition_Paid"": ""1"", ""Target"": ""Graduate""}",data/processed/prism_student_profile/Student performance (Polytechnic Institute of Portalegre).csv
STU-PIP-2802,Academic Performance,"{""Admission_Grade"": ""39"", ""Tuition_Paid"": ""1"", ""Target"": ""Dropout""}",data/processed/prism_student_profile/Student performance (Polytechnic Institute of Portalegre).csv
STU-PIP-2803,Academic Performance,"{""Admission_Grade"": ""1"", ""Tuition_Paid"": ""1"", ""Target"": ""Graduate""}",data/processed/prism_student_profile/Student performance (Polytechnic Institute of Portalegre).csv
STU-PIP-2804,Academic Performance,"{""Admission_Grade"": ""1"", ""Tuition_Paid"": ""1"", ""Target"": ""Graduate""}",data/processed/prism_student_profile/Student performance (Polytechnic Institute of Portalegre).csv
STU-PIP-2805,Academic Performance,"{""Admission_Grade"": ""1"", ""Tuition_Paid"": ""1"", ""Target"": ""Graduate""}",data/processed/prism_student_profile/Student performance (Polytechnic Institute of Portalegre).csv
STU-PIP-2806,Academic Performance,"{""Admission_Grade"": ""1"", ""Tuition_Paid"": ""1"", ""Target"": ""Graduate""}",data/processed/prism_student_profile/Student performance (Polytechnic Institute of Portalegre).csv
STU-PIP-2807,Academic Performance,"{""Admission_Grade"": ""1"", ""Tuition_Paid"": ""1"", ""Target"": ""Graduate""}",data/processed/prism_student_profile/Student performance (Polytechnic Institute of Portalegre).csv
STU-PIP-2808,Academic Performance,"{""Admission_Grade"": ""1"", ""Tuition_Paid"": ""1"", ""Target"": ""Enrolled""}",data/processed/prism_student_profile/Student performance (Polytechnic Institute of Portalegre).csv
STU-PIP-2809,Academic Performance,"{""Admission_Grade"": ""1"", ""Tuition_Paid"": ""1"", ""Target"": ""Graduate""}",data/processed/prism_student_profile/Student performance (Polytechnic Institute of Portalegre).csv
STU-PIP-2810,Academic Performance,"{""Admission_Grade"": ""1"", ""Tuition_Paid"": ""1"", ""Target"": ""Enrolled""}",data/processed/prism_student_profile/Student performance (Polytechnic Institute of Portalegre).csv
STU-PIP-2811,Academic Performance,"{""Admission_Grade"": ""1"", ""Tuition_Paid"": ""1"", ""Target"": ""Graduate""}",data/processed/prism_student_profile/Student performance (Polytechnic Institute of Portalegre).csv
STU-PIP-2812,Academic Performance,"{""Admission_Grade"": ""1"", ""Tuition_Paid"": ""0"", ""Target"": ""Dropout""}",data/processed/prism_student_profile/Student performance (Polytechnic Institute of Portalegre).csv
STU-PIP-2813,Academic Performance,"{""Admission_Grade"": ""1"", ""Tuition_Paid"": ""1"", ""Target"": ""Graduate""}",data/processed/prism_student_profile/Student performance (Polytechnic Institute of Portalegre).csv
STU-PIP-2814,Academic Performance,"{""Admission_Grade"": ""1"", ""Tuition_Paid"": ""1"", ""Target"": ""Graduate""}",data/processed/prism_student_profile/Student performance (Polytechnic Institute of Portalegre).csv
STU-PIP-2815,Academic Performance,"{""Admission_Grade"": ""1"", ""Tuition_Paid"": ""1"", ""Target"": ""Graduate""}",data/processed/prism_student_profile/Student performance (Polytechnic Institute of Portalegre).csv
STU-PIP-2816,Academic Performance,"{""Admission_Grade"": ""1"", ""Tuition_Paid"": ""1"", ""Target"": ""Graduate""}",data/processed/prism_student_profile/Student performance (Polytechnic Institute of Portalegre).csv
STU-PIP-2817,Academic Performance,"{""Admission_Grade"": ""1"", ""Tuition_Paid"": ""1"", ""Target"": ""Graduate""}",data/processed/prism_student_profile/Student performance (Polytechnic Institute of Portalegre).csv
STU-PIP-2818,Academic Performance,"{""Admission_Grade"": ""1"", ""Tuition_Paid"": ""1"", ""Target"": ""Enrolled""}",data/processed/prism_student_profile/Student performance (Polytechnic Institute of Portalegre).csv
STU-PIP-2819,Academic Performance,"{""Admission_Grade"": ""3"", ""Tuition_Paid"": ""1"", ""Target"": ""Graduate""}",data/processed/prism_student_profile/Student performance (Polytechnic Institute of Portalegre).csv
STU-PIP-2820,Academic Performance,"{""Admission_Grade"": ""1"", ""Tuition_Paid"": ""1"", ""Target"": ""Enrolled""}",data/processed/prism_student_profile/Student performance (Polytechnic Institute of Portalegre).csv
STU-PIP-2821,Academic Performance,"{""Admission_Grade"": ""1"", ""Tuition_Paid"": ""1"", ""Target"": ""Graduate""}",data/processed/prism_student_profile/Student performance (Polytechnic Institute of Portalegre).csv
STU-PIP-2822,Academic Performance,"{""Admission_Grade"": ""1"", ""Tuition_Paid"": ""1"", ""Target"": ""Dropout""}",data/processed/prism_student_profile/Student performance (Polytechnic Institute of Portalegre).csv
STU-PIP-2823,Academic Performance,"{""Admission_Grade"": ""1"", ""Tuition_Paid"": ""1"", ""Target"": ""Graduate""}",data/processed/prism_student_profile/Student performance (Polytechnic Institute of Portalegre).csv
STU-PIP-2824,Academic Performance,"{""Admission_Grade"": ""1"", ""Tuition_Paid"": ""1"", ""Target"": ""Enrolled""}",data/processed/prism_student_profile/Student performance (Polytechnic Institute of Portalegre).csv
STU-PIP-2825,Academic Performance,"{""Admission_Grade"": ""1"", ""Tuition_Paid"": ""1"", ""Target"": ""Enrolled""}",data/processed/prism_student_profile/Student performance (Polytechnic Institute of Portalegre).csv
STU-PIP-2826,Academic Performance,"{""Admission_Grade"": ""1"", ""Tuition_Paid"": ""1"", ""Target"": ""Dropout""}",data/processed/prism_student_profile/Student performance (Polytechnic Institute of Portalegre).csv
STU-PIP-2827,Academic Performance,"{""Admission_Grade"": ""1"", ""Tuition_Paid"": ""1"", ""Target"": ""Graduate""}",data/processed/prism_student_profile/Student performance (Polytechnic Institute of Portalegre).csv
STU-PIP-2828,Academic Performance,"{""Admission_Grade"": ""1"", ""Tuition_Paid"": ""1"", ""Target"": ""Graduate""}",data/processed/prism_student_profile/Student performance (Polytechnic Institute of Portalegre).csv
STU-PIP-2829,Academic Performance,"{""Admission_Grade"": ""1"", ""Tuition_Paid"": ""1"", ""Target"": ""Enrolled""}",data/processed/prism_student_profile/Student performance (Polytechnic Institute of Portalegre).csv
STU-PIP-2830,Academic Performance,"{""Admission_Grade"": ""1"", ""Tuition_Paid"": ""1"", ""Target"": ""Dropout""}",data/processed/prism_student_profile/Student performance (Polytechnic Institute of Portalegre).csv
STU-PIP-2831,Academic Performance,"{""Admission_Grade"": ""1"", ""Tuition_Paid"": ""1"", ""Target"": ""Graduate""}",data/processed/prism_student_profile/Student performance (Polytechnic Institute of Portalegre).csv
STU-PIP-2832,Academic Performance,"{""Admission_Grade"": ""1"", ""Tuition_Paid"": ""1"", ""Target"": ""Enrolled""}",data/processed/prism_student_profile/Student performance (Polytechnic Institute of Portalegre).csv
STU-PIP-2833,Academic Performance,"{""Admission_Grade"": ""1"", ""Tuition_Paid"": ""0"", ""Target"": ""Enrolled""}",data/processed/prism_student_profile/Student performance (Polytechnic Institute of Portalegre).csv
STU-PIP-2834,Academic Performance,"{""Admission_Grade"": ""1"", ""Tuition_Paid"": ""1"", ""Target"": ""Enrolled""}",data/processed/prism_student_profile/Student performance (Polytechnic Institute of Portalegre).csv
STU-PIP-2835,Academic Performance,"{""Admission_Grade"": ""1"", ""Tuition_Paid"": ""1"", ""Target"": ""Graduate""}",data/processed/prism_student_profile/Student performance (Polytechnic Institute of Portalegre).csv
STU-PIP-2836,Academic Performance,"{""Admission_Grade"": ""1"", ""Tuition_Paid"": ""1"", ""Target"": ""Graduate""}",data/processed/prism_student_profile/Student performance (Polytechnic Institute of Portalegre).csv
STU-PIP-2837,Academic Performance,"{""Admission_Grade"": ""1"", ""Tuition_Paid"": ""1"", ""Target"": ""Dropout""}",data/processed/prism_student_profile/Student performance (Polytechnic Institute of Portalegre).csv
STU-PIP-2838,Academic Performance,"{""Admission_Grade"": ""1"", ""Tuition_Paid"": ""1"", ""Target"": ""Enrolled""}",data/processed/prism_student_profile/Student performance (Polytechnic Institute of Portalegre).csv
STU-PIP-2839,Academic Performance,"{""Admission_Grade"": ""1"", ""Tuition_Paid"": ""0"", ""Target"": ""Dropout""}",data/processed/prism_student_profile/Student performance (Polytechnic Institute of Portalegre).csv
STU-PIP-2840,Academic Performance,"{""Admission_Grade"": ""1"", ""Tuition_Paid"": ""1"", ""Target"": ""Graduate""}",data/processed/prism_student_profile/Student performance (Polytechnic Institute of Portalegre).csv
STU-PIP-2841,Academic Performance,"{""Admission_Grade"": ""1"", ""Tuition_Paid"": ""1"", ""Target"": ""Enrolled""}",data/processed/prism_student_profile/Student performance (Polytechnic Institute of Portalegre).csv
STU-PIP-2842,Academic Performance,"{""Admission_Grade"": ""1"", ""Tuition_Paid"": ""1"", ""Target"": ""Graduate""}",data/processed/prism_student_profile/Student performance (Polytechnic Institute of Portalegre).csv
STU-PIP-2843,Academic Performance,"{""Admission_Grade"": ""1"", ""Tuition_Paid"": ""1"", ""Target"": ""Graduate""}",data/processed/prism_student_profile/Student performance (Polytechnic Institute of Portalegre).csv
STU-PIP-2844,Academic Performance,"{""Admission_Grade"": ""1"", ""Tuition_Paid"": ""0"", ""Target"": ""Dropout""}",data/processed/prism_student_profile/Student performance (Polytechnic Institute of Portalegre).csv
STU-PIP-2845,Academic Performance,"{""Admission_Grade"": ""1"", ""Tuition_Paid"": ""1"", ""Target"": ""Enrolled""}",data/processed/prism_student_profile/Student performance (Polytechnic Institute of Portalegre).csv
STU-PIP-2846,Academic Performance,"{""Admission_Grade"": ""39"", ""Tuition_Paid"": ""1"", ""Target"": ""Graduate""}",data/processed/prism_student_profile/Student performance (Polytechnic Institute of Portalegre).csv
STU-PIP-2847,Academic Performance,"{""Admission_Grade"": ""12"", ""Tuition_Paid"": ""1"", ""Target"": ""Dropout""}",data/processed/prism_student_profile/Student performance (Polytechnic Institute of Portalegre).csv
STU-PIP-2848,Academic Performance,"{""Admission_Grade"": ""19"", ""Tuition_Paid"": ""0"", ""Target"": ""Dropout""}",data/processed/prism_student_profile/Student performance (Polytechnic Institute of Portalegre).csv
STU-PIP-2849,Academic Performance,"{""Admission_Grade"": ""1"", ""Tuition_Paid"": ""1"", ""Target"": ""Dropout""}",data/processed/prism_student_profile/Student performance (Polytechnic Institute of Portalegre).csv
STU-PIP-2850,Academic Performance,"{""Admission_Grade"": ""39"", ""Tuition_Paid"": ""1"", ""Target"": ""Graduate""}",data/processed/prism_student_profile/Student performance (Polytechnic Institute of Portalegre).csv
STU-PIP-2851,Academic Performance,"{""Admission_Grade"": ""1"", ""Tuition_Paid"": ""0"", ""Target"": ""Dropout""}",data/processed/prism_student_profile/Student performance (Polytechnic Institute of Portalegre).csv
STU-PIP-2852,Academic Performance,"{""Admission_Grade"": ""1"", ""Tuition_Paid"": ""1"", ""Target"": ""Graduate""}",data/processed/prism_student_profile/Student performance (Polytechnic Institute of Portalegre).csv
STU-PIP-2853,Academic Performance,"{""Admission_Grade"": ""42"", ""Tuition_Paid"": ""1"", ""Target"": ""Graduate""}",data/processed/prism_student_profile/Student performance (Polytechnic Institute of Portalegre).csv
STU-PIP-2854,Academic Performance,"{""Admission_Grade"": ""1"", ""Tuition_Paid"": ""1"", ""Target"": ""Graduate""}",data/processed/prism_student_profile/Student performance (Polytechnic Institute of Portalegre).csv
STU-PIP-2855,Academic Performance,"{""Admission_Grade"": ""1"", ""Tuition_Paid"": ""1"", ""Target"": ""Dropout""}",data/processed/prism_student_profile/Student performance (Polytechnic Institute of Portalegre).csv
STU-PIP-2856,Academic Performance,"{""Admission_Grade"": ""1"", ""Tuition_Paid"": ""1"", ""Target"": ""Dropout""}",data/processed/prism_student_profile/Student performance (Polytechnic Institute of Portalegre).csv
STU-PIP-2857,Academic Performance,"{""Admission_Grade"": ""1"", ""Tuition_Paid"": ""1"", ""Target"": ""Graduate""}",data/processed/prism_student_profile/Student performance (Polytechnic Institute of Portalegre).csv
STU-PIP-2858,Academic Performance,"{""Admission_Grade"": ""1"", ""Tuition_Paid"": ""1"", ""Target"": ""Dropout""}",data/processed/prism_student_profile/Student performance (Polytechnic Institute of Portalegre).csv
STU-PIP-2859,Academic Performance,"{""Admission_Grade"": ""1"", ""Tuition_Paid"": ""1"", ""Target"": ""Graduate""}",data/processed/prism_student_profile/Student performance (Polytechnic Institute of Portalegre).csv
STU-PIP-2860,Academic Performance,"{""Admission_Grade"": ""12"", ""Tuition_Paid"": ""1"", ""Target"": ""Enrolled""}",data/processed/prism_student_profile/Student performance (Polytechnic Institute of Portalegre).csv
STU-PIP-2861,Academic Performance,"{""Admission_Grade"": ""1"", ""Tuition_Paid"": ""1"", ""Target"": ""Graduate""}",data/processed/prism_student_profile/Student performance (Polytechnic Institute of Portalegre).csv
STU-PIP-2862,Academic Performance,"{""Admission_Grade"": ""1"", ""Tuition_Paid"": ""1"", ""Target"": ""Graduate""}",data/processed/prism_student_profile/Student performance (Polytechnic Institute of Portalegre).csv
STU-PIP-2863,Academic Performance,"{""Admission_Grade"": ""1"", ""Tuition_Paid"": ""1"", ""Target"": ""Graduate""}",data/processed/prism_student_profile/Student performance (Polytechnic Institute of Portalegre).csv
STU-PIP-2864,Academic Performance,"{""Admission_Grade"": ""1"", ""Tuition_Paid"": ""1"", ""Target"": ""Graduate""}",data/processed/prism_student_profile/Student performance (Polytechnic Institute of Portalegre).csv
STU-PIP-2865,Academic Performance,"{""Admission_Grade"": ""1"", ""Tuition_Paid"": ""1"", ""Target"": ""Dropout""}",data/processed/prism_student_profile/Student performance (Polytechnic Institute of Portalegre).csv
STU-PIP-2866,Academic Performance,"{""Admission_Grade"": ""1"", ""Tuition_Paid"": ""1"", ""Target"": ""Graduate""}",data/processed/prism_student_profile/Student performance (Polytechnic Institute of Portalegre).csv
STU-PIP-2867,Academic Performance,"{""Admission_Grade"": ""19"", ""Tuition_Paid"": ""1"", ""Target"": ""Dropout""}",data/processed/prism_student_profile/Student performance (Polytechnic Institute of Portalegre).csv
STU-PIP-2868,Academic Performance,"{""Admission_Grade"": ""19"", ""Tuition_Paid"": ""1"", ""Target"": ""Graduate""}",data/processed/prism_student_profile/Student performance (Polytechnic Institute of Portalegre).csv
STU-PIP-2869,Academic Performance,"{""Admission_Grade"": ""1"", ""Tuition_Paid"": ""1"", ""Target"": ""Enrolled""}",data/processed/prism_student_profile/Student performance (Polytechnic Institute of Portalegre).csv
STU-PIP-2870,Academic Performance,"{""Admission_Grade"": ""19"", ""Tuition_Paid"": ""1"", ""Target"": ""Graduate""}",data/processed/prism_student_profile/Student performance (Polytechnic Institute of Portalegre).csv
STU-PIP-2871,Academic Performance,"{""Admission_Grade"": ""3"", ""Tuition_Paid"": ""1"", ""Target"": ""Graduate""}",data/processed/prism_student_profile/Student performance (Polytechnic Institute of Portalegre).csv
STU-PIP-2872,Academic Performance,"{""Admission_Grade"": ""1"", ""Tuition_Paid"": ""1"", ""Target"": ""Dropout""}",data/processed/prism_student_profile/Student performance (Polytechnic Institute of Portalegre).csv
STU-PIP-2873,Academic Performance,"{""Admission_Grade"": ""1"", ""Tuition_Paid"": ""1"", ""Target"": ""Enrolled""}",data/processed/prism_student_profile/Student performance (Polytechnic Institute of Portalegre).csv
STU-PIP-2874,Academic Performance,"{""Admission_Grade"": ""2"", ""Tuition_Paid"": ""1"", ""Target"": ""Graduate""}",data/processed/prism_student_profile/Student performance (Polytechnic Institute of Portalegre).csv
STU-PIP-2875,Academic Performance,"{""Admission_Grade"": ""12"", ""Tuition_Paid"": ""1"", ""Target"": ""Dropout""}",data/processed/prism_student_profile/Student performance (Polytechnic Institute of Portalegre).csv
STU-PIP-2876,Academic Performance,"{""Admission_Grade"": ""1"", ""Tuition_Paid"": ""1"", ""Target"": ""Enrolled""}",data/processed/prism_student_profile/Student performance (Polytechnic Institute of Portalegre).csv
STU-PIP-2877,Academic Performance,"{""Admission_Grade"": ""1"", ""Tuition_Paid"": ""0"", ""Target"": ""Dropout""}",data/processed/prism_student_profile/Student performance (Polytechnic Institute of Portalegre).csv
STU-PIP-2878,Academic Performance,"{""Admission_Grade"": ""1"", ""Tuition_Paid"": ""1"", ""Target"": ""Enrolled""}",data/processed/prism_student_profile/Student performance (Polytechnic Institute of Portalegre).csv
STU-PIP-2879,Academic Performance,"{""Admission_Grade"": ""1"", ""Tuition_Paid"": ""1"", ""Target"": ""Dropout""}",data/processed/prism_student_profile/Student performance (Polytechnic Institute of Portalegre).csv
STU-PIP-2880,Academic Performance,"{""Admission_Grade"": ""1"", ""Tuition_Paid"": ""1"", ""Target"": ""Dropout""}",data/processed/prism_student_profile/Student performance (Polytechnic Institute of Portalegre).csv
STU-PIP-2881,Academic Performance,"{""Admission_Grade"": ""19"", ""Tuition_Paid"": ""1"", ""Target"": ""Graduate""}",data/processed/prism_student_profile/Student performance (Polytechnic Institute of Portalegre).csv
STU-PIP-2882,Academic Performance,"{""Admission_Grade"": ""1"", ""Tuition_Paid"": ""1"", ""Target"": ""Enrolled""}",data/processed/prism_student_profile/Student performance (Polytechnic Institute of Portalegre).csv
STU-PIP-2883,Academic Performance,"{""Admission_Grade"": ""1"", ""Tuition_Paid"": ""1"", ""Target"": ""Dropout""}",data/processed/prism_student_profile/Student performance (Polytechnic Institute of Portalegre).csv
STU-PIP-2884,Academic Performance,"{""Admission_Grade"": ""1"", ""Tuition_Paid"": ""1"", ""Target"": ""Graduate""}",data/processed/prism_student_profile/Student performance (Polytechnic Institute of Portalegre).csv
STU-PIP-2885,Academic Performance,"{""Admission_Grade"": ""3"", ""Tuition_Paid"": ""1"", ""Target"": ""Graduate""}",data/processed/prism_student_profile/Student performance (Polytechnic Institute of Portalegre).csv
STU-PIP-2886,Academic Performance,"{""Admission_Grade"": ""2"", ""Tuition_Paid"": ""1"", ""Target"": ""Graduate""}",data/processed/prism_student_profile/Student performance (Polytechnic Institute of Portalegre).csv
STU-PIP-2887,Academic Performance,"{""Admission_Grade"": ""1"", ""Tuition_Paid"": ""1"", ""Target"": ""Graduate""}",data/processed/prism_student_profile/Student performance (Polytechnic Institute of Portalegre).csv
STU-PIP-2888,Academic Performance,"{""Admission_Grade"": ""1"", ""Tuition_Paid"": ""1"", ""Target"": ""Graduate""}",data/processed/prism_student_profile/Student performance (Polytechnic Institute of Portalegre).csv
STU-PIP-2889,Academic Performance,"{""Admission_Grade"": ""1"", ""Tuition_Paid"": ""1"", ""Target"": ""Graduate""}",data/processed/prism_student_profile/Student performance (Polytechnic Institute of Portalegre).csv
STU-PIP-2890,Academic Performance,"{""Admission_Grade"": ""1"", ""Tuition_Paid"": ""1"", ""Target"": ""Graduate""}",data/processed/prism_student_profile/Student performance (Polytechnic Institute of Portalegre).csv
STU-PIP-2891,Academic Performance,"{""Admission_Grade"": ""12"", ""Tuition_Paid"": ""1"", ""Target"": ""Graduate""}",data/processed/prism_student_profile/Student performance (Polytechnic Institute of Portalegre).csv
STU-PIP-2892,Academic Performance,"{""Admission_Grade"": ""1"", ""Tuition_Paid"": ""1"", ""Target"": ""Dropout""}",data/processed/prism_student_profile/Student performance (Polytechnic Institute of Portalegre).csv
STU-PIP-2893,Academic Performance,"{""Admission_Grade"": ""1"", ""Tuition_Paid"": ""1"", ""Target"": ""Graduate""}",data/processed/prism_student_profile/Student performance (Polytechnic Institute of Portalegre).csv
STU-PIP-2894,Academic Performance,"{""Admission_Grade"": ""1"", ""Tuition_Paid"": ""1"", ""Target"": ""Dropout""}",data/processed/prism_student_profile/Student performance (Polytechnic Institute of Portalegre).csv
STU-PIP-2895,Academic Performance,"{""Admission_Grade"": ""1"", ""Tuition_Paid"": ""1"", ""Target"": ""Graduate""}",data/processed/prism_student_profile/Student performance (Polytechnic Institute of Portalegre).csv
STU-PIP-2896,Academic Performance,"{""Admission_Grade"": ""1"", ""Tuition_Paid"": ""1"", ""Target"": ""Graduate""}",data/processed/prism_student_profile/Student performance (Polytechnic Institute of Portalegre).csv
STU-PIP-2897,Academic Performance,"{""Admission_Grade"": ""1"", ""Tuition_Paid"": ""1"", ""Target"": ""Enrolled""}",data/processed/prism_student_profile/Student performance (Polytechnic Institute of Portalegre).csv
STU-PIP-2898,Academic Performance,"{""Admission_Grade"": ""1"", ""Tuition_Paid"": ""1"", ""Target"": ""Graduate""}",data/processed/prism_student_profile/Student performance (Polytechnic Institute of Portalegre).csv
STU-PIP-2899,Academic Performance,"{""Admission_Grade"": ""1"", ""Tuition_Paid"": ""1"", ""Target"": ""Graduate""}",data/processed/prism_student_profile/Student performance (Polytechnic Institute of Portalegre).csv
STU-PIP-2900,Academic Performance,"{""Admission_Grade"": ""1"", ""Tuition_Paid"": ""1"", ""Target"": ""Graduate""}",data/processed/prism_student_profile/Student performance (Polytechnic Institute of Portalegre).csv
STU-PIP-2901,Academic Performance,"{""Admission_Grade"": ""2"", ""Tuition_Paid"": ""1"", ""Target"": ""Enrolled""}",data/processed/prism_student_profile/Student performance (Polytechnic Institute of Portalegre).csv
STU-PIP-2902,Academic Performance,"{""Admission_Grade"": ""3"", ""Tuition_Paid"": ""1"", ""Target"": ""Dropout""}",data/processed/prism_student_profile/Student performance (Polytechnic Institute of Portalegre).csv
STU-PIP-2903,Academic Performance,"{""Admission_Grade"": ""1"", ""Tuition_Paid"": ""1"", ""Target"": ""Graduate""}",data/processed/prism_student_profile/Student performance (Polytechnic Institute of Portalegre).csv
STU-PIP-2904,Academic Performance,"{""Admission_Grade"": ""1"", ""Tuition_Paid"": ""1"", ""Target"": ""Graduate""}",data/processed/prism_student_profile/Student performance (Polytechnic Institute of Portalegre).csv
STU-PIP-2905,Academic Performance,"{""Admission_Grade"": ""1"", ""Tuition_Paid"": ""1"", ""Target"": ""Dropout""}",data/processed/prism_student_profile/Student performance (Polytechnic Institute of Portalegre).csv
STU-PIP-2906,Academic Performance,"{""Admission_Grade"": ""1"", ""Tuition_Paid"": ""1"", ""Target"": ""Graduate""}",data/processed/prism_student_profile/Student performance (Polytechnic Institute of Portalegre).csv
STU-PIP-2907,Academic Performance,"{""Admission_Grade"": ""1"", ""Tuition_Paid"": ""1"", ""Target"": ""Graduate""}",data/processed/prism_student_profile/Student performance (Polytechnic Institute of Portalegre).csv
STU-PIP-2908,Academic Performance,"{""Admission_Grade"": ""1"", ""Tuition_Paid"": ""1"", ""Target"": ""Graduate""}",data/processed/prism_student_profile/Student performance (Polytechnic Institute of Portalegre).csv
STU-PIP-2909,Academic Performance,"{""Admission_Grade"": ""1"", ""Tuition_Paid"": ""1"", ""Target"": ""Graduate""}",data/processed/prism_student_profile/Student performance (Polytechnic Institute of Portalegre).csv
STU-PIP-2910,Academic Performance,"{""Admission_Grade"": ""1"", ""Tuition_Paid"": ""0"", ""Target"": ""Dropout""}",data/processed/prism_student_profile/Student performance (Polytechnic Institute of Portalegre).csv
STU-PIP-2911,Academic Performance,"{""Admission_Grade"": ""1"", ""Tuition_Paid"": ""1"", ""Target"": ""Dropout""}",data/processed/prism_student_profile/Student performance (Polytechnic Institute of Portalegre).csv
STU-PIP-2912,Academic Performance,"{""Admission_Grade"": ""1"", ""Tuition_Paid"": ""1"", ""Target"": ""Graduate""}",data/processed/prism_student_profile/Student performance (Polytechnic Institute of Portalegre).csv
STU-PIP-2913,Academic Performance,"{""Admission_Grade"": ""1"", ""Tuition_Paid"": ""1"", ""Target"": ""Dropout""}",data/processed/prism_student_profile/Student performance (Polytechnic Institute of Portalegre).csv
STU-PIP-2914,Academic Performance,"{""Admission_Grade"": ""1"", ""Tuition_Paid"": ""1"", ""Target"": ""Graduate""}",data/processed/prism_student_profile/Student performance (Polytechnic Institute of Portalegre).csv
STU-PIP-2915,Academic Performance,"{""Admission_Grade"": ""1"", ""Tuition_Paid"": ""1"", ""Target"": ""Dropout""}",data/processed/prism_student_profile/Student performance (Polytechnic Institute of Portalegre).csv
STU-PIP-2916,Academic Performance,"{""Admission_Grade"": ""1"", ""Tuition_Paid"": ""1"", ""Target"": ""Enrolled""}",data/processed/prism_student_profile/Student performance (Polytechnic Institute of Portalegre).csv
STU-PIP-2917,Academic Performance,"{""Admission_Grade"": ""3"", ""Tuition_Paid"": ""1"", ""Target"": ""Graduate""}",data/processed/prism_student_profile/Student performance (Polytechnic Institute of Portalegre).csv
STU-PIP-2918,Academic Performance,"{""Admission_Grade"": ""1"", ""Tuition_Paid"": ""1"", ""Target"": ""Graduate""}",data/processed/prism_student_profile/Student performance (Polytechnic Institute of Portalegre).csv
STU-PIP-2919,Academic Performance,"{""Admission_Grade"": ""2"", ""Tuition_Paid"": ""1"", ""Target"": ""Dropout""}",data/processed/prism_student_profile/Student performance (Polytechnic Institute of Portalegre).csv
STU-PIP-2920,Academic Performance,"{""Admission_Grade"": ""19"", ""Tuition_Paid"": ""0"", ""Target"": ""Dropout""}",data/processed/prism_student_profile/Student performance (Polytechnic Institute of Portalegre).csv
STU-PIP-2921,Academic Performance,"{""Admission_Grade"": ""1"", ""Tuition_Paid"": ""1"", ""Target"": ""Graduate""}",data/processed/prism_student_profile/Student performance (Polytechnic Institute of Portalegre).csv
STU-PIP-2922,Academic Performance,"{""Admission_Grade"": ""1"", ""Tuition_Paid"": ""1"", ""Target"": ""Enrolled""}",data/processed/prism_student_profile/Student performance (Polytechnic Institute of Portalegre).csv
STU-PIP-2923,Academic Performance,"{""Admission_Grade"": ""19"", ""Tuition_Paid"": ""1"", ""Target"": ""Dropout""}",data/processed/prism_student_profile/Student performance (Polytechnic Institute of Portalegre).csv
STU-PIP-2924,Academic Performance,"{""Admission_Grade"": ""1"", ""Tuition_Paid"": ""1"", ""Target"": ""Dropout""}",data/processed/prism_student_profile/Student performance (Polytechnic Institute of Portalegre).csv
STU-PIP-2925,Academic Performance,"{""Admission_Grade"": ""1"", ""Tuition_Paid"": ""1"", ""Target"": ""Graduate""}",data/processed/prism_student_profile/Student performance (Polytechnic Institute of Portalegre).csv
STU-PIP-2926,Academic Performance,"{""Admission_Grade"": ""1"", ""Tuition_Paid"": ""1"", ""Target"": ""Graduate""}",data/processed/prism_student_profile/Student performance (Polytechnic Institute of Portalegre).csv
STU-PIP-2927,Academic Performance,"{""Admission_Grade"": ""39"", ""Tuition_Paid"": ""1"", ""Target"": ""Graduate""}",data/processed/prism_student_profile/Student performance (Polytechnic Institute of Portalegre).csv
STU-PIP-2928,Academic Performance,"{""Admission_Grade"": ""1"", ""Tuition_Paid"": ""1"", ""Target"": ""Graduate""}",data/processed/prism_student_profile/Student performance (Polytechnic Institute of Portalegre).csv
STU-PIP-2929,Academic Performance,"{""Admission_Grade"": ""1"", ""Tuition_Paid"": ""1"", ""Target"": ""Dropout""}",data/processed/prism_student_profile/Student performance (Polytechnic Institute of Portalegre).csv
STU-PIP-2930,Academic Performance,"{""Admission_Grade"": ""1"", ""Tuition_Paid"": ""1"", ""Target"": ""Enrolled""}",data/processed/prism_student_profile/Student performance (Polytechnic Institute of Portalegre).csv
STU-PIP-2931,Academic Performance,"{""Admission_Grade"": ""9"", ""Tuition_Paid"": ""1"", ""Target"": ""Dropout""}",data/processed/prism_student_profile/Student performance (Polytechnic Institute of Portalegre).csv
STU-PIP-2932,Academic Performance,"{""Admission_Grade"": ""1"", ""Tuition_Paid"": ""1"", ""Target"": ""Dropout""}",data/processed/prism_student_profile/Student performance (Polytechnic Institute of Portalegre).csv
STU-PIP-2933,Academic Performance,"{""Admission_Grade"": ""1"", ""Tuition_Paid"": ""1"", ""Target"": ""Dropout""}",data/processed/prism_student_profile/Student performance (Polytechnic Institute of Portalegre).csv
STU-PIP-2934,Academic Performance,"{""Admission_Grade"": ""1"", ""Tuition_Paid"": ""1"", ""Target"": ""Graduate""}",data/processed/prism_student_profile/Student performance (Polytechnic Institute of Portalegre).csv
STU-PIP-2935,Academic Performance,"{""Admission_Grade"": ""12"", ""Tuition_Paid"": ""1"", ""Target"": ""Dropout""}",data/processed/prism_student_profile/Student performance (Polytechnic Institute of Portalegre).csv
STU-PIP-2936,Academic Performance,"{""Admission_Grade"": ""1"", ""Tuition_Paid"": ""1"", ""Target"": ""Dropout""}",data/processed/prism_student_profile/Student performance (Polytechnic Institute of Portalegre).csv
STU-PIP-2937,Academic Performance,"{""Admission_Grade"": ""1"", ""Tuition_Paid"": ""1"", ""Target"": ""Dropout""}",data/processed/prism_student_profile/Student performance (Polytechnic Institute of Portalegre).csv
STU-PIP-2938,Academic Performance,"{""Admission_Grade"": ""1"", ""Tuition_Paid"": ""0"", ""Target"": ""Dropout""}",data/processed/prism_student_profile/Student performance (Polytechnic Institute of Portalegre).csv
STU-PIP-2939,Academic Performance,"{""Admission_Grade"": ""1"", ""Tuition_Paid"": ""1"", ""Target"": ""Enrolled""}",data/processed/prism_student_profile/Student performance (Polytechnic Institute of Portalegre).csv
STU-PIP-2940,Academic Performance,"{""Admission_Grade"": ""1"", ""Tuition_Paid"": ""1"", ""Target"": ""Dropout""}",data/processed/prism_student_profile/Student performance (Polytechnic Institute of Portalegre).csv
STU-PIP-2941,Academic Performance,"{""Admission_Grade"": ""3"", ""Tuition_Paid"": ""1"", ""Target"": ""Graduate""}",data/processed/prism_student_profile/Student performance (Polytechnic Institute of Portalegre).csv
STU-PIP-2942,Academic Performance,"{""Admission_Grade"": ""1"", ""Tuition_Paid"": ""1"", ""Target"": ""Enrolled""}",data/processed/prism_student_profile/Student performance (Polytechnic Institute of Portalegre).csv
STU-PIP-2943,Academic Performance,"{""Admission_Grade"": ""1"", ""Tuition_Paid"": ""1"", ""Target"": ""Graduate""}",data/processed/prism_student_profile/Student performance (Polytechnic Institute of Portalegre).csv
STU-PIP-2944,Academic Performance,"{""Admission_Grade"": ""1"", ""Tuition_Paid"": ""1"", ""Target"": ""Graduate""}",data/processed/prism_student_profile/Student performance (Polytechnic Institute of Portalegre).csv
STU-PIP-2945,Academic Performance,"{""Admission_Grade"": ""1"", ""Tuition_Paid"": ""1"", ""Target"": ""Graduate""}",data/processed/prism_student_profile/Student performance (Polytechnic Institute of Portalegre).csv
STU-PIP-2946,Academic Performance,"{""Admission_Grade"": ""1"", ""Tuition_Paid"": ""1"", ""Target"": ""Dropout""}",data/processed/prism_student_profile/Student performance (Polytechnic Institute of Portalegre).csv
STU-PIP-2947,Academic Performance,"{""Admission_Grade"": ""39"", ""Tuition_Paid"": ""1"", ""Target"": ""Dropout""}",data/processed/prism_student_profile/Student performance (Polytechnic Institute of Portalegre).csv
STU-PIP-2948,Academic Performance,"{""Admission_Grade"": ""1"", ""Tuition_Paid"": ""1"", ""Target"": ""Graduate""}",data/processed/prism_student_profile/Student performance (Polytechnic Institute of Portalegre).csv
STU-PIP-2949,Academic Performance,"{""Admission_Grade"": ""1"", ""Tuition_Paid"": ""1"", ""Target"": ""Graduate""}",data/processed/prism_student_profile/Student performance (Polytechnic Institute of Portalegre).csv
STU-PIP-2950,Academic Performance,"{""Admission_Grade"": ""1"", ""Tuition_Paid"": ""1"", ""Target"": ""Dropout""}",data/processed/prism_student_profile/Student performance (Polytechnic Institute of Portalegre).csv
STU-PIP-2951,Academic Performance,"{""Admission_Grade"": ""1"", ""Tuition_Paid"": ""1"", ""Target"": ""Graduate""}",data/processed/prism_student_profile/Student performance (Polytechnic Institute of Portalegre).csv
STU-PIP-2952,Academic Performance,"{""Admission_Grade"": ""1"", ""Tuition_Paid"": ""1"", ""Target"": ""Graduate""}",data/processed/prism_student_profile/Student performance (Polytechnic Institute of Portalegre).csv
STU-PIP-2953,Academic Performance,"{""Admission_Grade"": ""1"", ""Tuition_Paid"": ""1"", ""Target"": ""Enrolled""}",data/processed/prism_student_profile/Student performance (Polytechnic Institute of Portalegre).csv
STU-PIP-2954,Academic Performance,"{""Admission_Grade"": ""1"", ""Tuition_Paid"": ""1"", ""Target"": ""Dropout""}",data/processed/prism_student_profile/Student performance (Polytechnic Institute of Portalegre).csv
STU-PIP-2955,Academic Performance,"{""Admission_Grade"": ""1"", ""Tuition_Paid"": ""1"", ""Target"": ""Graduate""}",data/processed/prism_student_profile/Student performance (Polytechnic Institute of Portalegre).csv
STU-PIP-2956,Academic Performance,"{""Admission_Grade"": ""1"", ""Tuition_Paid"": ""1"", ""Target"": ""Graduate""}",data/processed/prism_student_profile/Student performance (Polytechnic Institute of Portalegre).csv
STU-PIP-2957,Academic Performance,"{""Admission_Grade"": ""3"", ""Tuition_Paid"": ""1"", ""Target"": ""Dropout""}",data/processed/prism_student_profile/Student performance (Polytechnic Institute of Portalegre).csv
STU-PIP-2958,Academic Performance,"{""Admission_Grade"": ""3"", ""Tuition_Paid"": ""1"", ""Target"": ""Graduate""}",data/processed/prism_student_profile/Student performance (Polytechnic Institute of Portalegre).csv
STU-PIP-2959,Academic Performance,"{""Admission_Grade"": ""19"", ""Tuition_Paid"": ""1"", ""Target"": ""Dropout""}",data/processed/prism_student_profile/Student performance (Polytechnic Institute of Portalegre).csv
STU-PIP-2960,Academic Performance,"{""Admission_Grade"": ""1"", ""Tuition_Paid"": ""1"", ""Target"": ""Graduate""}",data/processed/prism_student_profile/Student performance (Polytechnic Institute of Portalegre).csv
STU-PIP-2961,Academic Performance,"{""Admission_Grade"": ""1"", ""Tuition_Paid"": ""1"", ""Target"": ""Graduate""}",data/processed/prism_student_profile/Student performance (Polytechnic Institute of Portalegre).csv
STU-PIP-2962,Academic Performance,"{""Admission_Grade"": ""1"", ""Tuition_Paid"": ""1"", ""Target"": ""Graduate""}",data/processed/prism_student_profile/Student performance (Polytechnic Institute of Portalegre).csv
STU-PIP-2963,Academic Performance,"{""Admission_Grade"": ""1"", ""Tuition_Paid"": ""1"", ""Target"": ""Dropout""}",data/processed/prism_student_profile/Student performance (Polytechnic Institute of Portalegre).csv
STU-PIP-2964,Academic Performance,"{""Admission_Grade"": ""3"", ""Tuition_Paid"": ""1"", ""Target"": ""Graduate""}",data/processed/prism_student_profile/Student performance (Polytechnic Institute of Portalegre).csv
STU-PIP-2965,Academic Performance,"{""Admission_Grade"": ""1"", ""Tuition_Paid"": ""1"", ""Target"": ""Dropout""}",data/processed/prism_student_profile/Student performance (Polytechnic Institute of Portalegre).csv
STU-PIP-2966,Academic Performance,"{""Admission_Grade"": ""1"", ""Tuition_Paid"": ""1"", ""Target"": ""Graduate""}",data/processed/prism_student_profile/Student performance (Polytechnic Institute of Portalegre).csv
STU-PIP-2967,Academic Performance,"{""Admission_Grade"": ""1"", ""Tuition_Paid"": ""1"", ""Target"": ""Graduate""}",data/processed/prism_student_profile/Student performance (Polytechnic Institute of Portalegre).csv
STU-PIP-2968,Academic Performance,"{""Admission_Grade"": ""1"", ""Tuition_Paid"": ""1"", ""Target"": ""Enrolled""}",data/processed/prism_student_profile/Student performance (Polytechnic Institute of Portalegre).csv
STU-PIP-2969,Academic Performance,"{""Admission_Grade"": ""1"", ""Tuition_Paid"": ""1"", ""Target"": ""Graduate""}",data/processed/prism_student_profile/Student performance (Polytechnic Institute of Portalegre).csv
STU-PIP-2970,Academic Performance,"{""Admission_Grade"": ""1"", ""Tuition_Paid"": ""1"", ""Target"": ""Graduate""}",data/processed/prism_student_profile/Student performance (Polytechnic Institute of Portalegre).csv
STU-PIP-2971,Academic Performance,"{""Admission_Grade"": ""1"", ""Tuition_Paid"": ""1"", ""Target"": ""Graduate""}",data/processed/prism_student_profile/Student performance (Polytechnic Institute of Portalegre).csv
STU-PIP-2972,Academic Performance,"{""Admission_Grade"": ""3"", ""Tuition_Paid"": ""1"", ""Target"": ""Dropout""}",data/processed/prism_student_profile/Student performance (Polytechnic Institute of Portalegre).csv
STU-PIP-2973,Academic Performance,"{""Admission_Grade"": ""1"", ""Tuition_Paid"": ""1"", ""Target"": ""Enrolled""}",data/processed/prism_student_profile/Student performance (Polytechnic Institute of Portalegre).csv
STU-PIP-2974,Academic Performance,"{""Admission_Grade"": ""1"", ""Tuition_Paid"": ""1"", ""Target"": ""Graduate""}",data/processed/prism_student_profile/Student performance (Polytechnic Institute of Portalegre).csv
STU-PIP-2975,Academic Performance,"{""Admission_Grade"": ""1"", ""Tuition_Paid"": ""1"", ""Target"": ""Dropout""}",data/processed/prism_student_profile/Student performance (Polytechnic Institute of Portalegre).csv
STU-PIP-2976,Academic Performance,"{""Admission_Grade"": ""3"", ""Tuition_Paid"": ""1"", ""Target"": ""Graduate""}",data/processed/prism_student_profile/Student performance (Polytechnic Institute of Portalegre).csv
STU-PIP-2977,Academic Performance,"{""Admission_Grade"": ""1"", ""Tuition_Paid"": ""1"", ""Target"": ""Graduate""}",data/processed/prism_student_profile/Student performance (Polytechnic Institute of Portalegre).csv
STU-PIP-2978,Academic Performance,"{""Admission_Grade"": ""12"", ""Tuition_Paid"": ""1"", ""Target"": ""Dropout""}",data/processed/prism_student_profile/Student performance (Polytechnic Institute of Portalegre).csv
STU-PIP-2979,Academic Performance,"{""Admission_Grade"": ""1"", ""Tuition_Paid"": ""1"", ""Target"": ""Graduate""}",data/processed/prism_student_profile/Student performance (Polytechnic Institute of Portalegre).csv
STU-PIP-2980,Academic Performance,"{""Admission_Grade"": ""1"", ""Tuition_Paid"": ""0"", ""Target"": ""Dropout""}",data/processed/prism_student_profile/Student performance (Polytechnic Institute of Portalegre).csv
STU-PIP-2981,Academic Performance,"{""Admission_Grade"": ""1"", ""Tuition_Paid"": ""0"", ""Target"": ""Graduate""}",data/processed/prism_student_profile/Student performance (Polytechnic Institute of Portalegre).csv
STU-PIP-2982,Academic Performance,"{""Admission_Grade"": ""1"", ""Tuition_Paid"": ""1"", ""Target"": ""Graduate""}",data/processed/prism_student_profile/Student performance (Polytechnic Institute of Portalegre).csv
STU-PIP-2983,Academic Performance,"{""Admission_Grade"": ""1"", ""Tuition_Paid"": ""1"", ""Target"": ""Graduate""}",data/processed/prism_student_profile/Student performance (Polytechnic Institute of Portalegre).csv
STU-PIP-2984,Academic Performance,"{""Admission_Grade"": ""3"", ""Tuition_Paid"": ""0"", ""Target"": ""Graduate""}",data/processed/prism_student_profile/Student performance (Polytechnic Institute of Portalegre).csv
STU-PIP-2985,Academic Performance,"{""Admission_Grade"": ""6"", ""Tuition_Paid"": ""1"", ""Target"": ""Graduate""}",data/processed/prism_student_profile/Student performance (Polytechnic Institute of Portalegre).csv
STU-PIP-2986,Academic Performance,"{""Admission_Grade"": ""1"", ""Tuition_Paid"": ""1"", ""Target"": ""Graduate""}",data/processed/prism_student_profile/Student performance (Polytechnic Institute of Portalegre).csv
STU-PIP-2987,Academic Performance,"{""Admission_Grade"": ""1"", ""Tuition_Paid"": ""1"", ""Target"": ""Enrolled""}",data/processed/prism_student_profile/Student performance (Polytechnic Institute of Portalegre).csv
STU-PIP-2988,Academic Performance,"{""Admission_Grade"": ""19"", ""Tuition_Paid"": ""1"", ""Target"": ""Graduate""}",data/processed/prism_student_profile/Student performance (Polytechnic Institute of Portalegre).csv
STU-PIP-2989,Academic Performance,"{""Admission_Grade"": ""1"", ""Tuition_Paid"": ""0"", ""Target"": ""Graduate""}",data/processed/prism_student_profile/Student performance (Polytechnic Institute of Portalegre).csv
STU-PIP-2990,Academic Performance,"{""Admission_Grade"": ""1"", ""Tuition_Paid"": ""1"", ""Target"": ""Enrolled""}",data/processed/prism_student_profile/Student performance (Polytechnic Institute of Portalegre).csv
STU-PIP-2991,Academic Performance,"{""Admission_Grade"": ""1"", ""Tuition_Paid"": ""1"", ""Target"": ""Graduate""}",data/processed/prism_student_profile/Student performance (Polytechnic Institute of Portalegre).csv
STU-PIP-2992,Academic Performance,"{""Admission_Grade"": ""1"", ""Tuition_Paid"": ""1"", ""Target"": ""Graduate""}",data/processed/prism_student_profile/Student performance (Polytechnic Institute of Portalegre).csv
STU-PIP-2993,Academic Performance,"{""Admission_Grade"": ""1"", ""Tuition_Paid"": ""1"", ""Target"": ""Dropout""}",data/processed/prism_student_profile/Student performance (Polytechnic Institute of Portalegre).csv
STU-PIP-2994,Academic Performance,"{""Admission_Grade"": ""1"", ""Tuition_Paid"": ""1"", ""Target"": ""Graduate""}",data/processed/prism_student_profile/Student performance (Polytechnic Institute of Portalegre).csv
STU-PIP-2995,Academic Performance,"{""Admission_Grade"": ""1"", ""Tuition_Paid"": ""1"", ""Target"": ""Graduate""}",data/processed/prism_student_profile/Student performance (Polytechnic Institute of Portalegre).csv
STU-PIP-2996,Academic Performance,"{""Admission_Grade"": ""1"", ""Tuition_Paid"": ""1"", ""Target"": ""Graduate""}",data/processed/prism_student_profile/Student performance (Polytechnic Institute of Portalegre).csv
STU-PIP-2997,Academic Performance,"{""Admission_Grade"": ""1"", ""Tuition_Paid"": ""1"", ""Target"": ""Graduate""}",data/processed/prism_student_profile/Student performance (Polytechnic Institute of Portalegre).csv
STU-PIP-2998,Academic Performance,"{""Admission_Grade"": ""1"", ""Tuition_Paid"": ""1"", ""Target"": ""Enrolled""}",data/processed/prism_student_profile/Student performance (Polytechnic Institute of Portalegre).csv
STU-PIP-2999,Academic Performance,"{""Admission_Grade"": ""1"", ""Tuition_Paid"": ""1"", ""Target"": ""Graduate""}",data/processed/prism_student_profile/Student performance (Polytechnic Institute of Portalegre).csv
STU-PIP-3000,Academic Performance,"{""Admission_Grade"": ""1"", ""Tuition_Paid"": ""0"", ""Target"": ""Dropout""}",data/processed/prism_student_profile/Student performance (Polytechnic Institute of Portalegre).csv
STU-PIP-3001,Academic Performance,"{""Admission_Grade"": ""1"", ""Tuition_Paid"": ""1"", ""Target"": ""Enrolled""}",data/processed/prism_student_profile/Student performance (Polytechnic Institute of Portalegre).csv
STU-PIP-3002,Academic Performance,"{""Admission_Grade"": ""1"", ""Tuition_Paid"": ""1"", ""Target"": ""Graduate""}",data/processed/prism_student_profile/Student performance (Polytechnic Institute of Portalegre).csv
STU-PIP-3003,Academic Performance,"{""Admission_Grade"": ""1"", ""Tuition_Paid"": ""1"", ""Target"": ""Dropout""}",data/processed/prism_student_profile/Student performance (Polytechnic Institute of Portalegre).csv
STU-PIP-3004,Academic Performance,"{""Admission_Grade"": ""1"", ""Tuition_Paid"": ""1"", ""Target"": ""Dropout""}",data/processed/prism_student_profile/Student performance (Polytechnic Institute of Portalegre).csv
STU-PIP-3005,Academic Performance,"{""Admission_Grade"": ""1"", ""Tuition_Paid"": ""1"", ""Target"": ""Graduate""}",data/processed/prism_student_profile/Student performance (Polytechnic Institute of Portalegre).csv
STU-PIP-3006,Academic Performance,"{""Admission_Grade"": ""1"", ""Tuition_Paid"": ""1"", ""Target"": ""Graduate""}",data/processed/prism_student_profile/Student performance (Polytechnic Institute of Portalegre).csv
STU-PIP-3007,Academic Performance,"{""Admission_Grade"": ""1"", ""Tuition_Paid"": ""1"", ""Target"": ""Graduate""}",data/processed/prism_student_profile/Student performance (Polytechnic Institute of Portalegre).csv
STU-PIP-3008,Academic Performance,"{""Admission_Grade"": ""1"", ""Tuition_Paid"": ""1"", ""Target"": ""Enrolled""}",data/processed/prism_student_profile/Student performance (Polytechnic Institute of Portalegre).csv
STU-PIP-3009,Academic Performance,"{""Admission_Grade"": ""1"", ""Tuition_Paid"": ""1"", ""Target"": ""Dropout""}",data/processed/prism_student_profile/Student performance (Polytechnic Institute of Portalegre).csv
STU-PIP-3010,Academic Performance,"{""Admission_Grade"": ""1"", ""Tuition_Paid"": ""1"", ""Target"": ""Graduate""}",data/processed/prism_student_profile/Student performance (Polytechnic Institute of Portalegre).csv
STU-PIP-3011,Academic Performance,"{""Admission_Grade"": ""1"", ""Tuition_Paid"": ""1"", ""Target"": ""Graduate""}",data/processed/prism_student_profile/Student performance (Polytechnic Institute of Portalegre).csv
STU-PIP-3012,Academic Performance,"{""Admission_Grade"": ""1"", ""Tuition_Paid"": ""1"", ""Target"": ""Dropout""}",data/processed/prism_student_profile/Student performance (Polytechnic Institute of Portalegre).csv
STU-PIP-3013,Academic Performance,"{""Admission_Grade"": ""1"", ""Tuition_Paid"": ""1"", ""Target"": ""Graduate""}",data/processed/prism_student_profile/Student performance (Polytechnic Institute of Portalegre).csv
STU-PIP-3014,Academic Performance,"{""Admission_Grade"": ""1"", ""Tuition_Paid"": ""1"", ""Target"": ""Graduate""}",data/processed/prism_student_profile/Student performance (Polytechnic Institute of Portalegre).csv
STU-PIP-3015,Academic Performance,"{""Admission_Grade"": ""1"", ""Tuition_Paid"": ""1"", ""Target"": ""Dropout""}",data/processed/prism_student_profile/Student performance (Polytechnic Institute of Portalegre).csv
STU-PIP-3016,Academic Performance,"{""Admission_Grade"": ""1"", ""Tuition_Paid"": ""1"", ""Target"": ""Graduate""}",data/processed/prism_student_profile/Student performance (Polytechnic Institute of Portalegre).csv
STU-PIP-3017,Academic Performance,"{""Admission_Grade"": ""42"", ""Tuition_Paid"": ""1"", ""Target"": ""Graduate""}",data/processed/prism_student_profile/Student performance (Polytechnic Institute of Portalegre).csv
STU-PIP-3018,Academic Performance,"{""Admission_Grade"": ""1"", ""Tuition_Paid"": ""1"", ""Target"": ""Graduate""}",data/processed/prism_student_profile/Student performance (Polytechnic Institute of Portalegre).csv
STU-PIP-3019,Academic Performance,"{""Admission_Grade"": ""1"", ""Tuition_Paid"": ""1"", ""Target"": ""Graduate""}",data/processed/prism_student_profile/Student performance (Polytechnic Institute of Portalegre).csv
STU-PIP-3020,Academic Performance,"{""Admission_Grade"": ""1"", ""Tuition_Paid"": ""1"", ""Target"": ""Graduate""}",data/processed/prism_student_profile/Student performance (Polytechnic Institute of Portalegre).csv
STU-PIP-3021,Academic Performance,"{""Admission_Grade"": ""1"", ""Tuition_Paid"": ""1"", ""Target"": ""Graduate""}",data/processed/prism_student_profile/Student performance (Polytechnic Institute of Portalegre).csv
STU-PIP-3022,Academic Performance,"{""Admission_Grade"": ""1"", ""Tuition_Paid"": ""1"", ""Target"": ""Graduate""}",data/processed/prism_student_profile/Student performance (Polytechnic Institute of Portalegre).csv
STU-PIP-3023,Academic Performance,"{""Admission_Grade"": ""1"", ""Tuition_Paid"": ""1"", ""Target"": ""Dropout""}",data/processed/prism_student_profile/Student performance (Polytechnic Institute of Portalegre).csv
STU-PIP-3024,Academic Performance,"{""Admission_Grade"": ""1"", ""Tuition_Paid"": ""1"", ""Target"": ""Graduate""}",data/processed/prism_student_profile/Student performance (Polytechnic Institute of Portalegre).csv
STU-PIP-3025,Academic Performance,"{""Admission_Grade"": ""1"", ""Tuition_Paid"": ""1"", ""Target"": ""Graduate""}",data/processed/prism_student_profile/Student performance (Polytechnic Institute of Portalegre).csv
STU-PIP-3026,Academic Performance,"{""Admission_Grade"": ""1"", ""Tuition_Paid"": ""1"", ""Target"": ""Graduate""}",data/processed/prism_student_profile/Student performance (Polytechnic Institute of Portalegre).csv
STU-PIP-3027,Academic Performance,"{""Admission_Grade"": ""1"", ""Tuition_Paid"": ""1"", ""Target"": ""Enrolled""}",data/processed/prism_student_profile/Student performance (Polytechnic Institute of Portalegre).csv
STU-PIP-3028,Academic Performance,"{""Admission_Grade"": ""1"", ""Tuition_Paid"": ""1"", ""Target"": ""Dropout""}",data/processed/prism_student_profile/Student performance (Polytechnic Institute of Portalegre).csv
STU-PIP-3029,Academic Performance,"{""Admission_Grade"": ""1"", ""Tuition_Paid"": ""1"", ""Target"": ""Graduate""}",data/processed/prism_student_profile/Student performance (Polytechnic Institute of Portalegre).csv
STU-PIP-3030,Academic Performance,"{""Admission_Grade"": ""1"", ""Tuition_Paid"": ""1"", ""Target"": ""Graduate""}",data/processed/prism_student_profile/Student performance (Polytechnic Institute of Portalegre).csv
STU-PIP-3031,Academic Performance,"{""Admission_Grade"": ""3"", ""Tuition_Paid"": ""1"", ""Target"": ""Dropout""}",data/processed/prism_student_profile/Student performance (Polytechnic Institute of Portalegre).csv
STU-PIP-3032,Academic Performance,"{""Admission_Grade"": ""1"", ""Tuition_Paid"": ""1"", ""Target"": ""Graduate""}",data/processed/prism_student_profile/Student performance (Polytechnic Institute of Portalegre).csv
STU-PIP-3033,Academic Performance,"{""Admission_Grade"": ""1"", ""Tuition_Paid"": ""1"", ""Target"": ""Graduate""}",data/processed/prism_student_profile/Student performance (Polytechnic Institute of Portalegre).csv
STU-PIP-3034,Academic Performance,"{""Admission_Grade"": ""1"", ""Tuition_Paid"": ""1"", ""Target"": ""Graduate""}",data/processed/prism_student_profile/Student performance (Polytechnic Institute of Portalegre).csv
STU-PIP-3035,Academic Performance,"{""Admission_Grade"": ""1"", ""Tuition_Paid"": ""1"", ""Target"": ""Graduate""}",data/processed/prism_student_profile/Student performance (Polytechnic Institute of Portalegre).csv
STU-PIP-3036,Academic Performance,"{""Admission_Grade"": ""1"", ""Tuition_Paid"": ""1"", ""Target"": ""Graduate""}",data/processed/prism_student_profile/Student performance (Polytechnic Institute of Portalegre).csv
STU-PIP-3037,Academic Performance,"{""Admission_Grade"": ""1"", ""Tuition_Paid"": ""0"", ""Target"": ""Dropout""}",data/processed/prism_student_profile/Student performance (Polytechnic Institute of Portalegre).csv
STU-PIP-3038,Academic Performance,"{""Admission_Grade"": ""1"", ""Tuition_Paid"": ""1"", ""Target"": ""Graduate""}",data/processed/prism_student_profile/Student performance (Polytechnic Institute of Portalegre).csv
STU-PIP-3039,Academic Performance,"{""Admission_Grade"": ""1"", ""Tuition_Paid"": ""1"", ""Target"": ""Graduate""}",data/processed/prism_student_profile/Student performance (Polytechnic Institute of Portalegre).csv
STU-PIP-3040,Academic Performance,"{""Admission_Grade"": ""1"", ""Tuition_Paid"": ""0"", ""Target"": ""Dropout""}",data/processed/prism_student_profile/Student performance (Polytechnic Institute of Portalegre).csv
STU-PIP-3041,Academic Performance,"{""Admission_Grade"": ""1"", ""Tuition_Paid"": ""1"", ""Target"": ""Dropout""}",data/processed/prism_student_profile/Student performance (Polytechnic Institute of Portalegre).csv
STU-PIP-3042,Academic Performance,"{""Admission_Grade"": ""1"", ""Tuition_Paid"": ""1"", ""Target"": ""Enrolled""}",data/processed/prism_student_profile/Student performance (Polytechnic Institute of Portalegre).csv
STU-PIP-3043,Academic Performance,"{""Admission_Grade"": ""1"", ""Tuition_Paid"": ""0"", ""Target"": ""Graduate""}",data/processed/prism_student_profile/Student performance (Polytechnic Institute of Portalegre).csv
STU-PIP-3044,Academic Performance,"{""Admission_Grade"": ""1"", ""Tuition_Paid"": ""1"", ""Target"": ""Graduate""}",data/processed/prism_student_profile/Student performance (Polytechnic Institute of Portalegre).csv
STU-PIP-3045,Academic Performance,"{""Admission_Grade"": ""1"", ""Tuition_Paid"": ""1"", ""Target"": ""Graduate""}",data/processed/prism_student_profile/Student performance (Polytechnic Institute of Portalegre).csv
STU-PIP-3046,Academic Performance,"{""Admission_Grade"": ""1"", ""Tuition_Paid"": ""1"", ""Target"": ""Graduate""}",data/processed/prism_student_profile/Student performance (Polytechnic Institute of Portalegre).csv
STU-PIP-3047,Academic Performance,"{""Admission_Grade"": ""1"", ""Tuition_Paid"": ""1"", ""Target"": ""Enrolled""}",data/processed/prism_student_profile/Student performance (Polytechnic Institute of Portalegre).csv
STU-PIP-3048,Academic Performance,"{""Admission_Grade"": ""1"", ""Tuition_Paid"": ""1"", ""Target"": ""Dropout""}",data/processed/prism_student_profile/Student performance (Polytechnic Institute of Portalegre).csv
STU-PIP-3049,Academic Performance,"{""Admission_Grade"": ""1"", ""Tuition_Paid"": ""1"", ""Target"": ""Graduate""}",data/processed/prism_student_profile/Student performance (Polytechnic Institute of Portalegre).csv
STU-PIP-3050,Academic Performance,"{""Admission_Grade"": ""1"", ""Tuition_Paid"": ""1"", ""Target"": ""Graduate""}",data/processed/prism_student_profile/Student performance (Polytechnic Institute of Portalegre).csv
STU-PIP-3051,Academic Performance,"{""Admission_Grade"": ""1"", ""Tuition_Paid"": ""1"", ""Target"": ""Dropout""}",data/processed/prism_student_profile/Student performance (Polytechnic Institute of Portalegre).csv
STU-PIP-3052,Academic Performance,"{""Admission_Grade"": ""1"", ""Tuition_Paid"": ""1"", ""Target"": ""Enrolled""}",data/processed/prism_student_profile/Student performance (Polytechnic Institute of Portalegre).csv
STU-PIP-3053,Academic Performance,"{""Admission_Grade"": ""1"", ""Tuition_Paid"": ""1"", ""Target"": ""Graduate""}",data/processed/prism_student_profile/Student performance (Polytechnic Institute of Portalegre).csv
STU-PIP-3054,Academic Performance,"{""Admission_Grade"": ""1"", ""Tuition_Paid"": ""1"", ""Target"": ""Dropout""}",data/processed/prism_student_profile/Student performance (Polytechnic Institute of Portalegre).csv
STU-PIP-3055,Academic Performance,"{""Admission_Grade"": ""1"", ""Tuition_Paid"": ""1"", ""Target"": ""Graduate""}",data/processed/prism_student_profile/Student performance (Polytechnic Institute of Portalegre).csv
STU-PIP-3056,Academic Performance,"{""Admission_Grade"": ""3"", ""Tuition_Paid"": ""0"", ""Target"": ""Dropout""}",data/processed/prism_student_profile/Student performance (Polytechnic Institute of Portalegre).csv
STU-PIP-3057,Academic Performance,"{""Admission_Grade"": ""1"", ""Tuition_Paid"": ""1"", ""Target"": ""Graduate""}",data/processed/prism_student_profile/Student performance (Polytechnic Institute of Portalegre).csv
STU-PIP-3058,Academic Performance,"{""Admission_Grade"": ""1"", ""Tuition_Paid"": ""1"", ""Target"": ""Dropout""}",data/processed/prism_student_profile/Student performance (Polytechnic Institute of Portalegre).csv
STU-PIP-3059,Academic Performance,"{""Admission_Grade"": ""1"", ""Tuition_Paid"": ""1"", ""Target"": ""Graduate""}",data/processed/prism_student_profile/Student performance (Polytechnic Institute of Portalegre).csv
STU-PIP-3060,Academic Performance,"{""Admission_Grade"": ""1"", ""Tuition_Paid"": ""1"", ""Target"": ""Graduate""}",data/processed/prism_student_profile/Student performance (Polytechnic Institute of Portalegre).csv
STU-PIP-3061,Academic Performance,"{""Admission_Grade"": ""1"", ""Tuition_Paid"": ""1"", ""Target"": ""Enrolled""}",data/processed/prism_student_profile/Student performance (Polytechnic Institute of Portalegre).csv
STU-PIP-3062,Academic Performance,"{""Admission_Grade"": ""1"", ""Tuition_Paid"": ""1"", ""Target"": ""Dropout""}",data/processed/prism_student_profile/Student performance (Polytechnic Institute of Portalegre).csv
STU-PIP-3063,Academic Performance,"{""Admission_Grade"": ""1"", ""Tuition_Paid"": ""1"", ""Target"": ""Dropout""}",data/processed/prism_student_profile/Student performance (Polytechnic Institute of Portalegre).csv
STU-PIP-3064,Academic Performance,"{""Admission_Grade"": ""19"", ""Tuition_Paid"": ""0"", ""Target"": ""Graduate""}",data/processed/prism_student_profile/Student performance (Polytechnic Institute of Portalegre).csv
STU-PIP-3065,Academic Performance,"{""Admission_Grade"": ""1"", ""Tuition_Paid"": ""1"", ""Target"": ""Graduate""}",data/processed/prism_student_profile/Student performance (Polytechnic Institute of Portalegre).csv
STU-PIP-3066,Academic Performance,"{""Admission_Grade"": ""1"", ""Tuition_Paid"": ""1"", ""Target"": ""Dropout""}",data/processed/prism_student_profile/Student performance (Polytechnic Institute of Portalegre).csv
STU-PIP-3067,Academic Performance,"{""Admission_Grade"": ""39"", ""Tuition_Paid"": ""1"", ""Target"": ""Graduate""}",data/processed/prism_student_profile/Student performance (Polytechnic Institute of Portalegre).csv
STU-PIP-3068,Academic Performance,"{""Admission_Grade"": ""1"", ""Tuition_Paid"": ""1"", ""Target"": ""Enrolled""}",data/processed/prism_student_profile/Student performance (Polytechnic Institute of Portalegre).csv
STU-PIP-3069,Academic Performance,"{""Admission_Grade"": ""1"", ""Tuition_Paid"": ""1"", ""Target"": ""Graduate""}",data/processed/prism_student_profile/Student performance (Polytechnic Institute of Portalegre).csv
STU-PIP-3070,Academic Performance,"{""Admission_Grade"": ""12"", ""Tuition_Paid"": ""1"", ""Target"": ""Dropout""}",data/processed/prism_student_profile/Student performance (Polytechnic Institute of Portalegre).csv
STU-PIP-3071,Academic Performance,"{""Admission_Grade"": ""1"", ""Tuition_Paid"": ""1"", ""Target"": ""Enrolled""}",data/processed/prism_student_profile/Student performance (Polytechnic Institute of Portalegre).csv
STU-PIP-3072,Academic Performance,"{""Admission_Grade"": ""38"", ""Tuition_Paid"": ""0"", ""Target"": ""Dropout""}",data/processed/prism_student_profile/Student performance (Polytechnic Institute of Portalegre).csv
STU-PIP-3073,Academic Performance,"{""Admission_Grade"": ""39"", ""Tuition_Paid"": ""0"", ""Target"": ""Dropout""}",data/processed/prism_student_profile/Student performance (Polytechnic Institute of Portalegre).csv
STU-PIP-3074,Academic Performance,"{""Admission_Grade"": ""1"", ""Tuition_Paid"": ""1"", ""Target"": ""Enrolled""}",data/processed/prism_student_profile/Student performance (Polytechnic Institute of Portalegre).csv
STU-PIP-3075,Academic Performance,"{""Admission_Grade"": ""2"", ""Tuition_Paid"": ""0"", ""Target"": ""Dropout""}",data/processed/prism_student_profile/Student performance (Polytechnic Institute of Portalegre).csv
STU-PIP-3076,Academic Performance,"{""Admission_Grade"": ""1"", ""Tuition_Paid"": ""1"", ""Target"": ""Enrolled""}",data/processed/prism_student_profile/Student performance (Polytechnic Institute of Portalegre).csv
STU-PIP-3077,Academic Performance,"{""Admission_Grade"": ""1"", ""Tuition_Paid"": ""1"", ""Target"": ""Dropout""}",data/processed/prism_student_profile/Student performance (Polytechnic Institute of Portalegre).csv
STU-PIP-3078,Academic Performance,"{""Admission_Grade"": ""1"", ""Tuition_Paid"": ""0"", ""Target"": ""Enrolled""}",data/processed/prism_student_profile/Student performance (Polytechnic Institute of Portalegre).csv
STU-PIP-3079,Academic Performance,"{""Admission_Grade"": ""1"", ""Tuition_Paid"": ""1"", ""Target"": ""Graduate""}",data/processed/prism_student_profile/Student performance (Polytechnic Institute of Portalegre).csv
STU-PIP-3080,Academic Performance,"{""Admission_Grade"": ""39"", ""Tuition_Paid"": ""1"", ""Target"": ""Dropout""}",data/processed/prism_student_profile/Student performance (Polytechnic Institute of Portalegre).csv
STU-PIP-3081,Academic Performance,"{""Admission_Grade"": ""1"", ""Tuition_Paid"": ""1"", ""Target"": ""Graduate""}",data/processed/prism_student_profile/Student performance (Polytechnic Institute of Portalegre).csv
STU-PIP-3082,Academic Performance,"{""Admission_Grade"": ""1"", ""Tuition_Paid"": ""1"", ""Target"": ""Graduate""}",data/processed/prism_student_profile/Student performance (Polytechnic Institute of Portalegre).csv
STU-PIP-3083,Academic Performance,"{""Admission_Grade"": ""1"", ""Tuition_Paid"": ""1"", ""Target"": ""Graduate""}",data/processed/prism_student_profile/Student performance (Polytechnic Institute of Portalegre).csv
STU-PIP-3084,Academic Performance,"{""Admission_Grade"": ""1"", ""Tuition_Paid"": ""0"", ""Target"": ""Dropout""}",data/processed/prism_student_profile/Student performance (Polytechnic Institute of Portalegre).csv
STU-PIP-3085,Academic Performance,"{""Admission_Grade"": ""1"", ""Tuition_Paid"": ""1"", ""Target"": ""Graduate""}",data/processed/prism_student_profile/Student performance (Polytechnic Institute of Portalegre).csv
STU-PIP-3086,Academic Performance,"{""Admission_Grade"": ""3"", ""Tuition_Paid"": ""1"", ""Target"": ""Enrolled""}",data/processed/prism_student_profile/Student performance (Polytechnic Institute of Portalegre).csv
STU-PIP-3087,Academic Performance,"{""Admission_Grade"": ""1"", ""Tuition_Paid"": ""1"", ""Target"": ""Graduate""}",data/processed/prism_student_profile/Student performance (Polytechnic Institute of Portalegre).csv
STU-PIP-3088,Academic Performance,"{""Admission_Grade"": ""1"", ""Tuition_Paid"": ""1"", ""Target"": ""Graduate""}",data/processed/prism_student_profile/Student performance (Polytechnic Institute of Portalegre).csv
STU-PIP-3089,Academic Performance,"{""Admission_Grade"": ""3"", ""Tuition_Paid"": ""1"", ""Target"": ""Graduate""}",data/processed/prism_student_profile/Student performance (Polytechnic Institute of Portalegre).csv
STU-PIP-3090,Academic Performance,"{""Admission_Grade"": ""1"", ""Tuition_Paid"": ""1"", ""Target"": ""Dropout""}",data/processed/prism_student_profile/Student performance (Polytechnic Institute of Portalegre).csv
STU-PIP-3091,Academic Performance,"{""Admission_Grade"": ""1"", ""Tuition_Paid"": ""1"", ""Target"": ""Graduate""}",data/processed/prism_student_profile/Student performance (Polytechnic Institute of Portalegre).csv
STU-PIP-3092,Academic Performance,"{""Admission_Grade"": ""1"", ""Tuition_Paid"": ""1"", ""Target"": ""Enrolled""}",data/processed/prism_student_profile/Student performance (Polytechnic Institute of Portalegre).csv
STU-PIP-3093,Academic Performance,"{""Admission_Grade"": ""1"", ""Tuition_Paid"": ""1"", ""Target"": ""Graduate""}",data/processed/prism_student_profile/Student performance (Polytechnic Institute of Portalegre).csv
STU-PIP-3094,Academic Performance,"{""Admission_Grade"": ""1"", ""Tuition_Paid"": ""1"", ""Target"": ""Graduate""}",data/processed/prism_student_profile/Student performance (Polytechnic Institute of Portalegre).csv
STU-PIP-3095,Academic Performance,"{""Admission_Grade"": ""1"", ""Tuition_Paid"": ""1"", ""Target"": ""Dropout""}",data/processed/prism_student_profile/Student performance (Polytechnic Institute of Portalegre).csv
STU-PIP-3096,Academic Performance,"{""Admission_Grade"": ""1"", ""Tuition_Paid"": ""1"", ""Target"": ""Graduate""}",data/processed/prism_student_profile/Student performance (Polytechnic Institute of Portalegre).csv
STU-PIP-3097,Academic Performance,"{""Admission_Grade"": ""1"", ""Tuition_Paid"": ""1"", ""Target"": ""Graduate""}",data/processed/prism_student_profile/Student performance (Polytechnic Institute of Portalegre).csv
STU-PIP-3098,Academic Performance,"{""Admission_Grade"": ""1"", ""Tuition_Paid"": ""1"", ""Target"": ""Dropout""}",data/processed/prism_student_profile/Student performance (Polytechnic Institute of Portalegre).csv
STU-PIP-3099,Academic Performance,"{""Admission_Grade"": ""1"", ""Tuition_Paid"": ""1"", ""Target"": ""Enrolled""}",data/processed/prism_student_profile/Student performance (Polytechnic Institute of Portalegre).csv
STU-PIP-3100,Academic Performance,"{""Admission_Grade"": ""1"", ""Tuition_Paid"": ""1"", ""Target"": ""Dropout""}",data/processed/prism_student_profile/Student performance (Polytechnic Institute of Portalegre).csv
STU-PIP-3101,Academic Performance,"{""Admission_Grade"": ""1"", ""Tuition_Paid"": ""1"", ""Target"": ""Graduate""}",data/processed/prism_student_profile/Student performance (Polytechnic Institute of Portalegre).csv
STU-PIP-3102,Academic Performance,"{""Admission_Grade"": ""1"", ""Tuition_Paid"": ""1"", ""Target"": ""Graduate""}",data/processed/prism_student_profile/Student performance (Polytechnic Institute of Portalegre).csv
STU-PIP-3103,Academic Performance,"{""Admission_Grade"": ""1"", ""Tuition_Paid"": ""0"", ""Target"": ""Dropout""}",data/processed/prism_student_profile/Student performance (Polytechnic Institute of Portalegre).csv
STU-PIP-3104,Academic Performance,"{""Admission_Grade"": ""1"", ""Tuition_Paid"": ""0"", ""Target"": ""Dropout""}",data/processed/prism_student_profile/Student performance (Polytechnic Institute of Portalegre).csv
STU-PIP-3105,Academic Performance,"{""Admission_Grade"": ""1"", ""Tuition_Paid"": ""1"", ""Target"": ""Graduate""}",data/processed/prism_student_profile/Student performance (Polytechnic Institute of Portalegre).csv
STU-PIP-3106,Academic Performance,"{""Admission_Grade"": ""1"", ""Tuition_Paid"": ""1"", ""Target"": ""Dropout""}",data/processed/prism_student_profile/Student performance (Polytechnic Institute of Portalegre).csv
STU-PIP-3107,Academic Performance,"{""Admission_Grade"": ""1"", ""Tuition_Paid"": ""1"", ""Target"": ""Graduate""}",data/processed/prism_student_profile/Student performance (Polytechnic Institute of Portalegre).csv
STU-PIP-3108,Academic Performance,"{""Admission_Grade"": ""1"", ""Tuition_Paid"": ""1"", ""Target"": ""Graduate""}",data/processed/prism_student_profile/Student performance (Polytechnic Institute of Portalegre).csv
STU-PIP-3109,Academic Performance,"{""Admission_Grade"": ""1"", ""Tuition_Paid"": ""1"", ""Target"": ""Enrolled""}",data/processed/prism_student_profile/Student performance (Polytechnic Institute of Portalegre).csv
STU-PIP-3110,Academic Performance,"{""Admission_Grade"": ""1"", ""Tuition_Paid"": ""1"", ""Target"": ""Graduate""}",data/processed/prism_student_profile/Student performance (Polytechnic Institute of Portalegre).csv
STU-PIP-3111,Academic Performance,"{""Admission_Grade"": ""1"", ""Tuition_Paid"": ""1"", ""Target"": ""Dropout""}",data/processed/prism_student_profile/Student performance (Polytechnic Institute of Portalegre).csv
STU-PIP-3112,Academic Performance,"{""Admission_Grade"": ""1"", ""Tuition_Paid"": ""1"", ""Target"": ""Graduate""}",data/processed/prism_student_profile/Student performance (Polytechnic Institute of Portalegre).csv
STU-PIP-3113,Academic Performance,"{""Admission_Grade"": ""1"", ""Tuition_Paid"": ""1"", ""Target"": ""Dropout""}",data/processed/prism_student_profile/Student performance (Polytechnic Institute of Portalegre).csv
STU-PIP-3114,Academic Performance,"{""Admission_Grade"": ""1"", ""Tuition_Paid"": ""1"", ""Target"": ""Enrolled""}",data/processed/prism_student_profile/Student performance (Polytechnic Institute of Portalegre).csv
STU-PIP-3115,Academic Performance,"{""Admission_Grade"": ""1"", ""Tuition_Paid"": ""1"", ""Target"": ""Graduate""}",data/processed/prism_student_profile/Student performance (Polytechnic Institute of Portalegre).csv
STU-PIP-3116,Academic Performance,"{""Admission_Grade"": ""1"", ""Tuition_Paid"": ""1"", ""Target"": ""Graduate""}",data/processed/prism_student_profile/Student performance (Polytechnic Institute of Portalegre).csv
STU-PIP-3117,Academic Performance,"{""Admission_Grade"": ""1"", ""Tuition_Paid"": ""0"", ""Target"": ""Dropout""}",data/processed/prism_student_profile/Student performance (Polytechnic Institute of Portalegre).csv
STU-PIP-3118,Academic Performance,"{""Admission_Grade"": ""1"", ""Tuition_Paid"": ""1"", ""Target"": ""Graduate""}",data/processed/prism_student_profile/Student performance (Polytechnic Institute of Portalegre).csv
STU-PIP-3119,Academic Performance,"{""Admission_Grade"": ""1"", ""Tuition_Paid"": ""1"", ""Target"": ""Graduate""}",data/processed/prism_student_profile/Student performance (Polytechnic Institute of Portalegre).csv
STU-PIP-3120,Academic Performance,"{""Admission_Grade"": ""1"", ""Tuition_Paid"": ""1"", ""Target"": ""Enrolled""}",data/processed/prism_student_profile/Student performance (Polytechnic Institute of Portalegre).csv
STU-PIP-3121,Academic Performance,"{""Admission_Grade"": ""2"", ""Tuition_Paid"": ""1"", ""Target"": ""Dropout""}",data/processed/prism_student_profile/Student performance (Polytechnic Institute of Portalegre).csv
STU-PIP-3122,Academic Performance,"{""Admission_Grade"": ""1"", ""Tuition_Paid"": ""1"", ""Target"": ""Graduate""}",data/processed/prism_student_profile/Student performance (Polytechnic Institute of Portalegre).csv
STU-PIP-3123,Academic Performance,"{""Admission_Grade"": ""1"", ""Tuition_Paid"": ""1"", ""Target"": ""Enrolled""}",data/processed/prism_student_profile/Student performance (Polytechnic Institute of Portalegre).csv
STU-PIP-3124,Academic Performance,"{""Admission_Grade"": ""1"", ""Tuition_Paid"": ""1"", ""Target"": ""Graduate""}",data/processed/prism_student_profile/Student performance (Polytechnic Institute of Portalegre).csv
STU-PIP-3125,Academic Performance,"{""Admission_Grade"": ""1"", ""Tuition_Paid"": ""1"", ""Target"": ""Graduate""}",data/processed/prism_student_profile/Student performance (Polytechnic Institute of Portalegre).csv
STU-PIP-3126,Academic Performance,"{""Admission_Grade"": ""1"", ""Tuition_Paid"": ""1"", ""Target"": ""Graduate""}",data/processed/prism_student_profile/Student performance (Polytechnic Institute of Portalegre).csv
STU-PIP-3127,Academic Performance,"{""Admission_Grade"": ""1"", ""Tuition_Paid"": ""1"", ""Target"": ""Enrolled""}",data/processed/prism_student_profile/Student performance (Polytechnic Institute of Portalegre).csv
STU-PIP-3128,Academic Performance,"{""Admission_Grade"": ""1"", ""Tuition_Paid"": ""1"", ""Target"": ""Graduate""}",data/processed/prism_student_profile/Student performance (Polytechnic Institute of Portalegre).csv
STU-PIP-3129,Academic Performance,"{""Admission_Grade"": ""1"", ""Tuition_Paid"": ""1"", ""Target"": ""Graduate""}",data/processed/prism_student_profile/Student performance (Polytechnic Institute of Portalegre).csv
STU-PIP-3130,Academic Performance,"{""Admission_Grade"": ""1"", ""Tuition_Paid"": ""1"", ""Target"": ""Graduate""}",data/processed/prism_student_profile/Student performance (Polytechnic Institute of Portalegre).csv
STU-PIP-3131,Academic Performance,"{""Admission_Grade"": ""1"", ""Tuition_Paid"": ""1"", ""Target"": ""Graduate""}",data/processed/prism_student_profile/Student performance (Polytechnic Institute of Portalegre).csv
STU-PIP-3132,Academic Performance,"{""Admission_Grade"": ""1"", ""Tuition_Paid"": ""1"", ""Target"": ""Graduate""}",data/processed/prism_student_profile/Student performance (Polytechnic Institute of Portalegre).csv
STU-PIP-3133,Academic Performance,"{""Admission_Grade"": ""1"", ""Tuition_Paid"": ""1"", ""Target"": ""Graduate""}",data/processed/prism_student_profile/Student performance (Polytechnic Institute of Portalegre).csv
STU-PIP-3134,Academic Performance,"{""Admission_Grade"": ""1"", ""Tuition_Paid"": ""1"", ""Target"": ""Enrolled""}",data/processed/prism_student_profile/Student performance (Polytechnic Institute of Portalegre).csv
STU-PIP-3135,Academic Performance,"{""Admission_Grade"": ""1"", ""Tuition_Paid"": ""1"", ""Target"": ""Enrolled""}",data/processed/prism_student_profile/Student performance (Polytechnic Institute of Portalegre).csv
STU-PIP-3136,Academic Performance,"{""Admission_Grade"": ""1"", ""Tuition_Paid"": ""1"", ""Target"": ""Graduate""}",data/processed/prism_student_profile/Student performance (Polytechnic Institute of Portalegre).csv
STU-PIP-3137,Academic Performance,"{""Admission_Grade"": ""1"", ""Tuition_Paid"": ""1"", ""Target"": ""Graduate""}",data/processed/prism_student_profile/Student performance (Polytechnic Institute of Portalegre).csv
STU-PIP-3138,Academic Performance,"{""Admission_Grade"": ""3"", ""Tuition_Paid"": ""1"", ""Target"": ""Graduate""}",data/processed/prism_student_profile/Student performance (Polytechnic Institute of Portalegre).csv
STU-PIP-3139,Academic Performance,"{""Admission_Grade"": ""1"", ""Tuition_Paid"": ""1"", ""Target"": ""Graduate""}",data/processed/prism_student_profile/Student performance (Polytechnic Institute of Portalegre).csv
STU-PIP-3140,Academic Performance,"{""Admission_Grade"": ""1"", ""Tuition_Paid"": ""1"", ""Target"": ""Enrolled""}",data/processed/prism_student_profile/Student performance (Polytechnic Institute of Portalegre).csv
STU-PIP-3141,Academic Performance,"{""Admission_Grade"": ""1"", ""Tuition_Paid"": ""1"", ""Target"": ""Graduate""}",data/processed/prism_student_profile/Student performance (Polytechnic Institute of Portalegre).csv
STU-PIP-3142,Academic Performance,"{""Admission_Grade"": ""1"", ""Tuition_Paid"": ""1"", ""Target"": ""Graduate""}",data/processed/prism_student_profile/Student performance (Polytechnic Institute of Portalegre).csv
STU-PIP-3143,Academic Performance,"{""Admission_Grade"": ""1"", ""Tuition_Paid"": ""1"", ""Target"": ""Dropout""}",data/processed/prism_student_profile/Student performance (Polytechnic Institute of Portalegre).csv
STU-PIP-3144,Academic Performance,"{""Admission_Grade"": ""1"", ""Tuition_Paid"": ""1"", ""Target"": ""Graduate""}",data/processed/prism_student_profile/Student performance (Polytechnic Institute of Portalegre).csv
STU-PIP-3145,Academic Performance,"{""Admission_Grade"": ""1"", ""Tuition_Paid"": ""1"", ""Target"": ""Graduate""}",data/processed/prism_student_profile/Student performance (Polytechnic Institute of Portalegre).csv
STU-PIP-3146,Academic Performance,"{""Admission_Grade"": ""1"", ""Tuition_Paid"": ""1"", ""Target"": ""Graduate""}",data/processed/prism_student_profile/Student performance (Polytechnic Institute of Portalegre).csv
STU-PIP-3147,Academic Performance,"{""Admission_Grade"": ""1"", ""Tuition_Paid"": ""1"", ""Target"": ""Graduate""}",data/processed/prism_student_profile/Student performance (Polytechnic Institute of Portalegre).csv
STU-PIP-3148,Academic Performance,"{""Admission_Grade"": ""1"", ""Tuition_Paid"": ""1"", ""Target"": ""Enrolled""}",data/processed/prism_student_profile/Student performance (Polytechnic Institute of Portalegre).csv
STU-PIP-3149,Academic Performance,"{""Admission_Grade"": ""1"", ""Tuition_Paid"": ""1"", ""Target"": ""Enrolled""}",data/processed/prism_student_profile/Student performance (Polytechnic Institute of Portalegre).csv
STU-PIP-3150,Academic Performance,"{""Admission_Grade"": ""1"", ""Tuition_Paid"": ""1"", ""Target"": ""Graduate""}",data/processed/prism_student_profile/Student performance (Polytechnic Institute of Portalegre).csv
STU-PIP-3151,Academic Performance,"{""Admission_Grade"": ""1"", ""Tuition_Paid"": ""1"", ""Target"": ""Enrolled""}",data/processed/prism_student_profile/Student performance (Polytechnic Institute of Portalegre).csv
STU-PIP-3152,Academic Performance,"{""Admission_Grade"": ""1"", ""Tuition_Paid"": ""0"", ""Target"": ""Dropout""}",data/processed/prism_student_profile/Student performance (Polytechnic Institute of Portalegre).csv
STU-PIP-3153,Academic Performance,"{""Admission_Grade"": ""1"", ""Tuition_Paid"": ""1"", ""Target"": ""Graduate""}",data/processed/prism_student_profile/Student performance (Polytechnic Institute of Portalegre).csv
STU-PIP-3154,Academic Performance,"{""Admission_Grade"": ""1"", ""Tuition_Paid"": ""1"", ""Target"": ""Graduate""}",data/processed/prism_student_profile/Student performance (Polytechnic Institute of Portalegre).csv
STU-PIP-3155,Academic Performance,"{""Admission_Grade"": ""1"", ""Tuition_Paid"": ""1"", ""Target"": ""Enrolled""}",data/processed/prism_student_profile/Student performance (Polytechnic Institute of Portalegre).csv
STU-PIP-3156,Academic Performance,"{""Admission_Grade"": ""1"", ""Tuition_Paid"": ""1"", ""Target"": ""Enrolled""}",data/processed/prism_student_profile/Student performance (Polytechnic Institute of Portalegre).csv
STU-PIP-3157,Academic Performance,"{""Admission_Grade"": ""1"", ""Tuition_Paid"": ""1"", ""Target"": ""Graduate""}",data/processed/prism_student_profile/Student performance (Polytechnic Institute of Portalegre).csv
STU-PIP-3158,Academic Performance,"{""Admission_Grade"": ""1"", ""Tuition_Paid"": ""1"", ""Target"": ""Dropout""}",data/processed/prism_student_profile/Student performance (Polytechnic Institute of Portalegre).csv
STU-PIP-3159,Academic Performance,"{""Admission_Grade"": ""1"", ""Tuition_Paid"": ""1"", ""Target"": ""Enrolled""}",data/processed/prism_student_profile/Student performance (Polytechnic Institute of Portalegre).csv
STU-PIP-3160,Academic Performance,"{""Admission_Grade"": ""1"", ""Tuition_Paid"": ""1"", ""Target"": ""Enrolled""}",data/processed/prism_student_profile/Student performance (Polytechnic Institute of Portalegre).csv
STU-PIP-3161,Academic Performance,"{""Admission_Grade"": ""1"", ""Tuition_Paid"": ""1"", ""Target"": ""Graduate""}",data/processed/prism_student_profile/Student performance (Polytechnic Institute of Portalegre).csv
STU-PIP-3162,Academic Performance,"{""Admission_Grade"": ""1"", ""Tuition_Paid"": ""1"", ""Target"": ""Graduate""}",data/processed/prism_student_profile/Student performance (Polytechnic Institute of Portalegre).csv
STU-PIP-3163,Academic Performance,"{""Admission_Grade"": ""1"", ""Tuition_Paid"": ""1"", ""Target"": ""Graduate""}",data/processed/prism_student_profile/Student performance (Polytechnic Institute of Portalegre).csv
STU-PIP-3164,Academic Performance,"{""Admission_Grade"": ""1"", ""Tuition_Paid"": ""1"", ""Target"": ""Graduate""}",data/processed/prism_student_profile/Student performance (Polytechnic Institute of Portalegre).csv
STU-PIP-3165,Academic Performance,"{""Admission_Grade"": ""1"", ""Tuition_Paid"": ""1"", ""Target"": ""Graduate""}",data/processed/prism_student_profile/Student performance (Polytechnic Institute of Portalegre).csv
STU-PIP-3166,Academic Performance,"{""Admission_Grade"": ""1"", ""Tuition_Paid"": ""1"", ""Target"": ""Graduate""}",data/processed/prism_student_profile/Student performance (Polytechnic Institute of Portalegre).csv
STU-PIP-3167,Academic Performance,"{""Admission_Grade"": ""1"", ""Tuition_Paid"": ""1"", ""Target"": ""Dropout""}",data/processed/prism_student_profile/Student performance (Polytechnic Institute of Portalegre).csv
STU-PIP-3168,Academic Performance,"{""Admission_Grade"": ""1"", ""Tuition_Paid"": ""1"", ""Target"": ""Dropout""}",data/processed/prism_student_profile/Student performance (Polytechnic Institute of Portalegre).csv
STU-PIP-3169,Academic Performance,"{""Admission_Grade"": ""1"", ""Tuition_Paid"": ""0"", ""Target"": ""Dropout""}",data/processed/prism_student_profile/Student performance (Polytechnic Institute of Portalegre).csv
STU-PIP-3170,Academic Performance,"{""Admission_Grade"": ""1"", ""Tuition_Paid"": ""1"", ""Target"": ""Graduate""}",data/processed/prism_student_profile/Student performance (Polytechnic Institute of Portalegre).csv
STU-PIP-3171,Academic Performance,"{""Admission_Grade"": ""1"", ""Tuition_Paid"": ""1"", ""Target"": ""Graduate""}",data/processed/prism_student_profile/Student performance (Polytechnic Institute of Portalegre).csv
STU-PIP-3172,Academic Performance,"{""Admission_Grade"": ""1"", ""Tuition_Paid"": ""0"", ""Target"": ""Dropout""}",data/processed/prism_student_profile/Student performance (Polytechnic Institute of Portalegre).csv
STU-PIP-3173,Academic Performance,"{""Admission_Grade"": ""1"", ""Tuition_Paid"": ""1"", ""Target"": ""Dropout""}",data/processed/prism_student_profile/Student performance (Polytechnic Institute of Portalegre).csv
STU-PIP-3174,Academic Performance,"{""Admission_Grade"": ""1"", ""Tuition_Paid"": ""1"", ""Target"": ""Graduate""}",data/processed/prism_student_profile/Student performance (Polytechnic Institute of Portalegre).csv
STU-PIP-3175,Academic Performance,"{""Admission_Grade"": ""1"", ""Tuition_Paid"": ""1"", ""Target"": ""Enrolled""}",data/processed/prism_student_profile/Student performance (Polytechnic Institute of Portalegre).csv
STU-PIP-3176,Academic Performance,"{""Admission_Grade"": ""1"", ""Tuition_Paid"": ""1"", ""Target"": ""Dropout""}",data/processed/prism_student_profile/Student performance (Polytechnic Institute of Portalegre).csv
STU-PIP-3177,Academic Performance,"{""Admission_Grade"": ""1"", ""Tuition_Paid"": ""1"", ""Target"": ""Graduate""}",data/processed/prism_student_profile/Student performance (Polytechnic Institute of Portalegre).csv
STU-PIP-3178,Academic Performance,"{""Admission_Grade"": ""1"", ""Tuition_Paid"": ""1"", ""Target"": ""Dropout""}",data/processed/prism_student_profile/Student performance (Polytechnic Institute of Portalegre).csv
STU-PIP-3179,Academic Performance,"{""Admission_Grade"": ""1"", ""Tuition_Paid"": ""1"", ""Target"": ""Graduate""}",data/processed/prism_student_profile/Student performance (Polytechnic Institute of Portalegre).csv
STU-PIP-3180,Academic Performance,"{""Admission_Grade"": ""1"", ""Tuition_Paid"": ""1"", ""Target"": ""Enrolled""}",data/processed/prism_student_profile/Student performance (Polytechnic Institute of Portalegre).csv
STU-PIP-3181,Academic Performance,"{""Admission_Grade"": ""1"", ""Tuition_Paid"": ""1"", ""Target"": ""Graduate""}",data/processed/prism_student_profile/Student performance (Polytechnic Institute of Portalegre).csv
STU-PIP-3182,Academic Performance,"{""Admission_Grade"": ""19"", ""Tuition_Paid"": ""1"", ""Target"": ""Dropout""}",data/processed/prism_student_profile/Student performance (Polytechnic Institute of Portalegre).csv
STU-PIP-3183,Academic Performance,"{""Admission_Grade"": ""1"", ""Tuition_Paid"": ""1"", ""Target"": ""Graduate""}",data/processed/prism_student_profile/Student performance (Polytechnic Institute of Portalegre).csv
STU-PIP-3184,Academic Performance,"{""Admission_Grade"": ""1"", ""Tuition_Paid"": ""1"", ""Target"": ""Enrolled""}",data/processed/prism_student_profile/Student performance (Polytechnic Institute of Portalegre).csv
STU-PIP-3185,Academic Performance,"{""Admission_Grade"": ""1"", ""Tuition_Paid"": ""1"", ""Target"": ""Graduate""}",data/processed/prism_student_profile/Student performance (Polytechnic Institute of Portalegre).csv
STU-PIP-3186,Academic Performance,"{""Admission_Grade"": ""1"", ""Tuition_Paid"": ""1"", ""Target"": ""Dropout""}",data/processed/prism_student_profile/Student performance (Polytechnic Institute of Portalegre).csv
STU-PIP-3187,Academic Performance,"{""Admission_Grade"": ""10"", ""Tuition_Paid"": ""0"", ""Target"": ""Dropout""}",data/processed/prism_student_profile/Student performance (Polytechnic Institute of Portalegre).csv
STU-PIP-3188,Academic Performance,"{""Admission_Grade"": ""1"", ""Tuition_Paid"": ""1"", ""Target"": ""Dropout""}",data/processed/prism_student_profile/Student performance (Polytechnic Institute of Portalegre).csv
STU-PIP-3189,Academic Performance,"{""Admission_Grade"": ""1"", ""Tuition_Paid"": ""1"", ""Target"": ""Dropout""}",data/processed/prism_student_profile/Student performance (Polytechnic Institute of Portalegre).csv
STU-PIP-3190,Academic Performance,"{""Admission_Grade"": ""1"", ""Tuition_Paid"": ""1"", ""Target"": ""Dropout""}",data/processed/prism_student_profile/Student performance (Polytechnic Institute of Portalegre).csv
STU-PIP-3191,Academic Performance,"{""Admission_Grade"": ""1"", ""Tuition_Paid"": ""0"", ""Target"": ""Dropout""}",data/processed/prism_student_profile/Student performance (Polytechnic Institute of Portalegre).csv
STU-PIP-3192,Academic Performance,"{""Admission_Grade"": ""1"", ""Tuition_Paid"": ""1"", ""Target"": ""Dropout""}",data/processed/prism_student_profile/Student performance (Polytechnic Institute of Portalegre).csv
STU-PIP-3193,Academic Performance,"{""Admission_Grade"": ""1"", ""Tuition_Paid"": ""1"", ""Target"": ""Enrolled""}",data/processed/prism_student_profile/Student performance (Polytechnic Institute of Portalegre).csv
STU-PIP-3194,Academic Performance,"{""Admission_Grade"": ""1"", ""Tuition_Paid"": ""1"", ""Target"": ""Dropout""}",data/processed/prism_student_profile/Student performance (Polytechnic Institute of Portalegre).csv
STU-PIP-3195,Academic Performance,"{""Admission_Grade"": ""1"", ""Tuition_Paid"": ""1"", ""Target"": ""Enrolled""}",data/processed/prism_student_profile/Student performance (Polytechnic Institute of Portalegre).csv
STU-PIP-3196,Academic Performance,"{""Admission_Grade"": ""1"", ""Tuition_Paid"": ""0"", ""Target"": ""Dropout""}",data/processed/prism_student_profile/Student performance (Polytechnic Institute of Portalegre).csv
STU-PIP-3197,Academic Performance,"{""Admission_Grade"": ""1"", ""Tuition_Paid"": ""1"", ""Target"": ""Enrolled""}",data/processed/prism_student_profile/Student performance (Polytechnic Institute of Portalegre).csv
STU-PIP-3198,Academic Performance,"{""Admission_Grade"": ""1"", ""Tuition_Paid"": ""1"", ""Target"": ""Graduate""}",data/processed/prism_student_profile/Student performance (Polytechnic Institute of Portalegre).csv
STU-PIP-3199,Academic Performance,"{""Admission_Grade"": ""3"", ""Tuition_Paid"": ""1"", ""Target"": ""Dropout""}",data/processed/prism_student_profile/Student performance (Polytechnic Institute of Portalegre).csv
STU-PIP-3200,Academic Performance,"{""Admission_Grade"": ""1"", ""Tuition_Paid"": ""1"", ""Target"": ""Graduate""}",data/processed/prism_student_profile/Student performance (Polytechnic Institute of Portalegre).csv
STU-PIP-3201,Academic Performance,"{""Admission_Grade"": ""42"", ""Tuition_Paid"": ""1"", ""Target"": ""Dropout""}",data/processed/prism_student_profile/Student performance (Polytechnic Institute of Portalegre).csv
STU-PIP-3202,Academic Performance,"{""Admission_Grade"": ""1"", ""Tuition_Paid"": ""1"", ""Target"": ""Graduate""}",data/processed/prism_student_profile/Student performance (Polytechnic Institute of Portalegre).csv
STU-PIP-3203,Academic Performance,"{""Admission_Grade"": ""1"", ""Tuition_Paid"": ""1"", ""Target"": ""Enrolled""}",data/processed/prism_student_profile/Student performance (Polytechnic Institute of Portalegre).csv
STU-PIP-3204,Academic Performance,"{""Admission_Grade"": ""1"", ""Tuition_Paid"": ""1"", ""Target"": ""Dropout""}",data/processed/prism_student_profile/Student performance (Polytechnic Institute of Portalegre).csv
STU-PIP-3205,Academic Performance,"{""Admission_Grade"": ""1"", ""Tuition_Paid"": ""1"", ""Target"": ""Dropout""}",data/processed/prism_student_profile/Student performance (Polytechnic Institute of Portalegre).csv
STU-PIP-3206,Academic Performance,"{""Admission_Grade"": ""1"", ""Tuition_Paid"": ""0"", ""Target"": ""Dropout""}",data/processed/prism_student_profile/Student performance (Polytechnic Institute of Portalegre).csv
STU-PIP-3207,Academic Performance,"{""Admission_Grade"": ""1"", ""Tuition_Paid"": ""1"", ""Target"": ""Graduate""}",data/processed/prism_student_profile/Student performance (Polytechnic Institute of Portalegre).csv
STU-PIP-3208,Academic Performance,"{""Admission_Grade"": ""1"", ""Tuition_Paid"": ""1"", ""Target"": ""Dropout""}",data/processed/prism_student_profile/Student performance (Polytechnic Institute of Portalegre).csv
STU-PIP-3209,Academic Performance,"{""Admission_Grade"": ""1"", ""Tuition_Paid"": ""0"", ""Target"": ""Dropout""}",data/processed/prism_student_profile/Student performance (Polytechnic Institute of Portalegre).csv
STU-PIP-3210,Academic Performance,"{""Admission_Grade"": ""1"", ""Tuition_Paid"": ""1"", ""Target"": ""Graduate""}",data/processed/prism_student_profile/Student performance (Polytechnic Institute of Portalegre).csv
STU-PIP-3211,Academic Performance,"{""Admission_Grade"": ""3"", ""Tuition_Paid"": ""1"", ""Target"": ""Graduate""}",data/processed/prism_student_profile/Student performance (Polytechnic Institute of Portalegre).csv
STU-PIP-3212,Academic Performance,"{""Admission_Grade"": ""1"", ""Tuition_Paid"": ""1"", ""Target"": ""Enrolled""}",data/processed/prism_student_profile/Student performance (Polytechnic Institute of Portalegre).csv
STU-PIP-3213,Academic Performance,"{""Admission_Grade"": ""1"", ""Tuition_Paid"": ""1"", ""Target"": ""Graduate""}",data/processed/prism_student_profile/Student performance (Polytechnic Institute of Portalegre).csv
STU-PIP-3214,Academic Performance,"{""Admission_Grade"": ""39"", ""Tuition_Paid"": ""1"", ""Target"": ""Dropout""}",data/processed/prism_student_profile/Student performance (Polytechnic Institute of Portalegre).csv
STU-PIP-3215,Academic Performance,"{""Admission_Grade"": ""1"", ""Tuition_Paid"": ""1"", ""Target"": ""Graduate""}",data/processed/prism_student_profile/Student performance (Polytechnic Institute of Portalegre).csv
STU-PIP-3216,Academic Performance,"{""Admission_Grade"": ""1"", ""Tuition_Paid"": ""1"", ""Target"": ""Graduate""}",data/processed/prism_student_profile/Student performance (Polytechnic Institute of Portalegre).csv
STU-PIP-3217,Academic Performance,"{""Admission_Grade"": ""1"", ""Tuition_Paid"": ""0"", ""Target"": ""Dropout""}",data/processed/prism_student_profile/Student performance (Polytechnic Institute of Portalegre).csv
STU-PIP-3218,Academic Performance,"{""Admission_Grade"": ""1"", ""Tuition_Paid"": ""1"", ""Target"": ""Graduate""}",data/processed/prism_student_profile/Student performance (Polytechnic Institute of Portalegre).csv
STU-PIP-3219,Academic Performance,"{""Admission_Grade"": ""1"", ""Tuition_Paid"": ""1"", ""Target"": ""Enrolled""}",data/processed/prism_student_profile/Student performance (Polytechnic Institute of Portalegre).csv
STU-PIP-3220,Academic Performance,"{""Admission_Grade"": ""1"", ""Tuition_Paid"": ""1"", ""Target"": ""Dropout""}",data/processed/prism_student_profile/Student performance (Polytechnic Institute of Portalegre).csv
STU-PIP-3221,Academic Performance,"{""Admission_Grade"": ""1"", ""Tuition_Paid"": ""1"", ""Target"": ""Dropout""}",data/processed/prism_student_profile/Student performance (Polytechnic Institute of Portalegre).csv
STU-PIP-3222,Academic Performance,"{""Admission_Grade"": ""1"", ""Tuition_Paid"": ""0"", ""Target"": ""Dropout""}",data/processed/prism_student_profile/Student performance (Polytechnic Institute of Portalegre).csv
STU-PIP-3223,Academic Performance,"{""Admission_Grade"": ""1"", ""Tuition_Paid"": ""1"", ""Target"": ""Graduate""}",data/processed/prism_student_profile/Student performance (Polytechnic Institute of Portalegre).csv
STU-PIP-3224,Academic Performance,"{""Admission_Grade"": ""1"", ""Tuition_Paid"": ""0"", ""Target"": ""Dropout""}",data/processed/prism_student_profile/Student performance (Polytechnic Institute of Portalegre).csv
STU-PIP-3225,Academic Performance,"{""Admission_Grade"": ""12"", ""Tuition_Paid"": ""1"", ""Target"": ""Dropout""}",data/processed/prism_student_profile/Student performance (Polytechnic Institute of Portalegre).csv
STU-PIP-3226,Academic Performance,"{""Admission_Grade"": ""1"", ""Tuition_Paid"": ""1"", ""Target"": ""Graduate""}",data/processed/prism_student_profile/Student performance (Polytechnic Institute of Portalegre).csv
STU-PIP-3227,Academic Performance,"{""Admission_Grade"": ""1"", ""Tuition_Paid"": ""1"", ""Target"": ""Graduate""}",data/processed/prism_student_profile/Student performance (Polytechnic Institute of Portalegre).csv
STU-PIP-3228,Academic Performance,"{""Admission_Grade"": ""39"", ""Tuition_Paid"": ""1"", ""Target"": ""Enrolled""}",data/processed/prism_student_profile/Student performance (Polytechnic Institute of Portalegre).csv
STU-PIP-3229,Academic Performance,"{""Admission_Grade"": ""1"", ""Tuition_Paid"": ""1"", ""Target"": ""Graduate""}",data/processed/prism_student_profile/Student performance (Polytechnic Institute of Portalegre).csv
STU-PIP-3230,Academic Performance,"{""Admission_Grade"": ""1"", ""Tuition_Paid"": ""1"", ""Target"": ""Graduate""}",data/processed/prism_student_profile/Student performance (Polytechnic Institute of Portalegre).csv
STU-PIP-3231,Academic Performance,"{""Admission_Grade"": ""1"", ""Tuition_Paid"": ""1"", ""Target"": ""Graduate""}",data/processed/prism_student_profile/Student performance (Polytechnic Institute of Portalegre).csv
STU-PIP-3232,Academic Performance,"{""Admission_Grade"": ""1"", ""Tuition_Paid"": ""1"", ""Target"": ""Enrolled""}",data/processed/prism_student_profile/Student performance (Polytechnic Institute of Portalegre).csv
STU-PIP-3233,Academic Performance,"{""Admission_Grade"": ""1"", ""Tuition_Paid"": ""1"", ""Target"": ""Graduate""}",data/processed/prism_student_profile/Student performance (Polytechnic Institute of Portalegre).csv
STU-PIP-3234,Academic Performance,"{""Admission_Grade"": ""1"", ""Tuition_Paid"": ""1"", ""Target"": ""Dropout""}",data/processed/prism_student_profile/Student performance (Polytechnic Institute of Portalegre).csv
STU-PIP-3235,Academic Performance,"{""Admission_Grade"": ""1"", ""Tuition_Paid"": ""1"", ""Target"": ""Graduate""}",data/processed/prism_student_profile/Student performance (Polytechnic Institute of Portalegre).csv
STU-PIP-3236,Academic Performance,"{""Admission_Grade"": ""1"", ""Tuition_Paid"": ""1"", ""Target"": ""Graduate""}",data/processed/prism_student_profile/Student performance (Polytechnic Institute of Portalegre).csv
STU-PIP-3237,Academic Performance,"{""Admission_Grade"": ""1"", ""Tuition_Paid"": ""1"", ""Target"": ""Graduate""}",data/processed/prism_student_profile/Student performance (Polytechnic Institute of Portalegre).csv
STU-PIP-3238,Academic Performance,"{""Admission_Grade"": ""1"", ""Tuition_Paid"": ""1"", ""Target"": ""Enrolled""}",data/processed/prism_student_profile/Student performance (Polytechnic Institute of Portalegre).csv
STU-PIP-3239,Academic Performance,"{""Admission_Grade"": ""1"", ""Tuition_Paid"": ""1"", ""Target"": ""Graduate""}",data/processed/prism_student_profile/Student performance (Polytechnic Institute of Portalegre).csv
STU-PIP-3240,Academic Performance,"{""Admission_Grade"": ""1"", ""Tuition_Paid"": ""1"", ""Target"": ""Graduate""}",data/processed/prism_student_profile/Student performance (Polytechnic Institute of Portalegre).csv
STU-PIP-3241,Academic Performance,"{""Admission_Grade"": ""1"", ""Tuition_Paid"": ""1"", ""Target"": ""Enrolled""}",data/processed/prism_student_profile/Student performance (Polytechnic Institute of Portalegre).csv
STU-PIP-3242,Academic Performance,"{""Admission_Grade"": ""12"", ""Tuition_Paid"": ""1"", ""Target"": ""Graduate""}",data/processed/prism_student_profile/Student performance (Polytechnic Institute of Portalegre).csv
STU-PIP-3243,Academic Performance,"{""Admission_Grade"": ""19"", ""Tuition_Paid"": ""1"", ""Target"": ""Dropout""}",data/processed/prism_student_profile/Student performance (Polytechnic Institute of Portalegre).csv
STU-PIP-3244,Academic Performance,"{""Admission_Grade"": ""1"", ""Tuition_Paid"": ""1"", ""Target"": ""Graduate""}",data/processed/prism_student_profile/Student performance (Polytechnic Institute of Portalegre).csv
STU-PIP-3245,Academic Performance,"{""Admission_Grade"": ""1"", ""Tuition_Paid"": ""1"", ""Target"": ""Dropout""}",data/processed/prism_student_profile/Student performance (Polytechnic Institute of Portalegre).csv
STU-PIP-3246,Academic Performance,"{""Admission_Grade"": ""1"", ""Tuition_Paid"": ""0"", ""Target"": ""Dropout""}",data/processed/prism_student_profile/Student performance (Polytechnic Institute of Portalegre).csv
STU-PIP-3247,Academic Performance,"{""Admission_Grade"": ""1"", ""Tuition_Paid"": ""1"", ""Target"": ""Graduate""}",data/processed/prism_student_profile/Student performance (Polytechnic Institute of Portalegre).csv
STU-PIP-3248,Academic Performance,"{""Admission_Grade"": ""1"", ""Tuition_Paid"": ""1"", ""Target"": ""Graduate""}",data/processed/prism_student_profile/Student performance (Polytechnic Institute of Portalegre).csv
STU-PIP-3249,Academic Performance,"{""Admission_Grade"": ""1"", ""Tuition_Paid"": ""1"", ""Target"": ""Graduate""}",data/processed/prism_student_profile/Student performance (Polytechnic Institute of Portalegre).csv
STU-PIP-3250,Academic Performance,"{""Admission_Grade"": ""1"", ""Tuition_Paid"": ""1"", ""Target"": ""Graduate""}",data/processed/prism_student_profile/Student performance (Polytechnic Institute of Portalegre).csv
STU-PIP-3251,Academic Performance,"{""Admission_Grade"": ""2"", ""Tuition_Paid"": ""1"", ""Target"": ""Dropout""}",data/processed/prism_student_profile/Student performance (Polytechnic Institute of Portalegre).csv
STU-PIP-3252,Academic Performance,"{""Admission_Grade"": ""1"", ""Tuition_Paid"": ""1"", ""Target"": ""Graduate""}",data/processed/prism_student_profile/Student performance (Polytechnic Institute of Portalegre).csv
STU-PIP-3253,Academic Performance,"{""Admission_Grade"": ""6"", ""Tuition_Paid"": ""1"", ""Target"": ""Dropout""}",data/processed/prism_student_profile/Student performance (Polytechnic Institute of Portalegre).csv
STU-PIP-3254,Academic Performance,"{""Admission_Grade"": ""39"", ""Tuition_Paid"": ""1"", ""Target"": ""Dropout""}",data/processed/prism_student_profile/Student performance (Polytechnic Institute of Portalegre).csv
STU-PIP-3255,Academic Performance,"{""Admission_Grade"": ""1"", ""Tuition_Paid"": ""1"", ""Target"": ""Graduate""}",data/processed/prism_student_profile/Student performance (Polytechnic Institute of Portalegre).csv
STU-PIP-3256,Academic Performance,"{""Admission_Grade"": ""1"", ""Tuition_Paid"": ""1"", ""Target"": ""Graduate""}",data/processed/prism_student_profile/Student performance (Polytechnic Institute of Portalegre).csv
STU-PIP-3257,Academic Performance,"{""Admission_Grade"": ""1"", ""Tuition_Paid"": ""1"", ""Target"": ""Graduate""}",data/processed/prism_student_profile/Student performance (Polytechnic Institute of Portalegre).csv
STU-PIP-3258,Academic Performance,"{""Admission_Grade"": ""19"", ""Tuition_Paid"": ""1"", ""Target"": ""Graduate""}",data/processed/prism_student_profile/Student performance (Polytechnic Institute of Portalegre).csv
STU-PIP-3259,Academic Performance,"{""Admission_Grade"": ""39"", ""Tuition_Paid"": ""1"", ""Target"": ""Graduate""}",data/processed/prism_student_profile/Student performance (Polytechnic Institute of Portalegre).csv
STU-PIP-3260,Academic Performance,"{""Admission_Grade"": ""1"", ""Tuition_Paid"": ""1"", ""Target"": ""Graduate""}",data/processed/prism_student_profile/Student performance (Polytechnic Institute of Portalegre).csv
STU-PIP-3261,Academic Performance,"{""Admission_Grade"": ""1"", ""Tuition_Paid"": ""1"", ""Target"": ""Graduate""}",data/processed/prism_student_profile/Student performance (Polytechnic Institute of Portalegre).csv
STU-PIP-3262,Academic Performance,"{""Admission_Grade"": ""1"", ""Tuition_Paid"": ""1"", ""Target"": ""Graduate""}",data/processed/prism_student_profile/Student performance (Polytechnic Institute of Portalegre).csv
STU-PIP-3263,Academic Performance,"{""Admission_Grade"": ""1"", ""Tuition_Paid"": ""0"", ""Target"": ""Dropout""}",data/processed/prism_student_profile/Student performance (Polytechnic Institute of Portalegre).csv
STU-PIP-3264,Academic Performance,"{""Admission_Grade"": ""1"", ""Tuition_Paid"": ""1"", ""Target"": ""Graduate""}",data/processed/prism_student_profile/Student performance (Polytechnic Institute of Portalegre).csv
STU-PIP-3265,Academic Performance,"{""Admission_Grade"": ""1"", ""Tuition_Paid"": ""1"", ""Target"": ""Dropout""}",data/processed/prism_student_profile/Student performance (Polytechnic Institute of Portalegre).csv
STU-PIP-3266,Academic Performance,"{""Admission_Grade"": ""1"", ""Tuition_Paid"": ""1"", ""Target"": ""Graduate""}",data/processed/prism_student_profile/Student performance (Polytechnic Institute of Portalegre).csv
STU-PIP-3267,Academic Performance,"{""Admission_Grade"": ""1"", ""Tuition_Paid"": ""1"", ""Target"": ""Graduate""}",data/processed/prism_student_profile/Student performance (Polytechnic Institute of Portalegre).csv
STU-PIP-3268,Academic Performance,"{""Admission_Grade"": ""39"", ""Tuition_Paid"": ""1"", ""Target"": ""Enrolled""}",data/processed/prism_student_profile/Student performance (Polytechnic Institute of Portalegre).csv
STU-PIP-3269,Academic Performance,"{""Admission_Grade"": ""1"", ""Tuition_Paid"": ""1"", ""Target"": ""Dropout""}",data/processed/prism_student_profile/Student performance (Polytechnic Institute of Portalegre).csv
STU-PIP-3270,Academic Performance,"{""Admission_Grade"": ""1"", ""Tuition_Paid"": ""1"", ""Target"": ""Dropout""}",data/processed/prism_student_profile/Student performance (Polytechnic Institute of Portalegre).csv
STU-PIP-3271,Academic Performance,"{""Admission_Grade"": ""1"", ""Tuition_Paid"": ""1"", ""Target"": ""Dropout""}",data/processed/prism_student_profile/Student performance (Polytechnic Institute of Portalegre).csv
STU-PIP-3272,Academic Performance,"{""Admission_Grade"": ""1"", ""Tuition_Paid"": ""1"", ""Target"": ""Graduate""}",data/processed/prism_student_profile/Student performance (Polytechnic Institute of Portalegre).csv
STU-PIP-3273,Academic Performance,"{""Admission_Grade"": ""1"", ""Tuition_Paid"": ""1"", ""Target"": ""Graduate""}",data/processed/prism_student_profile/Student performance (Polytechnic Institute of Portalegre).csv
STU-PIP-3274,Academic Performance,"{""Admission_Grade"": ""1"", ""Tuition_Paid"": ""1"", ""Target"": ""Enrolled""}",data/processed/prism_student_profile/Student performance (Polytechnic Institute of Portalegre).csv
STU-PIP-3275,Academic Performance,"{""Admission_Grade"": ""19"", ""Tuition_Paid"": ""1"", ""Target"": ""Dropout""}",data/processed/prism_student_profile/Student performance (Polytechnic Institute of Portalegre).csv
STU-PIP-3276,Academic Performance,"{""Admission_Grade"": ""40"", ""Tuition_Paid"": ""1"", ""Target"": ""Graduate""}",data/processed/prism_student_profile/Student performance (Polytechnic Institute of Portalegre).csv
STU-PIP-3277,Academic Performance,"{""Admission_Grade"": ""1"", ""Tuition_Paid"": ""1"", ""Target"": ""Dropout""}",data/processed/prism_student_profile/Student performance (Polytechnic Institute of Portalegre).csv
STU-PIP-3278,Academic Performance,"{""Admission_Grade"": ""1"", ""Tuition_Paid"": ""1"", ""Target"": ""Graduate""}",data/processed/prism_student_profile/Student performance (Polytechnic Institute of Portalegre).csv
STU-PIP-3279,Academic Performance,"{""Admission_Grade"": ""1"", ""Tuition_Paid"": ""1"", ""Target"": ""Dropout""}",data/processed/prism_student_profile/Student performance (Polytechnic Institute of Portalegre).csv
STU-PIP-3280,Academic Performance,"{""Admission_Grade"": ""1"", ""Tuition_Paid"": ""1"", ""Target"": ""Graduate""}",data/processed/prism_student_profile/Student performance (Polytechnic Institute of Portalegre).csv
STU-PIP-3281,Academic Performance,"{""Admission_Grade"": ""1"", ""Tuition_Paid"": ""1"", ""Target"": ""Graduate""}",data/processed/prism_student_profile/Student performance (Polytechnic Institute of Portalegre).csv
STU-PIP-3282,Academic Performance,"{""Admission_Grade"": ""3"", ""Tuition_Paid"": ""0"", ""Target"": ""Dropout""}",data/processed/prism_student_profile/Student performance (Polytechnic Institute of Portalegre).csv
STU-PIP-3283,Academic Performance,"{""Admission_Grade"": ""42"", ""Tuition_Paid"": ""1"", ""Target"": ""Enrolled""}",data/processed/prism_student_profile/Student performance (Polytechnic Institute of Portalegre).csv
STU-PIP-3284,Academic Performance,"{""Admission_Grade"": ""1"", ""Tuition_Paid"": ""1"", ""Target"": ""Graduate""}",data/processed/prism_student_profile/Student performance (Polytechnic Institute of Portalegre).csv
STU-PIP-3285,Academic Performance,"{""Admission_Grade"": ""1"", ""Tuition_Paid"": ""1"", ""Target"": ""Enrolled""}",data/processed/prism_student_profile/Student performance (Polytechnic Institute of Portalegre).csv
STU-PIP-3286,Academic Performance,"{""Admission_Grade"": ""1"", ""Tuition_Paid"": ""1"", ""Target"": ""Graduate""}",data/processed/prism_student_profile/Student performance (Polytechnic Institute of Portalegre).csv
STU-PIP-3287,Academic Performance,"{""Admission_Grade"": ""43"", ""Tuition_Paid"": ""1"", ""Target"": ""Dropout""}",data/processed/prism_student_profile/Student performance (Polytechnic Institute of Portalegre).csv
STU-PIP-3288,Academic Performance,"{""Admission_Grade"": ""1"", ""Tuition_Paid"": ""0"", ""Target"": ""Dropout""}",data/processed/prism_student_profile/Student performance (Polytechnic Institute of Portalegre).csv
STU-PIP-3289,Academic Performance,"{""Admission_Grade"": ""1"", ""Tuition_Paid"": ""1"", ""Target"": ""Graduate""}",data/processed/prism_student_profile/Student performance (Polytechnic Institute of Portalegre).csv
STU-PIP-3290,Academic Performance,"{""Admission_Grade"": ""19"", ""Tuition_Paid"": ""1"", ""Target"": ""Graduate""}",data/processed/prism_student_profile/Student performance (Polytechnic Institute of Portalegre).csv
STU-PIP-3291,Academic Performance,"{""Admission_Grade"": ""1"", ""Tuition_Paid"": ""1"", ""Target"": ""Dropout""}",data/processed/prism_student_profile/Student performance (Polytechnic Institute of Portalegre).csv
STU-PIP-3292,Academic Performance,"{""Admission_Grade"": ""1"", ""Tuition_Paid"": ""0"", ""Target"": ""Dropout""}",data/processed/prism_student_profile/Student performance (Polytechnic Institute of Portalegre).csv
STU-PIP-3293,Academic Performance,"{""Admission_Grade"": ""1"", ""Tuition_Paid"": ""1"", ""Target"": ""Dropout""}",data/processed/prism_student_profile/Student performance (Polytechnic Institute of Portalegre).csv
STU-PIP-3294,Academic Performance,"{""Admission_Grade"": ""1"", ""Tuition_Paid"": ""1"", ""Target"": ""Enrolled""}",data/processed/prism_student_profile/Student performance (Polytechnic Institute of Portalegre).csv
STU-PIP-3295,Academic Performance,"{""Admission_Grade"": ""1"", ""Tuition_Paid"": ""1"", ""Target"": ""Enrolled""}",data/processed/prism_student_profile/Student performance (Polytechnic Institute of Portalegre).csv
STU-PIP-3296,Academic Performance,"{""Admission_Grade"": ""1"", ""Tuition_Paid"": ""1"", ""Target"": ""Graduate""}",data/processed/prism_student_profile/Student performance (Polytechnic Institute of Portalegre).csv
STU-PIP-3297,Academic Performance,"{""Admission_Grade"": ""1"", ""Tuition_Paid"": ""1"", ""Target"": ""Enrolled""}",data/processed/prism_student_profile/Student performance (Polytechnic Institute of Portalegre).csv
STU-PIP-3298,Academic Performance,"{""Admission_Grade"": ""1"", ""Tuition_Paid"": ""0"", ""Target"": ""Dropout""}",data/processed/prism_student_profile/Student performance (Polytechnic Institute of Portalegre).csv
STU-PIP-3299,Academic Performance,"{""Admission_Grade"": ""1"", ""Tuition_Paid"": ""1"", ""Target"": ""Graduate""}",data/processed/prism_student_profile/Student performance (Polytechnic Institute of Portalegre).csv
STU-PIP-3300,Academic Performance,"{""Admission_Grade"": ""1"", ""Tuition_Paid"": ""0"", ""Target"": ""Dropout""}",data/processed/prism_student_profile/Student performance (Polytechnic Institute of Portalegre).csv
STU-PIP-3301,Academic Performance,"{""Admission_Grade"": ""1"", ""Tuition_Paid"": ""1"", ""Target"": ""Dropout""}",data/processed/prism_student_profile/Student performance (Polytechnic Institute of Portalegre).csv
STU-PIP-3302,Academic Performance,"{""Admission_Grade"": ""1"", ""Tuition_Paid"": ""1"", ""Target"": ""Graduate""}",data/processed/prism_student_profile/Student performance (Polytechnic Institute of Portalegre).csv
STU-PIP-3303,Academic Performance,"{""Admission_Grade"": ""1"", ""Tuition_Paid"": ""1"", ""Target"": ""Graduate""}",data/processed/prism_student_profile/Student performance (Polytechnic Institute of Portalegre).csv
STU-PIP-3304,Academic Performance,"{""Admission_Grade"": ""1"", ""Tuition_Paid"": ""1"", ""Target"": ""Graduate""}",data/processed/prism_student_profile/Student performance (Polytechnic Institute of Portalegre).csv
STU-PIP-3305,Academic Performance,"{""Admission_Grade"": ""39"", ""Tuition_Paid"": ""1"", ""Target"": ""Graduate""}",data/processed/prism_student_profile/Student performance (Polytechnic Institute of Portalegre).csv
STU-PIP-3306,Academic Performance,"{""Admission_Grade"": ""1"", ""Tuition_Paid"": ""1"", ""Target"": ""Graduate""}",data/processed/prism_student_profile/Student performance (Polytechnic Institute of Portalegre).csv
STU-PIP-3307,Academic Performance,"{""Admission_Grade"": ""3"", ""Tuition_Paid"": ""1"", ""Target"": ""Graduate""}",data/processed/prism_student_profile/Student performance (Polytechnic Institute of Portalegre).csv
STU-PIP-3308,Academic Performance,"{""Admission_Grade"": ""3"", ""Tuition_Paid"": ""1"", ""Target"": ""Graduate""}",data/processed/prism_student_profile/Student performance (Polytechnic Institute of Portalegre).csv
STU-PIP-3309,Academic Performance,"{""Admission_Grade"": ""1"", ""Tuition_Paid"": ""1"", ""Target"": ""Graduate""}",data/processed/prism_student_profile/Student performance (Polytechnic Institute of Portalegre).csv
STU-PIP-3310,Academic Performance,"{""Admission_Grade"": ""1"", ""Tuition_Paid"": ""1"", ""Target"": ""Dropout""}",data/processed/prism_student_profile/Student performance (Polytechnic Institute of Portalegre).csv
STU-PIP-3311,Academic Performance,"{""Admission_Grade"": ""1"", ""Tuition_Paid"": ""1"", ""Target"": ""Graduate""}",data/processed/prism_student_profile/Student performance (Polytechnic Institute of Portalegre).csv
STU-PIP-3312,Academic Performance,"{""Admission_Grade"": ""1"", ""Tuition_Paid"": ""1"", ""Target"": ""Dropout""}",data/processed/prism_student_profile/Student performance (Polytechnic Institute of Portalegre).csv
STU-PIP-3313,Academic Performance,"{""Admission_Grade"": ""12"", ""Tuition_Paid"": ""1"", ""Target"": ""Enrolled""}",data/processed/prism_student_profile/Student performance (Polytechnic Institute of Portalegre).csv
STU-PIP-3314,Academic Performance,"{""Admission_Grade"": ""1"", ""Tuition_Paid"": ""1"", ""Target"": ""Enrolled""}",data/processed/prism_student_profile/Student performance (Polytechnic Institute of Portalegre).csv
STU-PIP-3315,Academic Performance,"{""Admission_Grade"": ""1"", ""Tuition_Paid"": ""0"", ""Target"": ""Dropout""}",data/processed/prism_student_profile/Student performance (Polytechnic Institute of Portalegre).csv
STU-PIP-3316,Academic Performance,"{""Admission_Grade"": ""1"", ""Tuition_Paid"": ""1"", ""Target"": ""Graduate""}",data/processed/prism_student_profile/Student performance (Polytechnic Institute of Portalegre).csv
STU-PIP-3317,Academic Performance,"{""Admission_Grade"": ""3"", ""Tuition_Paid"": ""0"", ""Target"": ""Dropout""}",data/processed/prism_student_profile/Student performance (Polytechnic Institute of Portalegre).csv
STU-PIP-3318,Academic Performance,"{""Admission_Grade"": ""1"", ""Tuition_Paid"": ""1"", ""Target"": ""Graduate""}",data/processed/prism_student_profile/Student performance (Polytechnic Institute of Portalegre).csv
STU-PIP-3319,Academic Performance,"{""Admission_Grade"": ""1"", ""Tuition_Paid"": ""0"", ""Target"": ""Dropout""}",data/processed/prism_student_profile/Student performance (Polytechnic Institute of Portalegre).csv
STU-PIP-3320,Academic Performance,"{""Admission_Grade"": ""1"", ""Tuition_Paid"": ""1"", ""Target"": ""Graduate""}",data/processed/prism_student_profile/Student performance (Polytechnic Institute of Portalegre).csv
STU-PIP-3321,Academic Performance,"{""Admission_Grade"": ""1"", ""Tuition_Paid"": ""1"", ""Target"": ""Graduate""}",data/processed/prism_student_profile/Student performance (Polytechnic Institute of Portalegre).csv
STU-PIP-3322,Academic Performance,"{""Admission_Grade"": ""1"", ""Tuition_Paid"": ""1"", ""Target"": ""Dropout""}",data/processed/prism_student_profile/Student performance (Polytechnic Institute of Portalegre).csv
STU-PIP-3323,Academic Performance,"{""Admission_Grade"": ""1"", ""Tuition_Paid"": ""1"", ""Target"": ""Dropout""}",data/processed/prism_student_profile/Student performance (Polytechnic Institute of Portalegre).csv
STU-PIP-3324,Academic Performance,"{""Admission_Grade"": ""1"", ""Tuition_Paid"": ""0"", ""Target"": ""Dropout""}",data/processed/prism_student_profile/Student performance (Polytechnic Institute of Portalegre).csv
STU-PIP-3325,Academic Performance,"{""Admission_Grade"": ""1"", ""Tuition_Paid"": ""1"", ""Target"": ""Dropout""}",data/processed/prism_student_profile/Student performance (Polytechnic Institute of Portalegre).csv
STU-PIP-3326,Academic Performance,"{""Admission_Grade"": ""1"", ""Tuition_Paid"": ""1"", ""Target"": ""Enrolled""}",data/processed/prism_student_profile/Student performance (Polytechnic Institute of Portalegre).csv
STU-PIP-3327,Academic Performance,"{""Admission_Grade"": ""1"", ""Tuition_Paid"": ""1"", ""Target"": ""Graduate""}",data/processed/prism_student_profile/Student performance (Polytechnic Institute of Portalegre).csv
STU-PIP-3328,Academic Performance,"{""Admission_Grade"": ""39"", ""Tuition_Paid"": ""1"", ""Target"": ""Dropout""}",data/processed/prism_student_profile/Student performance (Polytechnic Institute of Portalegre).csv
STU-PIP-3329,Academic Performance,"{""Admission_Grade"": ""1"", ""Tuition_Paid"": ""1"", ""Target"": ""Enrolled""}",data/processed/prism_student_profile/Student performance (Polytechnic Institute of Portalegre).csv
STU-PIP-3330,Academic Performance,"{""Admission_Grade"": ""1"", ""Tuition_Paid"": ""1"", ""Target"": ""Enrolled""}",data/processed/prism_student_profile/Student performance (Polytechnic Institute of Portalegre).csv
STU-PIP-3331,Academic Performance,"{""Admission_Grade"": ""1"", ""Tuition_Paid"": ""1"", ""Target"": ""Graduate""}",data/processed/prism_student_profile/Student performance (Polytechnic Institute of Portalegre).csv
STU-PIP-3332,Academic Performance,"{""Admission_Grade"": ""1"", ""Tuition_Paid"": ""0"", ""Target"": ""Dropout""}",data/processed/prism_student_profile/Student performance (Polytechnic Institute of Portalegre).csv
STU-PIP-3333,Academic Performance,"{""Admission_Grade"": ""1"", ""Tuition_Paid"": ""0"", ""Target"": ""Dropout""}",data/processed/prism_student_profile/Student performance (Polytechnic Institute of Portalegre).csv
STU-PIP-3334,Academic Performance,"{""Admission_Grade"": ""19"", ""Tuition_Paid"": ""0"", ""Target"": ""Dropout""}",data/processed/prism_student_profile/Student performance (Polytechnic Institute of Portalegre).csv
STU-PIP-3335,Academic Performance,"{""Admission_Grade"": ""1"", ""Tuition_Paid"": ""1"", ""Target"": ""Graduate""}",data/processed/prism_student_profile/Student performance (Polytechnic Institute of Portalegre).csv
STU-PIP-3336,Academic Performance,"{""Admission_Grade"": ""1"", ""Tuition_Paid"": ""1"", ""Target"": ""Enrolled""}",data/processed/prism_student_profile/Student performance (Polytechnic Institute of Portalegre).csv
STU-PIP-3337,Academic Performance,"{""Admission_Grade"": ""39"", ""Tuition_Paid"": ""0"", ""Target"": ""Dropout""}",data/processed/prism_student_profile/Student performance (Polytechnic Institute of Portalegre).csv
STU-PIP-3338,Academic Performance,"{""Admission_Grade"": ""1"", ""Tuition_Paid"": ""0"", ""Target"": ""Dropout""}",data/processed/prism_student_profile/Student performance (Polytechnic Institute of Portalegre).csv
STU-PIP-3339,Academic Performance,"{""Admission_Grade"": ""1"", ""Tuition_Paid"": ""1"", ""Target"": ""Dropout""}",data/processed/prism_student_profile/Student performance (Polytechnic Institute of Portalegre).csv
STU-PIP-3340,Academic Performance,"{""Admission_Grade"": ""1"", ""Tuition_Paid"": ""1"", ""Target"": ""Enrolled""}",data/processed/prism_student_profile/Student performance (Polytechnic Institute of Portalegre).csv
STU-PIP-3341,Academic Performance,"{""Admission_Grade"": ""1"", ""Tuition_Paid"": ""0"", ""Target"": ""Dropout""}",data/processed/prism_student_profile/Student performance (Polytechnic Institute of Portalegre).csv
STU-PIP-3342,Academic Performance,"{""Admission_Grade"": ""1"", ""Tuition_Paid"": ""0"", ""Target"": ""Enrolled""}",data/processed/prism_student_profile/Student performance (Polytechnic Institute of Portalegre).csv
STU-PIP-3343,Academic Performance,"{""Admission_Grade"": ""1"", ""Tuition_Paid"": ""1"", ""Target"": ""Graduate""}",data/processed/prism_student_profile/Student performance (Polytechnic Institute of Portalegre).csv
STU-PIP-3344,Academic Performance,"{""Admission_Grade"": ""1"", ""Tuition_Paid"": ""1"", ""Target"": ""Enrolled""}",data/processed/prism_student_profile/Student performance (Polytechnic Institute of Portalegre).csv
STU-PIP-3345,Academic Performance,"{""Admission_Grade"": ""1"", ""Tuition_Paid"": ""0"", ""Target"": ""Dropout""}",data/processed/prism_student_profile/Student performance (Polytechnic Institute of Portalegre).csv
STU-PIP-3346,Academic Performance,"{""Admission_Grade"": ""1"", ""Tuition_Paid"": ""1"", ""Target"": ""Dropout""}",data/processed/prism_student_profile/Student performance (Polytechnic Institute of Portalegre).csv
STU-PIP-3347,Academic Performance,"{""Admission_Grade"": ""1"", ""Tuition_Paid"": ""1"", ""Target"": ""Dropout""}",data/processed/prism_student_profile/Student performance (Polytechnic Institute of Portalegre).csv
STU-PIP-3348,Academic Performance,"{""Admission_Grade"": ""12"", ""Tuition_Paid"": ""1"", ""Target"": ""Dropout""}",data/processed/prism_student_profile/Student performance (Polytechnic Institute of Portalegre).csv
STU-PIP-3349,Academic Performance,"{""Admission_Grade"": ""1"", ""Tuition_Paid"": ""1"", ""Target"": ""Graduate""}",data/processed/prism_student_profile/Student performance (Polytechnic Institute of Portalegre).csv
STU-PIP-3350,Academic Performance,"{""Admission_Grade"": ""19"", ""Tuition_Paid"": ""1"", ""Target"": ""Dropout""}",data/processed/prism_student_profile/Student performance (Polytechnic Institute of Portalegre).csv
STU-PIP-3351,Academic Performance,"{""Admission_Grade"": ""1"", ""Tuition_Paid"": ""1"", ""Target"": ""Enrolled""}",data/processed/prism_student_profile/Student performance (Polytechnic Institute of Portalegre).csv
STU-PIP-3352,Academic Performance,"{""Admission_Grade"": ""39"", ""Tuition_Paid"": ""1"", ""Target"": ""Dropout""}",data/processed/prism_student_profile/Student performance (Polytechnic Institute of Portalegre).csv
STU-PIP-3353,Academic Performance,"{""Admission_Grade"": ""1"", ""Tuition_Paid"": ""1"", ""Target"": ""Dropout""}",data/processed/prism_student_profile/Student performance (Polytechnic Institute of Portalegre).csv
STU-PIP-3354,Academic Performance,"{""Admission_Grade"": ""1"", ""Tuition_Paid"": ""1"", ""Target"": ""Graduate""}",data/processed/prism_student_profile/Student performance (Polytechnic Institute of Portalegre).csv
STU-PIP-3355,Academic Performance,"{""Admission_Grade"": ""1"", ""Tuition_Paid"": ""1"", ""Target"": ""Graduate""}",data/processed/prism_student_profile/Student performance (Polytechnic Institute of Portalegre).csv
STU-PIP-3356,Academic Performance,"{""Admission_Grade"": ""19"", ""Tuition_Paid"": ""0"", ""Target"": ""Dropout""}",data/processed/prism_student_profile/Student performance (Polytechnic Institute of Portalegre).csv
STU-PIP-3357,Academic Performance,"{""Admission_Grade"": ""39"", ""Tuition_Paid"": ""1"", ""Target"": ""Enrolled""}",data/processed/prism_student_profile/Student performance (Polytechnic Institute of Portalegre).csv
STU-PIP-3358,Academic Performance,"{""Admission_Grade"": ""1"", ""Tuition_Paid"": ""1"", ""Target"": ""Dropout""}",data/processed/prism_student_profile/Student performance (Polytechnic Institute of Portalegre).csv
STU-PIP-3359,Academic Performance,"{""Admission_Grade"": ""1"", ""Tuition_Paid"": ""1"", ""Target"": ""Dropout""}",data/processed/prism_student_profile/Student performance (Polytechnic Institute of Portalegre).csv
STU-PIP-3360,Academic Performance,"{""Admission_Grade"": ""1"", ""Tuition_Paid"": ""1"", ""Target"": ""Enrolled""}",data/processed/prism_student_profile/Student performance (Polytechnic Institute of Portalegre).csv
STU-PIP-3361,Academic Performance,"{""Admission_Grade"": ""1"", ""Tuition_Paid"": ""0"", ""Target"": ""Dropout""}",data/processed/prism_student_profile/Student performance (Polytechnic Institute of Portalegre).csv
STU-PIP-3362,Academic Performance,"{""Admission_Grade"": ""1"", ""Tuition_Paid"": ""1"", ""Target"": ""Graduate""}",data/processed/prism_student_profile/Student performance (Polytechnic Institute of Portalegre).csv
STU-PIP-3363,Academic Performance,"{""Admission_Grade"": ""1"", ""Tuition_Paid"": ""1"", ""Target"": ""Graduate""}",data/processed/prism_student_profile/Student performance (Polytechnic Institute of Portalegre).csv
STU-PIP-3364,Academic Performance,"{""Admission_Grade"": ""2"", ""Tuition_Paid"": ""0"", ""Target"": ""Dropout""}",data/processed/prism_student_profile/Student performance (Polytechnic Institute of Portalegre).csv
STU-PIP-3365,Academic Performance,"{""Admission_Grade"": ""1"", ""Tuition_Paid"": ""1"", ""Target"": ""Dropout""}",data/processed/prism_student_profile/Student performance (Polytechnic Institute of Portalegre).csv
STU-PIP-3366,Academic Performance,"{""Admission_Grade"": ""1"", ""Tuition_Paid"": ""0"", ""Target"": ""Dropout""}",data/processed/prism_student_profile/Student performance (Polytechnic Institute of Portalegre).csv
STU-PIP-3367,Academic Performance,"{""Admission_Grade"": ""1"", ""Tuition_Paid"": ""1"", ""Target"": ""Enrolled""}",data/processed/prism_student_profile/Student performance (Polytechnic Institute of Portalegre).csv
STU-PIP-3368,Academic Performance,"{""Admission_Grade"": ""1"", ""Tuition_Paid"": ""1"", ""Target"": ""Graduate""}",data/processed/prism_student_profile/Student performance (Polytechnic Institute of Portalegre).csv
STU-PIP-3369,Academic Performance,"{""Admission_Grade"": ""1"", ""Tuition_Paid"": ""1"", ""Target"": ""Enrolled""}",data/processed/prism_student_profile/Student performance (Polytechnic Institute of Portalegre).csv
STU-PIP-3370,Academic Performance,"{""Admission_Grade"": ""1"", ""Tuition_Paid"": ""1"", ""Target"": ""Dropout""}",data/processed/prism_student_profile/Student performance (Polytechnic Institute of Portalegre).csv
STU-PIP-3371,Academic Performance,"{""Admission_Grade"": ""3"", ""Tuition_Paid"": ""1"", ""Target"": ""Dropout""}",data/processed/prism_student_profile/Student performance (Polytechnic Institute of Portalegre).csv
STU-PIP-3372,Academic Performance,"{""Admission_Grade"": ""1"", ""Tuition_Paid"": ""1"", ""Target"": ""Graduate""}",data/processed/prism_student_profile/Student performance (Polytechnic Institute of Portalegre).csv
STU-PIP-3373,Academic Performance,"{""Admission_Grade"": ""1"", ""Tuition_Paid"": ""1"", ""Target"": ""Graduate""}",data/processed/prism_student_profile/Student performance (Polytechnic Institute of Portalegre).csv
STU-PIP-3374,Academic Performance,"{""Admission_Grade"": ""1"", ""Tuition_Paid"": ""1"", ""Target"": ""Graduate""}",data/processed/prism_student_profile/Student performance (Polytechnic Institute of Portalegre).csv
STU-PIP-3375,Academic Performance,"{""Admission_Grade"": ""1"", ""Tuition_Paid"": ""1"", ""Target"": ""Graduate""}",data/processed/prism_student_profile/Student performance (Polytechnic Institute of Portalegre).csv
STU-PIP-3376,Academic Performance,"{""Admission_Grade"": ""39"", ""Tuition_Paid"": ""1"", ""Target"": ""Graduate""}",data/processed/prism_student_profile/Student performance (Polytechnic Institute of Portalegre).csv
STU-PIP-3377,Academic Performance,"{""Admission_Grade"": ""1"", ""Tuition_Paid"": ""1"", ""Target"": ""Graduate""}",data/processed/prism_student_profile/Student performance (Polytechnic Institute of Portalegre).csv
STU-PIP-3378,Academic Performance,"{""Admission_Grade"": ""1"", ""Tuition_Paid"": ""1"", ""Target"": ""Graduate""}",data/processed/prism_student_profile/Student performance (Polytechnic Institute of Portalegre).csv
STU-PIP-3379,Academic Performance,"{""Admission_Grade"": ""1"", ""Tuition_Paid"": ""1"", ""Target"": ""Enrolled""}",data/processed/prism_student_profile/Student performance (Polytechnic Institute of Portalegre).csv
STU-PIP-3380,Academic Performance,"{""Admission_Grade"": ""1"", ""Tuition_Paid"": ""1"", ""Target"": ""Graduate""}",data/processed/prism_student_profile/Student performance (Polytechnic Institute of Portalegre).csv
STU-PIP-3381,Academic Performance,"{""Admission_Grade"": ""1"", ""Tuition_Paid"": ""1"", ""Target"": ""Dropout""}",data/processed/prism_student_profile/Student performance (Polytechnic Institute of Portalegre).csv
STU-PIP-3382,Academic Performance,"{""Admission_Grade"": ""2"", ""Tuition_Paid"": ""1"", ""Target"": ""Dropout""}",data/processed/prism_student_profile/Student performance (Polytechnic Institute of Portalegre).csv
STU-PIP-3383,Academic Performance,"{""Admission_Grade"": ""1"", ""Tuition_Paid"": ""1"", ""Target"": ""Graduate""}",data/processed/prism_student_profile/Student performance (Polytechnic Institute of Portalegre).csv
STU-PIP-3384,Academic Performance,"{""Admission_Grade"": ""3"", ""Tuition_Paid"": ""1"", ""Target"": ""Dropout""}",data/processed/prism_student_profile/Student performance (Polytechnic Institute of Portalegre).csv
STU-PIP-3385,Academic Performance,"{""Admission_Grade"": ""1"", ""Tuition_Paid"": ""1"", ""Target"": ""Enrolled""}",data/processed/prism_student_profile/Student performance (Polytechnic Institute of Portalegre).csv
STU-PIP-3386,Academic Performance,"{""Admission_Grade"": ""1"", ""Tuition_Paid"": ""1"", ""Target"": ""Graduate""}",data/processed/prism_student_profile/Student performance (Polytechnic Institute of Portalegre).csv
STU-PIP-3387,Academic Performance,"{""Admission_Grade"": ""1"", ""Tuition_Paid"": ""1"", ""Target"": ""Graduate""}",data/processed/prism_student_profile/Student performance (Polytechnic Institute of Portalegre).csv
STU-PIP-3388,Academic Performance,"{""Admission_Grade"": ""1"", ""Tuition_Paid"": ""1"", ""Target"": ""Graduate""}",data/processed/prism_student_profile/Student performance (Polytechnic Institute of Portalegre).csv
STU-PIP-3389,Academic Performance,"{""Admission_Grade"": ""1"", ""Tuition_Paid"": ""1"", ""Target"": ""Graduate""}",data/processed/prism_student_profile/Student performance (Polytechnic Institute of Portalegre).csv
STU-PIP-3390,Academic Performance,"{""Admission_Grade"": ""1"", ""Tuition_Paid"": ""1"", ""Target"": ""Enrolled""}",data/processed/prism_student_profile/Student performance (Polytechnic Institute of Portalegre).csv
STU-PIP-3391,Academic Performance,"{""Admission_Grade"": ""1"", ""Tuition_Paid"": ""1"", ""Target"": ""Graduate""}",data/processed/prism_student_profile/Student performance (Polytechnic Institute of Portalegre).csv
STU-PIP-3392,Academic Performance,"{""Admission_Grade"": ""1"", ""Tuition_Paid"": ""1"", ""Target"": ""Graduate""}",data/processed/prism_student_profile/Student performance (Polytechnic Institute of Portalegre).csv
STU-PIP-3393,Academic Performance,"{""Admission_Grade"": ""1"", ""Tuition_Paid"": ""1"", ""Target"": ""Graduate""}",data/processed/prism_student_profile/Student performance (Polytechnic Institute of Portalegre).csv
STU-PIP-3394,Academic Performance,"{""Admission_Grade"": ""1"", ""Tuition_Paid"": ""1"", ""Target"": ""Graduate""}",data/processed/prism_student_profile/Student performance (Polytechnic Institute of Portalegre).csv
STU-PIP-3395,Academic Performance,"{""Admission_Grade"": ""1"", ""Tuition_Paid"": ""1"", ""Target"": ""Enrolled""}",data/processed/prism_student_profile/Student performance (Polytechnic Institute of Portalegre).csv
STU-PIP-3396,Academic Performance,"{""Admission_Grade"": ""42"", ""Tuition_Paid"": ""1"", ""Target"": ""Graduate""}",data/processed/prism_student_profile/Student performance (Polytechnic Institute of Portalegre).csv
STU-PIP-3397,Academic Performance,"{""Admission_Grade"": ""1"", ""Tuition_Paid"": ""1"", ""Target"": ""Enrolled""}",data/processed/prism_student_profile/Student performance (Polytechnic Institute of Portalegre).csv
STU-PIP-3398,Academic Performance,"{""Admission_Grade"": ""1"", ""Tuition_Paid"": ""1"", ""Target"": ""Graduate""}",data/processed/prism_student_profile/Student performance (Polytechnic Institute of Portalegre).csv
STU-PIP-3399,Academic Performance,"{""Admission_Grade"": ""1"", ""Tuition_Paid"": ""1"", ""Target"": ""Graduate""}",data/processed/prism_student_profile/Student performance (Polytechnic Institute of Portalegre).csv
STU-PIP-3400,Academic Performance,"{""Admission_Grade"": ""1"", ""Tuition_Paid"": ""1"", ""Target"": ""Graduate""}",data/processed/prism_student_profile/Student performance (Polytechnic Institute of Portalegre).csv
STU-PIP-3401,Academic Performance,"{""Admission_Grade"": ""1"", ""Tuition_Paid"": ""1"", ""Target"": ""Graduate""}",data/processed/prism_student_profile/Student performance (Polytechnic Institute of Portalegre).csv
STU-PIP-3402,Academic Performance,"{""Admission_Grade"": ""1"", ""Tuition_Paid"": ""1"", ""Target"": ""Enrolled""}",data/processed/prism_student_profile/Student performance (Polytechnic Institute of Portalegre).csv
STU-PIP-3403,Academic Performance,"{""Admission_Grade"": ""1"", ""Tuition_Paid"": ""1"", ""Target"": ""Graduate""}",data/processed/prism_student_profile/Student performance (Polytechnic Institute of Portalegre).csv
STU-PIP-3404,Academic Performance,"{""Admission_Grade"": ""1"", ""Tuition_Paid"": ""1"", ""Target"": ""Graduate""}",data/processed/prism_student_profile/Student performance (Polytechnic Institute of Portalegre).csv
STU-PIP-3405,Academic Performance,"{""Admission_Grade"": ""1"", ""Tuition_Paid"": ""1"", ""Target"": ""Enrolled""}",data/processed/prism_student_profile/Student performance (Polytechnic Institute of Portalegre).csv
STU-PIP-3406,Academic Performance,"{""Admission_Grade"": ""1"", ""Tuition_Paid"": ""1"", ""Target"": ""Graduate""}",data/processed/prism_student_profile/Student performance (Polytechnic Institute of Portalegre).csv
STU-PIP-3407,Academic Performance,"{""Admission_Grade"": ""1"", ""Tuition_Paid"": ""1"", ""Target"": ""Enrolled""}",data/processed/prism_student_profile/Student performance (Polytechnic Institute of Portalegre).csv
STU-PIP-3408,Academic Performance,"{""Admission_Grade"": ""1"", ""Tuition_Paid"": ""1"", ""Target"": ""Graduate""}",data/processed/prism_student_profile/Student performance (Polytechnic Institute of Portalegre).csv
STU-PIP-3409,Academic Performance,"{""Admission_Grade"": ""1"", ""Tuition_Paid"": ""0"", ""Target"": ""Dropout""}",data/processed/prism_student_profile/Student performance (Polytechnic Institute of Portalegre).csv
STU-PIP-3410,Academic Performance,"{""Admission_Grade"": ""1"", ""Tuition_Paid"": ""1"", ""Target"": ""Graduate""}",data/processed/prism_student_profile/Student performance (Polytechnic Institute of Portalegre).csv
STU-PIP-3411,Academic Performance,"{""Admission_Grade"": ""1"", ""Tuition_Paid"": ""1"", ""Target"": ""Enrolled""}",data/processed/prism_student_profile/Student performance (Polytechnic Institute of Portalegre).csv
STU-PIP-3412,Academic Performance,"{""Admission_Grade"": ""1"", ""Tuition_Paid"": ""1"", ""Target"": ""Graduate""}",data/processed/prism_student_profile/Student performance (Polytechnic Institute of Portalegre).csv
STU-PIP-3413,Academic Performance,"{""Admission_Grade"": ""1"", ""Tuition_Paid"": ""1"", ""Target"": ""Enrolled""}",data/processed/prism_student_profile/Student performance (Polytechnic Institute of Portalegre).csv
STU-PIP-3414,Academic Performance,"{""Admission_Grade"": ""1"", ""Tuition_Paid"": ""1"", ""Target"": ""Dropout""}",data/processed/prism_student_profile/Student performance (Polytechnic Institute of Portalegre).csv
STU-PIP-3415,Academic Performance,"{""Admission_Grade"": ""1"", ""Tuition_Paid"": ""1"", ""Target"": ""Graduate""}",data/processed/prism_student_profile/Student performance (Polytechnic Institute of Portalegre).csv
STU-PIP-3416,Academic Performance,"{""Admission_Grade"": ""1"", ""Tuition_Paid"": ""1"", ""Target"": ""Enrolled""}",data/processed/prism_student_profile/Student performance (Polytechnic Institute of Portalegre).csv
STU-PIP-3417,Academic Performance,"{""Admission_Grade"": ""1"", ""Tuition_Paid"": ""1"", ""Target"": ""Enrolled""}",data/processed/prism_student_profile/Student performance (Polytechnic Institute of Portalegre).csv
STU-PIP-3418,Academic Performance,"{""Admission_Grade"": ""1"", ""Tuition_Paid"": ""1"", ""Target"": ""Dropout""}",data/processed/prism_student_profile/Student performance (Polytechnic Institute of Portalegre).csv
STU-PIP-3419,Academic Performance,"{""Admission_Grade"": ""1"", ""Tuition_Paid"": ""1"", ""Target"": ""Graduate""}",data/processed/prism_student_profile/Student performance (Polytechnic Institute of Portalegre).csv
STU-PIP-3420,Academic Performance,"{""Admission_Grade"": ""1"", ""Tuition_Paid"": ""1"", ""Target"": ""Graduate""}",data/processed/prism_student_profile/Student performance (Polytechnic Institute of Portalegre).csv
STU-PIP-3421,Academic Performance,"{""Admission_Grade"": ""1"", ""Tuition_Paid"": ""1"", ""Target"": ""Graduate""}",data/processed/prism_student_profile/Student performance (Polytechnic Institute of Portalegre).csv
STU-PIP-3422,Academic Performance,"{""Admission_Grade"": ""39"", ""Tuition_Paid"": ""1"", ""Target"": ""Dropout""}",data/processed/prism_student_profile/Student performance (Polytechnic Institute of Portalegre).csv
STU-PIP-3423,Academic Performance,"{""Admission_Grade"": ""1"", ""Tuition_Paid"": ""0"", ""Target"": ""Dropout""}",data/processed/prism_student_profile/Student performance (Polytechnic Institute of Portalegre).csv
STU-PIP-3424,Academic Performance,"{""Admission_Grade"": ""3"", ""Tuition_Paid"": ""1"", ""Target"": ""Dropout""}",data/processed/prism_student_profile/Student performance (Polytechnic Institute of Portalegre).csv
STU-PIP-3425,Academic Performance,"{""Admission_Grade"": ""1"", ""Tuition_Paid"": ""1"", ""Target"": ""Dropout""}",data/processed/prism_student_profile/Student performance (Polytechnic Institute of Portalegre).csv
STU-PIP-3426,Academic Performance,"{""Admission_Grade"": ""1"", ""Tuition_Paid"": ""0"", ""Target"": ""Dropout""}",data/processed/prism_student_profile/Student performance (Polytechnic Institute of Portalegre).csv
STU-PIP-3427,Academic Performance,"{""Admission_Grade"": ""1"", ""Tuition_Paid"": ""1"", ""Target"": ""Enrolled""}",data/processed/prism_student_profile/Student performance (Polytechnic Institute of Portalegre).csv
STU-PIP-3428,Academic Performance,"{""Admission_Grade"": ""1"", ""Tuition_Paid"": ""1"", ""Target"": ""Graduate""}",data/processed/prism_student_profile/Student performance (Polytechnic Institute of Portalegre).csv
STU-PIP-3429,Academic Performance,"{""Admission_Grade"": ""1"", ""Tuition_Paid"": ""1"", ""Target"": ""Dropout""}",data/processed/prism_student_profile/Student performance (Polytechnic Institute of Portalegre).csv
STU-PIP-3430,Academic Performance,"{""Admission_Grade"": ""3"", ""Tuition_Paid"": ""1"", ""Target"": ""Dropout""}",data/processed/prism_student_profile/Student performance (Polytechnic Institute of Portalegre).csv
STU-PIP-3431,Academic Performance,"{""Admission_Grade"": ""1"", ""Tuition_Paid"": ""1"", ""Target"": ""Graduate""}",data/processed/prism_student_profile/Student performance (Polytechnic Institute of Portalegre).csv
STU-PIP-3432,Academic Performance,"{""Admission_Grade"": ""1"", ""Tuition_Paid"": ""1"", ""Target"": ""Graduate""}",data/processed/prism_student_profile/Student performance (Polytechnic Institute of Portalegre).csv
STU-PIP-3433,Academic Performance,"{""Admission_Grade"": ""1"", ""Tuition_Paid"": ""1"", ""Target"": ""Graduate""}",data/processed/prism_student_profile/Student performance (Polytechnic Institute of Portalegre).csv
STU-PIP-3434,Academic Performance,"{""Admission_Grade"": ""1"", ""Tuition_Paid"": ""1"", ""Target"": ""Dropout""}",data/processed/prism_student_profile/Student performance (Polytechnic Institute of Portalegre).csv
STU-PIP-3435,Academic Performance,"{""Admission_Grade"": ""1"", ""Tuition_Paid"": ""1"", ""Target"": ""Dropout""}",data/processed/prism_student_profile/Student performance (Polytechnic Institute of Portalegre).csv
STU-PIP-3436,Academic Performance,"{""Admission_Grade"": ""1"", ""Tuition_Paid"": ""1"", ""Target"": ""Graduate""}",data/processed/prism_student_profile/Student performance (Polytechnic Institute of Portalegre).csv
STU-PIP-3437,Academic Performance,"{""Admission_Grade"": ""1"", ""Tuition_Paid"": ""1"", ""Target"": ""Graduate""}",data/processed/prism_student_profile/Student performance (Polytechnic Institute of Portalegre).csv
STU-PIP-3438,Academic Performance,"{""Admission_Grade"": ""1"", ""Tuition_Paid"": ""1"", ""Target"": ""Enrolled""}",data/processed/prism_student_profile/Student performance (Polytechnic Institute of Portalegre).csv
STU-PIP-3439,Academic Performance,"{""Admission_Grade"": ""19"", ""Tuition_Paid"": ""1"", ""Target"": ""Graduate""}",data/processed/prism_student_profile/Student performance (Polytechnic Institute of Portalegre).csv
STU-PIP-3440,Academic Performance,"{""Admission_Grade"": ""1"", ""Tuition_Paid"": ""1"", ""Target"": ""Dropout""}",data/processed/prism_student_profile/Student performance (Polytechnic Institute of Portalegre).csv
STU-PIP-3441,Academic Performance,"{""Admission_Grade"": ""1"", ""Tuition_Paid"": ""1"", ""Target"": ""Enrolled""}",data/processed/prism_student_profile/Student performance (Polytechnic Institute of Portalegre).csv
STU-PIP-3442,Academic Performance,"{""Admission_Grade"": ""1"", ""Tuition_Paid"": ""1"", ""Target"": ""Enrolled""}",data/processed/prism_student_profile/Student performance (Polytechnic Institute of Portalegre).csv
STU-PIP-3443,Academic Performance,"{""Admission_Grade"": ""1"", ""Tuition_Paid"": ""1"", ""Target"": ""Graduate""}",data/processed/prism_student_profile/Student performance (Polytechnic Institute of Portalegre).csv
STU-PIP-3444,Academic Performance,"{""Admission_Grade"": ""1"", ""Tuition_Paid"": ""1"", ""Target"": ""Graduate""}",data/processed/prism_student_profile/Student performance (Polytechnic Institute of Portalegre).csv
STU-PIP-3445,Academic Performance,"{""Admission_Grade"": ""1"", ""Tuition_Paid"": ""0"", ""Target"": ""Dropout""}",data/processed/prism_student_profile/Student performance (Polytechnic Institute of Portalegre).csv
STU-PIP-3446,Academic Performance,"{""Admission_Grade"": ""1"", ""Tuition_Paid"": ""1"", ""Target"": ""Graduate""}",data/processed/prism_student_profile/Student performance (Polytechnic Institute of Portalegre).csv
STU-PIP-3447,Academic Performance,"{""Admission_Grade"": ""1"", ""Tuition_Paid"": ""1"", ""Target"": ""Dropout""}",data/processed/prism_student_profile/Student performance (Polytechnic Institute of Portalegre).csv
STU-PIP-3448,Academic Performance,"{""Admission_Grade"": ""1"", ""Tuition_Paid"": ""1"", ""Target"": ""Graduate""}",data/processed/prism_student_profile/Student performance (Polytechnic Institute of Portalegre).csv
STU-PIP-3449,Academic Performance,"{""Admission_Grade"": ""1"", ""Tuition_Paid"": ""1"", ""Target"": ""Graduate""}",data/processed/prism_student_profile/Student performance (Polytechnic Institute of Portalegre).csv
STU-PIP-3450,Academic Performance,"{""Admission_Grade"": ""1"", ""Tuition_Paid"": ""1"", ""Target"": ""Graduate""}",data/processed/prism_student_profile/Student performance (Polytechnic Institute of Portalegre).csv
STU-PIP-3451,Academic Performance,"{""Admission_Grade"": ""1"", ""Tuition_Paid"": ""1"", ""Target"": ""Enrolled""}",data/processed/prism_student_profile/Student performance (Polytechnic Institute of Portalegre).csv
STU-PIP-3452,Academic Performance,"{""Admission_Grade"": ""1"", ""Tuition_Paid"": ""1"", ""Target"": ""Enrolled""}",data/processed/prism_student_profile/Student performance (Polytechnic Institute of Portalegre).csv
STU-PIP-3453,Academic Performance,"{""Admission_Grade"": ""1"", ""Tuition_Paid"": ""1"", ""Target"": ""Graduate""}",data/processed/prism_student_profile/Student performance (Polytechnic Institute of Portalegre).csv
STU-PIP-3454,Academic Performance,"{""Admission_Grade"": ""1"", ""Tuition_Paid"": ""1"", ""Target"": ""Graduate""}",data/processed/prism_student_profile/Student performance (Polytechnic Institute of Portalegre).csv
STU-PIP-3455,Academic Performance,"{""Admission_Grade"": ""1"", ""Tuition_Paid"": ""0"", ""Target"": ""Dropout""}",data/processed/prism_student_profile/Student performance (Polytechnic Institute of Portalegre).csv
STU-PIP-3456,Academic Performance,"{""Admission_Grade"": ""1"", ""Tuition_Paid"": ""1"", ""Target"": ""Graduate""}",data/processed/prism_student_profile/Student performance (Polytechnic Institute of Portalegre).csv
STU-PIP-3457,Academic Performance,"{""Admission_Grade"": ""3"", ""Tuition_Paid"": ""1"", ""Target"": ""Graduate""}",data/processed/prism_student_profile/Student performance (Polytechnic Institute of Portalegre).csv
STU-PIP-3458,Academic Performance,"{""Admission_Grade"": ""39"", ""Tuition_Paid"": ""1"", ""Target"": ""Graduate""}",data/processed/prism_student_profile/Student performance (Polytechnic Institute of Portalegre).csv
STU-PIP-3459,Academic Performance,"{""Admission_Grade"": ""1"", ""Tuition_Paid"": ""1"", ""Target"": ""Graduate""}",data/processed/prism_student_profile/Student performance (Polytechnic Institute of Portalegre).csv
STU-PIP-3460,Academic Performance,"{""Admission_Grade"": ""12"", ""Tuition_Paid"": ""0"", ""Target"": ""Dropout""}",data/processed/prism_student_profile/Student performance (Polytechnic Institute of Portalegre).csv
STU-PIP-3461,Academic Performance,"{""Admission_Grade"": ""1"", ""Tuition_Paid"": ""1"", ""Target"": ""Graduate""}",data/processed/prism_student_profile/Student performance (Polytechnic Institute of Portalegre).csv
STU-PIP-3462,Academic Performance,"{""Admission_Grade"": ""1"", ""Tuition_Paid"": ""1"", ""Target"": ""Enrolled""}",data/processed/prism_student_profile/Student performance (Polytechnic Institute of Portalegre).csv
STU-PIP-3463,Academic Performance,"{""Admission_Grade"": ""3"", ""Tuition_Paid"": ""1"", ""Target"": ""Dropout""}",data/processed/prism_student_profile/Student performance (Polytechnic Institute of Portalegre).csv
STU-PIP-3464,Academic Performance,"{""Admission_Grade"": ""1"", ""Tuition_Paid"": ""1"", ""Target"": ""Enrolled""}",data/processed/prism_student_profile/Student performance (Polytechnic Institute of Portalegre).csv
STU-PIP-3465,Academic Performance,"{""Admission_Grade"": ""1"", ""Tuition_Paid"": ""1"", ""Target"": ""Graduate""}",data/processed/prism_student_profile/Student performance (Polytechnic Institute of Portalegre).csv
STU-PIP-3466,Academic Performance,"{""Admission_Grade"": ""1"", ""Tuition_Paid"": ""1"", ""Target"": ""Dropout""}",data/processed/prism_student_profile/Student performance (Polytechnic Institute of Portalegre).csv
STU-PIP-3467,Academic Performance,"{""Admission_Grade"": ""1"", ""Tuition_Paid"": ""1"", ""Target"": ""Enrolled""}",data/processed/prism_student_profile/Student performance (Polytechnic Institute of Portalegre).csv
STU-PIP-3468,Academic Performance,"{""Admission_Grade"": ""1"", ""Tuition_Paid"": ""1"", ""Target"": ""Graduate""}",data/processed/prism_student_profile/Student performance (Polytechnic Institute of Portalegre).csv
STU-PIP-3469,Academic Performance,"{""Admission_Grade"": ""1"", ""Tuition_Paid"": ""1"", ""Target"": ""Enrolled""}",data/processed/prism_student_profile/Student performance (Polytechnic Institute of Portalegre).csv
STU-PIP-3470,Academic Performance,"{""Admission_Grade"": ""1"", ""Tuition_Paid"": ""1"", ""Target"": ""Enrolled""}",data/processed/prism_student_profile/Student performance (Polytechnic Institute of Portalegre).csv
STU-PIP-3471,Academic Performance,"{""Admission_Grade"": ""1"", ""Tuition_Paid"": ""1"", ""Target"": ""Graduate""}",data/processed/prism_student_profile/Student performance (Polytechnic Institute of Portalegre).csv
STU-PIP-3472,Academic Performance,"{""Admission_Grade"": ""19"", ""Tuition_Paid"": ""0"", ""Target"": ""Graduate""}",data/processed/prism_student_profile/Student performance (Polytechnic Institute of Portalegre).csv
STU-PIP-3473,Academic Performance,"{""Admission_Grade"": ""19"", ""Tuition_Paid"": ""0"", ""Target"": ""Dropout""}",data/processed/prism_student_profile/Student performance (Polytechnic Institute of Portalegre).csv
STU-PIP-3474,Academic Performance,"{""Admission_Grade"": ""1"", ""Tuition_Paid"": ""1"", ""Target"": ""Dropout""}",data/processed/prism_student_profile/Student performance (Polytechnic Institute of Portalegre).csv
STU-PIP-3475,Academic Performance,"{""Admission_Grade"": ""1"", ""Tuition_Paid"": ""1"", ""Target"": ""Dropout""}",data/processed/prism_student_profile/Student performance (Polytechnic Institute of Portalegre).csv
STU-PIP-3476,Academic Performance,"{""Admission_Grade"": ""1"", ""Tuition_Paid"": ""1"", ""Target"": ""Graduate""}",data/processed/prism_student_profile/Student performance (Polytechnic Institute of Portalegre).csv
STU-PIP-3477,Academic Performance,"{""Admission_Grade"": ""1"", ""Tuition_Paid"": ""1"", ""Target"": ""Graduate""}",data/processed/prism_student_profile/Student performance (Polytechnic Institute of Portalegre).csv
STU-PIP-3478,Academic Performance,"{""Admission_Grade"": ""1"", ""Tuition_Paid"": ""1"", ""Target"": ""Dropout""}",data/processed/prism_student_profile/Student performance (Polytechnic Institute of Portalegre).csv
STU-PIP-3479,Academic Performance,"{""Admission_Grade"": ""1"", ""Tuition_Paid"": ""1"", ""Target"": ""Enrolled""}",data/processed/prism_student_profile/Student performance (Polytechnic Institute of Portalegre).csv
STU-PIP-3480,Academic Performance,"{""Admission_Grade"": ""1"", ""Tuition_Paid"": ""1"", ""Target"": ""Graduate""}",data/processed/prism_student_profile/Student performance (Polytechnic Institute of Portalegre).csv
STU-PIP-3481,Academic Performance,"{""Admission_Grade"": ""1"", ""Tuition_Paid"": ""1"", ""Target"": ""Graduate""}",data/processed/prism_student_profile/Student performance (Polytechnic Institute of Portalegre).csv
STU-PIP-3482,Academic Performance,"{""Admission_Grade"": ""1"", ""Tuition_Paid"": ""1"", ""Target"": ""Graduate""}",data/processed/prism_student_profile/Student performance (Polytechnic Institute of Portalegre).csv
STU-PIP-3483,Academic Performance,"{""Admission_Grade"": ""39"", ""Tuition_Paid"": ""1"", ""Target"": ""Dropout""}",data/processed/prism_student_profile/Student performance (Polytechnic Institute of Portalegre).csv
STU-PIP-3484,Academic Performance,"{""Admission_Grade"": ""1"", ""Tuition_Paid"": ""0"", ""Target"": ""Dropout""}",data/processed/prism_student_profile/Student performance (Polytechnic Institute of Portalegre).csv
STU-PIP-3485,Academic Performance,"{""Admission_Grade"": ""1"", ""Tuition_Paid"": ""0"", ""Target"": ""Dropout""}",data/processed/prism_student_profile/Student performance (Polytechnic Institute of Portalegre).csv
STU-PIP-3486,Academic Performance,"{""Admission_Grade"": ""1"", ""Tuition_Paid"": ""1"", ""Target"": ""Dropout""}",data/processed/prism_student_profile/Student performance (Polytechnic Institute of Portalegre).csv
STU-PIP-3487,Academic Performance,"{""Admission_Grade"": ""1"", ""Tuition_Paid"": ""1"", ""Target"": ""Graduate""}",data/processed/prism_student_profile/Student performance (Polytechnic Institute of Portalegre).csv
STU-PIP-3488,Academic Performance,"{""Admission_Grade"": ""1"", ""Tuition_Paid"": ""0"", ""Target"": ""Dropout""}",data/processed/prism_student_profile/Student performance (Polytechnic Institute of Portalegre).csv
STU-PIP-3489,Academic Performance,"{""Admission_Grade"": ""1"", ""Tuition_Paid"": ""1"", ""Target"": ""Dropout""}",data/processed/prism_student_profile/Student performance (Polytechnic Institute of Portalegre).csv
STU-PIP-3490,Academic Performance,"{""Admission_Grade"": ""1"", ""Tuition_Paid"": ""1"", ""Target"": ""Graduate""}",data/processed/prism_student_profile/Student performance (Polytechnic Institute of Portalegre).csv
STU-PIP-3491,Academic Performance,"{""Admission_Grade"": ""1"", ""Tuition_Paid"": ""1"", ""Target"": ""Dropout""}",data/processed/prism_student_profile/Student performance (Polytechnic Institute of Portalegre).csv
STU-PIP-3492,Academic Performance,"{""Admission_Grade"": ""1"", ""Tuition_Paid"": ""1"", ""Target"": ""Dropout""}",data/processed/prism_student_profile/Student performance (Polytechnic Institute of Portalegre).csv
STU-PIP-3493,Academic Performance,"{""Admission_Grade"": ""19"", ""Tuition_Paid"": ""1"", ""Target"": ""Dropout""}",data/processed/prism_student_profile/Student performance (Polytechnic Institute of Portalegre).csv
STU-PIP-3494,Academic Performance,"{""Admission_Grade"": ""3"", ""Tuition_Paid"": ""0"", ""Target"": ""Dropout""}",data/processed/prism_student_profile/Student performance (Polytechnic Institute of Portalegre).csv
STU-PIP-3495,Academic Performance,"{""Admission_Grade"": ""1"", ""Tuition_Paid"": ""1"", ""Target"": ""Graduate""}",data/processed/prism_student_profile/Student performance (Polytechnic Institute of Portalegre).csv
STU-PIP-3496,Academic Performance,"{""Admission_Grade"": ""1"", ""Tuition_Paid"": ""1"", ""Target"": ""Graduate""}",data/processed/prism_student_profile/Student performance (Polytechnic Institute of Portalegre).csv
STU-PIP-3497,Academic Performance,"{""Admission_Grade"": ""1"", ""Tuition_Paid"": ""0"", ""Target"": ""Dropout""}",data/processed/prism_student_profile/Student performance (Polytechnic Institute of Portalegre).csv
STU-PIP-3498,Academic Performance,"{""Admission_Grade"": ""1"", ""Tuition_Paid"": ""1"", ""Target"": ""Dropout""}",data/processed/prism_student_profile/Student performance (Polytechnic Institute of Portalegre).csv
STU-PIP-3499,Academic Performance,"{""Admission_Grade"": ""1"", ""Tuition_Paid"": ""1"", ""Target"": ""Graduate""}",data/processed/prism_student_profile/Student performance (Polytechnic Institute of Portalegre).csv
STU-PIP-3500,Academic Performance,"{""Admission_Grade"": ""1"", ""Tuition_Paid"": ""1"", ""Target"": ""Enrolled""}",data/processed/prism_student_profile/Student performance (Polytechnic Institute of Portalegre).csv
STU-PIP-3501,Academic Performance,"{""Admission_Grade"": ""1"", ""Tuition_Paid"": ""1"", ""Target"": ""Dropout""}",data/processed/prism_student_profile/Student performance (Polytechnic Institute of Portalegre).csv
STU-PIP-3502,Academic Performance,"{""Admission_Grade"": ""1"", ""Tuition_Paid"": ""1"", ""Target"": ""Dropout""}",data/processed/prism_student_profile/Student performance (Polytechnic Institute of Portalegre).csv
STU-PIP-3503,Academic Performance,"{""Admission_Grade"": ""1"", ""Tuition_Paid"": ""0"", ""Target"": ""Graduate""}",data/processed/prism_student_profile/Student performance (Polytechnic Institute of Portalegre).csv
STU-PIP-3504,Academic Performance,"{""Admission_Grade"": ""39"", ""Tuition_Paid"": ""1"", ""Target"": ""Graduate""}",data/processed/prism_student_profile/Student performance (Polytechnic Institute of Portalegre).csv
STU-PIP-3505,Academic Performance,"{""Admission_Grade"": ""1"", ""Tuition_Paid"": ""1"", ""Target"": ""Graduate""}",data/processed/prism_student_profile/Student performance (Polytechnic Institute of Portalegre).csv
STU-PIP-3506,Academic Performance,"{""Admission_Grade"": ""1"", ""Tuition_Paid"": ""1"", ""Target"": ""Dropout""}",data/processed/prism_student_profile/Student performance (Polytechnic Institute of Portalegre).csv
STU-PIP-3507,Academic Performance,"{""Admission_Grade"": ""1"", ""Tuition_Paid"": ""0"", ""Target"": ""Dropout""}",data/processed/prism_student_profile/Student performance (Polytechnic Institute of Portalegre).csv
STU-PIP-3508,Academic Performance,"{""Admission_Grade"": ""1"", ""Tuition_Paid"": ""1"", ""Target"": ""Graduate""}",data/processed/prism_student_profile/Student performance (Polytechnic Institute of Portalegre).csv
STU-PIP-3509,Academic Performance,"{""Admission_Grade"": ""1"", ""Tuition_Paid"": ""1"", ""Target"": ""Enrolled""}",data/processed/prism_student_profile/Student performance (Polytechnic Institute of Portalegre).csv
STU-PIP-3510,Academic Performance,"{""Admission_Grade"": ""39"", ""Tuition_Paid"": ""1"", ""Target"": ""Graduate""}",data/processed/prism_student_profile/Student performance (Polytechnic Institute of Portalegre).csv
STU-PIP-3511,Academic Performance,"{""Admission_Grade"": ""1"", ""Tuition_Paid"": ""1"", ""Target"": ""Dropout""}",data/processed/prism_student_profile/Student performance (Polytechnic Institute of Portalegre).csv
STU-PIP-3512,Academic Performance,"{""Admission_Grade"": ""39"", ""Tuition_Paid"": ""1"", ""Target"": ""Enrolled""}",data/processed/prism_student_profile/Student performance (Polytechnic Institute of Portalegre).csv
STU-PIP-3513,Academic Performance,"{""Admission_Grade"": ""1"", ""Tuition_Paid"": ""1"", ""Target"": ""Dropout""}",data/processed/prism_student_profile/Student performance (Polytechnic Institute of Portalegre).csv
STU-PIP-3514,Academic Performance,"{""Admission_Grade"": ""19"", ""Tuition_Paid"": ""1"", ""Target"": ""Dropout""}",data/processed/prism_student_profile/Student performance (Polytechnic Institute of Portalegre).csv
STU-PIP-3515,Academic Performance,"{""Admission_Grade"": ""1"", ""Tuition_Paid"": ""1"", ""Target"": ""Dropout""}",data/processed/prism_student_profile/Student performance (Polytechnic Institute of Portalegre).csv
STU-PIP-3516,Academic Performance,"{""Admission_Grade"": ""1"", ""Tuition_Paid"": ""1"", ""Target"": ""Enrolled""}",data/processed/prism_student_profile/Student performance (Polytechnic Institute of Portalegre).csv
STU-PIP-3517,Academic Performance,"{""Admission_Grade"": ""1"", ""Tuition_Paid"": ""1"", ""Target"": ""Dropout""}",data/processed/prism_student_profile/Student performance (Polytechnic Institute of Portalegre).csv
STU-PIP-3518,Academic Performance,"{""Admission_Grade"": ""1"", ""Tuition_Paid"": ""1"", ""Target"": ""Dropout""}",data/processed/prism_student_profile/Student performance (Polytechnic Institute of Portalegre).csv
STU-PIP-3519,Academic Performance,"{""Admission_Grade"": ""1"", ""Tuition_Paid"": ""1"", ""Target"": ""Dropout""}",data/processed/prism_student_profile/Student performance (Polytechnic Institute of Portalegre).csv
STU-PIP-3520,Academic Performance,"{""Admission_Grade"": ""1"", ""Tuition_Paid"": ""1"", ""Target"": ""Dropout""}",data/processed/prism_student_profile/Student performance (Polytechnic Institute of Portalegre).csv
STU-PIP-3521,Academic Performance,"{""Admission_Grade"": ""4"", ""Tuition_Paid"": ""1"", ""Target"": ""Graduate""}",data/processed/prism_student_profile/Student performance (Polytechnic Institute of Portalegre).csv
STU-PIP-3522,Academic Performance,"{""Admission_Grade"": ""1"", ""Tuition_Paid"": ""1"", ""Target"": ""Dropout""}",data/processed/prism_student_profile/Student performance (Polytechnic Institute of Portalegre).csv
STU-PIP-3523,Academic Performance,"{""Admission_Grade"": ""1"", ""Tuition_Paid"": ""1"", ""Target"": ""Graduate""}",data/processed/prism_student_profile/Student performance (Polytechnic Institute of Portalegre).csv
STU-PIP-3524,Academic Performance,"{""Admission_Grade"": ""1"", ""Tuition_Paid"": ""1"", ""Target"": ""Enrolled""}",data/processed/prism_student_profile/Student performance (Polytechnic Institute of Portalegre).csv
STU-PIP-3525,Academic Performance,"{""Admission_Grade"": ""1"", ""Tuition_Paid"": ""1"", ""Target"": ""Enrolled""}",data/processed/prism_student_profile/Student performance (Polytechnic Institute of Portalegre).csv
STU-PIP-3526,Academic Performance,"{""Admission_Grade"": ""39"", ""Tuition_Paid"": ""1"", ""Target"": ""Graduate""}",data/processed/prism_student_profile/Student performance (Polytechnic Institute of Portalegre).csv
STU-PIP-3527,Academic Performance,"{""Admission_Grade"": ""1"", ""Tuition_Paid"": ""0"", ""Target"": ""Dropout""}",data/processed/prism_student_profile/Student performance (Polytechnic Institute of Portalegre).csv
STU-PIP-3528,Academic Performance,"{""Admission_Grade"": ""1"", ""Tuition_Paid"": ""1"", ""Target"": ""Dropout""}",data/processed/prism_student_profile/Student performance (Polytechnic Institute of Portalegre).csv
STU-PIP-3529,Academic Performance,"{""Admission_Grade"": ""1"", ""Tuition_Paid"": ""1"", ""Target"": ""Dropout""}",data/processed/prism_student_profile/Student performance (Polytechnic Institute of Portalegre).csv
STU-PIP-3530,Academic Performance,"{""Admission_Grade"": ""1"", ""Tuition_Paid"": ""1"", ""Target"": ""Enrolled""}",data/processed/prism_student_profile/Student performance (Polytechnic Institute of Portalegre).csv
STU-PIP-3531,Academic Performance,"{""Admission_Grade"": ""1"", ""Tuition_Paid"": ""1"", ""Target"": ""Graduate""}",data/processed/prism_student_profile/Student performance (Polytechnic Institute of Portalegre).csv
STU-PIP-3532,Academic Performance,"{""Admission_Grade"": ""39"", ""Tuition_Paid"": ""1"", ""Target"": ""Enrolled""}",data/processed/prism_student_profile/Student performance (Polytechnic Institute of Portalegre).csv
STU-PIP-3533,Academic Performance,"{""Admission_Grade"": ""1"", ""Tuition_Paid"": ""1"", ""Target"": ""Graduate""}",data/processed/prism_student_profile/Student performance (Polytechnic Institute of Portalegre).csv
STU-PIP-3534,Academic Performance,"{""Admission_Grade"": ""19"", ""Tuition_Paid"": ""0"", ""Target"": ""Dropout""}",data/processed/prism_student_profile/Student performance (Polytechnic Institute of Portalegre).csv
STU-PIP-3535,Academic Performance,"{""Admission_Grade"": ""1"", ""Tuition_Paid"": ""1"", ""Target"": ""Dropout""}",data/processed/prism_student_profile/Student performance (Polytechnic Institute of Portalegre).csv
STU-PIP-3536,Academic Performance,"{""Admission_Grade"": ""39"", ""Tuition_Paid"": ""1"", ""Target"": ""Dropout""}",data/processed/prism_student_profile/Student performance (Polytechnic Institute of Portalegre).csv
STU-PIP-3537,Academic Performance,"{""Admission_Grade"": ""1"", ""Tuition_Paid"": ""1"", ""Target"": ""Dropout""}",data/processed/prism_student_profile/Student performance (Polytechnic Institute of Portalegre).csv
STU-PIP-3538,Academic Performance,"{""Admission_Grade"": ""19"", ""Tuition_Paid"": ""0"", ""Target"": ""Dropout""}",data/processed/prism_student_profile/Student performance (Polytechnic Institute of Portalegre).csv
STU-PIP-3539,Academic Performance,"{""Admission_Grade"": ""1"", ""Tuition_Paid"": ""1"", ""Target"": ""Dropout""}",data/processed/prism_student_profile/Student performance (Polytechnic Institute of Portalegre).csv
STU-PIP-3540,Academic Performance,"{""Admission_Grade"": ""1"", ""Tuition_Paid"": ""1"", ""Target"": ""Graduate""}",data/processed/prism_student_profile/Student performance (Polytechnic Institute of Portalegre).csv
STU-PIP-3541,Academic Performance,"{""Admission_Grade"": ""1"", ""Tuition_Paid"": ""1"", ""Target"": ""Dropout""}",data/processed/prism_student_profile/Student performance (Polytechnic Institute of Portalegre).csv
STU-PIP-3542,Academic Performance,"{""Admission_Grade"": ""1"", ""Tuition_Paid"": ""0"", ""Target"": ""Dropout""}",data/processed/prism_student_profile/Student performance (Polytechnic Institute of Portalegre).csv
STU-PIP-3543,Academic Performance,"{""Admission_Grade"": ""1"", ""Tuition_Paid"": ""1"", ""Target"": ""Enrolled""}",data/processed/prism_student_profile/Student performance (Polytechnic Institute of Portalegre).csv
STU-PIP-3544,Academic Performance,"{""Admission_Grade"": ""1"", ""Tuition_Paid"": ""0"", ""Target"": ""Enrolled""}",data/processed/prism_student_profile/Student performance (Polytechnic Institute of Portalegre).csv
STU-PIP-3545,Academic Performance,"{""Admission_Grade"": ""12"", ""Tuition_Paid"": ""1"", ""Target"": ""Enrolled""}",data/processed/prism_student_profile/Student performance (Polytechnic Institute of Portalegre).csv
STU-PIP-3546,Academic Performance,"{""Admission_Grade"": ""1"", ""Tuition_Paid"": ""1"", ""Target"": ""Graduate""}",data/processed/prism_student_profile/Student performance (Polytechnic Institute of Portalegre).csv
STU-PIP-3547,Academic Performance,"{""Admission_Grade"": ""1"", ""Tuition_Paid"": ""1"", ""Target"": ""Graduate""}",data/processed/prism_student_profile/Student performance (Polytechnic Institute of Portalegre).csv
STU-PIP-3548,Academic Performance,"{""Admission_Grade"": ""9"", ""Tuition_Paid"": ""1"", ""Target"": ""Dropout""}",data/processed/prism_student_profile/Student performance (Polytechnic Institute of Portalegre).csv
STU-PIP-3549,Academic Performance,"{""Admission_Grade"": ""1"", ""Tuition_Paid"": ""0"", ""Target"": ""Dropout""}",data/processed/prism_student_profile/Student performance (Polytechnic Institute of Portalegre).csv
STU-PIP-3550,Academic Performance,"{""Admission_Grade"": ""1"", ""Tuition_Paid"": ""1"", ""Target"": ""Graduate""}",data/processed/prism_student_profile/Student performance (Polytechnic Institute of Portalegre).csv
STU-PIP-3551,Academic Performance,"{""Admission_Grade"": ""1"", ""Tuition_Paid"": ""1"", ""Target"": ""Enrolled""}",data/processed/prism_student_profile/Student performance (Polytechnic Institute of Portalegre).csv
STU-PIP-3552,Academic Performance,"{""Admission_Grade"": ""19"", ""Tuition_Paid"": ""0"", ""Target"": ""Dropout""}",data/processed/prism_student_profile/Student performance (Polytechnic Institute of Portalegre).csv
STU-PIP-3553,Academic Performance,"{""Admission_Grade"": ""1"", ""Tuition_Paid"": ""1"", ""Target"": ""Dropout""}",data/processed/prism_student_profile/Student performance (Polytechnic Institute of Portalegre).csv
STU-PIP-3554,Academic Performance,"{""Admission_Grade"": ""39"", ""Tuition_Paid"": ""1"", ""Target"": ""Dropout""}",data/processed/prism_student_profile/Student performance (Polytechnic Institute of Portalegre).csv
STU-PIP-3555,Academic Performance,"{""Admission_Grade"": ""1"", ""Tuition_Paid"": ""1"", ""Target"": ""Enrolled""}",data/processed/prism_student_profile/Student performance (Polytechnic Institute of Portalegre).csv
STU-PIP-3556,Academic Performance,"{""Admission_Grade"": ""39"", ""Tuition_Paid"": ""1"", ""Target"": ""Graduate""}",data/processed/prism_student_profile/Student performance (Polytechnic Institute of Portalegre).csv
STU-PIP-3557,Academic Performance,"{""Admission_Grade"": ""12"", ""Tuition_Paid"": ""1"", ""Target"": ""Enrolled""}",data/processed/prism_student_profile/Student performance (Polytechnic Institute of Portalegre).csv
STU-PIP-3558,Academic Performance,"{""Admission_Grade"": ""1"", ""Tuition_Paid"": ""0"", ""Target"": ""Dropout""}",data/processed/prism_student_profile/Student performance (Polytechnic Institute of Portalegre).csv
STU-PIP-3559,Academic Performance,"{""Admission_Grade"": ""1"", ""Tuition_Paid"": ""1"", ""Target"": ""Enrolled""}",data/processed/prism_student_profile/Student performance (Polytechnic Institute of Portalegre).csv
STU-PIP-3560,Academic Performance,"{""Admission_Grade"": ""1"", ""Tuition_Paid"": ""1"", ""Target"": ""Graduate""}",data/processed/prism_student_profile/Student performance (Polytechnic Institute of Portalegre).csv
STU-PIP-3561,Academic Performance,"{""Admission_Grade"": ""19"", ""Tuition_Paid"": ""1"", ""Target"": ""Enrolled""}",data/processed/prism_student_profile/Student performance (Polytechnic Institute of Portalegre).csv
STU-PIP-3562,Academic Performance,"{""Admission_Grade"": ""1"", ""Tuition_Paid"": ""1"", ""Target"": ""Graduate""}",data/processed/prism_student_profile/Student performance (Polytechnic Institute of Portalegre).csv
STU-PIP-3563,Academic Performance,"{""Admission_Grade"": ""19"", ""Tuition_Paid"": ""1"", ""Target"": ""Dropout""}",data/processed/prism_student_profile/Student performance (Polytechnic Institute of Portalegre).csv
STU-PIP-3564,Academic Performance,"{""Admission_Grade"": ""39"", ""Tuition_Paid"": ""0"", ""Target"": ""Dropout""}",data/processed/prism_student_profile/Student performance (Polytechnic Institute of Portalegre).csv
STU-PIP-3565,Academic Performance,"{""Admission_Grade"": ""39"", ""Tuition_Paid"": ""0"", ""Target"": ""Dropout""}",data/processed/prism_student_profile/Student performance (Polytechnic Institute of Portalegre).csv
STU-PIP-3566,Academic Performance,"{""Admission_Grade"": ""1"", ""Tuition_Paid"": ""0"", ""Target"": ""Dropout""}",data/processed/prism_student_profile/Student performance (Polytechnic Institute of Portalegre).csv
STU-PIP-3567,Academic Performance,"{""Admission_Grade"": ""2"", ""Tuition_Paid"": ""1"", ""Target"": ""Graduate""}",data/processed/prism_student_profile/Student performance (Polytechnic Institute of Portalegre).csv
STU-PIP-3568,Academic Performance,"{""Admission_Grade"": ""1"", ""Tuition_Paid"": ""1"", ""Target"": ""Graduate""}",data/processed/prism_student_profile/Student performance (Polytechnic Institute of Portalegre).csv
STU-PIP-3569,Academic Performance,"{""Admission_Grade"": ""1"", ""Tuition_Paid"": ""1"", ""Target"": ""Graduate""}",data/processed/prism_student_profile/Student performance (Polytechnic Institute of Portalegre).csv
STU-PIP-3570,Academic Performance,"{""Admission_Grade"": ""19"", ""Tuition_Paid"": ""1"", ""Target"": ""Dropout""}",data/processed/prism_student_profile/Student performance (Polytechnic Institute of Portalegre).csv
STU-PIP-3571,Academic Performance,"{""Admission_Grade"": ""1"", ""Tuition_Paid"": ""1"", ""Target"": ""Graduate""}",data/processed/prism_student_profile/Student performance (Polytechnic Institute of Portalegre).csv
STU-PIP-3572,Academic Performance,"{""Admission_Grade"": ""1"", ""Tuition_Paid"": ""1"", ""Target"": ""Graduate""}",data/processed/prism_student_profile/Student performance (Polytechnic Institute of Portalegre).csv
STU-PIP-3573,Academic Performance,"{""Admission_Grade"": ""12"", ""Tuition_Paid"": ""1"", ""Target"": ""Dropout""}",data/processed/prism_student_profile/Student performance (Polytechnic Institute of Portalegre).csv
STU-PIP-3574,Academic Performance,"{""Admission_Grade"": ""1"", ""Tuition_Paid"": ""1"", ""Target"": ""Enrolled""}",data/processed/prism_student_profile/Student performance (Polytechnic Institute of Portalegre).csv
STU-PIP-3575,Academic Performance,"{""Admission_Grade"": ""1"", ""Tuition_Paid"": ""1"", ""Target"": ""Graduate""}",data/processed/prism_student_profile/Student performance (Polytechnic Institute of Portalegre).csv
STU-PIP-3576,Academic Performance,"{""Admission_Grade"": ""1"", ""Tuition_Paid"": ""1"", ""Target"": ""Graduate""}",data/processed/prism_student_profile/Student performance (Polytechnic Institute of Portalegre).csv
STU-PIP-3577,Academic Performance,"{""Admission_Grade"": ""1"", ""Tuition_Paid"": ""1"", ""Target"": ""Graduate""}",data/processed/prism_student_profile/Student performance (Polytechnic Institute of Portalegre).csv
STU-PIP-3578,Academic Performance,"{""Admission_Grade"": ""1"", ""Tuition_Paid"": ""1"", ""Target"": ""Dropout""}",data/processed/prism_student_profile/Student performance (Polytechnic Institute of Portalegre).csv
STU-PIP-3579,Academic Performance,"{""Admission_Grade"": ""1"", ""Tuition_Paid"": ""1"", ""Target"": ""Dropout""}",data/processed/prism_student_profile/Student performance (Polytechnic Institute of Portalegre).csv
STU-PIP-3580,Academic Performance,"{""Admission_Grade"": ""1"", ""Tuition_Paid"": ""1"", ""Target"": ""Graduate""}",data/processed/prism_student_profile/Student performance (Polytechnic Institute of Portalegre).csv
STU-PIP-3581,Academic Performance,"{""Admission_Grade"": ""39"", ""Tuition_Paid"": ""1"", ""Target"": ""Graduate""}",data/processed/prism_student_profile/Student performance (Polytechnic Institute of Portalegre).csv
STU-PIP-3582,Academic Performance,"{""Admission_Grade"": ""1"", ""Tuition_Paid"": ""1"", ""Target"": ""Graduate""}",data/processed/prism_student_profile/Student performance (Polytechnic Institute of Portalegre).csv
STU-PIP-3583,Academic Performance,"{""Admission_Grade"": ""1"", ""Tuition_Paid"": ""1"", ""Target"": ""Dropout""}",data/processed/prism_student_profile/Student performance (Polytechnic Institute of Portalegre).csv
STU-PIP-3584,Academic Performance,"{""Admission_Grade"": ""1"", ""Tuition_Paid"": ""0"", ""Target"": ""Enrolled""}",data/processed/prism_student_profile/Student performance (Polytechnic Institute of Portalegre).csv
STU-PIP-3585,Academic Performance,"{""Admission_Grade"": ""1"", ""Tuition_Paid"": ""1"", ""Target"": ""Graduate""}",data/processed/prism_student_profile/Student performance (Polytechnic Institute of Portalegre).csv
STU-PIP-3586,Academic Performance,"{""Admission_Grade"": ""1"", ""Tuition_Paid"": ""1"", ""Target"": ""Dropout""}",data/processed/prism_student_profile/Student performance (Polytechnic Institute of Portalegre).csv
STU-PIP-3587,Academic Performance,"{""Admission_Grade"": ""3"", ""Tuition_Paid"": ""0"", ""Target"": ""Dropout""}",data/processed/prism_student_profile/Student performance (Polytechnic Institute of Portalegre).csv
STU-PIP-3588,Academic Performance,"{""Admission_Grade"": ""1"", ""Tuition_Paid"": ""1"", ""Target"": ""Graduate""}",data/processed/prism_student_profile/Student performance (Polytechnic Institute of Portalegre).csv
STU-PIP-3589,Academic Performance,"{""Admission_Grade"": ""1"", ""Tuition_Paid"": ""1"", ""Target"": ""Graduate""}",data/processed/prism_student_profile/Student performance (Polytechnic Institute of Portalegre).csv
STU-PIP-3590,Academic Performance,"{""Admission_Grade"": ""40"", ""Tuition_Paid"": ""1"", ""Target"": ""Dropout""}",data/processed/prism_student_profile/Student performance (Polytechnic Institute of Portalegre).csv
STU-PIP-3591,Academic Performance,"{""Admission_Grade"": ""1"", ""Tuition_Paid"": ""1"", ""Target"": ""Enrolled""}",data/processed/prism_student_profile/Student performance (Polytechnic Institute of Portalegre).csv
STU-PIP-3592,Academic Performance,"{""Admission_Grade"": ""1"", ""Tuition_Paid"": ""1"", ""Target"": ""Enrolled""}",data/processed/prism_student_profile/Student performance (Polytechnic Institute of Portalegre).csv
STU-PIP-3593,Academic Performance,"{""Admission_Grade"": ""3"", ""Tuition_Paid"": ""1"", ""Target"": ""Dropout""}",data/processed/prism_student_profile/Student performance (Polytechnic Institute of Portalegre).csv
STU-PIP-3594,Academic Performance,"{""Admission_Grade"": ""1"", ""Tuition_Paid"": ""1"", ""Target"": ""Dropout""}",data/processed/prism_student_profile/Student performance (Polytechnic Institute of Portalegre).csv
STU-PIP-3595,Academic Performance,"{""Admission_Grade"": ""1"", ""Tuition_Paid"": ""1"", ""Target"": ""Enrolled""}",data/processed/prism_student_profile/Student performance (Polytechnic Institute of Portalegre).csv
STU-PIP-3596,Academic Performance,"{""Admission_Grade"": ""39"", ""Tuition_Paid"": ""1"", ""Target"": ""Dropout""}",data/processed/prism_student_profile/Student performance (Polytechnic Institute of Portalegre).csv
STU-PIP-3597,Academic Performance,"{""Admission_Grade"": ""39"", ""Tuition_Paid"": ""1"", ""Target"": ""Enrolled""}",data/processed/prism_student_profile/Student performance (Polytechnic Institute of Portalegre).csv
STU-PIP-3598,Academic Performance,"{""Admission_Grade"": ""1"", ""Tuition_Paid"": ""1"", ""Target"": ""Graduate""}",data/processed/prism_student_profile/Student performance (Polytechnic Institute of Portalegre).csv
STU-PIP-3599,Academic Performance,"{""Admission_Grade"": ""1"", ""Tuition_Paid"": ""1"", ""Target"": ""Graduate""}",data/processed/prism_student_profile/Student performance (Polytechnic Institute of Portalegre).csv
STU-PIP-3600,Academic Performance,"{""Admission_Grade"": ""1"", ""Tuition_Paid"": ""1"", ""Target"": ""Dropout""}",data/processed/prism_student_profile/Student performance (Polytechnic Institute of Portalegre).csv
STU-PIP-3601,Academic Performance,"{""Admission_Grade"": ""1"", ""Tuition_Paid"": ""0"", ""Target"": ""Dropout""}",data/processed/prism_student_profile/Student performance (Polytechnic Institute of Portalegre).csv
STU-PIP-3602,Academic Performance,"{""Admission_Grade"": ""1"", ""Tuition_Paid"": ""1"", ""Target"": ""Graduate""}",data/processed/prism_student_profile/Student performance (Polytechnic Institute of Portalegre).csv
STU-PIP-3603,Academic Performance,"{""Admission_Grade"": ""1"", ""Tuition_Paid"": ""1"", ""Target"": ""Graduate""}",data/processed/prism_student_profile/Student performance (Polytechnic Institute of Portalegre).csv
STU-PIP-3604,Academic Performance,"{""Admission_Grade"": ""1"", ""Tuition_Paid"": ""1"", ""Target"": ""Enrolled""}",data/processed/prism_student_profile/Student performance (Polytechnic Institute of Portalegre).csv
STU-PIP-3605,Academic Performance,"{""Admission_Grade"": ""1"", ""Tuition_Paid"": ""1"", ""Target"": ""Graduate""}",data/processed/prism_student_profile/Student performance (Polytechnic Institute of Portalegre).csv
STU-PIP-3606,Academic Performance,"{""Admission_Grade"": ""1"", ""Tuition_Paid"": ""1"", ""Target"": ""Graduate""}",data/processed/prism_student_profile/Student performance (Polytechnic Institute of Portalegre).csv
STU-PIP-3607,Academic Performance,"{""Admission_Grade"": ""39"", ""Tuition_Paid"": ""1"", ""Target"": ""Dropout""}",data/processed/prism_student_profile/Student performance (Polytechnic Institute of Portalegre).csv
STU-PIP-3608,Academic Performance,"{""Admission_Grade"": ""1"", ""Tuition_Paid"": ""1"", ""Target"": ""Enrolled""}",data/processed/prism_student_profile/Student performance (Polytechnic Institute of Portalegre).csv
STU-PIP-3609,Academic Performance,"{""Admission_Grade"": ""1"", ""Tuition_Paid"": ""1"", ""Target"": ""Dropout""}",data/processed/prism_student_profile/Student performance (Polytechnic Institute of Portalegre).csv
STU-PIP-3610,Academic Performance,"{""Admission_Grade"": ""1"", ""Tuition_Paid"": ""1"", ""Target"": ""Enrolled""}",data/processed/prism_student_profile/Student performance (Polytechnic Institute of Portalegre).csv
STU-PIP-3611,Academic Performance,"{""Admission_Grade"": ""39"", ""Tuition_Paid"": ""1"", ""Target"": ""Enrolled""}",data/processed/prism_student_profile/Student performance (Polytechnic Institute of Portalegre).csv
STU-PIP-3612,Academic Performance,"{""Admission_Grade"": ""1"", ""Tuition_Paid"": ""1"", ""Target"": ""Graduate""}",data/processed/prism_student_profile/Student performance (Polytechnic Institute of Portalegre).csv
STU-PIP-3613,Academic Performance,"{""Admission_Grade"": ""39"", ""Tuition_Paid"": ""1"", ""Target"": ""Dropout""}",data/processed/prism_student_profile/Student performance (Polytechnic Institute of Portalegre).csv
STU-PIP-3614,Academic Performance,"{""Admission_Grade"": ""1"", ""Tuition_Paid"": ""1"", ""Target"": ""Dropout""}",data/processed/prism_student_profile/Student performance (Polytechnic Institute of Portalegre).csv
STU-PIP-3615,Academic Performance,"{""Admission_Grade"": ""1"", ""Tuition_Paid"": ""1"", ""Target"": ""Enrolled""}",data/processed/prism_student_profile/Student performance (Polytechnic Institute of Portalegre).csv
STU-PIP-3616,Academic Performance,"{""Admission_Grade"": ""1"", ""Tuition_Paid"": ""1"", ""Target"": ""Dropout""}",data/processed/prism_student_profile/Student performance (Polytechnic Institute of Portalegre).csv
STU-PIP-3617,Academic Performance,"{""Admission_Grade"": ""1"", ""Tuition_Paid"": ""0"", ""Target"": ""Enrolled""}",data/processed/prism_student_profile/Student performance (Polytechnic Institute of Portalegre).csv
STU-PIP-3618,Academic Performance,"{""Admission_Grade"": ""1"", ""Tuition_Paid"": ""1"", ""Target"": ""Dropout""}",data/processed/prism_student_profile/Student performance (Polytechnic Institute of Portalegre).csv
STU-PIP-3619,Academic Performance,"{""Admission_Grade"": ""1"", ""Tuition_Paid"": ""1"", ""Target"": ""Graduate""}",data/processed/prism_student_profile/Student performance (Polytechnic Institute of Portalegre).csv
STU-PIP-3620,Academic Performance,"{""Admission_Grade"": ""1"", ""Tuition_Paid"": ""1"", ""Target"": ""Graduate""}",data/processed/prism_student_profile/Student performance (Polytechnic Institute of Portalegre).csv
STU-PIP-3621,Academic Performance,"{""Admission_Grade"": ""1"", ""Tuition_Paid"": ""1"", ""Target"": ""Dropout""}",data/processed/prism_student_profile/Student performance (Polytechnic Institute of Portalegre).csv
STU-PIP-3622,Academic Performance,"{""Admission_Grade"": ""1"", ""Tuition_Paid"": ""1"", ""Target"": ""Graduate""}",data/processed/prism_student_profile/Student performance (Polytechnic Institute of Portalegre).csv
STU-PIP-3623,Academic Performance,"{""Admission_Grade"": ""1"", ""Tuition_Paid"": ""1"", ""Target"": ""Graduate""}",data/processed/prism_student_profile/Student performance (Polytechnic Institute of Portalegre).csv
STU-PIP-3624,Academic Performance,"{""Admission_Grade"": ""1"", ""Tuition_Paid"": ""1"", ""Target"": ""Dropout""}",data/processed/prism_student_profile/Student performance (Polytechnic Institute of Portalegre).csv
STU-PIP-3625,Academic Performance,"{""Admission_Grade"": ""1"", ""Tuition_Paid"": ""1"", ""Target"": ""Graduate""}",data/processed/prism_student_profile/Student performance (Polytechnic Institute of Portalegre).csv
STU-PIP-3626,Academic Performance,"{""Admission_Grade"": ""1"", ""Tuition_Paid"": ""1"", ""Target"": ""Enrolled""}",data/processed/prism_student_profile/Student performance (Polytechnic Institute of Portalegre).csv
STU-PIP-3627,Academic Performance,"{""Admission_Grade"": ""1"", ""Tuition_Paid"": ""1"", ""Target"": ""Dropout""}",data/processed/prism_student_profile/Student performance (Polytechnic Institute of Portalegre).csv
STU-PIP-3628,Academic Performance,"{""Admission_Grade"": ""1"", ""Tuition_Paid"": ""1"", ""Target"": ""Enrolled""}",data/processed/prism_student_profile/Student performance (Polytechnic Institute of Portalegre).csv
STU-PIP-3629,Academic Performance,"{""Admission_Grade"": ""1"", ""Tuition_Paid"": ""1"", ""Target"": ""Dropout""}",data/processed/prism_student_profile/Student performance (Polytechnic Institute of Portalegre).csv
STU-PIP-3630,Academic Performance,"{""Admission_Grade"": ""1"", ""Tuition_Paid"": ""0"", ""Target"": ""Graduate""}",data/processed/prism_student_profile/Student performance (Polytechnic Institute of Portalegre).csv
STU-PIP-3631,Academic Performance,"{""Admission_Grade"": ""1"", ""Tuition_Paid"": ""1"", ""Target"": ""Graduate""}",data/processed/prism_student_profile/Student performance (Polytechnic Institute of Portalegre).csv
STU-PIP-3632,Academic Performance,"{""Admission_Grade"": ""1"", ""Tuition_Paid"": ""0"", ""Target"": ""Dropout""}",data/processed/prism_student_profile/Student performance (Polytechnic Institute of Portalegre).csv
STU-PIP-3633,Academic Performance,"{""Admission_Grade"": ""39"", ""Tuition_Paid"": ""1"", ""Target"": ""Enrolled""}",data/processed/prism_student_profile/Student performance (Polytechnic Institute of Portalegre).csv
STU-PIP-3634,Academic Performance,"{""Admission_Grade"": ""1"", ""Tuition_Paid"": ""1"", ""Target"": ""Graduate""}",data/processed/prism_student_profile/Student performance (Polytechnic Institute of Portalegre).csv
STU-PIP-3635,Academic Performance,"{""Admission_Grade"": ""1"", ""Tuition_Paid"": ""1"", ""Target"": ""Graduate""}",data/processed/prism_student_profile/Student performance (Polytechnic Institute of Portalegre).csv
STU-PIP-3636,Academic Performance,"{""Admission_Grade"": ""6"", ""Tuition_Paid"": ""1"", ""Target"": ""Graduate""}",data/processed/prism_student_profile/Student performance (Polytechnic Institute of Portalegre).csv
STU-PIP-3637,Academic Performance,"{""Admission_Grade"": ""1"", ""Tuition_Paid"": ""1"", ""Target"": ""Graduate""}",data/processed/prism_student_profile/Student performance (Polytechnic Institute of Portalegre).csv
STU-PIP-3638,Academic Performance,"{""Admission_Grade"": ""19"", ""Tuition_Paid"": ""0"", ""Target"": ""Enrolled""}",data/processed/prism_student_profile/Student performance (Polytechnic Institute of Portalegre).csv
STU-PIP-3639,Academic Performance,"{""Admission_Grade"": ""1"", ""Tuition_Paid"": ""1"", ""Target"": ""Graduate""}",data/processed/prism_student_profile/Student performance (Polytechnic Institute of Portalegre).csv
STU-PIP-3640,Academic Performance,"{""Admission_Grade"": ""1"", ""Tuition_Paid"": ""1"", ""Target"": ""Graduate""}",data/processed/prism_student_profile/Student performance (Polytechnic Institute of Portalegre).csv
STU-PIP-3641,Academic Performance,"{""Admission_Grade"": ""1"", ""Tuition_Paid"": ""1"", ""Target"": ""Graduate""}",data/processed/prism_student_profile/Student performance (Polytechnic Institute of Portalegre).csv
STU-PIP-3642,Academic Performance,"{""Admission_Grade"": ""1"", ""Tuition_Paid"": ""0"", ""Target"": ""Dropout""}",data/processed/prism_student_profile/Student performance (Polytechnic Institute of Portalegre).csv
STU-PIP-3643,Academic Performance,"{""Admission_Grade"": ""1"", ""Tuition_Paid"": ""1"", ""Target"": ""Graduate""}",data/processed/prism_student_profile/Student performance (Polytechnic Institute of Portalegre).csv
STU-PIP-3644,Academic Performance,"{""Admission_Grade"": ""1"", ""Tuition_Paid"": ""1"", ""Target"": ""Graduate""}",data/processed/prism_student_profile/Student performance (Polytechnic Institute of Portalegre).csv
STU-PIP-3645,Academic Performance,"{""Admission_Grade"": ""1"", ""Tuition_Paid"": ""1"", ""Target"": ""Graduate""}",data/processed/prism_student_profile/Student performance (Polytechnic Institute of Portalegre).csv
STU-PIP-3646,Academic Performance,"{""Admission_Grade"": ""1"", ""Tuition_Paid"": ""1"", ""Target"": ""Graduate""}",data/processed/prism_student_profile/Student performance (Polytechnic Institute of Portalegre).csv
STU-PIP-3647,Academic Performance,"{""Admission_Grade"": ""1"", ""Tuition_Paid"": ""1"", ""Target"": ""Enrolled""}",data/processed/prism_student_profile/Student performance (Polytechnic Institute of Portalegre).csv
STU-PIP-3648,Academic Performance,"{""Admission_Grade"": ""1"", ""Tuition_Paid"": ""1"", ""Target"": ""Dropout""}",data/processed/prism_student_profile/Student performance (Polytechnic Institute of Portalegre).csv
STU-PIP-3649,Academic Performance,"{""Admission_Grade"": ""1"", ""Tuition_Paid"": ""1"", ""Target"": ""Graduate""}",data/processed/prism_student_profile/Student performance (Polytechnic Institute of Portalegre).csv
STU-PIP-3650,Academic Performance,"{""Admission_Grade"": ""19"", ""Tuition_Paid"": ""1"", ""Target"": ""Dropout""}",data/processed/prism_student_profile/Student performance (Polytechnic Institute of Portalegre).csv
STU-PIP-3651,Academic Performance,"{""Admission_Grade"": ""1"", ""Tuition_Paid"": ""1"", ""Target"": ""Graduate""}",data/processed/prism_student_profile/Student performance (Polytechnic Institute of Portalegre).csv
STU-PIP-3652,Academic Performance,"{""Admission_Grade"": ""39"", ""Tuition_Paid"": ""1"", ""Target"": ""Enrolled""}",data/processed/prism_student_profile/Student performance (Polytechnic Institute of Portalegre).csv
STU-PIP-3653,Academic Performance,"{""Admission_Grade"": ""1"", ""Tuition_Paid"": ""1"", ""Target"": ""Graduate""}",data/processed/prism_student_profile/Student performance (Polytechnic Institute of Portalegre).csv
STU-PIP-3654,Academic Performance,"{""Admission_Grade"": ""39"", ""Tuition_Paid"": ""1"", ""Target"": ""Enrolled""}",data/processed/prism_student_profile/Student performance (Polytechnic Institute of Portalegre).csv
STU-PIP-3655,Academic Performance,"{""Admission_Grade"": ""1"", ""Tuition_Paid"": ""1"", ""Target"": ""Graduate""}",data/processed/prism_student_profile/Student performance (Polytechnic Institute of Portalegre).csv
STU-PIP-3656,Academic Performance,"{""Admission_Grade"": ""39"", ""Tuition_Paid"": ""1"", ""Target"": ""Graduate""}",data/processed/prism_student_profile/Student performance (Polytechnic Institute of Portalegre).csv
STU-PIP-3657,Academic Performance,"{""Admission_Grade"": ""1"", ""Tuition_Paid"": ""1"", ""Target"": ""Graduate""}",data/processed/prism_student_profile/Student performance (Polytechnic Institute of Portalegre).csv
STU-PIP-3658,Academic Performance,"{""Admission_Grade"": ""1"", ""Tuition_Paid"": ""1"", ""Target"": ""Graduate""}",data/processed/prism_student_profile/Student performance (Polytechnic Institute of Portalegre).csv
STU-PIP-3659,Academic Performance,"{""Admission_Grade"": ""1"", ""Tuition_Paid"": ""1"", ""Target"": ""Graduate""}",data/processed/prism_student_profile/Student performance (Polytechnic Institute of Portalegre).csv
STU-PIP-3660,Academic Performance,"{""Admission_Grade"": ""39"", ""Tuition_Paid"": ""1"", ""Target"": ""Enrolled""}",data/processed/prism_student_profile/Student performance (Polytechnic Institute of Portalegre).csv
STU-PIP-3661,Academic Performance,"{""Admission_Grade"": ""1"", ""Tuition_Paid"": ""1"", ""Target"": ""Dropout""}",data/processed/prism_student_profile/Student performance (Polytechnic Institute of Portalegre).csv
STU-PIP-3662,Academic Performance,"{""Admission_Grade"": ""1"", ""Tuition_Paid"": ""1"", ""Target"": ""Graduate""}",data/processed/prism_student_profile/Student performance (Polytechnic Institute of Portalegre).csv
STU-PIP-3663,Academic Performance,"{""Admission_Grade"": ""1"", ""Tuition_Paid"": ""1"", ""Target"": ""Graduate""}",data/processed/prism_student_profile/Student performance (Polytechnic Institute of Portalegre).csv
STU-PIP-3664,Academic Performance,"{""Admission_Grade"": ""1"", ""Tuition_Paid"": ""1"", ""Target"": ""Graduate""}",data/processed/prism_student_profile/Student performance (Polytechnic Institute of Portalegre).csv
STU-PIP-3665,Academic Performance,"{""Admission_Grade"": ""1"", ""Tuition_Paid"": ""1"", ""Target"": ""Dropout""}",data/processed/prism_student_profile/Student performance (Polytechnic Institute of Portalegre).csv
STU-PIP-3666,Academic Performance,"{""Admission_Grade"": ""19"", ""Tuition_Paid"": ""1"", ""Target"": ""Enrolled""}",data/processed/prism_student_profile/Student performance (Polytechnic Institute of Portalegre).csv
STU-PIP-3667,Academic Performance,"{""Admission_Grade"": ""1"", ""Tuition_Paid"": ""1"", ""Target"": ""Dropout""}",data/processed/prism_student_profile/Student performance (Polytechnic Institute of Portalegre).csv
STU-PIP-3668,Academic Performance,"{""Admission_Grade"": ""1"", ""Tuition_Paid"": ""0"", ""Target"": ""Dropout""}",data/processed/prism_student_profile/Student performance (Polytechnic Institute of Portalegre).csv
STU-PIP-3669,Academic Performance,"{""Admission_Grade"": ""1"", ""Tuition_Paid"": ""1"", ""Target"": ""Graduate""}",data/processed/prism_student_profile/Student performance (Polytechnic Institute of Portalegre).csv
STU-PIP-3670,Academic Performance,"{""Admission_Grade"": ""1"", ""Tuition_Paid"": ""1"", ""Target"": ""Graduate""}",data/processed/prism_student_profile/Student performance (Polytechnic Institute of Portalegre).csv
STU-PIP-3671,Academic Performance,"{""Admission_Grade"": ""1"", ""Tuition_Paid"": ""1"", ""Target"": ""Graduate""}",data/processed/prism_student_profile/Student performance (Polytechnic Institute of Portalegre).csv
STU-PIP-3672,Academic Performance,"{""Admission_Grade"": ""1"", ""Tuition_Paid"": ""1"", ""Target"": ""Graduate""}",data/processed/prism_student_profile/Student performance (Polytechnic Institute of Portalegre).csv
STU-PIP-3673,Academic Performance,"{""Admission_Grade"": ""39"", ""Tuition_Paid"": ""1"", ""Target"": ""Graduate""}",data/processed/prism_student_profile/Student performance (Polytechnic Institute of Portalegre).csv
STU-PIP-3674,Academic Performance,"{""Admission_Grade"": ""19"", ""Tuition_Paid"": ""1"", ""Target"": ""Graduate""}",data/processed/prism_student_profile/Student performance (Polytechnic Institute of Portalegre).csv
STU-PIP-3675,Academic Performance,"{""Admission_Grade"": ""1"", ""Tuition_Paid"": ""1"", ""Target"": ""Graduate""}",data/processed/prism_student_profile/Student performance (Polytechnic Institute of Portalegre).csv
STU-PIP-3676,Academic Performance,"{""Admission_Grade"": ""1"", ""Tuition_Paid"": ""1"", ""Target"": ""Graduate""}",data/processed/prism_student_profile/Student performance (Polytechnic Institute of Portalegre).csv
STU-PIP-3677,Academic Performance,"{""Admission_Grade"": ""1"", ""Tuition_Paid"": ""0"", ""Target"": ""Graduate""}",data/processed/prism_student_profile/Student performance (Polytechnic Institute of Portalegre).csv
STU-PIP-3678,Academic Performance,"{""Admission_Grade"": ""1"", ""Tuition_Paid"": ""1"", ""Target"": ""Dropout""}",data/processed/prism_student_profile/Student performance (Polytechnic Institute of Portalegre).csv
STU-PIP-3679,Academic Performance,"{""Admission_Grade"": ""1"", ""Tuition_Paid"": ""1"", ""Target"": ""Graduate""}",data/processed/prism_student_profile/Student performance (Polytechnic Institute of Portalegre).csv
STU-PIP-3680,Academic Performance,"{""Admission_Grade"": ""1"", ""Tuition_Paid"": ""1"", ""Target"": ""Graduate""}",data/processed/prism_student_profile/Student performance (Polytechnic Institute of Portalegre).csv
STU-PIP-3681,Academic Performance,"{""Admission_Grade"": ""1"", ""Tuition_Paid"": ""1"", ""Target"": ""Dropout""}",data/processed/prism_student_profile/Student performance (Polytechnic Institute of Portalegre).csv
STU-PIP-3682,Academic Performance,"{""Admission_Grade"": ""1"", ""Tuition_Paid"": ""1"", ""Target"": ""Enrolled""}",data/processed/prism_student_profile/Student performance (Polytechnic Institute of Portalegre).csv
STU-PIP-3683,Academic Performance,"{""Admission_Grade"": ""1"", ""Tuition_Paid"": ""0"", ""Target"": ""Dropout""}",data/processed/prism_student_profile/Student performance (Polytechnic Institute of Portalegre).csv
STU-PIP-3684,Academic Performance,"{""Admission_Grade"": ""1"", ""Tuition_Paid"": ""1"", ""Target"": ""Graduate""}",data/processed/prism_student_profile/Student performance (Polytechnic Institute of Portalegre).csv
STU-PIP-3685,Academic Performance,"{""Admission_Grade"": ""1"", ""Tuition_Paid"": ""1"", ""Target"": ""Dropout""}",data/processed/prism_student_profile/Student performance (Polytechnic Institute of Portalegre).csv
STU-PIP-3686,Academic Performance,"{""Admission_Grade"": ""1"", ""Tuition_Paid"": ""1"", ""Target"": ""Dropout""}",data/processed/prism_student_profile/Student performance (Polytechnic Institute of Portalegre).csv
STU-PIP-3687,Academic Performance,"{""Admission_Grade"": ""1"", ""Tuition_Paid"": ""1"", ""Target"": ""Dropout""}",data/processed/prism_student_profile/Student performance (Polytechnic Institute of Portalegre).csv
STU-PIP-3688,Academic Performance,"{""Admission_Grade"": ""1"", ""Tuition_Paid"": ""0"", ""Target"": ""Dropout""}",data/processed/prism_student_profile/Student performance (Polytechnic Institute of Portalegre).csv
STU-PIP-3689,Academic Performance,"{""Admission_Grade"": ""1"", ""Tuition_Paid"": ""1"", ""Target"": ""Graduate""}",data/processed/prism_student_profile/Student performance (Polytechnic Institute of Portalegre).csv
STU-PIP-3690,Academic Performance,"{""Admission_Grade"": ""1"", ""Tuition_Paid"": ""1"", ""Target"": ""Enrolled""}",data/processed/prism_student_profile/Student performance (Polytechnic Institute of Portalegre).csv
STU-PIP-3691,Academic Performance,"{""Admission_Grade"": ""1"", ""Tuition_Paid"": ""1"", ""Target"": ""Graduate""}",data/processed/prism_student_profile/Student performance (Polytechnic Institute of Portalegre).csv
STU-PIP-3692,Academic Performance,"{""Admission_Grade"": ""1"", ""Tuition_Paid"": ""0"", ""Target"": ""Dropout""}",data/processed/prism_student_profile/Student performance (Polytechnic Institute of Portalegre).csv
STU-PIP-3693,Academic Performance,"{""Admission_Grade"": ""1"", ""Tuition_Paid"": ""1"", ""Target"": ""Dropout""}",data/processed/prism_student_profile/Student performance (Polytechnic Institute of Portalegre).csv
STU-PIP-3694,Academic Performance,"{""Admission_Grade"": ""1"", ""Tuition_Paid"": ""1"", ""Target"": ""Dropout""}",data/processed/prism_student_profile/Student performance (Polytechnic Institute of Portalegre).csv
STU-PIP-3695,Academic Performance,"{""Admission_Grade"": ""1"", ""Tuition_Paid"": ""1"", ""Target"": ""Dropout""}",data/processed/prism_student_profile/Student performance (Polytechnic Institute of Portalegre).csv
STU-PIP-3696,Academic Performance,"{""Admission_Grade"": ""19"", ""Tuition_Paid"": ""0"", ""Target"": ""Dropout""}",data/processed/prism_student_profile/Student performance (Polytechnic Institute of Portalegre).csv
STU-PIP-3697,Academic Performance,"{""Admission_Grade"": ""1"", ""Tuition_Paid"": ""1"", ""Target"": ""Graduate""}",data/processed/prism_student_profile/Student performance (Polytechnic Institute of Portalegre).csv
STU-PIP-3698,Academic Performance,"{""Admission_Grade"": ""1"", ""Tuition_Paid"": ""1"", ""Target"": ""Enrolled""}",data/processed/prism_student_profile/Student performance (Polytechnic Institute of Portalegre).csv
STU-PIP-3699,Academic Performance,"{""Admission_Grade"": ""1"", ""Tuition_Paid"": ""1"", ""Target"": ""Graduate""}",data/processed/prism_student_profile/Student performance (Polytechnic Institute of Portalegre).csv
STU-PIP-3700,Academic Performance,"{""Admission_Grade"": ""1"", ""Tuition_Paid"": ""1"", ""Target"": ""Dropout""}",data/processed/prism_student_profile/Student performance (Polytechnic Institute of Portalegre).csv
STU-PIP-3701,Academic Performance,"{""Admission_Grade"": ""1"", ""Tuition_Paid"": ""1"", ""Target"": ""Enrolled""}",data/processed/prism_student_profile/Student performance (Polytechnic Institute of Portalegre).csv
STU-PIP-3702,Academic Performance,"{""Admission_Grade"": ""1"", ""Tuition_Paid"": ""1"", ""Target"": ""Enrolled""}",data/processed/prism_student_profile/Student performance (Polytechnic Institute of Portalegre).csv
STU-PIP-3703,Academic Performance,"{""Admission_Grade"": ""1"", ""Tuition_Paid"": ""1"", ""Target"": ""Dropout""}",data/processed/prism_student_profile/Student performance (Polytechnic Institute of Portalegre).csv
STU-PIP-3704,Academic Performance,"{""Admission_Grade"": ""1"", ""Tuition_Paid"": ""1"", ""Target"": ""Dropout""}",data/processed/prism_student_profile/Student performance (Polytechnic Institute of Portalegre).csv
STU-PIP-3705,Academic Performance,"{""Admission_Grade"": ""1"", ""Tuition_Paid"": ""1"", ""Target"": ""Graduate""}",data/processed/prism_student_profile/Student performance (Polytechnic Institute of Portalegre).csv
STU-PIP-3706,Academic Performance,"{""Admission_Grade"": ""1"", ""Tuition_Paid"": ""1"", ""Target"": ""Dropout""}",data/processed/prism_student_profile/Student performance (Polytechnic Institute of Portalegre).csv
STU-PIP-3707,Academic Performance,"{""Admission_Grade"": ""1"", ""Tuition_Paid"": ""1"", ""Target"": ""Graduate""}",data/processed/prism_student_profile/Student performance (Polytechnic Institute of Portalegre).csv
STU-PIP-3708,Academic Performance,"{""Admission_Grade"": ""1"", ""Tuition_Paid"": ""1"", ""Target"": ""Graduate""}",data/processed/prism_student_profile/Student performance (Polytechnic Institute of Portalegre).csv
STU-PIP-3709,Academic Performance,"{""Admission_Grade"": ""1"", ""Tuition_Paid"": ""0"", ""Target"": ""Dropout""}",data/processed/prism_student_profile/Student performance (Polytechnic Institute of Portalegre).csv
STU-PIP-3710,Academic Performance,"{""Admission_Grade"": ""1"", ""Tuition_Paid"": ""1"", ""Target"": ""Dropout""}",data/processed/prism_student_profile/Student performance (Polytechnic Institute of Portalegre).csv
STU-PIP-3711,Academic Performance,"{""Admission_Grade"": ""1"", ""Tuition_Paid"": ""1"", ""Target"": ""Graduate""}",data/processed/prism_student_profile/Student performance (Polytechnic Institute of Portalegre).csv
STU-PIP-3712,Academic Performance,"{""Admission_Grade"": ""39"", ""Tuition_Paid"": ""1"", ""Target"": ""Dropout""}",data/processed/prism_student_profile/Student performance (Polytechnic Institute of Portalegre).csv
STU-PIP-3713,Academic Performance,"{""Admission_Grade"": ""1"", ""Tuition_Paid"": ""1"", ""Target"": ""Dropout""}",data/processed/prism_student_profile/Student performance (Polytechnic Institute of Portalegre).csv
STU-PIP-3714,Academic Performance,"{""Admission_Grade"": ""1"", ""Tuition_Paid"": ""1"", ""Target"": ""Dropout""}",data/processed/prism_student_profile/Student performance (Polytechnic Institute of Portalegre).csv
STU-PIP-3715,Academic Performance,"{""Admission_Grade"": ""12"", ""Tuition_Paid"": ""0"", ""Target"": ""Dropout""}",data/processed/prism_student_profile/Student performance (Polytechnic Institute of Portalegre).csv
STU-PIP-3716,Academic Performance,"{""Admission_Grade"": ""1"", ""Tuition_Paid"": ""1"", ""Target"": ""Enrolled""}",data/processed/prism_student_profile/Student performance (Polytechnic Institute of Portalegre).csv
STU-PIP-3717,Academic Performance,"{""Admission_Grade"": ""39"", ""Tuition_Paid"": ""1"", ""Target"": ""Dropout""}",data/processed/prism_student_profile/Student performance (Polytechnic Institute of Portalegre).csv
STU-PIP-3718,Academic Performance,"{""Admission_Grade"": ""1"", ""Tuition_Paid"": ""1"", ""Target"": ""Graduate""}",data/processed/prism_student_profile/Student performance (Polytechnic Institute of Portalegre).csv
STU-PIP-3719,Academic Performance,"{""Admission_Grade"": ""1"", ""Tuition_Paid"": ""1"", ""Target"": ""Dropout""}",data/processed/prism_student_profile/Student performance (Polytechnic Institute of Portalegre).csv
STU-PIP-3720,Academic Performance,"{""Admission_Grade"": ""1"", ""Tuition_Paid"": ""1"", ""Target"": ""Dropout""}",data/processed/prism_student_profile/Student performance (Polytechnic Institute of Portalegre).csv
STU-PIP-3721,Academic Performance,"{""Admission_Grade"": ""1"", ""Tuition_Paid"": ""1"", ""Target"": ""Enrolled""}",data/processed/prism_student_profile/Student performance (Polytechnic Institute of Portalegre).csv
STU-PIP-3722,Academic Performance,"{""Admission_Grade"": ""3"", ""Tuition_Paid"": ""0"", ""Target"": ""Dropout""}",data/processed/prism_student_profile/Student performance (Polytechnic Institute of Portalegre).csv
STU-PIP-3723,Academic Performance,"{""Admission_Grade"": ""12"", ""Tuition_Paid"": ""1"", ""Target"": ""Dropout""}",data/processed/prism_student_profile/Student performance (Polytechnic Institute of Portalegre).csv
STU-PIP-3724,Academic Performance,"{""Admission_Grade"": ""1"", ""Tuition_Paid"": ""1"", ""Target"": ""Dropout""}",data/processed/prism_student_profile/Student performance (Polytechnic Institute of Portalegre).csv
STU-PIP-3725,Academic Performance,"{""Admission_Grade"": ""1"", ""Tuition_Paid"": ""1"", ""Target"": ""Dropout""}",data/processed/prism_student_profile/Student performance (Polytechnic Institute of Portalegre).csv
STU-PIP-3726,Academic Performance,"{""Admission_Grade"": ""39"", ""Tuition_Paid"": ""1"", ""Target"": ""Dropout""}",data/processed/prism_student_profile/Student performance (Polytechnic Institute of Portalegre).csv
STU-PIP-3727,Academic Performance,"{""Admission_Grade"": ""1"", ""Tuition_Paid"": ""0"", ""Target"": ""Dropout""}",data/processed/prism_student_profile/Student performance (Polytechnic Institute of Portalegre).csv
STU-PIP-3728,Academic Performance,"{""Admission_Grade"": ""1"", ""Tuition_Paid"": ""1"", ""Target"": ""Graduate""}",data/processed/prism_student_profile/Student performance (Polytechnic Institute of Portalegre).csv
STU-PIP-3729,Academic Performance,"{""Admission_Grade"": ""2"", ""Tuition_Paid"": ""1"", ""Target"": ""Graduate""}",data/processed/prism_student_profile/Student performance (Polytechnic Institute of Portalegre).csv
STU-PIP-3730,Academic Performance,"{""Admission_Grade"": ""1"", ""Tuition_Paid"": ""1"", ""Target"": ""Graduate""}",data/processed/prism_student_profile/Student performance (Polytechnic Institute of Portalegre).csv
STU-PIP-3731,Academic Performance,"{""Admission_Grade"": ""1"", ""Tuition_Paid"": ""1"", ""Target"": ""Graduate""}",data/processed/prism_student_profile/Student performance (Polytechnic Institute of Portalegre).csv
STU-PIP-3732,Academic Performance,"{""Admission_Grade"": ""1"", ""Tuition_Paid"": ""1"", ""Target"": ""Dropout""}",data/processed/prism_student_profile/Student performance (Polytechnic Institute of Portalegre).csv
STU-PIP-3733,Academic Performance,"{""Admission_Grade"": ""1"", ""Tuition_Paid"": ""1"", ""Target"": ""Graduate""}",data/processed/prism_student_profile/Student performance (Polytechnic Institute of Portalegre).csv
STU-PIP-3734,Academic Performance,"{""Admission_Grade"": ""1"", ""Tuition_Paid"": ""1"", ""Target"": ""Dropout""}",data/processed/prism_student_profile/Student performance (Polytechnic Institute of Portalegre).csv
STU-PIP-3735,Academic Performance,"{""Admission_Grade"": ""1"", ""Tuition_Paid"": ""1"", ""Target"": ""Dropout""}",data/processed/prism_student_profile/Student performance (Polytechnic Institute of Portalegre).csv
STU-PIP-3736,Academic Performance,"{""Admission_Grade"": ""1"", ""Tuition_Paid"": ""1"", ""Target"": ""Graduate""}",data/processed/prism_student_profile/Student performance (Polytechnic Institute of Portalegre).csv
STU-PIP-3737,Academic Performance,"{""Admission_Grade"": ""1"", ""Tuition_Paid"": ""1"", ""Target"": ""Enrolled""}",data/processed/prism_student_profile/Student performance (Polytechnic Institute of Portalegre).csv
STU-PIP-3738,Academic Performance,"{""Admission_Grade"": ""1"", ""Tuition_Paid"": ""1"", ""Target"": ""Enrolled""}",data/processed/prism_student_profile/Student performance (Polytechnic Institute of Portalegre).csv
STU-PIP-3739,Academic Performance,"{""Admission_Grade"": ""1"", ""Tuition_Paid"": ""1"", ""Target"": ""Graduate""}",data/processed/prism_student_profile/Student performance (Polytechnic Institute of Portalegre).csv
STU-PIP-3740,Academic Performance,"{""Admission_Grade"": ""1"", ""Tuition_Paid"": ""1"", ""Target"": ""Dropout""}",data/processed/prism_student_profile/Student performance (Polytechnic Institute of Portalegre).csv
STU-PIP-3741,Academic Performance,"{""Admission_Grade"": ""1"", ""Tuition_Paid"": ""1"", ""Target"": ""Dropout""}",data/processed/prism_student_profile/Student performance (Polytechnic Institute of Portalegre).csv
STU-PIP-3742,Academic Performance,"{""Admission_Grade"": ""1"", ""Tuition_Paid"": ""1"", ""Target"": ""Enrolled""}",data/processed/prism_student_profile/Student performance (Polytechnic Institute of Portalegre).csv
STU-PIP-3743,Academic Performance,"{""Admission_Grade"": ""1"", ""Tuition_Paid"": ""1"", ""Target"": ""Graduate""}",data/processed/prism_student_profile/Student performance (Polytechnic Institute of Portalegre).csv
STU-PIP-3744,Academic Performance,"{""Admission_Grade"": ""40"", ""Tuition_Paid"": ""1"", ""Target"": ""Enrolled""}",data/processed/prism_student_profile/Student performance (Polytechnic Institute of Portalegre).csv
STU-PIP-3745,Academic Performance,"{""Admission_Grade"": ""1"", ""Tuition_Paid"": ""1"", ""Target"": ""Dropout""}",data/processed/prism_student_profile/Student performance (Polytechnic Institute of Portalegre).csv
STU-PIP-3746,Academic Performance,"{""Admission_Grade"": ""1"", ""Tuition_Paid"": ""0"", ""Target"": ""Graduate""}",data/processed/prism_student_profile/Student performance (Polytechnic Institute of Portalegre).csv
STU-PIP-3747,Academic Performance,"{""Admission_Grade"": ""1"", ""Tuition_Paid"": ""1"", ""Target"": ""Graduate""}",data/processed/prism_student_profile/Student performance (Polytechnic Institute of Portalegre).csv
STU-PIP-3748,Academic Performance,"{""Admission_Grade"": ""1"", ""Tuition_Paid"": ""1"", ""Target"": ""Graduate""}",data/processed/prism_student_profile/Student performance (Polytechnic Institute of Portalegre).csv
STU-PIP-3749,Academic Performance,"{""Admission_Grade"": ""1"", ""Tuition_Paid"": ""1"", ""Target"": ""Dropout""}",data/processed/prism_student_profile/Student performance (Polytechnic Institute of Portalegre).csv
STU-PIP-3750,Academic Performance,"{""Admission_Grade"": ""1"", ""Tuition_Paid"": ""1"", ""Target"": ""Graduate""}",data/processed/prism_student_profile/Student performance (Polytechnic Institute of Portalegre).csv
STU-PIP-3751,Academic Performance,"{""Admission_Grade"": ""1"", ""Tuition_Paid"": ""1"", ""Target"": ""Graduate""}",data/processed/prism_student_profile/Student performance (Polytechnic Institute of Portalegre).csv
STU-PIP-3752,Academic Performance,"{""Admission_Grade"": ""1"", ""Tuition_Paid"": ""1"", ""Target"": ""Graduate""}",data/processed/prism_student_profile/Student performance (Polytechnic Institute of Portalegre).csv
STU-PIP-3753,Academic Performance,"{""Admission_Grade"": ""1"", ""Tuition_Paid"": ""1"", ""Target"": ""Graduate""}",data/processed/prism_student_profile/Student performance (Polytechnic Institute of Portalegre).csv
STU-PIP-3754,Academic Performance,"{""Admission_Grade"": ""6"", ""Tuition_Paid"": ""1"", ""Target"": ""Graduate""}",data/processed/prism_student_profile/Student performance (Polytechnic Institute of Portalegre).csv
STU-PIP-3755,Academic Performance,"{""Admission_Grade"": ""19"", ""Tuition_Paid"": ""1"", ""Target"": ""Dropout""}",data/processed/prism_student_profile/Student performance (Polytechnic Institute of Portalegre).csv
STU-PIP-3756,Academic Performance,"{""Admission_Grade"": ""1"", ""Tuition_Paid"": ""1"", ""Target"": ""Dropout""}",data/processed/prism_student_profile/Student performance (Polytechnic Institute of Portalegre).csv
STU-PIP-3757,Academic Performance,"{""Admission_Grade"": ""1"", ""Tuition_Paid"": ""1"", ""Target"": ""Graduate""}",data/processed/prism_student_profile/Student performance (Polytechnic Institute of Portalegre).csv
STU-PIP-3758,Academic Performance,"{""Admission_Grade"": ""1"", ""Tuition_Paid"": ""1"", ""Target"": ""Graduate""}",data/processed/prism_student_profile/Student performance (Polytechnic Institute of Portalegre).csv
STU-PIP-3759,Academic Performance,"{""Admission_Grade"": ""1"", ""Tuition_Paid"": ""1"", ""Target"": ""Enrolled""}",data/processed/prism_student_profile/Student performance (Polytechnic Institute of Portalegre).csv
STU-PIP-3760,Academic Performance,"{""Admission_Grade"": ""1"", ""Tuition_Paid"": ""1"", ""Target"": ""Dropout""}",data/processed/prism_student_profile/Student performance (Polytechnic Institute of Portalegre).csv
STU-PIP-3761,Academic Performance,"{""Admission_Grade"": ""1"", ""Tuition_Paid"": ""1"", ""Target"": ""Graduate""}",data/processed/prism_student_profile/Student performance (Polytechnic Institute of Portalegre).csv
STU-PIP-3762,Academic Performance,"{""Admission_Grade"": ""3"", ""Tuition_Paid"": ""0"", ""Target"": ""Dropout""}",data/processed/prism_student_profile/Student performance (Polytechnic Institute of Portalegre).csv
STU-PIP-3763,Academic Performance,"{""Admission_Grade"": ""1"", ""Tuition_Paid"": ""1"", ""Target"": ""Graduate""}",data/processed/prism_student_profile/Student performance (Polytechnic Institute of Portalegre).csv
STU-PIP-3764,Academic Performance,"{""Admission_Grade"": ""1"", ""Tuition_Paid"": ""1"", ""Target"": ""Graduate""}",data/processed/prism_student_profile/Student performance (Polytechnic Institute of Portalegre).csv
STU-PIP-3765,Academic Performance,"{""Admission_Grade"": ""1"", ""Tuition_Paid"": ""1"", ""Target"": ""Graduate""}",data/processed/prism_student_profile/Student performance (Polytechnic Institute of Portalegre).csv
STU-PIP-3766,Academic Performance,"{""Admission_Grade"": ""1"", ""Tuition_Paid"": ""1"", ""Target"": ""Graduate""}",data/processed/prism_student_profile/Student performance (Polytechnic Institute of Portalegre).csv
STU-PIP-3767,Academic Performance,"{""Admission_Grade"": ""1"", ""Tuition_Paid"": ""1"", ""Target"": ""Graduate""}",data/processed/prism_student_profile/Student performance (Polytechnic Institute of Portalegre).csv
STU-PIP-3768,Academic Performance,"{""Admission_Grade"": ""1"", ""Tuition_Paid"": ""0"", ""Target"": ""Dropout""}",data/processed/prism_student_profile/Student performance (Polytechnic Institute of Portalegre).csv
STU-PIP-3769,Academic Performance,"{""Admission_Grade"": ""1"", ""Tuition_Paid"": ""1"", ""Target"": ""Enrolled""}",data/processed/prism_student_profile/Student performance (Polytechnic Institute of Portalegre).csv
STU-PIP-3770,Academic Performance,"{""Admission_Grade"": ""1"", ""Tuition_Paid"": ""1"", ""Target"": ""Dropout""}",data/processed/prism_student_profile/Student performance (Polytechnic Institute of Portalegre).csv
STU-PIP-3771,Academic Performance,"{""Admission_Grade"": ""39"", ""Tuition_Paid"": ""1"", ""Target"": ""Dropout""}",data/processed/prism_student_profile/Student performance (Polytechnic Institute of Portalegre).csv
STU-PIP-3772,Academic Performance,"{""Admission_Grade"": ""39"", ""Tuition_Paid"": ""1"", ""Target"": ""Graduate""}",data/processed/prism_student_profile/Student performance (Polytechnic Institute of Portalegre).csv
STU-PIP-3773,Academic Performance,"{""Admission_Grade"": ""1"", ""Tuition_Paid"": ""1"", ""Target"": ""Graduate""}",data/processed/prism_student_profile/Student performance (Polytechnic Institute of Portalegre).csv
STU-PIP-3774,Academic Performance,"{""Admission_Grade"": ""19"", ""Tuition_Paid"": ""0"", ""Target"": ""Dropout""}",data/processed/prism_student_profile/Student performance (Polytechnic Institute of Portalegre).csv
STU-PIP-3775,Academic Performance,"{""Admission_Grade"": ""1"", ""Tuition_Paid"": ""1"", ""Target"": ""Graduate""}",data/processed/prism_student_profile/Student performance (Polytechnic Institute of Portalegre).csv
STU-PIP-3776,Academic Performance,"{""Admission_Grade"": ""1"", ""Tuition_Paid"": ""1"", ""Target"": ""Dropout""}",data/processed/prism_student_profile/Student performance (Polytechnic Institute of Portalegre).csv
STU-PIP-3777,Academic Performance,"{""Admission_Grade"": ""39"", ""Tuition_Paid"": ""0"", ""Target"": ""Graduate""}",data/processed/prism_student_profile/Student performance (Polytechnic Institute of Portalegre).csv
STU-PIP-3778,Academic Performance,"{""Admission_Grade"": ""1"", ""Tuition_Paid"": ""1"", ""Target"": ""Graduate""}",data/processed/prism_student_profile/Student performance (Polytechnic Institute of Portalegre).csv
STU-PIP-3779,Academic Performance,"{""Admission_Grade"": ""39"", ""Tuition_Paid"": ""1"", ""Target"": ""Enrolled""}",data/processed/prism_student_profile/Student performance (Polytechnic Institute of Portalegre).csv
STU-PIP-3780,Academic Performance,"{""Admission_Grade"": ""1"", ""Tuition_Paid"": ""1"", ""Target"": ""Enrolled""}",data/processed/prism_student_profile/Student performance (Polytechnic Institute of Portalegre).csv
STU-PIP-3781,Academic Performance,"{""Admission_Grade"": ""1"", ""Tuition_Paid"": ""1"", ""Target"": ""Graduate""}",data/processed/prism_student_profile/Student performance (Polytechnic Institute of Portalegre).csv
STU-PIP-3782,Academic Performance,"{""Admission_Grade"": ""1"", ""Tuition_Paid"": ""1"", ""Target"": ""Graduate""}",data/processed/prism_student_profile/Student performance (Polytechnic Institute of Portalegre).csv
STU-PIP-3783,Academic Performance,"{""Admission_Grade"": ""1"", ""Tuition_Paid"": ""1"", ""Target"": ""Graduate""}",data/processed/prism_student_profile/Student performance (Polytechnic Institute of Portalegre).csv
STU-PIP-3784,Academic Performance,"{""Admission_Grade"": ""1"", ""Tuition_Paid"": ""1"", ""Target"": ""Enrolled""}",data/processed/prism_student_profile/Student performance (Polytechnic Institute of Portalegre).csv
STU-PIP-3785,Academic Performance,"{""Admission_Grade"": ""40"", ""Tuition_Paid"": ""1"", ""Target"": ""Dropout""}",data/processed/prism_student_profile/Student performance (Polytechnic Institute of Portalegre).csv
STU-PIP-3786,Academic Performance,"{""Admission_Grade"": ""39"", ""Tuition_Paid"": ""1"", ""Target"": ""Enrolled""}",data/processed/prism_student_profile/Student performance (Polytechnic Institute of Portalegre).csv
STU-PIP-3787,Academic Performance,"{""Admission_Grade"": ""1"", ""Tuition_Paid"": ""1"", ""Target"": ""Dropout""}",data/processed/prism_student_profile/Student performance (Polytechnic Institute of Portalegre).csv
STU-PIP-3788,Academic Performance,"{""Admission_Grade"": ""1"", ""Tuition_Paid"": ""1"", ""Target"": ""Dropout""}",data/processed/prism_student_profile/Student performance (Polytechnic Institute of Portalegre).csv
STU-PIP-3789,Academic Performance,"{""Admission_Grade"": ""39"", ""Tuition_Paid"": ""1"", ""Target"": ""Enrolled""}",data/processed/prism_student_profile/Student performance (Polytechnic Institute of Portalegre).csv
STU-PIP-3790,Academic Performance,"{""Admission_Grade"": ""1"", ""Tuition_Paid"": ""0"", ""Target"": ""Dropout""}",data/processed/prism_student_profile/Student performance (Polytechnic Institute of Portalegre).csv
STU-PIP-3791,Academic Performance,"{""Admission_Grade"": ""1"", ""Tuition_Paid"": ""1"", ""Target"": ""Graduate""}",data/processed/prism_student_profile/Student performance (Polytechnic Institute of Portalegre).csv
STU-PIP-3792,Academic Performance,"{""Admission_Grade"": ""39"", ""Tuition_Paid"": ""1"", ""Target"": ""Dropout""}",data/processed/prism_student_profile/Student performance (Polytechnic Institute of Portalegre).csv
STU-PIP-3793,Academic Performance,"{""Admission_Grade"": ""1"", ""Tuition_Paid"": ""0"", ""Target"": ""Dropout""}",data/processed/prism_student_profile/Student performance (Polytechnic Institute of Portalegre).csv
STU-PIP-3794,Academic Performance,"{""Admission_Grade"": ""1"", ""Tuition_Paid"": ""1"", ""Target"": ""Dropout""}",data/processed/prism_student_profile/Student performance (Polytechnic Institute of Portalegre).csv
STU-PIP-3795,Academic Performance,"{""Admission_Grade"": ""1"", ""Tuition_Paid"": ""1"", ""Target"": ""Dropout""}",data/processed/prism_student_profile/Student performance (Polytechnic Institute of Portalegre).csv
STU-PIP-3796,Academic Performance,"{""Admission_Grade"": ""1"", ""Tuition_Paid"": ""1"", ""Target"": ""Graduate""}",data/processed/prism_student_profile/Student performance (Polytechnic Institute of Portalegre).csv
STU-PIP-3797,Academic Performance,"{""Admission_Grade"": ""1"", ""Tuition_Paid"": ""1"", ""Target"": ""Graduate""}",data/processed/prism_student_profile/Student performance (Polytechnic Institute of Portalegre).csv
STU-PIP-3798,Academic Performance,"{""Admission_Grade"": ""1"", ""Tuition_Paid"": ""1"", ""Target"": ""Dropout""}",data/processed/prism_student_profile/Student performance (Polytechnic Institute of Portalegre).csv
STU-PIP-3799,Academic Performance,"{""Admission_Grade"": ""1"", ""Tuition_Paid"": ""1"", ""Target"": ""Graduate""}",data/processed/prism_student_profile/Student performance (Polytechnic Institute of Portalegre).csv
STU-PIP-3800,Academic Performance,"{""Admission_Grade"": ""12"", ""Tuition_Paid"": ""0"", ""Target"": ""Dropout""}",data/processed/prism_student_profile/Student performance (Polytechnic Institute of Portalegre).csv
STU-PIP-3801,Academic Performance,"{""Admission_Grade"": ""1"", ""Tuition_Paid"": ""1"", ""Target"": ""Dropout""}",data/processed/prism_student_profile/Student performance (Polytechnic Institute of Portalegre).csv
STU-PIP-3802,Academic Performance,"{""Admission_Grade"": ""1"", ""Tuition_Paid"": ""1"", ""Target"": ""Graduate""}",data/processed/prism_student_profile/Student performance (Polytechnic Institute of Portalegre).csv
STU-PIP-3803,Academic Performance,"{""Admission_Grade"": ""1"", ""Tuition_Paid"": ""1"", ""Target"": ""Graduate""}",data/processed/prism_student_profile/Student performance (Polytechnic Institute of Portalegre).csv
STU-PIP-3804,Academic Performance,"{""Admission_Grade"": ""10"", ""Tuition_Paid"": ""1"", ""Target"": ""Graduate""}",data/processed/prism_student_profile/Student performance (Polytechnic Institute of Portalegre).csv
STU-PIP-3805,Academic Performance,"{""Admission_Grade"": ""1"", ""Tuition_Paid"": ""1"", ""Target"": ""Dropout""}",data/processed/prism_student_profile/Student performance (Polytechnic Institute of Portalegre).csv
STU-PIP-3806,Academic Performance,"{""Admission_Grade"": ""1"", ""Tuition_Paid"": ""1"", ""Target"": ""Dropout""}",data/processed/prism_student_profile/Student performance (Polytechnic Institute of Portalegre).csv
STU-PIP-3807,Academic Performance,"{""Admission_Grade"": ""1"", ""Tuition_Paid"": ""1"", ""Target"": ""Graduate""}",data/processed/prism_student_profile/Student performance (Polytechnic Institute of Portalegre).csv
STU-PIP-3808,Academic Performance,"{""Admission_Grade"": ""19"", ""Tuition_Paid"": ""1"", ""Target"": ""Graduate""}",data/processed/prism_student_profile/Student performance (Polytechnic Institute of Portalegre).csv
STU-PIP-3809,Academic Performance,"{""Admission_Grade"": ""2"", ""Tuition_Paid"": ""1"", ""Target"": ""Dropout""}",data/processed/prism_student_profile/Student performance (Polytechnic Institute of Portalegre).csv
STU-PIP-3810,Academic Performance,"{""Admission_Grade"": ""1"", ""Tuition_Paid"": ""1"", ""Target"": ""Dropout""}",data/processed/prism_student_profile/Student performance (Polytechnic Institute of Portalegre).csv
STU-PIP-3811,Academic Performance,"{""Admission_Grade"": ""1"", ""Tuition_Paid"": ""1"", ""Target"": ""Enrolled""}",data/processed/prism_student_profile/Student performance (Polytechnic Institute of Portalegre).csv
STU-PIP-3812,Academic Performance,"{""Admission_Grade"": ""1"", ""Tuition_Paid"": ""0"", ""Target"": ""Dropout""}",data/processed/prism_student_profile/Student performance (Polytechnic Institute of Portalegre).csv
STU-PIP-3813,Academic Performance,"{""Admission_Grade"": ""1"", ""Tuition_Paid"": ""1"", ""Target"": ""Graduate""}",data/processed/prism_student_profile/Student performance (Polytechnic Institute of Portalegre).csv
STU-PIP-3814,Academic Performance,"{""Admission_Grade"": ""43"", ""Tuition_Paid"": ""1"", ""Target"": ""Graduate""}",data/processed/prism_student_profile/Student performance (Polytechnic Institute of Portalegre).csv
STU-PIP-3815,Academic Performance,"{""Admission_Grade"": ""1"", ""Tuition_Paid"": ""1"", ""Target"": ""Graduate""}",data/processed/prism_student_profile/Student performance (Polytechnic Institute of Portalegre).csv
STU-PIP-3816,Academic Performance,"{""Admission_Grade"": ""1"", ""Tuition_Paid"": ""1"", ""Target"": ""Enrolled""}",data/processed/prism_student_profile/Student performance (Polytechnic Institute of Portalegre).csv
STU-PIP-3817,Academic Performance,"{""Admission_Grade"": ""1"", ""Tuition_Paid"": ""1"", ""Target"": ""Dropout""}",data/processed/prism_student_profile/Student performance (Polytechnic Institute of Portalegre).csv
STU-PIP-3818,Academic Performance,"{""Admission_Grade"": ""1"", ""Tuition_Paid"": ""1"", ""Target"": ""Graduate""}",data/processed/prism_student_profile/Student performance (Polytechnic Institute of Portalegre).csv
STU-PIP-3819,Academic Performance,"{""Admission_Grade"": ""1"", ""Tuition_Paid"": ""1"", ""Target"": ""Dropout""}",data/processed/prism_student_profile/Student performance (Polytechnic Institute of Portalegre).csv
STU-PIP-3820,Academic Performance,"{""Admission_Grade"": ""1"", ""Tuition_Paid"": ""0"", ""Target"": ""Dropout""}",data/processed/prism_student_profile/Student performance (Polytechnic Institute of Portalegre).csv
STU-PIP-3821,Academic Performance,"{""Admission_Grade"": ""39"", ""Tuition_Paid"": ""1"", ""Target"": ""Enrolled""}",data/processed/prism_student_profile/Student performance (Polytechnic Institute of Portalegre).csv
STU-PIP-3822,Academic Performance,"{""Admission_Grade"": ""1"", ""Tuition_Paid"": ""1"", ""Target"": ""Dropout""}",data/processed/prism_student_profile/Student performance (Polytechnic Institute of Portalegre).csv
STU-PIP-3823,Academic Performance,"{""Admission_Grade"": ""1"", ""Tuition_Paid"": ""1"", ""Target"": ""Graduate""}",data/processed/prism_student_profile/Student performance (Polytechnic Institute of Portalegre).csv
STU-PIP-3824,Academic Performance,"{""Admission_Grade"": ""39"", ""Tuition_Paid"": ""1"", ""Target"": ""Dropout""}",data/processed/prism_student_profile/Student performance (Polytechnic Institute of Portalegre).csv
STU-PIP-3825,Academic Performance,"{""Admission_Grade"": ""1"", ""Tuition_Paid"": ""1"", ""Target"": ""Enrolled""}",data/processed/prism_student_profile/Student performance (Polytechnic Institute of Portalegre).csv
STU-PIP-3826,Academic Performance,"{""Admission_Grade"": ""1"", ""Tuition_Paid"": ""1"", ""Target"": ""Dropout""}",data/processed/prism_student_profile/Student performance (Polytechnic Institute of Portalegre).csv
STU-PIP-3827,Academic Performance,"{""Admission_Grade"": ""19"", ""Tuition_Paid"": ""1"", ""Target"": ""Dropout""}",data/processed/prism_student_profile/Student performance (Polytechnic Institute of Portalegre).csv
STU-PIP-3828,Academic Performance,"{""Admission_Grade"": ""39"", ""Tuition_Paid"": ""1"", ""Target"": ""Graduate""}",data/processed/prism_student_profile/Student performance (Polytechnic Institute of Portalegre).csv
STU-PIP-3829,Academic Performance,"{""Admission_Grade"": ""1"", ""Tuition_Paid"": ""1"", ""Target"": ""Dropout""}",data/processed/prism_student_profile/Student performance (Polytechnic Institute of Portalegre).csv
STU-PIP-3830,Academic Performance,"{""Admission_Grade"": ""1"", ""Tuition_Paid"": ""1"", ""Target"": ""Dropout""}",data/processed/prism_student_profile/Student performance (Polytechnic Institute of Portalegre).csv
STU-PIP-3831,Academic Performance,"{""Admission_Grade"": ""1"", ""Tuition_Paid"": ""1"", ""Target"": ""Graduate""}",data/processed/prism_student_profile/Student performance (Polytechnic Institute of Portalegre).csv
STU-PIP-3832,Academic Performance,"{""Admission_Grade"": ""1"", ""Tuition_Paid"": ""1"", ""Target"": ""Enrolled""}",data/processed/prism_student_profile/Student performance (Polytechnic Institute of Portalegre).csv
STU-PIP-3833,Academic Performance,"{""Admission_Grade"": ""1"", ""Tuition_Paid"": ""1"", ""Target"": ""Enrolled""}",data/processed/prism_student_profile/Student performance (Polytechnic Institute of Portalegre).csv
STU-PIP-3834,Academic Performance,"{""Admission_Grade"": ""1"", ""Tuition_Paid"": ""1"", ""Target"": ""Dropout""}",data/processed/prism_student_profile/Student performance (Polytechnic Institute of Portalegre).csv
STU-PIP-3835,Academic Performance,"{""Admission_Grade"": ""1"", ""Tuition_Paid"": ""1"", ""Target"": ""Graduate""}",data/processed/prism_student_profile/Student performance (Polytechnic Institute of Portalegre).csv
STU-PIP-3836,Academic Performance,"{""Admission_Grade"": ""1"", ""Tuition_Paid"": ""1"", ""Target"": ""Dropout""}",data/processed/prism_student_profile/Student performance (Polytechnic Institute of Portalegre).csv
STU-PIP-3837,Academic Performance,"{""Admission_Grade"": ""1"", ""Tuition_Paid"": ""0"", ""Target"": ""Dropout""}",data/processed/prism_student_profile/Student performance (Polytechnic Institute of Portalegre).csv
STU-PIP-3838,Academic Performance,"{""Admission_Grade"": ""1"", ""Tuition_Paid"": ""0"", ""Target"": ""Dropout""}",data/processed/prism_student_profile/Student performance (Polytechnic Institute of Portalegre).csv
STU-PIP-3839,Academic Performance,"{""Admission_Grade"": ""1"", ""Tuition_Paid"": ""1"", ""Target"": ""Dropout""}",data/processed/prism_student_profile/Student performance (Polytechnic Institute of Portalegre).csv
STU-PIP-3840,Academic Performance,"{""Admission_Grade"": ""1"", ""Tuition_Paid"": ""0"", ""Target"": ""Dropout""}",data/processed/prism_student_profile/Student performance (Polytechnic Institute of Portalegre).csv
STU-PIP-3841,Academic Performance,"{""Admission_Grade"": ""1"", ""Tuition_Paid"": ""1"", ""Target"": ""Enrolled""}",data/processed/prism_student_profile/Student performance (Polytechnic Institute of Portalegre).csv
STU-PIP-3842,Academic Performance,"{""Admission_Grade"": ""1"", ""Tuition_Paid"": ""1"", ""Target"": ""Enrolled""}",data/processed/prism_student_profile/Student performance (Polytechnic Institute of Portalegre).csv
STU-PIP-3843,Academic Performance,"{""Admission_Grade"": ""19"", ""Tuition_Paid"": ""1"", ""Target"": ""Dropout""}",data/processed/prism_student_profile/Student performance (Polytechnic Institute of Portalegre).csv
STU-PIP-3844,Academic Performance,"{""Admission_Grade"": ""1"", ""Tuition_Paid"": ""1"", ""Target"": ""Dropout""}",data/processed/prism_student_profile/Student performance (Polytechnic Institute of Portalegre).csv
STU-PIP-3845,Academic Performance,"{""Admission_Grade"": ""1"", ""Tuition_Paid"": ""1"", ""Target"": ""Graduate""}",data/processed/prism_student_profile/Student performance (Polytechnic Institute of Portalegre).csv
STU-PIP-3846,Academic Performance,"{""Admission_Grade"": ""12"", ""Tuition_Paid"": ""0"", ""Target"": ""Dropout""}",data/processed/prism_student_profile/Student performance (Polytechnic Institute of Portalegre).csv
STU-PIP-3847,Academic Performance,"{""Admission_Grade"": ""1"", ""Tuition_Paid"": ""0"", ""Target"": ""Dropout""}",data/processed/prism_student_profile/Student performance (Polytechnic Institute of Portalegre).csv
STU-PIP-3848,Academic Performance,"{""Admission_Grade"": ""1"", ""Tuition_Paid"": ""0"", ""Target"": ""Dropout""}",data/processed/prism_student_profile/Student performance (Polytechnic Institute of Portalegre).csv
STU-PIP-3849,Academic Performance,"{""Admission_Grade"": ""1"", ""Tuition_Paid"": ""0"", ""Target"": ""Dropout""}",data/processed/prism_student_profile/Student performance (Polytechnic Institute of Portalegre).csv
STU-PIP-3850,Academic Performance,"{""Admission_Grade"": ""1"", ""Tuition_Paid"": ""1"", ""Target"": ""Graduate""}",data/processed/prism_student_profile/Student performance (Polytechnic Institute of Portalegre).csv
STU-PIP-3851,Academic Performance,"{""Admission_Grade"": ""1"", ""Tuition_Paid"": ""0"", ""Target"": ""Dropout""}",data/processed/prism_student_profile/Student performance (Polytechnic Institute of Portalegre).csv
STU-PIP-3852,Academic Performance,"{""Admission_Grade"": ""12"", ""Tuition_Paid"": ""0"", ""Target"": ""Dropout""}",data/processed/prism_student_profile/Student performance (Polytechnic Institute of Portalegre).csv
STU-PIP-3853,Academic Performance,"{""Admission_Grade"": ""1"", ""Tuition_Paid"": ""1"", ""Target"": ""Dropout""}",data/processed/prism_student_profile/Student performance (Polytechnic Institute of Portalegre).csv
STU-PIP-3854,Academic Performance,"{""Admission_Grade"": ""1"", ""Tuition_Paid"": ""1"", ""Target"": ""Dropout""}",data/processed/prism_student_profile/Student performance (Polytechnic Institute of Portalegre).csv
STU-PIP-3855,Academic Performance,"{""Admission_Grade"": ""1"", ""Tuition_Paid"": ""0"", ""Target"": ""Dropout""}",data/processed/prism_student_profile/Student performance (Polytechnic Institute of Portalegre).csv
STU-PIP-3856,Academic Performance,"{""Admission_Grade"": ""1"", ""Tuition_Paid"": ""1"", ""Target"": ""Graduate""}",data/processed/prism_student_profile/Student performance (Polytechnic Institute of Portalegre).csv
STU-PIP-3857,Academic Performance,"{""Admission_Grade"": ""1"", ""Tuition_Paid"": ""1"", ""Target"": ""Graduate""}",data/processed/prism_student_profile/Student performance (Polytechnic Institute of Portalegre).csv
STU-PIP-3858,Academic Performance,"{""Admission_Grade"": ""19"", ""Tuition_Paid"": ""1"", ""Target"": ""Graduate""}",data/processed/prism_student_profile/Student performance (Polytechnic Institute of Portalegre).csv
STU-PIP-3859,Academic Performance,"{""Admission_Grade"": ""1"", ""Tuition_Paid"": ""1"", ""Target"": ""Dropout""}",data/processed/prism_student_profile/Student performance (Polytechnic Institute of Portalegre).csv
STU-PIP-3860,Academic Performance,"{""Admission_Grade"": ""1"", ""Tuition_Paid"": ""1"", ""Target"": ""Dropout""}",data/processed/prism_student_profile/Student performance (Polytechnic Institute of Portalegre).csv
STU-PIP-3861,Academic Performance,"{""Admission_Grade"": ""19"", ""Tuition_Paid"": ""1"", ""Target"": ""Dropout""}",data/processed/prism_student_profile/Student performance (Polytechnic Institute of Portalegre).csv
STU-PIP-3862,Academic Performance,"{""Admission_Grade"": ""1"", ""Tuition_Paid"": ""1"", ""Target"": ""Dropout""}",data/processed/prism_student_profile/Student performance (Polytechnic Institute of Portalegre).csv
STU-PIP-3863,Academic Performance,"{""Admission_Grade"": ""1"", ""Tuition_Paid"": ""1"", ""Target"": ""Graduate""}",data/processed/prism_student_profile/Student performance (Polytechnic Institute of Portalegre).csv
STU-PIP-3864,Academic Performance,"{""Admission_Grade"": ""1"", ""Tuition_Paid"": ""1"", ""Target"": ""Graduate""}",data/processed/prism_student_profile/Student performance (Polytechnic Institute of Portalegre).csv
STU-PIP-3865,Academic Performance,"{""Admission_Grade"": ""1"", ""Tuition_Paid"": ""0"", ""Target"": ""Dropout""}",data/processed/prism_student_profile/Student performance (Polytechnic Institute of Portalegre).csv
STU-PIP-3866,Academic Performance,"{""Admission_Grade"": ""1"", ""Tuition_Paid"": ""1"", ""Target"": ""Dropout""}",data/processed/prism_student_profile/Student performance (Polytechnic Institute of Portalegre).csv
STU-PIP-3867,Academic Performance,"{""Admission_Grade"": ""1"", ""Tuition_Paid"": ""1"", ""Target"": ""Dropout""}",data/processed/prism_student_profile/Student performance (Polytechnic Institute of Portalegre).csv
STU-PIP-3868,Academic Performance,"{""Admission_Grade"": ""1"", ""Tuition_Paid"": ""1"", ""Target"": ""Graduate""}",data/processed/prism_student_profile/Student performance (Polytechnic Institute of Portalegre).csv
STU-PIP-3869,Academic Performance,"{""Admission_Grade"": ""39"", ""Tuition_Paid"": ""1"", ""Target"": ""Graduate""}",data/processed/prism_student_profile/Student performance (Polytechnic Institute of Portalegre).csv
STU-PIP-3870,Academic Performance,"{""Admission_Grade"": ""1"", ""Tuition_Paid"": ""0"", ""Target"": ""Dropout""}",data/processed/prism_student_profile/Student performance (Polytechnic Institute of Portalegre).csv
STU-PIP-3871,Academic Performance,"{""Admission_Grade"": ""1"", ""Tuition_Paid"": ""1"", ""Target"": ""Graduate""}",data/processed/prism_student_profile/Student performance (Polytechnic Institute of Portalegre).csv
STU-PIP-3872,Academic Performance,"{""Admission_Grade"": ""1"", ""Tuition_Paid"": ""1"", ""Target"": ""Graduate""}",data/processed/prism_student_profile/Student performance (Polytechnic Institute of Portalegre).csv
STU-PIP-3873,Academic Performance,"{""Admission_Grade"": ""6"", ""Tuition_Paid"": ""1"", ""Target"": ""Graduate""}",data/processed/prism_student_profile/Student performance (Polytechnic Institute of Portalegre).csv
STU-PIP-3874,Academic Performance,"{""Admission_Grade"": ""1"", ""Tuition_Paid"": ""0"", ""Target"": ""Dropout""}",data/processed/prism_student_profile/Student performance (Polytechnic Institute of Portalegre).csv
STU-PIP-3875,Academic Performance,"{""Admission_Grade"": ""1"", ""Tuition_Paid"": ""0"", ""Target"": ""Dropout""}",data/processed/prism_student_profile/Student performance (Polytechnic Institute of Portalegre).csv
STU-PIP-3876,Academic Performance,"{""Admission_Grade"": ""19"", ""Tuition_Paid"": ""1"", ""Target"": ""Dropout""}",data/processed/prism_student_profile/Student performance (Polytechnic Institute of Portalegre).csv
STU-PIP-3877,Academic Performance,"{""Admission_Grade"": ""1"", ""Tuition_Paid"": ""1"", ""Target"": ""Dropout""}",data/processed/prism_student_profile/Student performance (Polytechnic Institute of Portalegre).csv
STU-PIP-3878,Academic Performance,"{""Admission_Grade"": ""1"", ""Tuition_Paid"": ""1"", ""Target"": ""Graduate""}",data/processed/prism_student_profile/Student performance (Polytechnic Institute of Portalegre).csv
STU-PIP-3879,Academic Performance,"{""Admission_Grade"": ""6"", ""Tuition_Paid"": ""1"", ""Target"": ""Graduate""}",data/processed/prism_student_profile/Student performance (Polytechnic Institute of Portalegre).csv
STU-PIP-3880,Academic Performance,"{""Admission_Grade"": ""1"", ""Tuition_Paid"": ""1"", ""Target"": ""Graduate""}",data/processed/prism_student_profile/Student performance (Polytechnic Institute of Portalegre).csv
STU-PIP-3881,Academic Performance,"{""Admission_Grade"": ""1"", ""Tuition_Paid"": ""1"", ""Target"": ""Graduate""}",data/processed/prism_student_profile/Student performance (Polytechnic Institute of Portalegre).csv
STU-PIP-3882,Academic Performance,"{""Admission_Grade"": ""1"", ""Tuition_Paid"": ""1"", ""Target"": ""Graduate""}",data/processed/prism_student_profile/Student performance (Polytechnic Institute of Portalegre).csv
STU-PIP-3883,Academic Performance,"{""Admission_Grade"": ""1"", ""Tuition_Paid"": ""0"", ""Target"": ""Dropout""}",data/processed/prism_student_profile/Student performance (Polytechnic Institute of Portalegre).csv
STU-PIP-3884,Academic Performance,"{""Admission_Grade"": ""1"", ""Tuition_Paid"": ""1"", ""Target"": ""Graduate""}",data/processed/prism_student_profile/Student performance (Polytechnic Institute of Portalegre).csv
STU-PIP-3885,Academic Performance,"{""Admission_Grade"": ""3"", ""Tuition_Paid"": ""1"", ""Target"": ""Graduate""}",data/processed/prism_student_profile/Student performance (Polytechnic Institute of Portalegre).csv
STU-PIP-3886,Academic Performance,"{""Admission_Grade"": ""1"", ""Tuition_Paid"": ""1"", ""Target"": ""Graduate""}",data/processed/prism_student_profile/Student performance (Polytechnic Institute of Portalegre).csv
STU-PIP-3887,Academic Performance,"{""Admission_Grade"": ""1"", ""Tuition_Paid"": ""1"", ""Target"": ""Enrolled""}",data/processed/prism_student_profile/Student performance (Polytechnic Institute of Portalegre).csv
STU-PIP-3888,Academic Performance,"{""Admission_Grade"": ""1"", ""Tuition_Paid"": ""1"", ""Target"": ""Enrolled""}",data/processed/prism_student_profile/Student performance (Polytechnic Institute of Portalegre).csv
STU-PIP-3889,Academic Performance,"{""Admission_Grade"": ""1"", ""Tuition_Paid"": ""1"", ""Target"": ""Graduate""}",data/processed/prism_student_profile/Student performance (Polytechnic Institute of Portalegre).csv
STU-PIP-3890,Academic Performance,"{""Admission_Grade"": ""1"", ""Tuition_Paid"": ""1"", ""Target"": ""Graduate""}",data/processed/prism_student_profile/Student performance (Polytechnic Institute of Portalegre).csv
STU-PIP-3891,Academic Performance,"{""Admission_Grade"": ""1"", ""Tuition_Paid"": ""1"", ""Target"": ""Enrolled""}",data/processed/prism_student_profile/Student performance (Polytechnic Institute of Portalegre).csv
STU-PIP-3892,Academic Performance,"{""Admission_Grade"": ""1"", ""Tuition_Paid"": ""1"", ""Target"": ""Enrolled""}",data/processed/prism_student_profile/Student performance (Polytechnic Institute of Portalegre).csv
STU-PIP-3893,Academic Performance,"{""Admission_Grade"": ""1"", ""Tuition_Paid"": ""1"", ""Target"": ""Graduate""}",data/processed/prism_student_profile/Student performance (Polytechnic Institute of Portalegre).csv
STU-PIP-3894,Academic Performance,"{""Admission_Grade"": ""1"", ""Tuition_Paid"": ""0"", ""Target"": ""Dropout""}",data/processed/prism_student_profile/Student performance (Polytechnic Institute of Portalegre).csv
STU-PIP-3895,Academic Performance,"{""Admission_Grade"": ""1"", ""Tuition_Paid"": ""1"", ""Target"": ""Enrolled""}",data/processed/prism_student_profile/Student performance (Polytechnic Institute of Portalegre).csv
STU-PIP-3896,Academic Performance,"{""Admission_Grade"": ""1"", ""Tuition_Paid"": ""1"", ""Target"": ""Graduate""}",data/processed/prism_student_profile/Student performance (Polytechnic Institute of Portalegre).csv
STU-PIP-3897,Academic Performance,"{""Admission_Grade"": ""1"", ""Tuition_Paid"": ""1"", ""Target"": ""Enrolled""}",data/processed/prism_student_profile/Student performance (Polytechnic Institute of Portalegre).csv
STU-PIP-3898,Academic Performance,"{""Admission_Grade"": ""1"", ""Tuition_Paid"": ""1"", ""Target"": ""Graduate""}",data/processed/prism_student_profile/Student performance (Polytechnic Institute of Portalegre).csv
STU-PIP-3899,Academic Performance,"{""Admission_Grade"": ""1"", ""Tuition_Paid"": ""1"", ""Target"": ""Graduate""}",data/processed/prism_student_profile/Student performance (Polytechnic Institute of Portalegre).csv
STU-PIP-3900,Academic Performance,"{""Admission_Grade"": ""3"", ""Tuition_Paid"": ""1"", ""Target"": ""Enrolled""}",data/processed/prism_student_profile/Student performance (Polytechnic Institute of Portalegre).csv
STU-PIP-3901,Academic Performance,"{""Admission_Grade"": ""1"", ""Tuition_Paid"": ""1"", ""Target"": ""Graduate""}",data/processed/prism_student_profile/Student performance (Polytechnic Institute of Portalegre).csv
STU-PIP-3902,Academic Performance,"{""Admission_Grade"": ""1"", ""Tuition_Paid"": ""1"", ""Target"": ""Enrolled""}",data/processed/prism_student_profile/Student performance (Polytechnic Institute of Portalegre).csv
STU-PIP-3903,Academic Performance,"{""Admission_Grade"": ""1"", ""Tuition_Paid"": ""1"", ""Target"": ""Enrolled""}",data/processed/prism_student_profile/Student performance (Polytechnic Institute of Portalegre).csv
STU-PIP-3904,Academic Performance,"{""Admission_Grade"": ""1"", ""Tuition_Paid"": ""0"", ""Target"": ""Dropout""}",data/processed/prism_student_profile/Student performance (Polytechnic Institute of Portalegre).csv
STU-PIP-3905,Academic Performance,"{""Admission_Grade"": ""1"", ""Tuition_Paid"": ""0"", ""Target"": ""Dropout""}",data/processed/prism_student_profile/Student performance (Polytechnic Institute of Portalegre).csv
STU-PIP-3906,Academic Performance,"{""Admission_Grade"": ""1"", ""Tuition_Paid"": ""1"", ""Target"": ""Graduate""}",data/processed/prism_student_profile/Student performance (Polytechnic Institute of Portalegre).csv
STU-PIP-3907,Academic Performance,"{""Admission_Grade"": ""1"", ""Tuition_Paid"": ""1"", ""Target"": ""Graduate""}",data/processed/prism_student_profile/Student performance (Polytechnic Institute of Portalegre).csv
STU-PIP-3908,Academic Performance,"{""Admission_Grade"": ""1"", ""Tuition_Paid"": ""1"", ""Target"": ""Enrolled""}",data/processed/prism_student_profile/Student performance (Polytechnic Institute of Portalegre).csv
STU-PIP-3909,Academic Performance,"{""Admission_Grade"": ""1"", ""Tuition_Paid"": ""1"", ""Target"": ""Graduate""}",data/processed/prism_student_profile/Student performance (Polytechnic Institute of Portalegre).csv
STU-PIP-3910,Academic Performance,"{""Admission_Grade"": ""1"", ""Tuition_Paid"": ""1"", ""Target"": ""Dropout""}",data/processed/prism_student_profile/Student performance (Polytechnic Institute of Portalegre).csv
STU-PIP-3911,Academic Performance,"{""Admission_Grade"": ""1"", ""Tuition_Paid"": ""1"", ""Target"": ""Enrolled""}",data/processed/prism_student_profile/Student performance (Polytechnic Institute of Portalegre).csv
STU-PIP-3912,Academic Performance,"{""Admission_Grade"": ""39"", ""Tuition_Paid"": ""1"", ""Target"": ""Graduate""}",data/processed/prism_student_profile/Student performance (Polytechnic Institute of Portalegre).csv
STU-PIP-3913,Academic Performance,"{""Admission_Grade"": ""1"", ""Tuition_Paid"": ""1"", ""Target"": ""Graduate""}",data/processed/prism_student_profile/Student performance (Polytechnic Institute of Portalegre).csv
STU-PIP-3914,Academic Performance,"{""Admission_Grade"": ""1"", ""Tuition_Paid"": ""1"", ""Target"": ""Graduate""}",data/processed/prism_student_profile/Student performance (Polytechnic Institute of Portalegre).csv
STU-PIP-3915,Academic Performance,"{""Admission_Grade"": ""3"", ""Tuition_Paid"": ""1"", ""Target"": ""Dropout""}",data/processed/prism_student_profile/Student performance (Polytechnic Institute of Portalegre).csv
STU-PIP-3916,Academic Performance,"{""Admission_Grade"": ""1"", ""Tuition_Paid"": ""1"", ""Target"": ""Graduate""}",data/processed/prism_student_profile/Student performance (Polytechnic Institute of Portalegre).csv
STU-PIP-3917,Academic Performance,"{""Admission_Grade"": ""1"", ""Tuition_Paid"": ""1"", ""Target"": ""Graduate""}",data/processed/prism_student_profile/Student performance (Polytechnic Institute of Portalegre).csv
STU-PIP-3918,Academic Performance,"{""Admission_Grade"": ""1"", ""Tuition_Paid"": ""1"", ""Target"": ""Graduate""}",data/processed/prism_student_profile/Student performance (Polytechnic Institute of Portalegre).csv
STU-PIP-3919,Academic Performance,"{""Admission_Grade"": ""1"", ""Tuition_Paid"": ""1"", ""Target"": ""Enrolled""}",data/processed/prism_student_profile/Student performance (Polytechnic Institute of Portalegre).csv
STU-PIP-3920,Academic Performance,"{""Admission_Grade"": ""1"", ""Tuition_Paid"": ""1"", ""Target"": ""Graduate""}",data/processed/prism_student_profile/Student performance (Polytechnic Institute of Portalegre).csv
STU-PIP-3921,Academic Performance,"{""Admission_Grade"": ""1"", ""Tuition_Paid"": ""1"", ""Target"": ""Graduate""}",data/processed/prism_student_profile/Student performance (Polytechnic Institute of Portalegre).csv
STU-PIP-3922,Academic Performance,"{""Admission_Grade"": ""1"", ""Tuition_Paid"": ""1"", ""Target"": ""Graduate""}",data/processed/prism_student_profile/Student performance (Polytechnic Institute of Portalegre).csv
STU-PIP-3923,Academic Performance,"{""Admission_Grade"": ""1"", ""Tuition_Paid"": ""1"", ""Target"": ""Graduate""}",data/processed/prism_student_profile/Student performance (Polytechnic Institute of Portalegre).csv
STU-PIP-3924,Academic Performance,"{""Admission_Grade"": ""1"", ""Tuition_Paid"": ""1"", ""Target"": ""Graduate""}",data/processed/prism_student_profile/Student performance (Polytechnic Institute of Portalegre).csv
STU-PIP-3925,Academic Performance,"{""Admission_Grade"": ""1"", ""Tuition_Paid"": ""1"", ""Target"": ""Enrolled""}",data/processed/prism_student_profile/Student performance (Polytechnic Institute of Portalegre).csv
STU-PIP-3926,Academic Performance,"{""Admission_Grade"": ""1"", ""Tuition_Paid"": ""1"", ""Target"": ""Enrolled""}",data/processed/prism_student_profile/Student performance (Polytechnic Institute of Portalegre).csv
STU-PIP-3927,Academic Performance,"{""Admission_Grade"": ""1"", ""Tuition_Paid"": ""1"", ""Target"": ""Graduate""}",data/processed/prism_student_profile/Student performance (Polytechnic Institute of Portalegre).csv
STU-PIP-3928,Academic Performance,"{""Admission_Grade"": ""1"", ""Tuition_Paid"": ""0"", ""Target"": ""Dropout""}",data/processed/prism_student_profile/Student performance (Polytechnic Institute of Portalegre).csv
STU-PIP-3929,Academic Performance,"{""Admission_Grade"": ""1"", ""Tuition_Paid"": ""1"", ""Target"": ""Graduate""}",data/processed/prism_student_profile/Student performance (Polytechnic Institute of Portalegre).csv
STU-PIP-3930,Academic Performance,"{""Admission_Grade"": ""1"", ""Tuition_Paid"": ""1"", ""Target"": ""Enrolled""}",data/processed/prism_student_profile/Student performance (Polytechnic Institute of Portalegre).csv
STU-PIP-3931,Academic Performance,"{""Admission_Grade"": ""1"", ""Tuition_Paid"": ""1"", ""Target"": ""Graduate""}",data/processed/prism_student_profile/Student performance (Polytechnic Institute of Portalegre).csv
STU-PIP-3932,Academic Performance,"{""Admission_Grade"": ""1"", ""Tuition_Paid"": ""1"", ""Target"": ""Graduate""}",data/processed/prism_student_profile/Student performance (Polytechnic Institute of Portalegre).csv
STU-PIP-3933,Academic Performance,"{""Admission_Grade"": ""40"", ""Tuition_Paid"": ""1"", ""Target"": ""Graduate""}",data/processed/prism_student_profile/Student performance (Polytechnic Institute of Portalegre).csv
STU-PIP-3934,Academic Performance,"{""Admission_Grade"": ""1"", ""Tuition_Paid"": ""1"", ""Target"": ""Enrolled""}",data/processed/prism_student_profile/Student performance (Polytechnic Institute of Portalegre).csv
STU-PIP-3935,Academic Performance,"{""Admission_Grade"": ""1"", ""Tuition_Paid"": ""1"", ""Target"": ""Dropout""}",data/processed/prism_student_profile/Student performance (Polytechnic Institute of Portalegre).csv
STU-PIP-3936,Academic Performance,"{""Admission_Grade"": ""1"", ""Tuition_Paid"": ""1"", ""Target"": ""Enrolled""}",data/processed/prism_student_profile/Student performance (Polytechnic Institute of Portalegre).csv
STU-PIP-3937,Academic Performance,"{""Admission_Grade"": ""1"", ""Tuition_Paid"": ""1"", ""Target"": ""Dropout""}",data/processed/prism_student_profile/Student performance (Polytechnic Institute of Portalegre).csv
STU-PIP-3938,Academic Performance,"{""Admission_Grade"": ""1"", ""Tuition_Paid"": ""1"", ""Target"": ""Enrolled""}",data/processed/prism_student_profile/Student performance (Polytechnic Institute of Portalegre).csv
STU-PIP-3939,Academic Performance,"{""Admission_Grade"": ""1"", ""Tuition_Paid"": ""1"", ""Target"": ""Graduate""}",data/processed/prism_student_profile/Student performance (Polytechnic Institute of Portalegre).csv
STU-PIP-3940,Academic Performance,"{""Admission_Grade"": ""1"", ""Tuition_Paid"": ""1"", ""Target"": ""Graduate""}",data/processed/prism_student_profile/Student performance (Polytechnic Institute of Portalegre).csv
STU-PIP-3941,Academic Performance,"{""Admission_Grade"": ""1"", ""Tuition_Paid"": ""1"", ""Target"": ""Enrolled""}",data/processed/prism_student_profile/Student performance (Polytechnic Institute of Portalegre).csv
STU-PIP-3942,Academic Performance,"{""Admission_Grade"": ""19"", ""Tuition_Paid"": ""1"", ""Target"": ""Dropout""}",data/processed/prism_student_profile/Student performance (Polytechnic Institute of Portalegre).csv
STU-PIP-3943,Academic Performance,"{""Admission_Grade"": ""1"", ""Tuition_Paid"": ""1"", ""Target"": ""Graduate""}",data/processed/prism_student_profile/Student performance (Polytechnic Institute of Portalegre).csv
STU-PIP-3944,Academic Performance,"{""Admission_Grade"": ""1"", ""Tuition_Paid"": ""0"", ""Target"": ""Dropout""}",data/processed/prism_student_profile/Student performance (Polytechnic Institute of Portalegre).csv
STU-PIP-3945,Academic Performance,"{""Admission_Grade"": ""1"", ""Tuition_Paid"": ""0"", ""Target"": ""Dropout""}",data/processed/prism_student_profile/Student performance (Polytechnic Institute of Portalegre).csv
STU-PIP-3946,Academic Performance,"{""Admission_Grade"": ""1"", ""Tuition_Paid"": ""1"", ""Target"": ""Graduate""}",data/processed/prism_student_profile/Student performance (Polytechnic Institute of Portalegre).csv
STU-PIP-3947,Academic Performance,"{""Admission_Grade"": ""1"", ""Tuition_Paid"": ""1"", ""Target"": ""Graduate""}",data/processed/prism_student_profile/Student performance (Polytechnic Institute of Portalegre).csv
STU-PIP-3948,Academic Performance,"{""Admission_Grade"": ""1"", ""Tuition_Paid"": ""1"", ""Target"": ""Dropout""}",data/processed/prism_student_profile/Student performance (Polytechnic Institute of Portalegre).csv
STU-PIP-3949,Academic Performance,"{""Admission_Grade"": ""1"", ""Tuition_Paid"": ""1"", ""Target"": ""Graduate""}",data/processed/prism_student_profile/Student performance (Polytechnic Institute of Portalegre).csv
STU-PIP-3950,Academic Performance,"{""Admission_Grade"": ""1"", ""Tuition_Paid"": ""1"", ""Target"": ""Graduate""}",data/processed/prism_student_profile/Student performance (Polytechnic Institute of Portalegre).csv
STU-PIP-3951,Academic Performance,"{""Admission_Grade"": ""1"", ""Tuition_Paid"": ""1"", ""Target"": ""Dropout""}",data/processed/prism_student_profile/Student performance (Polytechnic Institute of Portalegre).csv
STU-PIP-3952,Academic Performance,"{""Admission_Grade"": ""3"", ""Tuition_Paid"": ""1"", ""Target"": ""Dropout""}",data/processed/prism_student_profile/Student performance (Polytechnic Institute of Portalegre).csv
STU-PIP-3953,Academic Performance,"{""Admission_Grade"": ""1"", ""Tuition_Paid"": ""1"", ""Target"": ""Graduate""}",data/processed/prism_student_profile/Student performance (Polytechnic Institute of Portalegre).csv
STU-PIP-3954,Academic Performance,"{""Admission_Grade"": ""1"", ""Tuition_Paid"": ""1"", ""Target"": ""Graduate""}",data/processed/prism_student_profile/Student performance (Polytechnic Institute of Portalegre).csv
STU-PIP-3955,Academic Performance,"{""Admission_Grade"": ""1"", ""Tuition_Paid"": ""1"", ""Target"": ""Dropout""}",data/processed/prism_student_profile/Student performance (Polytechnic Institute of Portalegre).csv
STU-PIP-3956,Academic Performance,"{""Admission_Grade"": ""19"", ""Tuition_Paid"": ""1"", ""Target"": ""Dropout""}",data/processed/prism_student_profile/Student performance (Polytechnic Institute of Portalegre).csv
STU-PIP-3957,Academic Performance,"{""Admission_Grade"": ""1"", ""Tuition_Paid"": ""1"", ""Target"": ""Graduate""}",data/processed/prism_student_profile/Student performance (Polytechnic Institute of Portalegre).csv
STU-PIP-3958,Academic Performance,"{""Admission_Grade"": ""1"", ""Tuition_Paid"": ""1"", ""Target"": ""Graduate""}",data/processed/prism_student_profile/Student performance (Polytechnic Institute of Portalegre).csv
STU-PIP-3959,Academic Performance,"{""Admission_Grade"": ""1"", ""Tuition_Paid"": ""1"", ""Target"": ""Graduate""}",data/processed/prism_student_profile/Student performance (Polytechnic Institute of Portalegre).csv
STU-PIP-3960,Academic Performance,"{""Admission_Grade"": ""1"", ""Tuition_Paid"": ""1"", ""Target"": ""Graduate""}",data/processed/prism_student_profile/Student performance (Polytechnic Institute of Portalegre).csv
STU-PIP-3961,Academic Performance,"{""Admission_Grade"": ""1"", ""Tuition_Paid"": ""0"", ""Target"": ""Dropout""}",data/processed/prism_student_profile/Student performance (Polytechnic Institute of Portalegre).csv
STU-PIP-3962,Academic Performance,"{""Admission_Grade"": ""1"", ""Tuition_Paid"": ""1"", ""Target"": ""Graduate""}",data/processed/prism_student_profile/Student performance (Polytechnic Institute of Portalegre).csv
STU-PIP-3963,Academic Performance,"{""Admission_Grade"": ""1"", ""Tuition_Paid"": ""1"", ""Target"": ""Graduate""}",data/processed/prism_student_profile/Student performance (Polytechnic Institute of Portalegre).csv
STU-PIP-3964,Academic Performance,"{""Admission_Grade"": ""1"", ""Tuition_Paid"": ""1"", ""Target"": ""Graduate""}",data/processed/prism_student_profile/Student performance (Polytechnic Institute of Portalegre).csv
STU-PIP-3965,Academic Performance,"{""Admission_Grade"": ""1"", ""Tuition_Paid"": ""0"", ""Target"": ""Dropout""}",data/processed/prism_student_profile/Student performance (Polytechnic Institute of Portalegre).csv
STU-PIP-3966,Academic Performance,"{""Admission_Grade"": ""1"", ""Tuition_Paid"": ""1"", ""Target"": ""Graduate""}",data/processed/prism_student_profile/Student performance (Polytechnic Institute of Portalegre).csv
STU-PIP-3967,Academic Performance,"{""Admission_Grade"": ""39"", ""Tuition_Paid"": ""1"", ""Target"": ""Dropout""}",data/processed/prism_student_profile/Student performance (Polytechnic Institute of Portalegre).csv
STU-PIP-3968,Academic Performance,"{""Admission_Grade"": ""1"", ""Tuition_Paid"": ""1"", ""Target"": ""Enrolled""}",data/processed/prism_student_profile/Student performance (Polytechnic Institute of Portalegre).csv
STU-PIP-3969,Academic Performance,"{""Admission_Grade"": ""39"", ""Tuition_Paid"": ""1"", ""Target"": ""Graduate""}",data/processed/prism_student_profile/Student performance (Polytechnic Institute of Portalegre).csv
STU-PIP-3970,Academic Performance,"{""Admission_Grade"": ""39"", ""Tuition_Paid"": ""1"", ""Target"": ""Graduate""}",data/processed/prism_student_profile/Student performance (Polytechnic Institute of Portalegre).csv
STU-PIP-3971,Academic Performance,"{""Admission_Grade"": ""1"", ""Tuition_Paid"": ""1"", ""Target"": ""Graduate""}",data/processed/prism_student_profile/Student performance (Polytechnic Institute of Portalegre).csv
STU-PIP-3972,Academic Performance,"{""Admission_Grade"": ""1"", ""Tuition_Paid"": ""1"", ""Target"": ""Graduate""}",data/processed/prism_student_profile/Student performance (Polytechnic Institute of Portalegre).csv
STU-PIP-3973,Academic Performance,"{""Admission_Grade"": ""1"", ""Tuition_Paid"": ""1"", ""Target"": ""Graduate""}",data/processed/prism_student_profile/Student performance (Polytechnic Institute of Portalegre).csv
STU-PIP-3974,Academic Performance,"{""Admission_Grade"": ""1"", ""Tuition_Paid"": ""1"", ""Target"": ""Graduate""}",data/processed/prism_student_profile/Student performance (Polytechnic Institute of Portalegre).csv
STU-PIP-3975,Academic Performance,"{""Admission_Grade"": ""1"", ""Tuition_Paid"": ""1"", ""Target"": ""Graduate""}",data/processed/prism_student_profile/Student performance (Polytechnic Institute of Portalegre).csv
STU-PIP-3976,Academic Performance,"{""Admission_Grade"": ""1"", ""Tuition_Paid"": ""1"", ""Target"": ""Graduate""}",data/processed/prism_student_profile/Student performance (Polytechnic Institute of Portalegre).csv
STU-PIP-3977,Academic Performance,"{""Admission_Grade"": ""1"", ""Tuition_Paid"": ""1"", ""Target"": ""Graduate""}",data/processed/prism_student_profile/Student performance (Polytechnic Institute of Portalegre).csv
STU-PIP-3978,Academic Performance,"{""Admission_Grade"": ""1"", ""Tuition_Paid"": ""1"", ""Target"": ""Graduate""}",data/processed/prism_student_profile/Student performance (Polytechnic Institute of Portalegre).csv
STU-PIP-3979,Academic Performance,"{""Admission_Grade"": ""1"", ""Tuition_Paid"": ""1"", ""Target"": ""Graduate""}",data/processed/prism_student_profile/Student performance (Polytechnic Institute of Portalegre).csv
STU-PIP-3980,Academic Performance,"{""Admission_Grade"": ""38"", ""Tuition_Paid"": ""1"", ""Target"": ""Enrolled""}",data/processed/prism_student_profile/Student performance (Polytechnic Institute of Portalegre).csv
STU-PIP-3981,Academic Performance,"{""Admission_Grade"": ""1"", ""Tuition_Paid"": ""1"", ""Target"": ""Graduate""}",data/processed/prism_student_profile/Student performance (Polytechnic Institute of Portalegre).csv
STU-PIP-3982,Academic Performance,"{""Admission_Grade"": ""1"", ""Tuition_Paid"": ""1"", ""Target"": ""Graduate""}",data/processed/prism_student_profile/Student performance (Polytechnic Institute of Portalegre).csv
STU-PIP-3983,Academic Performance,"{""Admission_Grade"": ""1"", ""Tuition_Paid"": ""1"", ""Target"": ""Graduate""}",data/processed/prism_student_profile/Student performance (Polytechnic Institute of Portalegre).csv
STU-PIP-3984,Academic Performance,"{""Admission_Grade"": ""1"", ""Tuition_Paid"": ""1"", ""Target"": ""Graduate""}",data/processed/prism_student_profile/Student performance (Polytechnic Institute of Portalegre).csv
STU-PIP-3985,Academic Performance,"{""Admission_Grade"": ""1"", ""Tuition_Paid"": ""0"", ""Target"": ""Dropout""}",data/processed/prism_student_profile/Student performance (Polytechnic Institute of Portalegre).csv
STU-PIP-3986,Academic Performance,"{""Admission_Grade"": ""1"", ""Tuition_Paid"": ""1"", ""Target"": ""Graduate""}",data/processed/prism_student_profile/Student performance (Polytechnic Institute of Portalegre).csv
STU-PIP-3987,Academic Performance,"{""Admission_Grade"": ""1"", ""Tuition_Paid"": ""1"", ""Target"": ""Graduate""}",data/processed/prism_student_profile/Student performance (Polytechnic Institute of Portalegre).csv
STU-PIP-3988,Academic Performance,"{""Admission_Grade"": ""1"", ""Tuition_Paid"": ""1"", ""Target"": ""Graduate""}",data/processed/prism_student_profile/Student performance (Polytechnic Institute of Portalegre).csv
STU-PIP-3989,Academic Performance,"{""Admission_Grade"": ""1"", ""Tuition_Paid"": ""1"", ""Target"": ""Graduate""}",data/processed/prism_student_profile/Student performance (Polytechnic Institute of Portalegre).csv
STU-PIP-3990,Academic Performance,"{""Admission_Grade"": ""1"", ""Tuition_Paid"": ""1"", ""Target"": ""Graduate""}",data/processed/prism_student_profile/Student performance (Polytechnic Institute of Portalegre).csv
STU-PIP-3991,Academic Performance,"{""Admission_Grade"": ""1"", ""Tuition_Paid"": ""1"", ""Target"": ""Graduate""}",data/processed/prism_student_profile/Student performance (Polytechnic Institute of Portalegre).csv
STU-PIP-3992,Academic Performance,"{""Admission_Grade"": ""1"", ""Tuition_Paid"": ""1"", ""Target"": ""Dropout""}",data/processed/prism_student_profile/Student performance (Polytechnic Institute of Portalegre).csv
STU-PIP-3993,Academic Performance,"{""Admission_Grade"": ""1"", ""Tuition_Paid"": ""1"", ""Target"": ""Graduate""}",data/processed/prism_student_profile/Student performance (Polytechnic Institute of Portalegre).csv
STU-PIP-3994,Academic Performance,"{""Admission_Grade"": ""1"", ""Tuition_Paid"": ""0"", ""Target"": ""Graduate""}",data/processed/prism_student_profile/Student performance (Polytechnic Institute of Portalegre).csv
STU-PIP-3995,Academic Performance,"{""Admission_Grade"": ""1"", ""Tuition_Paid"": ""1"", ""Target"": ""Graduate""}",data/processed/prism_student_profile/Student performance (Polytechnic Institute of Portalegre).csv
STU-PIP-3996,Academic Performance,"{""Admission_Grade"": ""1"", ""Tuition_Paid"": ""1"", ""Target"": ""Dropout""}",data/processed/prism_student_profile/Student performance (Polytechnic Institute of Portalegre).csv
STU-PIP-3997,Academic Performance,"{""Admission_Grade"": ""1"", ""Tuition_Paid"": ""1"", ""Target"": ""Dropout""}",data/processed/prism_student_profile/Student performance (Polytechnic Institute of Portalegre).csv
STU-PIP-3998,Academic Performance,"{""Admission_Grade"": ""19"", ""Tuition_Paid"": ""1"", ""Target"": ""Graduate""}",data/processed/prism_student_profile/Student performance (Polytechnic Institute of Portalegre).csv
STU-PIP-3999,Academic Performance,"{""Admission_Grade"": ""40"", ""Tuition_Paid"": ""0"", ""Target"": ""Dropout""}",data/processed/prism_student_profile/Student performance (Polytechnic Institute of Portalegre).csv
STU-PIP-4000,Academic Performance,"{""Admission_Grade"": ""1"", ""Tuition_Paid"": ""1"", ""Target"": ""Dropout""}",data/processed/prism_student_profile/Student performance (Polytechnic Institute of Portalegre).csv
STU-PIP-4001,Academic Performance,"{""Admission_Grade"": ""1"", ""Tuition_Paid"": ""0"", ""Target"": ""Dropout""}",data/processed/prism_student_profile/Student performance (Polytechnic Institute of Portalegre).csv
STU-PIP-4002,Academic Performance,"{""Admission_Grade"": ""1"", ""Tuition_Paid"": ""1"", ""Target"": ""Dropout""}",data/processed/prism_student_profile/Student performance (Polytechnic Institute of Portalegre).csv
STU-PIP-4003,Academic Performance,"{""Admission_Grade"": ""19"", ""Tuition_Paid"": ""1"", ""Target"": ""Graduate""}",data/processed/prism_student_profile/Student performance (Polytechnic Institute of Portalegre).csv
STU-PIP-4004,Academic Performance,"{""Admission_Grade"": ""1"", ""Tuition_Paid"": ""1"", ""Target"": ""Graduate""}",data/processed/prism_student_profile/Student performance (Polytechnic Institute of Portalegre).csv
STU-PIP-4005,Academic Performance,"{""Admission_Grade"": ""1"", ""Tuition_Paid"": ""1"", ""Target"": ""Graduate""}",data/processed/prism_student_profile/Student performance (Polytechnic Institute of Portalegre).csv
STU-PIP-4006,Academic Performance,"{""Admission_Grade"": ""1"", ""Tuition_Paid"": ""1"", ""Target"": ""Dropout""}",data/processed/prism_student_profile/Student performance (Polytechnic Institute of Portalegre).csv
STU-PIP-4007,Academic Performance,"{""Admission_Grade"": ""39"", ""Tuition_Paid"": ""1"", ""Target"": ""Graduate""}",data/processed/prism_student_profile/Student performance (Polytechnic Institute of Portalegre).csv
STU-PIP-4008,Academic Performance,"{""Admission_Grade"": ""1"", ""Tuition_Paid"": ""1"", ""Target"": ""Dropout""}",data/processed/prism_student_profile/Student performance (Polytechnic Institute of Portalegre).csv
STU-PIP-4009,Academic Performance,"{""Admission_Grade"": ""1"", ""Tuition_Paid"": ""0"", ""Target"": ""Dropout""}",data/processed/prism_student_profile/Student performance (Polytechnic Institute of Portalegre).csv
STU-PIP-4010,Academic Performance,"{""Admission_Grade"": ""1"", ""Tuition_Paid"": ""1"", ""Target"": ""Dropout""}",data/processed/prism_student_profile/Student performance (Polytechnic Institute of Portalegre).csv
STU-PIP-4011,Academic Performance,"{""Admission_Grade"": ""19"", ""Tuition_Paid"": ""1"", ""Target"": ""Dropout""}",data/processed/prism_student_profile/Student performance (Polytechnic Institute of Portalegre).csv
STU-PIP-4012,Academic Performance,"{""Admission_Grade"": ""1"", ""Tuition_Paid"": ""1"", ""Target"": ""Enrolled""}",data/processed/prism_student_profile/Student performance (Polytechnic Institute of Portalegre).csv
STU-PIP-4013,Academic Performance,"{""Admission_Grade"": ""1"", ""Tuition_Paid"": ""1"", ""Target"": ""Dropout""}",data/processed/prism_student_profile/Student performance (Polytechnic Institute of Portalegre).csv
STU-PIP-4014,Academic Performance,"{""Admission_Grade"": ""1"", ""Tuition_Paid"": ""1"", ""Target"": ""Graduate""}",data/processed/prism_student_profile/Student performance (Polytechnic Institute of Portalegre).csv
STU-PIP-4015,Academic Performance,"{""Admission_Grade"": ""1"", ""Tuition_Paid"": ""1"", ""Target"": ""Graduate""}",data/processed/prism_student_profile/Student performance (Polytechnic Institute of Portalegre).csv
STU-PIP-4016,Academic Performance,"{""Admission_Grade"": ""1"", ""Tuition_Paid"": ""1"", ""Target"": ""Dropout""}",data/processed/prism_student_profile/Student performance (Polytechnic Institute of Portalegre).csv
STU-PIP-4017,Academic Performance,"{""Admission_Grade"": ""1"", ""Tuition_Paid"": ""1"", ""Target"": ""Dropout""}",data/processed/prism_student_profile/Student performance (Polytechnic Institute of Portalegre).csv
STU-PIP-4018,Academic Performance,"{""Admission_Grade"": ""1"", ""Tuition_Paid"": ""1"", ""Target"": ""Dropout""}",data/processed/prism_student_profile/Student performance (Polytechnic Institute of Portalegre).csv
STU-PIP-4019,Academic Performance,"{""Admission_Grade"": ""1"", ""Tuition_Paid"": ""1"", ""Target"": ""Graduate""}",data/processed/prism_student_profile/Student performance (Polytechnic Institute of Portalegre).csv
STU-PIP-4020,Academic Performance,"{""Admission_Grade"": ""1"", ""Tuition_Paid"": ""1"", ""Target"": ""Graduate""}",data/processed/prism_student_profile/Student performance (Polytechnic Institute of Portalegre).csv
STU-PIP-4021,Academic Performance,"{""Admission_Grade"": ""1"", ""Tuition_Paid"": ""1"", ""Target"": ""Dropout""}",data/processed/prism_student_profile/Student performance (Polytechnic Institute of Portalegre).csv
STU-PIP-4022,Academic Performance,"{""Admission_Grade"": ""1"", ""Tuition_Paid"": ""1"", ""Target"": ""Graduate""}",data/processed/prism_student_profile/Student performance (Polytechnic Institute of Portalegre).csv
STU-PIP-4023,Academic Performance,"{""Admission_Grade"": ""1"", ""Tuition_Paid"": ""1"", ""Target"": ""Graduate""}",data/processed/prism_student_profile/Student performance (Polytechnic Institute of Portalegre).csv
STU-PIP-4024,Academic Performance,"{""Admission_Grade"": ""3"", ""Tuition_Paid"": ""1"", ""Target"": ""Dropout""}",data/processed/prism_student_profile/Student performance (Polytechnic Institute of Portalegre).csv
STU-PIP-4025,Academic Performance,"{""Admission_Grade"": ""1"", ""Tuition_Paid"": ""1"", ""Target"": ""Enrolled""}",data/processed/prism_student_profile/Student performance (Polytechnic Institute of Portalegre).csv
STU-PIP-4026,Academic Performance,"{""Admission_Grade"": ""1"", ""Tuition_Paid"": ""1"", ""Target"": ""Enrolled""}",data/processed/prism_student_profile/Student performance (Polytechnic Institute of Portalegre).csv
STU-PIP-4027,Academic Performance,"{""Admission_Grade"": ""1"", ""Tuition_Paid"": ""1"", ""Target"": ""Graduate""}",data/processed/prism_student_profile/Student performance (Polytechnic Institute of Portalegre).csv
STU-PIP-4028,Academic Performance,"{""Admission_Grade"": ""1"", ""Tuition_Paid"": ""1"", ""Target"": ""Dropout""}",data/processed/prism_student_profile/Student performance (Polytechnic Institute of Portalegre).csv
STU-PIP-4029,Academic Performance,"{""Admission_Grade"": ""1"", ""Tuition_Paid"": ""1"", ""Target"": ""Graduate""}",data/processed/prism_student_profile/Student performance (Polytechnic Institute of Portalegre).csv
STU-PIP-4030,Academic Performance,"{""Admission_Grade"": ""3"", ""Tuition_Paid"": ""1"", ""Target"": ""Dropout""}",data/processed/prism_student_profile/Student performance (Polytechnic Institute of Portalegre).csv
STU-PIP-4031,Academic Performance,"{""Admission_Grade"": ""1"", ""Tuition_Paid"": ""1"", ""Target"": ""Graduate""}",data/processed/prism_student_profile/Student performance (Polytechnic Institute of Portalegre).csv
STU-PIP-4032,Academic Performance,"{""Admission_Grade"": ""1"", ""Tuition_Paid"": ""1"", ""Target"": ""Enrolled""}",data/processed/prism_student_profile/Student performance (Polytechnic Institute of Portalegre).csv
STU-PIP-4033,Academic Performance,"{""Admission_Grade"": ""1"", ""Tuition_Paid"": ""1"", ""Target"": ""Graduate""}",data/processed/prism_student_profile/Student performance (Polytechnic Institute of Portalegre).csv
STU-PIP-4034,Academic Performance,"{""Admission_Grade"": ""1"", ""Tuition_Paid"": ""1"", ""Target"": ""Dropout""}",data/processed/prism_student_profile/Student performance (Polytechnic Institute of Portalegre).csv
STU-PIP-4035,Academic Performance,"{""Admission_Grade"": ""19"", ""Tuition_Paid"": ""1"", ""Target"": ""Dropout""}",data/processed/prism_student_profile/Student performance (Polytechnic Institute of Portalegre).csv
STU-PIP-4036,Academic Performance,"{""Admission_Grade"": ""2"", ""Tuition_Paid"": ""1"", ""Target"": ""Dropout""}",data/processed/prism_student_profile/Student performance (Polytechnic Institute of Portalegre).csv
STU-PIP-4037,Academic Performance,"{""Admission_Grade"": ""1"", ""Tuition_Paid"": ""1"", ""Target"": ""Graduate""}",data/processed/prism_student_profile/Student performance (Polytechnic Institute of Portalegre).csv
STU-PIP-4038,Academic Performance,"{""Admission_Grade"": ""1"", ""Tuition_Paid"": ""1"", ""Target"": ""Enrolled""}",data/processed/prism_student_profile/Student performance (Polytechnic Institute of Portalegre).csv
STU-PIP-4039,Academic Performance,"{""Admission_Grade"": ""1"", ""Tuition_Paid"": ""1"", ""Target"": ""Graduate""}",data/processed/prism_student_profile/Student performance (Polytechnic Institute of Portalegre).csv
STU-PIP-4040,Academic Performance,"{""Admission_Grade"": ""1"", ""Tuition_Paid"": ""1"", ""Target"": ""Graduate""}",data/processed/prism_student_profile/Student performance (Polytechnic Institute of Portalegre).csv
STU-PIP-4041,Academic Performance,"{""Admission_Grade"": ""1"", ""Tuition_Paid"": ""1"", ""Target"": ""Graduate""}",data/processed/prism_student_profile/Student performance (Polytechnic Institute of Portalegre).csv
STU-PIP-4042,Academic Performance,"{""Admission_Grade"": ""1"", ""Tuition_Paid"": ""1"", ""Target"": ""Graduate""}",data/processed/prism_student_profile/Student performance (Polytechnic Institute of Portalegre).csv
STU-PIP-4043,Academic Performance,"{""Admission_Grade"": ""1"", ""Tuition_Paid"": ""1"", ""Target"": ""Graduate""}",data/processed/prism_student_profile/Student performance (Polytechnic Institute of Portalegre).csv
STU-PIP-4044,Academic Performance,"{""Admission_Grade"": ""1"", ""Tuition_Paid"": ""1"", ""Target"": ""Enrolled""}",data/processed/prism_student_profile/Student performance (Polytechnic Institute of Portalegre).csv
STU-PIP-4045,Academic Performance,"{""Admission_Grade"": ""1"", ""Tuition_Paid"": ""1"", ""Target"": ""Graduate""}",data/processed/prism_student_profile/Student performance (Polytechnic Institute of Portalegre).csv
STU-PIP-4046,Academic Performance,"{""Admission_Grade"": ""1"", ""Tuition_Paid"": ""1"", ""Target"": ""Dropout""}",data/processed/prism_student_profile/Student performance (Polytechnic Institute of Portalegre).csv
STU-PIP-4047,Academic Performance,"{""Admission_Grade"": ""1"", ""Tuition_Paid"": ""1"", ""Target"": ""Graduate""}",data/processed/prism_student_profile/Student performance (Polytechnic Institute of Portalegre).csv
STU-PIP-4048,Academic Performance,"{""Admission_Grade"": ""1"", ""Tuition_Paid"": ""1"", ""Target"": ""Graduate""}",data/processed/prism_student_profile/Student performance (Polytechnic Institute of Portalegre).csv
STU-PIP-4049,Academic Performance,"{""Admission_Grade"": ""1"", ""Tuition_Paid"": ""1"", ""Target"": ""Graduate""}",data/processed/prism_student_profile/Student performance (Polytechnic Institute of Portalegre).csv
STU-PIP-4050,Academic Performance,"{""Admission_Grade"": ""42"", ""Tuition_Paid"": ""1"", ""Target"": ""Graduate""}",data/processed/prism_student_profile/Student performance (Polytechnic Institute of Portalegre).csv
STU-PIP-4051,Academic Performance,"{""Admission_Grade"": ""1"", ""Tuition_Paid"": ""1"", ""Target"": ""Dropout""}",data/processed/prism_student_profile/Student performance (Polytechnic Institute of Portalegre).csv
STU-PIP-4052,Academic Performance,"{""Admission_Grade"": ""1"", ""Tuition_Paid"": ""1"", ""Target"": ""Graduate""}",data/processed/prism_student_profile/Student performance (Polytechnic Institute of Portalegre).csv
STU-PIP-4053,Academic Performance,"{""Admission_Grade"": ""1"", ""Tuition_Paid"": ""0"", ""Target"": ""Dropout""}",data/processed/prism_student_profile/Student performance (Polytechnic Institute of Portalegre).csv
STU-PIP-4054,Academic Performance,"{""Admission_Grade"": ""1"", ""Tuition_Paid"": ""1"", ""Target"": ""Enrolled""}",data/processed/prism_student_profile/Student performance (Polytechnic Institute of Portalegre).csv
STU-PIP-4055,Academic Performance,"{""Admission_Grade"": ""1"", ""Tuition_Paid"": ""1"", ""Target"": ""Graduate""}",data/processed/prism_student_profile/Student performance (Polytechnic Institute of Portalegre).csv
STU-PIP-4056,Academic Performance,"{""Admission_Grade"": ""1"", ""Tuition_Paid"": ""1"", ""Target"": ""Dropout""}",data/processed/prism_student_profile/Student performance (Polytechnic Institute of Portalegre).csv
STU-PIP-4057,Academic Performance,"{""Admission_Grade"": ""1"", ""Tuition_Paid"": ""1"", ""Target"": ""Graduate""}",data/processed/prism_student_profile/Student performance (Polytechnic Institute of Portalegre).csv
STU-PIP-4058,Academic Performance,"{""Admission_Grade"": ""39"", ""Tuition_Paid"": ""1"", ""Target"": ""Enrolled""}",data/processed/prism_student_profile/Student performance (Polytechnic Institute of Portalegre).csv
STU-PIP-4059,Academic Performance,"{""Admission_Grade"": ""1"", ""Tuition_Paid"": ""1"", ""Target"": ""Graduate""}",data/processed/prism_student_profile/Student performance (Polytechnic Institute of Portalegre).csv
STU-PIP-4060,Academic Performance,"{""Admission_Grade"": ""1"", ""Tuition_Paid"": ""0"", ""Target"": ""Dropout""}",data/processed/prism_student_profile/Student performance (Polytechnic Institute of Portalegre).csv
STU-PIP-4061,Academic Performance,"{""Admission_Grade"": ""1"", ""Tuition_Paid"": ""1"", ""Target"": ""Graduate""}",data/processed/prism_student_profile/Student performance (Polytechnic Institute of Portalegre).csv
STU-PIP-4062,Academic Performance,"{""Admission_Grade"": ""1"", ""Tuition_Paid"": ""1"", ""Target"": ""Graduate""}",data/processed/prism_student_profile/Student performance (Polytechnic Institute of Portalegre).csv
STU-PIP-4063,Academic Performance,"{""Admission_Grade"": ""42"", ""Tuition_Paid"": ""1"", ""Target"": ""Graduate""}",data/processed/prism_student_profile/Student performance (Polytechnic Institute of Portalegre).csv
STU-PIP-4064,Academic Performance,"{""Admission_Grade"": ""1"", ""Tuition_Paid"": ""1"", ""Target"": ""Graduate""}",data/processed/prism_student_profile/Student performance (Polytechnic Institute of Portalegre).csv
STU-PIP-4065,Academic Performance,"{""Admission_Grade"": ""1"", ""Tuition_Paid"": ""1"", ""Target"": ""Enrolled""}",data/processed/prism_student_profile/Student performance (Polytechnic Institute of Portalegre).csv
STU-PIP-4066,Academic Performance,"{""Admission_Grade"": ""1"", ""Tuition_Paid"": ""1"", ""Target"": ""Enrolled""}",data/processed/prism_student_profile/Student performance (Polytechnic Institute of Portalegre).csv
STU-PIP-4067,Academic Performance,"{""Admission_Grade"": ""1"", ""Tuition_Paid"": ""1"", ""Target"": ""Graduate""}",data/processed/prism_student_profile/Student performance (Polytechnic Institute of Portalegre).csv
STU-PIP-4068,Academic Performance,"{""Admission_Grade"": ""3"", ""Tuition_Paid"": ""0"", ""Target"": ""Dropout""}",data/processed/prism_student_profile/Student performance (Polytechnic Institute of Portalegre).csv
STU-PIP-4069,Academic Performance,"{""Admission_Grade"": ""1"", ""Tuition_Paid"": ""1"", ""Target"": ""Graduate""}",data/processed/prism_student_profile/Student performance (Polytechnic Institute of Portalegre).csv
STU-PIP-4070,Academic Performance,"{""Admission_Grade"": ""1"", ""Tuition_Paid"": ""1"", ""Target"": ""Graduate""}",data/processed/prism_student_profile/Student performance (Polytechnic Institute of Portalegre).csv
STU-PIP-4071,Academic Performance,"{""Admission_Grade"": ""1"", ""Tuition_Paid"": ""1"", ""Target"": ""Graduate""}",data/processed/prism_student_profile/Student performance (Polytechnic Institute of Portalegre).csv
STU-PIP-4072,Academic Performance,"{""Admission_Grade"": ""1"", ""Tuition_Paid"": ""1"", ""Target"": ""Dropout""}",data/processed/prism_student_profile/Student performance (Polytechnic Institute of Portalegre).csv
STU-PIP-4073,Academic Performance,"{""Admission_Grade"": ""19"", ""Tuition_Paid"": ""1"", ""Target"": ""Enrolled""}",data/processed/prism_student_profile/Student performance (Polytechnic Institute of Portalegre).csv
STU-PIP-4074,Academic Performance,"{""Admission_Grade"": ""1"", ""Tuition_Paid"": ""1"", ""Target"": ""Graduate""}",data/processed/prism_student_profile/Student performance (Polytechnic Institute of Portalegre).csv
STU-PIP-4075,Academic Performance,"{""Admission_Grade"": ""1"", ""Tuition_Paid"": ""1"", ""Target"": ""Graduate""}",data/processed/prism_student_profile/Student performance (Polytechnic Institute of Portalegre).csv
STU-PIP-4076,Academic Performance,"{""Admission_Grade"": ""1"", ""Tuition_Paid"": ""1"", ""Target"": ""Dropout""}",data/processed/prism_student_profile/Student performance (Polytechnic Institute of Portalegre).csv
STU-PIP-4077,Academic Performance,"{""Admission_Grade"": ""1"", ""Tuition_Paid"": ""1"", ""Target"": ""Graduate""}",data/processed/prism_student_profile/Student performance (Polytechnic Institute of Portalegre).csv
STU-PIP-4078,Academic Performance,"{""Admission_Grade"": ""1"", ""Tuition_Paid"": ""1"", ""Target"": ""Dropout""}",data/processed/prism_student_profile/Student performance (Polytechnic Institute of Portalegre).csv
STU-PIP-4079,Academic Performance,"{""Admission_Grade"": ""1"", ""Tuition_Paid"": ""1"", ""Target"": ""Graduate""}",data/processed/prism_student_profile/Student performance (Polytechnic Institute of Portalegre).csv
STU-PIP-4080,Academic Performance,"{""Admission_Grade"": ""1"", ""Tuition_Paid"": ""1"", ""Target"": ""Enrolled""}",data/processed/prism_student_profile/Student performance (Polytechnic Institute of Portalegre).csv
STU-PIP-4081,Academic Performance,"{""Admission_Grade"": ""1"", ""Tuition_Paid"": ""0"", ""Target"": ""Dropout""}",data/processed/prism_student_profile/Student performance (Polytechnic Institute of Portalegre).csv
STU-PIP-4082,Academic Performance,"{""Admission_Grade"": ""1"", ""Tuition_Paid"": ""1"", ""Target"": ""Enrolled""}",data/processed/prism_student_profile/Student performance (Polytechnic Institute of Portalegre).csv
STU-PIP-4083,Academic Performance,"{""Admission_Grade"": ""1"", ""Tuition_Paid"": ""1"", ""Target"": ""Enrolled""}",data/processed/prism_student_profile/Student performance (Polytechnic Institute of Portalegre).csv
STU-PIP-4084,Academic Performance,"{""Admission_Grade"": ""3"", ""Tuition_Paid"": ""1"", ""Target"": ""Graduate""}",data/processed/prism_student_profile/Student performance (Polytechnic Institute of Portalegre).csv
STU-PIP-4085,Academic Performance,"{""Admission_Grade"": ""1"", ""Tuition_Paid"": ""0"", ""Target"": ""Dropout""}",data/processed/prism_student_profile/Student performance (Polytechnic Institute of Portalegre).csv
STU-PIP-4086,Academic Performance,"{""Admission_Grade"": ""39"", ""Tuition_Paid"": ""0"", ""Target"": ""Dropout""}",data/processed/prism_student_profile/Student performance (Polytechnic Institute of Portalegre).csv
STU-PIP-4087,Academic Performance,"{""Admission_Grade"": ""19"", ""Tuition_Paid"": ""1"", ""Target"": ""Graduate""}",data/processed/prism_student_profile/Student performance (Polytechnic Institute of Portalegre).csv
STU-PIP-4088,Academic Performance,"{""Admission_Grade"": ""1"", ""Tuition_Paid"": ""1"", ""Target"": ""Enrolled""}",data/processed/prism_student_profile/Student performance (Polytechnic Institute of Portalegre).csv
STU-PIP-4089,Academic Performance,"{""Admission_Grade"": ""1"", ""Tuition_Paid"": ""1"", ""Target"": ""Enrolled""}",data/processed/prism_student_profile/Student performance (Polytechnic Institute of Portalegre).csv
STU-PIP-4090,Academic Performance,"{""Admission_Grade"": ""14"", ""Tuition_Paid"": ""0"", ""Target"": ""Dropout""}",data/processed/prism_student_profile/Student performance (Polytechnic Institute of Portalegre).csv
STU-PIP-4091,Academic Performance,"{""Admission_Grade"": ""1"", ""Tuition_Paid"": ""1"", ""Target"": ""Graduate""}",data/processed/prism_student_profile/Student performance (Polytechnic Institute of Portalegre).csv
STU-PIP-4092,Academic Performance,"{""Admission_Grade"": ""1"", ""Tuition_Paid"": ""0"", ""Target"": ""Dropout""}",data/processed/prism_student_profile/Student performance (Polytechnic Institute of Portalegre).csv
STU-PIP-4093,Academic Performance,"{""Admission_Grade"": ""1"", ""Tuition_Paid"": ""1"", ""Target"": ""Dropout""}",data/processed/prism_student_profile/Student performance (Polytechnic Institute of Portalegre).csv
STU-PIP-4094,Academic Performance,"{""Admission_Grade"": ""1"", ""Tuition_Paid"": ""1"", ""Target"": ""Graduate""}",data/processed/prism_student_profile/Student performance (Polytechnic Institute of Portalegre).csv
STU-PIP-4095,Academic Performance,"{""Admission_Grade"": ""3"", ""Tuition_Paid"": ""1"", ""Target"": ""Graduate""}",data/processed/prism_student_profile/Student performance (Polytechnic Institute of Portalegre).csv
STU-PIP-4096,Academic Performance,"{""Admission_Grade"": ""1"", ""Tuition_Paid"": ""1"", ""Target"": ""Graduate""}",data/processed/prism_student_profile/Student performance (Polytechnic Institute of Portalegre).csv
STU-PIP-4097,Academic Performance,"{""Admission_Grade"": ""19"", ""Tuition_Paid"": ""1"", ""Target"": ""Graduate""}",data/processed/prism_student_profile/Student performance (Polytechnic Institute of Portalegre).csv
STU-PIP-4098,Academic Performance,"{""Admission_Grade"": ""3"", ""Tuition_Paid"": ""1"", ""Target"": ""Graduate""}",data/processed/prism_student_profile/Student performance (Polytechnic Institute of Portalegre).csv
STU-PIP-4099,Academic Performance,"{""Admission_Grade"": ""1"", ""Tuition_Paid"": ""1"", ""Target"": ""Dropout""}",data/processed/prism_student_profile/Student performance (Polytechnic Institute of Portalegre).csv
STU-PIP-4100,Academic Performance,"{""Admission_Grade"": ""1"", ""Tuition_Paid"": ""1"", ""Target"": ""Dropout""}",data/processed/prism_student_profile/Student performance (Polytechnic Institute of Portalegre).csv
STU-PIP-4101,Academic Performance,"{""Admission_Grade"": ""1"", ""Tuition_Paid"": ""1"", ""Target"": ""Enrolled""}",data/processed/prism_student_profile/Student performance (Polytechnic Institute of Portalegre).csv
STU-PIP-4102,Academic Performance,"{""Admission_Grade"": ""1"", ""Tuition_Paid"": ""1"", ""Target"": ""Graduate""}",data/processed/prism_student_profile/Student performance (Polytechnic Institute of Portalegre).csv
STU-PIP-4103,Academic Performance,"{""Admission_Grade"": ""1"", ""Tuition_Paid"": ""1"", ""Target"": ""Graduate""}",data/processed/prism_student_profile/Student performance (Polytechnic Institute of Portalegre).csv
STU-PIP-4104,Academic Performance,"{""Admission_Grade"": ""1"", ""Tuition_Paid"": ""1"", ""Target"": ""Enrolled""}",data/processed/prism_student_profile/Student performance (Polytechnic Institute of Portalegre).csv
STU-PIP-4105,Academic Performance,"{""Admission_Grade"": ""1"", ""Tuition_Paid"": ""1"", ""Target"": ""Graduate""}",data/processed/prism_student_profile/Student performance (Polytechnic Institute of Portalegre).csv
STU-PIP-4106,Academic Performance,"{""Admission_Grade"": ""1"", ""Tuition_Paid"": ""1"", ""Target"": ""Graduate""}",data/processed/prism_student_profile/Student performance (Polytechnic Institute of Portalegre).csv
STU-PIP-4107,Academic Performance,"{""Admission_Grade"": ""1"", ""Tuition_Paid"": ""1"", ""Target"": ""Graduate""}",data/processed/prism_student_profile/Student performance (Polytechnic Institute of Portalegre).csv
STU-PIP-4108,Academic Performance,"{""Admission_Grade"": ""1"", ""Tuition_Paid"": ""1"", ""Target"": ""Dropout""}",data/processed/prism_student_profile/Student performance (Polytechnic Institute of Portalegre).csv
STU-PIP-4109,Academic Performance,"{""Admission_Grade"": ""1"", ""Tuition_Paid"": ""1"", ""Target"": ""Graduate""}",data/processed/prism_student_profile/Student performance (Polytechnic Institute of Portalegre).csv
STU-PIP-4110,Academic Performance,"{""Admission_Grade"": ""1"", ""Tuition_Paid"": ""1"", ""Target"": ""Graduate""}",data/processed/prism_student_profile/Student performance (Polytechnic Institute of Portalegre).csv
STU-PIP-4111,Academic Performance,"{""Admission_Grade"": ""1"", ""Tuition_Paid"": ""1"", ""Target"": ""Graduate""}",data/processed/prism_student_profile/Student performance (Polytechnic Institute of Portalegre).csv
STU-PIP-4112,Academic Performance,"{""Admission_Grade"": ""1"", ""Tuition_Paid"": ""1"", ""Target"": ""Graduate""}",data/processed/prism_student_profile/Student performance (Polytechnic Institute of Portalegre).csv
STU-PIP-4113,Academic Performance,"{""Admission_Grade"": ""1"", ""Tuition_Paid"": ""1"", ""Target"": ""Graduate""}",data/processed/prism_student_profile/Student performance (Polytechnic Institute of Portalegre).csv
STU-PIP-4114,Academic Performance,"{""Admission_Grade"": ""1"", ""Tuition_Paid"": ""1"", ""Target"": ""Dropout""}",data/processed/prism_student_profile/Student performance (Polytechnic Institute of Portalegre).csv
STU-PIP-4115,Academic Performance,"{""Admission_Grade"": ""1"", ""Tuition_Paid"": ""1"", ""Target"": ""Graduate""}",data/processed/prism_student_profile/Student performance (Polytechnic Institute of Portalegre).csv
STU-PIP-4116,Academic Performance,"{""Admission_Grade"": ""1"", ""Tuition_Paid"": ""1"", ""Target"": ""Enrolled""}",data/processed/prism_student_profile/Student performance (Polytechnic Institute of Portalegre).csv
STU-PIP-4117,Academic Performance,"{""Admission_Grade"": ""1"", ""Tuition_Paid"": ""0"", ""Target"": ""Enrolled""}",data/processed/prism_student_profile/Student performance (Polytechnic Institute of Portalegre).csv
STU-PIP-4118,Academic Performance,"{""Admission_Grade"": ""1"", ""Tuition_Paid"": ""1"", ""Target"": ""Graduate""}",data/processed/prism_student_profile/Student performance (Polytechnic Institute of Portalegre).csv
STU-PIP-4119,Academic Performance,"{""Admission_Grade"": ""1"", ""Tuition_Paid"": ""1"", ""Target"": ""Graduate""}",data/processed/prism_student_profile/Student performance (Polytechnic Institute of Portalegre).csv
STU-PIP-4120,Academic Performance,"{""Admission_Grade"": ""1"", ""Tuition_Paid"": ""1"", ""Target"": ""Graduate""}",data/processed/prism_student_profile/Student performance (Polytechnic Institute of Portalegre).csv
STU-PIP-4121,Academic Performance,"{""Admission_Grade"": ""1"", ""Tuition_Paid"": ""1"", ""Target"": ""Graduate""}",data/processed/prism_student_profile/Student performance (Polytechnic Institute of Portalegre).csv
STU-PIP-4122,Academic Performance,"{""Admission_Grade"": ""40"", ""Tuition_Paid"": ""1"", ""Target"": ""Graduate""}",data/processed/prism_student_profile/Student performance (Polytechnic Institute of Portalegre).csv
STU-PIP-4123,Academic Performance,"{""Admission_Grade"": ""1"", ""Tuition_Paid"": ""1"", ""Target"": ""Graduate""}",data/processed/prism_student_profile/Student performance (Polytechnic Institute of Portalegre).csv
STU-PIP-4124,Academic Performance,"{""Admission_Grade"": ""1"", ""Tuition_Paid"": ""1"", ""Target"": ""Graduate""}",data/processed/prism_student_profile/Student performance (Polytechnic Institute of Portalegre).csv
STU-PIP-4125,Academic Performance,"{""Admission_Grade"": ""1"", ""Tuition_Paid"": ""1"", ""Target"": ""Enrolled""}",data/processed/prism_student_profile/Student performance (Polytechnic Institute of Portalegre).csv
STU-PIP-4126,Academic Performance,"{""Admission_Grade"": ""1"", ""Tuition_Paid"": ""1"", ""Target"": ""Enrolled""}",data/processed/prism_student_profile/Student performance (Polytechnic Institute of Portalegre).csv
STU-PIP-4127,Academic Performance,"{""Admission_Grade"": ""1"", ""Tuition_Paid"": ""1"", ""Target"": ""Enrolled""}",data/processed/prism_student_profile/Student performance (Polytechnic Institute of Portalegre).csv
STU-PIP-4128,Academic Performance,"{""Admission_Grade"": ""1"", ""Tuition_Paid"": ""1"", ""Target"": ""Graduate""}",data/processed/prism_student_profile/Student performance (Polytechnic Institute of Portalegre).csv
STU-PIP-4129,Academic Performance,"{""Admission_Grade"": ""1"", ""Tuition_Paid"": ""1"", ""Target"": ""Graduate""}",data/processed/prism_student_profile/Student performance (Polytechnic Institute of Portalegre).csv
STU-PIP-4130,Academic Performance,"{""Admission_Grade"": ""1"", ""Tuition_Paid"": ""1"", ""Target"": ""Graduate""}",data/processed/prism_student_profile/Student performance (Polytechnic Institute of Portalegre).csv
STU-PIP-4131,Academic Performance,"{""Admission_Grade"": ""1"", ""Tuition_Paid"": ""1"", ""Target"": ""Graduate""}",data/processed/prism_student_profile/Student performance (Polytechnic Institute of Portalegre).csv
STU-PIP-4132,Academic Performance,"{""Admission_Grade"": ""1"", ""Tuition_Paid"": ""1"", ""Target"": ""Graduate""}",data/processed/prism_student_profile/Student performance (Polytechnic Institute of Portalegre).csv
STU-PIP-4133,Academic Performance,"{""Admission_Grade"": ""39"", ""Tuition_Paid"": ""1"", ""Target"": ""Enrolled""}",data/processed/prism_student_profile/Student performance (Polytechnic Institute of Portalegre).csv
STU-PIP-4134,Academic Performance,"{""Admission_Grade"": ""1"", ""Tuition_Paid"": ""1"", ""Target"": ""Enrolled""}",data/processed/prism_student_profile/Student performance (Polytechnic Institute of Portalegre).csv
STU-PIP-4135,Academic Performance,"{""Admission_Grade"": ""1"", ""Tuition_Paid"": ""1"", ""Target"": ""Graduate""}",data/processed/prism_student_profile/Student performance (Polytechnic Institute of Portalegre).csv
STU-PIP-4136,Academic Performance,"{""Admission_Grade"": ""1"", ""Tuition_Paid"": ""1"", ""Target"": ""Graduate""}",data/processed/prism_student_profile/Student performance (Polytechnic Institute of Portalegre).csv
STU-PIP-4137,Academic Performance,"{""Admission_Grade"": ""1"", ""Tuition_Paid"": ""1"", ""Target"": ""Graduate""}",data/processed/prism_student_profile/Student performance (Polytechnic Institute of Portalegre).csv
STU-PIP-4138,Academic Performance,"{""Admission_Grade"": ""1"", ""Tuition_Paid"": ""1"", ""Target"": ""Graduate""}",data/processed/prism_student_profile/Student performance (Polytechnic Institute of Portalegre).csv
STU-PIP-4139,Academic Performance,"{""Admission_Grade"": ""1"", ""Tuition_Paid"": ""1"", ""Target"": ""Dropout""}",data/processed/prism_student_profile/Student performance (Polytechnic Institute of Portalegre).csv
STU-PIP-4140,Academic Performance,"{""Admission_Grade"": ""1"", ""Tuition_Paid"": ""1"", ""Target"": ""Graduate""}",data/processed/prism_student_profile/Student performance (Polytechnic Institute of Portalegre).csv
STU-PIP-4141,Academic Performance,"{""Admission_Grade"": ""40"", ""Tuition_Paid"": ""1"", ""Target"": ""Dropout""}",data/processed/prism_student_profile/Student performance (Polytechnic Institute of Portalegre).csv
STU-PIP-4142,Academic Performance,"{""Admission_Grade"": ""3"", ""Tuition_Paid"": ""1"", ""Target"": ""Dropout""}",data/processed/prism_student_profile/Student performance (Polytechnic Institute of Portalegre).csv
STU-PIP-4143,Academic Performance,"{""Admission_Grade"": ""12"", ""Tuition_Paid"": ""1"", ""Target"": ""Graduate""}",data/processed/prism_student_profile/Student performance (Polytechnic Institute of Portalegre).csv
STU-PIP-4144,Academic Performance,"{""Admission_Grade"": ""1"", ""Tuition_Paid"": ""1"", ""Target"": ""Enrolled""}",data/processed/prism_student_profile/Student performance (Polytechnic Institute of Portalegre).csv
STU-PIP-4145,Academic Performance,"{""Admission_Grade"": ""1"", ""Tuition_Paid"": ""1"", ""Target"": ""Enrolled""}",data/processed/prism_student_profile/Student performance (Polytechnic Institute of Portalegre).csv
STU-PIP-4146,Academic Performance,"{""Admission_Grade"": ""1"", ""Tuition_Paid"": ""1"", ""Target"": ""Dropout""}",data/processed/prism_student_profile/Student performance (Polytechnic Institute of Portalegre).csv
STU-PIP-4147,Academic Performance,"{""Admission_Grade"": ""19"", ""Tuition_Paid"": ""1"", ""Target"": ""Dropout""}",data/processed/prism_student_profile/Student performance (Polytechnic Institute of Portalegre).csv
STU-PIP-4148,Academic Performance,"{""Admission_Grade"": ""1"", ""Tuition_Paid"": ""0"", ""Target"": ""Enrolled""}",data/processed/prism_student_profile/Student performance (Polytechnic Institute of Portalegre).csv
STU-PIP-4149,Academic Performance,"{""Admission_Grade"": ""1"", ""Tuition_Paid"": ""1"", ""Target"": ""Enrolled""}",data/processed/prism_student_profile/Student performance (Polytechnic Institute of Portalegre).csv
STU-PIP-4150,Academic Performance,"{""Admission_Grade"": ""1"", ""Tuition_Paid"": ""1"", ""Target"": ""Graduate""}",data/processed/prism_student_profile/Student performance (Polytechnic Institute of Portalegre).csv
STU-PIP-4151,Academic Performance,"{""Admission_Grade"": ""1"", ""Tuition_Paid"": ""1"", ""Target"": ""Graduate""}",data/processed/prism_student_profile/Student performance (Polytechnic Institute of Portalegre).csv
STU-PIP-4152,Academic Performance,"{""Admission_Grade"": ""1"", ""Tuition_Paid"": ""1"", ""Target"": ""Graduate""}",data/processed/prism_student_profile/Student performance (Polytechnic Institute of Portalegre).csv
STU-PIP-4153,Academic Performance,"{""Admission_Grade"": ""1"", ""Tuition_Paid"": ""1"", ""Target"": ""Graduate""}",data/processed/prism_student_profile/Student performance (Polytechnic Institute of Portalegre).csv
STU-PIP-4154,Academic Performance,"{""Admission_Grade"": ""1"", ""Tuition_Paid"": ""1"", ""Target"": ""Enrolled""}",data/processed/prism_student_profile/Student performance (Polytechnic Institute of Portalegre).csv
STU-PIP-4155,Academic Performance,"{""Admission_Grade"": ""1"", ""Tuition_Paid"": ""1"", ""Target"": ""Dropout""}",data/processed/prism_student_profile/Student performance (Polytechnic Institute of Portalegre).csv
STU-PIP-4156,Academic Performance,"{""Admission_Grade"": ""1"", ""Tuition_Paid"": ""1"", ""Target"": ""Graduate""}",data/processed/prism_student_profile/Student performance (Polytechnic Institute of Portalegre).csv
STU-PIP-4157,Academic Performance,"{""Admission_Grade"": ""1"", ""Tuition_Paid"": ""1"", ""Target"": ""Enrolled""}",data/processed/prism_student_profile/Student performance (Polytechnic Institute of Portalegre).csv
STU-PIP-4158,Academic Performance,"{""Admission_Grade"": ""1"", ""Tuition_Paid"": ""1"", ""Target"": ""Dropout""}",data/processed/prism_student_profile/Student performance (Polytechnic Institute of Portalegre).csv
STU-PIP-4159,Academic Performance,"{""Admission_Grade"": ""1"", ""Tuition_Paid"": ""1"", ""Target"": ""Graduate""}",data/processed/prism_student_profile/Student performance (Polytechnic Institute of Portalegre).csv
STU-PIP-4160,Academic Performance,"{""Admission_Grade"": ""1"", ""Tuition_Paid"": ""1"", ""Target"": ""Graduate""}",data/processed/prism_student_profile/Student performance (Polytechnic Institute of Portalegre).csv
STU-PIP-4161,Academic Performance,"{""Admission_Grade"": ""39"", ""Tuition_Paid"": ""1"", ""Target"": ""Graduate""}",data/processed/prism_student_profile/Student performance (Polytechnic Institute of Portalegre).csv
STU-PIP-4162,Academic Performance,"{""Admission_Grade"": ""1"", ""Tuition_Paid"": ""0"", ""Target"": ""Enrolled""}",data/processed/prism_student_profile/Student performance (Polytechnic Institute of Portalegre).csv
STU-PIP-4163,Academic Performance,"{""Admission_Grade"": ""1"", ""Tuition_Paid"": ""1"", ""Target"": ""Dropout""}",data/processed/prism_student_profile/Student performance (Polytechnic Institute of Portalegre).csv
STU-PIP-4164,Academic Performance,"{""Admission_Grade"": ""1"", ""Tuition_Paid"": ""1"", ""Target"": ""Graduate""}",data/processed/prism_student_profile/Student performance (Polytechnic Institute of Portalegre).csv
STU-PIP-4165,Academic Performance,"{""Admission_Grade"": ""1"", ""Tuition_Paid"": ""1"", ""Target"": ""Dropout""}",data/processed/prism_student_profile/Student performance (Polytechnic Institute of Portalegre).csv
STU-PIP-4166,Academic Performance,"{""Admission_Grade"": ""1"", ""Tuition_Paid"": ""1"", ""Target"": ""Graduate""}",data/processed/prism_student_profile/Student performance (Polytechnic Institute of Portalegre).csv
STU-PIP-4167,Academic Performance,"{""Admission_Grade"": ""1"", ""Tuition_Paid"": ""1"", ""Target"": ""Enrolled""}",data/processed/prism_student_profile/Student performance (Polytechnic Institute of Portalegre).csv
STU-PIP-4168,Academic Performance,"{""Admission_Grade"": ""1"", ""Tuition_Paid"": ""1"", ""Target"": ""Graduate""}",data/processed/prism_student_profile/Student performance (Polytechnic Institute of Portalegre).csv
STU-PIP-4169,Academic Performance,"{""Admission_Grade"": ""1"", ""Tuition_Paid"": ""1"", ""Target"": ""Graduate""}",data/processed/prism_student_profile/Student performance (Polytechnic Institute of Portalegre).csv
STU-PIP-4170,Academic Performance,"{""Admission_Grade"": ""1"", ""Tuition_Paid"": ""1"", ""Target"": ""Dropout""}",data/processed/prism_student_profile/Student performance (Polytechnic Institute of Portalegre).csv
STU-PIP-4171,Academic Performance,"{""Admission_Grade"": ""1"", ""Tuition_Paid"": ""1"", ""Target"": ""Enrolled""}",data/processed/prism_student_profile/Student performance (Polytechnic Institute of Portalegre).csv
STU-PIP-4172,Academic Performance,"{""Admission_Grade"": ""1"", ""Tuition_Paid"": ""1"", ""Target"": ""Enrolled""}",data/processed/prism_student_profile/Student performance (Polytechnic Institute of Portalegre).csv
STU-PIP-4173,Academic Performance,"{""Admission_Grade"": ""1"", ""Tuition_Paid"": ""1"", ""Target"": ""Enrolled""}",data/processed/prism_student_profile/Student performance (Polytechnic Institute of Portalegre).csv
STU-PIP-4174,Academic Performance,"{""Admission_Grade"": ""1"", ""Tuition_Paid"": ""1"", ""Target"": ""Graduate""}",data/processed/prism_student_profile/Student performance (Polytechnic Institute of Portalegre).csv
STU-PIP-4175,Academic Performance,"{""Admission_Grade"": ""1"", ""Tuition_Paid"": ""1"", ""Target"": ""Graduate""}",data/processed/prism_student_profile/Student performance (Polytechnic Institute of Portalegre).csv
STU-PIP-4176,Academic Performance,"{""Admission_Grade"": ""1"", ""Tuition_Paid"": ""1"", ""Target"": ""Graduate""}",data/processed/prism_student_profile/Student performance (Polytechnic Institute of Portalegre).csv
STU-PIP-4177,Academic Performance,"{""Admission_Grade"": ""1"", ""Tuition_Paid"": ""1"", ""Target"": ""Graduate""}",data/processed/prism_student_profile/Student performance (Polytechnic Institute of Portalegre).csv
STU-PIP-4178,Academic Performance,"{""Admission_Grade"": ""1"", ""Tuition_Paid"": ""1"", ""Target"": ""Enrolled""}",data/processed/prism_student_profile/Student performance (Polytechnic Institute of Portalegre).csv
STU-PIP-4179,Academic Performance,"{""Admission_Grade"": ""1"", ""Tuition_Paid"": ""1"", ""Target"": ""Graduate""}",data/processed/prism_student_profile/Student performance (Polytechnic Institute of Portalegre).csv
STU-PIP-4180,Academic Performance,"{""Admission_Grade"": ""1"", ""Tuition_Paid"": ""1"", ""Target"": ""Graduate""}",data/processed/prism_student_profile/Student performance (Polytechnic Institute of Portalegre).csv
STU-PIP-4181,Academic Performance,"{""Admission_Grade"": ""1"", ""Tuition_Paid"": ""1"", ""Target"": ""Enrolled""}",data/processed/prism_student_profile/Student performance (Polytechnic Institute of Portalegre).csv
STU-PIP-4182,Academic Performance,"{""Admission_Grade"": ""1"", ""Tuition_Paid"": ""0"", ""Target"": ""Dropout""}",data/processed/prism_student_profile/Student performance (Polytechnic Institute of Portalegre).csv
STU-PIP-4183,Academic Performance,"{""Admission_Grade"": ""1"", ""Tuition_Paid"": ""1"", ""Target"": ""Dropout""}",data/processed/prism_student_profile/Student performance (Polytechnic Institute of Portalegre).csv
STU-PIP-4184,Academic Performance,"{""Admission_Grade"": ""1"", ""Tuition_Paid"": ""1"", ""Target"": ""Graduate""}",data/processed/prism_student_profile/Student performance (Polytechnic Institute of Portalegre).csv
STU-PIP-4185,Academic Performance,"{""Admission_Grade"": ""1"", ""Tuition_Paid"": ""1"", ""Target"": ""Graduate""}",data/processed/prism_student_profile/Student performance (Polytechnic Institute of Portalegre).csv
STU-PIP-4186,Academic Performance,"{""Admission_Grade"": ""1"", ""Tuition_Paid"": ""1"", ""Target"": ""Enrolled""}",data/processed/prism_student_profile/Student performance (Polytechnic Institute of Portalegre).csv
STU-PIP-4187,Academic Performance,"{""Admission_Grade"": ""1"", ""Tuition_Paid"": ""1"", ""Target"": ""Enrolled""}",data/processed/prism_student_profile/Student performance (Polytechnic Institute of Portalegre).csv
STU-PIP-4188,Academic Performance,"{""Admission_Grade"": ""1"", ""Tuition_Paid"": ""1"", ""Target"": ""Graduate""}",data/processed/prism_student_profile/Student performance (Polytechnic Institute of Portalegre).csv
STU-PIP-4189,Academic Performance,"{""Admission_Grade"": ""1"", ""Tuition_Paid"": ""1"", ""Target"": ""Graduate""}",data/processed/prism_student_profile/Student performance (Polytechnic Institute of Portalegre).csv
STU-PIP-4190,Academic Performance,"{""Admission_Grade"": ""1"", ""Tuition_Paid"": ""1"", ""Target"": ""Graduate""}",data/processed/prism_student_profile/Student performance (Polytechnic Institute of Portalegre).csv
STU-PIP-4191,Academic Performance,"{""Admission_Grade"": ""39"", ""Tuition_Paid"": ""1"", ""Target"": ""Dropout""}",data/processed/prism_student_profile/Student performance (Polytechnic Institute of Portalegre).csv
STU-PIP-4192,Academic Performance,"{""Admission_Grade"": ""39"", ""Tuition_Paid"": ""1"", ""Target"": ""Enrolled""}",data/processed/prism_student_profile/Student performance (Polytechnic Institute of Portalegre).csv
STU-PIP-4193,Academic Performance,"{""Admission_Grade"": ""1"", ""Tuition_Paid"": ""1"", ""Target"": ""Enrolled""}",data/processed/prism_student_profile/Student performance (Polytechnic Institute of Portalegre).csv
STU-PIP-4194,Academic Performance,"{""Admission_Grade"": ""1"", ""Tuition_Paid"": ""1"", ""Target"": ""Graduate""}",data/processed/prism_student_profile/Student performance (Polytechnic Institute of Portalegre).csv
STU-PIP-4195,Academic Performance,"{""Admission_Grade"": ""1"", ""Tuition_Paid"": ""0"", ""Target"": ""Dropout""}",data/processed/prism_student_profile/Student performance (Polytechnic Institute of Portalegre).csv
STU-PIP-4196,Academic Performance,"{""Admission_Grade"": ""1"", ""Tuition_Paid"": ""1"", ""Target"": ""Graduate""}",data/processed/prism_student_profile/Student performance (Polytechnic Institute of Portalegre).csv
STU-PIP-4197,Academic Performance,"{""Admission_Grade"": ""1"", ""Tuition_Paid"": ""1"", ""Target"": ""Graduate""}",data/processed/prism_student_profile/Student performance (Polytechnic Institute of Portalegre).csv
STU-PIP-4198,Academic Performance,"{""Admission_Grade"": ""1"", ""Tuition_Paid"": ""1"", ""Target"": ""Graduate""}",data/processed/prism_student_profile/Student performance (Polytechnic Institute of Portalegre).csv
STU-PIP-4199,Academic Performance,"{""Admission_Grade"": ""1"", ""Tuition_Paid"": ""1"", ""Target"": ""Enrolled""}",data/processed/prism_student_profile/Student performance (Polytechnic Institute of Portalegre).csv
STU-PIP-4200,Academic Performance,"{""Admission_Grade"": ""1"", ""Tuition_Paid"": ""1"", ""Target"": ""Graduate""}",data/processed/prism_student_profile/Student performance (Polytechnic Institute of Portalegre).csv
STU-PIP-4201,Academic Performance,"{""Admission_Grade"": ""1"", ""Tuition_Paid"": ""1"", ""Target"": ""Graduate""}",data/processed/prism_student_profile/Student performance (Polytechnic Institute of Portalegre).csv
STU-PIP-4202,Academic Performance,"{""Admission_Grade"": ""1"", ""Tuition_Paid"": ""1"", ""Target"": ""Graduate""}",data/processed/prism_student_profile/Student performance (Polytechnic Institute of Portalegre).csv
STU-PIP-4203,Academic Performance,"{""Admission_Grade"": ""1"", ""Tuition_Paid"": ""1"", ""Target"": ""Enrolled""}",data/processed/prism_student_profile/Student performance (Polytechnic Institute of Portalegre).csv
STU-PIP-4204,Academic Performance,"{""Admission_Grade"": ""1"", ""Tuition_Paid"": ""1"", ""Target"": ""Graduate""}",data/processed/prism_student_profile/Student performance (Polytechnic Institute of Portalegre).csv
STU-PIP-4205,Academic Performance,"{""Admission_Grade"": ""1"", ""Tuition_Paid"": ""1"", ""Target"": ""Dropout""}",data/processed/prism_student_profile/Student performance (Polytechnic Institute of Portalegre).csv
STU-PIP-4206,Academic Performance,"{""Admission_Grade"": ""1"", ""Tuition_Paid"": ""1"", ""Target"": ""Graduate""}",data/processed/prism_student_profile/Student performance (Polytechnic Institute of Portalegre).csv
STU-PIP-4207,Academic Performance,"{""Admission_Grade"": ""1"", ""Tuition_Paid"": ""1"", ""Target"": ""Graduate""}",data/processed/prism_student_profile/Student performance (Polytechnic Institute of Portalegre).csv
STU-PIP-4208,Academic Performance,"{""Admission_Grade"": ""1"", ""Tuition_Paid"": ""1"", ""Target"": ""Graduate""}",data/processed/prism_student_profile/Student performance (Polytechnic Institute of Portalegre).csv
STU-PIP-4209,Academic Performance,"{""Admission_Grade"": ""1"", ""Tuition_Paid"": ""0"", ""Target"": ""Dropout""}",data/processed/prism_student_profile/Student performance (Polytechnic Institute of Portalegre).csv
STU-PIP-4210,Academic Performance,"{""Admission_Grade"": ""1"", ""Tuition_Paid"": ""1"", ""Target"": ""Graduate""}",data/processed/prism_student_profile/Student performance (Polytechnic Institute of Portalegre).csv
STU-PIP-4211,Academic Performance,"{""Admission_Grade"": ""1"", ""Tuition_Paid"": ""1"", ""Target"": ""Graduate""}",data/processed/prism_student_profile/Student performance (Polytechnic Institute of Portalegre).csv
STU-PIP-4212,Academic Performance,"{""Admission_Grade"": ""1"", ""Tuition_Paid"": ""1"", ""Target"": ""Graduate""}",data/processed/prism_student_profile/Student performance (Polytechnic Institute of Portalegre).csv
STU-PIP-4213,Academic Performance,"{""Admission_Grade"": ""1"", ""Tuition_Paid"": ""1"", ""Target"": ""Graduate""}",data/processed/prism_student_profile/Student performance (Polytechnic Institute of Portalegre).csv
STU-PIP-4214,Academic Performance,"{""Admission_Grade"": ""1"", ""Tuition_Paid"": ""0"", ""Target"": ""Graduate""}",data/processed/prism_student_profile/Student performance (Polytechnic Institute of Portalegre).csv
STU-PIP-4215,Academic Performance,"{""Admission_Grade"": ""1"", ""Tuition_Paid"": ""1"", ""Target"": ""Graduate""}",data/processed/prism_student_profile/Student performance (Polytechnic Institute of Portalegre).csv
STU-PIP-4216,Academic Performance,"{""Admission_Grade"": ""1"", ""Tuition_Paid"": ""0"", ""Target"": ""Dropout""}",data/processed/prism_student_profile/Student performance (Polytechnic Institute of Portalegre).csv
STU-PIP-4217,Academic Performance,"{""Admission_Grade"": ""1"", ""Tuition_Paid"": ""0"", ""Target"": ""Dropout""}",data/processed/prism_student_profile/Student performance (Polytechnic Institute of Portalegre).csv
STU-PIP-4218,Academic Performance,"{""Admission_Grade"": ""1"", ""Tuition_Paid"": ""1"", ""Target"": ""Graduate""}",data/processed/prism_student_profile/Student performance (Polytechnic Institute of Portalegre).csv
STU-PIP-4219,Academic Performance,"{""Admission_Grade"": ""1"", ""Tuition_Paid"": ""1"", ""Target"": ""Enrolled""}",data/processed/prism_student_profile/Student performance (Polytechnic Institute of Portalegre).csv
STU-PIP-4220,Academic Performance,"{""Admission_Grade"": ""1"", ""Tuition_Paid"": ""1"", ""Target"": ""Graduate""}",data/processed/prism_student_profile/Student performance (Polytechnic Institute of Portalegre).csv
STU-PIP-4221,Academic Performance,"{""Admission_Grade"": ""1"", ""Tuition_Paid"": ""1"", ""Target"": ""Dropout""}",data/processed/prism_student_profile/Student performance (Polytechnic Institute of Portalegre).csv
STU-PIP-4222,Academic Performance,"{""Admission_Grade"": ""1"", ""Tuition_Paid"": ""1"", ""Target"": ""Graduate""}",data/processed/prism_student_profile/Student performance (Polytechnic Institute of Portalegre).csv
STU-PIP-4223,Academic Performance,"{""Admission_Grade"": ""1"", ""Tuition_Paid"": ""1"", ""Target"": ""Graduate""}",data/processed/prism_student_profile/Student performance (Polytechnic Institute of Portalegre).csv
STU-PIP-4224,Academic Performance,"{""Admission_Grade"": ""1"", ""Tuition_Paid"": ""1"", ""Target"": ""Graduate""}",data/processed/prism_student_profile/Student performance (Polytechnic Institute of Portalegre).csv
STU-PIP-4225,Academic Performance,"{""Admission_Grade"": ""1"", ""Tuition_Paid"": ""1"", ""Target"": ""Graduate""}",data/processed/prism_student_profile/Student performance (Polytechnic Institute of Portalegre).csv
STU-PIP-4226,Academic Performance,"{""Admission_Grade"": ""39"", ""Tuition_Paid"": ""1"", ""Target"": ""Graduate""}",data/processed/prism_student_profile/Student performance (Polytechnic Institute of Portalegre).csv
STU-PIP-4227,Academic Performance,"{""Admission_Grade"": ""1"", ""Tuition_Paid"": ""1"", ""Target"": ""Dropout""}",data/processed/prism_student_profile/Student performance (Polytechnic Institute of Portalegre).csv
STU-PIP-4228,Academic Performance,"{""Admission_Grade"": ""1"", ""Tuition_Paid"": ""1"", ""Target"": ""Graduate""}",data/processed/prism_student_profile/Student performance (Polytechnic Institute of Portalegre).csv
STU-PIP-4229,Academic Performance,"{""Admission_Grade"": ""1"", ""Tuition_Paid"": ""1"", ""Target"": ""Enrolled""}",data/processed/prism_student_profile/Student performance (Polytechnic Institute of Portalegre).csv
STU-PIP-4230,Academic Performance,"{""Admission_Grade"": ""1"", ""Tuition_Paid"": ""0"", ""Target"": ""Dropout""}",data/processed/prism_student_profile/Student performance (Polytechnic Institute of Portalegre).csv
STU-PIP-4231,Academic Performance,"{""Admission_Grade"": ""1"", ""Tuition_Paid"": ""1"", ""Target"": ""Graduate""}",data/processed/prism_student_profile/Student performance (Polytechnic Institute of Portalegre).csv
STU-PIP-4232,Academic Performance,"{""Admission_Grade"": ""1"", ""Tuition_Paid"": ""1"", ""Target"": ""Enrolled""}",data/processed/prism_student_profile/Student performance (Polytechnic Institute of Portalegre).csv
STU-PIP-4233,Academic Performance,"{""Admission_Grade"": ""1"", ""Tuition_Paid"": ""0"", ""Target"": ""Dropout""}",data/processed/prism_student_profile/Student performance (Polytechnic Institute of Portalegre).csv
STU-PIP-4234,Academic Performance,"{""Admission_Grade"": ""1"", ""Tuition_Paid"": ""1"", ""Target"": ""Graduate""}",data/processed/prism_student_profile/Student performance (Polytechnic Institute of Portalegre).csv
STU-PIP-4235,Academic Performance,"{""Admission_Grade"": ""1"", ""Tuition_Paid"": ""1"", ""Target"": ""Enrolled""}",data/processed/prism_student_profile/Student performance (Polytechnic Institute of Portalegre).csv
STU-PIP-4236,Academic Performance,"{""Admission_Grade"": ""1"", ""Tuition_Paid"": ""1"", ""Target"": ""Enrolled""}",data/processed/prism_student_profile/Student performance (Polytechnic Institute of Portalegre).csv
STU-PIP-4237,Academic Performance,"{""Admission_Grade"": ""1"", ""Tuition_Paid"": ""1"", ""Target"": ""Graduate""}",data/processed/prism_student_profile/Student performance (Polytechnic Institute of Portalegre).csv
STU-PIP-4238,Academic Performance,"{""Admission_Grade"": ""1"", ""Tuition_Paid"": ""1"", ""Target"": ""Enrolled""}",data/processed/prism_student_profile/Student performance (Polytechnic Institute of Portalegre).csv
STU-PIP-4239,Academic Performance,"{""Admission_Grade"": ""1"", ""Tuition_Paid"": ""0"", ""Target"": ""Dropout""}",data/processed/prism_student_profile/Student performance (Polytechnic Institute of Portalegre).csv
STU-PIP-4240,Academic Performance,"{""Admission_Grade"": ""40"", ""Tuition_Paid"": ""1"", ""Target"": ""Graduate""}",data/processed/prism_student_profile/Student performance (Polytechnic Institute of Portalegre).csv
STU-PIP-4241,Academic Performance,"{""Admission_Grade"": ""1"", ""Tuition_Paid"": ""1"", ""Target"": ""Graduate""}",data/processed/prism_student_profile/Student performance (Polytechnic Institute of Portalegre).csv
STU-PIP-4242,Academic Performance,"{""Admission_Grade"": ""1"", ""Tuition_Paid"": ""0"", ""Target"": ""Dropout""}",data/processed/prism_student_profile/Student performance (Polytechnic Institute of Portalegre).csv
STU-PIP-4243,Academic Performance,"{""Admission_Grade"": ""1"", ""Tuition_Paid"": ""0"", ""Target"": ""Dropout""}",data/processed/prism_student_profile/Student performance (Polytechnic Institute of Portalegre).csv
STU-PIP-4244,Academic Performance,"{""Admission_Grade"": ""1"", ""Tuition_Paid"": ""1"", ""Target"": ""Enrolled""}",data/processed/prism_student_profile/Student performance (Polytechnic Institute of Portalegre).csv
STU-PIP-4245,Academic Performance,"{""Admission_Grade"": ""1"", ""Tuition_Paid"": ""1"", ""Target"": ""Dropout""}",data/processed/prism_student_profile/Student performance (Polytechnic Institute of Portalegre).csv
STU-PIP-4246,Academic Performance,"{""Admission_Grade"": ""1"", ""Tuition_Paid"": ""0"", ""Target"": ""Dropout""}",data/processed/prism_student_profile/Student performance (Polytechnic Institute of Portalegre).csv
STU-PIP-4247,Academic Performance,"{""Admission_Grade"": ""1"", ""Tuition_Paid"": ""0"", ""Target"": ""Dropout""}",data/processed/prism_student_profile/Student performance (Polytechnic Institute of Portalegre).csv
STU-PIP-4248,Academic Performance,"{""Admission_Grade"": ""19"", ""Tuition_Paid"": ""1"", ""Target"": ""Graduate""}",data/processed/prism_student_profile/Student performance (Polytechnic Institute of Portalegre).csv
STU-PIP-4249,Academic Performance,"{""Admission_Grade"": ""3"", ""Tuition_Paid"": ""0"", ""Target"": ""Dropout""}",data/processed/prism_student_profile/Student performance (Polytechnic Institute of Portalegre).csv
STU-PIP-4250,Academic Performance,"{""Admission_Grade"": ""3"", ""Tuition_Paid"": ""1"", ""Target"": ""Graduate""}",data/processed/prism_student_profile/Student performance (Polytechnic Institute of Portalegre).csv
STU-PIP-4251,Academic Performance,"{""Admission_Grade"": ""19"", ""Tuition_Paid"": ""0"", ""Target"": ""Dropout""}",data/processed/prism_student_profile/Student performance (Polytechnic Institute of Portalegre).csv
STU-PIP-4252,Academic Performance,"{""Admission_Grade"": ""1"", ""Tuition_Paid"": ""1"", ""Target"": ""Dropout""}",data/processed/prism_student_profile/Student performance (Polytechnic Institute of Portalegre).csv
STU-PIP-4253,Academic Performance,"{""Admission_Grade"": ""1"", ""Tuition_Paid"": ""1"", ""Target"": ""Graduate""}",data/processed/prism_student_profile/Student performance (Polytechnic Institute of Portalegre).csv
STU-PIP-4254,Academic Performance,"{""Admission_Grade"": ""1"", ""Tuition_Paid"": ""0"", ""Target"": ""Dropout""}",data/processed/prism_student_profile/Student performance (Polytechnic Institute of Portalegre).csv
STU-PIP-4255,Academic Performance,"{""Admission_Grade"": ""1"", ""Tuition_Paid"": ""1"", ""Target"": ""Dropout""}",data/processed/prism_student_profile/Student performance (Polytechnic Institute of Portalegre).csv
STU-PIP-4256,Academic Performance,"{""Admission_Grade"": ""4"", ""Tuition_Paid"": ""1"", ""Target"": ""Dropout""}",data/processed/prism_student_profile/Student performance (Polytechnic Institute of Portalegre).csv
STU-PIP-4257,Academic Performance,"{""Admission_Grade"": ""1"", ""Tuition_Paid"": ""1"", ""Target"": ""Graduate""}",data/processed/prism_student_profile/Student performance (Polytechnic Institute of Portalegre).csv
STU-PIP-4258,Academic Performance,"{""Admission_Grade"": ""1"", ""Tuition_Paid"": ""1"", ""Target"": ""Enrolled""}",data/processed/prism_student_profile/Student performance (Polytechnic Institute of Portalegre).csv
STU-PIP-4259,Academic Performance,"{""Admission_Grade"": ""1"", ""Tuition_Paid"": ""1"", ""Target"": ""Graduate""}",data/processed/prism_student_profile/Student performance (Polytechnic Institute of Portalegre).csv
STU-PIP-4260,Academic Performance,"{""Admission_Grade"": ""1"", ""Tuition_Paid"": ""1"", ""Target"": ""Dropout""}",data/processed/prism_student_profile/Student performance (Polytechnic Institute of Portalegre).csv
STU-PIP-4261,Academic Performance,"{""Admission_Grade"": ""1"", ""Tuition_Paid"": ""0"", ""Target"": ""Dropout""}",data/processed/prism_student_profile/Student performance (Polytechnic Institute of Portalegre).csv
STU-PIP-4262,Academic Performance,"{""Admission_Grade"": ""2"", ""Tuition_Paid"": ""0"", ""Target"": ""Dropout""}",data/processed/prism_student_profile/Student performance (Polytechnic Institute of Portalegre).csv
STU-PIP-4263,Academic Performance,"{""Admission_Grade"": ""1"", ""Tuition_Paid"": ""1"", ""Target"": ""Graduate""}",data/processed/prism_student_profile/Student performance (Polytechnic Institute of Portalegre).csv
STU-PIP-4264,Academic Performance,"{""Admission_Grade"": ""12"", ""Tuition_Paid"": ""1"", ""Target"": ""Dropout""}",data/processed/prism_student_profile/Student performance (Polytechnic Institute of Portalegre).csv
STU-PIP-4265,Academic Performance,"{""Admission_Grade"": ""39"", ""Tuition_Paid"": ""1"", ""Target"": ""Graduate""}",data/processed/prism_student_profile/Student performance (Polytechnic Institute of Portalegre).csv
STU-PIP-4266,Academic Performance,"{""Admission_Grade"": ""1"", ""Tuition_Paid"": ""1"", ""Target"": ""Graduate""}",data/processed/prism_student_profile/Student performance (Polytechnic Institute of Portalegre).csv
STU-PIP-4267,Academic Performance,"{""Admission_Grade"": ""39"", ""Tuition_Paid"": ""1"", ""Target"": ""Enrolled""}",data/processed/prism_student_profile/Student performance (Polytechnic Institute of Portalegre).csv
STU-PIP-4268,Academic Performance,"{""Admission_Grade"": ""1"", ""Tuition_Paid"": ""1"", ""Target"": ""Graduate""}",data/processed/prism_student_profile/Student performance (Polytechnic Institute of Portalegre).csv
STU-PIP-4269,Academic Performance,"{""Admission_Grade"": ""1"", ""Tuition_Paid"": ""1"", ""Target"": ""Dropout""}",data/processed/prism_student_profile/Student performance (Polytechnic Institute of Portalegre).csv
STU-PIP-4270,Academic Performance,"{""Admission_Grade"": ""1"", ""Tuition_Paid"": ""1"", ""Target"": ""Enrolled""}",data/processed/prism_student_profile/Student performance (Polytechnic Institute of Portalegre).csv
STU-PIP-4271,Academic Performance,"{""Admission_Grade"": ""1"", ""Tuition_Paid"": ""1"", ""Target"": ""Graduate""}",data/processed/prism_student_profile/Student performance (Polytechnic Institute of Portalegre).csv
STU-PIP-4272,Academic Performance,"{""Admission_Grade"": ""1"", ""Tuition_Paid"": ""1"", ""Target"": ""Dropout""}",data/processed/prism_student_profile/Student performance (Polytechnic Institute of Portalegre).csv
STU-PIP-4273,Academic Performance,"{""Admission_Grade"": ""1"", ""Tuition_Paid"": ""1"", ""Target"": ""Graduate""}",data/processed/prism_student_profile/Student performance (Polytechnic Institute of Portalegre).csv
STU-PIP-4274,Academic Performance,"{""Admission_Grade"": ""1"", ""Tuition_Paid"": ""1"", ""Target"": ""Enrolled""}",data/processed/prism_student_profile/Student performance (Polytechnic Institute of Portalegre).csv
STU-PIP-4275,Academic Performance,"{""Admission_Grade"": ""1"", ""Tuition_Paid"": ""1"", ""Target"": ""Enrolled""}",data/processed/prism_student_profile/Student performance (Polytechnic Institute of Portalegre).csv
STU-PIP-4276,Academic Performance,"{""Admission_Grade"": ""1"", ""Tuition_Paid"": ""1"", ""Target"": ""Enrolled""}",data/processed/prism_student_profile/Student performance (Polytechnic Institute of Portalegre).csv
STU-PIP-4277,Academic Performance,"{""Admission_Grade"": ""1"", ""Tuition_Paid"": ""0"", ""Target"": ""Dropout""}",data/processed/prism_student_profile/Student performance (Polytechnic Institute of Portalegre).csv
STU-PIP-4278,Academic Performance,"{""Admission_Grade"": ""1"", ""Tuition_Paid"": ""1"", ""Target"": ""Dropout""}",data/processed/prism_student_profile/Student performance (Polytechnic Institute of Portalegre).csv
STU-PIP-4279,Academic Performance,"{""Admission_Grade"": ""1"", ""Tuition_Paid"": ""1"", ""Target"": ""Graduate""}",data/processed/prism_student_profile/Student performance (Polytechnic Institute of Portalegre).csv
STU-PIP-4280,Academic Performance,"{""Admission_Grade"": ""1"", ""Tuition_Paid"": ""1"", ""Target"": ""Dropout""}",data/processed/prism_student_profile/Student performance (Polytechnic Institute of Portalegre).csv
STU-PIP-4281,Academic Performance,"{""Admission_Grade"": ""1"", ""Tuition_Paid"": ""1"", ""Target"": ""Dropout""}",data/processed/prism_student_profile/Student performance (Polytechnic Institute of Portalegre).csv
STU-PIP-4282,Academic Performance,"{""Admission_Grade"": ""1"", ""Tuition_Paid"": ""1"", ""Target"": ""Enrolled""}",data/processed/prism_student_profile/Student performance (Polytechnic Institute of Portalegre).csv
STU-PIP-4283,Academic Performance,"{""Admission_Grade"": ""1"", ""Tuition_Paid"": ""1"", ""Target"": ""Dropout""}",data/processed/prism_student_profile/Student performance (Polytechnic Institute of Portalegre).csv
STU-PIP-4284,Academic Performance,"{""Admission_Grade"": ""19"", ""Tuition_Paid"": ""0"", ""Target"": ""Dropout""}",data/processed/prism_student_profile/Student performance (Polytechnic Institute of Portalegre).csv
STU-PIP-4285,Academic Performance,"{""Admission_Grade"": ""1"", ""Tuition_Paid"": ""1"", ""Target"": ""Enrolled""}",data/processed/prism_student_profile/Student performance (Polytechnic Institute of Portalegre).csv
STU-PIP-4286,Academic Performance,"{""Admission_Grade"": ""1"", ""Tuition_Paid"": ""1"", ""Target"": ""Enrolled""}",data/processed/prism_student_profile/Student performance (Polytechnic Institute of Portalegre).csv
STU-PIP-4287,Academic Performance,"{""Admission_Grade"": ""1"", ""Tuition_Paid"": ""1"", ""Target"": ""Graduate""}",data/processed/prism_student_profile/Student performance (Polytechnic Institute of Portalegre).csv
STU-PIP-4288,Academic Performance,"{""Admission_Grade"": ""39"", ""Tuition_Paid"": ""1"", ""Target"": ""Graduate""}",data/processed/prism_student_profile/Student performance (Polytechnic Institute of Portalegre).csv
STU-PIP-4289,Academic Performance,"{""Admission_Grade"": ""39"", ""Tuition_Paid"": ""0"", ""Target"": ""Dropout""}",data/processed/prism_student_profile/Student performance (Polytechnic Institute of Portalegre).csv
STU-PIP-4290,Academic Performance,"{""Admission_Grade"": ""1"", ""Tuition_Paid"": ""1"", ""Target"": ""Graduate""}",data/processed/prism_student_profile/Student performance (Polytechnic Institute of Portalegre).csv
STU-PIP-4291,Academic Performance,"{""Admission_Grade"": ""1"", ""Tuition_Paid"": ""1"", ""Target"": ""Graduate""}",data/processed/prism_student_profile/Student performance (Polytechnic Institute of Portalegre).csv
STU-PIP-4292,Academic Performance,"{""Admission_Grade"": ""1"", ""Tuition_Paid"": ""1"", ""Target"": ""Graduate""}",data/processed/prism_student_profile/Student performance (Polytechnic Institute of Portalegre).csv
STU-PIP-4293,Academic Performance,"{""Admission_Grade"": ""3"", ""Tuition_Paid"": ""1"", ""Target"": ""Graduate""}",data/processed/prism_student_profile/Student performance (Polytechnic Institute of Portalegre).csv
STU-PIP-4294,Academic Performance,"{""Admission_Grade"": ""1"", ""Tuition_Paid"": ""1"", ""Target"": ""Dropout""}",data/processed/prism_student_profile/Student performance (Polytechnic Institute of Portalegre).csv
STU-PIP-4295,Academic Performance,"{""Admission_Grade"": ""1"", ""Tuition_Paid"": ""1"", ""Target"": ""Graduate""}",data/processed/prism_student_profile/Student performance (Polytechnic Institute of Portalegre).csv
STU-PIP-4296,Academic Performance,"{""Admission_Grade"": ""1"", ""Tuition_Paid"": ""1"", ""Target"": ""Enrolled""}",data/processed/prism_student_profile/Student performance (Polytechnic Institute of Portalegre).csv
STU-PIP-4297,Academic Performance,"{""Admission_Grade"": ""39"", ""Tuition_Paid"": ""1"", ""Target"": ""Graduate""}",data/processed/prism_student_profile/Student performance (Polytechnic Institute of Portalegre).csv
STU-PIP-4298,Academic Performance,"{""Admission_Grade"": ""1"", ""Tuition_Paid"": ""1"", ""Target"": ""Graduate""}",data/processed/prism_student_profile/Student performance (Polytechnic Institute of Portalegre).csv
STU-PIP-4299,Academic Performance,"{""Admission_Grade"": ""39"", ""Tuition_Paid"": ""1"", ""Target"": ""Dropout""}",data/processed/prism_student_profile/Student performance (Polytechnic Institute of Portalegre).csv
STU-PIP-4300,Academic Performance,"{""Admission_Grade"": ""1"", ""Tuition_Paid"": ""1"", ""Target"": ""Dropout""}",data/processed/prism_student_profile/Student performance (Polytechnic Institute of Portalegre).csv
STU-PIP-4301,Academic Performance,"{""Admission_Grade"": ""39"", ""Tuition_Paid"": ""1"", ""Target"": ""Graduate""}",data/processed/prism_student_profile/Student performance (Polytechnic Institute of Portalegre).csv
STU-PIP-4302,Academic Performance,"{""Admission_Grade"": ""39"", ""Tuition_Paid"": ""0"", ""Target"": ""Dropout""}",data/processed/prism_student_profile/Student performance (Polytechnic Institute of Portalegre).csv
STU-PIP-4303,Academic Performance,"{""Admission_Grade"": ""1"", ""Tuition_Paid"": ""1"", ""Target"": ""Dropout""}",data/processed/prism_student_profile/Student performance (Polytechnic Institute of Portalegre).csv
STU-PIP-4304,Academic Performance,"{""Admission_Grade"": ""1"", ""Tuition_Paid"": ""1"", ""Target"": ""Dropout""}",data/processed/prism_student_profile/Student performance (Polytechnic Institute of Portalegre).csv
STU-PIP-4305,Academic Performance,"{""Admission_Grade"": ""1"", ""Tuition_Paid"": ""1"", ""Target"": ""Dropout""}",data/processed/prism_student_profile/Student performance (Polytechnic Institute of Portalegre).csv
STU-PIP-4306,Academic Performance,"{""Admission_Grade"": ""1"", ""Tuition_Paid"": ""1"", ""Target"": ""Dropout""}",data/processed/prism_student_profile/Student performance (Polytechnic Institute of Portalegre).csv
STU-PIP-4307,Academic Performance,"{""Admission_Grade"": ""1"", ""Tuition_Paid"": ""0"", ""Target"": ""Dropout""}",data/processed/prism_student_profile/Student performance (Polytechnic Institute of Portalegre).csv
STU-PIP-4308,Academic Performance,"{""Admission_Grade"": ""1"", ""Tuition_Paid"": ""1"", ""Target"": ""Dropout""}",data/processed/prism_student_profile/Student performance (Polytechnic Institute of Portalegre).csv
STU-PIP-4309,Academic Performance,"{""Admission_Grade"": ""39"", ""Tuition_Paid"": ""1"", ""Target"": ""Dropout""}",data/processed/prism_student_profile/Student performance (Polytechnic Institute of Portalegre).csv
STU-PIP-4310,Academic Performance,"{""Admission_Grade"": ""1"", ""Tuition_Paid"": ""1"", ""Target"": ""Graduate""}",data/processed/prism_student_profile/Student performance (Polytechnic Institute of Portalegre).csv
STU-PIP-4311,Academic Performance,"{""Admission_Grade"": ""39"", ""Tuition_Paid"": ""1"", ""Target"": ""Graduate""}",data/processed/prism_student_profile/Student performance (Polytechnic Institute of Portalegre).csv
STU-PIP-4312,Academic Performance,"{""Admission_Grade"": ""1"", ""Tuition_Paid"": ""1"", ""Target"": ""Enrolled""}",data/processed/prism_student_profile/Student performance (Polytechnic Institute of Portalegre).csv
STU-PIP-4313,Academic Performance,"{""Admission_Grade"": ""3"", ""Tuition_Paid"": ""0"", ""Target"": ""Dropout""}",data/processed/prism_student_profile/Student performance (Polytechnic Institute of Portalegre).csv
STU-PIP-4314,Academic Performance,"{""Admission_Grade"": ""1"", ""Tuition_Paid"": ""1"", ""Target"": ""Graduate""}",data/processed/prism_student_profile/Student performance (Polytechnic Institute of Portalegre).csv
STU-PIP-4315,Academic Performance,"{""Admission_Grade"": ""1"", ""Tuition_Paid"": ""1"", ""Target"": ""Dropout""}",data/processed/prism_student_profile/Student performance (Polytechnic Institute of Portalegre).csv
STU-PIP-4316,Academic Performance,"{""Admission_Grade"": ""1"", ""Tuition_Paid"": ""1"", ""Target"": ""Dropout""}",data/processed/prism_student_profile/Student performance (Polytechnic Institute of Portalegre).csv
STU-PIP-4317,Academic Performance,"{""Admission_Grade"": ""1"", ""Tuition_Paid"": ""1"", ""Target"": ""Graduate""}",data/processed/prism_student_profile/Student performance (Polytechnic Institute of Portalegre).csv
STU-PIP-4318,Academic Performance,"{""Admission_Grade"": ""1"", ""Tuition_Paid"": ""1"", ""Target"": ""Graduate""}",data/processed/prism_student_profile/Student performance (Polytechnic Institute of Portalegre).csv
STU-PIP-4319,Academic Performance,"{""Admission_Grade"": ""1"", ""Tuition_Paid"": ""0"", ""Target"": ""Graduate""}",data/processed/prism_student_profile/Student performance (Polytechnic Institute of Portalegre).csv
STU-PIP-4320,Academic Performance,"{""Admission_Grade"": ""1"", ""Tuition_Paid"": ""1"", ""Target"": ""Graduate""}",data/processed/prism_student_profile/Student performance (Polytechnic Institute of Portalegre).csv
STU-PIP-4321,Academic Performance,"{""Admission_Grade"": ""1"", ""Tuition_Paid"": ""1"", ""Target"": ""Enrolled""}",data/processed/prism_student_profile/Student performance (Polytechnic Institute of Portalegre).csv
STU-PIP-4322,Academic Performance,"{""Admission_Grade"": ""1"", ""Tuition_Paid"": ""1"", ""Target"": ""Enrolled""}",data/processed/prism_student_profile/Student performance (Polytechnic Institute of Portalegre).csv
STU-PIP-4323,Academic Performance,"{""Admission_Grade"": ""1"", ""Tuition_Paid"": ""0"", ""Target"": ""Dropout""}",data/processed/prism_student_profile/Student performance (Polytechnic Institute of Portalegre).csv
STU-PIP-4324,Academic Performance,"{""Admission_Grade"": ""19"", ""Tuition_Paid"": ""1"", ""Target"": ""Dropout""}",data/processed/prism_student_profile/Student performance (Polytechnic Institute of Portalegre).csv
STU-PIP-4325,Academic Performance,"{""Admission_Grade"": ""1"", ""Tuition_Paid"": ""1"", ""Target"": ""Graduate""}",data/processed/prism_student_profile/Student performance (Polytechnic Institute of Portalegre).csv
STU-PIP-4326,Academic Performance,"{""Admission_Grade"": ""3"", ""Tuition_Paid"": ""1"", ""Target"": ""Graduate""}",data/processed/prism_student_profile/Student performance (Polytechnic Institute of Portalegre).csv
STU-PIP-4327,Academic Performance,"{""Admission_Grade"": ""39"", ""Tuition_Paid"": ""0"", ""Target"": ""Dropout""}",data/processed/prism_student_profile/Student performance (Polytechnic Institute of Portalegre).csv
STU-PIP-4328,Academic Performance,"{""Admission_Grade"": ""12"", ""Tuition_Paid"": ""1"", ""Target"": ""Dropout""}",data/processed/prism_student_profile/Student performance (Polytechnic Institute of Portalegre).csv
STU-PIP-4329,Academic Performance,"{""Admission_Grade"": ""1"", ""Tuition_Paid"": ""1"", ""Target"": ""Dropout""}",data/processed/prism_student_profile/Student performance (Polytechnic Institute of Portalegre).csv
STU-PIP-4330,Academic Performance,"{""Admission_Grade"": ""1"", ""Tuition_Paid"": ""1"", ""Target"": ""Graduate""}",data/processed/prism_student_profile/Student performance (Polytechnic Institute of Portalegre).csv
STU-PIP-4331,Academic Performance,"{""Admission_Grade"": ""1"", ""Tuition_Paid"": ""1"", ""Target"": ""Dropout""}",data/processed/prism_student_profile/Student performance (Polytechnic Institute of Portalegre).csv
STU-PIP-4332,Academic Performance,"{""Admission_Grade"": ""1"", ""Tuition_Paid"": ""1"", ""Target"": ""Dropout""}",data/processed/prism_student_profile/Student performance (Polytechnic Institute of Portalegre).csv
STU-PIP-4333,Academic Performance,"{""Admission_Grade"": ""1"", ""Tuition_Paid"": ""1"", ""Target"": ""Graduate""}",data/processed/prism_student_profile/Student performance (Polytechnic Institute of Portalegre).csv
STU-PIP-4334,Academic Performance,"{""Admission_Grade"": ""1"", ""Tuition_Paid"": ""1"", ""Target"": ""Dropout""}",data/processed/prism_student_profile/Student performance (Polytechnic Institute of Portalegre).csv
STU-PIP-4335,Academic Performance,"{""Admission_Grade"": ""1"", ""Tuition_Paid"": ""1"", ""Target"": ""Graduate""}",data/processed/prism_student_profile/Student performance (Polytechnic Institute of Portalegre).csv
STU-PIP-4336,Academic Performance,"{""Admission_Grade"": ""1"", ""Tuition_Paid"": ""1"", ""Target"": ""Enrolled""}",data/processed/prism_student_profile/Student performance (Polytechnic Institute of Portalegre).csv
STU-PIP-4337,Academic Performance,"{""Admission_Grade"": ""1"", ""Tuition_Paid"": ""1"", ""Target"": ""Enrolled""}",data/processed/prism_student_profile/Student performance (Polytechnic Institute of Portalegre).csv
STU-PIP-4338,Academic Performance,"{""Admission_Grade"": ""1"", ""Tuition_Paid"": ""1"", ""Target"": ""Graduate""}",data/processed/prism_student_profile/Student performance (Polytechnic Institute of Portalegre).csv
STU-PIP-4339,Academic Performance,"{""Admission_Grade"": ""1"", ""Tuition_Paid"": ""1"", ""Target"": ""Enrolled""}",data/processed/prism_student_profile/Student performance (Polytechnic Institute of Portalegre).csv
STU-PIP-4340,Academic Performance,"{""Admission_Grade"": ""1"", ""Tuition_Paid"": ""1"", ""Target"": ""Graduate""}",data/processed/prism_student_profile/Student performance (Polytechnic Institute of Portalegre).csv
STU-PIP-4341,Academic Performance,"{""Admission_Grade"": ""1"", ""Tuition_Paid"": ""1"", ""Target"": ""Graduate""}",data/processed/prism_student_profile/Student performance (Polytechnic Institute of Portalegre).csv
STU-PIP-4342,Academic Performance,"{""Admission_Grade"": ""1"", ""Tuition_Paid"": ""1"", ""Target"": ""Graduate""}",data/processed/prism_student_profile/Student performance (Polytechnic Institute of Portalegre).csv
STU-PIP-4343,Academic Performance,"{""Admission_Grade"": ""1"", ""Tuition_Paid"": ""1"", ""Target"": ""Dropout""}",data/processed/prism_student_profile/Student performance (Polytechnic Institute of Portalegre).csv
STU-PIP-4344,Academic Performance,"{""Admission_Grade"": ""1"", ""Tuition_Paid"": ""1"", ""Target"": ""Enrolled""}",data/processed/prism_student_profile/Student performance (Polytechnic Institute of Portalegre).csv
STU-PIP-4345,Academic Performance,"{""Admission_Grade"": ""1"", ""Tuition_Paid"": ""0"", ""Target"": ""Dropout""}",data/processed/prism_student_profile/Student performance (Polytechnic Institute of Portalegre).csv
STU-PIP-4346,Academic Performance,"{""Admission_Grade"": ""1"", ""Tuition_Paid"": ""1"", ""Target"": ""Graduate""}",data/processed/prism_student_profile/Student performance (Polytechnic Institute of Portalegre).csv
STU-PIP-4347,Academic Performance,"{""Admission_Grade"": ""1"", ""Tuition_Paid"": ""1"", ""Target"": ""Dropout""}",data/processed/prism_student_profile/Student performance (Polytechnic Institute of Portalegre).csv
STU-PIP-4348,Academic Performance,"{""Admission_Grade"": ""1"", ""Tuition_Paid"": ""1"", ""Target"": ""Dropout""}",data/processed/prism_student_profile/Student performance (Polytechnic Institute of Portalegre).csv
STU-PIP-4349,Academic Performance,"{""Admission_Grade"": ""1"", ""Tuition_Paid"": ""1"", ""Target"": ""Graduate""}",data/processed/prism_student_profile/Student performance (Polytechnic Institute of Portalegre).csv
STU-PIP-4350,Academic Performance,"{""Admission_Grade"": ""1"", ""Tuition_Paid"": ""1"", ""Target"": ""Graduate""}",data/processed/prism_student_profile/Student performance (Polytechnic Institute of Portalegre).csv
STU-PIP-4351,Academic Performance,"{""Admission_Grade"": ""39"", ""Tuition_Paid"": ""1"", ""Target"": ""Graduate""}",data/processed/prism_student_profile/Student performance (Polytechnic Institute of Portalegre).csv
STU-PIP-4352,Academic Performance,"{""Admission_Grade"": ""1"", ""Tuition_Paid"": ""1"", ""Target"": ""Graduate""}",data/processed/prism_student_profile/Student performance (Polytechnic Institute of Portalegre).csv
STU-PIP-4353,Academic Performance,"{""Admission_Grade"": ""1"", ""Tuition_Paid"": ""1"", ""Target"": ""Dropout""}",data/processed/prism_student_profile/Student performance (Polytechnic Institute of Portalegre).csv
STU-PIP-4354,Academic Performance,"{""Admission_Grade"": ""1"", ""Tuition_Paid"": ""1"", ""Target"": ""Graduate""}",data/processed/prism_student_profile/Student performance (Polytechnic Institute of Portalegre).csv
STU-PIP-4355,Academic Performance,"{""Admission_Grade"": ""1"", ""Tuition_Paid"": ""1"", ""Target"": ""Enrolled""}",data/processed/prism_student_profile/Student performance (Polytechnic Institute of Portalegre).csv
STU-PIP-4356,Academic Performance,"{""Admission_Grade"": ""1"", ""Tuition_Paid"": ""1"", ""Target"": ""Graduate""}",data/processed/prism_student_profile/Student performance (Polytechnic Institute of Portalegre).csv
STU-PIP-4357,Academic Performance,"{""Admission_Grade"": ""19"", ""Tuition_Paid"": ""1"", ""Target"": ""Dropout""}",data/processed/prism_student_profile/Student performance (Polytechnic Institute of Portalegre).csv
STU-PIP-4358,Academic Performance,"{""Admission_Grade"": ""1"", ""Tuition_Paid"": ""0"", ""Target"": ""Dropout""}",data/processed/prism_student_profile/Student performance (Polytechnic Institute of Portalegre).csv
STU-PIP-4359,Academic Performance,"{""Admission_Grade"": ""1"", ""Tuition_Paid"": ""1"", ""Target"": ""Dropout""}",data/processed/prism_student_profile/Student performance (Polytechnic Institute of Portalegre).csv
STU-PIP-4360,Academic Performance,"{""Admission_Grade"": ""1"", ""Tuition_Paid"": ""1"", ""Target"": ""Graduate""}",data/processed/prism_student_profile/Student performance (Polytechnic Institute of Portalegre).csv
STU-PIP-4361,Academic Performance,"{""Admission_Grade"": ""1"", ""Tuition_Paid"": ""1"", ""Target"": ""Graduate""}",data/processed/prism_student_profile/Student performance (Polytechnic Institute of Portalegre).csv
STU-PIP-4362,Academic Performance,"{""Admission_Grade"": ""1"", ""Tuition_Paid"": ""1"", ""Target"": ""Graduate""}",data/processed/prism_student_profile/Student performance (Polytechnic Institute of Portalegre).csv
STU-PIP-4363,Academic Performance,"{""Admission_Grade"": ""1"", ""Tuition_Paid"": ""1"", ""Target"": ""Graduate""}",data/processed/prism_student_profile/Student performance (Polytechnic Institute of Portalegre).csv
STU-PIP-4364,Academic Performance,"{""Admission_Grade"": ""1"", ""Tuition_Paid"": ""1"", ""Target"": ""Dropout""}",data/processed/prism_student_profile/Student performance (Polytechnic Institute of Portalegre).csv
STU-PIP-4365,Academic Performance,"{""Admission_Grade"": ""1"", ""Tuition_Paid"": ""1"", ""Target"": ""Enrolled""}",data/processed/prism_student_profile/Student performance (Polytechnic Institute of Portalegre).csv
STU-PIP-4366,Academic Performance,"{""Admission_Grade"": ""1"", ""Tuition_Paid"": ""1"", ""Target"": ""Graduate""}",data/processed/prism_student_profile/Student performance (Polytechnic Institute of Portalegre).csv
STU-PIP-4367,Academic Performance,"{""Admission_Grade"": ""1"", ""Tuition_Paid"": ""1"", ""Target"": ""Graduate""}",data/processed/prism_student_profile/Student performance (Polytechnic Institute of Portalegre).csv
STU-PIP-4368,Academic Performance,"{""Admission_Grade"": ""1"", ""Tuition_Paid"": ""1"", ""Target"": ""Graduate""}",data/processed/prism_student_profile/Student performance (Polytechnic Institute of Portalegre).csv
STU-PIP-4369,Academic Performance,"{""Admission_Grade"": ""1"", ""Tuition_Paid"": ""0"", ""Target"": ""Dropout""}",data/processed/prism_student_profile/Student performance (Polytechnic Institute of Portalegre).csv
STU-PIP-4370,Academic Performance,"{""Admission_Grade"": ""1"", ""Tuition_Paid"": ""1"", ""Target"": ""Enrolled""}",data/processed/prism_student_profile/Student performance (Polytechnic Institute of Portalegre).csv
STU-PIP-4371,Academic Performance,"{""Admission_Grade"": ""1"", ""Tuition_Paid"": ""1"", ""Target"": ""Graduate""}",data/processed/prism_student_profile/Student performance (Polytechnic Institute of Portalegre).csv
STU-PIP-4372,Academic Performance,"{""Admission_Grade"": ""1"", ""Tuition_Paid"": ""1"", ""Target"": ""Graduate""}",data/processed/prism_student_profile/Student performance (Polytechnic Institute of Portalegre).csv
STU-PIP-4373,Academic Performance,"{""Admission_Grade"": ""1"", ""Tuition_Paid"": ""1"", ""Target"": ""Dropout""}",data/processed/prism_student_profile/Student performance (Polytechnic Institute of Portalegre).csv
STU-PIP-4374,Academic Performance,"{""Admission_Grade"": ""1"", ""Tuition_Paid"": ""1"", ""Target"": ""Enrolled""}",data/processed/prism_student_profile/Student performance (Polytechnic Institute of Portalegre).csv
STU-PIP-4375,Academic Performance,"{""Admission_Grade"": ""40"", ""Tuition_Paid"": ""1"", ""Target"": ""Graduate""}",data/processed/prism_student_profile/Student performance (Polytechnic Institute of Portalegre).csv
STU-PIP-4376,Academic Performance,"{""Admission_Grade"": ""1"", ""Tuition_Paid"": ""1"", ""Target"": ""Dropout""}",data/processed/prism_student_profile/Student performance (Polytechnic Institute of Portalegre).csv
STU-PIP-4377,Academic Performance,"{""Admission_Grade"": ""1"", ""Tuition_Paid"": ""1"", ""Target"": ""Graduate""}",data/processed/prism_student_profile/Student performance (Polytechnic Institute of Portalegre).csv
STU-PIP-4378,Academic Performance,"{""Admission_Grade"": ""1"", ""Tuition_Paid"": ""1"", ""Target"": ""Dropout""}",data/processed/prism_student_profile/Student performance (Polytechnic Institute of Portalegre).csv
STU-PIP-4379,Academic Performance,"{""Admission_Grade"": ""19"", ""Tuition_Paid"": ""1"", ""Target"": ""Graduate""}",data/processed/prism_student_profile/Student performance (Polytechnic Institute of Portalegre).csv
STU-PIP-4380,Academic Performance,"{""Admission_Grade"": ""1"", ""Tuition_Paid"": ""1"", ""Target"": ""Dropout""}",data/processed/prism_student_profile/Student performance (Polytechnic Institute of Portalegre).csv
STU-PIP-4381,Academic Performance,"{""Admission_Grade"": ""2"", ""Tuition_Paid"": ""1"", ""Target"": ""Dropout""}",data/processed/prism_student_profile/Student performance (Polytechnic Institute of Portalegre).csv
STU-PIP-4382,Academic Performance,"{""Admission_Grade"": ""1"", ""Tuition_Paid"": ""1"", ""Target"": ""Enrolled""}",data/processed/prism_student_profile/Student performance (Polytechnic Institute of Portalegre).csv
STU-PIP-4383,Academic Performance,"{""Admission_Grade"": ""1"", ""Tuition_Paid"": ""1"", ""Target"": ""Graduate""}",data/processed/prism_student_profile/Student performance (Polytechnic Institute of Portalegre).csv
STU-PIP-4384,Academic Performance,"{""Admission_Grade"": ""1"", ""Tuition_Paid"": ""1"", ""Target"": ""Graduate""}",data/processed/prism_student_profile/Student performance (Polytechnic Institute of Portalegre).csv
STU-PIP-4385,Academic Performance,"{""Admission_Grade"": ""1"", ""Tuition_Paid"": ""0"", ""Target"": ""Dropout""}",data/processed/prism_student_profile/Student performance (Polytechnic Institute of Portalegre).csv
STU-PIP-4386,Academic Performance,"{""Admission_Grade"": ""1"", ""Tuition_Paid"": ""1"", ""Target"": ""Dropout""}",data/processed/prism_student_profile/Student performance (Polytechnic Institute of Portalegre).csv
STU-PIP-4387,Academic Performance,"{""Admission_Grade"": ""1"", ""Tuition_Paid"": ""1"", ""Target"": ""Dropout""}",data/processed/prism_student_profile/Student performance (Polytechnic Institute of Portalegre).csv
STU-PIP-4388,Academic Performance,"{""Admission_Grade"": ""1"", ""Tuition_Paid"": ""0"", ""Target"": ""Dropout""}",data/processed/prism_student_profile/Student performance (Polytechnic Institute of Portalegre).csv
STU-PIP-4389,Academic Performance,"{""Admission_Grade"": ""2"", ""Tuition_Paid"": ""0"", ""Target"": ""Dropout""}",data/processed/prism_student_profile/Student performance (Polytechnic Institute of Portalegre).csv
STU-PIP-4390,Academic Performance,"{""Admission_Grade"": ""1"", ""Tuition_Paid"": ""1"", ""Target"": ""Graduate""}",data/processed/prism_student_profile/Student performance (Polytechnic Institute of Portalegre).csv
STU-PIP-4391,Academic Performance,"{""Admission_Grade"": ""1"", ""Tuition_Paid"": ""1"", ""Target"": ""Graduate""}",data/processed/prism_student_profile/Student performance (Polytechnic Institute of Portalegre).csv
STU-PIP-4392,Academic Performance,"{""Admission_Grade"": ""3"", ""Tuition_Paid"": ""1"", ""Target"": ""Enrolled""}",data/processed/prism_student_profile/Student performance (Polytechnic Institute of Portalegre).csv
STU-PIP-4393,Academic Performance,"{""Admission_Grade"": ""1"", ""Tuition_Paid"": ""1"", ""Target"": ""Enrolled""}",data/processed/prism_student_profile/Student performance (Polytechnic Institute of Portalegre).csv
STU-PIP-4394,Academic Performance,"{""Admission_Grade"": ""1"", ""Tuition_Paid"": ""1"", ""Target"": ""Graduate""}",data/processed/prism_student_profile/Student performance (Polytechnic Institute of Portalegre).csv
STU-PIP-4395,Academic Performance,"{""Admission_Grade"": ""1"", ""Tuition_Paid"": ""1"", ""Target"": ""Graduate""}",data/processed/prism_student_profile/Student performance (Polytechnic Institute of Portalegre).csv
STU-PIP-4396,Academic Performance,"{""Admission_Grade"": ""1"", ""Tuition_Paid"": ""1"", ""Target"": ""Dropout""}",data/processed/prism_student_profile/Student performance (Polytechnic Institute of Portalegre).csv
STU-PIP-4397,Academic Performance,"{""Admission_Grade"": ""1"", ""Tuition_Paid"": ""1"", ""Target"": ""Graduate""}",data/processed/prism_student_profile/Student performance (Polytechnic Institute of Portalegre).csv
STU-PIP-4398,Academic Performance,"{""Admission_Grade"": ""1"", ""Tuition_Paid"": ""1"", ""Target"": ""Enrolled""}",data/processed/prism_student_profile/Student performance (Polytechnic Institute of Portalegre).csv
STU-PIP-4399,Academic Performance,"{""Admission_Grade"": ""1"", ""Tuition_Paid"": ""1"", ""Target"": ""Graduate""}",data/processed/prism_student_profile/Student performance (Polytechnic Institute of Portalegre).csv
STU-PIP-4400,Academic Performance,"{""Admission_Grade"": ""1"", ""Tuition_Paid"": ""1"", ""Target"": ""Graduate""}",data/processed/prism_student_profile/Student performance (Polytechnic Institute of Portalegre).csv
STU-PIP-4401,Academic Performance,"{""Admission_Grade"": ""1"", ""Tuition_Paid"": ""1"", ""Target"": ""Dropout""}",data/processed/prism_student_profile/Student performance (Polytechnic Institute of Portalegre).csv
STU-PIP-4402,Academic Performance,"{""Admission_Grade"": ""3"", ""Tuition_Paid"": ""1"", ""Target"": ""Dropout""}",data/processed/prism_student_profile/Student performance (Polytechnic Institute of Portalegre).csv
STU-PIP-4403,Academic Performance,"{""Admission_Grade"": ""1"", ""Tuition_Paid"": ""1"", ""Target"": ""Enrolled""}",data/processed/prism_student_profile/Student performance (Polytechnic Institute of Portalegre).csv
STU-PIP-4404,Academic Performance,"{""Admission_Grade"": ""1"", ""Tuition_Paid"": ""1"", ""Target"": ""Graduate""}",data/processed/prism_student_profile/Student performance (Polytechnic Institute of Portalegre).csv
STU-PIP-4405,Academic Performance,"{""Admission_Grade"": ""19"", ""Tuition_Paid"": ""0"", ""Target"": ""Dropout""}",data/processed/prism_student_profile/Student performance (Polytechnic Institute of Portalegre).csv
STU-PIP-4406,Academic Performance,"{""Admission_Grade"": ""1"", ""Tuition_Paid"": ""1"", ""Target"": ""Graduate""}",data/processed/prism_student_profile/Student performance (Polytechnic Institute of Portalegre).csv
STU-PIP-4407,Academic Performance,"{""Admission_Grade"": ""1"", ""Tuition_Paid"": ""1"", ""Target"": ""Enrolled""}",data/processed/prism_student_profile/Student performance (Polytechnic Institute of Portalegre).csv
STU-PIP-4408,Academic Performance,"{""Admission_Grade"": ""1"", ""Tuition_Paid"": ""1"", ""Target"": ""Graduate""}",data/processed/prism_student_profile/Student performance (Polytechnic Institute of Portalegre).csv
STU-PIP-4409,Academic Performance,"{""Admission_Grade"": ""1"", ""Tuition_Paid"": ""1"", ""Target"": ""Dropout""}",data/processed/prism_student_profile/Student performance (Polytechnic Institute of Portalegre).csv
STU-PIP-4410,Academic Performance,"{""Admission_Grade"": ""1"", ""Tuition_Paid"": ""1"", ""Target"": ""Graduate""}",data/processed/prism_student_profile/Student performance (Polytechnic Institute of Portalegre).csv
STU-PIP-4411,Academic Performance,"{""Admission_Grade"": ""1"", ""Tuition_Paid"": ""1"", ""Target"": ""Graduate""}",data/processed/prism_student_profile/Student performance (Polytechnic Institute of Portalegre).csv
STU-PIP-4412,Academic Performance,"{""Admission_Grade"": ""39"", ""Tuition_Paid"": ""1"", ""Target"": ""Dropout""}",data/processed/prism_student_profile/Student performance (Polytechnic Institute of Portalegre).csv
STU-PIP-4413,Academic Performance,"{""Admission_Grade"": ""1"", ""Tuition_Paid"": ""1"", ""Target"": ""Enrolled""}",data/processed/prism_student_profile/Student performance (Polytechnic Institute of Portalegre).csv
STU-PIP-4414,Academic Performance,"{""Admission_Grade"": ""1"", ""Tuition_Paid"": ""1"", ""Target"": ""Enrolled""}",data/processed/prism_student_profile/Student performance (Polytechnic Institute of Portalegre).csv
STU-PIP-4415,Academic Performance,"{""Admission_Grade"": ""1"", ""Tuition_Paid"": ""1"", ""Target"": ""Graduate""}",data/processed/prism_student_profile/Student performance (Polytechnic Institute of Portalegre).csv
STU-PIP-4416,Academic Performance,"{""Admission_Grade"": ""19"", ""Tuition_Paid"": ""0"", ""Target"": ""Dropout""}",data/processed/prism_student_profile/Student performance (Polytechnic Institute of Portalegre).csv
STU-PIP-4417,Academic Performance,"{""Admission_Grade"": ""1"", ""Tuition_Paid"": ""1"", ""Target"": ""Graduate""}",data/processed/prism_student_profile/Student performance (Polytechnic Institute of Portalegre).csv
STU-PIP-4418,Academic Performance,"{""Admission_Grade"": ""1"", ""Tuition_Paid"": ""1"", ""Target"": ""Graduate""}",data/processed/prism_student_profile/Student performance (Polytechnic Institute of Portalegre).csv
STU-PIP-4419,Academic Performance,"{""Admission_Grade"": ""39"", ""Tuition_Paid"": ""1"", ""Target"": ""Graduate""}",data/processed/prism_student_profile/Student performance (Polytechnic Institute of Portalegre).csv
STU-PIP-4420,Academic Performance,"{""Admission_Grade"": ""1"", ""Tuition_Paid"": ""1"", ""Target"": ""Graduate""}",data/processed/prism_student_profile/Student performance (Polytechnic Institute of Portalegre).csv
STU-PIP-4421,Academic Performance,"{""Admission_Grade"": ""1"", ""Tuition_Paid"": ""0"", ""Target"": ""Dropout""}",data/processed/prism_student_profile/Student performance (Polytechnic Institute of Portalegre).csv
STU-PIP-4422,Academic Performance,"{""Admission_Grade"": ""1"", ""Tuition_Paid"": ""1"", ""Target"": ""Dropout""}",data/processed/prism_student_profile/Student performance (Polytechnic Institute of Portalegre).csv
STU-PIP-4423,Academic Performance,"{""Admission_Grade"": ""1"", ""Tuition_Paid"": ""1"", ""Target"": ""Graduate""}",data/processed/prism_student_profile/Student performance (Polytechnic Institute of Portalegre).csv
STU-PIP-4424,Academic Performance,"{""Admission_Grade"": ""1"", ""Tuition_Paid"": ""1"", ""Target"": ""Graduate""}",data/processed/prism_student_profile/Student performance (Polytechnic Institute of Portalegre).csv
