education_id,degree,degree_level,field_of_study,specialization,education_stream,typical_duration_years,postgraduate_required,common_entry_route,common_indian_degree,common_indian_exam_route,regional_demand_hint
EDU_0001,B.Tech,Bachelor's,Computer Science,General Computer Science,Engineering & Technology,4.0,False,JEE Main / Advanced / State CET,B.Tech in Computer Science (General Computer Science),JEE Main / Advanced / State CET,HIGH
EDU_0002,B.Tech,Bachelor's,Computer Science,Software Systems & Architecture,Engineering & Technology,4.0,False,JEE Main / Advanced / State CET,B.Tech in Computer Science (Software Systems & Architecture),JEE Main / Advanced / State CET,HIGH
EDU_0003,B.Tech,Bachelor's,Computer Science,Distributed Computing & Cloud,Engineering & Technology,4.0,False,JEE Main / Advanced / State CET,B.Tech in Computer Science (Distributed Computing & Cloud),JEE Main / Advanced / State CET,HIGH
EDU_0004,B.Tech,Bachelor's,Computer Science,Theoretical Computer Science,Engineering & Technology,4.0,False,JEE Main / Advanced / State CET,B.Tech in Computer Science (Theoretical Computer Science),JEE Main / Advanced / State CET,HIGH
EDU_0005,B.Tech,Bachelor's,Computer Science,Computer Systems & Networking,Engineering & Technology,4.0,False,JEE Main / Advanced / State CET,B.Tech in Computer Science (Computer Systems & Networking),JEE Main / Advanced / State CET,HIGH
EDU_0006,B.E.,Bachelor's,Computer Science,General Computer Science,Engineering & Technology,4.0,False,JEE Main / Advanced / State CET,B.E. in Computer Science (General Computer Science),JEE Main / Advanced / State CET,HIGH
EDU_0007,B.E.,Bachelor's,Computer Science,Software Systems & Architecture,Engineering & Technology,4.0,False,JEE Main / Advanced / State CET,B.E. in Computer Science (Software Systems & Architecture),JEE Main / Advanced / State CET,HIGH
EDU_0008,B.E.,Bachelor's,Computer Science,Distributed Computing & Cloud,Engineering & Technology,4.0,False,JEE Main / Advanced / State CET,B.E. in Computer Science (Distributed Computing & Cloud),JEE Main / Advanced / State CET,HIGH
EDU_0009,B.E.,Bachelor's,Computer Science,Theoretical Computer Science,Engineering & Technology,4.0,False,JEE Main / Advanced / State CET,B.E. in Computer Science (Theoretical Computer Science),JEE Main / Advanced / State CET,HIGH
EDU_0010,B.E.,Bachelor's,Computer Science,Computer Systems & Networking,Engineering & Technology,4.0,False,JEE Main / Advanced / State CET,B.E. in Computer Science (Computer Systems & Networking),JEE Main / Advanced / State CET,HIGH
EDU_0011,M.Tech,Master's,Computer Science,General Computer Science,Engineering & Technology,2.0,True,GATE / GRE,M.Tech in Computer Science (General Computer Science),GATE / GRE,HIGH
EDU_0012,M.Tech,Master's,Computer Science,Software Systems & Architecture,Engineering & Technology,2.0,True,GATE / GRE,M.Tech in Computer Science (Software Systems & Architecture),GATE / GRE,HIGH
EDU_0013,M.Tech,Master's,Computer Science,Distributed Computing & Cloud,Engineering & Technology,2.0,True,GATE / GRE,M.Tech in Computer Science (Distributed Computing & Cloud),GATE / GRE,HIGH
EDU_0014,M.Tech,Master's,Computer Science,Theoretical Computer Science,Engineering & Technology,2.0,True,GATE / GRE,M.Tech in Computer Science (Theoretical Computer Science),GATE / GRE,HIGH
EDU_0015,M.Tech,Master's,Computer Science,Computer Systems & Networking,Engineering & Technology,2.0,True,GATE / GRE,M.Tech in Computer Science (Computer Systems & Networking),GATE / GRE,HIGH
EDU_0016,MS,Master's,Computer Science,General Computer Science,Engineering & Technology,2.0,True,GATE / GRE,MS in Computer Science (General Computer Science),GATE / GRE,HIGH
EDU_0017,MS,Master's,Computer Science,Software Systems & Architecture,Engineering & Technology,2.0,True,GATE / GRE,MS in Computer Science (Software Systems & Architecture),GATE / GRE,HIGH
EDU_0018,MS,Master's,Computer Science,Distributed Computing & Cloud,Engineering & Technology,2.0,True,GATE / GRE,MS in Computer Science (Distributed Computing & Cloud),GATE / GRE,HIGH
EDU_0019,MS,Master's,Computer Science,Theoretical Computer Science,Engineering & Technology,2.0,True,GATE / GRE,MS in Computer Science (Theoretical Computer Science),GATE / GRE,HIGH
EDU_0020,MS,Master's,Computer Science,Computer Systems & Networking,Engineering & Technology,2.0,True,GATE / GRE,MS in Computer Science (Computer Systems & Networking),GATE / GRE,HIGH
EDU_0021,PhD,Doctorate,Computer Science,General Computer Science,Engineering & Technology,4.0,True,GATE / GRE,PhD in Computer Science (General Computer Science),GATE / GRE,HIGH
EDU_0022,PhD,Doctorate,Computer Science,Software Systems & Architecture,Engineering & Technology,4.0,True,GATE / GRE,PhD in Computer Science (Software Systems & Architecture),GATE / GRE,HIGH
EDU_0023,PhD,Doctorate,Computer Science,Distributed Computing & Cloud,Engineering & Technology,4.0,True,GATE / GRE,PhD in Computer Science (Distributed Computing & Cloud),GATE / GRE,HIGH
EDU_0024,PhD,Doctorate,Computer Science,Theoretical Computer Science,Engineering & Technology,4.0,True,GATE / GRE,PhD in Computer Science (Theoretical Computer Science),GATE / GRE,HIGH
EDU_0025,PhD,Doctorate,Computer Science,Computer Systems & Networking,Engineering & Technology,4.0,True,GATE / GRE,PhD in Computer Science (Computer Systems & Networking),GATE / GRE,HIGH
EDU_0026,Diploma,Diploma,Computer Science,General Computer Science,Engineering & Technology,3.0,False,JEE Main / Advanced / State CET,Diploma in Computer Science (General Computer Science),JEE Main / Advanced / State CET,HIGH
EDU_0027,Diploma,Diploma,Computer Science,Software Systems & Architecture,Engineering & Technology,3.0,False,JEE Main / Advanced / State CET,Diploma in Computer Science (Software Systems & Architecture),JEE Main / Advanced / State CET,HIGH
EDU_0028,Diploma,Diploma,Computer Science,Distributed Computing & Cloud,Engineering & Technology,3.0,False,JEE Main / Advanced / State CET,Diploma in Computer Science (Distributed Computing & Cloud),JEE Main / Advanced / State CET,HIGH
EDU_0029,Diploma,Diploma,Computer Science,Theoretical Computer Science,Engineering & Technology,3.0,False,JEE Main / Advanced / State CET,Diploma in Computer Science (Theoretical Computer Science),JEE Main / Advanced / State CET,HIGH
EDU_0030,Diploma,Diploma,Computer Science,Computer Systems & Networking,Engineering & Technology,3.0,False,JEE Main / Advanced / State CET,Diploma in Computer Science (Computer Systems & Networking),JEE Main / Advanced / State CET,HIGH
EDU_0031,B.Tech,Bachelor's,Artificial Intelligence & Machine Learning,Machine Learning & Deep Learning,Engineering & Technology,4.0,False,JEE Main / Advanced / State CET,B.Tech in Artificial Intelligence & Machine Learning (Machine Learning & Deep Learning),JEE Main / Advanced / State CET,HIGH
EDU_0032,B.Tech,Bachelor's,Artificial Intelligence & Machine Learning,Natural Language Processing & LLMs,Engineering & Technology,4.0,False,JEE Main / Advanced / State CET,B.Tech in Artificial Intelligence & Machine Learning (Natural Language Processing & LLMs),JEE Main / Advanced / State CET,HIGH
EDU_0033,B.Tech,Bachelor's,Artificial Intelligence & Machine Learning,Computer Vision & Robotics,Engineering & Technology,4.0,False,JEE Main / Advanced / State CET,B.Tech in Artificial Intelligence & Machine Learning (Computer Vision & Robotics),JEE Main / Advanced / State CET,HIGH
EDU_0034,B.Tech,Bachelor's,Artificial Intelligence & Machine Learning,AI Systems & MLOps,Engineering & Technology,4.0,False,JEE Main / Advanced / State CET,B.Tech in Artificial Intelligence & Machine Learning (AI Systems & MLOps),JEE Main / Advanced / State CET,HIGH
EDU_0035,M.Tech,Master's,Artificial Intelligence & Machine Learning,Machine Learning & Deep Learning,Engineering & Technology,2.0,True,GATE / GRE,M.Tech in Artificial Intelligence & Machine Learning (Machine Learning & Deep Learning),GATE / GRE,HIGH
EDU_0036,M.Tech,Master's,Artificial Intelligence & Machine Learning,Natural Language Processing & LLMs,Engineering & Technology,2.0,True,GATE / GRE,M.Tech in Artificial Intelligence & Machine Learning (Natural Language Processing & LLMs),GATE / GRE,HIGH
EDU_0037,M.Tech,Master's,Artificial Intelligence & Machine Learning,Computer Vision & Robotics,Engineering & Technology,2.0,True,GATE / GRE,M.Tech in Artificial Intelligence & Machine Learning (Computer Vision & Robotics),GATE / GRE,HIGH
EDU_0038,M.Tech,Master's,Artificial Intelligence & Machine Learning,AI Systems & MLOps,Engineering & Technology,2.0,True,GATE / GRE,M.Tech in Artificial Intelligence & Machine Learning (AI Systems & MLOps),GATE / GRE,HIGH
EDU_0039,MS,Master's,Artificial Intelligence & Machine Learning,Machine Learning & Deep Learning,Engineering & Technology,2.0,True,GATE / GRE,MS in Artificial Intelligence & Machine Learning (Machine Learning & Deep Learning),GATE / GRE,HIGH
EDU_0040,MS,Master's,Artificial Intelligence & Machine Learning,Natural Language Processing & LLMs,Engineering & Technology,2.0,True,GATE / GRE,MS in Artificial Intelligence & Machine Learning (Natural Language Processing & LLMs),GATE / GRE,HIGH
EDU_0041,MS,Master's,Artificial Intelligence & Machine Learning,Computer Vision & Robotics,Engineering & Technology,2.0,True,GATE / GRE,MS in Artificial Intelligence & Machine Learning (Computer Vision & Robotics),GATE / GRE,HIGH
EDU_0042,MS,Master's,Artificial Intelligence & Machine Learning,AI Systems & MLOps,Engineering & Technology,2.0,True,GATE / GRE,MS in Artificial Intelligence & Machine Learning (AI Systems & MLOps),GATE / GRE,HIGH
EDU_0043,PhD,Doctorate,Artificial Intelligence & Machine Learning,Machine Learning & Deep Learning,Engineering & Technology,4.0,True,GATE / GRE,PhD in Artificial Intelligence & Machine Learning (Machine Learning & Deep Learning),GATE / GRE,HIGH
EDU_0044,PhD,Doctorate,Artificial Intelligence & Machine Learning,Natural Language Processing & LLMs,Engineering & Technology,4.0,True,GATE / GRE,PhD in Artificial Intelligence & Machine Learning (Natural Language Processing & LLMs),GATE / GRE,HIGH
EDU_0045,PhD,Doctorate,Artificial Intelligence & Machine Learning,Computer Vision & Robotics,Engineering & Technology,4.0,True,GATE / GRE,PhD in Artificial Intelligence & Machine Learning (Computer Vision & Robotics),GATE / GRE,HIGH
EDU_0046,PhD,Doctorate,Artificial Intelligence & Machine Learning,AI Systems & MLOps,Engineering & Technology,4.0,True,GATE / GRE,PhD in Artificial Intelligence & Machine Learning (AI Systems & MLOps),GATE / GRE,HIGH
EDU_0047,B.Tech,Bachelor's,Data Science & Engineering,Big Data Analytics & Engineering,Engineering & Technology,4.0,False,JEE Main / State CET,B.Tech in Data Science & Engineering (Big Data Analytics & Engineering),JEE Main / State CET,HIGH
EDU_0048,B.Tech,Bachelor's,Data Science & Engineering,Statistical Learning & Data Mining,Engineering & Technology,4.0,False,JEE Main / State CET,B.Tech in Data Science & Engineering (Statistical Learning & Data Mining),JEE Main / State CET,HIGH
EDU_0049,B.Tech,Bachelor's,Data Science & Engineering,Business Data Engineering,Engineering & Technology,4.0,False,JEE Main / State CET,B.Tech in Data Science & Engineering (Business Data Engineering),JEE Main / State CET,HIGH
EDU_0050,M.Tech,Master's,Data Science & Engineering,Big Data Analytics & Engineering,Engineering & Technology,2.0,True,GATE / GRE,M.Tech in Data Science & Engineering (Big Data Analytics & Engineering),GATE / GRE,HIGH
EDU_0051,M.Tech,Master's,Data Science & Engineering,Statistical Learning & Data Mining,Engineering & Technology,2.0,True,GATE / GRE,M.Tech in Data Science & Engineering (Statistical Learning & Data Mining),GATE / GRE,HIGH
EDU_0052,M.Tech,Master's,Data Science & Engineering,Business Data Engineering,Engineering & Technology,2.0,True,GATE / GRE,M.Tech in Data Science & Engineering (Business Data Engineering),GATE / GRE,HIGH
EDU_0053,MS,Master's,Data Science & Engineering,Big Data Analytics & Engineering,Engineering & Technology,2.0,True,GATE / GRE,MS in Data Science & Engineering (Big Data Analytics & Engineering),GATE / GRE,HIGH
EDU_0054,MS,Master's,Data Science & Engineering,Statistical Learning & Data Mining,Engineering & Technology,2.0,True,GATE / GRE,MS in Data Science & Engineering (Statistical Learning & Data Mining),GATE / GRE,HIGH
EDU_0055,MS,Master's,Data Science & Engineering,Business Data Engineering,Engineering & Technology,2.0,True,GATE / GRE,MS in Data Science & Engineering (Business Data Engineering),GATE / GRE,HIGH
EDU_0056,B.Tech,Bachelor's,Information Technology,Information Systems & Web Technologies,Engineering & Technology,4.0,False,JEE Main / State CET,B.Tech in Information Technology (Information Systems & Web Technologies),JEE Main / State CET,HIGH
EDU_0057,B.Tech,Bachelor's,Information Technology,Enterprise Cloud Infrastructure,Engineering & Technology,4.0,False,JEE Main / State CET,B.Tech in Information Technology (Enterprise Cloud Infrastructure),JEE Main / State CET,HIGH
EDU_0058,B.Tech,Bachelor's,Information Technology,Database Systems Administration,Engineering & Technology,4.0,False,JEE Main / State CET,B.Tech in Information Technology (Database Systems Administration),JEE Main / State CET,HIGH
EDU_0059,B.E.,Bachelor's,Information Technology,Information Systems & Web Technologies,Engineering & Technology,4.0,False,JEE Main / State CET,B.E. in Information Technology (Information Systems & Web Technologies),JEE Main / State CET,HIGH
EDU_0060,B.E.,Bachelor's,Information Technology,Enterprise Cloud Infrastructure,Engineering & Technology,4.0,False,JEE Main / State CET,B.E. in Information Technology (Enterprise Cloud Infrastructure),JEE Main / State CET,HIGH
EDU_0061,B.E.,Bachelor's,Information Technology,Database Systems Administration,Engineering & Technology,4.0,False,JEE Main / State CET,B.E. in Information Technology (Database Systems Administration),JEE Main / State CET,HIGH
EDU_0062,M.Tech,Master's,Information Technology,Information Systems & Web Technologies,Engineering & Technology,2.0,True,GATE,M.Tech in Information Technology (Information Systems & Web Technologies),GATE,HIGH
EDU_0063,M.Tech,Master's,Information Technology,Enterprise Cloud Infrastructure,Engineering & Technology,2.0,True,GATE,M.Tech in Information Technology (Enterprise Cloud Infrastructure),GATE,HIGH
EDU_0064,M.Tech,Master's,Information Technology,Database Systems Administration,Engineering & Technology,2.0,True,GATE,M.Tech in Information Technology (Database Systems Administration),GATE,HIGH
EDU_0065,Diploma,Diploma,Information Technology,Information Systems & Web Technologies,Engineering & Technology,3.0,False,JEE Main / State CET,Diploma in Information Technology (Information Systems & Web Technologies),JEE Main / State CET,HIGH
EDU_0066,Diploma,Diploma,Information Technology,Enterprise Cloud Infrastructure,Engineering & Technology,3.0,False,JEE Main / State CET,Diploma in Information Technology (Enterprise Cloud Infrastructure),JEE Main / State CET,HIGH
EDU_0067,Diploma,Diploma,Information Technology,Database Systems Administration,Engineering & Technology,3.0,False,JEE Main / State CET,Diploma in Information Technology (Database Systems Administration),JEE Main / State CET,HIGH
EDU_0068,B.Tech,Bachelor's,Cybersecurity,Network Defense & Ethical Hacking,Engineering & Technology,4.0,False,JEE Main / State CET,B.Tech in Cybersecurity (Network Defense & Ethical Hacking),JEE Main / State CET,HIGH
EDU_0069,B.Tech,Bachelor's,Cybersecurity,Digital Forensics & Incident Response,Engineering & Technology,4.0,False,JEE Main / State CET,B.Tech in Cybersecurity (Digital Forensics & Incident Response),JEE Main / State CET,HIGH
EDU_0070,B.Tech,Bachelor's,Cybersecurity,Information Security Governance & Cryptography,Engineering & Technology,4.0,False,JEE Main / State CET,B.Tech in Cybersecurity (Information Security Governance & Cryptography),JEE Main / State CET,HIGH
EDU_0071,M.Tech,Master's,Cybersecurity,Network Defense & Ethical Hacking,Engineering & Technology,2.0,True,GATE / GRE,M.Tech in Cybersecurity (Network Defense & Ethical Hacking),GATE / GRE,HIGH
EDU_0072,M.Tech,Master's,Cybersecurity,Digital Forensics & Incident Response,Engineering & Technology,2.0,True,GATE / GRE,M.Tech in Cybersecurity (Digital Forensics & Incident Response),GATE / GRE,HIGH
EDU_0073,M.Tech,Master's,Cybersecurity,Information Security Governance & Cryptography,Engineering & Technology,2.0,True,GATE / GRE,M.Tech in Cybersecurity (Information Security Governance & Cryptography),GATE / GRE,HIGH
EDU_0074,MS,Master's,Cybersecurity,Network Defense & Ethical Hacking,Engineering & Technology,2.0,True,GATE / GRE,MS in Cybersecurity (Network Defense & Ethical Hacking),GATE / GRE,HIGH
EDU_0075,MS,Master's,Cybersecurity,Digital Forensics & Incident Response,Engineering & Technology,2.0,True,GATE / GRE,MS in Cybersecurity (Digital Forensics & Incident Response),GATE / GRE,HIGH
EDU_0076,MS,Master's,Cybersecurity,Information Security Governance & Cryptography,Engineering & Technology,2.0,True,GATE / GRE,MS in Cybersecurity (Information Security Governance & Cryptography),GATE / GRE,HIGH
EDU_0077,B.Tech,Bachelor's,Electronics & Communication Engineering,VLSI Design & Embedded Systems,Engineering & Technology,4.0,False,JEE Main / State CET,B.Tech in Electronics & Communication Engineering (VLSI Design & Embedded Systems),JEE Main / State CET,HIGH
EDU_0078,B.Tech,Bachelor's,Electronics & Communication Engineering,Wireless Communications & 5G/6G,Engineering & Technology,4.0,False,JEE Main / State CET,B.Tech in Electronics & Communication Engineering (Wireless Communications & 5G/6G),JEE Main / State CET,HIGH
EDU_0079,B.Tech,Bachelor's,Electronics & Communication Engineering,Signal Processing & IoT Systems,Engineering & Technology,4.0,False,JEE Main / State CET,B.Tech in Electronics & Communication Engineering (Signal Processing & IoT Systems),JEE Main / State CET,HIGH
EDU_0080,B.Tech,Bachelor's,Electronics & Communication Engineering,RF & Microwave Engineering,Engineering & Technology,4.0,False,JEE Main / State CET,B.Tech in Electronics & Communication Engineering (RF & Microwave Engineering),JEE Main / State CET,HIGH
EDU_0081,B.E.,Bachelor's,Electronics & Communication Engineering,VLSI Design & Embedded Systems,Engineering & Technology,4.0,False,JEE Main / State CET,B.E. in Electronics & Communication Engineering (VLSI Design & Embedded Systems),JEE Main / State CET,HIGH
EDU_0082,B.E.,Bachelor's,Electronics & Communication Engineering,Wireless Communications & 5G/6G,Engineering & Technology,4.0,False,JEE Main / State CET,B.E. in Electronics & Communication Engineering (Wireless Communications & 5G/6G),JEE Main / State CET,HIGH
EDU_0083,B.E.,Bachelor's,Electronics & Communication Engineering,Signal Processing & IoT Systems,Engineering & Technology,4.0,False,JEE Main / State CET,B.E. in Electronics & Communication Engineering (Signal Processing & IoT Systems),JEE Main / State CET,HIGH
EDU_0084,B.E.,Bachelor's,Electronics & Communication Engineering,RF & Microwave Engineering,Engineering & Technology,4.0,False,JEE Main / State CET,B.E. in Electronics & Communication Engineering (RF & Microwave Engineering),JEE Main / State CET,HIGH
EDU_0085,M.Tech,Master's,Electronics & Communication Engineering,VLSI Design & Embedded Systems,Engineering & Technology,2.0,True,GATE / GRE,M.Tech in Electronics & Communication Engineering (VLSI Design & Embedded Systems),GATE / GRE,HIGH
EDU_0086,M.Tech,Master's,Electronics & Communication Engineering,Wireless Communications & 5G/6G,Engineering & Technology,2.0,True,GATE / GRE,M.Tech in Electronics & Communication Engineering (Wireless Communications & 5G/6G),GATE / GRE,HIGH
EDU_0087,M.Tech,Master's,Electronics & Communication Engineering,Signal Processing & IoT Systems,Engineering & Technology,2.0,True,GATE / GRE,M.Tech in Electronics & Communication Engineering (Signal Processing & IoT Systems),GATE / GRE,HIGH
EDU_0088,M.Tech,Master's,Electronics & Communication Engineering,RF & Microwave Engineering,Engineering & Technology,2.0,True,GATE / GRE,M.Tech in Electronics & Communication Engineering (RF & Microwave Engineering),GATE / GRE,HIGH
EDU_0089,MS,Master's,Electronics & Communication Engineering,VLSI Design & Embedded Systems,Engineering & Technology,2.0,True,GATE / GRE,MS in Electronics & Communication Engineering (VLSI Design & Embedded Systems),GATE / GRE,HIGH
EDU_0090,MS,Master's,Electronics & Communication Engineering,Wireless Communications & 5G/6G,Engineering & Technology,2.0,True,GATE / GRE,MS in Electronics & Communication Engineering (Wireless Communications & 5G/6G),GATE / GRE,HIGH
EDU_0091,MS,Master's,Electronics & Communication Engineering,Signal Processing & IoT Systems,Engineering & Technology,2.0,True,GATE / GRE,MS in Electronics & Communication Engineering (Signal Processing & IoT Systems),GATE / GRE,HIGH
EDU_0092,MS,Master's,Electronics & Communication Engineering,RF & Microwave Engineering,Engineering & Technology,2.0,True,GATE / GRE,MS in Electronics & Communication Engineering (RF & Microwave Engineering),GATE / GRE,HIGH
EDU_0093,PhD,Doctorate,Electronics & Communication Engineering,VLSI Design & Embedded Systems,Engineering & Technology,4.0,True,GATE / GRE,PhD in Electronics & Communication Engineering (VLSI Design & Embedded Systems),GATE / GRE,HIGH
EDU_0094,PhD,Doctorate,Electronics & Communication Engineering,Wireless Communications & 5G/6G,Engineering & Technology,4.0,True,GATE / GRE,PhD in Electronics & Communication Engineering (Wireless Communications & 5G/6G),GATE / GRE,HIGH
EDU_0095,PhD,Doctorate,Electronics & Communication Engineering,Signal Processing & IoT Systems,Engineering & Technology,4.0,True,GATE / GRE,PhD in Electronics & Communication Engineering (Signal Processing & IoT Systems),GATE / GRE,HIGH
EDU_0096,PhD,Doctorate,Electronics & Communication Engineering,RF & Microwave Engineering,Engineering & Technology,4.0,True,GATE / GRE,PhD in Electronics & Communication Engineering (RF & Microwave Engineering),GATE / GRE,HIGH
EDU_0097,Diploma,Diploma,Electronics & Communication Engineering,VLSI Design & Embedded Systems,Engineering & Technology,3.0,False,JEE Main / State CET,Diploma in Electronics & Communication Engineering (VLSI Design & Embedded Systems),JEE Main / State CET,HIGH
EDU_0098,Diploma,Diploma,Electronics & Communication Engineering,Wireless Communications & 5G/6G,Engineering & Technology,3.0,False,JEE Main / State CET,Diploma in Electronics & Communication Engineering (Wireless Communications & 5G/6G),JEE Main / State CET,HIGH
EDU_0099,Diploma,Diploma,Electronics & Communication Engineering,Signal Processing & IoT Systems,Engineering & Technology,3.0,False,JEE Main / State CET,Diploma in Electronics & Communication Engineering (Signal Processing & IoT Systems),JEE Main / State CET,HIGH
EDU_0100,Diploma,Diploma,Electronics & Communication Engineering,RF & Microwave Engineering,Engineering & Technology,3.0,False,JEE Main / State CET,Diploma in Electronics & Communication Engineering (RF & Microwave Engineering),JEE Main / State CET,HIGH
EDU_0101,B.Tech,Bachelor's,Electrical & Electronics Engineering,Power Systems & Smart Grid,Engineering & Technology,4.0,False,JEE Main / State CET,B.Tech in Electrical & Electronics Engineering (Power Systems & Smart Grid),JEE Main / State CET,HIGH
EDU_0102,B.Tech,Bachelor's,Electrical & Electronics Engineering,Electric Vehicles & Battery Systems,Engineering & Technology,4.0,False,JEE Main / State CET,B.Tech in Electrical & Electronics Engineering (Electric Vehicles & Battery Systems),JEE Main / State CET,HIGH
EDU_0103,B.Tech,Bachelor's,Electrical & Electronics Engineering,Industrial Automation & Control,Engineering & Technology,4.0,False,JEE Main / State CET,B.Tech in Electrical & Electronics Engineering (Industrial Automation & Control),JEE Main / State CET,HIGH
EDU_0104,B.Tech,Bachelor's,Electrical & Electronics Engineering,Power Electronics & Drives,Engineering & Technology,4.0,False,JEE Main / State CET,B.Tech in Electrical & Electronics Engineering (Power Electronics & Drives),JEE Main / State CET,HIGH
EDU_0105,B.E.,Bachelor's,Electrical & Electronics Engineering,Power Systems & Smart Grid,Engineering & Technology,4.0,False,JEE Main / State CET,B.E. in Electrical & Electronics Engineering (Power Systems & Smart Grid),JEE Main / State CET,HIGH
EDU_0106,B.E.,Bachelor's,Electrical & Electronics Engineering,Electric Vehicles & Battery Systems,Engineering & Technology,4.0,False,JEE Main / State CET,B.E. in Electrical & Electronics Engineering (Electric Vehicles & Battery Systems),JEE Main / State CET,HIGH
EDU_0107,B.E.,Bachelor's,Electrical & Electronics Engineering,Industrial Automation & Control,Engineering & Technology,4.0,False,JEE Main / State CET,B.E. in Electrical & Electronics Engineering (Industrial Automation & Control),JEE Main / State CET,HIGH
EDU_0108,B.E.,Bachelor's,Electrical & Electronics Engineering,Power Electronics & Drives,Engineering & Technology,4.0,False,JEE Main / State CET,B.E. in Electrical & Electronics Engineering (Power Electronics & Drives),JEE Main / State CET,HIGH
EDU_0109,M.Tech,Master's,Electrical & Electronics Engineering,Power Systems & Smart Grid,Engineering & Technology,2.0,True,GATE,M.Tech in Electrical & Electronics Engineering (Power Systems & Smart Grid),GATE,HIGH
EDU_0110,M.Tech,Master's,Electrical & Electronics Engineering,Electric Vehicles & Battery Systems,Engineering & Technology,2.0,True,GATE,M.Tech in Electrical & Electronics Engineering (Electric Vehicles & Battery Systems),GATE,HIGH
EDU_0111,M.Tech,Master's,Electrical & Electronics Engineering,Industrial Automation & Control,Engineering & Technology,2.0,True,GATE,M.Tech in Electrical & Electronics Engineering (Industrial Automation & Control),GATE,HIGH
EDU_0112,M.Tech,Master's,Electrical & Electronics Engineering,Power Electronics & Drives,Engineering & Technology,2.0,True,GATE,M.Tech in Electrical & Electronics Engineering (Power Electronics & Drives),GATE,HIGH
EDU_0113,Diploma,Diploma,Electrical & Electronics Engineering,Power Systems & Smart Grid,Engineering & Technology,3.0,False,JEE Main / State CET,Diploma in Electrical & Electronics Engineering (Power Systems & Smart Grid),JEE Main / State CET,HIGH
EDU_0114,Diploma,Diploma,Electrical & Electronics Engineering,Electric Vehicles & Battery Systems,Engineering & Technology,3.0,False,JEE Main / State CET,Diploma in Electrical & Electronics Engineering (Electric Vehicles & Battery Systems),JEE Main / State CET,HIGH
EDU_0115,Diploma,Diploma,Electrical & Electronics Engineering,Industrial Automation & Control,Engineering & Technology,3.0,False,JEE Main / State CET,Diploma in Electrical & Electronics Engineering (Industrial Automation & Control),JEE Main / State CET,HIGH
EDU_0116,Diploma,Diploma,Electrical & Electronics Engineering,Power Electronics & Drives,Engineering & Technology,3.0,False,JEE Main / State CET,Diploma in Electrical & Electronics Engineering (Power Electronics & Drives),JEE Main / State CET,HIGH
EDU_0117,B.Tech,Bachelor's,Mechanical Engineering,Computer-Aided Design & Simulation (CAD/CAE),Engineering & Technology,4.0,False,JEE Main / State CET,B.Tech in Mechanical Engineering (Computer-Aided Design & Simulation (CAD/CAE)),JEE Main / State CET,HIGH
EDU_0118,B.Tech,Bachelor's,Mechanical Engineering,Thermal & Fluid Engineering,Engineering & Technology,4.0,False,JEE Main / State CET,B.Tech in Mechanical Engineering (Thermal & Fluid Engineering),JEE Main / State CET,HIGH
EDU_0119,B.Tech,Bachelor's,Mechanical Engineering,Automotive Systems & Propulsion,Engineering & Technology,4.0,False,JEE Main / State CET,B.Tech in Mechanical Engineering (Automotive Systems & Propulsion),JEE Main / State CET,HIGH
EDU_0120,B.Tech,Bachelor's,Mechanical Engineering,"Robotics, Mechatronics & Automation",Engineering & Technology,4.0,False,JEE Main / State CET,"B.Tech in Mechanical Engineering (Robotics, Mechatronics & Automation)",JEE Main / State CET,HIGH
EDU_0121,B.Tech,Bachelor's,Mechanical Engineering,Manufacturing & Precision Tooling,Engineering & Technology,4.0,False,JEE Main / State CET,B.Tech in Mechanical Engineering (Manufacturing & Precision Tooling),JEE Main / State CET,HIGH
EDU_0122,B.E.,Bachelor's,Mechanical Engineering,Computer-Aided Design & Simulation (CAD/CAE),Engineering & Technology,4.0,False,JEE Main / State CET,B.E. in Mechanical Engineering (Computer-Aided Design & Simulation (CAD/CAE)),JEE Main / State CET,HIGH
EDU_0123,B.E.,Bachelor's,Mechanical Engineering,Thermal & Fluid Engineering,Engineering & Technology,4.0,False,JEE Main / State CET,B.E. in Mechanical Engineering (Thermal & Fluid Engineering),JEE Main / State CET,HIGH
EDU_0124,B.E.,Bachelor's,Mechanical Engineering,Automotive Systems & Propulsion,Engineering & Technology,4.0,False,JEE Main / State CET,B.E. in Mechanical Engineering (Automotive Systems & Propulsion),JEE Main / State CET,HIGH
EDU_0125,B.E.,Bachelor's,Mechanical Engineering,"Robotics, Mechatronics & Automation",Engineering & Technology,4.0,False,JEE Main / State CET,"B.E. in Mechanical Engineering (Robotics, Mechatronics & Automation)",JEE Main / State CET,HIGH
EDU_0126,B.E.,Bachelor's,Mechanical Engineering,Manufacturing & Precision Tooling,Engineering & Technology,4.0,False,JEE Main / State CET,B.E. in Mechanical Engineering (Manufacturing & Precision Tooling),JEE Main / State CET,HIGH
EDU_0127,M.Tech,Master's,Mechanical Engineering,Computer-Aided Design & Simulation (CAD/CAE),Engineering & Technology,2.0,True,GATE / GRE,M.Tech in Mechanical Engineering (Computer-Aided Design & Simulation (CAD/CAE)),GATE / GRE,HIGH
EDU_0128,M.Tech,Master's,Mechanical Engineering,Thermal & Fluid Engineering,Engineering & Technology,2.0,True,GATE / GRE,M.Tech in Mechanical Engineering (Thermal & Fluid Engineering),GATE / GRE,HIGH
EDU_0129,M.Tech,Master's,Mechanical Engineering,Automotive Systems & Propulsion,Engineering & Technology,2.0,True,GATE / GRE,M.Tech in Mechanical Engineering (Automotive Systems & Propulsion),GATE / GRE,HIGH
EDU_0130,M.Tech,Master's,Mechanical Engineering,"Robotics, Mechatronics & Automation",Engineering & Technology,2.0,True,GATE / GRE,"M.Tech in Mechanical Engineering (Robotics, Mechatronics & Automation)",GATE / GRE,HIGH
EDU_0131,M.Tech,Master's,Mechanical Engineering,Manufacturing & Precision Tooling,Engineering & Technology,2.0,True,GATE / GRE,M.Tech in Mechanical Engineering (Manufacturing & Precision Tooling),GATE / GRE,HIGH
EDU_0132,MS,Master's,Mechanical Engineering,Computer-Aided Design & Simulation (CAD/CAE),Engineering & Technology,2.0,True,GATE / GRE,MS in Mechanical Engineering (Computer-Aided Design & Simulation (CAD/CAE)),GATE / GRE,HIGH
EDU_0133,MS,Master's,Mechanical Engineering,Thermal & Fluid Engineering,Engineering & Technology,2.0,True,GATE / GRE,MS in Mechanical Engineering (Thermal & Fluid Engineering),GATE / GRE,HIGH
EDU_0134,MS,Master's,Mechanical Engineering,Automotive Systems & Propulsion,Engineering & Technology,2.0,True,GATE / GRE,MS in Mechanical Engineering (Automotive Systems & Propulsion),GATE / GRE,HIGH
EDU_0135,MS,Master's,Mechanical Engineering,"Robotics, Mechatronics & Automation",Engineering & Technology,2.0,True,GATE / GRE,"MS in Mechanical Engineering (Robotics, Mechatronics & Automation)",GATE / GRE,HIGH
EDU_0136,MS,Master's,Mechanical Engineering,Manufacturing & Precision Tooling,Engineering & Technology,2.0,True,GATE / GRE,MS in Mechanical Engineering (Manufacturing & Precision Tooling),GATE / GRE,HIGH
EDU_0137,PhD,Doctorate,Mechanical Engineering,Computer-Aided Design & Simulation (CAD/CAE),Engineering & Technology,4.0,True,GATE / GRE,PhD in Mechanical Engineering (Computer-Aided Design & Simulation (CAD/CAE)),GATE / GRE,HIGH
EDU_0138,PhD,Doctorate,Mechanical Engineering,Thermal & Fluid Engineering,Engineering & Technology,4.0,True,GATE / GRE,PhD in Mechanical Engineering (Thermal & Fluid Engineering),GATE / GRE,HIGH
EDU_0139,PhD,Doctorate,Mechanical Engineering,Automotive Systems & Propulsion,Engineering & Technology,4.0,True,GATE / GRE,PhD in Mechanical Engineering (Automotive Systems & Propulsion),GATE / GRE,HIGH
EDU_0140,PhD,Doctorate,Mechanical Engineering,"Robotics, Mechatronics & Automation",Engineering & Technology,4.0,True,GATE / GRE,"PhD in Mechanical Engineering (Robotics, Mechatronics & Automation)",GATE / GRE,HIGH
EDU_0141,PhD,Doctorate,Mechanical Engineering,Manufacturing & Precision Tooling,Engineering & Technology,4.0,True,GATE / GRE,PhD in Mechanical Engineering (Manufacturing & Precision Tooling),GATE / GRE,HIGH
EDU_0142,Diploma,Diploma,Mechanical Engineering,Computer-Aided Design & Simulation (CAD/CAE),Engineering & Technology,3.0,False,JEE Main / State CET,Diploma in Mechanical Engineering (Computer-Aided Design & Simulation (CAD/CAE)),JEE Main / State CET,HIGH
EDU_0143,Diploma,Diploma,Mechanical Engineering,Thermal & Fluid Engineering,Engineering & Technology,3.0,False,JEE Main / State CET,Diploma in Mechanical Engineering (Thermal & Fluid Engineering),JEE Main / State CET,HIGH
EDU_0144,Diploma,Diploma,Mechanical Engineering,Automotive Systems & Propulsion,Engineering & Technology,3.0,False,JEE Main / State CET,Diploma in Mechanical Engineering (Automotive Systems & Propulsion),JEE Main / State CET,HIGH
EDU_0145,Diploma,Diploma,Mechanical Engineering,"Robotics, Mechatronics & Automation",Engineering & Technology,3.0,False,JEE Main / State CET,"Diploma in Mechanical Engineering (Robotics, Mechatronics & Automation)",JEE Main / State CET,HIGH
EDU_0146,Diploma,Diploma,Mechanical Engineering,Manufacturing & Precision Tooling,Engineering & Technology,3.0,False,JEE Main / State CET,Diploma in Mechanical Engineering (Manufacturing & Precision Tooling),JEE Main / State CET,HIGH
EDU_0147,B.Tech,Bachelor's,Civil Engineering,Structural Engineering & High-Rise Design,Engineering & Technology,4.0,False,JEE Main / State CET,B.Tech in Civil Engineering (Structural Engineering & High-Rise Design),JEE Main / State CET,HIGH
EDU_0148,B.Tech,Bachelor's,Civil Engineering,Transportation & Highway Engineering,Engineering & Technology,4.0,False,JEE Main / State CET,B.Tech in Civil Engineering (Transportation & Highway Engineering),JEE Main / State CET,HIGH
EDU_0149,B.Tech,Bachelor's,Civil Engineering,Geotechnical & Foundation Engineering,Engineering & Technology,4.0,False,JEE Main / State CET,B.Tech in Civil Engineering (Geotechnical & Foundation Engineering),JEE Main / State CET,HIGH
EDU_0150,B.Tech,Bachelor's,Civil Engineering,Water Resources & Environmental Hydraulics,Engineering & Technology,4.0,False,JEE Main / State CET,B.Tech in Civil Engineering (Water Resources & Environmental Hydraulics),JEE Main / State CET,HIGH
EDU_0151,B.Tech,Bachelor's,Civil Engineering,Construction Management & Quantity Surveying,Engineering & Technology,4.0,False,JEE Main / State CET,B.Tech in Civil Engineering (Construction Management & Quantity Surveying),JEE Main / State CET,HIGH
EDU_0152,B.E.,Bachelor's,Civil Engineering,Structural Engineering & High-Rise Design,Engineering & Technology,4.0,False,JEE Main / State CET,B.E. in Civil Engineering (Structural Engineering & High-Rise Design),JEE Main / State CET,HIGH
EDU_0153,B.E.,Bachelor's,Civil Engineering,Transportation & Highway Engineering,Engineering & Technology,4.0,False,JEE Main / State CET,B.E. in Civil Engineering (Transportation & Highway Engineering),JEE Main / State CET,HIGH
EDU_0154,B.E.,Bachelor's,Civil Engineering,Geotechnical & Foundation Engineering,Engineering & Technology,4.0,False,JEE Main / State CET,B.E. in Civil Engineering (Geotechnical & Foundation Engineering),JEE Main / State CET,HIGH
EDU_0155,B.E.,Bachelor's,Civil Engineering,Water Resources & Environmental Hydraulics,Engineering & Technology,4.0,False,JEE Main / State CET,B.E. in Civil Engineering (Water Resources & Environmental Hydraulics),JEE Main / State CET,HIGH
EDU_0156,B.E.,Bachelor's,Civil Engineering,Construction Management & Quantity Surveying,Engineering & Technology,4.0,False,JEE Main / State CET,B.E. in Civil Engineering (Construction Management & Quantity Surveying),JEE Main / State CET,HIGH
EDU_0157,M.Tech,Master's,Civil Engineering,Structural Engineering & High-Rise Design,Engineering & Technology,2.0,True,GATE,M.Tech in Civil Engineering (Structural Engineering & High-Rise Design),GATE,HIGH
EDU_0158,M.Tech,Master's,Civil Engineering,Transportation & Highway Engineering,Engineering & Technology,2.0,True,GATE,M.Tech in Civil Engineering (Transportation & Highway Engineering),GATE,HIGH
EDU_0159,M.Tech,Master's,Civil Engineering,Geotechnical & Foundation Engineering,Engineering & Technology,2.0,True,GATE,M.Tech in Civil Engineering (Geotechnical & Foundation Engineering),GATE,HIGH
EDU_0160,M.Tech,Master's,Civil Engineering,Water Resources & Environmental Hydraulics,Engineering & Technology,2.0,True,GATE,M.Tech in Civil Engineering (Water Resources & Environmental Hydraulics),GATE,HIGH
EDU_0161,M.Tech,Master's,Civil Engineering,Construction Management & Quantity Surveying,Engineering & Technology,2.0,True,GATE,M.Tech in Civil Engineering (Construction Management & Quantity Surveying),GATE,HIGH
EDU_0162,PhD,Doctorate,Civil Engineering,Structural Engineering & High-Rise Design,Engineering & Technology,4.0,True,GATE,PhD in Civil Engineering (Structural Engineering & High-Rise Design),GATE,HIGH
EDU_0163,PhD,Doctorate,Civil Engineering,Transportation & Highway Engineering,Engineering & Technology,4.0,True,GATE,PhD in Civil Engineering (Transportation & Highway Engineering),GATE,HIGH
EDU_0164,PhD,Doctorate,Civil Engineering,Geotechnical & Foundation Engineering,Engineering & Technology,4.0,True,GATE,PhD in Civil Engineering (Geotechnical & Foundation Engineering),GATE,HIGH
EDU_0165,PhD,Doctorate,Civil Engineering,Water Resources & Environmental Hydraulics,Engineering & Technology,4.0,True,GATE,PhD in Civil Engineering (Water Resources & Environmental Hydraulics),GATE,HIGH
EDU_0166,PhD,Doctorate,Civil Engineering,Construction Management & Quantity Surveying,Engineering & Technology,4.0,True,GATE,PhD in Civil Engineering (Construction Management & Quantity Surveying),GATE,HIGH
EDU_0167,Diploma,Diploma,Civil Engineering,Structural Engineering & High-Rise Design,Engineering & Technology,3.0,False,JEE Main / State CET,Diploma in Civil Engineering (Structural Engineering & High-Rise Design),JEE Main / State CET,HIGH
EDU_0168,Diploma,Diploma,Civil Engineering,Transportation & Highway Engineering,Engineering & Technology,3.0,False,JEE Main / State CET,Diploma in Civil Engineering (Transportation & Highway Engineering),JEE Main / State CET,HIGH
EDU_0169,Diploma,Diploma,Civil Engineering,Geotechnical & Foundation Engineering,Engineering & Technology,3.0,False,JEE Main / State CET,Diploma in Civil Engineering (Geotechnical & Foundation Engineering),JEE Main / State CET,HIGH
EDU_0170,Diploma,Diploma,Civil Engineering,Water Resources & Environmental Hydraulics,Engineering & Technology,3.0,False,JEE Main / State CET,Diploma in Civil Engineering (Water Resources & Environmental Hydraulics),JEE Main / State CET,HIGH
EDU_0171,Diploma,Diploma,Civil Engineering,Construction Management & Quantity Surveying,Engineering & Technology,3.0,False,JEE Main / State CET,Diploma in Civil Engineering (Construction Management & Quantity Surveying),JEE Main / State CET,HIGH
EDU_0172,B.Tech,Bachelor's,Chemical Engineering,Process Design & Reaction Engineering,Engineering & Technology,4.0,False,JEE Main / State CET,B.Tech in Chemical Engineering (Process Design & Reaction Engineering),JEE Main / State CET,HIGH
EDU_0173,B.Tech,Bachelor's,Chemical Engineering,Petroleum Refining & Petrochemicals,Engineering & Technology,4.0,False,JEE Main / State CET,B.Tech in Chemical Engineering (Petroleum Refining & Petrochemicals),JEE Main / State CET,HIGH
EDU_0174,B.Tech,Bachelor's,Chemical Engineering,Polymers & Sustainable Biochemicals,Engineering & Technology,4.0,False,JEE Main / State CET,B.Tech in Chemical Engineering (Polymers & Sustainable Biochemicals),JEE Main / State CET,HIGH
EDU_0175,B.Tech,Bachelor's,Chemical Engineering,Process Safety & Environmental Control,Engineering & Technology,4.0,False,JEE Main / State CET,B.Tech in Chemical Engineering (Process Safety & Environmental Control),JEE Main / State CET,HIGH
EDU_0176,B.E.,Bachelor's,Chemical Engineering,Process Design & Reaction Engineering,Engineering & Technology,4.0,False,JEE Main / State CET,B.E. in Chemical Engineering (Process Design & Reaction Engineering),JEE Main / State CET,HIGH
EDU_0177,B.E.,Bachelor's,Chemical Engineering,Petroleum Refining & Petrochemicals,Engineering & Technology,4.0,False,JEE Main / State CET,B.E. in Chemical Engineering (Petroleum Refining & Petrochemicals),JEE Main / State CET,HIGH
EDU_0178,B.E.,Bachelor's,Chemical Engineering,Polymers & Sustainable Biochemicals,Engineering & Technology,4.0,False,JEE Main / State CET,B.E. in Chemical Engineering (Polymers & Sustainable Biochemicals),JEE Main / State CET,HIGH
EDU_0179,B.E.,Bachelor's,Chemical Engineering,Process Safety & Environmental Control,Engineering & Technology,4.0,False,JEE Main / State CET,B.E. in Chemical Engineering (Process Safety & Environmental Control),JEE Main / State CET,HIGH
EDU_0180,M.Tech,Master's,Chemical Engineering,Process Design & Reaction Engineering,Engineering & Technology,2.0,True,GATE,M.Tech in Chemical Engineering (Process Design & Reaction Engineering),GATE,HIGH
EDU_0181,M.Tech,Master's,Chemical Engineering,Petroleum Refining & Petrochemicals,Engineering & Technology,2.0,True,GATE,M.Tech in Chemical Engineering (Petroleum Refining & Petrochemicals),GATE,HIGH
EDU_0182,M.Tech,Master's,Chemical Engineering,Polymers & Sustainable Biochemicals,Engineering & Technology,2.0,True,GATE,M.Tech in Chemical Engineering (Polymers & Sustainable Biochemicals),GATE,HIGH
EDU_0183,M.Tech,Master's,Chemical Engineering,Process Safety & Environmental Control,Engineering & Technology,2.0,True,GATE,M.Tech in Chemical Engineering (Process Safety & Environmental Control),GATE,HIGH
EDU_0184,PhD,Doctorate,Chemical Engineering,Process Design & Reaction Engineering,Engineering & Technology,4.0,True,GATE,PhD in Chemical Engineering (Process Design & Reaction Engineering),GATE,HIGH
EDU_0185,PhD,Doctorate,Chemical Engineering,Petroleum Refining & Petrochemicals,Engineering & Technology,4.0,True,GATE,PhD in Chemical Engineering (Petroleum Refining & Petrochemicals),GATE,HIGH
EDU_0186,PhD,Doctorate,Chemical Engineering,Polymers & Sustainable Biochemicals,Engineering & Technology,4.0,True,GATE,PhD in Chemical Engineering (Polymers & Sustainable Biochemicals),GATE,HIGH
EDU_0187,PhD,Doctorate,Chemical Engineering,Process Safety & Environmental Control,Engineering & Technology,4.0,True,GATE,PhD in Chemical Engineering (Process Safety & Environmental Control),GATE,HIGH
EDU_0188,B.Tech,Bachelor's,Biotechnology Engineering,Bioprocess & Fermentation Engineering,Engineering & Technology,4.0,False,JEE Main / NEET / State CET,B.Tech in Biotechnology Engineering (Bioprocess & Fermentation Engineering),JEE Main / NEET / State CET,HIGH
EDU_0189,B.Tech,Bachelor's,Biotechnology Engineering,Bioinformatics & Computational Biology,Engineering & Technology,4.0,False,JEE Main / NEET / State CET,B.Tech in Biotechnology Engineering (Bioinformatics & Computational Biology),JEE Main / NEET / State CET,HIGH
EDU_0190,B.Tech,Bachelor's,Biotechnology Engineering,Genetic Engineering & Molecular Cloning,Engineering & Technology,4.0,False,JEE Main / NEET / State CET,B.Tech in Biotechnology Engineering (Genetic Engineering & Molecular Cloning),JEE Main / NEET / State CET,HIGH
EDU_0191,B.Tech,Bachelor's,Biotechnology Engineering,Pharmaceutical Biotechnology,Engineering & Technology,4.0,False,JEE Main / NEET / State CET,B.Tech in Biotechnology Engineering (Pharmaceutical Biotechnology),JEE Main / NEET / State CET,HIGH
EDU_0192,M.Tech,Master's,Biotechnology Engineering,Bioprocess & Fermentation Engineering,Engineering & Technology,2.0,True,GATE / GAT-B,M.Tech in Biotechnology Engineering (Bioprocess & Fermentation Engineering),GATE / GAT-B,HIGH
EDU_0193,M.Tech,Master's,Biotechnology Engineering,Bioinformatics & Computational Biology,Engineering & Technology,2.0,True,GATE / GAT-B,M.Tech in Biotechnology Engineering (Bioinformatics & Computational Biology),GATE / GAT-B,HIGH
EDU_0194,M.Tech,Master's,Biotechnology Engineering,Genetic Engineering & Molecular Cloning,Engineering & Technology,2.0,True,GATE / GAT-B,M.Tech in Biotechnology Engineering (Genetic Engineering & Molecular Cloning),GATE / GAT-B,HIGH
EDU_0195,M.Tech,Master's,Biotechnology Engineering,Pharmaceutical Biotechnology,Engineering & Technology,2.0,True,GATE / GAT-B,M.Tech in Biotechnology Engineering (Pharmaceutical Biotechnology),GATE / GAT-B,HIGH
EDU_0196,MS,Master's,Biotechnology Engineering,Bioprocess & Fermentation Engineering,Engineering & Technology,2.0,True,GATE / GAT-B,MS in Biotechnology Engineering (Bioprocess & Fermentation Engineering),GATE / GAT-B,HIGH
EDU_0197,MS,Master's,Biotechnology Engineering,Bioinformatics & Computational Biology,Engineering & Technology,2.0,True,GATE / GAT-B,MS in Biotechnology Engineering (Bioinformatics & Computational Biology),GATE / GAT-B,HIGH
EDU_0198,MS,Master's,Biotechnology Engineering,Genetic Engineering & Molecular Cloning,Engineering & Technology,2.0,True,GATE / GAT-B,MS in Biotechnology Engineering (Genetic Engineering & Molecular Cloning),GATE / GAT-B,HIGH
EDU_0199,MS,Master's,Biotechnology Engineering,Pharmaceutical Biotechnology,Engineering & Technology,2.0,True,GATE / GAT-B,MS in Biotechnology Engineering (Pharmaceutical Biotechnology),GATE / GAT-B,HIGH
EDU_0200,PhD,Doctorate,Biotechnology Engineering,Bioprocess & Fermentation Engineering,Engineering & Technology,4.0,True,GATE / GAT-B,PhD in Biotechnology Engineering (Bioprocess & Fermentation Engineering),GATE / GAT-B,HIGH
EDU_0201,PhD,Doctorate,Biotechnology Engineering,Bioinformatics & Computational Biology,Engineering & Technology,4.0,True,GATE / GAT-B,PhD in Biotechnology Engineering (Bioinformatics & Computational Biology),GATE / GAT-B,HIGH
EDU_0202,PhD,Doctorate,Biotechnology Engineering,Genetic Engineering & Molecular Cloning,Engineering & Technology,4.0,True,GATE / GAT-B,PhD in Biotechnology Engineering (Genetic Engineering & Molecular Cloning),GATE / GAT-B,HIGH
EDU_0203,PhD,Doctorate,Biotechnology Engineering,Pharmaceutical Biotechnology,Engineering & Technology,4.0,True,GATE / GAT-B,PhD in Biotechnology Engineering (Pharmaceutical Biotechnology),GATE / GAT-B,HIGH
EDU_0204,B.Tech,Bachelor's,Aerospace Engineering,Aerodynamics & Computational Fluid Dynamics,Engineering & Technology,4.0,False,JEE Advanced / Main,B.Tech in Aerospace Engineering (Aerodynamics & Computational Fluid Dynamics),JEE Advanced / Main,HIGH
EDU_0205,B.Tech,Bachelor's,Aerospace Engineering,Aerospace Propulsion & Rocketry,Engineering & Technology,4.0,False,JEE Advanced / Main,B.Tech in Aerospace Engineering (Aerospace Propulsion & Rocketry),JEE Advanced / Main,HIGH
EDU_0206,B.Tech,Bachelor's,Aerospace Engineering,"Avionics, Flight Control & UAV Systems",Engineering & Technology,4.0,False,JEE Advanced / Main,"B.Tech in Aerospace Engineering (Avionics, Flight Control & UAV Systems)",JEE Advanced / Main,HIGH
EDU_0207,B.Tech,Bachelor's,Aerospace Engineering,Aerospace Structures & Composite Materials,Engineering & Technology,4.0,False,JEE Advanced / Main,B.Tech in Aerospace Engineering (Aerospace Structures & Composite Materials),JEE Advanced / Main,HIGH
EDU_0208,M.Tech,Master's,Aerospace Engineering,Aerodynamics & Computational Fluid Dynamics,Engineering & Technology,2.0,True,GATE / GRE,M.Tech in Aerospace Engineering (Aerodynamics & Computational Fluid Dynamics),GATE / GRE,HIGH
EDU_0209,M.Tech,Master's,Aerospace Engineering,Aerospace Propulsion & Rocketry,Engineering & Technology,2.0,True,GATE / GRE,M.Tech in Aerospace Engineering (Aerospace Propulsion & Rocketry),GATE / GRE,HIGH
EDU_0210,M.Tech,Master's,Aerospace Engineering,"Avionics, Flight Control & UAV Systems",Engineering & Technology,2.0,True,GATE / GRE,"M.Tech in Aerospace Engineering (Avionics, Flight Control & UAV Systems)",GATE / GRE,HIGH
EDU_0211,M.Tech,Master's,Aerospace Engineering,Aerospace Structures & Composite Materials,Engineering & Technology,2.0,True,GATE / GRE,M.Tech in Aerospace Engineering (Aerospace Structures & Composite Materials),GATE / GRE,HIGH
EDU_0212,MS,Master's,Aerospace Engineering,Aerodynamics & Computational Fluid Dynamics,Engineering & Technology,2.0,True,GATE / GRE,MS in Aerospace Engineering (Aerodynamics & Computational Fluid Dynamics),GATE / GRE,HIGH
EDU_0213,MS,Master's,Aerospace Engineering,Aerospace Propulsion & Rocketry,Engineering & Technology,2.0,True,GATE / GRE,MS in Aerospace Engineering (Aerospace Propulsion & Rocketry),GATE / GRE,HIGH
EDU_0214,MS,Master's,Aerospace Engineering,"Avionics, Flight Control & UAV Systems",Engineering & Technology,2.0,True,GATE / GRE,"MS in Aerospace Engineering (Avionics, Flight Control & UAV Systems)",GATE / GRE,HIGH
EDU_0215,MS,Master's,Aerospace Engineering,Aerospace Structures & Composite Materials,Engineering & Technology,2.0,True,GATE / GRE,MS in Aerospace Engineering (Aerospace Structures & Composite Materials),GATE / GRE,HIGH
EDU_0216,PhD,Doctorate,Aerospace Engineering,Aerodynamics & Computational Fluid Dynamics,Engineering & Technology,4.0,True,GATE / GRE,PhD in Aerospace Engineering (Aerodynamics & Computational Fluid Dynamics),GATE / GRE,HIGH
EDU_0217,PhD,Doctorate,Aerospace Engineering,Aerospace Propulsion & Rocketry,Engineering & Technology,4.0,True,GATE / GRE,PhD in Aerospace Engineering (Aerospace Propulsion & Rocketry),GATE / GRE,HIGH
EDU_0218,PhD,Doctorate,Aerospace Engineering,"Avionics, Flight Control & UAV Systems",Engineering & Technology,4.0,True,GATE / GRE,"PhD in Aerospace Engineering (Avionics, Flight Control & UAV Systems)",GATE / GRE,HIGH
EDU_0219,PhD,Doctorate,Aerospace Engineering,Aerospace Structures & Composite Materials,Engineering & Technology,4.0,True,GATE / GRE,PhD in Aerospace Engineering (Aerospace Structures & Composite Materials),GATE / GRE,HIGH
EDU_0220,B.Tech,Bachelor's,Robotics & Automation,Industrial Robotics & Motion Control,Engineering & Technology,4.0,False,JEE Main / State CET,B.Tech in Robotics & Automation (Industrial Robotics & Motion Control),JEE Main / State CET,HIGH
EDU_0221,B.Tech,Bachelor's,Robotics & Automation,Autonomous Navigation & Perception,Engineering & Technology,4.0,False,JEE Main / State CET,B.Tech in Robotics & Automation (Autonomous Navigation & Perception),JEE Main / State CET,HIGH
EDU_0222,B.Tech,Bachelor's,Robotics & Automation,Human-Robot Collaboration & Cobots,Engineering & Technology,4.0,False,JEE Main / State CET,B.Tech in Robotics & Automation (Human-Robot Collaboration & Cobots),JEE Main / State CET,HIGH
EDU_0223,M.Tech,Master's,Robotics & Automation,Industrial Robotics & Motion Control,Engineering & Technology,2.0,True,GATE,M.Tech in Robotics & Automation (Industrial Robotics & Motion Control),GATE,HIGH
EDU_0224,M.Tech,Master's,Robotics & Automation,Autonomous Navigation & Perception,Engineering & Technology,2.0,True,GATE,M.Tech in Robotics & Automation (Autonomous Navigation & Perception),GATE,HIGH
EDU_0225,M.Tech,Master's,Robotics & Automation,Human-Robot Collaboration & Cobots,Engineering & Technology,2.0,True,GATE,M.Tech in Robotics & Automation (Human-Robot Collaboration & Cobots),GATE,HIGH
EDU_0226,B.Tech,Bachelor's,Environmental Engineering,Air Quality & Emission Control,Engineering & Technology,4.0,False,JEE Main / State CET,B.Tech in Environmental Engineering (Air Quality & Emission Control),JEE Main / State CET,HIGH
EDU_0227,B.Tech,Bachelor's,Environmental Engineering,Industrial Wastewater Treatment,Engineering & Technology,4.0,False,JEE Main / State CET,B.Tech in Environmental Engineering (Industrial Wastewater Treatment),JEE Main / State CET,HIGH
EDU_0228,B.Tech,Bachelor's,Environmental Engineering,Solid Waste Management & Circular Economy,Engineering & Technology,4.0,False,JEE Main / State CET,B.Tech in Environmental Engineering (Solid Waste Management & Circular Economy),JEE Main / State CET,HIGH
EDU_0229,M.Tech,Master's,Environmental Engineering,Air Quality & Emission Control,Engineering & Technology,2.0,True,GATE,M.Tech in Environmental Engineering (Air Quality & Emission Control),GATE,HIGH
EDU_0230,M.Tech,Master's,Environmental Engineering,Industrial Wastewater Treatment,Engineering & Technology,2.0,True,GATE,M.Tech in Environmental Engineering (Industrial Wastewater Treatment),GATE,HIGH
EDU_0231,M.Tech,Master's,Environmental Engineering,Solid Waste Management & Circular Economy,Engineering & Technology,2.0,True,GATE,M.Tech in Environmental Engineering (Solid Waste Management & Circular Economy),GATE,HIGH
EDU_0232,B.Tech,Bachelor's,Biomedical Engineering,Medical Diagnostic Instrumentation,Engineering & Technology,4.0,False,JEE Main / State CET,B.Tech in Biomedical Engineering (Medical Diagnostic Instrumentation),JEE Main / State CET,HIGH
EDU_0233,B.Tech,Bachelor's,Biomedical Engineering,Biomaterials & Tissue Scaffolds,Engineering & Technology,4.0,False,JEE Main / State CET,B.Tech in Biomedical Engineering (Biomaterials & Tissue Scaffolds),JEE Main / State CET,HIGH
EDU_0234,B.Tech,Bachelor's,Biomedical Engineering,Medical Imaging Systems,Engineering & Technology,4.0,False,JEE Main / State CET,B.Tech in Biomedical Engineering (Medical Imaging Systems),JEE Main / State CET,HIGH
EDU_0235,M.Tech,Master's,Biomedical Engineering,Medical Diagnostic Instrumentation,Engineering & Technology,2.0,True,GATE,M.Tech in Biomedical Engineering (Medical Diagnostic Instrumentation),GATE,HIGH
EDU_0236,M.Tech,Master's,Biomedical Engineering,Biomaterials & Tissue Scaffolds,Engineering & Technology,2.0,True,GATE,M.Tech in Biomedical Engineering (Biomaterials & Tissue Scaffolds),GATE,HIGH
EDU_0237,M.Tech,Master's,Biomedical Engineering,Medical Imaging Systems,Engineering & Technology,2.0,True,GATE,M.Tech in Biomedical Engineering (Medical Imaging Systems),GATE,HIGH
EDU_0238,B.Tech,Bachelor's,Automobile Engineering,Internal Combustion Engines & Hybrid Vehicles,Engineering & Technology,4.0,False,JEE Main / State CET,B.Tech in Automobile Engineering (Internal Combustion Engines & Hybrid Vehicles),JEE Main / State CET,HIGH
EDU_0239,B.Tech,Bachelor's,Automobile Engineering,Electric Vehicle Powertrain & Battery Packs,Engineering & Technology,4.0,False,JEE Main / State CET,B.Tech in Automobile Engineering (Electric Vehicle Powertrain & Battery Packs),JEE Main / State CET,HIGH
EDU_0240,B.Tech,Bachelor's,Automobile Engineering,Automotive Safety & Chassis Dynamics,Engineering & Technology,4.0,False,JEE Main / State CET,B.Tech in Automobile Engineering (Automotive Safety & Chassis Dynamics),JEE Main / State CET,HIGH
EDU_0241,Diploma,Diploma,Automobile Engineering,Internal Combustion Engines & Hybrid Vehicles,Engineering & Technology,3.0,False,JEE Main / State CET,Diploma in Automobile Engineering (Internal Combustion Engines & Hybrid Vehicles),JEE Main / State CET,HIGH
EDU_0242,Diploma,Diploma,Automobile Engineering,Electric Vehicle Powertrain & Battery Packs,Engineering & Technology,3.0,False,JEE Main / State CET,Diploma in Automobile Engineering (Electric Vehicle Powertrain & Battery Packs),JEE Main / State CET,HIGH
EDU_0243,Diploma,Diploma,Automobile Engineering,Automotive Safety & Chassis Dynamics,Engineering & Technology,3.0,False,JEE Main / State CET,Diploma in Automobile Engineering (Automotive Safety & Chassis Dynamics),JEE Main / State CET,HIGH
EDU_0244,B.Tech,Bachelor's,Petroleum Engineering,Reservoir Characterization & Simulation,Engineering & Technology,4.0,False,JEE Main / State CET,B.Tech in Petroleum Engineering (Reservoir Characterization & Simulation),JEE Main / State CET,HIGH
EDU_0245,B.Tech,Bachelor's,Petroleum Engineering,Drilling Operations & Well Completions,Engineering & Technology,4.0,False,JEE Main / State CET,B.Tech in Petroleum Engineering (Drilling Operations & Well Completions),JEE Main / State CET,HIGH
EDU_0246,B.Tech,Bachelor's,Petroleum Engineering,Offshore Oil & Gas Production,Engineering & Technology,4.0,False,JEE Main / State CET,B.Tech in Petroleum Engineering (Offshore Oil & Gas Production),JEE Main / State CET,HIGH
EDU_0247,M.Tech,Master's,Petroleum Engineering,Reservoir Characterization & Simulation,Engineering & Technology,2.0,True,GATE,M.Tech in Petroleum Engineering (Reservoir Characterization & Simulation),GATE,HIGH
EDU_0248,M.Tech,Master's,Petroleum Engineering,Drilling Operations & Well Completions,Engineering & Technology,2.0,True,GATE,M.Tech in Petroleum Engineering (Drilling Operations & Well Completions),GATE,HIGH
EDU_0249,M.Tech,Master's,Petroleum Engineering,Offshore Oil & Gas Production,Engineering & Technology,2.0,True,GATE,M.Tech in Petroleum Engineering (Offshore Oil & Gas Production),GATE,HIGH
EDU_0250,B.Tech,Bachelor's,Agricultural Engineering,Farm Machinery & Precision Power,Engineering & Technology,4.0,False,ICAR AIEEA / State CET,B.Tech in Agricultural Engineering (Farm Machinery & Precision Power),ICAR AIEEA / State CET,HIGH
EDU_0251,B.Tech,Bachelor's,Agricultural Engineering,Soil & Water Conservation Engineering,Engineering & Technology,4.0,False,ICAR AIEEA / State CET,B.Tech in Agricultural Engineering (Soil & Water Conservation Engineering),ICAR AIEEA / State CET,HIGH
EDU_0252,B.Tech,Bachelor's,Agricultural Engineering,Post-Harvest Processing & Storage,Engineering & Technology,4.0,False,ICAR AIEEA / State CET,B.Tech in Agricultural Engineering (Post-Harvest Processing & Storage),ICAR AIEEA / State CET,HIGH
EDU_0253,M.Tech,Master's,Agricultural Engineering,Farm Machinery & Precision Power,Engineering & Technology,2.0,True,GATE / ICAR AIEEA-PG,M.Tech in Agricultural Engineering (Farm Machinery & Precision Power),GATE / ICAR AIEEA-PG,HIGH
EDU_0254,M.Tech,Master's,Agricultural Engineering,Soil & Water Conservation Engineering,Engineering & Technology,2.0,True,GATE / ICAR AIEEA-PG,M.Tech in Agricultural Engineering (Soil & Water Conservation Engineering),GATE / ICAR AIEEA-PG,HIGH
EDU_0255,M.Tech,Master's,Agricultural Engineering,Post-Harvest Processing & Storage,Engineering & Technology,2.0,True,GATE / ICAR AIEEA-PG,M.Tech in Agricultural Engineering (Post-Harvest Processing & Storage),GATE / ICAR AIEEA-PG,HIGH
EDU_0256,BCA,Bachelor's,Computer Applications,Full Stack Web & Enterprise Development,Computing & Information Sciences,3.0,False,Direct 10+2 Merit / State CET / NIMCET,BCA in Computer Applications (Full Stack Web & Enterprise Development),Direct 10+2 Merit / State CET / NIMCET,HIGH
EDU_0257,BCA,Bachelor's,Computer Applications,Cloud Computing & Application DevOps,Computing & Information Sciences,3.0,False,Direct 10+2 Merit / State CET / NIMCET,BCA in Computer Applications (Cloud Computing & Application DevOps),Direct 10+2 Merit / State CET / NIMCET,HIGH
EDU_0258,BCA,Bachelor's,Computer Applications,Mobile Application Architecture,Computing & Information Sciences,3.0,False,Direct 10+2 Merit / State CET / NIMCET,BCA in Computer Applications (Mobile Application Architecture),Direct 10+2 Merit / State CET / NIMCET,HIGH
EDU_0259,BCA,Bachelor's,Computer Applications,Database Administration & Analytics,Computing & Information Sciences,3.0,False,Direct 10+2 Merit / State CET / NIMCET,BCA in Computer Applications (Database Administration & Analytics),Direct 10+2 Merit / State CET / NIMCET,HIGH
EDU_0260,MCA,Master's,Computer Applications,Full Stack Web & Enterprise Development,Computing & Information Sciences,2.0,True,NIMCET / State CET,MCA in Computer Applications (Full Stack Web & Enterprise Development),NIMCET / State CET,HIGH
EDU_0261,MCA,Master's,Computer Applications,Cloud Computing & Application DevOps,Computing & Information Sciences,2.0,True,NIMCET / State CET,MCA in Computer Applications (Cloud Computing & Application DevOps),NIMCET / State CET,HIGH
EDU_0262,MCA,Master's,Computer Applications,Mobile Application Architecture,Computing & Information Sciences,2.0,True,NIMCET / State CET,MCA in Computer Applications (Mobile Application Architecture),NIMCET / State CET,HIGH
EDU_0263,MCA,Master's,Computer Applications,Database Administration & Analytics,Computing & Information Sciences,2.0,True,NIMCET / State CET,MCA in Computer Applications (Database Administration & Analytics),NIMCET / State CET,HIGH
EDU_0264,B.Sc,Bachelor's,Information Technology (Science),Web Technologies & Network Systems,Computing & Information Sciences,3.0,False,CUET-UG / 10+2 Merit,B.Sc in Information Technology (Science) (Web Technologies & Network Systems),CUET-UG / 10+2 Merit,HIGH
EDU_0265,B.Sc,Bachelor's,Information Technology (Science),Software Testing & Quality Assurance,Computing & Information Sciences,3.0,False,CUET-UG / 10+2 Merit,B.Sc in Information Technology (Science) (Software Testing & Quality Assurance),CUET-UG / 10+2 Merit,HIGH
EDU_0266,B.Sc,Bachelor's,Information Technology (Science),Cloud Administration,Computing & Information Sciences,3.0,False,CUET-UG / 10+2 Merit,B.Sc in Information Technology (Science) (Cloud Administration),CUET-UG / 10+2 Merit,HIGH
EDU_0267,M.Sc,Master's,Information Technology (Science),Web Technologies & Network Systems,Computing & Information Sciences,2.0,True,CUET-PG / University Entrance,M.Sc in Information Technology (Science) (Web Technologies & Network Systems),CUET-PG / University Entrance,HIGH
EDU_0268,M.Sc,Master's,Information Technology (Science),Software Testing & Quality Assurance,Computing & Information Sciences,2.0,True,CUET-PG / University Entrance,M.Sc in Information Technology (Science) (Software Testing & Quality Assurance),CUET-PG / University Entrance,HIGH
EDU_0269,M.Sc,Master's,Information Technology (Science),Cloud Administration,Computing & Information Sciences,2.0,True,CUET-PG / University Entrance,M.Sc in Information Technology (Science) (Cloud Administration),CUET-PG / University Entrance,HIGH
EDU_0270,B.Sc,Bachelor's,Data Analytics (Applied),Business Intelligence & Reporting,Computing & Information Sciences,3.0,False,CUET-UG / Direct Merit,B.Sc in Data Analytics (Applied) (Business Intelligence & Reporting),CUET-UG / Direct Merit,HIGH
EDU_0271,B.Sc,Bachelor's,Data Analytics (Applied),Applied Predictive Analytics,Computing & Information Sciences,3.0,False,CUET-UG / Direct Merit,B.Sc in Data Analytics (Applied) (Applied Predictive Analytics),CUET-UG / Direct Merit,HIGH
EDU_0272,B.Sc,Bachelor's,Data Analytics (Applied),Data Visualization & Dashboards,Computing & Information Sciences,3.0,False,CUET-UG / Direct Merit,B.Sc in Data Analytics (Applied) (Data Visualization & Dashboards),CUET-UG / Direct Merit,HIGH
EDU_0273,M.Sc,Master's,Data Analytics (Applied),Business Intelligence & Reporting,Computing & Information Sciences,2.0,True,CUET-PG,M.Sc in Data Analytics (Applied) (Business Intelligence & Reporting),CUET-PG,HIGH
EDU_0274,M.Sc,Master's,Data Analytics (Applied),Applied Predictive Analytics,Computing & Information Sciences,2.0,True,CUET-PG,M.Sc in Data Analytics (Applied) (Applied Predictive Analytics),CUET-PG,HIGH
EDU_0275,M.Sc,Master's,Data Analytics (Applied),Data Visualization & Dashboards,Computing & Information Sciences,2.0,True,CUET-PG,M.Sc in Data Analytics (Applied) (Data Visualization & Dashboards),CUET-PG,HIGH
EDU_0276,Professional Certification,Professional Certification,Data Analytics (Applied),Business Intelligence & Reporting,Computing & Information Sciences,1.0,False,CUET-UG / Direct Merit,Professional Certification in Data Analytics (Applied) (Business Intelligence & Reporting),CUET-UG / Direct Merit,HIGH
EDU_0277,Professional Certification,Professional Certification,Data Analytics (Applied),Applied Predictive Analytics,Computing & Information Sciences,1.0,False,CUET-UG / Direct Merit,Professional Certification in Data Analytics (Applied) (Applied Predictive Analytics),CUET-UG / Direct Merit,HIGH
EDU_0278,Professional Certification,Professional Certification,Data Analytics (Applied),Data Visualization & Dashboards,Computing & Information Sciences,1.0,False,CUET-UG / Direct Merit,Professional Certification in Data Analytics (Applied) (Data Visualization & Dashboards),CUET-UG / Direct Merit,HIGH
EDU_0279,B.Sc,Bachelor's,Mathematics,Pure & Abstract Mathematics,Physical & Life Sciences,3.0,False,CUET-UG / 10+2 Merit,B.Sc in Mathematics (Pure & Abstract Mathematics),CUET-UG / 10+2 Merit,MEDIUM
EDU_0280,B.Sc,Bachelor's,Mathematics,Applied Mathematics & Modeling,Physical & Life Sciences,3.0,False,CUET-UG / 10+2 Merit,B.Sc in Mathematics (Applied Mathematics & Modeling),CUET-UG / 10+2 Merit,MEDIUM
EDU_0281,B.Sc,Bachelor's,Mathematics,Computational Mathematics & Scientific Computing,Physical & Life Sciences,3.0,False,CUET-UG / 10+2 Merit,B.Sc in Mathematics (Computational Mathematics & Scientific Computing),CUET-UG / 10+2 Merit,MEDIUM
EDU_0282,B.Sc,Bachelor's,Mathematics,Discrete Mathematics & Cryptography,Physical & Life Sciences,3.0,False,CUET-UG / 10+2 Merit,B.Sc in Mathematics (Discrete Mathematics & Cryptography),CUET-UG / 10+2 Merit,MEDIUM
EDU_0283,M.Sc,Master's,Mathematics,Pure & Abstract Mathematics,Physical & Life Sciences,2.0,True,IIT JAM / CUET-PG / CSIR NET,M.Sc in Mathematics (Pure & Abstract Mathematics),IIT JAM / CUET-PG / CSIR NET,MEDIUM
EDU_0284,M.Sc,Master's,Mathematics,Applied Mathematics & Modeling,Physical & Life Sciences,2.0,True,IIT JAM / CUET-PG / CSIR NET,M.Sc in Mathematics (Applied Mathematics & Modeling),IIT JAM / CUET-PG / CSIR NET,MEDIUM
EDU_0285,M.Sc,Master's,Mathematics,Computational Mathematics & Scientific Computing,Physical & Life Sciences,2.0,True,IIT JAM / CUET-PG / CSIR NET,M.Sc in Mathematics (Computational Mathematics & Scientific Computing),IIT JAM / CUET-PG / CSIR NET,MEDIUM
EDU_0286,M.Sc,Master's,Mathematics,Discrete Mathematics & Cryptography,Physical & Life Sciences,2.0,True,IIT JAM / CUET-PG / CSIR NET,M.Sc in Mathematics (Discrete Mathematics & Cryptography),IIT JAM / CUET-PG / CSIR NET,MEDIUM
EDU_0287,PhD,Doctorate,Mathematics,Pure & Abstract Mathematics,Physical & Life Sciences,4.0,True,IIT JAM / CUET-PG / CSIR NET,PhD in Mathematics (Pure & Abstract Mathematics),IIT JAM / CUET-PG / CSIR NET,MEDIUM
EDU_0288,PhD,Doctorate,Mathematics,Applied Mathematics & Modeling,Physical & Life Sciences,4.0,True,IIT JAM / CUET-PG / CSIR NET,PhD in Mathematics (Applied Mathematics & Modeling),IIT JAM / CUET-PG / CSIR NET,MEDIUM
EDU_0289,PhD,Doctorate,Mathematics,Computational Mathematics & Scientific Computing,Physical & Life Sciences,4.0,True,IIT JAM / CUET-PG / CSIR NET,PhD in Mathematics (Computational Mathematics & Scientific Computing),IIT JAM / CUET-PG / CSIR NET,MEDIUM
EDU_0290,PhD,Doctorate,Mathematics,Discrete Mathematics & Cryptography,Physical & Life Sciences,4.0,True,IIT JAM / CUET-PG / CSIR NET,PhD in Mathematics (Discrete Mathematics & Cryptography),IIT JAM / CUET-PG / CSIR NET,MEDIUM
EDU_0291,B.Sc,Bachelor's,Statistics,Mathematical Statistics & Probability,Physical & Life Sciences,3.0,False,CUET-UG / ISI Entrance,B.Sc in Statistics (Mathematical Statistics & Probability),CUET-UG / ISI Entrance,MEDIUM
EDU_0292,B.Sc,Bachelor's,Statistics,Biostatistics & Clinical Trials,Physical & Life Sciences,3.0,False,CUET-UG / ISI Entrance,B.Sc in Statistics (Biostatistics & Clinical Trials),CUET-UG / ISI Entrance,MEDIUM
EDU_0293,B.Sc,Bachelor's,Statistics,Econometric & Financial Statistics,Physical & Life Sciences,3.0,False,CUET-UG / ISI Entrance,B.Sc in Statistics (Econometric & Financial Statistics),CUET-UG / ISI Entrance,MEDIUM
EDU_0294,B.Sc,Bachelor's,Statistics,Applied Industrial Statistics & Six Sigma,Physical & Life Sciences,3.0,False,CUET-UG / ISI Entrance,B.Sc in Statistics (Applied Industrial Statistics & Six Sigma),CUET-UG / ISI Entrance,MEDIUM
EDU_0295,M.Sc,Master's,Statistics,Mathematical Statistics & Probability,Physical & Life Sciences,2.0,True,IIT JAM / ISI M.Stat / CUET-PG,M.Sc in Statistics (Mathematical Statistics & Probability),IIT JAM / ISI M.Stat / CUET-PG,MEDIUM
EDU_0296,M.Sc,Master's,Statistics,Biostatistics & Clinical Trials,Physical & Life Sciences,2.0,True,IIT JAM / ISI M.Stat / CUET-PG,M.Sc in Statistics (Biostatistics & Clinical Trials),IIT JAM / ISI M.Stat / CUET-PG,MEDIUM
EDU_0297,M.Sc,Master's,Statistics,Econometric & Financial Statistics,Physical & Life Sciences,2.0,True,IIT JAM / ISI M.Stat / CUET-PG,M.Sc in Statistics (Econometric & Financial Statistics),IIT JAM / ISI M.Stat / CUET-PG,MEDIUM
EDU_0298,M.Sc,Master's,Statistics,Applied Industrial Statistics & Six Sigma,Physical & Life Sciences,2.0,True,IIT JAM / ISI M.Stat / CUET-PG,M.Sc in Statistics (Applied Industrial Statistics & Six Sigma),IIT JAM / ISI M.Stat / CUET-PG,MEDIUM
EDU_0299,PhD,Doctorate,Statistics,Mathematical Statistics & Probability,Physical & Life Sciences,4.0,True,IIT JAM / ISI M.Stat / CUET-PG,PhD in Statistics (Mathematical Statistics & Probability),IIT JAM / ISI M.Stat / CUET-PG,MEDIUM
EDU_0300,PhD,Doctorate,Statistics,Biostatistics & Clinical Trials,Physical & Life Sciences,4.0,True,IIT JAM / ISI M.Stat / CUET-PG,PhD in Statistics (Biostatistics & Clinical Trials),IIT JAM / ISI M.Stat / CUET-PG,MEDIUM
EDU_0301,PhD,Doctorate,Statistics,Econometric & Financial Statistics,Physical & Life Sciences,4.0,True,IIT JAM / ISI M.Stat / CUET-PG,PhD in Statistics (Econometric & Financial Statistics),IIT JAM / ISI M.Stat / CUET-PG,MEDIUM
EDU_0302,PhD,Doctorate,Statistics,Applied Industrial Statistics & Six Sigma,Physical & Life Sciences,4.0,True,IIT JAM / ISI M.Stat / CUET-PG,PhD in Statistics (Applied Industrial Statistics & Six Sigma),IIT JAM / ISI M.Stat / CUET-PG,MEDIUM
EDU_0303,B.Sc,Bachelor's,Physics,Theoretical & High-Energy Physics,Physical & Life Sciences,3.0,False,CUET-UG / 10+2 Merit,B.Sc in Physics (Theoretical & High-Energy Physics),CUET-UG / 10+2 Merit,MEDIUM
EDU_0304,B.Sc,Bachelor's,Physics,Condensed Matter & Materials Physics,Physical & Life Sciences,3.0,False,CUET-UG / 10+2 Merit,B.Sc in Physics (Condensed Matter & Materials Physics),CUET-UG / 10+2 Merit,MEDIUM
EDU_0305,B.Sc,Bachelor's,Physics,"Optics, Photonics & Laser Systems",Physical & Life Sciences,3.0,False,CUET-UG / 10+2 Merit,"B.Sc in Physics (Optics, Photonics & Laser Systems)",CUET-UG / 10+2 Merit,MEDIUM
EDU_0306,B.Sc,Bachelor's,Physics,Astrophysics & Space Science,Physical & Life Sciences,3.0,False,CUET-UG / 10+2 Merit,B.Sc in Physics (Astrophysics & Space Science),CUET-UG / 10+2 Merit,MEDIUM
EDU_0307,M.Sc,Master's,Physics,Theoretical & High-Energy Physics,Physical & Life Sciences,2.0,True,IIT JAM / JEST / CSIR NET,M.Sc in Physics (Theoretical & High-Energy Physics),IIT JAM / JEST / CSIR NET,MEDIUM
EDU_0308,M.Sc,Master's,Physics,Condensed Matter & Materials Physics,Physical & Life Sciences,2.0,True,IIT JAM / JEST / CSIR NET,M.Sc in Physics (Condensed Matter & Materials Physics),IIT JAM / JEST / CSIR NET,MEDIUM
EDU_0309,M.Sc,Master's,Physics,"Optics, Photonics & Laser Systems",Physical & Life Sciences,2.0,True,IIT JAM / JEST / CSIR NET,"M.Sc in Physics (Optics, Photonics & Laser Systems)",IIT JAM / JEST / CSIR NET,MEDIUM
EDU_0310,M.Sc,Master's,Physics,Astrophysics & Space Science,Physical & Life Sciences,2.0,True,IIT JAM / JEST / CSIR NET,M.Sc in Physics (Astrophysics & Space Science),IIT JAM / JEST / CSIR NET,MEDIUM
EDU_0311,PhD,Doctorate,Physics,Theoretical & High-Energy Physics,Physical & Life Sciences,4.0,True,IIT JAM / JEST / CSIR NET,PhD in Physics (Theoretical & High-Energy Physics),IIT JAM / JEST / CSIR NET,MEDIUM
EDU_0312,PhD,Doctorate,Physics,Condensed Matter & Materials Physics,Physical & Life Sciences,4.0,True,IIT JAM / JEST / CSIR NET,PhD in Physics (Condensed Matter & Materials Physics),IIT JAM / JEST / CSIR NET,MEDIUM
EDU_0313,PhD,Doctorate,Physics,"Optics, Photonics & Laser Systems",Physical & Life Sciences,4.0,True,IIT JAM / JEST / CSIR NET,"PhD in Physics (Optics, Photonics & Laser Systems)",IIT JAM / JEST / CSIR NET,MEDIUM
EDU_0314,PhD,Doctorate,Physics,Astrophysics & Space Science,Physical & Life Sciences,4.0,True,IIT JAM / JEST / CSIR NET,PhD in Physics (Astrophysics & Space Science),IIT JAM / JEST / CSIR NET,MEDIUM
EDU_0315,B.Sc,Bachelor's,Chemistry,Organic Synthesis & Medicinal Chemistry,Physical & Life Sciences,3.0,False,CUET-UG / 10+2 Merit,B.Sc in Chemistry (Organic Synthesis & Medicinal Chemistry),CUET-UG / 10+2 Merit,MEDIUM
EDU_0316,B.Sc,Bachelor's,Chemistry,Analytical Chemistry & Quality Control,Physical & Life Sciences,3.0,False,CUET-UG / 10+2 Merit,B.Sc in Chemistry (Analytical Chemistry & Quality Control),CUET-UG / 10+2 Merit,MEDIUM
EDU_0317,B.Sc,Bachelor's,Chemistry,Physical Chemistry & Spectroscopy,Physical & Life Sciences,3.0,False,CUET-UG / 10+2 Merit,B.Sc in Chemistry (Physical Chemistry & Spectroscopy),CUET-UG / 10+2 Merit,MEDIUM
EDU_0318,B.Sc,Bachelor's,Chemistry,Industrial & Polymer Chemistry,Physical & Life Sciences,3.0,False,CUET-UG / 10+2 Merit,B.Sc in Chemistry (Industrial & Polymer Chemistry),CUET-UG / 10+2 Merit,MEDIUM
EDU_0319,M.Sc,Master's,Chemistry,Organic Synthesis & Medicinal Chemistry,Physical & Life Sciences,2.0,True,IIT JAM / CSIR NET,M.Sc in Chemistry (Organic Synthesis & Medicinal Chemistry),IIT JAM / CSIR NET,MEDIUM
EDU_0320,M.Sc,Master's,Chemistry,Analytical Chemistry & Quality Control,Physical & Life Sciences,2.0,True,IIT JAM / CSIR NET,M.Sc in Chemistry (Analytical Chemistry & Quality Control),IIT JAM / CSIR NET,MEDIUM
EDU_0321,M.Sc,Master's,Chemistry,Physical Chemistry & Spectroscopy,Physical & Life Sciences,2.0,True,IIT JAM / CSIR NET,M.Sc in Chemistry (Physical Chemistry & Spectroscopy),IIT JAM / CSIR NET,MEDIUM
EDU_0322,M.Sc,Master's,Chemistry,Industrial & Polymer Chemistry,Physical & Life Sciences,2.0,True,IIT JAM / CSIR NET,M.Sc in Chemistry (Industrial & Polymer Chemistry),IIT JAM / CSIR NET,MEDIUM
EDU_0323,PhD,Doctorate,Chemistry,Organic Synthesis & Medicinal Chemistry,Physical & Life Sciences,4.0,True,IIT JAM / CSIR NET,PhD in Chemistry (Organic Synthesis & Medicinal Chemistry),IIT JAM / CSIR NET,MEDIUM
EDU_0324,PhD,Doctorate,Chemistry,Analytical Chemistry & Quality Control,Physical & Life Sciences,4.0,True,IIT JAM / CSIR NET,PhD in Chemistry (Analytical Chemistry & Quality Control),IIT JAM / CSIR NET,MEDIUM
EDU_0325,PhD,Doctorate,Chemistry,Physical Chemistry & Spectroscopy,Physical & Life Sciences,4.0,True,IIT JAM / CSIR NET,PhD in Chemistry (Physical Chemistry & Spectroscopy),IIT JAM / CSIR NET,MEDIUM
EDU_0326,PhD,Doctorate,Chemistry,Industrial & Polymer Chemistry,Physical & Life Sciences,4.0,True,IIT JAM / CSIR NET,PhD in Chemistry (Industrial & Polymer Chemistry),IIT JAM / CSIR NET,MEDIUM
EDU_0327,B.Sc,Bachelor's,Biochemistry,Clinical Biochemistry & Diagnostics,Physical & Life Sciences,3.0,False,CUET-UG / 10+2 Merit,B.Sc in Biochemistry (Clinical Biochemistry & Diagnostics),CUET-UG / 10+2 Merit,MEDIUM
EDU_0328,B.Sc,Bachelor's,Biochemistry,Enzymology & Protein Purification,Physical & Life Sciences,3.0,False,CUET-UG / 10+2 Merit,B.Sc in Biochemistry (Enzymology & Protein Purification),CUET-UG / 10+2 Merit,MEDIUM
EDU_0329,B.Sc,Bachelor's,Biochemistry,Molecular Cell Biology & Signaling,Physical & Life Sciences,3.0,False,CUET-UG / 10+2 Merit,B.Sc in Biochemistry (Molecular Cell Biology & Signaling),CUET-UG / 10+2 Merit,MEDIUM
EDU_0330,M.Sc,Master's,Biochemistry,Clinical Biochemistry & Diagnostics,Physical & Life Sciences,2.0,True,IIT JAM / GAT-B / CUET-PG,M.Sc in Biochemistry (Clinical Biochemistry & Diagnostics),IIT JAM / GAT-B / CUET-PG,MEDIUM
EDU_0331,M.Sc,Master's,Biochemistry,Enzymology & Protein Purification,Physical & Life Sciences,2.0,True,IIT JAM / GAT-B / CUET-PG,M.Sc in Biochemistry (Enzymology & Protein Purification),IIT JAM / GAT-B / CUET-PG,MEDIUM
EDU_0332,M.Sc,Master's,Biochemistry,Molecular Cell Biology & Signaling,Physical & Life Sciences,2.0,True,IIT JAM / GAT-B / CUET-PG,M.Sc in Biochemistry (Molecular Cell Biology & Signaling),IIT JAM / GAT-B / CUET-PG,MEDIUM
EDU_0333,PhD,Doctorate,Biochemistry,Clinical Biochemistry & Diagnostics,Physical & Life Sciences,4.0,True,IIT JAM / GAT-B / CUET-PG,PhD in Biochemistry (Clinical Biochemistry & Diagnostics),IIT JAM / GAT-B / CUET-PG,MEDIUM
EDU_0334,PhD,Doctorate,Biochemistry,Enzymology & Protein Purification,Physical & Life Sciences,4.0,True,IIT JAM / GAT-B / CUET-PG,PhD in Biochemistry (Enzymology & Protein Purification),IIT JAM / GAT-B / CUET-PG,MEDIUM
EDU_0335,PhD,Doctorate,Biochemistry,Molecular Cell Biology & Signaling,Physical & Life Sciences,4.0,True,IIT JAM / GAT-B / CUET-PG,PhD in Biochemistry (Molecular Cell Biology & Signaling),IIT JAM / GAT-B / CUET-PG,MEDIUM
EDU_0336,B.Sc,Bachelor's,Microbiology,Medical & Clinical Microbiology,Physical & Life Sciences,3.0,False,CUET-UG / 10+2 Merit,B.Sc in Microbiology (Medical & Clinical Microbiology),CUET-UG / 10+2 Merit,MEDIUM
EDU_0337,B.Sc,Bachelor's,Microbiology,Industrial & Food Microbiology,Physical & Life Sciences,3.0,False,CUET-UG / 10+2 Merit,B.Sc in Microbiology (Industrial & Food Microbiology),CUET-UG / 10+2 Merit,MEDIUM
EDU_0338,B.Sc,Bachelor's,Microbiology,Immunology & Virology,Physical & Life Sciences,3.0,False,CUET-UG / 10+2 Merit,B.Sc in Microbiology (Immunology & Virology),CUET-UG / 10+2 Merit,MEDIUM
EDU_0339,M.Sc,Master's,Microbiology,Medical & Clinical Microbiology,Physical & Life Sciences,2.0,True,CUET-PG / CSIR NET,M.Sc in Microbiology (Medical & Clinical Microbiology),CUET-PG / CSIR NET,MEDIUM
EDU_0340,M.Sc,Master's,Microbiology,Industrial & Food Microbiology,Physical & Life Sciences,2.0,True,CUET-PG / CSIR NET,M.Sc in Microbiology (Industrial & Food Microbiology),CUET-PG / CSIR NET,MEDIUM
EDU_0341,M.Sc,Master's,Microbiology,Immunology & Virology,Physical & Life Sciences,2.0,True,CUET-PG / CSIR NET,M.Sc in Microbiology (Immunology & Virology),CUET-PG / CSIR NET,MEDIUM
EDU_0342,PhD,Doctorate,Microbiology,Medical & Clinical Microbiology,Physical & Life Sciences,4.0,True,CUET-PG / CSIR NET,PhD in Microbiology (Medical & Clinical Microbiology),CUET-PG / CSIR NET,MEDIUM
EDU_0343,PhD,Doctorate,Microbiology,Industrial & Food Microbiology,Physical & Life Sciences,4.0,True,CUET-PG / CSIR NET,PhD in Microbiology (Industrial & Food Microbiology),CUET-PG / CSIR NET,MEDIUM
EDU_0344,PhD,Doctorate,Microbiology,Immunology & Virology,Physical & Life Sciences,4.0,True,CUET-PG / CSIR NET,PhD in Microbiology (Immunology & Virology),CUET-PG / CSIR NET,MEDIUM
EDU_0345,B.Sc,Bachelor's,Environmental Science,Ecology & Biodiversity Conservation,Physical & Life Sciences,3.0,False,CUET-UG,B.Sc in Environmental Science (Ecology & Biodiversity Conservation),CUET-UG,MEDIUM
EDU_0346,B.Sc,Bachelor's,Environmental Science,Environmental Impact Assessment (EIA),Physical & Life Sciences,3.0,False,CUET-UG,B.Sc in Environmental Science (Environmental Impact Assessment (EIA)),CUET-UG,MEDIUM
EDU_0347,B.Sc,Bachelor's,Environmental Science,Climate Science & Carbon Accounting,Physical & Life Sciences,3.0,False,CUET-UG,B.Sc in Environmental Science (Climate Science & Carbon Accounting),CUET-UG,MEDIUM
EDU_0348,M.Sc,Master's,Environmental Science,Ecology & Biodiversity Conservation,Physical & Life Sciences,2.0,True,CUET-PG / UGC NET,M.Sc in Environmental Science (Ecology & Biodiversity Conservation),CUET-PG / UGC NET,MEDIUM
EDU_0349,M.Sc,Master's,Environmental Science,Environmental Impact Assessment (EIA),Physical & Life Sciences,2.0,True,CUET-PG / UGC NET,M.Sc in Environmental Science (Environmental Impact Assessment (EIA)),CUET-PG / UGC NET,MEDIUM
EDU_0350,M.Sc,Master's,Environmental Science,Climate Science & Carbon Accounting,Physical & Life Sciences,2.0,True,CUET-PG / UGC NET,M.Sc in Environmental Science (Climate Science & Carbon Accounting),CUET-PG / UGC NET,MEDIUM
EDU_0351,PhD,Doctorate,Environmental Science,Ecology & Biodiversity Conservation,Physical & Life Sciences,4.0,True,CUET-PG / UGC NET,PhD in Environmental Science (Ecology & Biodiversity Conservation),CUET-PG / UGC NET,MEDIUM
EDU_0352,PhD,Doctorate,Environmental Science,Environmental Impact Assessment (EIA),Physical & Life Sciences,4.0,True,CUET-PG / UGC NET,PhD in Environmental Science (Environmental Impact Assessment (EIA)),CUET-PG / UGC NET,MEDIUM
EDU_0353,PhD,Doctorate,Environmental Science,Climate Science & Carbon Accounting,Physical & Life Sciences,4.0,True,CUET-PG / UGC NET,PhD in Environmental Science (Climate Science & Carbon Accounting),CUET-PG / UGC NET,MEDIUM
EDU_0354,B.Com,Bachelor's,Commerce,Accounting & Financial Reporting,Commerce & Finance,3.0,False,CUET-UG / Class 12 Merit,B.Com in Commerce (Accounting & Financial Reporting),CUET-UG / Class 12 Merit,HIGH
EDU_0355,B.Com,Bachelor's,Commerce,"Banking, Insurance & Financial Markets",Commerce & Finance,3.0,False,CUET-UG / Class 12 Merit,"B.Com in Commerce (Banking, Insurance & Financial Markets)",CUET-UG / Class 12 Merit,HIGH
EDU_0356,B.Com,Bachelor's,Commerce,Corporate Taxation & Law,Commerce & Finance,3.0,False,CUET-UG / Class 12 Merit,B.Com in Commerce (Corporate Taxation & Law),CUET-UG / Class 12 Merit,HIGH
EDU_0357,B.Com,Bachelor's,Commerce,Cost Accounting & Management Auditing,Commerce & Finance,3.0,False,CUET-UG / Class 12 Merit,B.Com in Commerce (Cost Accounting & Management Auditing),CUET-UG / Class 12 Merit,HIGH
EDU_0358,B.Com (Hons),Bachelor's,Commerce,Accounting & Financial Reporting,Commerce & Finance,3.0,False,CUET-UG / Class 12 Merit,B.Com (Hons) in Commerce (Accounting & Financial Reporting),CUET-UG / Class 12 Merit,HIGH
EDU_0359,B.Com (Hons),Bachelor's,Commerce,"Banking, Insurance & Financial Markets",Commerce & Finance,3.0,False,CUET-UG / Class 12 Merit,"B.Com (Hons) in Commerce (Banking, Insurance & Financial Markets)",CUET-UG / Class 12 Merit,HIGH
EDU_0360,B.Com (Hons),Bachelor's,Commerce,Corporate Taxation & Law,Commerce & Finance,3.0,False,CUET-UG / Class 12 Merit,B.Com (Hons) in Commerce (Corporate Taxation & Law),CUET-UG / Class 12 Merit,HIGH
EDU_0361,B.Com (Hons),Bachelor's,Commerce,Cost Accounting & Management Auditing,Commerce & Finance,3.0,False,CUET-UG / Class 12 Merit,B.Com (Hons) in Commerce (Cost Accounting & Management Auditing),CUET-UG / Class 12 Merit,HIGH
EDU_0362,M.Com,Master's,Commerce,Accounting & Financial Reporting,Commerce & Finance,2.0,True,CUET-PG / Direct Merit,M.Com in Commerce (Accounting & Financial Reporting),CUET-PG / Direct Merit,HIGH
EDU_0363,M.Com,Master's,Commerce,"Banking, Insurance & Financial Markets",Commerce & Finance,2.0,True,CUET-PG / Direct Merit,"M.Com in Commerce (Banking, Insurance & Financial Markets)",CUET-PG / Direct Merit,HIGH
EDU_0364,M.Com,Master's,Commerce,Corporate Taxation & Law,Commerce & Finance,2.0,True,CUET-PG / Direct Merit,M.Com in Commerce (Corporate Taxation & Law),CUET-PG / Direct Merit,HIGH
EDU_0365,M.Com,Master's,Commerce,Cost Accounting & Management Auditing,Commerce & Finance,2.0,True,CUET-PG / Direct Merit,M.Com in Commerce (Cost Accounting & Management Auditing),CUET-PG / Direct Merit,HIGH
EDU_0366,CA Foundation/Inter/Final,Professional Qualification,Chartered Accountancy & Professional Auditing,Statutory Auditing & Assurance,Commerce & Finance,5.0,True,ICAI CA Foundation / CMA Foundation / CSEET,CA Foundation/Inter/Final in Chartered Accountancy & Professional Auditing (Statutory Auditing & Assurance),ICAI CA Foundation / CMA Foundation / CSEET,HIGH
EDU_0367,CA Foundation/Inter/Final,Professional Qualification,Chartered Accountancy & Professional Auditing,Corporate Tax Advisory & GST,Commerce & Finance,5.0,True,ICAI CA Foundation / CMA Foundation / CSEET,CA Foundation/Inter/Final in Chartered Accountancy & Professional Auditing (Corporate Tax Advisory & GST),ICAI CA Foundation / CMA Foundation / CSEET,HIGH
EDU_0368,CA Foundation/Inter/Final,Professional Qualification,Chartered Accountancy & Professional Auditing,Cost Management & Pricing Strategies,Commerce & Finance,5.0,True,ICAI CA Foundation / CMA Foundation / CSEET,CA Foundation/Inter/Final in Chartered Accountancy & Professional Auditing (Cost Management & Pricing Strategies),ICAI CA Foundation / CMA Foundation / CSEET,HIGH
EDU_0369,CA Foundation/Inter/Final,Professional Qualification,Chartered Accountancy & Professional Auditing,Company Secretarial & Corporate Governance,Commerce & Finance,5.0,True,ICAI CA Foundation / CMA Foundation / CSEET,CA Foundation/Inter/Final in Chartered Accountancy & Professional Auditing (Company Secretarial & Corporate Governance),ICAI CA Foundation / CMA Foundation / CSEET,HIGH
EDU_0370,CMA,Professional Qualification,Chartered Accountancy & Professional Auditing,Statutory Auditing & Assurance,Commerce & Finance,4.0,True,ICAI CA Foundation / CMA Foundation / CSEET,CMA in Chartered Accountancy & Professional Auditing (Statutory Auditing & Assurance),ICAI CA Foundation / CMA Foundation / CSEET,HIGH
EDU_0371,CMA,Professional Qualification,Chartered Accountancy & Professional Auditing,Corporate Tax Advisory & GST,Commerce & Finance,4.0,True,ICAI CA Foundation / CMA Foundation / CSEET,CMA in Chartered Accountancy & Professional Auditing (Corporate Tax Advisory & GST),ICAI CA Foundation / CMA Foundation / CSEET,HIGH
EDU_0372,CMA,Professional Qualification,Chartered Accountancy & Professional Auditing,Cost Management & Pricing Strategies,Commerce & Finance,4.0,True,ICAI CA Foundation / CMA Foundation / CSEET,CMA in Chartered Accountancy & Professional Auditing (Cost Management & Pricing Strategies),ICAI CA Foundation / CMA Foundation / CSEET,HIGH
EDU_0373,CMA,Professional Qualification,Chartered Accountancy & Professional Auditing,Company Secretarial & Corporate Governance,Commerce & Finance,4.0,True,ICAI CA Foundation / CMA Foundation / CSEET,CMA in Chartered Accountancy & Professional Auditing (Company Secretarial & Corporate Governance),ICAI CA Foundation / CMA Foundation / CSEET,HIGH
EDU_0374,CS,Professional Qualification,Chartered Accountancy & Professional Auditing,Statutory Auditing & Assurance,Commerce & Finance,3.0,True,ICAI CA Foundation / CMA Foundation / CSEET,CS in Chartered Accountancy & Professional Auditing (Statutory Auditing & Assurance),ICAI CA Foundation / CMA Foundation / CSEET,HIGH
EDU_0375,CS,Professional Qualification,Chartered Accountancy & Professional Auditing,Corporate Tax Advisory & GST,Commerce & Finance,3.0,True,ICAI CA Foundation / CMA Foundation / CSEET,CS in Chartered Accountancy & Professional Auditing (Corporate Tax Advisory & GST),ICAI CA Foundation / CMA Foundation / CSEET,HIGH
EDU_0376,CS,Professional Qualification,Chartered Accountancy & Professional Auditing,Cost Management & Pricing Strategies,Commerce & Finance,3.0,True,ICAI CA Foundation / CMA Foundation / CSEET,CS in Chartered Accountancy & Professional Auditing (Cost Management & Pricing Strategies),ICAI CA Foundation / CMA Foundation / CSEET,HIGH
EDU_0377,CS,Professional Qualification,Chartered Accountancy & Professional Auditing,Company Secretarial & Corporate Governance,Commerce & Finance,3.0,True,ICAI CA Foundation / CMA Foundation / CSEET,CS in Chartered Accountancy & Professional Auditing (Company Secretarial & Corporate Governance),ICAI CA Foundation / CMA Foundation / CSEET,HIGH
EDU_0378,B.Com (Financial Markets),Bachelor's,Financial Markets & Investment,Equity Research & Valuation,Commerce & Finance,3.0,False,CUET-UG / CFA Level 1,B.Com (Financial Markets) in Financial Markets & Investment (Equity Research & Valuation),CUET-UG / CFA Level 1,HIGH
EDU_0379,B.Com (Financial Markets),Bachelor's,Financial Markets & Investment,Portfolio Management & Wealth Advisory,Commerce & Finance,3.0,False,CUET-UG / CFA Level 1,B.Com (Financial Markets) in Financial Markets & Investment (Portfolio Management & Wealth Advisory),CUET-UG / CFA Level 1,HIGH
EDU_0380,B.Com (Financial Markets),Bachelor's,Financial Markets & Investment,Derivatives & Quantitative Trading,Commerce & Finance,3.0,False,CUET-UG / CFA Level 1,B.Com (Financial Markets) in Financial Markets & Investment (Derivatives & Quantitative Trading),CUET-UG / CFA Level 1,HIGH
EDU_0381,M.Sc Finance,Master's,Financial Markets & Investment,Equity Research & Valuation,Commerce & Finance,2.0,True,CFA Level 2/3 / CAT,M.Sc Finance in Financial Markets & Investment (Equity Research & Valuation),CFA Level 2/3 / CAT,HIGH
EDU_0382,M.Sc Finance,Master's,Financial Markets & Investment,Portfolio Management & Wealth Advisory,Commerce & Finance,2.0,True,CFA Level 2/3 / CAT,M.Sc Finance in Financial Markets & Investment (Portfolio Management & Wealth Advisory),CFA Level 2/3 / CAT,HIGH
EDU_0383,M.Sc Finance,Master's,Financial Markets & Investment,Derivatives & Quantitative Trading,Commerce & Finance,2.0,True,CFA Level 2/3 / CAT,M.Sc Finance in Financial Markets & Investment (Derivatives & Quantitative Trading),CFA Level 2/3 / CAT,HIGH
EDU_0384,CFA,Professional Qualification,Financial Markets & Investment,Equity Research & Valuation,Commerce & Finance,3.0,True,CUET-UG / CFA Level 1,CFA in Financial Markets & Investment (Equity Research & Valuation),CUET-UG / CFA Level 1,HIGH
EDU_0385,CFA,Professional Qualification,Financial Markets & Investment,Portfolio Management & Wealth Advisory,Commerce & Finance,3.0,True,CUET-UG / CFA Level 1,CFA in Financial Markets & Investment (Portfolio Management & Wealth Advisory),CUET-UG / CFA Level 1,HIGH
EDU_0386,CFA,Professional Qualification,Financial Markets & Investment,Derivatives & Quantitative Trading,Commerce & Finance,3.0,True,CUET-UG / CFA Level 1,CFA in Financial Markets & Investment (Derivatives & Quantitative Trading),CUET-UG / CFA Level 1,HIGH
EDU_0387,BBA,Bachelor's,Business Administration,Marketing & Brand Strategy,Management & Business Administration,3.0,False,CUET-UG / IPMAT / SET,BBA in Business Administration (Marketing & Brand Strategy),CUET-UG / IPMAT / SET,MEDIUM
EDU_0388,BBA,Bachelor's,Business Administration,Finance & Corporate Valuation,Management & Business Administration,3.0,False,CUET-UG / IPMAT / SET,BBA in Business Administration (Finance & Corporate Valuation),CUET-UG / IPMAT / SET,MEDIUM
EDU_0389,BBA,Bachelor's,Business Administration,Human Resource Management & Talent Analytics,Management & Business Administration,3.0,False,CUET-UG / IPMAT / SET,BBA in Business Administration (Human Resource Management & Talent Analytics),CUET-UG / IPMAT / SET,MEDIUM
EDU_0390,BBA,Bachelor's,Business Administration,Operations & Supply Chain Logistics,Management & Business Administration,3.0,False,CUET-UG / IPMAT / SET,BBA in Business Administration (Operations & Supply Chain Logistics),CUET-UG / IPMAT / SET,MEDIUM
EDU_0391,BBA,Bachelor's,Business Administration,Business Analytics & Data-Driven Strategy,Management & Business Administration,3.0,False,CUET-UG / IPMAT / SET,BBA in Business Administration (Business Analytics & Data-Driven Strategy),CUET-UG / IPMAT / SET,MEDIUM
EDU_0392,BBA,Bachelor's,Business Administration,International Business & Global Trade,Management & Business Administration,3.0,False,CUET-UG / IPMAT / SET,BBA in Business Administration (International Business & Global Trade),CUET-UG / IPMAT / SET,MEDIUM
EDU_0393,BBA,Bachelor's,Business Administration,Product Management & Digital Transformation,Management & Business Administration,3.0,False,CUET-UG / IPMAT / SET,BBA in Business Administration (Product Management & Digital Transformation),CUET-UG / IPMAT / SET,MEDIUM
EDU_0394,BMS,Bachelor's,Business Administration,Marketing & Brand Strategy,Management & Business Administration,3.0,False,CUET-UG / IPMAT / SET,BMS in Business Administration (Marketing & Brand Strategy),CUET-UG / IPMAT / SET,MEDIUM
EDU_0395,BMS,Bachelor's,Business Administration,Finance & Corporate Valuation,Management & Business Administration,3.0,False,CUET-UG / IPMAT / SET,BMS in Business Administration (Finance & Corporate Valuation),CUET-UG / IPMAT / SET,MEDIUM
EDU_0396,BMS,Bachelor's,Business Administration,Human Resource Management & Talent Analytics,Management & Business Administration,3.0,False,CUET-UG / IPMAT / SET,BMS in Business Administration (Human Resource Management & Talent Analytics),CUET-UG / IPMAT / SET,MEDIUM
EDU_0397,BMS,Bachelor's,Business Administration,Operations & Supply Chain Logistics,Management & Business Administration,3.0,False,CUET-UG / IPMAT / SET,BMS in Business Administration (Operations & Supply Chain Logistics),CUET-UG / IPMAT / SET,MEDIUM
EDU_0398,BMS,Bachelor's,Business Administration,Business Analytics & Data-Driven Strategy,Management & Business Administration,3.0,False,CUET-UG / IPMAT / SET,BMS in Business Administration (Business Analytics & Data-Driven Strategy),CUET-UG / IPMAT / SET,MEDIUM
EDU_0399,BMS,Bachelor's,Business Administration,International Business & Global Trade,Management & Business Administration,3.0,False,CUET-UG / IPMAT / SET,BMS in Business Administration (International Business & Global Trade),CUET-UG / IPMAT / SET,MEDIUM
EDU_0400,BMS,Bachelor's,Business Administration,Product Management & Digital Transformation,Management & Business Administration,3.0,False,CUET-UG / IPMAT / SET,BMS in Business Administration (Product Management & Digital Transformation),CUET-UG / IPMAT / SET,MEDIUM
EDU_0401,MBA,Master's,Business Administration,Marketing & Brand Strategy,Management & Business Administration,2.0,True,CAT / XAT / CMAT / GMAT,MBA in Business Administration (Marketing & Brand Strategy),CAT / XAT / CMAT / GMAT,MEDIUM
EDU_0402,MBA,Master's,Business Administration,Finance & Corporate Valuation,Management & Business Administration,2.0,True,CAT / XAT / CMAT / GMAT,MBA in Business Administration (Finance & Corporate Valuation),CAT / XAT / CMAT / GMAT,MEDIUM
EDU_0403,MBA,Master's,Business Administration,Human Resource Management & Talent Analytics,Management & Business Administration,2.0,True,CAT / XAT / CMAT / GMAT,MBA in Business Administration (Human Resource Management & Talent Analytics),CAT / XAT / CMAT / GMAT,MEDIUM
EDU_0404,MBA,Master's,Business Administration,Operations & Supply Chain Logistics,Management & Business Administration,2.0,True,CAT / XAT / CMAT / GMAT,MBA in Business Administration (Operations & Supply Chain Logistics),CAT / XAT / CMAT / GMAT,MEDIUM
EDU_0405,MBA,Master's,Business Administration,Business Analytics & Data-Driven Strategy,Management & Business Administration,2.0,True,CAT / XAT / CMAT / GMAT,MBA in Business Administration (Business Analytics & Data-Driven Strategy),CAT / XAT / CMAT / GMAT,MEDIUM
EDU_0406,MBA,Master's,Business Administration,International Business & Global Trade,Management & Business Administration,2.0,True,CAT / XAT / CMAT / GMAT,MBA in Business Administration (International Business & Global Trade),CAT / XAT / CMAT / GMAT,MEDIUM
EDU_0407,MBA,Master's,Business Administration,Product Management & Digital Transformation,Management & Business Administration,2.0,True,CAT / XAT / CMAT / GMAT,MBA in Business Administration (Product Management & Digital Transformation),CAT / XAT / CMAT / GMAT,MEDIUM
EDU_0408,PGDM,Master's,Business Administration,Marketing & Brand Strategy,Management & Business Administration,2.0,True,CAT / XAT / CMAT / GMAT,PGDM in Business Administration (Marketing & Brand Strategy),CAT / XAT / CMAT / GMAT,MEDIUM
EDU_0409,PGDM,Master's,Business Administration,Finance & Corporate Valuation,Management & Business Administration,2.0,True,CAT / XAT / CMAT / GMAT,PGDM in Business Administration (Finance & Corporate Valuation),CAT / XAT / CMAT / GMAT,MEDIUM
EDU_0410,PGDM,Master's,Business Administration,Human Resource Management & Talent Analytics,Management & Business Administration,2.0,True,CAT / XAT / CMAT / GMAT,PGDM in Business Administration (Human Resource Management & Talent Analytics),CAT / XAT / CMAT / GMAT,MEDIUM
EDU_0411,PGDM,Master's,Business Administration,Operations & Supply Chain Logistics,Management & Business Administration,2.0,True,CAT / XAT / CMAT / GMAT,PGDM in Business Administration (Operations & Supply Chain Logistics),CAT / XAT / CMAT / GMAT,MEDIUM
EDU_0412,PGDM,Master's,Business Administration,Business Analytics & Data-Driven Strategy,Management & Business Administration,2.0,True,CAT / XAT / CMAT / GMAT,PGDM in Business Administration (Business Analytics & Data-Driven Strategy),CAT / XAT / CMAT / GMAT,MEDIUM
EDU_0413,PGDM,Master's,Business Administration,International Business & Global Trade,Management & Business Administration,2.0,True,CAT / XAT / CMAT / GMAT,PGDM in Business Administration (International Business & Global Trade),CAT / XAT / CMAT / GMAT,MEDIUM
EDU_0414,PGDM,Master's,Business Administration,Product Management & Digital Transformation,Management & Business Administration,2.0,True,CAT / XAT / CMAT / GMAT,PGDM in Business Administration (Product Management & Digital Transformation),CAT / XAT / CMAT / GMAT,MEDIUM
EDU_0415,Executive MBA,Master's (Executive),Business Administration,Marketing & Brand Strategy,Management & Business Administration,1.0,True,CUET-UG / IPMAT / SET,Executive MBA in Business Administration (Marketing & Brand Strategy),CUET-UG / IPMAT / SET,MEDIUM
EDU_0416,Executive MBA,Master's (Executive),Business Administration,Finance & Corporate Valuation,Management & Business Administration,1.0,True,CUET-UG / IPMAT / SET,Executive MBA in Business Administration (Finance & Corporate Valuation),CUET-UG / IPMAT / SET,MEDIUM
EDU_0417,Executive MBA,Master's (Executive),Business Administration,Human Resource Management & Talent Analytics,Management & Business Administration,1.0,True,CUET-UG / IPMAT / SET,Executive MBA in Business Administration (Human Resource Management & Talent Analytics),CUET-UG / IPMAT / SET,MEDIUM
EDU_0418,Executive MBA,Master's (Executive),Business Administration,Operations & Supply Chain Logistics,Management & Business Administration,1.0,True,CUET-UG / IPMAT / SET,Executive MBA in Business Administration (Operations & Supply Chain Logistics),CUET-UG / IPMAT / SET,MEDIUM
EDU_0419,Executive MBA,Master's (Executive),Business Administration,Business Analytics & Data-Driven Strategy,Management & Business Administration,1.0,True,CUET-UG / IPMAT / SET,Executive MBA in Business Administration (Business Analytics & Data-Driven Strategy),CUET-UG / IPMAT / SET,MEDIUM
EDU_0420,Executive MBA,Master's (Executive),Business Administration,International Business & Global Trade,Management & Business Administration,1.0,True,CUET-UG / IPMAT / SET,Executive MBA in Business Administration (International Business & Global Trade),CUET-UG / IPMAT / SET,MEDIUM
EDU_0421,Executive MBA,Master's (Executive),Business Administration,Product Management & Digital Transformation,Management & Business Administration,1.0,True,CUET-UG / IPMAT / SET,Executive MBA in Business Administration (Product Management & Digital Transformation),CUET-UG / IPMAT / SET,MEDIUM
EDU_0422,MBA,Master's,Healthcare & Hospital Management,Hospital Operations & Quality Accreditation,Management & Business Administration,2.0,True,University Hospital Entrance,MBA in Healthcare & Hospital Management (Hospital Operations & Quality Accreditation),University Hospital Entrance,MEDIUM
EDU_0423,MBA,Master's,Healthcare & Hospital Management,Healthcare Analytics & Insurance Operations,Management & Business Administration,2.0,True,University Hospital Entrance,MBA in Healthcare & Hospital Management (Healthcare Analytics & Insurance Operations),University Hospital Entrance,MEDIUM
EDU_0424,MBA,Master's,Healthcare & Hospital Management,Clinical Services Administration,Management & Business Administration,2.0,True,University Hospital Entrance,MBA in Healthcare & Hospital Management (Clinical Services Administration),University Hospital Entrance,MEDIUM
EDU_0425,MHA,Master's,Healthcare & Hospital Management,Hospital Operations & Quality Accreditation,Management & Business Administration,2.0,True,University Hospital Entrance,MHA in Healthcare & Hospital Management (Hospital Operations & Quality Accreditation),University Hospital Entrance,MEDIUM
EDU_0426,MHA,Master's,Healthcare & Hospital Management,Healthcare Analytics & Insurance Operations,Management & Business Administration,2.0,True,University Hospital Entrance,MHA in Healthcare & Hospital Management (Healthcare Analytics & Insurance Operations),University Hospital Entrance,MEDIUM
EDU_0427,MHA,Master's,Healthcare & Hospital Management,Clinical Services Administration,Management & Business Administration,2.0,True,University Hospital Entrance,MHA in Healthcare & Hospital Management (Clinical Services Administration),University Hospital Entrance,MEDIUM
EDU_0428,MBA,Master's,Agri-Business Management,Agricultural Supply Chain & Procurement,Management & Business Administration,2.0,True,CAT / XAT,MBA in Agri-Business Management (Agricultural Supply Chain & Procurement),CAT / XAT,MEDIUM
EDU_0429,MBA,Master's,Agri-Business Management,Rural Marketing & Commodity Trading,Management & Business Administration,2.0,True,CAT / XAT,MBA in Agri-Business Management (Rural Marketing & Commodity Trading),CAT / XAT,MEDIUM
EDU_0430,MBA,Master's,Agri-Business Management,Food Processing Business Management,Management & Business Administration,2.0,True,CAT / XAT,MBA in Agri-Business Management (Food Processing Business Management),CAT / XAT,MEDIUM
EDU_0431,PGDM,Master's,Agri-Business Management,Agricultural Supply Chain & Procurement,Management & Business Administration,2.0,True,CAT / XAT,PGDM in Agri-Business Management (Agricultural Supply Chain & Procurement),CAT / XAT,MEDIUM
EDU_0432,PGDM,Master's,Agri-Business Management,Rural Marketing & Commodity Trading,Management & Business Administration,2.0,True,CAT / XAT,PGDM in Agri-Business Management (Rural Marketing & Commodity Trading),CAT / XAT,MEDIUM
EDU_0433,PGDM,Master's,Agri-Business Management,Food Processing Business Management,Management & Business Administration,2.0,True,CAT / XAT,PGDM in Agri-Business Management (Food Processing Business Management),CAT / XAT,MEDIUM
EDU_0434,BA,Bachelor's,Economics,Applied Econometrics & Quantitative Policy,"Humanities, Economics & Social Sciences",3.0,False,CUET-UG / 10+2 Merit,BA in Economics (Applied Econometrics & Quantitative Policy),CUET-UG / 10+2 Merit,MEDIUM
EDU_0435,BA,Bachelor's,Economics,Development Economics & Public Policy,"Humanities, Economics & Social Sciences",3.0,False,CUET-UG / 10+2 Merit,BA in Economics (Development Economics & Public Policy),CUET-UG / 10+2 Merit,MEDIUM
EDU_0436,BA,Bachelor's,Economics,"Macroeconomics, Monetary Policy & Banking","Humanities, Economics & Social Sciences",3.0,False,CUET-UG / 10+2 Merit,"BA in Economics (Macroeconomics, Monetary Policy & Banking)",CUET-UG / 10+2 Merit,MEDIUM
EDU_0437,BA,Bachelor's,Economics,Behavioral Economics & Experimental Finance,"Humanities, Economics & Social Sciences",3.0,False,CUET-UG / 10+2 Merit,BA in Economics (Behavioral Economics & Experimental Finance),CUET-UG / 10+2 Merit,MEDIUM
EDU_0438,BA (Hons),Bachelor's,Economics,Applied Econometrics & Quantitative Policy,"Humanities, Economics & Social Sciences",3.0,False,CUET-UG / 10+2 Merit,BA (Hons) in Economics (Applied Econometrics & Quantitative Policy),CUET-UG / 10+2 Merit,MEDIUM
EDU_0439,BA (Hons),Bachelor's,Economics,Development Economics & Public Policy,"Humanities, Economics & Social Sciences",3.0,False,CUET-UG / 10+2 Merit,BA (Hons) in Economics (Development Economics & Public Policy),CUET-UG / 10+2 Merit,MEDIUM
EDU_0440,BA (Hons),Bachelor's,Economics,"Macroeconomics, Monetary Policy & Banking","Humanities, Economics & Social Sciences",3.0,False,CUET-UG / 10+2 Merit,"BA (Hons) in Economics (Macroeconomics, Monetary Policy & Banking)",CUET-UG / 10+2 Merit,MEDIUM
EDU_0441,BA (Hons),Bachelor's,Economics,Behavioral Economics & Experimental Finance,"Humanities, Economics & Social Sciences",3.0,False,CUET-UG / 10+2 Merit,BA (Hons) in Economics (Behavioral Economics & Experimental Finance),CUET-UG / 10+2 Merit,MEDIUM
EDU_0442,B.Sc (Economics),Bachelor's,Economics,Applied Econometrics & Quantitative Policy,"Humanities, Economics & Social Sciences",3.0,False,CUET-UG / 10+2 Merit,B.Sc (Economics) in Economics (Applied Econometrics & Quantitative Policy),CUET-UG / 10+2 Merit,MEDIUM
EDU_0443,B.Sc (Economics),Bachelor's,Economics,Development Economics & Public Policy,"Humanities, Economics & Social Sciences",3.0,False,CUET-UG / 10+2 Merit,B.Sc (Economics) in Economics (Development Economics & Public Policy),CUET-UG / 10+2 Merit,MEDIUM
EDU_0444,B.Sc (Economics),Bachelor's,Economics,"Macroeconomics, Monetary Policy & Banking","Humanities, Economics & Social Sciences",3.0,False,CUET-UG / 10+2 Merit,"B.Sc (Economics) in Economics (Macroeconomics, Monetary Policy & Banking)",CUET-UG / 10+2 Merit,MEDIUM
EDU_0445,B.Sc (Economics),Bachelor's,Economics,Behavioral Economics & Experimental Finance,"Humanities, Economics & Social Sciences",3.0,False,CUET-UG / 10+2 Merit,B.Sc (Economics) in Economics (Behavioral Economics & Experimental Finance),CUET-UG / 10+2 Merit,MEDIUM
EDU_0446,MA,Master's,Economics,Applied Econometrics & Quantitative Policy,"Humanities, Economics & Social Sciences",2.0,True,CUET-PG / DSE Entrance / ISI MSQE,MA in Economics (Applied Econometrics & Quantitative Policy),CUET-PG / DSE Entrance / ISI MSQE,MEDIUM
EDU_0447,MA,Master's,Economics,Development Economics & Public Policy,"Humanities, Economics & Social Sciences",2.0,True,CUET-PG / DSE Entrance / ISI MSQE,MA in Economics (Development Economics & Public Policy),CUET-PG / DSE Entrance / ISI MSQE,MEDIUM
EDU_0448,MA,Master's,Economics,"Macroeconomics, Monetary Policy & Banking","Humanities, Economics & Social Sciences",2.0,True,CUET-PG / DSE Entrance / ISI MSQE,"MA in Economics (Macroeconomics, Monetary Policy & Banking)",CUET-PG / DSE Entrance / ISI MSQE,MEDIUM
EDU_0449,MA,Master's,Economics,Behavioral Economics & Experimental Finance,"Humanities, Economics & Social Sciences",2.0,True,CUET-PG / DSE Entrance / ISI MSQE,MA in Economics (Behavioral Economics & Experimental Finance),CUET-PG / DSE Entrance / ISI MSQE,MEDIUM
EDU_0450,M.Sc (Economics),Master's,Economics,Applied Econometrics & Quantitative Policy,"Humanities, Economics & Social Sciences",2.0,True,CUET-PG / DSE Entrance / ISI MSQE,M.Sc (Economics) in Economics (Applied Econometrics & Quantitative Policy),CUET-PG / DSE Entrance / ISI MSQE,MEDIUM
EDU_0451,M.Sc (Economics),Master's,Economics,Development Economics & Public Policy,"Humanities, Economics & Social Sciences",2.0,True,CUET-PG / DSE Entrance / ISI MSQE,M.Sc (Economics) in Economics (Development Economics & Public Policy),CUET-PG / DSE Entrance / ISI MSQE,MEDIUM
EDU_0452,M.Sc (Economics),Master's,Economics,"Macroeconomics, Monetary Policy & Banking","Humanities, Economics & Social Sciences",2.0,True,CUET-PG / DSE Entrance / ISI MSQE,"M.Sc (Economics) in Economics (Macroeconomics, Monetary Policy & Banking)",CUET-PG / DSE Entrance / ISI MSQE,MEDIUM
EDU_0453,M.Sc (Economics),Master's,Economics,Behavioral Economics & Experimental Finance,"Humanities, Economics & Social Sciences",2.0,True,CUET-PG / DSE Entrance / ISI MSQE,M.Sc (Economics) in Economics (Behavioral Economics & Experimental Finance),CUET-PG / DSE Entrance / ISI MSQE,MEDIUM
EDU_0454,PhD,Doctorate,Economics,Applied Econometrics & Quantitative Policy,"Humanities, Economics & Social Sciences",4.0,True,CUET-PG / DSE Entrance / ISI MSQE,PhD in Economics (Applied Econometrics & Quantitative Policy),CUET-PG / DSE Entrance / ISI MSQE,MEDIUM
EDU_0455,PhD,Doctorate,Economics,Development Economics & Public Policy,"Humanities, Economics & Social Sciences",4.0,True,CUET-PG / DSE Entrance / ISI MSQE,PhD in Economics (Development Economics & Public Policy),CUET-PG / DSE Entrance / ISI MSQE,MEDIUM
EDU_0456,PhD,Doctorate,Economics,"Macroeconomics, Monetary Policy & Banking","Humanities, Economics & Social Sciences",4.0,True,CUET-PG / DSE Entrance / ISI MSQE,"PhD in Economics (Macroeconomics, Monetary Policy & Banking)",CUET-PG / DSE Entrance / ISI MSQE,MEDIUM
EDU_0457,PhD,Doctorate,Economics,Behavioral Economics & Experimental Finance,"Humanities, Economics & Social Sciences",4.0,True,CUET-PG / DSE Entrance / ISI MSQE,PhD in Economics (Behavioral Economics & Experimental Finance),CUET-PG / DSE Entrance / ISI MSQE,MEDIUM
EDU_0458,BA,Bachelor's,Psychology,Clinical Psychology & Diagnostics,"Humanities, Economics & Social Sciences",3.0,False,CUET-UG / 10+2 Merit,BA in Psychology (Clinical Psychology & Diagnostics),CUET-UG / 10+2 Merit,MEDIUM
EDU_0459,BA,Bachelor's,Psychology,Counseling Psychology & Psychotherapy,"Humanities, Economics & Social Sciences",3.0,False,CUET-UG / 10+2 Merit,BA in Psychology (Counseling Psychology & Psychotherapy),CUET-UG / 10+2 Merit,MEDIUM
EDU_0460,BA,Bachelor's,Psychology,Organizational & Industrial Psychology,"Humanities, Economics & Social Sciences",3.0,False,CUET-UG / 10+2 Merit,BA in Psychology (Organizational & Industrial Psychology),CUET-UG / 10+2 Merit,MEDIUM
EDU_0461,BA,Bachelor's,Psychology,Cognitive & Neuropsychology,"Humanities, Economics & Social Sciences",3.0,False,CUET-UG / 10+2 Merit,BA in Psychology (Cognitive & Neuropsychology),CUET-UG / 10+2 Merit,MEDIUM
EDU_0462,B.Sc,Bachelor's,Psychology,Clinical Psychology & Diagnostics,"Humanities, Economics & Social Sciences",3.0,False,CUET-UG / 10+2 Merit,B.Sc in Psychology (Clinical Psychology & Diagnostics),CUET-UG / 10+2 Merit,MEDIUM
EDU_0463,B.Sc,Bachelor's,Psychology,Counseling Psychology & Psychotherapy,"Humanities, Economics & Social Sciences",3.0,False,CUET-UG / 10+2 Merit,B.Sc in Psychology (Counseling Psychology & Psychotherapy),CUET-UG / 10+2 Merit,MEDIUM
EDU_0464,B.Sc,Bachelor's,Psychology,Organizational & Industrial Psychology,"Humanities, Economics & Social Sciences",3.0,False,CUET-UG / 10+2 Merit,B.Sc in Psychology (Organizational & Industrial Psychology),CUET-UG / 10+2 Merit,MEDIUM
EDU_0465,B.Sc,Bachelor's,Psychology,Cognitive & Neuropsychology,"Humanities, Economics & Social Sciences",3.0,False,CUET-UG / 10+2 Merit,B.Sc in Psychology (Cognitive & Neuropsychology),CUET-UG / 10+2 Merit,MEDIUM
EDU_0466,MA,Master's,Psychology,Clinical Psychology & Diagnostics,"Humanities, Economics & Social Sciences",2.0,True,CUET-PG / RCI M.Phil / UGC NET,MA in Psychology (Clinical Psychology & Diagnostics),CUET-PG / RCI M.Phil / UGC NET,MEDIUM
EDU_0467,MA,Master's,Psychology,Counseling Psychology & Psychotherapy,"Humanities, Economics & Social Sciences",2.0,True,CUET-PG / RCI M.Phil / UGC NET,MA in Psychology (Counseling Psychology & Psychotherapy),CUET-PG / RCI M.Phil / UGC NET,MEDIUM
EDU_0468,MA,Master's,Psychology,Organizational & Industrial Psychology,"Humanities, Economics & Social Sciences",2.0,True,CUET-PG / RCI M.Phil / UGC NET,MA in Psychology (Organizational & Industrial Psychology),CUET-PG / RCI M.Phil / UGC NET,MEDIUM
EDU_0469,MA,Master's,Psychology,Cognitive & Neuropsychology,"Humanities, Economics & Social Sciences",2.0,True,CUET-PG / RCI M.Phil / UGC NET,MA in Psychology (Cognitive & Neuropsychology),CUET-PG / RCI M.Phil / UGC NET,MEDIUM
EDU_0470,M.Sc,Master's,Psychology,Clinical Psychology & Diagnostics,"Humanities, Economics & Social Sciences",2.0,True,CUET-PG / RCI M.Phil / UGC NET,M.Sc in Psychology (Clinical Psychology & Diagnostics),CUET-PG / RCI M.Phil / UGC NET,MEDIUM
EDU_0471,M.Sc,Master's,Psychology,Counseling Psychology & Psychotherapy,"Humanities, Economics & Social Sciences",2.0,True,CUET-PG / RCI M.Phil / UGC NET,M.Sc in Psychology (Counseling Psychology & Psychotherapy),CUET-PG / RCI M.Phil / UGC NET,MEDIUM
EDU_0472,M.Sc,Master's,Psychology,Organizational & Industrial Psychology,"Humanities, Economics & Social Sciences",2.0,True,CUET-PG / RCI M.Phil / UGC NET,M.Sc in Psychology (Organizational & Industrial Psychology),CUET-PG / RCI M.Phil / UGC NET,MEDIUM
EDU_0473,M.Sc,Master's,Psychology,Cognitive & Neuropsychology,"Humanities, Economics & Social Sciences",2.0,True,CUET-PG / RCI M.Phil / UGC NET,M.Sc in Psychology (Cognitive & Neuropsychology),CUET-PG / RCI M.Phil / UGC NET,MEDIUM
EDU_0474,PhD,Doctorate,Psychology,Clinical Psychology & Diagnostics,"Humanities, Economics & Social Sciences",4.0,True,CUET-PG / RCI M.Phil / UGC NET,PhD in Psychology (Clinical Psychology & Diagnostics),CUET-PG / RCI M.Phil / UGC NET,MEDIUM
EDU_0475,PhD,Doctorate,Psychology,Counseling Psychology & Psychotherapy,"Humanities, Economics & Social Sciences",4.0,True,CUET-PG / RCI M.Phil / UGC NET,PhD in Psychology (Counseling Psychology & Psychotherapy),CUET-PG / RCI M.Phil / UGC NET,MEDIUM
EDU_0476,PhD,Doctorate,Psychology,Organizational & Industrial Psychology,"Humanities, Economics & Social Sciences",4.0,True,CUET-PG / RCI M.Phil / UGC NET,PhD in Psychology (Organizational & Industrial Psychology),CUET-PG / RCI M.Phil / UGC NET,MEDIUM
EDU_0477,PhD,Doctorate,Psychology,Cognitive & Neuropsychology,"Humanities, Economics & Social Sciences",4.0,True,CUET-PG / RCI M.Phil / UGC NET,PhD in Psychology (Cognitive & Neuropsychology),CUET-PG / RCI M.Phil / UGC NET,MEDIUM
EDU_0478,BA,Bachelor's,Journalism & Mass Communication,Print & Digital Investigative Journalism,"Humanities, Economics & Social Sciences",3.0,False,CUET-UG / IIMC Entrance,BA in Journalism & Mass Communication (Print & Digital Investigative Journalism),CUET-UG / IIMC Entrance,MEDIUM
EDU_0479,BA,Bachelor's,Journalism & Mass Communication,Broadcast Journalism & News Anchoring,"Humanities, Economics & Social Sciences",3.0,False,CUET-UG / IIMC Entrance,BA in Journalism & Mass Communication (Broadcast Journalism & News Anchoring),CUET-UG / IIMC Entrance,MEDIUM
EDU_0480,BA,Bachelor's,Journalism & Mass Communication,Public Relations & Corporate Communications,"Humanities, Economics & Social Sciences",3.0,False,CUET-UG / IIMC Entrance,BA in Journalism & Mass Communication (Public Relations & Corporate Communications),CUET-UG / IIMC Entrance,MEDIUM
EDU_0481,BA,Bachelor's,Journalism & Mass Communication,Digital Media Strategy & Social Content,"Humanities, Economics & Social Sciences",3.0,False,CUET-UG / IIMC Entrance,BA in Journalism & Mass Communication (Digital Media Strategy & Social Content),CUET-UG / IIMC Entrance,MEDIUM
EDU_0482,BJMC,Bachelor's,Journalism & Mass Communication,Print & Digital Investigative Journalism,"Humanities, Economics & Social Sciences",3.0,False,CUET-UG / IIMC Entrance,BJMC in Journalism & Mass Communication (Print & Digital Investigative Journalism),CUET-UG / IIMC Entrance,MEDIUM
EDU_0483,BJMC,Bachelor's,Journalism & Mass Communication,Broadcast Journalism & News Anchoring,"Humanities, Economics & Social Sciences",3.0,False,CUET-UG / IIMC Entrance,BJMC in Journalism & Mass Communication (Broadcast Journalism & News Anchoring),CUET-UG / IIMC Entrance,MEDIUM
EDU_0484,BJMC,Bachelor's,Journalism & Mass Communication,Public Relations & Corporate Communications,"Humanities, Economics & Social Sciences",3.0,False,CUET-UG / IIMC Entrance,BJMC in Journalism & Mass Communication (Public Relations & Corporate Communications),CUET-UG / IIMC Entrance,MEDIUM
EDU_0485,BJMC,Bachelor's,Journalism & Mass Communication,Digital Media Strategy & Social Content,"Humanities, Economics & Social Sciences",3.0,False,CUET-UG / IIMC Entrance,BJMC in Journalism & Mass Communication (Digital Media Strategy & Social Content),CUET-UG / IIMC Entrance,MEDIUM
EDU_0486,MA,Master's,Journalism & Mass Communication,Print & Digital Investigative Journalism,"Humanities, Economics & Social Sciences",2.0,True,IIMC / CUET-PG,MA in Journalism & Mass Communication (Print & Digital Investigative Journalism),IIMC / CUET-PG,MEDIUM
EDU_0487,MA,Master's,Journalism & Mass Communication,Broadcast Journalism & News Anchoring,"Humanities, Economics & Social Sciences",2.0,True,IIMC / CUET-PG,MA in Journalism & Mass Communication (Broadcast Journalism & News Anchoring),IIMC / CUET-PG,MEDIUM
EDU_0488,MA,Master's,Journalism & Mass Communication,Public Relations & Corporate Communications,"Humanities, Economics & Social Sciences",2.0,True,IIMC / CUET-PG,MA in Journalism & Mass Communication (Public Relations & Corporate Communications),IIMC / CUET-PG,MEDIUM
EDU_0489,MA,Master's,Journalism & Mass Communication,Digital Media Strategy & Social Content,"Humanities, Economics & Social Sciences",2.0,True,IIMC / CUET-PG,MA in Journalism & Mass Communication (Digital Media Strategy & Social Content),IIMC / CUET-PG,MEDIUM
EDU_0490,MJMC,Master's,Journalism & Mass Communication,Print & Digital Investigative Journalism,"Humanities, Economics & Social Sciences",2.0,True,IIMC / CUET-PG,MJMC in Journalism & Mass Communication (Print & Digital Investigative Journalism),IIMC / CUET-PG,MEDIUM
EDU_0491,MJMC,Master's,Journalism & Mass Communication,Broadcast Journalism & News Anchoring,"Humanities, Economics & Social Sciences",2.0,True,IIMC / CUET-PG,MJMC in Journalism & Mass Communication (Broadcast Journalism & News Anchoring),IIMC / CUET-PG,MEDIUM
EDU_0492,MJMC,Master's,Journalism & Mass Communication,Public Relations & Corporate Communications,"Humanities, Economics & Social Sciences",2.0,True,IIMC / CUET-PG,MJMC in Journalism & Mass Communication (Public Relations & Corporate Communications),IIMC / CUET-PG,MEDIUM
EDU_0493,MJMC,Master's,Journalism & Mass Communication,Digital Media Strategy & Social Content,"Humanities, Economics & Social Sciences",2.0,True,IIMC / CUET-PG,MJMC in Journalism & Mass Communication (Digital Media Strategy & Social Content),IIMC / CUET-PG,MEDIUM
EDU_0494,BA,Bachelor's,Political Science & Public Policy,Public Policy Formulation & Analysis,"Humanities, Economics & Social Sciences",3.0,False,CUET-UG,BA in Political Science & Public Policy (Public Policy Formulation & Analysis),CUET-UG,MEDIUM
EDU_0495,BA,Bachelor's,Political Science & Public Policy,International Relations & Strategic Diplomacy,"Humanities, Economics & Social Sciences",3.0,False,CUET-UG,BA in Political Science & Public Policy (International Relations & Strategic Diplomacy),CUET-UG,MEDIUM
EDU_0496,BA,Bachelor's,Political Science & Public Policy,Public Administration & Urban Governance,"Humanities, Economics & Social Sciences",3.0,False,CUET-UG,BA in Political Science & Public Policy (Public Administration & Urban Governance),CUET-UG,MEDIUM
EDU_0497,BA,Bachelor's,Political Science & Public Policy,Political Theory & Electoral Systems,"Humanities, Economics & Social Sciences",3.0,False,CUET-UG,BA in Political Science & Public Policy (Political Theory & Electoral Systems),CUET-UG,MEDIUM
EDU_0498,BA (Hons),Bachelor's,Political Science & Public Policy,Public Policy Formulation & Analysis,"Humanities, Economics & Social Sciences",3.0,False,CUET-UG,BA (Hons) in Political Science & Public Policy (Public Policy Formulation & Analysis),CUET-UG,MEDIUM
EDU_0499,BA (Hons),Bachelor's,Political Science & Public Policy,International Relations & Strategic Diplomacy,"Humanities, Economics & Social Sciences",3.0,False,CUET-UG,BA (Hons) in Political Science & Public Policy (International Relations & Strategic Diplomacy),CUET-UG,MEDIUM
EDU_0500,BA (Hons),Bachelor's,Political Science & Public Policy,Public Administration & Urban Governance,"Humanities, Economics & Social Sciences",3.0,False,CUET-UG,BA (Hons) in Political Science & Public Policy (Public Administration & Urban Governance),CUET-UG,MEDIUM
EDU_0501,BA (Hons),Bachelor's,Political Science & Public Policy,Political Theory & Electoral Systems,"Humanities, Economics & Social Sciences",3.0,False,CUET-UG,BA (Hons) in Political Science & Public Policy (Political Theory & Electoral Systems),CUET-UG,MEDIUM
EDU_0502,MA,Master's,Political Science & Public Policy,Public Policy Formulation & Analysis,"Humanities, Economics & Social Sciences",2.0,True,CUET-PG / NLSIU MPP Entrance,MA in Political Science & Public Policy (Public Policy Formulation & Analysis),CUET-PG / NLSIU MPP Entrance,MEDIUM
EDU_0503,MA,Master's,Political Science & Public Policy,International Relations & Strategic Diplomacy,"Humanities, Economics & Social Sciences",2.0,True,CUET-PG / NLSIU MPP Entrance,MA in Political Science & Public Policy (International Relations & Strategic Diplomacy),CUET-PG / NLSIU MPP Entrance,MEDIUM
EDU_0504,MA,Master's,Political Science & Public Policy,Public Administration & Urban Governance,"Humanities, Economics & Social Sciences",2.0,True,CUET-PG / NLSIU MPP Entrance,MA in Political Science & Public Policy (Public Administration & Urban Governance),CUET-PG / NLSIU MPP Entrance,MEDIUM
EDU_0505,MA,Master's,Political Science & Public Policy,Political Theory & Electoral Systems,"Humanities, Economics & Social Sciences",2.0,True,CUET-PG / NLSIU MPP Entrance,MA in Political Science & Public Policy (Political Theory & Electoral Systems),CUET-PG / NLSIU MPP Entrance,MEDIUM
EDU_0506,Master in Public Policy (MPP),Master's,Political Science & Public Policy,Public Policy Formulation & Analysis,"Humanities, Economics & Social Sciences",2.0,True,CUET-PG / NLSIU MPP Entrance,Master in Public Policy (MPP) in Political Science & Public Policy (Public Policy Formulation & Analysis),CUET-PG / NLSIU MPP Entrance,MEDIUM
EDU_0507,Master in Public Policy (MPP),Master's,Political Science & Public Policy,International Relations & Strategic Diplomacy,"Humanities, Economics & Social Sciences",2.0,True,CUET-PG / NLSIU MPP Entrance,Master in Public Policy (MPP) in Political Science & Public Policy (International Relations & Strategic Diplomacy),CUET-PG / NLSIU MPP Entrance,MEDIUM
EDU_0508,Master in Public Policy (MPP),Master's,Political Science & Public Policy,Public Administration & Urban Governance,"Humanities, Economics & Social Sciences",2.0,True,CUET-PG / NLSIU MPP Entrance,Master in Public Policy (MPP) in Political Science & Public Policy (Public Administration & Urban Governance),CUET-PG / NLSIU MPP Entrance,MEDIUM
EDU_0509,Master in Public Policy (MPP),Master's,Political Science & Public Policy,Political Theory & Electoral Systems,"Humanities, Economics & Social Sciences",2.0,True,CUET-PG / NLSIU MPP Entrance,Master in Public Policy (MPP) in Political Science & Public Policy (Political Theory & Electoral Systems),CUET-PG / NLSIU MPP Entrance,MEDIUM
EDU_0510,BA,Bachelor's,English & Comparative Literature,Literary Analysis & Critical Theory,"Humanities, Economics & Social Sciences",3.0,False,CUET-UG,BA in English & Comparative Literature (Literary Analysis & Critical Theory),CUET-UG,MEDIUM
EDU_0511,BA,Bachelor's,English & Comparative Literature,Professional Content Writing & Editing,"Humanities, Economics & Social Sciences",3.0,False,CUET-UG,BA in English & Comparative Literature (Professional Content Writing & Editing),CUET-UG,MEDIUM
EDU_0512,BA,Bachelor's,English & Comparative Literature,Translation & Cross-Cultural Studies,"Humanities, Economics & Social Sciences",3.0,False,CUET-UG,BA in English & Comparative Literature (Translation & Cross-Cultural Studies),CUET-UG,MEDIUM
EDU_0513,BA (Hons),Bachelor's,English & Comparative Literature,Literary Analysis & Critical Theory,"Humanities, Economics & Social Sciences",3.0,False,CUET-UG,BA (Hons) in English & Comparative Literature (Literary Analysis & Critical Theory),CUET-UG,MEDIUM
EDU_0514,BA (Hons),Bachelor's,English & Comparative Literature,Professional Content Writing & Editing,"Humanities, Economics & Social Sciences",3.0,False,CUET-UG,BA (Hons) in English & Comparative Literature (Professional Content Writing & Editing),CUET-UG,MEDIUM
EDU_0515,BA (Hons),Bachelor's,English & Comparative Literature,Translation & Cross-Cultural Studies,"Humanities, Economics & Social Sciences",3.0,False,CUET-UG,BA (Hons) in English & Comparative Literature (Translation & Cross-Cultural Studies),CUET-UG,MEDIUM
EDU_0516,MA,Master's,English & Comparative Literature,Literary Analysis & Critical Theory,"Humanities, Economics & Social Sciences",2.0,True,CUET-PG / UGC NET,MA in English & Comparative Literature (Literary Analysis & Critical Theory),CUET-PG / UGC NET,MEDIUM
EDU_0517,MA,Master's,English & Comparative Literature,Professional Content Writing & Editing,"Humanities, Economics & Social Sciences",2.0,True,CUET-PG / UGC NET,MA in English & Comparative Literature (Professional Content Writing & Editing),CUET-PG / UGC NET,MEDIUM
EDU_0518,MA,Master's,English & Comparative Literature,Translation & Cross-Cultural Studies,"Humanities, Economics & Social Sciences",2.0,True,CUET-PG / UGC NET,MA in English & Comparative Literature (Translation & Cross-Cultural Studies),CUET-PG / UGC NET,MEDIUM
EDU_0519,PhD,Doctorate,English & Comparative Literature,Literary Analysis & Critical Theory,"Humanities, Economics & Social Sciences",4.0,True,CUET-PG / UGC NET,PhD in English & Comparative Literature (Literary Analysis & Critical Theory),CUET-PG / UGC NET,MEDIUM
EDU_0520,PhD,Doctorate,English & Comparative Literature,Professional Content Writing & Editing,"Humanities, Economics & Social Sciences",4.0,True,CUET-PG / UGC NET,PhD in English & Comparative Literature (Professional Content Writing & Editing),CUET-PG / UGC NET,MEDIUM
EDU_0521,PhD,Doctorate,English & Comparative Literature,Translation & Cross-Cultural Studies,"Humanities, Economics & Social Sciences",4.0,True,CUET-PG / UGC NET,PhD in English & Comparative Literature (Translation & Cross-Cultural Studies),CUET-PG / UGC NET,MEDIUM
EDU_0522,BA,Bachelor's,Sociology & Social Work,Community Development & Rural Livelihoods,"Humanities, Economics & Social Sciences",3.0,False,CUET-UG / TISS BAT,BA in Sociology & Social Work (Community Development & Rural Livelihoods),CUET-UG / TISS BAT,MEDIUM
EDU_0523,BA,Bachelor's,Sociology & Social Work,Medical & Psychiatric Social Work,"Humanities, Economics & Social Sciences",3.0,False,CUET-UG / TISS BAT,BA in Sociology & Social Work (Medical & Psychiatric Social Work),CUET-UG / TISS BAT,MEDIUM
EDU_0524,BA,Bachelor's,Sociology & Social Work,Human Resource Management in Non-Profits,"Humanities, Economics & Social Sciences",3.0,False,CUET-UG / TISS BAT,BA in Sociology & Social Work (Human Resource Management in Non-Profits),CUET-UG / TISS BAT,MEDIUM
EDU_0525,BA,Bachelor's,Sociology & Social Work,Gender Studies & Social Policy,"Humanities, Economics & Social Sciences",3.0,False,CUET-UG / TISS BAT,BA in Sociology & Social Work (Gender Studies & Social Policy),CUET-UG / TISS BAT,MEDIUM
EDU_0526,BSW,Bachelor's,Sociology & Social Work,Community Development & Rural Livelihoods,"Humanities, Economics & Social Sciences",3.0,False,CUET-UG / TISS BAT,BSW in Sociology & Social Work (Community Development & Rural Livelihoods),CUET-UG / TISS BAT,MEDIUM
EDU_0527,BSW,Bachelor's,Sociology & Social Work,Medical & Psychiatric Social Work,"Humanities, Economics & Social Sciences",3.0,False,CUET-UG / TISS BAT,BSW in Sociology & Social Work (Medical & Psychiatric Social Work),CUET-UG / TISS BAT,MEDIUM
EDU_0528,BSW,Bachelor's,Sociology & Social Work,Human Resource Management in Non-Profits,"Humanities, Economics & Social Sciences",3.0,False,CUET-UG / TISS BAT,BSW in Sociology & Social Work (Human Resource Management in Non-Profits),CUET-UG / TISS BAT,MEDIUM
EDU_0529,BSW,Bachelor's,Sociology & Social Work,Gender Studies & Social Policy,"Humanities, Economics & Social Sciences",3.0,False,CUET-UG / TISS BAT,BSW in Sociology & Social Work (Gender Studies & Social Policy),CUET-UG / TISS BAT,MEDIUM
EDU_0530,MA,Master's,Sociology & Social Work,Community Development & Rural Livelihoods,"Humanities, Economics & Social Sciences",2.0,True,TISS NET / CUET-PG,MA in Sociology & Social Work (Community Development & Rural Livelihoods),TISS NET / CUET-PG,MEDIUM
EDU_0531,MA,Master's,Sociology & Social Work,Medical & Psychiatric Social Work,"Humanities, Economics & Social Sciences",2.0,True,TISS NET / CUET-PG,MA in Sociology & Social Work (Medical & Psychiatric Social Work),TISS NET / CUET-PG,MEDIUM
EDU_0532,MA,Master's,Sociology & Social Work,Human Resource Management in Non-Profits,"Humanities, Economics & Social Sciences",2.0,True,TISS NET / CUET-PG,MA in Sociology & Social Work (Human Resource Management in Non-Profits),TISS NET / CUET-PG,MEDIUM
EDU_0533,MA,Master's,Sociology & Social Work,Gender Studies & Social Policy,"Humanities, Economics & Social Sciences",2.0,True,TISS NET / CUET-PG,MA in Sociology & Social Work (Gender Studies & Social Policy),TISS NET / CUET-PG,MEDIUM
EDU_0534,MSW,Master's,Sociology & Social Work,Community Development & Rural Livelihoods,"Humanities, Economics & Social Sciences",2.0,True,TISS NET / CUET-PG,MSW in Sociology & Social Work (Community Development & Rural Livelihoods),TISS NET / CUET-PG,MEDIUM
EDU_0535,MSW,Master's,Sociology & Social Work,Medical & Psychiatric Social Work,"Humanities, Economics & Social Sciences",2.0,True,TISS NET / CUET-PG,MSW in Sociology & Social Work (Medical & Psychiatric Social Work),TISS NET / CUET-PG,MEDIUM
EDU_0536,MSW,Master's,Sociology & Social Work,Human Resource Management in Non-Profits,"Humanities, Economics & Social Sciences",2.0,True,TISS NET / CUET-PG,MSW in Sociology & Social Work (Human Resource Management in Non-Profits),TISS NET / CUET-PG,MEDIUM
EDU_0537,MSW,Master's,Sociology & Social Work,Gender Studies & Social Policy,"Humanities, Economics & Social Sciences",2.0,True,TISS NET / CUET-PG,MSW in Sociology & Social Work (Gender Studies & Social Policy),TISS NET / CUET-PG,MEDIUM
EDU_0538,MBBS,Bachelor's / Professional,Medicine & Surgery,General Internal Medicine,Medical & Allied Health Sciences,5.5,False,NEET-UG,MBBS in Medicine & Surgery (General Internal Medicine),NEET-UG,HIGH
EDU_0539,MBBS,Bachelor's / Professional,Medicine & Surgery,General Surgery & Laparoscopy,Medical & Allied Health Sciences,5.5,False,NEET-UG,MBBS in Medicine & Surgery (General Surgery & Laparoscopy),NEET-UG,HIGH
EDU_0540,MBBS,Bachelor's / Professional,Medicine & Surgery,Pediatrics & Child Health,Medical & Allied Health Sciences,5.5,False,NEET-UG,MBBS in Medicine & Surgery (Pediatrics & Child Health),NEET-UG,HIGH
EDU_0541,MBBS,Bachelor's / Professional,Medicine & Surgery,Obstetrics & Gynecology,Medical & Allied Health Sciences,5.5,False,NEET-UG,MBBS in Medicine & Surgery (Obstetrics & Gynecology),NEET-UG,HIGH
EDU_0542,MBBS,Bachelor's / Professional,Medicine & Surgery,Cardiology & Interventional Care,Medical & Allied Health Sciences,5.5,False,NEET-UG,MBBS in Medicine & Surgery (Cardiology & Interventional Care),NEET-UG,HIGH
EDU_0543,MBBS,Bachelor's / Professional,Medicine & Surgery,Radiology & Diagnostic Imaging,Medical & Allied Health Sciences,5.5,False,NEET-UG,MBBS in Medicine & Surgery (Radiology & Diagnostic Imaging),NEET-UG,HIGH
EDU_0544,MD,Master's / Medical Specialist,Medicine & Surgery,General Internal Medicine,Medical & Allied Health Sciences,3.0,True,NEET-UG,MD in Medicine & Surgery (General Internal Medicine),NEET-UG,HIGH
EDU_0545,MD,Master's / Medical Specialist,Medicine & Surgery,General Surgery & Laparoscopy,Medical & Allied Health Sciences,3.0,True,NEET-UG,MD in Medicine & Surgery (General Surgery & Laparoscopy),NEET-UG,HIGH
EDU_0546,MD,Master's / Medical Specialist,Medicine & Surgery,Pediatrics & Child Health,Medical & Allied Health Sciences,3.0,True,NEET-UG,MD in Medicine & Surgery (Pediatrics & Child Health),NEET-UG,HIGH
EDU_0547,MD,Master's / Medical Specialist,Medicine & Surgery,Obstetrics & Gynecology,Medical & Allied Health Sciences,3.0,True,NEET-UG,MD in Medicine & Surgery (Obstetrics & Gynecology),NEET-UG,HIGH
EDU_0548,MD,Master's / Medical Specialist,Medicine & Surgery,Cardiology & Interventional Care,Medical & Allied Health Sciences,3.0,True,NEET-UG,MD in Medicine & Surgery (Cardiology & Interventional Care),NEET-UG,HIGH
EDU_0549,MD,Master's / Medical Specialist,Medicine & Surgery,Radiology & Diagnostic Imaging,Medical & Allied Health Sciences,3.0,True,NEET-UG,MD in Medicine & Surgery (Radiology & Diagnostic Imaging),NEET-UG,HIGH
EDU_0550,MS,Master's,Medicine & Surgery,General Internal Medicine,Medical & Allied Health Sciences,3.0,True,NEET-PG / INI-CET,MS in Medicine & Surgery (General Internal Medicine),NEET-PG / INI-CET,HIGH
EDU_0551,MS,Master's,Medicine & Surgery,General Surgery & Laparoscopy,Medical & Allied Health Sciences,3.0,True,NEET-PG / INI-CET,MS in Medicine & Surgery (General Surgery & Laparoscopy),NEET-PG / INI-CET,HIGH
EDU_0552,MS,Master's,Medicine & Surgery,Pediatrics & Child Health,Medical & Allied Health Sciences,3.0,True,NEET-PG / INI-CET,MS in Medicine & Surgery (Pediatrics & Child Health),NEET-PG / INI-CET,HIGH
EDU_0553,MS,Master's,Medicine & Surgery,Obstetrics & Gynecology,Medical & Allied Health Sciences,3.0,True,NEET-PG / INI-CET,MS in Medicine & Surgery (Obstetrics & Gynecology),NEET-PG / INI-CET,HIGH
EDU_0554,MS,Master's,Medicine & Surgery,Cardiology & Interventional Care,Medical & Allied Health Sciences,3.0,True,NEET-PG / INI-CET,MS in Medicine & Surgery (Cardiology & Interventional Care),NEET-PG / INI-CET,HIGH
EDU_0555,MS,Master's,Medicine & Surgery,Radiology & Diagnostic Imaging,Medical & Allied Health Sciences,3.0,True,NEET-PG / INI-CET,MS in Medicine & Surgery (Radiology & Diagnostic Imaging),NEET-PG / INI-CET,HIGH
EDU_0556,BDS,Bachelor's / Professional,Dental Surgery,Orthodontics & Dentofacial Orthopedics,Medical & Allied Health Sciences,5.0,False,NEET-UG,BDS in Dental Surgery (Orthodontics & Dentofacial Orthopedics),NEET-UG,HIGH
EDU_0557,BDS,Bachelor's / Professional,Dental Surgery,Oral & Maxillofacial Surgery,Medical & Allied Health Sciences,5.0,False,NEET-UG,BDS in Dental Surgery (Oral & Maxillofacial Surgery),NEET-UG,HIGH
EDU_0558,BDS,Bachelor's / Professional,Dental Surgery,Conservative Dentistry & Endodontics,Medical & Allied Health Sciences,5.0,False,NEET-UG,BDS in Dental Surgery (Conservative Dentistry & Endodontics),NEET-UG,HIGH
EDU_0559,MDS,Master's / Dental Specialist,Dental Surgery,Orthodontics & Dentofacial Orthopedics,Medical & Allied Health Sciences,3.0,True,NEET-UG,MDS in Dental Surgery (Orthodontics & Dentofacial Orthopedics),NEET-UG,HIGH
EDU_0560,MDS,Master's / Dental Specialist,Dental Surgery,Oral & Maxillofacial Surgery,Medical & Allied Health Sciences,3.0,True,NEET-UG,MDS in Dental Surgery (Oral & Maxillofacial Surgery),NEET-UG,HIGH
EDU_0561,MDS,Master's / Dental Specialist,Dental Surgery,Conservative Dentistry & Endodontics,Medical & Allied Health Sciences,3.0,True,NEET-UG,MDS in Dental Surgery (Conservative Dentistry & Endodontics),NEET-UG,HIGH
EDU_0562,B.Pharm,Bachelor's,Pharmacy,Pharmaceutics & Formulation Science,Medical & Allied Health Sciences,4.0,False,NEET-UG / State CET,B.Pharm in Pharmacy (Pharmaceutics & Formulation Science),NEET-UG / State CET,HIGH
EDU_0563,B.Pharm,Bachelor's,Pharmacy,Pharmacology & Toxicological Screening,Medical & Allied Health Sciences,4.0,False,NEET-UG / State CET,B.Pharm in Pharmacy (Pharmacology & Toxicological Screening),NEET-UG / State CET,HIGH
EDU_0564,B.Pharm,Bachelor's,Pharmacy,Pharmaceutical Chemistry & Quality Assurance,Medical & Allied Health Sciences,4.0,False,NEET-UG / State CET,B.Pharm in Pharmacy (Pharmaceutical Chemistry & Quality Assurance),NEET-UG / State CET,HIGH
EDU_0565,B.Pharm,Bachelor's,Pharmacy,Clinical Pharmacy & Pharmacovigilance,Medical & Allied Health Sciences,4.0,False,NEET-UG / State CET,B.Pharm in Pharmacy (Clinical Pharmacy & Pharmacovigilance),NEET-UG / State CET,HIGH
EDU_0566,M.Pharm,Master's,Pharmacy,Pharmaceutics & Formulation Science,Medical & Allied Health Sciences,2.0,True,GPAT,M.Pharm in Pharmacy (Pharmaceutics & Formulation Science),GPAT,HIGH
EDU_0567,M.Pharm,Master's,Pharmacy,Pharmacology & Toxicological Screening,Medical & Allied Health Sciences,2.0,True,GPAT,M.Pharm in Pharmacy (Pharmacology & Toxicological Screening),GPAT,HIGH
EDU_0568,M.Pharm,Master's,Pharmacy,Pharmaceutical Chemistry & Quality Assurance,Medical & Allied Health Sciences,2.0,True,GPAT,M.Pharm in Pharmacy (Pharmaceutical Chemistry & Quality Assurance),GPAT,HIGH
EDU_0569,M.Pharm,Master's,Pharmacy,Clinical Pharmacy & Pharmacovigilance,Medical & Allied Health Sciences,2.0,True,GPAT,M.Pharm in Pharmacy (Clinical Pharmacy & Pharmacovigilance),GPAT,HIGH
EDU_0570,Pharm.D,Doctoral / Professional,Pharmacy,Pharmaceutics & Formulation Science,Medical & Allied Health Sciences,6.0,True,NEET-UG / State CET,Pharm.D in Pharmacy (Pharmaceutics & Formulation Science),NEET-UG / State CET,HIGH
EDU_0571,Pharm.D,Doctoral / Professional,Pharmacy,Pharmacology & Toxicological Screening,Medical & Allied Health Sciences,6.0,True,NEET-UG / State CET,Pharm.D in Pharmacy (Pharmacology & Toxicological Screening),NEET-UG / State CET,HIGH
EDU_0572,Pharm.D,Doctoral / Professional,Pharmacy,Pharmaceutical Chemistry & Quality Assurance,Medical & Allied Health Sciences,6.0,True,NEET-UG / State CET,Pharm.D in Pharmacy (Pharmaceutical Chemistry & Quality Assurance),NEET-UG / State CET,HIGH
EDU_0573,Pharm.D,Doctoral / Professional,Pharmacy,Clinical Pharmacy & Pharmacovigilance,Medical & Allied Health Sciences,6.0,True,NEET-UG / State CET,Pharm.D in Pharmacy (Clinical Pharmacy & Pharmacovigilance),NEET-UG / State CET,HIGH
EDU_0574,B.Sc Nursing,Bachelor's,Nursing,Critical Care & Emergency Nursing,Medical & Allied Health Sciences,4.0,False,NEET-UG / State Nursing CET,B.Sc Nursing in Nursing (Critical Care & Emergency Nursing),NEET-UG / State Nursing CET,HIGH
EDU_0575,B.Sc Nursing,Bachelor's,Nursing,Community Health Nursing,Medical & Allied Health Sciences,4.0,False,NEET-UG / State Nursing CET,B.Sc Nursing in Nursing (Community Health Nursing),NEET-UG / State Nursing CET,HIGH
EDU_0576,B.Sc Nursing,Bachelor's,Nursing,Obstetric & Gynecological Nursing,Medical & Allied Health Sciences,4.0,False,NEET-UG / State Nursing CET,B.Sc Nursing in Nursing (Obstetric & Gynecological Nursing),NEET-UG / State Nursing CET,HIGH
EDU_0577,B.Sc Nursing,Bachelor's,Nursing,Pediatric Nursing,Medical & Allied Health Sciences,4.0,False,NEET-UG / State Nursing CET,B.Sc Nursing in Nursing (Pediatric Nursing),NEET-UG / State Nursing CET,HIGH
EDU_0578,M.Sc Nursing,Master's,Nursing,Critical Care & Emergency Nursing,Medical & Allied Health Sciences,2.0,True,AIIMS / State M.Sc Nursing Entrance,M.Sc Nursing in Nursing (Critical Care & Emergency Nursing),AIIMS / State M.Sc Nursing Entrance,HIGH
EDU_0579,M.Sc Nursing,Master's,Nursing,Community Health Nursing,Medical & Allied Health Sciences,2.0,True,AIIMS / State M.Sc Nursing Entrance,M.Sc Nursing in Nursing (Community Health Nursing),AIIMS / State M.Sc Nursing Entrance,HIGH
EDU_0580,M.Sc Nursing,Master's,Nursing,Obstetric & Gynecological Nursing,Medical & Allied Health Sciences,2.0,True,AIIMS / State M.Sc Nursing Entrance,M.Sc Nursing in Nursing (Obstetric & Gynecological Nursing),AIIMS / State M.Sc Nursing Entrance,HIGH
EDU_0581,M.Sc Nursing,Master's,Nursing,Pediatric Nursing,Medical & Allied Health Sciences,2.0,True,AIIMS / State M.Sc Nursing Entrance,M.Sc Nursing in Nursing (Pediatric Nursing),AIIMS / State M.Sc Nursing Entrance,HIGH
EDU_0582,BPT,Bachelor's,Physiotherapy,Musculoskeletal & Orthopedic Physiotherapy,Medical & Allied Health Sciences,4.5,False,NEET-UG / State CET,BPT in Physiotherapy (Musculoskeletal & Orthopedic Physiotherapy),NEET-UG / State CET,HIGH
EDU_0583,BPT,Bachelor's,Physiotherapy,Neurological Rehabilitation,Medical & Allied Health Sciences,4.5,False,NEET-UG / State CET,BPT in Physiotherapy (Neurological Rehabilitation),NEET-UG / State CET,HIGH
EDU_0584,BPT,Bachelor's,Physiotherapy,Sports Physiotherapy & Athletic Conditioning,Medical & Allied Health Sciences,4.5,False,NEET-UG / State CET,BPT in Physiotherapy (Sports Physiotherapy & Athletic Conditioning),NEET-UG / State CET,HIGH
EDU_0585,BPT,Bachelor's,Physiotherapy,Cardiopulmonary Physiotherapy,Medical & Allied Health Sciences,4.5,False,NEET-UG / State CET,BPT in Physiotherapy (Cardiopulmonary Physiotherapy),NEET-UG / State CET,HIGH
EDU_0586,MPT,Master's,Physiotherapy,Musculoskeletal & Orthopedic Physiotherapy,Medical & Allied Health Sciences,2.0,True,MPT Entrance,MPT in Physiotherapy (Musculoskeletal & Orthopedic Physiotherapy),MPT Entrance,HIGH
EDU_0587,MPT,Master's,Physiotherapy,Neurological Rehabilitation,Medical & Allied Health Sciences,2.0,True,MPT Entrance,MPT in Physiotherapy (Neurological Rehabilitation),MPT Entrance,HIGH
EDU_0588,MPT,Master's,Physiotherapy,Sports Physiotherapy & Athletic Conditioning,Medical & Allied Health Sciences,2.0,True,MPT Entrance,MPT in Physiotherapy (Sports Physiotherapy & Athletic Conditioning),MPT Entrance,HIGH
EDU_0589,MPT,Master's,Physiotherapy,Cardiopulmonary Physiotherapy,Medical & Allied Health Sciences,2.0,True,MPT Entrance,MPT in Physiotherapy (Cardiopulmonary Physiotherapy),MPT Entrance,HIGH
EDU_0590,B.Sc Medical Lab Technology (BMLT),Bachelor's,Allied Health & Medical Technology,Hematology & Clinical Pathology Diagnostics,Medical & Allied Health Sciences,3.0,False,State Allied Health CET / 10+2 Merit,B.Sc Medical Lab Technology (BMLT) in Allied Health & Medical Technology (Hematology & Clinical Pathology Diagnostics),State Allied Health CET / 10+2 Merit,HIGH
EDU_0591,B.Sc Medical Lab Technology (BMLT),Bachelor's,Allied Health & Medical Technology,Radiographic Imaging & CT/MRI Operations,Medical & Allied Health Sciences,3.0,False,State Allied Health CET / 10+2 Merit,B.Sc Medical Lab Technology (BMLT) in Allied Health & Medical Technology (Radiographic Imaging & CT/MRI Operations),State Allied Health CET / 10+2 Merit,HIGH
EDU_0592,B.Sc Medical Lab Technology (BMLT),Bachelor's,Allied Health & Medical Technology,Ophthalmic Examination & Vision Correction,Medical & Allied Health Sciences,3.0,False,State Allied Health CET / 10+2 Merit,B.Sc Medical Lab Technology (BMLT) in Allied Health & Medical Technology (Ophthalmic Examination & Vision Correction),State Allied Health CET / 10+2 Merit,HIGH
EDU_0593,B.Sc Medical Imaging,Bachelor's,Allied Health & Medical Technology,Hematology & Clinical Pathology Diagnostics,Medical & Allied Health Sciences,3.0,False,State Allied Health CET / 10+2 Merit,B.Sc Medical Imaging in Allied Health & Medical Technology (Hematology & Clinical Pathology Diagnostics),State Allied Health CET / 10+2 Merit,HIGH
EDU_0594,B.Sc Medical Imaging,Bachelor's,Allied Health & Medical Technology,Radiographic Imaging & CT/MRI Operations,Medical & Allied Health Sciences,3.0,False,State Allied Health CET / 10+2 Merit,B.Sc Medical Imaging in Allied Health & Medical Technology (Radiographic Imaging & CT/MRI Operations),State Allied Health CET / 10+2 Merit,HIGH
EDU_0595,B.Sc Medical Imaging,Bachelor's,Allied Health & Medical Technology,Ophthalmic Examination & Vision Correction,Medical & Allied Health Sciences,3.0,False,State Allied Health CET / 10+2 Merit,B.Sc Medical Imaging in Allied Health & Medical Technology (Ophthalmic Examination & Vision Correction),State Allied Health CET / 10+2 Merit,HIGH
EDU_0596,B.Sc Optometry,Bachelor's,Allied Health & Medical Technology,Hematology & Clinical Pathology Diagnostics,Medical & Allied Health Sciences,4.0,False,State Allied Health CET / 10+2 Merit,B.Sc Optometry in Allied Health & Medical Technology (Hematology & Clinical Pathology Diagnostics),State Allied Health CET / 10+2 Merit,HIGH
EDU_0597,B.Sc Optometry,Bachelor's,Allied Health & Medical Technology,Radiographic Imaging & CT/MRI Operations,Medical & Allied Health Sciences,4.0,False,State Allied Health CET / 10+2 Merit,B.Sc Optometry in Allied Health & Medical Technology (Radiographic Imaging & CT/MRI Operations),State Allied Health CET / 10+2 Merit,HIGH
EDU_0598,B.Sc Optometry,Bachelor's,Allied Health & Medical Technology,Ophthalmic Examination & Vision Correction,Medical & Allied Health Sciences,4.0,False,State Allied Health CET / 10+2 Merit,B.Sc Optometry in Allied Health & Medical Technology (Ophthalmic Examination & Vision Correction),State Allied Health CET / 10+2 Merit,HIGH
EDU_0599,BA LLB (Hons),Integrated Bachelor's / Law,Law,Corporate Law & Mergers & Acquisitions,Law & Legal Studies,5.0,False,CLAT / AILET / LSAT India / MHCET Law,BA LLB (Hons) in Law (Corporate Law & Mergers & Acquisitions),CLAT / AILET / LSAT India / MHCET Law,MEDIUM
EDU_0600,BA LLB (Hons),Integrated Bachelor's / Law,Law,Intellectual Property Rights & Patent Law,Law & Legal Studies,5.0,False,CLAT / AILET / LSAT India / MHCET Law,BA LLB (Hons) in Law (Intellectual Property Rights & Patent Law),CLAT / AILET / LSAT India / MHCET Law,MEDIUM
EDU_0601,BA LLB (Hons),Integrated Bachelor's / Law,Law,Cyber Law & Digital Data Privacy,Law & Legal Studies,5.0,False,CLAT / AILET / LSAT India / MHCET Law,BA LLB (Hons) in Law (Cyber Law & Digital Data Privacy),CLAT / AILET / LSAT India / MHCET Law,MEDIUM
EDU_0602,BA LLB (Hons),Integrated Bachelor's / Law,Law,Criminal Law & Trial Advocacy,Law & Legal Studies,5.0,False,CLAT / AILET / LSAT India / MHCET Law,BA LLB (Hons) in Law (Criminal Law & Trial Advocacy),CLAT / AILET / LSAT India / MHCET Law,MEDIUM
EDU_0603,BA LLB (Hons),Integrated Bachelor's / Law,Law,Constitutional Law & Human Rights,Law & Legal Studies,5.0,False,CLAT / AILET / LSAT India / MHCET Law,BA LLB (Hons) in Law (Constitutional Law & Human Rights),CLAT / AILET / LSAT India / MHCET Law,MEDIUM
EDU_0604,BA LLB (Hons),Integrated Bachelor's / Law,Law,"Arbitration, Mediation & Alternative Dispute Resolution",Law & Legal Studies,5.0,False,CLAT / AILET / LSAT India / MHCET Law,"BA LLB (Hons) in Law (Arbitration, Mediation & Alternative Dispute Resolution)",CLAT / AILET / LSAT India / MHCET Law,MEDIUM
EDU_0605,BA LLB (Hons),Integrated Bachelor's / Law,Law,Taxation Law & International Commercial Trade,Law & Legal Studies,5.0,False,CLAT / AILET / LSAT India / MHCET Law,BA LLB (Hons) in Law (Taxation Law & International Commercial Trade),CLAT / AILET / LSAT India / MHCET Law,MEDIUM
EDU_0606,BBA LLB (Hons),Integrated Bachelor's / Law,Law,Corporate Law & Mergers & Acquisitions,Law & Legal Studies,5.0,False,CLAT / AILET / LSAT India / MHCET Law,BBA LLB (Hons) in Law (Corporate Law & Mergers & Acquisitions),CLAT / AILET / LSAT India / MHCET Law,MEDIUM
EDU_0607,BBA LLB (Hons),Integrated Bachelor's / Law,Law,Intellectual Property Rights & Patent Law,Law & Legal Studies,5.0,False,CLAT / AILET / LSAT India / MHCET Law,BBA LLB (Hons) in Law (Intellectual Property Rights & Patent Law),CLAT / AILET / LSAT India / MHCET Law,MEDIUM
EDU_0608,BBA LLB (Hons),Integrated Bachelor's / Law,Law,Cyber Law & Digital Data Privacy,Law & Legal Studies,5.0,False,CLAT / AILET / LSAT India / MHCET Law,BBA LLB (Hons) in Law (Cyber Law & Digital Data Privacy),CLAT / AILET / LSAT India / MHCET Law,MEDIUM
EDU_0609,BBA LLB (Hons),Integrated Bachelor's / Law,Law,Criminal Law & Trial Advocacy,Law & Legal Studies,5.0,False,CLAT / AILET / LSAT India / MHCET Law,BBA LLB (Hons) in Law (Criminal Law & Trial Advocacy),CLAT / AILET / LSAT India / MHCET Law,MEDIUM
EDU_0610,BBA LLB (Hons),Integrated Bachelor's / Law,Law,Constitutional Law & Human Rights,Law & Legal Studies,5.0,False,CLAT / AILET / LSAT India / MHCET Law,BBA LLB (Hons) in Law (Constitutional Law & Human Rights),CLAT / AILET / LSAT India / MHCET Law,MEDIUM
EDU_0611,BBA LLB (Hons),Integrated Bachelor's / Law,Law,"Arbitration, Mediation & Alternative Dispute Resolution",Law & Legal Studies,5.0,False,CLAT / AILET / LSAT India / MHCET Law,"BBA LLB (Hons) in Law (Arbitration, Mediation & Alternative Dispute Resolution)",CLAT / AILET / LSAT India / MHCET Law,MEDIUM
EDU_0612,BBA LLB (Hons),Integrated Bachelor's / Law,Law,Taxation Law & International Commercial Trade,Law & Legal Studies,5.0,False,CLAT / AILET / LSAT India / MHCET Law,BBA LLB (Hons) in Law (Taxation Law & International Commercial Trade),CLAT / AILET / LSAT India / MHCET Law,MEDIUM
EDU_0613,B.Com LLB (Hons),Integrated Bachelor's / Law,Law,Corporate Law & Mergers & Acquisitions,Law & Legal Studies,5.0,False,CLAT / AILET / LSAT India / MHCET Law,B.Com LLB (Hons) in Law (Corporate Law & Mergers & Acquisitions),CLAT / AILET / LSAT India / MHCET Law,MEDIUM
EDU_0614,B.Com LLB (Hons),Integrated Bachelor's / Law,Law,Intellectual Property Rights & Patent Law,Law & Legal Studies,5.0,False,CLAT / AILET / LSAT India / MHCET Law,B.Com LLB (Hons) in Law (Intellectual Property Rights & Patent Law),CLAT / AILET / LSAT India / MHCET Law,MEDIUM
EDU_0615,B.Com LLB (Hons),Integrated Bachelor's / Law,Law,Cyber Law & Digital Data Privacy,Law & Legal Studies,5.0,False,CLAT / AILET / LSAT India / MHCET Law,B.Com LLB (Hons) in Law (Cyber Law & Digital Data Privacy),CLAT / AILET / LSAT India / MHCET Law,MEDIUM
EDU_0616,B.Com LLB (Hons),Integrated Bachelor's / Law,Law,Criminal Law & Trial Advocacy,Law & Legal Studies,5.0,False,CLAT / AILET / LSAT India / MHCET Law,B.Com LLB (Hons) in Law (Criminal Law & Trial Advocacy),CLAT / AILET / LSAT India / MHCET Law,MEDIUM
EDU_0617,B.Com LLB (Hons),Integrated Bachelor's / Law,Law,Constitutional Law & Human Rights,Law & Legal Studies,5.0,False,CLAT / AILET / LSAT India / MHCET Law,B.Com LLB (Hons) in Law (Constitutional Law & Human Rights),CLAT / AILET / LSAT India / MHCET Law,MEDIUM
EDU_0618,B.Com LLB (Hons),Integrated Bachelor's / Law,Law,"Arbitration, Mediation & Alternative Dispute Resolution",Law & Legal Studies,5.0,False,CLAT / AILET / LSAT India / MHCET Law,"B.Com LLB (Hons) in Law (Arbitration, Mediation & Alternative Dispute Resolution)",CLAT / AILET / LSAT India / MHCET Law,MEDIUM
EDU_0619,B.Com LLB (Hons),Integrated Bachelor's / Law,Law,Taxation Law & International Commercial Trade,Law & Legal Studies,5.0,False,CLAT / AILET / LSAT India / MHCET Law,B.Com LLB (Hons) in Law (Taxation Law & International Commercial Trade),CLAT / AILET / LSAT India / MHCET Law,MEDIUM
EDU_0620,LLB,Bachelor's / Law (Post-Grad Entry),Law,Corporate Law & Mergers & Acquisitions,Law & Legal Studies,3.0,False,CLAT / AILET / LSAT India / MHCET Law,LLB in Law (Corporate Law & Mergers & Acquisitions),CLAT / AILET / LSAT India / MHCET Law,MEDIUM
EDU_0621,LLB,Bachelor's / Law (Post-Grad Entry),Law,Intellectual Property Rights & Patent Law,Law & Legal Studies,3.0,False,CLAT / AILET / LSAT India / MHCET Law,LLB in Law (Intellectual Property Rights & Patent Law),CLAT / AILET / LSAT India / MHCET Law,MEDIUM
EDU_0622,LLB,Bachelor's / Law (Post-Grad Entry),Law,Cyber Law & Digital Data Privacy,Law & Legal Studies,3.0,False,CLAT / AILET / LSAT India / MHCET Law,LLB in Law (Cyber Law & Digital Data Privacy),CLAT / AILET / LSAT India / MHCET Law,MEDIUM
EDU_0623,LLB,Bachelor's / Law (Post-Grad Entry),Law,Criminal Law & Trial Advocacy,Law & Legal Studies,3.0,False,CLAT / AILET / LSAT India / MHCET Law,LLB in Law (Criminal Law & Trial Advocacy),CLAT / AILET / LSAT India / MHCET Law,MEDIUM
EDU_0624,LLB,Bachelor's / Law (Post-Grad Entry),Law,Constitutional Law & Human Rights,Law & Legal Studies,3.0,False,CLAT / AILET / LSAT India / MHCET Law,LLB in Law (Constitutional Law & Human Rights),CLAT / AILET / LSAT India / MHCET Law,MEDIUM
EDU_0625,LLB,Bachelor's / Law (Post-Grad Entry),Law,"Arbitration, Mediation & Alternative Dispute Resolution",Law & Legal Studies,3.0,False,CLAT / AILET / LSAT India / MHCET Law,"LLB in Law (Arbitration, Mediation & Alternative Dispute Resolution)",CLAT / AILET / LSAT India / MHCET Law,MEDIUM
EDU_0626,LLB,Bachelor's / Law (Post-Grad Entry),Law,Taxation Law & International Commercial Trade,Law & Legal Studies,3.0,False,CLAT / AILET / LSAT India / MHCET Law,LLB in Law (Taxation Law & International Commercial Trade),CLAT / AILET / LSAT India / MHCET Law,MEDIUM
EDU_0627,LLM,Master's,Law,Corporate Law & Mergers & Acquisitions,Law & Legal Studies,1.0,True,CLAT-PG / AILET-PG,LLM in Law (Corporate Law & Mergers & Acquisitions),CLAT-PG / AILET-PG,MEDIUM
EDU_0628,LLM,Master's,Law,Intellectual Property Rights & Patent Law,Law & Legal Studies,1.0,True,CLAT-PG / AILET-PG,LLM in Law (Intellectual Property Rights & Patent Law),CLAT-PG / AILET-PG,MEDIUM
EDU_0629,LLM,Master's,Law,Cyber Law & Digital Data Privacy,Law & Legal Studies,1.0,True,CLAT-PG / AILET-PG,LLM in Law (Cyber Law & Digital Data Privacy),CLAT-PG / AILET-PG,MEDIUM
EDU_0630,LLM,Master's,Law,Criminal Law & Trial Advocacy,Law & Legal Studies,1.0,True,CLAT-PG / AILET-PG,LLM in Law (Criminal Law & Trial Advocacy),CLAT-PG / AILET-PG,MEDIUM
EDU_0631,LLM,Master's,Law,Constitutional Law & Human Rights,Law & Legal Studies,1.0,True,CLAT-PG / AILET-PG,LLM in Law (Constitutional Law & Human Rights),CLAT-PG / AILET-PG,MEDIUM
EDU_0632,LLM,Master's,Law,"Arbitration, Mediation & Alternative Dispute Resolution",Law & Legal Studies,1.0,True,CLAT-PG / AILET-PG,"LLM in Law (Arbitration, Mediation & Alternative Dispute Resolution)",CLAT-PG / AILET-PG,MEDIUM
EDU_0633,LLM,Master's,Law,Taxation Law & International Commercial Trade,Law & Legal Studies,1.0,True,CLAT-PG / AILET-PG,LLM in Law (Taxation Law & International Commercial Trade),CLAT-PG / AILET-PG,MEDIUM
EDU_0634,PhD,Doctorate,Law,Corporate Law & Mergers & Acquisitions,Law & Legal Studies,3.0,True,CLAT-PG / AILET-PG,PhD in Law (Corporate Law & Mergers & Acquisitions),CLAT-PG / AILET-PG,MEDIUM
EDU_0635,PhD,Doctorate,Law,Intellectual Property Rights & Patent Law,Law & Legal Studies,3.0,True,CLAT-PG / AILET-PG,PhD in Law (Intellectual Property Rights & Patent Law),CLAT-PG / AILET-PG,MEDIUM
EDU_0636,PhD,Doctorate,Law,Cyber Law & Digital Data Privacy,Law & Legal Studies,3.0,True,CLAT-PG / AILET-PG,PhD in Law (Cyber Law & Digital Data Privacy),CLAT-PG / AILET-PG,MEDIUM
EDU_0637,PhD,Doctorate,Law,Criminal Law & Trial Advocacy,Law & Legal Studies,3.0,True,CLAT-PG / AILET-PG,PhD in Law (Criminal Law & Trial Advocacy),CLAT-PG / AILET-PG,MEDIUM
EDU_0638,PhD,Doctorate,Law,Constitutional Law & Human Rights,Law & Legal Studies,3.0,True,CLAT-PG / AILET-PG,PhD in Law (Constitutional Law & Human Rights),CLAT-PG / AILET-PG,MEDIUM
EDU_0639,PhD,Doctorate,Law,"Arbitration, Mediation & Alternative Dispute Resolution",Law & Legal Studies,3.0,True,CLAT-PG / AILET-PG,"PhD in Law (Arbitration, Mediation & Alternative Dispute Resolution)",CLAT-PG / AILET-PG,MEDIUM
EDU_0640,PhD,Doctorate,Law,Taxation Law & International Commercial Trade,Law & Legal Studies,3.0,True,CLAT-PG / AILET-PG,PhD in Law (Taxation Law & International Commercial Trade),CLAT-PG / AILET-PG,MEDIUM
EDU_0641,B.Arch,Bachelor's,Architecture & Planning,Sustainable Architectural Design & Green Buildings,"Design, Architecture & Creative Arts",5.0,False,NATA / JEE Main Paper 2,B.Arch in Architecture & Planning (Sustainable Architectural Design & Green Buildings),NATA / JEE Main Paper 2,MEDIUM
EDU_0642,B.Arch,Bachelor's,Architecture & Planning,Urban Planning & Smart City Infrastructure,"Design, Architecture & Creative Arts",5.0,False,NATA / JEE Main Paper 2,B.Arch in Architecture & Planning (Urban Planning & Smart City Infrastructure),NATA / JEE Main Paper 2,MEDIUM
EDU_0643,B.Arch,Bachelor's,Architecture & Planning,Landscape Architecture & Ecological Design,"Design, Architecture & Creative Arts",5.0,False,NATA / JEE Main Paper 2,B.Arch in Architecture & Planning (Landscape Architecture & Ecological Design),NATA / JEE Main Paper 2,MEDIUM
EDU_0644,B.Arch,Bachelor's,Architecture & Planning,Heritage Conservation & Historic Restoration,"Design, Architecture & Creative Arts",5.0,False,NATA / JEE Main Paper 2,B.Arch in Architecture & Planning (Heritage Conservation & Historic Restoration),NATA / JEE Main Paper 2,MEDIUM
EDU_0645,M.Arch,Master's,Architecture & Planning,Sustainable Architectural Design & Green Buildings,"Design, Architecture & Creative Arts",2.0,True,GATE (Architecture),M.Arch in Architecture & Planning (Sustainable Architectural Design & Green Buildings),GATE (Architecture),MEDIUM
EDU_0646,M.Arch,Master's,Architecture & Planning,Urban Planning & Smart City Infrastructure,"Design, Architecture & Creative Arts",2.0,True,GATE (Architecture),M.Arch in Architecture & Planning (Urban Planning & Smart City Infrastructure),GATE (Architecture),MEDIUM
EDU_0647,M.Arch,Master's,Architecture & Planning,Landscape Architecture & Ecological Design,"Design, Architecture & Creative Arts",2.0,True,GATE (Architecture),M.Arch in Architecture & Planning (Landscape Architecture & Ecological Design),GATE (Architecture),MEDIUM
EDU_0648,M.Arch,Master's,Architecture & Planning,Heritage Conservation & Historic Restoration,"Design, Architecture & Creative Arts",2.0,True,GATE (Architecture),M.Arch in Architecture & Planning (Heritage Conservation & Historic Restoration),GATE (Architecture),MEDIUM
EDU_0649,B.Plan,Bachelor's,Architecture & Planning,Sustainable Architectural Design & Green Buildings,"Design, Architecture & Creative Arts",4.0,False,NATA / JEE Main Paper 2,B.Plan in Architecture & Planning (Sustainable Architectural Design & Green Buildings),NATA / JEE Main Paper 2,MEDIUM
EDU_0650,B.Plan,Bachelor's,Architecture & Planning,Urban Planning & Smart City Infrastructure,"Design, Architecture & Creative Arts",4.0,False,NATA / JEE Main Paper 2,B.Plan in Architecture & Planning (Urban Planning & Smart City Infrastructure),NATA / JEE Main Paper 2,MEDIUM
EDU_0651,B.Plan,Bachelor's,Architecture & Planning,Landscape Architecture & Ecological Design,"Design, Architecture & Creative Arts",4.0,False,NATA / JEE Main Paper 2,B.Plan in Architecture & Planning (Landscape Architecture & Ecological Design),NATA / JEE Main Paper 2,MEDIUM
EDU_0652,B.Plan,Bachelor's,Architecture & Planning,Heritage Conservation & Historic Restoration,"Design, Architecture & Creative Arts",4.0,False,NATA / JEE Main Paper 2,B.Plan in Architecture & Planning (Heritage Conservation & Historic Restoration),NATA / JEE Main Paper 2,MEDIUM
EDU_0653,M.Plan,Master's,Architecture & Planning,Sustainable Architectural Design & Green Buildings,"Design, Architecture & Creative Arts",2.0,True,GATE (Architecture),M.Plan in Architecture & Planning (Sustainable Architectural Design & Green Buildings),GATE (Architecture),MEDIUM
EDU_0654,M.Plan,Master's,Architecture & Planning,Urban Planning & Smart City Infrastructure,"Design, Architecture & Creative Arts",2.0,True,GATE (Architecture),M.Plan in Architecture & Planning (Urban Planning & Smart City Infrastructure),GATE (Architecture),MEDIUM
EDU_0655,M.Plan,Master's,Architecture & Planning,Landscape Architecture & Ecological Design,"Design, Architecture & Creative Arts",2.0,True,GATE (Architecture),M.Plan in Architecture & Planning (Landscape Architecture & Ecological Design),GATE (Architecture),MEDIUM
EDU_0656,M.Plan,Master's,Architecture & Planning,Heritage Conservation & Historic Restoration,"Design, Architecture & Creative Arts",2.0,True,GATE (Architecture),M.Plan in Architecture & Planning (Heritage Conservation & Historic Restoration),GATE (Architecture),MEDIUM
EDU_0657,B.Des,Bachelor's,Design,User Experience (UX) & Interaction Design,"Design, Architecture & Creative Arts",4.0,False,UCEED / NID DAT / NIFT Entrance,B.Des in Design (User Experience (UX) & Interaction Design),UCEED / NID DAT / NIFT Entrance,MEDIUM
EDU_0658,B.Des,Bachelor's,Design,Industrial & Product Design,"Design, Architecture & Creative Arts",4.0,False,UCEED / NID DAT / NIFT Entrance,B.Des in Design (Industrial & Product Design),UCEED / NID DAT / NIFT Entrance,MEDIUM
EDU_0659,B.Des,Bachelor's,Design,Communication & Graphic Design,"Design, Architecture & Creative Arts",4.0,False,UCEED / NID DAT / NIFT Entrance,B.Des in Design (Communication & Graphic Design),UCEED / NID DAT / NIFT Entrance,MEDIUM
EDU_0660,B.Des,Bachelor's,Design,"Animation, VFX & Game Art","Design, Architecture & Creative Arts",4.0,False,UCEED / NID DAT / NIFT Entrance,"B.Des in Design (Animation, VFX & Game Art)",UCEED / NID DAT / NIFT Entrance,MEDIUM
EDU_0661,B.Des,Bachelor's,Design,Fashion & Apparel Design,"Design, Architecture & Creative Arts",4.0,False,UCEED / NID DAT / NIFT Entrance,B.Des in Design (Fashion & Apparel Design),UCEED / NID DAT / NIFT Entrance,MEDIUM
EDU_0662,B.Des,Bachelor's,Design,Interior & Spatial Experience Design,"Design, Architecture & Creative Arts",4.0,False,UCEED / NID DAT / NIFT Entrance,B.Des in Design (Interior & Spatial Experience Design),UCEED / NID DAT / NIFT Entrance,MEDIUM
EDU_0663,M.Des,Master's,Design,User Experience (UX) & Interaction Design,"Design, Architecture & Creative Arts",2.0,True,CEED / NID DAT PG,M.Des in Design (User Experience (UX) & Interaction Design),CEED / NID DAT PG,MEDIUM
EDU_0664,M.Des,Master's,Design,Industrial & Product Design,"Design, Architecture & Creative Arts",2.0,True,CEED / NID DAT PG,M.Des in Design (Industrial & Product Design),CEED / NID DAT PG,MEDIUM
EDU_0665,M.Des,Master's,Design,Communication & Graphic Design,"Design, Architecture & Creative Arts",2.0,True,CEED / NID DAT PG,M.Des in Design (Communication & Graphic Design),CEED / NID DAT PG,MEDIUM
EDU_0666,M.Des,Master's,Design,"Animation, VFX & Game Art","Design, Architecture & Creative Arts",2.0,True,CEED / NID DAT PG,"M.Des in Design (Animation, VFX & Game Art)",CEED / NID DAT PG,MEDIUM
EDU_0667,M.Des,Master's,Design,Fashion & Apparel Design,"Design, Architecture & Creative Arts",2.0,True,CEED / NID DAT PG,M.Des in Design (Fashion & Apparel Design),CEED / NID DAT PG,MEDIUM
EDU_0668,M.Des,Master's,Design,Interior & Spatial Experience Design,"Design, Architecture & Creative Arts",2.0,True,CEED / NID DAT PG,M.Des in Design (Interior & Spatial Experience Design),CEED / NID DAT PG,MEDIUM
EDU_0669,BFA,Bachelor's,Fine Arts,Painting & Contemporary Visual Arts,"Design, Architecture & Creative Arts",4.0,False,University Practical Entrance,BFA in Fine Arts (Painting & Contemporary Visual Arts),University Practical Entrance,MEDIUM
EDU_0670,BFA,Bachelor's,Fine Arts,Sculpture & Installation Art,"Design, Architecture & Creative Arts",4.0,False,University Practical Entrance,BFA in Fine Arts (Sculpture & Installation Art),University Practical Entrance,MEDIUM
EDU_0671,BFA,Bachelor's,Fine Arts,Applied Arts & Commercial Illustration,"Design, Architecture & Creative Arts",4.0,False,University Practical Entrance,BFA in Fine Arts (Applied Arts & Commercial Illustration),University Practical Entrance,MEDIUM
EDU_0672,MFA,Master's,Fine Arts,Painting & Contemporary Visual Arts,"Design, Architecture & Creative Arts",2.0,True,University Entrance,MFA in Fine Arts (Painting & Contemporary Visual Arts),University Entrance,MEDIUM
EDU_0673,MFA,Master's,Fine Arts,Sculpture & Installation Art,"Design, Architecture & Creative Arts",2.0,True,University Entrance,MFA in Fine Arts (Sculpture & Installation Art),University Entrance,MEDIUM
EDU_0674,MFA,Master's,Fine Arts,Applied Arts & Commercial Illustration,"Design, Architecture & Creative Arts",2.0,True,University Entrance,MFA in Fine Arts (Applied Arts & Commercial Illustration),University Entrance,MEDIUM
EDU_0675,B.Ed,Bachelor's / Professional,Education,Secondary School STEM Pedagogy,Education & Pedagogy,2.0,False,State B.Ed CET / CUET B.Ed,B.Ed in Education (Secondary School STEM Pedagogy),State B.Ed CET / CUET B.Ed,MEDIUM
EDU_0676,B.Ed,Bachelor's / Professional,Education,Languages & Humanities Pedagogy,Education & Pedagogy,2.0,False,State B.Ed CET / CUET B.Ed,B.Ed in Education (Languages & Humanities Pedagogy),State B.Ed CET / CUET B.Ed,MEDIUM
EDU_0677,B.Ed,Bachelor's / Professional,Education,Curriculum Development & Educational Technology,Education & Pedagogy,2.0,False,State B.Ed CET / CUET B.Ed,B.Ed in Education (Curriculum Development & Educational Technology),State B.Ed CET / CUET B.Ed,MEDIUM
EDU_0678,B.Ed,Bachelor's / Professional,Education,Inclusive Education & Special Needs Pedagogy,Education & Pedagogy,2.0,False,State B.Ed CET / CUET B.Ed,B.Ed in Education (Inclusive Education & Special Needs Pedagogy),State B.Ed CET / CUET B.Ed,MEDIUM
EDU_0679,M.Ed,Master's,Education,Secondary School STEM Pedagogy,Education & Pedagogy,2.0,True,UGC NET / M.Ed Entrance,M.Ed in Education (Secondary School STEM Pedagogy),UGC NET / M.Ed Entrance,MEDIUM
EDU_0680,M.Ed,Master's,Education,Languages & Humanities Pedagogy,Education & Pedagogy,2.0,True,UGC NET / M.Ed Entrance,M.Ed in Education (Languages & Humanities Pedagogy),UGC NET / M.Ed Entrance,MEDIUM
EDU_0681,M.Ed,Master's,Education,Curriculum Development & Educational Technology,Education & Pedagogy,2.0,True,UGC NET / M.Ed Entrance,M.Ed in Education (Curriculum Development & Educational Technology),UGC NET / M.Ed Entrance,MEDIUM
EDU_0682,M.Ed,Master's,Education,Inclusive Education & Special Needs Pedagogy,Education & Pedagogy,2.0,True,UGC NET / M.Ed Entrance,M.Ed in Education (Inclusive Education & Special Needs Pedagogy),UGC NET / M.Ed Entrance,MEDIUM
EDU_0683,D.El.Ed,Diploma / Professional,Education,Secondary School STEM Pedagogy,Education & Pedagogy,2.0,False,State B.Ed CET / CUET B.Ed,D.El.Ed in Education (Secondary School STEM Pedagogy),State B.Ed CET / CUET B.Ed,MEDIUM
EDU_0684,D.El.Ed,Diploma / Professional,Education,Languages & Humanities Pedagogy,Education & Pedagogy,2.0,False,State B.Ed CET / CUET B.Ed,D.El.Ed in Education (Languages & Humanities Pedagogy),State B.Ed CET / CUET B.Ed,MEDIUM
EDU_0685,D.El.Ed,Diploma / Professional,Education,Curriculum Development & Educational Technology,Education & Pedagogy,2.0,False,State B.Ed CET / CUET B.Ed,D.El.Ed in Education (Curriculum Development & Educational Technology),State B.Ed CET / CUET B.Ed,MEDIUM
EDU_0686,D.El.Ed,Diploma / Professional,Education,Inclusive Education & Special Needs Pedagogy,Education & Pedagogy,2.0,False,State B.Ed CET / CUET B.Ed,D.El.Ed in Education (Inclusive Education & Special Needs Pedagogy),State B.Ed CET / CUET B.Ed,MEDIUM
