occupation_id,occupation_name,minimum_education_level,preferred_degrees,acceptable_alternative_degrees,certifications,experience_required,indian_exam_route,licensing_or_statutory_requirement
OCC_0001,Software Engineer,Bachelor's Degree,"B.Tech Computer Science, B.Tech IT, MCA, B.Sc Computer Science","B.Tech Any Stream, BCA with Full-Stack Portfolio, B.Sc Mathematics","AWS Certified Solutions Architect, CKA, GitHub Foundations (Optional)",Entry-Level (0-1 yrs) for Junior; 3-5 yrs for Senior,Campus Placement / Off-Campus Drives / GATE for PSUs,
OCC_0002,Senior Software Engineer,Bachelor's Degree,"B.Tech Computer Science, B.Tech IT, MCA, B.Sc Computer Science","B.Tech Any Stream, BCA with Full-Stack Portfolio, B.Sc Mathematics","AWS Certified Solutions Architect, CKA, GitHub Foundations (Optional)",Entry-Level (0-1 yrs) for Junior; 3-5 yrs for Senior,Campus Placement / Off-Campus Drives / GATE for PSUs,
OCC_0003,Staff Software Engineer,Bachelor's Degree,"B.Tech Computer Science, B.Tech IT, MCA, B.Sc Computer Science","B.Tech Any Stream, BCA with Full-Stack Portfolio, B.Sc Mathematics","AWS Certified Solutions Architect, CKA, GitHub Foundations (Optional)",Entry-Level (0-1 yrs) for Junior; 3-5 yrs for Senior,Campus Placement / Off-Campus Drives / GATE for PSUs,
OCC_0004,Frontend Engineer,Bachelor's Degree,"B.Tech Computer Science, B.Tech IT, MCA, B.Sc Computer Science","B.Tech Any Stream, BCA with Full-Stack Portfolio, B.Sc Mathematics","AWS Certified Solutions Architect, CKA, GitHub Foundations (Optional)",Entry-Level (0-1 yrs) for Junior; 3-5 yrs for Senior,Campus Placement / Off-Campus Drives / GATE for PSUs,
OCC_0005,Backend Engineer,Bachelor's Degree,"B.Tech Computer Science, B.Tech IT, MCA, B.Sc Computer Science","B.Tech Any Stream, BCA with Full-Stack Portfolio, B.Sc Mathematics","AWS Certified Solutions Architect, CKA, GitHub Foundations (Optional)",Entry-Level (0-1 yrs) for Junior; 3-5 yrs for Senior,Campus Placement / Off-Campus Drives / GATE for PSUs,
OCC_0006,Full Stack Engineer,Bachelor's Degree,"B.Tech Computer Science, B.Tech IT, MCA, B.Sc Computer Science","B.Tech Any Stream, BCA with Full-Stack Portfolio, B.Sc Mathematics","AWS Certified Solutions Architect, CKA, GitHub Foundations (Optional)",Entry-Level (0-1 yrs) for Junior; 3-5 yrs for Senior,Campus Placement / Off-Campus Drives / GATE for PSUs,
OCC_0007,DevOps Engineer,Bachelor's Degree,"B.Tech Computer Science, B.Tech IT, MCA, B.Sc Computer Science","B.Tech Any Stream, BCA with Full-Stack Portfolio, B.Sc Mathematics","AWS Certified Solutions Architect, CKA, GitHub Foundations (Optional)",Entry-Level (0-1 yrs) for Junior; 3-5 yrs for Senior,Campus Placement / Off-Campus Drives / GATE for PSUs,
OCC_0008,Site Reliability Engineer,Bachelor's Degree,"B.Tech Computer Science, B.Tech IT, MCA, B.Sc Computer Science","B.Tech Any Stream, BCA with Full-Stack Portfolio, B.Sc Mathematics","AWS Certified Solutions Architect, CKA, GitHub Foundations (Optional)",Entry-Level (0-1 yrs) for Junior; 3-5 yrs for Senior,Campus Placement / Off-Campus Drives / GATE for PSUs,
OCC_0009,Cloud Solutions Architect,Bachelor's Degree,"B.Tech Computer Science, B.Tech IT, MCA, B.Sc Computer Science","B.Tech Any Stream, BCA with Full-Stack Portfolio, B.Sc Mathematics","AWS Certified Solutions Architect, CKA, GitHub Foundations (Optional)",Entry-Level (0-1 yrs) for Junior; 3-5 yrs for Senior,Campus Placement / Off-Campus Drives / GATE for PSUs,
OCC_0010,Systems Software Engineer,Bachelor's Degree,"B.Tech Computer Science, B.Tech IT, MCA, B.Sc Computer Science","B.Tech Any Stream, BCA with Full-Stack Portfolio, B.Sc Mathematics","AWS Certified Solutions Architect, CKA, GitHub Foundations (Optional)",Entry-Level (0-1 yrs) for Junior; 3-5 yrs for Senior,Campus Placement / Off-Campus Drives / GATE for PSUs,
OCC_0011,Mobile App Developer - Android,Bachelor's Degree,"B.Tech Computer Science, B.Tech IT, MCA, B.Sc Computer Science","B.Tech Any Stream, BCA with Full-Stack Portfolio, B.Sc Mathematics","AWS Certified Solutions Architect, CKA, GitHub Foundations (Optional)",Entry-Level (0-1 yrs) for Junior; 3-5 yrs for Senior,Campus Placement / Off-Campus Drives / GATE for PSUs,
OCC_0012,Mobile App Developer - iOS,Bachelor's Degree,"B.Tech Computer Science, B.Tech IT, MCA, B.Sc Computer Science","B.Tech Any Stream, BCA with Full-Stack Portfolio, B.Sc Mathematics","AWS Certified Solutions Architect, CKA, GitHub Foundations (Optional)",Entry-Level (0-1 yrs) for Junior; 3-5 yrs for Senior,Campus Placement / Off-Campus Drives / GATE for PSUs,
OCC_0013,Embedded Systems Engineer,Bachelor's Degree / Polytechnic Diploma,"B.Tech / B.E. in relevant discipline (Mechanical, Civil, Electrical, Chemical)",Polytechnic Diploma in respective stream with 3+ yrs experience,"AutoCAD Certified Professional, SolidWorks CSWA/CSWP, Lean Six Sigma Green Belt",Entry-Level (0-2 yrs) for Site/Design Engineer; 5-10 yrs for Project Manager,"GATE (for PSUs like IOCL, NTPC, ONGC, BHEL) / State PSC Assistant Engineer",Chartered Engineer (IEI) recommended for senior stamping
OCC_0014,Firmware Engineer,Bachelor's Degree / Polytechnic Diploma,"B.Tech / B.E. in relevant discipline (Mechanical, Civil, Electrical, Chemical)",Polytechnic Diploma in respective stream with 3+ yrs experience,"AutoCAD Certified Professional, SolidWorks CSWA/CSWP, Lean Six Sigma Green Belt",Entry-Level (0-2 yrs) for Site/Design Engineer; 5-10 yrs for Project Manager,"GATE (for PSUs like IOCL, NTPC, ONGC, BHEL) / State PSC Assistant Engineer",Chartered Engineer (IEI) recommended for senior stamping
OCC_0015,QA Automation Engineer,Bachelor's Degree,"B.Tech Computer Science, B.Tech IT, MCA, B.Sc Computer Science","B.Tech Any Stream, BCA with Full-Stack Portfolio, B.Sc Mathematics","AWS Certified Solutions Architect, CKA, GitHub Foundations (Optional)",Entry-Level (0-1 yrs) for Junior; 3-5 yrs for Senior,Campus Placement / Off-Campus Drives / GATE for PSUs,
OCC_0016,Performance Test Engineer,Bachelor's Degree,"B.Tech Computer Science, B.Tech IT, MCA, B.Sc Computer Science","B.Tech Any Stream, BCA with Full-Stack Portfolio, B.Sc Mathematics","AWS Certified Solutions Architect, CKA, GitHub Foundations (Optional)",Entry-Level (0-1 yrs) for Junior; 3-5 yrs for Senior,Campus Placement / Off-Campus Drives / GATE for PSUs,
OCC_0017,Database Administrator,Bachelor's Degree,"B.Tech Computer Science, B.Tech IT, MCA, B.Sc Computer Science","B.Tech Any Stream, BCA with Full-Stack Portfolio, B.Sc Mathematics","AWS Certified Solutions Architect, CKA, GitHub Foundations (Optional)",Entry-Level (0-1 yrs) for Junior; 3-5 yrs for Senior,Campus Placement / Off-Campus Drives / GATE for PSUs,
OCC_0018,Linux Systems Administrator,Bachelor's Degree,"B.Tech Computer Science, B.Tech IT, MCA, B.Sc Computer Science","B.Tech Any Stream, BCA with Full-Stack Portfolio, B.Sc Mathematics","AWS Certified Solutions Architect, CKA, GitHub Foundations (Optional)",Entry-Level (0-1 yrs) for Junior; 3-5 yrs for Senior,Campus Placement / Off-Campus Drives / GATE for PSUs,
OCC_0019,Enterprise Network Engineer,Bachelor's Degree,"B.Tech Computer Science, B.Tech IT, MCA, B.Sc Computer Science","B.Tech Any Stream, BCA with Full-Stack Portfolio, B.Sc Mathematics","AWS Certified Solutions Architect, CKA, GitHub Foundations (Optional)",Entry-Level (0-1 yrs) for Junior; 3-5 yrs for Senior,Campus Placement / Off-Campus Drives / GATE for PSUs,
OCC_0020,Scrum Master,Bachelor's Degree; Master's (MBA/PGDM) preferred,"MBA / PGDM from top tier institution, BBA, B.Tech + MBA",Bachelor's in any discipline with relevant domain track record,"PMP (Project Management Professional), Certified ScrumMaster (CSM)",0-2 yrs for Associate; 4-8 yrs for Project Manager / Product Manager,"CAT, XAT, GMAT, CMAT",
OCC_0021,Engineering Manager,Bachelor's Degree; Master's (MBA/PGDM) preferred,"MBA / PGDM from top tier institution, BBA, B.Tech + MBA",Bachelor's in any discipline with relevant domain track record,"PMP (Project Management Professional), Certified ScrumMaster (CSM)",0-2 yrs for Associate; 4-8 yrs for Project Manager / Product Manager,"CAT, XAT, GMAT, CMAT",
OCC_0022,Director of Engineering,Bachelor's Degree; Master's (MBA/PGDM) preferred,"MBA / PGDM from top tier institution, BBA, B.Tech + MBA",Bachelor's in any discipline with relevant domain track record,"PMP (Project Management Professional), Certified ScrumMaster (CSM)",0-2 yrs for Associate; 4-8 yrs for Project Manager / Product Manager,"CAT, XAT, GMAT, CMAT",
OCC_0023,Microservices Architect,Bachelor's Degree,"B.Tech Computer Science, B.Tech IT, MCA, B.Sc Computer Science","B.Tech Any Stream, BCA with Full-Stack Portfolio, B.Sc Mathematics","AWS Certified Solutions Architect, CKA, GitHub Foundations (Optional)",Entry-Level (0-1 yrs) for Junior; 3-5 yrs for Senior,Campus Placement / Off-Campus Drives / GATE for PSUs,
OCC_0024,Salesforce Developer,Bachelor's Degree,"B.Tech Computer Science, B.Tech IT, MCA, B.Sc Computer Science","B.Tech Any Stream, BCA with Full-Stack Portfolio, B.Sc Mathematics","AWS Certified Solutions Architect, CKA, GitHub Foundations (Optional)",Entry-Level (0-1 yrs) for Junior; 3-5 yrs for Senior,Campus Placement / Off-Campus Drives / GATE for PSUs,
OCC_0025,SAP Functional Consultant,Bachelor's Degree,"B.Tech Computer Science, B.Tech IT, MCA, B.Sc Computer Science","B.Tech Any Stream, BCA with Full-Stack Portfolio, B.Sc Mathematics","AWS Certified Solutions Architect, CKA, GitHub Foundations (Optional)",Entry-Level (0-1 yrs) for Junior; 3-5 yrs for Senior,Campus Placement / Off-Campus Drives / GATE for PSUs,
OCC_0026,IT Support Specialist,Bachelor's Degree,"B.Tech Computer Science, B.Tech IT, MCA, B.Sc Computer Science","B.Tech Any Stream, BCA with Full-Stack Portfolio, B.Sc Mathematics","AWS Certified Solutions Architect, CKA, GitHub Foundations (Optional)",Entry-Level (0-1 yrs) for Junior; 3-5 yrs for Senior,Campus Placement / Off-Campus Drives / GATE for PSUs,
OCC_0027,Build and Release Engineer,Bachelor's Degree,"B.Tech Computer Science, B.Tech IT, MCA, B.Sc Computer Science","B.Tech Any Stream, BCA with Full-Stack Portfolio, B.Sc Mathematics","AWS Certified Solutions Architect, CKA, GitHub Foundations (Optional)",Entry-Level (0-1 yrs) for Junior; 3-5 yrs for Senior,Campus Placement / Off-Campus Drives / GATE for PSUs,
OCC_0028,ERP Technical Architect,Bachelor's Degree,"B.Tech Computer Science, B.Tech IT, MCA, B.Sc Computer Science","B.Tech Any Stream, BCA with Full-Stack Portfolio, B.Sc Mathematics","AWS Certified Solutions Architect, CKA, GitHub Foundations (Optional)",Entry-Level (0-1 yrs) for Junior; 3-5 yrs for Senior,Campus Placement / Off-Campus Drives / GATE for PSUs,
OCC_0029,Blockchain Developer,Bachelor's Degree,"B.Tech Computer Science, B.Tech IT, MCA, B.Sc Computer Science","B.Tech Any Stream, BCA with Full-Stack Portfolio, B.Sc Mathematics","AWS Certified Solutions Architect, CKA, GitHub Foundations (Optional)",Entry-Level (0-1 yrs) for Junior; 3-5 yrs for Senior,Campus Placement / Off-Campus Drives / GATE for PSUs,
OCC_0030,IoT Solutions Architect,Bachelor's Degree,"B.Tech Computer Science, B.Tech IT, MCA, B.Sc Computer Science","B.Tech Any Stream, BCA with Full-Stack Portfolio, B.Sc Mathematics","AWS Certified Solutions Architect, CKA, GitHub Foundations (Optional)",Entry-Level (0-1 yrs) for Junior; 3-5 yrs for Senior,Campus Placement / Off-Campus Drives / GATE for PSUs,
OCC_0031,AR / VR Software Developer,Bachelor's Degree,"B.Tech Computer Science, B.Tech IT, MCA, B.Sc Computer Science","B.Tech Any Stream, BCA with Full-Stack Portfolio, B.Sc Mathematics","AWS Certified Solutions Architect, CKA, GitHub Foundations (Optional)",Entry-Level (0-1 yrs) for Junior; 3-5 yrs for Senior,Campus Placement / Off-Campus Drives / GATE for PSUs,
OCC_0032,Game Programmer,Bachelor's Degree,"B.Tech Computer Science, B.Tech IT, MCA, B.Sc Computer Science","B.Tech Any Stream, BCA with Full-Stack Portfolio, B.Sc Mathematics","AWS Certified Solutions Architect, CKA, GitHub Foundations (Optional)",Entry-Level (0-1 yrs) for Junior; 3-5 yrs for Senior,Campus Placement / Off-Campus Drives / GATE for PSUs,
OCC_0033,Technical Solutions Consultant,Bachelor's Degree,"B.Tech Computer Science, B.Tech IT, MCA, B.Sc Computer Science","B.Tech Any Stream, BCA with Full-Stack Portfolio, B.Sc Mathematics","AWS Certified Solutions Architect, CKA, GitHub Foundations (Optional)",Entry-Level (0-1 yrs) for Junior; 3-5 yrs for Senior,Campus Placement / Off-Campus Drives / GATE for PSUs,
OCC_0034,Mainframe Systems Specialist,Bachelor's Degree,"B.Tech Computer Science, B.Tech IT, MCA, B.Sc Computer Science","B.Tech Any Stream, BCA with Full-Stack Portfolio, B.Sc Mathematics","AWS Certified Solutions Architect, CKA, GitHub Foundations (Optional)",Entry-Level (0-1 yrs) for Junior; 3-5 yrs for Senior,Campus Placement / Off-Campus Drives / GATE for PSUs,
OCC_0035,API Platform Engineer,Bachelor's Degree,"B.Tech Computer Science, B.Tech IT, MCA, B.Sc Computer Science","B.Tech Any Stream, BCA with Full-Stack Portfolio, B.Sc Mathematics","AWS Certified Solutions Architect, CKA, GitHub Foundations (Optional)",Entry-Level (0-1 yrs) for Junior; 3-5 yrs for Senior,Campus Placement / Off-Campus Drives / GATE for PSUs,
OCC_0036,Data Analyst,Bachelor's Degree,"B.Tech Data Science / AI, B.Sc Statistics, M.Sc Data Science, B.Tech CSE","B.Tech Any Engineering, B.Sc Mathematics, Economics with Python","TensorFlow Developer Certificate, Databricks Certified Associate, Azure Data Scientist",Entry-Level (0-2 yrs) for Analyst; 3-6 yrs for Lead Data Scientist,Campus Placement / Off-Campus Hiring / IIT JAM for M.Sc,
OCC_0037,Senior Data Analyst,Bachelor's Degree,"B.Tech Data Science / AI, B.Sc Statistics, M.Sc Data Science, B.Tech CSE","B.Tech Any Engineering, B.Sc Mathematics, Economics with Python","TensorFlow Developer Certificate, Databricks Certified Associate, Azure Data Scientist",Entry-Level (0-2 yrs) for Analyst; 3-6 yrs for Lead Data Scientist,Campus Placement / Off-Campus Hiring / IIT JAM for M.Sc,
OCC_0038,Business Intelligence Developer,Bachelor's Degree,"B.Tech Data Science / AI, B.Sc Statistics, M.Sc Data Science, B.Tech CSE","B.Tech Any Engineering, B.Sc Mathematics, Economics with Python","TensorFlow Developer Certificate, Databricks Certified Associate, Azure Data Scientist",Entry-Level (0-2 yrs) for Analyst; 3-6 yrs for Lead Data Scientist,Campus Placement / Off-Campus Hiring / IIT JAM for M.Sc,
OCC_0039,Data Engineer,Bachelor's Degree,"B.Tech Data Science / AI, B.Sc Statistics, M.Sc Data Science, B.Tech CSE","B.Tech Any Engineering, B.Sc Mathematics, Economics with Python","TensorFlow Developer Certificate, Databricks Certified Associate, Azure Data Scientist",Entry-Level (0-2 yrs) for Analyst; 3-6 yrs for Lead Data Scientist,Campus Placement / Off-Campus Hiring / IIT JAM for M.Sc,
OCC_0040,Senior Data Engineer,Bachelor's Degree,"B.Tech Data Science / AI, B.Sc Statistics, M.Sc Data Science, B.Tech CSE","B.Tech Any Engineering, B.Sc Mathematics, Economics with Python","TensorFlow Developer Certificate, Databricks Certified Associate, Azure Data Scientist",Entry-Level (0-2 yrs) for Analyst; 3-6 yrs for Lead Data Scientist,Campus Placement / Off-Campus Hiring / IIT JAM for M.Sc,
OCC_0041,Big Data Architect,Bachelor's Degree,"B.Tech Data Science / AI, B.Sc Statistics, M.Sc Data Science, B.Tech CSE","B.Tech Any Engineering, B.Sc Mathematics, Economics with Python","TensorFlow Developer Certificate, Databricks Certified Associate, Azure Data Scientist",Entry-Level (0-2 yrs) for Analyst; 3-6 yrs for Lead Data Scientist,Campus Placement / Off-Campus Hiring / IIT JAM for M.Sc,
OCC_0042,Data Scientist,Bachelor's Degree,"B.Tech Data Science / AI, B.Sc Statistics, M.Sc Data Science, B.Tech CSE","B.Tech Any Engineering, B.Sc Mathematics, Economics with Python","TensorFlow Developer Certificate, Databricks Certified Associate, Azure Data Scientist",Entry-Level (0-2 yrs) for Analyst; 3-6 yrs for Lead Data Scientist,Campus Placement / Off-Campus Hiring / IIT JAM for M.Sc,
OCC_0043,Senior Data Scientist,Bachelor's Degree,"B.Tech Data Science / AI, B.Sc Statistics, M.Sc Data Science, B.Tech CSE","B.Tech Any Engineering, B.Sc Mathematics, Economics with Python","TensorFlow Developer Certificate, Databricks Certified Associate, Azure Data Scientist",Entry-Level (0-2 yrs) for Analyst; 3-6 yrs for Lead Data Scientist,Campus Placement / Off-Campus Hiring / IIT JAM for M.Sc,
OCC_0044,Lead Data Scientist,Bachelor's Degree,"B.Tech Data Science / AI, B.Sc Statistics, M.Sc Data Science, B.Tech CSE","B.Tech Any Engineering, B.Sc Mathematics, Economics with Python","TensorFlow Developer Certificate, Databricks Certified Associate, Azure Data Scientist",Entry-Level (0-2 yrs) for Analyst; 3-6 yrs for Lead Data Scientist,Campus Placement / Off-Campus Hiring / IIT JAM for M.Sc,
OCC_0045,Machine Learning Engineer,Bachelor's Degree,"B.Tech Data Science / AI, B.Sc Statistics, M.Sc Data Science, B.Tech CSE","B.Tech Any Engineering, B.Sc Mathematics, Economics with Python","TensorFlow Developer Certificate, Databricks Certified Associate, Azure Data Scientist",Entry-Level (0-2 yrs) for Analyst; 3-6 yrs for Lead Data Scientist,Campus Placement / Off-Campus Hiring / IIT JAM for M.Sc,
OCC_0046,Senior Machine Learning Engineer,Bachelor's Degree,"B.Tech Data Science / AI, B.Sc Statistics, M.Sc Data Science, B.Tech CSE","B.Tech Any Engineering, B.Sc Mathematics, Economics with Python","TensorFlow Developer Certificate, Databricks Certified Associate, Azure Data Scientist",Entry-Level (0-2 yrs) for Analyst; 3-6 yrs for Lead Data Scientist,Campus Placement / Off-Campus Hiring / IIT JAM for M.Sc,
OCC_0047,MLOps Engineer,Bachelor's Degree,"B.Tech Data Science / AI, B.Sc Statistics, M.Sc Data Science, B.Tech CSE","B.Tech Any Engineering, B.Sc Mathematics, Economics with Python","TensorFlow Developer Certificate, Databricks Certified Associate, Azure Data Scientist",Entry-Level (0-2 yrs) for Analyst; 3-6 yrs for Lead Data Scientist,Campus Placement / Off-Campus Hiring / IIT JAM for M.Sc,
OCC_0048,Computer Vision Engineer,Bachelor's Degree,"B.Tech Data Science / AI, B.Sc Statistics, M.Sc Data Science, B.Tech CSE","B.Tech Any Engineering, B.Sc Mathematics, Economics with Python","TensorFlow Developer Certificate, Databricks Certified Associate, Azure Data Scientist",Entry-Level (0-2 yrs) for Analyst; 3-6 yrs for Lead Data Scientist,Campus Placement / Off-Campus Hiring / IIT JAM for M.Sc,
OCC_0049,Natural Language Processing Engineer,Bachelor's Degree,"B.Tech Data Science / AI, B.Sc Statistics, M.Sc Data Science, B.Tech CSE","B.Tech Any Engineering, B.Sc Mathematics, Economics with Python","TensorFlow Developer Certificate, Databricks Certified Associate, Azure Data Scientist",Entry-Level (0-2 yrs) for Analyst; 3-6 yrs for Lead Data Scientist,Campus Placement / Off-Campus Hiring / IIT JAM for M.Sc,
OCC_0050,Generative AI Application Engineer,Bachelor's Degree,"B.Tech Data Science / AI, B.Sc Statistics, M.Sc Data Science, B.Tech CSE","B.Tech Any Engineering, B.Sc Mathematics, Economics with Python","TensorFlow Developer Certificate, Databricks Certified Associate, Azure Data Scientist",Entry-Level (0-2 yrs) for Analyst; 3-6 yrs for Lead Data Scientist,Campus Placement / Off-Campus Hiring / IIT JAM for M.Sc,
OCC_0051,AI Prompt Engineer,Bachelor's Degree,"B.Tech Data Science / AI, B.Sc Statistics, M.Sc Data Science, B.Tech CSE","B.Tech Any Engineering, B.Sc Mathematics, Economics with Python","TensorFlow Developer Certificate, Databricks Certified Associate, Azure Data Scientist",Entry-Level (0-2 yrs) for Analyst; 3-6 yrs for Lead Data Scientist,Campus Placement / Off-Campus Hiring / IIT JAM for M.Sc,
OCC_0052,Deep Learning Research Scientist,Bachelor's Degree,"B.Tech Data Science / AI, B.Sc Statistics, M.Sc Data Science, B.Tech CSE","B.Tech Any Engineering, B.Sc Mathematics, Economics with Python","TensorFlow Developer Certificate, Databricks Certified Associate, Azure Data Scientist",Entry-Level (0-2 yrs) for Analyst; 3-6 yrs for Lead Data Scientist,Campus Placement / Off-Campus Hiring / IIT JAM for M.Sc,
OCC_0053,AI Ethics and Compliance Officer,Bachelor's Degree,"B.Tech Data Science / AI, B.Sc Statistics, M.Sc Data Science, B.Tech CSE","B.Tech Any Engineering, B.Sc Mathematics, Economics with Python","TensorFlow Developer Certificate, Databricks Certified Associate, Azure Data Scientist",Entry-Level (0-2 yrs) for Analyst; 3-6 yrs for Lead Data Scientist,Campus Placement / Off-Campus Hiring / IIT JAM for M.Sc,
OCC_0054,Analytics Manager,Bachelor's Degree; Master's (MBA/PGDM) preferred,"MBA / PGDM from top tier institution, BBA, B.Tech + MBA",Bachelor's in any discipline with relevant domain track record,"PMP (Project Management Professional), Certified ScrumMaster (CSM)",0-2 yrs for Associate; 4-8 yrs for Project Manager / Product Manager,"CAT, XAT, GMAT, CMAT",
OCC_0055,Head of Analytics,Bachelor's Degree; Master's (MBA/PGDM) preferred,"MBA / PGDM from top tier institution, BBA, B.Tech + MBA",Bachelor's in any discipline with relevant domain track record,"PMP (Project Management Professional), Certified ScrumMaster (CSM)",0-2 yrs for Associate; 4-8 yrs for Project Manager / Product Manager,"CAT, XAT, GMAT, CMAT",
OCC_0056,Decision Scientist,Bachelor's Degree,"B.Tech Data Science / AI, B.Sc Statistics, M.Sc Data Science, B.Tech CSE","B.Tech Any Engineering, B.Sc Mathematics, Economics with Python","TensorFlow Developer Certificate, Databricks Certified Associate, Azure Data Scientist",Entry-Level (0-2 yrs) for Analyst; 3-6 yrs for Lead Data Scientist,Campus Placement / Off-Campus Hiring / IIT JAM for M.Sc,
OCC_0057,Healthcare Data Analyst,Bachelor's Degree,"B.Tech Data Science / AI, B.Sc Statistics, M.Sc Data Science, B.Tech CSE","B.Tech Any Engineering, B.Sc Mathematics, Economics with Python","TensorFlow Developer Certificate, Databricks Certified Associate, Azure Data Scientist",Entry-Level (0-2 yrs) for Analyst; 3-6 yrs for Lead Data Scientist,Campus Placement / Off-Campus Hiring / IIT JAM for M.Sc,
OCC_0058,Financial Data Analyst,Bachelor's Degree,"B.Tech Data Science / AI, B.Sc Statistics, M.Sc Data Science, B.Tech CSE","B.Tech Any Engineering, B.Sc Mathematics, Economics with Python","TensorFlow Developer Certificate, Databricks Certified Associate, Azure Data Scientist",Entry-Level (0-2 yrs) for Analyst; 3-6 yrs for Lead Data Scientist,Campus Placement / Off-Campus Hiring / IIT JAM for M.Sc,
OCC_0059,Geospatial Data Scientist,Bachelor's Degree,"B.Tech Data Science / AI, B.Sc Statistics, M.Sc Data Science, B.Tech CSE","B.Tech Any Engineering, B.Sc Mathematics, Economics with Python","TensorFlow Developer Certificate, Databricks Certified Associate, Azure Data Scientist",Entry-Level (0-2 yrs) for Analyst; 3-6 yrs for Lead Data Scientist,Campus Placement / Off-Campus Hiring / IIT JAM for M.Sc,
OCC_0060,Quantitative Research Analyst,Bachelor's Degree / Professional Qualification,"CA (ICAI), CFA, B.Com (Hons), MBA Finance, M.Com","BBA, B.Sc Mathematics, Economics with Financial Modeling","Chartered Accountant (ICAI), CFA Level 1/2/3, Financial Risk Manager (FRM)",Articleship (2-3 yrs) for CA; Entry-Level (0-2 yrs) for Analysts; 5+ yrs for VP,"ICAI CA Foundation/Inter/Final, CAT / XAT for MBA Finance",ICAI Membership for Statutory Audit; SEBI Research Analyst Registration for Stock Recommendations
OCC_0061,Lead Business Intelligence Developer,Bachelor's Degree,"B.Tech Data Science / AI, B.Sc Statistics, M.Sc Data Science, B.Tech CSE","B.Tech Any Engineering, B.Sc Mathematics, Economics with Python","TensorFlow Developer Certificate, Databricks Certified Associate, Azure Data Scientist",Entry-Level (0-2 yrs) for Analyst; 3-6 yrs for Lead Data Scientist,Campus Placement / Off-Campus Hiring / IIT JAM for M.Sc,
OCC_0062,Cybersecurity Analyst,Bachelor's Degree,"B.Tech Cybersecurity, B.Tech Computer Science, B.Sc IT / Cyber Forensics","B.Tech Any Stream with CEH, BCA with Network Certifications","CEH (Certified Ethical Hacker), CompTIA Security+, CISSP (Senior Roles)",Entry-Level (0-2 yrs) for SOC; 4-8 yrs for Security Architect,Corporate Technical Drives / CERT-In Recruitment / DRDO Scientist B,
OCC_0063,Senior Cybersecurity Analyst,Bachelor's Degree,"B.Tech Cybersecurity, B.Tech Computer Science, B.Sc IT / Cyber Forensics","B.Tech Any Stream with CEH, BCA with Network Certifications","CEH (Certified Ethical Hacker), CompTIA Security+, CISSP (Senior Roles)",Entry-Level (0-2 yrs) for SOC; 4-8 yrs for Security Architect,Corporate Technical Drives / CERT-In Recruitment / DRDO Scientist B,
OCC_0064,Penetration Tester,Bachelor's Degree,"B.Tech Cybersecurity, B.Tech Computer Science, B.Sc IT / Cyber Forensics","B.Tech Any Stream with CEH, BCA with Network Certifications","CEH (Certified Ethical Hacker), CompTIA Security+, CISSP (Senior Roles)",Entry-Level (0-2 yrs) for SOC; 4-8 yrs for Security Architect,Corporate Technical Drives / CERT-In Recruitment / DRDO Scientist B,
OCC_0065,Cyber Incident Response Specialist,Bachelor's Degree,"B.Tech Cybersecurity, B.Tech Computer Science, B.Sc IT / Cyber Forensics","B.Tech Any Stream with CEH, BCA with Network Certifications","CEH (Certified Ethical Hacker), CompTIA Security+, CISSP (Senior Roles)",Entry-Level (0-2 yrs) for SOC; 4-8 yrs for Security Architect,Corporate Technical Drives / CERT-In Recruitment / DRDO Scientist B,
OCC_0066,Security Operations Center Analyst,Bachelor's Degree,"B.Tech Cybersecurity, B.Tech Computer Science, B.Sc IT / Cyber Forensics","B.Tech Any Stream with CEH, BCA with Network Certifications","CEH (Certified Ethical Hacker), CompTIA Security+, CISSP (Senior Roles)",Entry-Level (0-2 yrs) for SOC; 4-8 yrs for Security Architect,Corporate Technical Drives / CERT-In Recruitment / DRDO Scientist B,
OCC_0067,Information Security Architect,Bachelor's Degree,"B.Tech Cybersecurity, B.Tech Computer Science, B.Sc IT / Cyber Forensics","B.Tech Any Stream with CEH, BCA with Network Certifications","CEH (Certified Ethical Hacker), CompTIA Security+, CISSP (Senior Roles)",Entry-Level (0-2 yrs) for SOC; 4-8 yrs for Security Architect,Corporate Technical Drives / CERT-In Recruitment / DRDO Scientist B,
OCC_0068,Application Security Engineer,Bachelor's Degree,"B.Tech Cybersecurity, B.Tech Computer Science, B.Sc IT / Cyber Forensics","B.Tech Any Stream with CEH, BCA with Network Certifications","CEH (Certified Ethical Hacker), CompTIA Security+, CISSP (Senior Roles)",Entry-Level (0-2 yrs) for SOC; 4-8 yrs for Security Architect,Corporate Technical Drives / CERT-In Recruitment / DRDO Scientist B,
OCC_0069,Cloud Security Specialist,Bachelor's Degree,"B.Tech Cybersecurity, B.Tech Computer Science, B.Sc IT / Cyber Forensics","B.Tech Any Stream with CEH, BCA with Network Certifications","CEH (Certified Ethical Hacker), CompTIA Security+, CISSP (Senior Roles)",Entry-Level (0-2 yrs) for SOC; 4-8 yrs for Security Architect,Corporate Technical Drives / CERT-In Recruitment / DRDO Scientist B,
OCC_0070,Cryptographic Systems Engineer,Bachelor's Degree,"B.Tech Cybersecurity, B.Tech Computer Science, B.Sc IT / Cyber Forensics","B.Tech Any Stream with CEH, BCA with Network Certifications","CEH (Certified Ethical Hacker), CompTIA Security+, CISSP (Senior Roles)",Entry-Level (0-2 yrs) for SOC; 4-8 yrs for Security Architect,Corporate Technical Drives / CERT-In Recruitment / DRDO Scientist B,
OCC_0071,Threat Intelligence Analyst,Bachelor's Degree,"B.Tech Cybersecurity, B.Tech Computer Science, B.Sc IT / Cyber Forensics","B.Tech Any Stream with CEH, BCA with Network Certifications","CEH (Certified Ethical Hacker), CompTIA Security+, CISSP (Senior Roles)",Entry-Level (0-2 yrs) for SOC; 4-8 yrs for Security Architect,Corporate Technical Drives / CERT-In Recruitment / DRDO Scientist B,
OCC_0072,Digital Forensics Investigator,Bachelor's Degree,"B.Tech Cybersecurity, B.Tech Computer Science, B.Sc IT / Cyber Forensics","B.Tech Any Stream with CEH, BCA with Network Certifications","CEH (Certified Ethical Hacker), CompTIA Security+, CISSP (Senior Roles)",Entry-Level (0-2 yrs) for SOC; 4-8 yrs for Security Architect,Corporate Technical Drives / CERT-In Recruitment / DRDO Scientist B,
OCC_0073,IT GRC Auditor,Bachelor's Degree,"B.Tech Cybersecurity, B.Tech Computer Science, B.Sc IT / Cyber Forensics","B.Tech Any Stream with CEH, BCA with Network Certifications","CEH (Certified Ethical Hacker), CompTIA Security+, CISSP (Senior Roles)",Entry-Level (0-2 yrs) for SOC; 4-8 yrs for Security Architect,Corporate Technical Drives / CERT-In Recruitment / DRDO Scientist B,
OCC_0074,Vulnerability Management Analyst,Bachelor's Degree,"B.Tech Cybersecurity, B.Tech Computer Science, B.Sc IT / Cyber Forensics","B.Tech Any Stream with CEH, BCA with Network Certifications","CEH (Certified Ethical Hacker), CompTIA Security+, CISSP (Senior Roles)",Entry-Level (0-2 yrs) for SOC; 4-8 yrs for Security Architect,Corporate Technical Drives / CERT-In Recruitment / DRDO Scientist B,
OCC_0075,Identity and Access Management Engineer,Bachelor's Degree,"B.Tech Cybersecurity, B.Tech Computer Science, B.Sc IT / Cyber Forensics","B.Tech Any Stream with CEH, BCA with Network Certifications","CEH (Certified Ethical Hacker), CompTIA Security+, CISSP (Senior Roles)",Entry-Level (0-2 yrs) for SOC; 4-8 yrs for Security Architect,Corporate Technical Drives / CERT-In Recruitment / DRDO Scientist B,
OCC_0076,Chief Information Security Officer,Bachelor's Degree; Master's (MBA/PGDM) preferred,"MBA / PGDM from top tier institution, BBA, B.Tech + MBA",Bachelor's in any discipline with relevant domain track record,"PMP (Project Management Professional), Certified ScrumMaster (CSM)",0-2 yrs for Associate; 4-8 yrs for Project Manager / Product Manager,"CAT, XAT, GMAT, CMAT",
OCC_0077,Mechanical Design Engineer,Bachelor's Degree / Polytechnic Diploma,"B.Tech / B.E. in relevant discipline (Mechanical, Civil, Electrical, Chemical)",Polytechnic Diploma in respective stream with 3+ yrs experience,"AutoCAD Certified Professional, SolidWorks CSWA/CSWP, Lean Six Sigma Green Belt",Entry-Level (0-2 yrs) for Site/Design Engineer; 5-10 yrs for Project Manager,"GATE (for PSUs like IOCL, NTPC, ONGC, BHEL) / State PSC Assistant Engineer",Chartered Engineer (IEI) recommended for senior stamping
OCC_0078,Senior Mechanical Engineer,Bachelor's Degree / Polytechnic Diploma,"B.Tech / B.E. in relevant discipline (Mechanical, Civil, Electrical, Chemical)",Polytechnic Diploma in respective stream with 3+ yrs experience,"AutoCAD Certified Professional, SolidWorks CSWA/CSWP, Lean Six Sigma Green Belt",Entry-Level (0-2 yrs) for Site/Design Engineer; 5-10 yrs for Project Manager,"GATE (for PSUs like IOCL, NTPC, ONGC, BHEL) / State PSC Assistant Engineer",Chartered Engineer (IEI) recommended for senior stamping
OCC_0079,CAD / CAM Engineer,Bachelor's Degree / Polytechnic Diploma,"B.Tech / B.E. in relevant discipline (Mechanical, Civil, Electrical, Chemical)",Polytechnic Diploma in respective stream with 3+ yrs experience,"AutoCAD Certified Professional, SolidWorks CSWA/CSWP, Lean Six Sigma Green Belt",Entry-Level (0-2 yrs) for Site/Design Engineer; 5-10 yrs for Project Manager,"GATE (for PSUs like IOCL, NTPC, ONGC, BHEL) / State PSC Assistant Engineer",Chartered Engineer (IEI) recommended for senior stamping
OCC_0080,FEA Simulation Engineer,Bachelor's Degree / Polytechnic Diploma,"B.Tech / B.E. in relevant discipline (Mechanical, Civil, Electrical, Chemical)",Polytechnic Diploma in respective stream with 3+ yrs experience,"AutoCAD Certified Professional, SolidWorks CSWA/CSWP, Lean Six Sigma Green Belt",Entry-Level (0-2 yrs) for Site/Design Engineer; 5-10 yrs for Project Manager,"GATE (for PSUs like IOCL, NTPC, ONGC, BHEL) / State PSC Assistant Engineer",Chartered Engineer (IEI) recommended for senior stamping
OCC_0081,CFD Simulation Engineer,Bachelor's Degree / Polytechnic Diploma,"B.Tech / B.E. in relevant discipline (Mechanical, Civil, Electrical, Chemical)",Polytechnic Diploma in respective stream with 3+ yrs experience,"AutoCAD Certified Professional, SolidWorks CSWA/CSWP, Lean Six Sigma Green Belt",Entry-Level (0-2 yrs) for Site/Design Engineer; 5-10 yrs for Project Manager,"GATE (for PSUs like IOCL, NTPC, ONGC, BHEL) / State PSC Assistant Engineer",Chartered Engineer (IEI) recommended for senior stamping
OCC_0082,Thermal Systems Engineer,Bachelor's Degree / Polytechnic Diploma,"B.Tech / B.E. in relevant discipline (Mechanical, Civil, Electrical, Chemical)",Polytechnic Diploma in respective stream with 3+ yrs experience,"AutoCAD Certified Professional, SolidWorks CSWA/CSWP, Lean Six Sigma Green Belt",Entry-Level (0-2 yrs) for Site/Design Engineer; 5-10 yrs for Project Manager,"GATE (for PSUs like IOCL, NTPC, ONGC, BHEL) / State PSC Assistant Engineer",Chartered Engineer (IEI) recommended for senior stamping
OCC_0083,HVAC Design Engineer,Bachelor's Degree / Polytechnic Diploma,"B.Tech / B.E. in relevant discipline (Mechanical, Civil, Electrical, Chemical)",Polytechnic Diploma in respective stream with 3+ yrs experience,"AutoCAD Certified Professional, SolidWorks CSWA/CSWP, Lean Six Sigma Green Belt",Entry-Level (0-2 yrs) for Site/Design Engineer; 5-10 yrs for Project Manager,"GATE (for PSUs like IOCL, NTPC, ONGC, BHEL) / State PSC Assistant Engineer",Chartered Engineer (IEI) recommended for senior stamping
OCC_0084,Automotive Systems Engineer,Bachelor's Degree / Polytechnic Diploma,"B.Tech / B.E. in relevant discipline (Mechanical, Civil, Electrical, Chemical)",Polytechnic Diploma in respective stream with 3+ yrs experience,"AutoCAD Certified Professional, SolidWorks CSWA/CSWP, Lean Six Sigma Green Belt",Entry-Level (0-2 yrs) for Site/Design Engineer; 5-10 yrs for Project Manager,"GATE (for PSUs like IOCL, NTPC, ONGC, BHEL) / State PSC Assistant Engineer",Chartered Engineer (IEI) recommended for senior stamping
OCC_0085,Electric Vehicle Powertrain Engineer,Bachelor's Degree / Polytechnic Diploma,"B.Tech / B.E. in relevant discipline (Mechanical, Civil, Electrical, Chemical)",Polytechnic Diploma in respective stream with 3+ yrs experience,"AutoCAD Certified Professional, SolidWorks CSWA/CSWP, Lean Six Sigma Green Belt",Entry-Level (0-2 yrs) for Site/Design Engineer; 5-10 yrs for Project Manager,"GATE (for PSUs like IOCL, NTPC, ONGC, BHEL) / State PSC Assistant Engineer",Chartered Engineer (IEI) recommended for senior stamping
OCC_0086,Battery Management System Engineer,Bachelor's Degree / Polytechnic Diploma,"B.Tech / B.E. in relevant discipline (Mechanical, Civil, Electrical, Chemical)",Polytechnic Diploma in respective stream with 3+ yrs experience,"AutoCAD Certified Professional, SolidWorks CSWA/CSWP, Lean Six Sigma Green Belt",Entry-Level (0-2 yrs) for Site/Design Engineer; 5-10 yrs for Project Manager,"GATE (for PSUs like IOCL, NTPC, ONGC, BHEL) / State PSC Assistant Engineer",Chartered Engineer (IEI) recommended for senior stamping
OCC_0087,Robotics Systems Engineer,Bachelor's Degree / Polytechnic Diploma,"B.Tech / B.E. in relevant discipline (Mechanical, Civil, Electrical, Chemical)",Polytechnic Diploma in respective stream with 3+ yrs experience,"AutoCAD Certified Professional, SolidWorks CSWA/CSWP, Lean Six Sigma Green Belt",Entry-Level (0-2 yrs) for Site/Design Engineer; 5-10 yrs for Project Manager,"GATE (for PSUs like IOCL, NTPC, ONGC, BHEL) / State PSC Assistant Engineer",Chartered Engineer (IEI) recommended for senior stamping
OCC_0088,Industrial Automation and PLC Engineer,Bachelor's Degree / Polytechnic Diploma,"B.Tech / B.E. in relevant discipline (Mechanical, Civil, Electrical, Chemical)",Polytechnic Diploma in respective stream with 3+ yrs experience,"AutoCAD Certified Professional, SolidWorks CSWA/CSWP, Lean Six Sigma Green Belt",Entry-Level (0-2 yrs) for Site/Design Engineer; 5-10 yrs for Project Manager,"GATE (for PSUs like IOCL, NTPC, ONGC, BHEL) / State PSC Assistant Engineer",Chartered Engineer (IEI) recommended for senior stamping
OCC_0089,Mechatronics Engineer,Bachelor's Degree / Polytechnic Diploma,"B.Tech / B.E. in relevant discipline (Mechanical, Civil, Electrical, Chemical)",Polytechnic Diploma in respective stream with 3+ yrs experience,"AutoCAD Certified Professional, SolidWorks CSWA/CSWP, Lean Six Sigma Green Belt",Entry-Level (0-2 yrs) for Site/Design Engineer; 5-10 yrs for Project Manager,"GATE (for PSUs like IOCL, NTPC, ONGC, BHEL) / State PSC Assistant Engineer",Chartered Engineer (IEI) recommended for senior stamping
OCC_0090,Manufacturing Process Engineer,Bachelor's Degree / Polytechnic Diploma,"B.Tech / B.E. in relevant discipline (Mechanical, Civil, Electrical, Chemical)",Polytechnic Diploma in respective stream with 3+ yrs experience,"AutoCAD Certified Professional, SolidWorks CSWA/CSWP, Lean Six Sigma Green Belt",Entry-Level (0-2 yrs) for Site/Design Engineer; 5-10 yrs for Project Manager,"GATE (for PSUs like IOCL, NTPC, ONGC, BHEL) / State PSC Assistant Engineer",Chartered Engineer (IEI) recommended for senior stamping
OCC_0091,Tool and Die Design Engineer,Bachelor's Degree / Polytechnic Diploma,"B.Tech / B.E. in relevant discipline (Mechanical, Civil, Electrical, Chemical)",Polytechnic Diploma in respective stream with 3+ yrs experience,"AutoCAD Certified Professional, SolidWorks CSWA/CSWP, Lean Six Sigma Green Belt",Entry-Level (0-2 yrs) for Site/Design Engineer; 5-10 yrs for Project Manager,"GATE (for PSUs like IOCL, NTPC, ONGC, BHEL) / State PSC Assistant Engineer",Chartered Engineer (IEI) recommended for senior stamping
OCC_0092,Quality Control Engineer - Manufacturing,Bachelor's Degree / Polytechnic Diploma,"B.Tech / B.E. in relevant discipline (Mechanical, Civil, Electrical, Chemical)",Polytechnic Diploma in respective stream with 3+ yrs experience,"AutoCAD Certified Professional, SolidWorks CSWA/CSWP, Lean Six Sigma Green Belt",Entry-Level (0-2 yrs) for Site/Design Engineer; 5-10 yrs for Project Manager,"GATE (for PSUs like IOCL, NTPC, ONGC, BHEL) / State PSC Assistant Engineer",Chartered Engineer (IEI) recommended for senior stamping
OCC_0093,Plant Operations Manager,Bachelor's Degree; Master's (MBA/PGDM) preferred,"MBA / PGDM from top tier institution, BBA, B.Tech + MBA",Bachelor's in any discipline with relevant domain track record,"PMP (Project Management Professional), Certified ScrumMaster (CSM)",0-2 yrs for Associate; 4-8 yrs for Project Manager / Product Manager,"CAT, XAT, GMAT, CMAT",
OCC_0094,Civil Site Engineer,Bachelor's Degree / Polytechnic Diploma,"B.Tech / B.E. in relevant discipline (Mechanical, Civil, Electrical, Chemical)",Polytechnic Diploma in respective stream with 3+ yrs experience,"AutoCAD Certified Professional, SolidWorks CSWA/CSWP, Lean Six Sigma Green Belt",Entry-Level (0-2 yrs) for Site/Design Engineer; 5-10 yrs for Project Manager,"GATE (for PSUs like IOCL, NTPC, ONGC, BHEL) / State PSC Assistant Engineer",Chartered Engineer (IEI) recommended for senior stamping
OCC_0095,Structural Design Engineer,Bachelor's Degree / Polytechnic Diploma,"B.Tech / B.E. in relevant discipline (Mechanical, Civil, Electrical, Chemical)",Polytechnic Diploma in respective stream with 3+ yrs experience,"AutoCAD Certified Professional, SolidWorks CSWA/CSWP, Lean Six Sigma Green Belt",Entry-Level (0-2 yrs) for Site/Design Engineer; 5-10 yrs for Project Manager,"GATE (for PSUs like IOCL, NTPC, ONGC, BHEL) / State PSC Assistant Engineer",Chartered Engineer (IEI) recommended for senior stamping
OCC_0096,Senior Structural Engineer,Bachelor's Degree / Polytechnic Diploma,"B.Tech / B.E. in relevant discipline (Mechanical, Civil, Electrical, Chemical)",Polytechnic Diploma in respective stream with 3+ yrs experience,"AutoCAD Certified Professional, SolidWorks CSWA/CSWP, Lean Six Sigma Green Belt",Entry-Level (0-2 yrs) for Site/Design Engineer; 5-10 yrs for Project Manager,"GATE (for PSUs like IOCL, NTPC, ONGC, BHEL) / State PSC Assistant Engineer",Chartered Engineer (IEI) recommended for senior stamping
OCC_0097,Geotechnical Engineer,Bachelor's Degree / Polytechnic Diploma,"B.Tech / B.E. in relevant discipline (Mechanical, Civil, Electrical, Chemical)",Polytechnic Diploma in respective stream with 3+ yrs experience,"AutoCAD Certified Professional, SolidWorks CSWA/CSWP, Lean Six Sigma Green Belt",Entry-Level (0-2 yrs) for Site/Design Engineer; 5-10 yrs for Project Manager,"GATE (for PSUs like IOCL, NTPC, ONGC, BHEL) / State PSC Assistant Engineer",Chartered Engineer (IEI) recommended for senior stamping
OCC_0098,Highway and Transportation Engineer,Bachelor's Degree / Polytechnic Diploma,"B.Tech / B.E. in relevant discipline (Mechanical, Civil, Electrical, Chemical)",Polytechnic Diploma in respective stream with 3+ yrs experience,"AutoCAD Certified Professional, SolidWorks CSWA/CSWP, Lean Six Sigma Green Belt",Entry-Level (0-2 yrs) for Site/Design Engineer; 5-10 yrs for Project Manager,"GATE (for PSUs like IOCL, NTPC, ONGC, BHEL) / State PSC Assistant Engineer",Chartered Engineer (IEI) recommended for senior stamping
OCC_0099,Water Resources Engineer,Bachelor's Degree / Polytechnic Diploma,"B.Tech / B.E. in relevant discipline (Mechanical, Civil, Electrical, Chemical)",Polytechnic Diploma in respective stream with 3+ yrs experience,"AutoCAD Certified Professional, SolidWorks CSWA/CSWP, Lean Six Sigma Green Belt",Entry-Level (0-2 yrs) for Site/Design Engineer; 5-10 yrs for Project Manager,"GATE (for PSUs like IOCL, NTPC, ONGC, BHEL) / State PSC Assistant Engineer",Chartered Engineer (IEI) recommended for senior stamping
OCC_0100,Environmental Impact Engineer,Bachelor's Degree / Polytechnic Diploma,"B.Tech / B.E. in relevant discipline (Mechanical, Civil, Electrical, Chemical)",Polytechnic Diploma in respective stream with 3+ yrs experience,"AutoCAD Certified Professional, SolidWorks CSWA/CSWP, Lean Six Sigma Green Belt",Entry-Level (0-2 yrs) for Site/Design Engineer; 5-10 yrs for Project Manager,"GATE (for PSUs like IOCL, NTPC, ONGC, BHEL) / State PSC Assistant Engineer",Chartered Engineer (IEI) recommended for senior stamping
OCC_0101,Construction Project Manager,Bachelor's Degree; Master's (MBA/PGDM) preferred,"MBA / PGDM from top tier institution, BBA, B.Tech + MBA",Bachelor's in any discipline with relevant domain track record,"PMP (Project Management Professional), Certified ScrumMaster (CSM)",0-2 yrs for Associate; 4-8 yrs for Project Manager / Product Manager,"CAT, XAT, GMAT, CMAT",
OCC_0102,Quantity Surveyor and Cost Estimator,Bachelor's Degree / Polytechnic Diploma,"B.Tech / B.E. in relevant discipline (Mechanical, Civil, Electrical, Chemical)",Polytechnic Diploma in respective stream with 3+ yrs experience,"AutoCAD Certified Professional, SolidWorks CSWA/CSWP, Lean Six Sigma Green Belt",Entry-Level (0-2 yrs) for Site/Design Engineer; 5-10 yrs for Project Manager,"GATE (for PSUs like IOCL, NTPC, ONGC, BHEL) / State PSC Assistant Engineer",Chartered Engineer (IEI) recommended for senior stamping
OCC_0103,Electrical Design Engineer,Bachelor's Degree / Polytechnic Diploma,"B.Tech / B.E. in relevant discipline (Mechanical, Civil, Electrical, Chemical)",Polytechnic Diploma in respective stream with 3+ yrs experience,"AutoCAD Certified Professional, SolidWorks CSWA/CSWP, Lean Six Sigma Green Belt",Entry-Level (0-2 yrs) for Site/Design Engineer; 5-10 yrs for Project Manager,"GATE (for PSUs like IOCL, NTPC, ONGC, BHEL) / State PSC Assistant Engineer",Chartered Engineer (IEI) recommended for senior stamping
OCC_0104,Power Systems Operation Engineer,Bachelor's Degree / Polytechnic Diploma,"B.Tech / B.E. in relevant discipline (Mechanical, Civil, Electrical, Chemical)",Polytechnic Diploma in respective stream with 3+ yrs experience,"AutoCAD Certified Professional, SolidWorks CSWA/CSWP, Lean Six Sigma Green Belt",Entry-Level (0-2 yrs) for Site/Design Engineer; 5-10 yrs for Project Manager,"GATE (for PSUs like IOCL, NTPC, ONGC, BHEL) / State PSC Assistant Engineer",Chartered Engineer (IEI) recommended for senior stamping
OCC_0105,Electrical Substation Engineer,Bachelor's Degree / Polytechnic Diploma,"B.Tech / B.E. in relevant discipline (Mechanical, Civil, Electrical, Chemical)",Polytechnic Diploma in respective stream with 3+ yrs experience,"AutoCAD Certified Professional, SolidWorks CSWA/CSWP, Lean Six Sigma Green Belt",Entry-Level (0-2 yrs) for Site/Design Engineer; 5-10 yrs for Project Manager,"GATE (for PSUs like IOCL, NTPC, ONGC, BHEL) / State PSC Assistant Engineer",Chartered Engineer (IEI) recommended for senior stamping
OCC_0106,Renewable Energy Systems Engineer,Bachelor's Degree / Polytechnic Diploma,"B.Tech / B.E. in relevant discipline (Mechanical, Civil, Electrical, Chemical)",Polytechnic Diploma in respective stream with 3+ yrs experience,"AutoCAD Certified Professional, SolidWorks CSWA/CSWP, Lean Six Sigma Green Belt",Entry-Level (0-2 yrs) for Site/Design Engineer; 5-10 yrs for Project Manager,"GATE (for PSUs like IOCL, NTPC, ONGC, BHEL) / State PSC Assistant Engineer",Chartered Engineer (IEI) recommended for senior stamping
OCC_0107,Solar PV Plant Engineer,Bachelor's Degree / Polytechnic Diploma,"B.Tech / B.E. in relevant discipline (Mechanical, Civil, Electrical, Chemical)",Polytechnic Diploma in respective stream with 3+ yrs experience,"AutoCAD Certified Professional, SolidWorks CSWA/CSWP, Lean Six Sigma Green Belt",Entry-Level (0-2 yrs) for Site/Design Engineer; 5-10 yrs for Project Manager,"GATE (for PSUs like IOCL, NTPC, ONGC, BHEL) / State PSC Assistant Engineer",Chartered Engineer (IEI) recommended for senior stamping
OCC_0108,Wind Turbine Systems Engineer,Bachelor's Degree / Polytechnic Diploma,"B.Tech / B.E. in relevant discipline (Mechanical, Civil, Electrical, Chemical)",Polytechnic Diploma in respective stream with 3+ yrs experience,"AutoCAD Certified Professional, SolidWorks CSWA/CSWP, Lean Six Sigma Green Belt",Entry-Level (0-2 yrs) for Site/Design Engineer; 5-10 yrs for Project Manager,"GATE (for PSUs like IOCL, NTPC, ONGC, BHEL) / State PSC Assistant Engineer",Chartered Engineer (IEI) recommended for senior stamping
OCC_0109,Chemical Process Engineer,Bachelor's Degree / Polytechnic Diploma,"B.Tech / B.E. in relevant discipline (Mechanical, Civil, Electrical, Chemical)",Polytechnic Diploma in respective stream with 3+ yrs experience,"AutoCAD Certified Professional, SolidWorks CSWA/CSWP, Lean Six Sigma Green Belt",Entry-Level (0-2 yrs) for Site/Design Engineer; 5-10 yrs for Project Manager,"GATE (for PSUs like IOCL, NTPC, ONGC, BHEL) / State PSC Assistant Engineer",Chartered Engineer (IEI) recommended for senior stamping
OCC_0110,Refinery Operations Engineer,Bachelor's Degree / Polytechnic Diploma,"B.Tech / B.E. in relevant discipline (Mechanical, Civil, Electrical, Chemical)",Polytechnic Diploma in respective stream with 3+ yrs experience,"AutoCAD Certified Professional, SolidWorks CSWA/CSWP, Lean Six Sigma Green Belt",Entry-Level (0-2 yrs) for Site/Design Engineer; 5-10 yrs for Project Manager,"GATE (for PSUs like IOCL, NTPC, ONGC, BHEL) / State PSC Assistant Engineer",Chartered Engineer (IEI) recommended for senior stamping
OCC_0111,Petrochemical Synthesis Engineer,Bachelor's Degree / Polytechnic Diploma,"B.Tech / B.E. in relevant discipline (Mechanical, Civil, Electrical, Chemical)",Polytechnic Diploma in respective stream with 3+ yrs experience,"AutoCAD Certified Professional, SolidWorks CSWA/CSWP, Lean Six Sigma Green Belt",Entry-Level (0-2 yrs) for Site/Design Engineer; 5-10 yrs for Project Manager,"GATE (for PSUs like IOCL, NTPC, ONGC, BHEL) / State PSC Assistant Engineer",Chartered Engineer (IEI) recommended for senior stamping
OCC_0112,Polymer Process Engineer,Bachelor's Degree / Polytechnic Diploma,"B.Tech / B.E. in relevant discipline (Mechanical, Civil, Electrical, Chemical)",Polytechnic Diploma in respective stream with 3+ yrs experience,"AutoCAD Certified Professional, SolidWorks CSWA/CSWP, Lean Six Sigma Green Belt",Entry-Level (0-2 yrs) for Site/Design Engineer; 5-10 yrs for Project Manager,"GATE (for PSUs like IOCL, NTPC, ONGC, BHEL) / State PSC Assistant Engineer",Chartered Engineer (IEI) recommended for senior stamping
OCC_0113,Process Safety Management Engineer,Bachelor's Degree / Polytechnic Diploma,"B.Tech / B.E. in relevant discipline (Mechanical, Civil, Electrical, Chemical)",Polytechnic Diploma in respective stream with 3+ yrs experience,"AutoCAD Certified Professional, SolidWorks CSWA/CSWP, Lean Six Sigma Green Belt",Entry-Level (0-2 yrs) for Site/Design Engineer; 5-10 yrs for Project Manager,"GATE (for PSUs like IOCL, NTPC, ONGC, BHEL) / State PSC Assistant Engineer",Chartered Engineer (IEI) recommended for senior stamping
OCC_0114,Aerospace Propulsion Engineer,Bachelor's Degree / Polytechnic Diploma,"B.Tech / B.E. in relevant discipline (Mechanical, Civil, Electrical, Chemical)",Polytechnic Diploma in respective stream with 3+ yrs experience,"AutoCAD Certified Professional, SolidWorks CSWA/CSWP, Lean Six Sigma Green Belt",Entry-Level (0-2 yrs) for Site/Design Engineer; 5-10 yrs for Project Manager,"GATE (for PSUs like IOCL, NTPC, ONGC, BHEL) / State PSC Assistant Engineer",Chartered Engineer (IEI) recommended for senior stamping
OCC_0115,Aerodynamics Design Engineer,Bachelor's Degree / Polytechnic Diploma,"B.Tech / B.E. in relevant discipline (Mechanical, Civil, Electrical, Chemical)",Polytechnic Diploma in respective stream with 3+ yrs experience,"AutoCAD Certified Professional, SolidWorks CSWA/CSWP, Lean Six Sigma Green Belt",Entry-Level (0-2 yrs) for Site/Design Engineer; 5-10 yrs for Project Manager,"GATE (for PSUs like IOCL, NTPC, ONGC, BHEL) / State PSC Assistant Engineer",Chartered Engineer (IEI) recommended for senior stamping
OCC_0116,Avionics Systems Engineer,Bachelor's Degree / Polytechnic Diploma,"B.Tech / B.E. in relevant discipline (Mechanical, Civil, Electrical, Chemical)",Polytechnic Diploma in respective stream with 3+ yrs experience,"AutoCAD Certified Professional, SolidWorks CSWA/CSWP, Lean Six Sigma Green Belt",Entry-Level (0-2 yrs) for Site/Design Engineer; 5-10 yrs for Project Manager,"GATE (for PSUs like IOCL, NTPC, ONGC, BHEL) / State PSC Assistant Engineer",Chartered Engineer (IEI) recommended for senior stamping
OCC_0117,UAV Systems Engineer,Bachelor's Degree / Polytechnic Diploma,"B.Tech / B.E. in relevant discipline (Mechanical, Civil, Electrical, Chemical)",Polytechnic Diploma in respective stream with 3+ yrs experience,"AutoCAD Certified Professional, SolidWorks CSWA/CSWP, Lean Six Sigma Green Belt",Entry-Level (0-2 yrs) for Site/Design Engineer; 5-10 yrs for Project Manager,"GATE (for PSUs like IOCL, NTPC, ONGC, BHEL) / State PSC Assistant Engineer",Chartered Engineer (IEI) recommended for senior stamping
OCC_0118,Marine Propulsion Engineer,Bachelor's Degree / Polytechnic Diploma,"B.Tech / B.E. in relevant discipline (Mechanical, Civil, Electrical, Chemical)",Polytechnic Diploma in respective stream with 3+ yrs experience,"AutoCAD Certified Professional, SolidWorks CSWA/CSWP, Lean Six Sigma Green Belt",Entry-Level (0-2 yrs) for Site/Design Engineer; 5-10 yrs for Project Manager,"GATE (for PSUs like IOCL, NTPC, ONGC, BHEL) / State PSC Assistant Engineer",Chartered Engineer (IEI) recommended for senior stamping
OCC_0119,Naval Architect,Bachelor's Degree / Polytechnic Diploma,"B.Tech / B.E. in relevant discipline (Mechanical, Civil, Electrical, Chemical)",Polytechnic Diploma in respective stream with 3+ yrs experience,"AutoCAD Certified Professional, SolidWorks CSWA/CSWP, Lean Six Sigma Green Belt",Entry-Level (0-2 yrs) for Site/Design Engineer; 5-10 yrs for Project Manager,"GATE (for PSUs like IOCL, NTPC, ONGC, BHEL) / State PSC Assistant Engineer",Chartered Engineer (IEI) recommended for senior stamping
OCC_0120,Petroleum Reservoir Engineer,Bachelor's Degree / Polytechnic Diploma,"B.Tech / B.E. in relevant discipline (Mechanical, Civil, Electrical, Chemical)",Polytechnic Diploma in respective stream with 3+ yrs experience,"AutoCAD Certified Professional, SolidWorks CSWA/CSWP, Lean Six Sigma Green Belt",Entry-Level (0-2 yrs) for Site/Design Engineer; 5-10 yrs for Project Manager,"GATE (for PSUs like IOCL, NTPC, ONGC, BHEL) / State PSC Assistant Engineer",Chartered Engineer (IEI) recommended for senior stamping
OCC_0121,Drilling Operations Engineer,Bachelor's Degree / Polytechnic Diploma,"B.Tech / B.E. in relevant discipline (Mechanical, Civil, Electrical, Chemical)",Polytechnic Diploma in respective stream with 3+ yrs experience,"AutoCAD Certified Professional, SolidWorks CSWA/CSWP, Lean Six Sigma Green Belt",Entry-Level (0-2 yrs) for Site/Design Engineer; 5-10 yrs for Project Manager,"GATE (for PSUs like IOCL, NTPC, ONGC, BHEL) / State PSC Assistant Engineer",Chartered Engineer (IEI) recommended for senior stamping
OCC_0122,Biomedical Equipment Engineer,Bachelor's Degree / Polytechnic Diploma,"B.Tech / B.E. in relevant discipline (Mechanical, Civil, Electrical, Chemical)",Polytechnic Diploma in respective stream with 3+ yrs experience,"AutoCAD Certified Professional, SolidWorks CSWA/CSWP, Lean Six Sigma Green Belt",Entry-Level (0-2 yrs) for Site/Design Engineer; 5-10 yrs for Project Manager,"GATE (for PSUs like IOCL, NTPC, ONGC, BHEL) / State PSC Assistant Engineer",Chartered Engineer (IEI) recommended for senior stamping
OCC_0123,Medical Device R&D Engineer,Bachelor's Degree / Polytechnic Diploma,"B.Tech / B.E. in relevant discipline (Mechanical, Civil, Electrical, Chemical)",Polytechnic Diploma in respective stream with 3+ yrs experience,"AutoCAD Certified Professional, SolidWorks CSWA/CSWP, Lean Six Sigma Green Belt",Entry-Level (0-2 yrs) for Site/Design Engineer; 5-10 yrs for Project Manager,"GATE (for PSUs like IOCL, NTPC, ONGC, BHEL) / State PSC Assistant Engineer",Chartered Engineer (IEI) recommended for senior stamping
OCC_0124,Materials and Metallurgy Engineer,Bachelor's Degree / Polytechnic Diploma,"B.Tech / B.E. in relevant discipline (Mechanical, Civil, Electrical, Chemical)",Polytechnic Diploma in respective stream with 3+ yrs experience,"AutoCAD Certified Professional, SolidWorks CSWA/CSWP, Lean Six Sigma Green Belt",Entry-Level (0-2 yrs) for Site/Design Engineer; 5-10 yrs for Project Manager,"GATE (for PSUs like IOCL, NTPC, ONGC, BHEL) / State PSC Assistant Engineer",Chartered Engineer (IEI) recommended for senior stamping
OCC_0125,Corrosion Control Specialist,Bachelor's Degree / Polytechnic Diploma,"B.Tech / B.E. in relevant discipline (Mechanical, Civil, Electrical, Chemical)",Polytechnic Diploma in respective stream with 3+ yrs experience,"AutoCAD Certified Professional, SolidWorks CSWA/CSWP, Lean Six Sigma Green Belt",Entry-Level (0-2 yrs) for Site/Design Engineer; 5-10 yrs for Project Manager,"GATE (for PSUs like IOCL, NTPC, ONGC, BHEL) / State PSC Assistant Engineer",Chartered Engineer (IEI) recommended for senior stamping
OCC_0126,Precision Agriculture Machinery Engineer,Bachelor's Degree / Polytechnic Diploma,"B.Tech / B.E. in relevant discipline (Mechanical, Civil, Electrical, Chemical)",Polytechnic Diploma in respective stream with 3+ yrs experience,"AutoCAD Certified Professional, SolidWorks CSWA/CSWP, Lean Six Sigma Green Belt",Entry-Level (0-2 yrs) for Site/Design Engineer; 5-10 yrs for Project Manager,"GATE (for PSUs like IOCL, NTPC, ONGC, BHEL) / State PSC Assistant Engineer",Chartered Engineer (IEI) recommended for senior stamping
OCC_0127,VLSI Design Engineer,Bachelor's Degree / Polytechnic Diploma,"B.Tech / B.E. in relevant discipline (Mechanical, Civil, Electrical, Chemical)",Polytechnic Diploma in respective stream with 3+ yrs experience,"AutoCAD Certified Professional, SolidWorks CSWA/CSWP, Lean Six Sigma Green Belt",Entry-Level (0-2 yrs) for Site/Design Engineer; 5-10 yrs for Project Manager,"GATE (for PSUs like IOCL, NTPC, ONGC, BHEL) / State PSC Assistant Engineer",Chartered Engineer (IEI) recommended for senior stamping
OCC_0128,Semiconductor Verification Engineer,Bachelor's Degree / Polytechnic Diploma,"B.Tech / B.E. in relevant discipline (Mechanical, Civil, Electrical, Chemical)",Polytechnic Diploma in respective stream with 3+ yrs experience,"AutoCAD Certified Professional, SolidWorks CSWA/CSWP, Lean Six Sigma Green Belt",Entry-Level (0-2 yrs) for Site/Design Engineer; 5-10 yrs for Project Manager,"GATE (for PSUs like IOCL, NTPC, ONGC, BHEL) / State PSC Assistant Engineer",Chartered Engineer (IEI) recommended for senior stamping
OCC_0129,General Physician,Professional Bachelor's Degree (MBBS / BDS / B.Pharm / B.Sc Nursing / BPT),MBBS followed by MD/MS; BDS followed by MDS; B.Pharm; B.Sc Nursing,"Allied Health Sciences Degree (BMLT, Optometry) for technologist roles","ACLS / BLS Certification, NABH Assessor Certification",Internship (1 yr compulsory) for Medical; 3-5 yrs post-residency for Specialists,"NEET-UG, NEET-PG, INI-CET, GPAT (for Pharmacy), State Nursing CET",NMC (National Medical Commission) / State Medical Council Registration; State Pharmacy / Dental Council
OCC_0130,Internal Medicine Specialist,Professional Bachelor's Degree (MBBS / BDS / B.Pharm / B.Sc Nursing / BPT),MBBS followed by MD/MS; BDS followed by MDS; B.Pharm; B.Sc Nursing,"Allied Health Sciences Degree (BMLT, Optometry) for technologist roles","ACLS / BLS Certification, NABH Assessor Certification",Internship (1 yr compulsory) for Medical; 3-5 yrs post-residency for Specialists,"NEET-UG, NEET-PG, INI-CET, GPAT (for Pharmacy), State Nursing CET",NMC (National Medical Commission) / State Medical Council Registration; State Pharmacy / Dental Council
OCC_0131,General Surgeon,Professional Bachelor's Degree (MBBS / BDS / B.Pharm / B.Sc Nursing / BPT),MBBS followed by MD/MS; BDS followed by MDS; B.Pharm; B.Sc Nursing,"Allied Health Sciences Degree (BMLT, Optometry) for technologist roles","ACLS / BLS Certification, NABH Assessor Certification",Internship (1 yr compulsory) for Medical; 3-5 yrs post-residency for Specialists,"NEET-UG, NEET-PG, INI-CET, GPAT (for Pharmacy), State Nursing CET",NMC (National Medical Commission) / State Medical Council Registration; State Pharmacy / Dental Council
OCC_0132,Pediatrician,Professional Bachelor's Degree (MBBS / BDS / B.Pharm / B.Sc Nursing / BPT),MBBS followed by MD/MS; BDS followed by MDS; B.Pharm; B.Sc Nursing,"Allied Health Sciences Degree (BMLT, Optometry) for technologist roles","ACLS / BLS Certification, NABH Assessor Certification",Internship (1 yr compulsory) for Medical; 3-5 yrs post-residency for Specialists,"NEET-UG, NEET-PG, INI-CET, GPAT (for Pharmacy), State Nursing CET",NMC (National Medical Commission) / State Medical Council Registration; State Pharmacy / Dental Council
OCC_0133,Cardiologist,Professional Bachelor's Degree (MBBS / BDS / B.Pharm / B.Sc Nursing / BPT),MBBS followed by MD/MS; BDS followed by MDS; B.Pharm; B.Sc Nursing,"Allied Health Sciences Degree (BMLT, Optometry) for technologist roles","ACLS / BLS Certification, NABH Assessor Certification",Internship (1 yr compulsory) for Medical; 3-5 yrs post-residency for Specialists,"NEET-UG, NEET-PG, INI-CET, GPAT (for Pharmacy), State Nursing CET",NMC (National Medical Commission) / State Medical Council Registration; State Pharmacy / Dental Council
OCC_0134,Neurologist,Professional Bachelor's Degree (MBBS / BDS / B.Pharm / B.Sc Nursing / BPT),MBBS followed by MD/MS; BDS followed by MDS; B.Pharm; B.Sc Nursing,"Allied Health Sciences Degree (BMLT, Optometry) for technologist roles","ACLS / BLS Certification, NABH Assessor Certification",Internship (1 yr compulsory) for Medical; 3-5 yrs post-residency for Specialists,"NEET-UG, NEET-PG, INI-CET, GPAT (for Pharmacy), State Nursing CET",NMC (National Medical Commission) / State Medical Council Registration; State Pharmacy / Dental Council
OCC_0135,Orthopedic Surgeon,Professional Bachelor's Degree (MBBS / BDS / B.Pharm / B.Sc Nursing / BPT),MBBS followed by MD/MS; BDS followed by MDS; B.Pharm; B.Sc Nursing,"Allied Health Sciences Degree (BMLT, Optometry) for technologist roles","ACLS / BLS Certification, NABH Assessor Certification",Internship (1 yr compulsory) for Medical; 3-5 yrs post-residency for Specialists,"NEET-UG, NEET-PG, INI-CET, GPAT (for Pharmacy), State Nursing CET",NMC (National Medical Commission) / State Medical Council Registration; State Pharmacy / Dental Council
OCC_0136,Diagnostic Radiologist,Professional Bachelor's Degree (MBBS / BDS / B.Pharm / B.Sc Nursing / BPT),MBBS followed by MD/MS; BDS followed by MDS; B.Pharm; B.Sc Nursing,"Allied Health Sciences Degree (BMLT, Optometry) for technologist roles","ACLS / BLS Certification, NABH Assessor Certification",Internship (1 yr compulsory) for Medical; 3-5 yrs post-residency for Specialists,"NEET-UG, NEET-PG, INI-CET, GPAT (for Pharmacy), State Nursing CET",NMC (National Medical Commission) / State Medical Council Registration; State Pharmacy / Dental Council
OCC_0137,Clinical Pathologist,Professional Bachelor's Degree (MBBS / BDS / B.Pharm / B.Sc Nursing / BPT),MBBS followed by MD/MS; BDS followed by MDS; B.Pharm; B.Sc Nursing,"Allied Health Sciences Degree (BMLT, Optometry) for technologist roles","ACLS / BLS Certification, NABH Assessor Certification",Internship (1 yr compulsory) for Medical; 3-5 yrs post-residency for Specialists,"NEET-UG, NEET-PG, INI-CET, GPAT (for Pharmacy), State Nursing CET",NMC (National Medical Commission) / State Medical Council Registration; State Pharmacy / Dental Council
OCC_0138,Anesthesiologist,Professional Bachelor's Degree (MBBS / BDS / B.Pharm / B.Sc Nursing / BPT),MBBS followed by MD/MS; BDS followed by MDS; B.Pharm; B.Sc Nursing,"Allied Health Sciences Degree (BMLT, Optometry) for technologist roles","ACLS / BLS Certification, NABH Assessor Certification",Internship (1 yr compulsory) for Medical; 3-5 yrs post-residency for Specialists,"NEET-UG, NEET-PG, INI-CET, GPAT (for Pharmacy), State Nursing CET",NMC (National Medical Commission) / State Medical Council Registration; State Pharmacy / Dental Council
OCC_0139,Dermatologist,Professional Bachelor's Degree (MBBS / BDS / B.Pharm / B.Sc Nursing / BPT),MBBS followed by MD/MS; BDS followed by MDS; B.Pharm; B.Sc Nursing,"Allied Health Sciences Degree (BMLT, Optometry) for technologist roles","ACLS / BLS Certification, NABH Assessor Certification",Internship (1 yr compulsory) for Medical; 3-5 yrs post-residency for Specialists,"NEET-UG, NEET-PG, INI-CET, GPAT (for Pharmacy), State Nursing CET",NMC (National Medical Commission) / State Medical Council Registration; State Pharmacy / Dental Council
OCC_0140,Psychiatrist,Professional Bachelor's Degree (MBBS / BDS / B.Pharm / B.Sc Nursing / BPT),MBBS followed by MD/MS; BDS followed by MDS; B.Pharm; B.Sc Nursing,"Allied Health Sciences Degree (BMLT, Optometry) for technologist roles","ACLS / BLS Certification, NABH Assessor Certification",Internship (1 yr compulsory) for Medical; 3-5 yrs post-residency for Specialists,"NEET-UG, NEET-PG, INI-CET, GPAT (for Pharmacy), State Nursing CET",NMC (National Medical Commission) / State Medical Council Registration; State Pharmacy / Dental Council
OCC_0141,General Dental Practitioner,Professional Bachelor's Degree (MBBS / BDS / B.Pharm / B.Sc Nursing / BPT),MBBS followed by MD/MS; BDS followed by MDS; B.Pharm; B.Sc Nursing,"Allied Health Sciences Degree (BMLT, Optometry) for technologist roles","ACLS / BLS Certification, NABH Assessor Certification",Internship (1 yr compulsory) for Medical; 3-5 yrs post-residency for Specialists,"NEET-UG, NEET-PG, INI-CET, GPAT (for Pharmacy), State Nursing CET",NMC (National Medical Commission) / State Medical Council Registration; State Pharmacy / Dental Council
OCC_0142,Orthodontist,Professional Bachelor's Degree (MBBS / BDS / B.Pharm / B.Sc Nursing / BPT),MBBS followed by MD/MS; BDS followed by MDS; B.Pharm; B.Sc Nursing,"Allied Health Sciences Degree (BMLT, Optometry) for technologist roles","ACLS / BLS Certification, NABH Assessor Certification",Internship (1 yr compulsory) for Medical; 3-5 yrs post-residency for Specialists,"NEET-UG, NEET-PG, INI-CET, GPAT (for Pharmacy), State Nursing CET",NMC (National Medical Commission) / State Medical Council Registration; State Pharmacy / Dental Council
OCC_0143,Oral and Maxillofacial Surgeon,Professional Bachelor's Degree (MBBS / BDS / B.Pharm / B.Sc Nursing / BPT),MBBS followed by MD/MS; BDS followed by MDS; B.Pharm; B.Sc Nursing,"Allied Health Sciences Degree (BMLT, Optometry) for technologist roles","ACLS / BLS Certification, NABH Assessor Certification",Internship (1 yr compulsory) for Medical; 3-5 yrs post-residency for Specialists,"NEET-UG, NEET-PG, INI-CET, GPAT (for Pharmacy), State Nursing CET",NMC (National Medical Commission) / State Medical Council Registration; State Pharmacy / Dental Council
OCC_0144,Ayurvedic Medical Officer,Professional Bachelor's Degree (MBBS / BDS / B.Pharm / B.Sc Nursing / BPT),MBBS followed by MD/MS; BDS followed by MDS; B.Pharm; B.Sc Nursing,"Allied Health Sciences Degree (BMLT, Optometry) for technologist roles","ACLS / BLS Certification, NABH Assessor Certification",Internship (1 yr compulsory) for Medical; 3-5 yrs post-residency for Specialists,"NEET-UG, NEET-PG, INI-CET, GPAT (for Pharmacy), State Nursing CET",NMC (National Medical Commission) / State Medical Council Registration; State Pharmacy / Dental Council
OCC_0145,Clinical Psychologist,Professional Bachelor's Degree (MBBS / BDS / B.Pharm / B.Sc Nursing / BPT),MBBS followed by MD/MS; BDS followed by MDS; B.Pharm; B.Sc Nursing,"Allied Health Sciences Degree (BMLT, Optometry) for technologist roles","ACLS / BLS Certification, NABH Assessor Certification",Internship (1 yr compulsory) for Medical; 3-5 yrs post-residency for Specialists,"NEET-UG, NEET-PG, INI-CET, GPAT (for Pharmacy), State Nursing CET",NMC (National Medical Commission) / State Medical Council Registration; State Pharmacy / Dental Council
OCC_0146,Counseling Psychologist,Professional Bachelor's Degree (MBBS / BDS / B.Pharm / B.Sc Nursing / BPT),MBBS followed by MD/MS; BDS followed by MDS; B.Pharm; B.Sc Nursing,"Allied Health Sciences Degree (BMLT, Optometry) for technologist roles","ACLS / BLS Certification, NABH Assessor Certification",Internship (1 yr compulsory) for Medical; 3-5 yrs post-residency for Specialists,"NEET-UG, NEET-PG, INI-CET, GPAT (for Pharmacy), State Nursing CET",NMC (National Medical Commission) / State Medical Council Registration; State Pharmacy / Dental Council
OCC_0147,Neuropsychologist,Professional Bachelor's Degree (MBBS / BDS / B.Pharm / B.Sc Nursing / BPT),MBBS followed by MD/MS; BDS followed by MDS; B.Pharm; B.Sc Nursing,"Allied Health Sciences Degree (BMLT, Optometry) for technologist roles","ACLS / BLS Certification, NABH Assessor Certification",Internship (1 yr compulsory) for Medical; 3-5 yrs post-residency for Specialists,"NEET-UG, NEET-PG, INI-CET, GPAT (for Pharmacy), State Nursing CET",NMC (National Medical Commission) / State Medical Council Registration; State Pharmacy / Dental Council
OCC_0148,Psychiatric Social Worker,Professional Bachelor's Degree (MBBS / BDS / B.Pharm / B.Sc Nursing / BPT),MBBS followed by MD/MS; BDS followed by MDS; B.Pharm; B.Sc Nursing,"Allied Health Sciences Degree (BMLT, Optometry) for technologist roles","ACLS / BLS Certification, NABH Assessor Certification",Internship (1 yr compulsory) for Medical; 3-5 yrs post-residency for Specialists,"NEET-UG, NEET-PG, INI-CET, GPAT (for Pharmacy), State Nursing CET",NMC (National Medical Commission) / State Medical Council Registration; State Pharmacy / Dental Council
OCC_0149,Registered Staff Nurse,Professional Bachelor's Degree (MBBS / BDS / B.Pharm / B.Sc Nursing / BPT),MBBS followed by MD/MS; BDS followed by MDS; B.Pharm; B.Sc Nursing,"Allied Health Sciences Degree (BMLT, Optometry) for technologist roles","ACLS / BLS Certification, NABH Assessor Certification",Internship (1 yr compulsory) for Medical; 3-5 yrs post-residency for Specialists,"NEET-UG, NEET-PG, INI-CET, GPAT (for Pharmacy), State Nursing CET",NMC (National Medical Commission) / State Medical Council Registration; State Pharmacy / Dental Council
OCC_0150,Critical Care ICU Specialist Nurse,Professional Bachelor's Degree (MBBS / BDS / B.Pharm / B.Sc Nursing / BPT),MBBS followed by MD/MS; BDS followed by MDS; B.Pharm; B.Sc Nursing,"Allied Health Sciences Degree (BMLT, Optometry) for technologist roles","ACLS / BLS Certification, NABH Assessor Certification",Internship (1 yr compulsory) for Medical; 3-5 yrs post-residency for Specialists,"NEET-UG, NEET-PG, INI-CET, GPAT (for Pharmacy), State Nursing CET",NMC (National Medical Commission) / State Medical Council Registration; State Pharmacy / Dental Council
OCC_0151,Community Health Nurse,Professional Bachelor's Degree (MBBS / BDS / B.Pharm / B.Sc Nursing / BPT),MBBS followed by MD/MS; BDS followed by MDS; B.Pharm; B.Sc Nursing,"Allied Health Sciences Degree (BMLT, Optometry) for technologist roles","ACLS / BLS Certification, NABH Assessor Certification",Internship (1 yr compulsory) for Medical; 3-5 yrs post-residency for Specialists,"NEET-UG, NEET-PG, INI-CET, GPAT (for Pharmacy), State Nursing CET",NMC (National Medical Commission) / State Medical Council Registration; State Pharmacy / Dental Council
OCC_0152,Nursing Supervisor,Bachelor's Degree; Master's (MBA/PGDM) preferred,"MBA / PGDM from top tier institution, BBA, B.Tech + MBA",Bachelor's in any discipline with relevant domain track record,"PMP (Project Management Professional), Certified ScrumMaster (CSM)",0-2 yrs for Associate; 4-8 yrs for Project Manager / Product Manager,"CAT, XAT, GMAT, CMAT",
OCC_0153,Consultant Physiotherapist,Professional Bachelor's Degree (MBBS / BDS / B.Pharm / B.Sc Nursing / BPT),MBBS followed by MD/MS; BDS followed by MDS; B.Pharm; B.Sc Nursing,"Allied Health Sciences Degree (BMLT, Optometry) for technologist roles","ACLS / BLS Certification, NABH Assessor Certification",Internship (1 yr compulsory) for Medical; 3-5 yrs post-residency for Specialists,"NEET-UG, NEET-PG, INI-CET, GPAT (for Pharmacy), State Nursing CET",NMC (National Medical Commission) / State Medical Council Registration; State Pharmacy / Dental Council
OCC_0154,Sports Rehabilitation Specialist,Professional Bachelor's Degree (MBBS / BDS / B.Pharm / B.Sc Nursing / BPT),MBBS followed by MD/MS; BDS followed by MDS; B.Pharm; B.Sc Nursing,"Allied Health Sciences Degree (BMLT, Optometry) for technologist roles","ACLS / BLS Certification, NABH Assessor Certification",Internship (1 yr compulsory) for Medical; 3-5 yrs post-residency for Specialists,"NEET-UG, NEET-PG, INI-CET, GPAT (for Pharmacy), State Nursing CET",NMC (National Medical Commission) / State Medical Council Registration; State Pharmacy / Dental Council
OCC_0155,Retail and Dispensing Pharmacist,Professional Bachelor's Degree (MBBS / BDS / B.Pharm / B.Sc Nursing / BPT),MBBS followed by MD/MS; BDS followed by MDS; B.Pharm; B.Sc Nursing,"Allied Health Sciences Degree (BMLT, Optometry) for technologist roles","ACLS / BLS Certification, NABH Assessor Certification",Internship (1 yr compulsory) for Medical; 3-5 yrs post-residency for Specialists,"NEET-UG, NEET-PG, INI-CET, GPAT (for Pharmacy), State Nursing CET",NMC (National Medical Commission) / State Medical Council Registration; State Pharmacy / Dental Council
OCC_0156,Hospital Clinical Pharmacist,Professional Bachelor's Degree (MBBS / BDS / B.Pharm / B.Sc Nursing / BPT),MBBS followed by MD/MS; BDS followed by MDS; B.Pharm; B.Sc Nursing,"Allied Health Sciences Degree (BMLT, Optometry) for technologist roles","ACLS / BLS Certification, NABH Assessor Certification",Internship (1 yr compulsory) for Medical; 3-5 yrs post-residency for Specialists,"NEET-UG, NEET-PG, INI-CET, GPAT (for Pharmacy), State Nursing CET",NMC (National Medical Commission) / State Medical Council Registration; State Pharmacy / Dental Council
OCC_0157,Industrial Pharmaceutical Formulation Scientist,Professional Bachelor's Degree (MBBS / BDS / B.Pharm / B.Sc Nursing / BPT),MBBS followed by MD/MS; BDS followed by MDS; B.Pharm; B.Sc Nursing,"Allied Health Sciences Degree (BMLT, Optometry) for technologist roles","ACLS / BLS Certification, NABH Assessor Certification",Internship (1 yr compulsory) for Medical; 3-5 yrs post-residency for Specialists,"NEET-UG, NEET-PG, INI-CET, GPAT (for Pharmacy), State Nursing CET",NMC (National Medical Commission) / State Medical Council Registration; State Pharmacy / Dental Council
OCC_0158,Pharmaceutical Quality Control Analyst,Professional Bachelor's Degree (MBBS / BDS / B.Pharm / B.Sc Nursing / BPT),MBBS followed by MD/MS; BDS followed by MDS; B.Pharm; B.Sc Nursing,"Allied Health Sciences Degree (BMLT, Optometry) for technologist roles","ACLS / BLS Certification, NABH Assessor Certification",Internship (1 yr compulsory) for Medical; 3-5 yrs post-residency for Specialists,"NEET-UG, NEET-PG, INI-CET, GPAT (for Pharmacy), State Nursing CET",NMC (National Medical Commission) / State Medical Council Registration; State Pharmacy / Dental Council
OCC_0159,Regulatory Affairs Officer - Pharma,Professional Bachelor's Degree (MBBS / BDS / B.Pharm / B.Sc Nursing / BPT),MBBS followed by MD/MS; BDS followed by MDS; B.Pharm; B.Sc Nursing,"Allied Health Sciences Degree (BMLT, Optometry) for technologist roles","ACLS / BLS Certification, NABH Assessor Certification",Internship (1 yr compulsory) for Medical; 3-5 yrs post-residency for Specialists,"NEET-UG, NEET-PG, INI-CET, GPAT (for Pharmacy), State Nursing CET",NMC (National Medical Commission) / State Medical Council Registration; State Pharmacy / Dental Council
OCC_0160,Clinical Research Associate,Professional Bachelor's Degree (MBBS / BDS / B.Pharm / B.Sc Nursing / BPT),MBBS followed by MD/MS; BDS followed by MDS; B.Pharm; B.Sc Nursing,"Allied Health Sciences Degree (BMLT, Optometry) for technologist roles","ACLS / BLS Certification, NABH Assessor Certification",Internship (1 yr compulsory) for Medical; 3-5 yrs post-residency for Specialists,"NEET-UG, NEET-PG, INI-CET, GPAT (for Pharmacy), State Nursing CET",NMC (National Medical Commission) / State Medical Council Registration; State Pharmacy / Dental Council
OCC_0161,Pharmacovigilance Associate,Professional Bachelor's Degree (MBBS / BDS / B.Pharm / B.Sc Nursing / BPT),MBBS followed by MD/MS; BDS followed by MDS; B.Pharm; B.Sc Nursing,"Allied Health Sciences Degree (BMLT, Optometry) for technologist roles","ACLS / BLS Certification, NABH Assessor Certification",Internship (1 yr compulsory) for Medical; 3-5 yrs post-residency for Specialists,"NEET-UG, NEET-PG, INI-CET, GPAT (for Pharmacy), State Nursing CET",NMC (National Medical Commission) / State Medical Council Registration; State Pharmacy / Dental Council
OCC_0162,Medical Diagnostic Lab Technologist,Professional Bachelor's Degree (MBBS / BDS / B.Pharm / B.Sc Nursing / BPT),MBBS followed by MD/MS; BDS followed by MDS; B.Pharm; B.Sc Nursing,"Allied Health Sciences Degree (BMLT, Optometry) for technologist roles","ACLS / BLS Certification, NABH Assessor Certification",Internship (1 yr compulsory) for Medical; 3-5 yrs post-residency for Specialists,"NEET-UG, NEET-PG, INI-CET, GPAT (for Pharmacy), State Nursing CET",NMC (National Medical Commission) / State Medical Council Registration; State Pharmacy / Dental Council
OCC_0163,Radiologic and CT/MRI Technologist,Professional Bachelor's Degree (MBBS / BDS / B.Pharm / B.Sc Nursing / BPT),MBBS followed by MD/MS; BDS followed by MDS; B.Pharm; B.Sc Nursing,"Allied Health Sciences Degree (BMLT, Optometry) for technologist roles","ACLS / BLS Certification, NABH Assessor Certification",Internship (1 yr compulsory) for Medical; 3-5 yrs post-residency for Specialists,"NEET-UG, NEET-PG, INI-CET, GPAT (for Pharmacy), State Nursing CET",NMC (National Medical Commission) / State Medical Council Registration; State Pharmacy / Dental Council
OCC_0164,Clinical Optometrist,Professional Bachelor's Degree (MBBS / BDS / B.Pharm / B.Sc Nursing / BPT),MBBS followed by MD/MS; BDS followed by MDS; B.Pharm; B.Sc Nursing,"Allied Health Sciences Degree (BMLT, Optometry) for technologist roles","ACLS / BLS Certification, NABH Assessor Certification",Internship (1 yr compulsory) for Medical; 3-5 yrs post-residency for Specialists,"NEET-UG, NEET-PG, INI-CET, GPAT (for Pharmacy), State Nursing CET",NMC (National Medical Commission) / State Medical Council Registration; State Pharmacy / Dental Council
OCC_0165,Hospital Operations Administrator,Bachelor's Degree; Master's (MBA/PGDM) preferred,"MBA / PGDM from top tier institution, BBA, B.Tech + MBA",Bachelor's in any discipline with relevant domain track record,"PMP (Project Management Professional), Certified ScrumMaster (CSM)",0-2 yrs for Associate; 4-8 yrs for Project Manager / Product Manager,"CAT, XAT, GMAT, CMAT",
OCC_0166,Healthcare Quality Accreditation Manager,Professional Bachelor's Degree (MBBS / BDS / B.Pharm / B.Sc Nursing / BPT),MBBS followed by MD/MS; BDS followed by MDS; B.Pharm; B.Sc Nursing,"Allied Health Sciences Degree (BMLT, Optometry) for technologist roles","ACLS / BLS Certification, NABH Assessor Certification",Internship (1 yr compulsory) for Medical; 3-5 yrs post-residency for Specialists,"NEET-UG, NEET-PG, INI-CET, GPAT (for Pharmacy), State Nursing CET",NMC (National Medical Commission) / State Medical Council Registration; State Pharmacy / Dental Council
OCC_0167,Medical Information Writer,Professional Bachelor's Degree (MBBS / BDS / B.Pharm / B.Sc Nursing / BPT),MBBS followed by MD/MS; BDS followed by MDS; B.Pharm; B.Sc Nursing,"Allied Health Sciences Degree (BMLT, Optometry) for technologist roles","ACLS / BLS Certification, NABH Assessor Certification",Internship (1 yr compulsory) for Medical; 3-5 yrs post-residency for Specialists,"NEET-UG, NEET-PG, INI-CET, GPAT (for Pharmacy), State Nursing CET",NMC (National Medical Commission) / State Medical Council Registration; State Pharmacy / Dental Council
OCC_0168,Dietitian and Clinical Nutritionist,Professional Bachelor's Degree (MBBS / BDS / B.Pharm / B.Sc Nursing / BPT),MBBS followed by MD/MS; BDS followed by MDS; B.Pharm; B.Sc Nursing,"Allied Health Sciences Degree (BMLT, Optometry) for technologist roles","ACLS / BLS Certification, NABH Assessor Certification",Internship (1 yr compulsory) for Medical; 3-5 yrs post-residency for Specialists,"NEET-UG, NEET-PG, INI-CET, GPAT (for Pharmacy), State Nursing CET",NMC (National Medical Commission) / State Medical Council Registration; State Pharmacy / Dental Council
OCC_0169,Chartered Accountant,Bachelor's Degree / Professional Qualification,"CA (ICAI), CFA, B.Com (Hons), MBA Finance, M.Com","BBA, B.Sc Mathematics, Economics with Financial Modeling","Chartered Accountant (ICAI), CFA Level 1/2/3, Financial Risk Manager (FRM)",Articleship (2-3 yrs) for CA; Entry-Level (0-2 yrs) for Analysts; 5+ yrs for VP,"ICAI CA Foundation/Inter/Final, CAT / XAT for MBA Finance",ICAI Membership for Statutory Audit; SEBI Research Analyst Registration for Stock Recommendations
OCC_0170,Corporate Tax Consultant,Bachelor's Degree / Professional Qualification,"CA (ICAI), CFA, B.Com (Hons), MBA Finance, M.Com","BBA, B.Sc Mathematics, Economics with Financial Modeling","Chartered Accountant (ICAI), CFA Level 1/2/3, Financial Risk Manager (FRM)",Articleship (2-3 yrs) for CA; Entry-Level (0-2 yrs) for Analysts; 5+ yrs for VP,"ICAI CA Foundation/Inter/Final, CAT / XAT for MBA Finance",ICAI Membership for Statutory Audit; SEBI Research Analyst Registration for Stock Recommendations
OCC_0171,Forensic Auditor,Bachelor's Degree / Professional Qualification,"CA (ICAI), CFA, B.Com (Hons), MBA Finance, M.Com","BBA, B.Sc Mathematics, Economics with Financial Modeling","Chartered Accountant (ICAI), CFA Level 1/2/3, Financial Risk Manager (FRM)",Articleship (2-3 yrs) for CA; Entry-Level (0-2 yrs) for Analysts; 5+ yrs for VP,"ICAI CA Foundation/Inter/Final, CAT / XAT for MBA Finance",ICAI Membership for Statutory Audit; SEBI Research Analyst Registration for Stock Recommendations
OCC_0172,Internal Audit Manager,Bachelor's Degree / Professional Qualification,"CA (ICAI), CFA, B.Com (Hons), MBA Finance, M.Com","BBA, B.Sc Mathematics, Economics with Financial Modeling","Chartered Accountant (ICAI), CFA Level 1/2/3, Financial Risk Manager (FRM)",Articleship (2-3 yrs) for CA; Entry-Level (0-2 yrs) for Analysts; 5+ yrs for VP,"ICAI CA Foundation/Inter/Final, CAT / XAT for MBA Finance",ICAI Membership for Statutory Audit; SEBI Research Analyst Registration for Stock Recommendations
OCC_0173,Management Accountant,Bachelor's Degree / Professional Qualification,"CA (ICAI), CFA, B.Com (Hons), MBA Finance, M.Com","BBA, B.Sc Mathematics, Economics with Financial Modeling","Chartered Accountant (ICAI), CFA Level 1/2/3, Financial Risk Manager (FRM)",Articleship (2-3 yrs) for CA; Entry-Level (0-2 yrs) for Analysts; 5+ yrs for VP,"ICAI CA Foundation/Inter/Final, CAT / XAT for MBA Finance",ICAI Membership for Statutory Audit; SEBI Research Analyst Registration for Stock Recommendations
OCC_0174,Financial Analyst,Bachelor's Degree / Professional Qualification,"CA (ICAI), CFA, B.Com (Hons), MBA Finance, M.Com","BBA, B.Sc Mathematics, Economics with Financial Modeling","Chartered Accountant (ICAI), CFA Level 1/2/3, Financial Risk Manager (FRM)",Articleship (2-3 yrs) for CA; Entry-Level (0-2 yrs) for Analysts; 5+ yrs for VP,"ICAI CA Foundation/Inter/Final, CAT / XAT for MBA Finance",ICAI Membership for Statutory Audit; SEBI Research Analyst Registration for Stock Recommendations
OCC_0175,Senior Financial Analyst,Bachelor's Degree / Professional Qualification,"CA (ICAI), CFA, B.Com (Hons), MBA Finance, M.Com","BBA, B.Sc Mathematics, Economics with Financial Modeling","Chartered Accountant (ICAI), CFA Level 1/2/3, Financial Risk Manager (FRM)",Articleship (2-3 yrs) for CA; Entry-Level (0-2 yrs) for Analysts; 5+ yrs for VP,"ICAI CA Foundation/Inter/Final, CAT / XAT for MBA Finance",ICAI Membership for Statutory Audit; SEBI Research Analyst Registration for Stock Recommendations
OCC_0176,Equity Research Analyst,Bachelor's Degree / Professional Qualification,"CA (ICAI), CFA, B.Com (Hons), MBA Finance, M.Com","BBA, B.Sc Mathematics, Economics with Financial Modeling","Chartered Accountant (ICAI), CFA Level 1/2/3, Financial Risk Manager (FRM)",Articleship (2-3 yrs) for CA; Entry-Level (0-2 yrs) for Analysts; 5+ yrs for VP,"ICAI CA Foundation/Inter/Final, CAT / XAT for MBA Finance",ICAI Membership for Statutory Audit; SEBI Research Analyst Registration for Stock Recommendations
OCC_0177,Investment Banking Analyst,Bachelor's Degree / Professional Qualification,"CA (ICAI), CFA, B.Com (Hons), MBA Finance, M.Com","BBA, B.Sc Mathematics, Economics with Financial Modeling","Chartered Accountant (ICAI), CFA Level 1/2/3, Financial Risk Manager (FRM)",Articleship (2-3 yrs) for CA; Entry-Level (0-2 yrs) for Analysts; 5+ yrs for VP,"ICAI CA Foundation/Inter/Final, CAT / XAT for MBA Finance",ICAI Membership for Statutory Audit; SEBI Research Analyst Registration for Stock Recommendations
OCC_0178,Investment Banking Associate,Bachelor's Degree / Professional Qualification,"CA (ICAI), CFA, B.Com (Hons), MBA Finance, M.Com","BBA, B.Sc Mathematics, Economics with Financial Modeling","Chartered Accountant (ICAI), CFA Level 1/2/3, Financial Risk Manager (FRM)",Articleship (2-3 yrs) for CA; Entry-Level (0-2 yrs) for Analysts; 5+ yrs for VP,"ICAI CA Foundation/Inter/Final, CAT / XAT for MBA Finance",ICAI Membership for Statutory Audit; SEBI Research Analyst Registration for Stock Recommendations
OCC_0179,Portfolio Manager,Bachelor's Degree / Professional Qualification,"CA (ICAI), CFA, B.Com (Hons), MBA Finance, M.Com","BBA, B.Sc Mathematics, Economics with Financial Modeling","Chartered Accountant (ICAI), CFA Level 1/2/3, Financial Risk Manager (FRM)",Articleship (2-3 yrs) for CA; Entry-Level (0-2 yrs) for Analysts; 5+ yrs for VP,"ICAI CA Foundation/Inter/Final, CAT / XAT for MBA Finance",ICAI Membership for Statutory Audit; SEBI Research Analyst Registration for Stock Recommendations
OCC_0180,Financial Risk Manager,Bachelor's Degree / Professional Qualification,"CA (ICAI), CFA, B.Com (Hons), MBA Finance, M.Com","BBA, B.Sc Mathematics, Economics with Financial Modeling","Chartered Accountant (ICAI), CFA Level 1/2/3, Financial Risk Manager (FRM)",Articleship (2-3 yrs) for CA; Entry-Level (0-2 yrs) for Analysts; 5+ yrs for VP,"ICAI CA Foundation/Inter/Final, CAT / XAT for MBA Finance",ICAI Membership for Statutory Audit; SEBI Research Analyst Registration for Stock Recommendations
OCC_0181,Credit Risk Underwriter,Bachelor's Degree / Professional Qualification,"CA (ICAI), CFA, B.Com (Hons), MBA Finance, M.Com","BBA, B.Sc Mathematics, Economics with Financial Modeling","Chartered Accountant (ICAI), CFA Level 1/2/3, Financial Risk Manager (FRM)",Articleship (2-3 yrs) for CA; Entry-Level (0-2 yrs) for Analysts; 5+ yrs for VP,"ICAI CA Foundation/Inter/Final, CAT / XAT for MBA Finance",ICAI Membership for Statutory Audit; SEBI Research Analyst Registration for Stock Recommendations
OCC_0182,Treasury and Cash Management Analyst,Bachelor's Degree / Professional Qualification,"CA (ICAI), CFA, B.Com (Hons), MBA Finance, M.Com","BBA, B.Sc Mathematics, Economics with Financial Modeling","Chartered Accountant (ICAI), CFA Level 1/2/3, Financial Risk Manager (FRM)",Articleship (2-3 yrs) for CA; Entry-Level (0-2 yrs) for Analysts; 5+ yrs for VP,"ICAI CA Foundation/Inter/Final, CAT / XAT for MBA Finance",ICAI Membership for Statutory Audit; SEBI Research Analyst Registration for Stock Recommendations
OCC_0183,Wealth Management Advisor,Bachelor's Degree / Professional Qualification,"CA (ICAI), CFA, B.Com (Hons), MBA Finance, M.Com","BBA, B.Sc Mathematics, Economics with Financial Modeling","Chartered Accountant (ICAI), CFA Level 1/2/3, Financial Risk Manager (FRM)",Articleship (2-3 yrs) for CA; Entry-Level (0-2 yrs) for Analysts; 5+ yrs for VP,"ICAI CA Foundation/Inter/Final, CAT / XAT for MBA Finance",ICAI Membership for Statutory Audit; SEBI Research Analyst Registration for Stock Recommendations
OCC_0184,Certified Financial Planner,Bachelor's Degree / Professional Qualification,"CA (ICAI), CFA, B.Com (Hons), MBA Finance, M.Com","BBA, B.Sc Mathematics, Economics with Financial Modeling","Chartered Accountant (ICAI), CFA Level 1/2/3, Financial Risk Manager (FRM)",Articleship (2-3 yrs) for CA; Entry-Level (0-2 yrs) for Analysts; 5+ yrs for VP,"ICAI CA Foundation/Inter/Final, CAT / XAT for MBA Finance",ICAI Membership for Statutory Audit; SEBI Research Analyst Registration for Stock Recommendations
OCC_0185,Mergers and Acquisitions Analyst,Bachelor's Degree / Professional Qualification,"CA (ICAI), CFA, B.Com (Hons), MBA Finance, M.Com","BBA, B.Sc Mathematics, Economics with Financial Modeling","Chartered Accountant (ICAI), CFA Level 1/2/3, Financial Risk Manager (FRM)",Articleship (2-3 yrs) for CA; Entry-Level (0-2 yrs) for Analysts; 5+ yrs for VP,"ICAI CA Foundation/Inter/Final, CAT / XAT for MBA Finance",ICAI Membership for Statutory Audit; SEBI Research Analyst Registration for Stock Recommendations
OCC_0186,Commercial Banking Branch Manager,Bachelor's Degree; Master's (MBA/PGDM) preferred,"MBA / PGDM from top tier institution, BBA, B.Tech + MBA",Bachelor's in any discipline with relevant domain track record,"PMP (Project Management Professional), Certified ScrumMaster (CSM)",0-2 yrs for Associate; 4-8 yrs for Project Manager / Product Manager,"CAT, XAT, GMAT, CMAT",
OCC_0187,Corporate Relationship Manager,Bachelor's Degree / Professional Qualification,"CA (ICAI), CFA, B.Com (Hons), MBA Finance, M.Com","BBA, B.Sc Mathematics, Economics with Financial Modeling","Chartered Accountant (ICAI), CFA Level 1/2/3, Financial Risk Manager (FRM)",Articleship (2-3 yrs) for CA; Entry-Level (0-2 yrs) for Analysts; 5+ yrs for VP,"ICAI CA Foundation/Inter/Final, CAT / XAT for MBA Finance",ICAI Membership for Statutory Audit; SEBI Research Analyst Registration for Stock Recommendations
OCC_0188,Loan Syndication Officer,Bachelor's Degree / Professional Qualification,"CA (ICAI), CFA, B.Com (Hons), MBA Finance, M.Com","BBA, B.Sc Mathematics, Economics with Financial Modeling","Chartered Accountant (ICAI), CFA Level 1/2/3, Financial Risk Manager (FRM)",Articleship (2-3 yrs) for CA; Entry-Level (0-2 yrs) for Analysts; 5+ yrs for VP,"ICAI CA Foundation/Inter/Final, CAT / XAT for MBA Finance",ICAI Membership for Statutory Audit; SEBI Research Analyst Registration for Stock Recommendations
OCC_0189,FinTech Product Specialist,Bachelor's Degree / Professional Qualification,"CA (ICAI), CFA, B.Com (Hons), MBA Finance, M.Com","BBA, B.Sc Mathematics, Economics with Financial Modeling","Chartered Accountant (ICAI), CFA Level 1/2/3, Financial Risk Manager (FRM)",Articleship (2-3 yrs) for CA; Entry-Level (0-2 yrs) for Analysts; 5+ yrs for VP,"ICAI CA Foundation/Inter/Final, CAT / XAT for MBA Finance",ICAI Membership for Statutory Audit; SEBI Research Analyst Registration for Stock Recommendations
OCC_0190,Actuarial Analyst,Bachelor's Degree / Professional Qualification,"CA (ICAI), CFA, B.Com (Hons), MBA Finance, M.Com","BBA, B.Sc Mathematics, Economics with Financial Modeling","Chartered Accountant (ICAI), CFA Level 1/2/3, Financial Risk Manager (FRM)",Articleship (2-3 yrs) for CA; Entry-Level (0-2 yrs) for Analysts; 5+ yrs for VP,"ICAI CA Foundation/Inter/Final, CAT / XAT for MBA Finance",ICAI Membership for Statutory Audit; SEBI Research Analyst Registration for Stock Recommendations
OCC_0191,Credentialed Actuary,Bachelor's Degree / Professional Qualification,"CA (ICAI), CFA, B.Com (Hons), MBA Finance, M.Com","BBA, B.Sc Mathematics, Economics with Financial Modeling","Chartered Accountant (ICAI), CFA Level 1/2/3, Financial Risk Manager (FRM)",Articleship (2-3 yrs) for CA; Entry-Level (0-2 yrs) for Analysts; 5+ yrs for VP,"ICAI CA Foundation/Inter/Final, CAT / XAT for MBA Finance",ICAI Membership for Statutory Audit; SEBI Research Analyst Registration for Stock Recommendations
OCC_0192,Company Secretary,Bachelor's Degree; Master's (MBA/PGDM) preferred,"MBA / PGDM from top tier institution, BBA, B.Tech + MBA",Bachelor's in any discipline with relevant domain track record,"PMP (Project Management Professional), Certified ScrumMaster (CSM)",0-2 yrs for Associate; 4-8 yrs for Project Manager / Product Manager,"CAT, XAT, GMAT, CMAT",
OCC_0193,Venture Capital Associate,Bachelor's Degree / Professional Qualification,"CA (ICAI), CFA, B.Com (Hons), MBA Finance, M.Com","BBA, B.Sc Mathematics, Economics with Financial Modeling","Chartered Accountant (ICAI), CFA Level 1/2/3, Financial Risk Manager (FRM)",Articleship (2-3 yrs) for CA; Entry-Level (0-2 yrs) for Analysts; 5+ yrs for VP,"ICAI CA Foundation/Inter/Final, CAT / XAT for MBA Finance",ICAI Membership for Statutory Audit; SEBI Research Analyst Registration for Stock Recommendations
OCC_0194,Private Equity Analyst,Bachelor's Degree / Professional Qualification,"CA (ICAI), CFA, B.Com (Hons), MBA Finance, M.Com","BBA, B.Sc Mathematics, Economics with Financial Modeling","Chartered Accountant (ICAI), CFA Level 1/2/3, Financial Risk Manager (FRM)",Articleship (2-3 yrs) for CA; Entry-Level (0-2 yrs) for Analysts; 5+ yrs for VP,"ICAI CA Foundation/Inter/Final, CAT / XAT for MBA Finance",ICAI Membership for Statutory Audit; SEBI Research Analyst Registration for Stock Recommendations
OCC_0195,Chief Financial Officer,Bachelor's Degree; Master's (MBA/PGDM) preferred,"MBA / PGDM from top tier institution, BBA, B.Tech + MBA",Bachelor's in any discipline with relevant domain track record,"PMP (Project Management Professional), Certified ScrumMaster (CSM)",0-2 yrs for Associate; 4-8 yrs for Project Manager / Product Manager,"CAT, XAT, GMAT, CMAT",
OCC_0196,Treasury Operations Specialist,Bachelor's Degree / Professional Qualification,"CA (ICAI), CFA, B.Com (Hons), MBA Finance, M.Com","BBA, B.Sc Mathematics, Economics with Financial Modeling","Chartered Accountant (ICAI), CFA Level 1/2/3, Financial Risk Manager (FRM)",Articleship (2-3 yrs) for CA; Entry-Level (0-2 yrs) for Analysts; 5+ yrs for VP,"ICAI CA Foundation/Inter/Final, CAT / XAT for MBA Finance",ICAI Membership for Statutory Audit; SEBI Research Analyst Registration for Stock Recommendations
OCC_0197,Management Consultant,Bachelor's Degree; Master's (MBA/PGDM) preferred,"MBA / PGDM from top tier institution, BBA, B.Tech + MBA",Bachelor's in any discipline with relevant domain track record,"PMP (Project Management Professional), Certified ScrumMaster (CSM)",0-2 yrs for Associate; 4-8 yrs for Project Manager / Product Manager,"CAT, XAT, GMAT, CMAT",
OCC_0198,Strategy and Operations Consultant,Bachelor's Degree; Master's (MBA/PGDM) preferred,"MBA / PGDM from top tier institution, BBA, B.Tech + MBA",Bachelor's in any discipline with relevant domain track record,"PMP (Project Management Professional), Certified ScrumMaster (CSM)",0-2 yrs for Associate; 4-8 yrs for Project Manager / Product Manager,"CAT, XAT, GMAT, CMAT",
OCC_0199,Corporate Strategy Associate,Bachelor's Degree; Master's (MBA/PGDM) preferred,"MBA / PGDM from top tier institution, BBA, B.Tech + MBA",Bachelor's in any discipline with relevant domain track record,"PMP (Project Management Professional), Certified ScrumMaster (CSM)",0-2 yrs for Associate; 4-8 yrs for Project Manager / Product Manager,"CAT, XAT, GMAT, CMAT",
OCC_0200,Business Analyst,Bachelor's Degree; Master's (MBA/PGDM) preferred,"MBA / PGDM from top tier institution, BBA, B.Tech + MBA",Bachelor's in any discipline with relevant domain track record,"PMP (Project Management Professional), Certified ScrumMaster (CSM)",0-2 yrs for Associate; 4-8 yrs for Project Manager / Product Manager,"CAT, XAT, GMAT, CMAT",
OCC_0201,Senior Business Analyst,Bachelor's Degree; Master's (MBA/PGDM) preferred,"MBA / PGDM from top tier institution, BBA, B.Tech + MBA",Bachelor's in any discipline with relevant domain track record,"PMP (Project Management Professional), Certified ScrumMaster (CSM)",0-2 yrs for Associate; 4-8 yrs for Project Manager / Product Manager,"CAT, XAT, GMAT, CMAT",
OCC_0202,Project Manager,Bachelor's Degree; Master's (MBA/PGDM) preferred,"MBA / PGDM from top tier institution, BBA, B.Tech + MBA",Bachelor's in any discipline with relevant domain track record,"PMP (Project Management Professional), Certified ScrumMaster (CSM)",0-2 yrs for Associate; 4-8 yrs for Project Manager / Product Manager,"CAT, XAT, GMAT, CMAT",
OCC_0203,Senior Program Manager,Bachelor's Degree; Master's (MBA/PGDM) preferred,"MBA / PGDM from top tier institution, BBA, B.Tech + MBA",Bachelor's in any discipline with relevant domain track record,"PMP (Project Management Professional), Certified ScrumMaster (CSM)",0-2 yrs for Associate; 4-8 yrs for Project Manager / Product Manager,"CAT, XAT, GMAT, CMAT",
OCC_0204,Agile Delivery Manager,Bachelor's Degree; Master's (MBA/PGDM) preferred,"MBA / PGDM from top tier institution, BBA, B.Tech + MBA",Bachelor's in any discipline with relevant domain track record,"PMP (Project Management Professional), Certified ScrumMaster (CSM)",0-2 yrs for Associate; 4-8 yrs for Project Manager / Product Manager,"CAT, XAT, GMAT, CMAT",
OCC_0205,Chief of Staff,Bachelor's Degree; Master's (MBA/PGDM) preferred,"MBA / PGDM from top tier institution, BBA, B.Tech + MBA",Bachelor's in any discipline with relevant domain track record,"PMP (Project Management Professional), Certified ScrumMaster (CSM)",0-2 yrs for Associate; 4-8 yrs for Project Manager / Product Manager,"CAT, XAT, GMAT, CMAT",
OCC_0206,Operations Manager,Bachelor's Degree; Master's (MBA/PGDM) preferred,"MBA / PGDM from top tier institution, BBA, B.Tech + MBA",Bachelor's in any discipline with relevant domain track record,"PMP (Project Management Professional), Certified ScrumMaster (CSM)",0-2 yrs for Associate; 4-8 yrs for Project Manager / Product Manager,"CAT, XAT, GMAT, CMAT",
OCC_0207,Supply Chain Analyst,Bachelor's Degree; Master's (MBA/PGDM) preferred,"MBA / PGDM from top tier institution, BBA, B.Tech + MBA",Bachelor's in any discipline with relevant domain track record,"PMP (Project Management Professional), Certified ScrumMaster (CSM)",0-2 yrs for Associate; 4-8 yrs for Project Manager / Product Manager,"CAT, XAT, GMAT, CMAT",
OCC_0208,Global Supply Chain Manager,Bachelor's Degree; Master's (MBA/PGDM) preferred,"MBA / PGDM from top tier institution, BBA, B.Tech + MBA",Bachelor's in any discipline with relevant domain track record,"PMP (Project Management Professional), Certified ScrumMaster (CSM)",0-2 yrs for Associate; 4-8 yrs for Project Manager / Product Manager,"CAT, XAT, GMAT, CMAT",
OCC_0209,Strategic Procurement Specialist,Bachelor's Degree; Master's (MBA/PGDM) preferred,"MBA / PGDM from top tier institution, BBA, B.Tech + MBA",Bachelor's in any discipline with relevant domain track record,"PMP (Project Management Professional), Certified ScrumMaster (CSM)",0-2 yrs for Associate; 4-8 yrs for Project Manager / Product Manager,"CAT, XAT, GMAT, CMAT",
OCC_0210,Logistics Operations Manager,Bachelor's Degree; Master's (MBA/PGDM) preferred,"MBA / PGDM from top tier institution, BBA, B.Tech + MBA",Bachelor's in any discipline with relevant domain track record,"PMP (Project Management Professional), Certified ScrumMaster (CSM)",0-2 yrs for Associate; 4-8 yrs for Project Manager / Product Manager,"CAT, XAT, GMAT, CMAT",
OCC_0211,Warehouse and Fulfillment Center Manager,Bachelor's Degree; Master's (MBA/PGDM) preferred,"MBA / PGDM from top tier institution, BBA, B.Tech + MBA",Bachelor's in any discipline with relevant domain track record,"PMP (Project Management Professional), Certified ScrumMaster (CSM)",0-2 yrs for Associate; 4-8 yrs for Project Manager / Product Manager,"CAT, XAT, GMAT, CMAT",
OCC_0212,Product Manager,Bachelor's Degree; Master's (MBA/PGDM) preferred,"MBA / PGDM from top tier institution, BBA, B.Tech + MBA",Bachelor's in any discipline with relevant domain track record,"PMP (Project Management Professional), Certified ScrumMaster (CSM)",0-2 yrs for Associate; 4-8 yrs for Project Manager / Product Manager,"CAT, XAT, GMAT, CMAT",
OCC_0213,Senior Product Manager,Bachelor's Degree; Master's (MBA/PGDM) preferred,"MBA / PGDM from top tier institution, BBA, B.Tech + MBA",Bachelor's in any discipline with relevant domain track record,"PMP (Project Management Professional), Certified ScrumMaster (CSM)",0-2 yrs for Associate; 4-8 yrs for Project Manager / Product Manager,"CAT, XAT, GMAT, CMAT",
OCC_0214,Group Product Manager,Bachelor's Degree; Master's (MBA/PGDM) preferred,"MBA / PGDM from top tier institution, BBA, B.Tech + MBA",Bachelor's in any discipline with relevant domain track record,"PMP (Project Management Professional), Certified ScrumMaster (CSM)",0-2 yrs for Associate; 4-8 yrs for Project Manager / Product Manager,"CAT, XAT, GMAT, CMAT",
OCC_0215,Technical Product Manager,Bachelor's Degree; Master's (MBA/PGDM) preferred,"MBA / PGDM from top tier institution, BBA, B.Tech + MBA",Bachelor's in any discipline with relevant domain track record,"PMP (Project Management Professional), Certified ScrumMaster (CSM)",0-2 yrs for Associate; 4-8 yrs for Project Manager / Product Manager,"CAT, XAT, GMAT, CMAT",
OCC_0216,Growth Product Manager,Bachelor's Degree; Master's (MBA/PGDM) preferred,"MBA / PGDM from top tier institution, BBA, B.Tech + MBA",Bachelor's in any discipline with relevant domain track record,"PMP (Project Management Professional), Certified ScrumMaster (CSM)",0-2 yrs for Associate; 4-8 yrs for Project Manager / Product Manager,"CAT, XAT, GMAT, CMAT",
OCC_0217,General Management Trainee,Bachelor's Degree; Master's (MBA/PGDM) preferred,"MBA / PGDM from top tier institution, BBA, B.Tech + MBA",Bachelor's in any discipline with relevant domain track record,"PMP (Project Management Professional), Certified ScrumMaster (CSM)",0-2 yrs for Associate; 4-8 yrs for Project Manager / Product Manager,"CAT, XAT, GMAT, CMAT",
OCC_0218,Business Operations Specialist,Bachelor's Degree; Master's (MBA/PGDM) preferred,"MBA / PGDM from top tier institution, BBA, B.Tech + MBA",Bachelor's in any discipline with relevant domain track record,"PMP (Project Management Professional), Certified ScrumMaster (CSM)",0-2 yrs for Associate; 4-8 yrs for Project Manager / Product Manager,"CAT, XAT, GMAT, CMAT",
OCC_0219,Risk and Governance Analyst,Bachelor's Degree; Master's (MBA/PGDM) preferred,"MBA / PGDM from top tier institution, BBA, B.Tech + MBA",Bachelor's in any discipline with relevant domain track record,"PMP (Project Management Professional), Certified ScrumMaster (CSM)",0-2 yrs for Associate; 4-8 yrs for Project Manager / Product Manager,"CAT, XAT, GMAT, CMAT",
OCC_0220,Chief Operating Officer,Bachelor's Degree; Master's (MBA/PGDM) preferred,"MBA / PGDM from top tier institution, BBA, B.Tech + MBA",Bachelor's in any discipline with relevant domain track record,"PMP (Project Management Professional), Certified ScrumMaster (CSM)",0-2 yrs for Associate; 4-8 yrs for Project Manager / Product Manager,"CAT, XAT, GMAT, CMAT",
OCC_0221,Digital Marketing Strategist,Bachelor's Degree,"BBA Marketing, MBA Marketing, BA Mass Communication, B.Com",Any Bachelor's degree with digital marketing portfolio and certifications,"Google Ads Search Certified, Meta Certified Digital Marketing Associate, HubSpot Inbound",Entry-Level (0-2 yrs) for Specialist; 5-8 yrs for Brand Manager,Direct Corporate Hiring / CAT for MBA Marketing,
OCC_0222,SEO Specialist,Bachelor's Degree,"BBA Marketing, MBA Marketing, BA Mass Communication, B.Com",Any Bachelor's degree with digital marketing portfolio and certifications,"Google Ads Search Certified, Meta Certified Digital Marketing Associate, HubSpot Inbound",Entry-Level (0-2 yrs) for Specialist; 5-8 yrs for Brand Manager,Direct Corporate Hiring / CAT for MBA Marketing,
OCC_0223,Performance Marketing Manager,Bachelor's Degree,"BBA Marketing, MBA Marketing, BA Mass Communication, B.Com",Any Bachelor's degree with digital marketing portfolio and certifications,"Google Ads Search Certified, Meta Certified Digital Marketing Associate, HubSpot Inbound",Entry-Level (0-2 yrs) for Specialist; 5-8 yrs for Brand Manager,Direct Corporate Hiring / CAT for MBA Marketing,
OCC_0224,Social Media Marketing Lead,Bachelor's Degree,"BBA Marketing, MBA Marketing, BA Mass Communication, B.Com",Any Bachelor's degree with digital marketing portfolio and certifications,"Google Ads Search Certified, Meta Certified Digital Marketing Associate, HubSpot Inbound",Entry-Level (0-2 yrs) for Specialist; 5-8 yrs for Brand Manager,Direct Corporate Hiring / CAT for MBA Marketing,
OCC_0225,Content Marketing Strategist,Bachelor's Degree,"BBA Marketing, MBA Marketing, BA Mass Communication, B.Com",Any Bachelor's degree with digital marketing portfolio and certifications,"Google Ads Search Certified, Meta Certified Digital Marketing Associate, HubSpot Inbound",Entry-Level (0-2 yrs) for Specialist; 5-8 yrs for Brand Manager,Direct Corporate Hiring / CAT for MBA Marketing,
OCC_0226,Brand Manager,Bachelor's Degree,"BBA Marketing, MBA Marketing, BA Mass Communication, B.Com",Any Bachelor's degree with digital marketing portfolio and certifications,"Google Ads Search Certified, Meta Certified Digital Marketing Associate, HubSpot Inbound",Entry-Level (0-2 yrs) for Specialist; 5-8 yrs for Brand Manager,Direct Corporate Hiring / CAT for MBA Marketing,
OCC_0227,Product Marketing Manager,Bachelor's Degree,"BBA Marketing, MBA Marketing, BA Mass Communication, B.Com",Any Bachelor's degree with digital marketing portfolio and certifications,"Google Ads Search Certified, Meta Certified Digital Marketing Associate, HubSpot Inbound",Entry-Level (0-2 yrs) for Specialist; 5-8 yrs for Brand Manager,Direct Corporate Hiring / CAT for MBA Marketing,
OCC_0228,Market Research Analyst,Bachelor's Degree,"BBA Marketing, MBA Marketing, BA Mass Communication, B.Com",Any Bachelor's degree with digital marketing portfolio and certifications,"Google Ads Search Certified, Meta Certified Digital Marketing Associate, HubSpot Inbound",Entry-Level (0-2 yrs) for Specialist; 5-8 yrs for Brand Manager,Direct Corporate Hiring / CAT for MBA Marketing,
OCC_0229,Public Relations Specialist,Bachelor's Degree,"BBA Marketing, MBA Marketing, BA Mass Communication, B.Com",Any Bachelor's degree with digital marketing portfolio and certifications,"Google Ads Search Certified, Meta Certified Digital Marketing Associate, HubSpot Inbound",Entry-Level (0-2 yrs) for Specialist; 5-8 yrs for Brand Manager,Direct Corporate Hiring / CAT for MBA Marketing,
OCC_0230,Corporate Communications Manager,Bachelor's Degree,"BBA Marketing, MBA Marketing, BA Mass Communication, B.Com",Any Bachelor's degree with digital marketing portfolio and certifications,"Google Ads Search Certified, Meta Certified Digital Marketing Associate, HubSpot Inbound",Entry-Level (0-2 yrs) for Specialist; 5-8 yrs for Brand Manager,Direct Corporate Hiring / CAT for MBA Marketing,
OCC_0231,Enterprise Software Sales Executive,Bachelor's Degree,"BBA, B.Com, MBA Marketing & Sales, B.Tech (for Technical / SaaS Sales)",Any Bachelor's degree with proven communication and quota achievement,"Salesforce Certified Administrator, HubSpot Sales Hub",Entry-Level (0-1 yrs) for BDR; 3-6 yrs for Enterprise Account Executive,Corporate Campus & Direct Hiring,
OCC_0232,Business Development Representative,Bachelor's Degree,"BBA, B.Com, MBA Marketing & Sales, B.Tech (for Technical / SaaS Sales)",Any Bachelor's degree with proven communication and quota achievement,"Salesforce Certified Administrator, HubSpot Sales Hub",Entry-Level (0-1 yrs) for BDR; 3-6 yrs for Enterprise Account Executive,Corporate Campus & Direct Hiring,
OCC_0233,Key Account Manager,Bachelor's Degree,"BBA, B.Com, MBA Marketing & Sales, B.Tech (for Technical / SaaS Sales)",Any Bachelor's degree with proven communication and quota achievement,"Salesforce Certified Administrator, HubSpot Sales Hub",Entry-Level (0-1 yrs) for BDR; 3-6 yrs for Enterprise Account Executive,Corporate Campus & Direct Hiring,
OCC_0234,Customer Success Manager,Bachelor's Degree,"BBA, B.Com, MBA Marketing & Sales, B.Tech (for Technical / SaaS Sales)",Any Bachelor's degree with proven communication and quota achievement,"Salesforce Certified Administrator, HubSpot Sales Hub",Entry-Level (0-1 yrs) for BDR; 3-6 yrs for Enterprise Account Executive,Corporate Campus & Direct Hiring,
OCC_0235,Sales Operations Analyst,Bachelor's Degree,"BBA, B.Com, MBA Marketing & Sales, B.Tech (for Technical / SaaS Sales)",Any Bachelor's degree with proven communication and quota achievement,"Salesforce Certified Administrator, HubSpot Sales Hub",Entry-Level (0-1 yrs) for BDR; 3-6 yrs for Enterprise Account Executive,Corporate Campus & Direct Hiring,
OCC_0236,Growth Marketing Lead,Bachelor's Degree,"BBA Marketing, MBA Marketing, BA Mass Communication, B.Com",Any Bachelor's degree with digital marketing portfolio and certifications,"Google Ads Search Certified, Meta Certified Digital Marketing Associate, HubSpot Inbound",Entry-Level (0-2 yrs) for Specialist; 5-8 yrs for Brand Manager,Direct Corporate Hiring / CAT for MBA Marketing,
OCC_0237,E-Commerce Channel Manager,Bachelor's Degree,"BBA Marketing, MBA Marketing, BA Mass Communication, B.Com",Any Bachelor's degree with digital marketing portfolio and certifications,"Google Ads Search Certified, Meta Certified Digital Marketing Associate, HubSpot Inbound",Entry-Level (0-2 yrs) for Specialist; 5-8 yrs for Brand Manager,Direct Corporate Hiring / CAT for MBA Marketing,
OCC_0238,Chief Marketing Officer,Bachelor's Degree; Master's (MBA/PGDM) preferred,"MBA / PGDM from top tier institution, BBA, B.Tech + MBA",Bachelor's in any discipline with relevant domain track record,"PMP (Project Management Professional), Certified ScrumMaster (CSM)",0-2 yrs for Associate; 4-8 yrs for Project Manager / Product Manager,"CAT, XAT, GMAT, CMAT",
OCC_0239,UI Designer,Bachelor's Degree / Design Diploma,"B.Des, M.Des, B.Arch, Bachelor of Fine Arts (BFA)",Any Bachelor's degree with proven Figma design portfolio and case studies,"Nielsen Norman Group UX Certification, Google UX Design Professional Certificate",Entry-Level (0-2 yrs) with strong design portfolio; 5+ yrs for Lead Designer,"UCEED, CEED, NID DAT, Portfolio Review",
OCC_0240,UX Designer,Bachelor's Degree / Design Diploma,"B.Des, M.Des, B.Arch, Bachelor of Fine Arts (BFA)",Any Bachelor's degree with proven Figma design portfolio and case studies,"Nielsen Norman Group UX Certification, Google UX Design Professional Certificate",Entry-Level (0-2 yrs) with strong design portfolio; 5+ yrs for Lead Designer,"UCEED, CEED, NID DAT, Portfolio Review",
OCC_0241,Senior Product Designer,Bachelor's Degree / Design Diploma,"B.Des, M.Des, B.Arch, Bachelor of Fine Arts (BFA)",Any Bachelor's degree with proven Figma design portfolio and case studies,"Nielsen Norman Group UX Certification, Google UX Design Professional Certificate",Entry-Level (0-2 yrs) with strong design portfolio; 5+ yrs for Lead Designer,"UCEED, CEED, NID DAT, Portfolio Review",
OCC_0242,UX Research Specialist,Bachelor's Degree / Design Diploma,"B.Des, M.Des, B.Arch, Bachelor of Fine Arts (BFA)",Any Bachelor's degree with proven Figma design portfolio and case studies,"Nielsen Norman Group UX Certification, Google UX Design Professional Certificate",Entry-Level (0-2 yrs) with strong design portfolio; 5+ yrs for Lead Designer,"UCEED, CEED, NID DAT, Portfolio Review",
OCC_0243,Visual and Brand Identity Designer,Bachelor's Degree / Design Diploma,"B.Des, M.Des, B.Arch, Bachelor of Fine Arts (BFA)",Any Bachelor's degree with proven Figma design portfolio and case studies,"Nielsen Norman Group UX Certification, Google UX Design Professional Certificate",Entry-Level (0-2 yrs) with strong design portfolio; 5+ yrs for Lead Designer,"UCEED, CEED, NID DAT, Portfolio Review",
OCC_0244,Motion Graphics Designer,Bachelor's Degree / Design Diploma,"B.Des, M.Des, B.Arch, Bachelor of Fine Arts (BFA)",Any Bachelor's degree with proven Figma design portfolio and case studies,"Nielsen Norman Group UX Certification, Google UX Design Professional Certificate",Entry-Level (0-2 yrs) with strong design portfolio; 5+ yrs for Lead Designer,"UCEED, CEED, NID DAT, Portfolio Review",
OCC_0245,3D Modeling Artist,Bachelor's Degree / Design Diploma,"B.Des, M.Des, B.Arch, Bachelor of Fine Arts (BFA)",Any Bachelor's degree with proven Figma design portfolio and case studies,"Nielsen Norman Group UX Certification, Google UX Design Professional Certificate",Entry-Level (0-2 yrs) with strong design portfolio; 5+ yrs for Lead Designer,"UCEED, CEED, NID DAT, Portfolio Review",
OCC_0246,Animation Artist,Bachelor's Degree / Design Diploma,"B.Des, M.Des, B.Arch, Bachelor of Fine Arts (BFA)",Any Bachelor's degree with proven Figma design portfolio and case studies,"Nielsen Norman Group UX Certification, Google UX Design Professional Certificate",Entry-Level (0-2 yrs) with strong design portfolio; 5+ yrs for Lead Designer,"UCEED, CEED, NID DAT, Portfolio Review",
OCC_0247,Game Level Designer,Bachelor's Degree / Design Diploma,"B.Des, M.Des, B.Arch, Bachelor of Fine Arts (BFA)",Any Bachelor's degree with proven Figma design portfolio and case studies,"Nielsen Norman Group UX Certification, Google UX Design Professional Certificate",Entry-Level (0-2 yrs) with strong design portfolio; 5+ yrs for Lead Designer,"UCEED, CEED, NID DAT, Portfolio Review",
OCC_0248,Industrial and Physical Product Designer,Bachelor's Degree / Design Diploma,"B.Des, M.Des, B.Arch, Bachelor of Fine Arts (BFA)",Any Bachelor's degree with proven Figma design portfolio and case studies,"Nielsen Norman Group UX Certification, Google UX Design Professional Certificate",Entry-Level (0-2 yrs) with strong design portfolio; 5+ yrs for Lead Designer,"UCEED, CEED, NID DAT, Portfolio Review",
OCC_0249,Architectural Designer,Bachelor's Degree (B.Arch - 5 Years),B.Arch from a COA-recognized institution; M.Arch for specializations,B.Plan / M.Plan for urban and regional planning roles,"LEED Green Associate, GRIHA Certified Professional, Autodesk Certified Professional: Revit",Mandatory 6-month architectural internship; 3-5 yrs for Project Architect,"NATA, JEE Main Paper 2 (Architecture), GATE (Architecture)",Council of Architecture (COA) Registration is statutory requirement to practice as Architect in India
OCC_0250,Senior Project Architect,Bachelor's Degree (B.Arch - 5 Years),B.Arch from a COA-recognized institution; M.Arch for specializations,B.Plan / M.Plan for urban and regional planning roles,"LEED Green Associate, GRIHA Certified Professional, Autodesk Certified Professional: Revit",Mandatory 6-month architectural internship; 3-5 yrs for Project Architect,"NATA, JEE Main Paper 2 (Architecture), GATE (Architecture)",Council of Architecture (COA) Registration is statutory requirement to practice as Architect in India
OCC_0251,Landscape Architect,Bachelor's Degree (B.Arch - 5 Years),B.Arch from a COA-recognized institution; M.Arch for specializations,B.Plan / M.Plan for urban and regional planning roles,"LEED Green Associate, GRIHA Certified Professional, Autodesk Certified Professional: Revit",Mandatory 6-month architectural internship; 3-5 yrs for Project Architect,"NATA, JEE Main Paper 2 (Architecture), GATE (Architecture)",Council of Architecture (COA) Registration is statutory requirement to practice as Architect in India
OCC_0252,Urban and Regional Planner,Bachelor's Degree (B.Arch - 5 Years),B.Arch from a COA-recognized institution; M.Arch for specializations,B.Plan / M.Plan for urban and regional planning roles,"LEED Green Associate, GRIHA Certified Professional, Autodesk Certified Professional: Revit",Mandatory 6-month architectural internship; 3-5 yrs for Project Architect,"NATA, JEE Main Paper 2 (Architecture), GATE (Architecture)",Council of Architecture (COA) Registration is statutory requirement to practice as Architect in India
OCC_0253,Sustainable Building Energy Modeler,Bachelor's Degree (B.Arch - 5 Years),B.Arch from a COA-recognized institution; M.Arch for specializations,B.Plan / M.Plan for urban and regional planning roles,"LEED Green Associate, GRIHA Certified Professional, Autodesk Certified Professional: Revit",Mandatory 6-month architectural internship; 3-5 yrs for Project Architect,"NATA, JEE Main Paper 2 (Architecture), GATE (Architecture)",Council of Architecture (COA) Registration is statutory requirement to practice as Architect in India
OCC_0254,Interior Experience Designer,Bachelor's Degree / Design Diploma,"B.Des, M.Des, B.Arch, Bachelor of Fine Arts (BFA)",Any Bachelor's degree with proven Figma design portfolio and case studies,"Nielsen Norman Group UX Certification, Google UX Design Professional Certificate",Entry-Level (0-2 yrs) with strong design portfolio; 5+ yrs for Lead Designer,"UCEED, CEED, NID DAT, Portfolio Review",
OCC_0255,Commercial Interior Designer,Bachelor's Degree / Design Diploma,"B.Des, M.Des, B.Arch, Bachelor of Fine Arts (BFA)",Any Bachelor's degree with proven Figma design portfolio and case studies,"Nielsen Norman Group UX Certification, Google UX Design Professional Certificate",Entry-Level (0-2 yrs) with strong design portfolio; 5+ yrs for Lead Designer,"UCEED, CEED, NID DAT, Portfolio Review",
OCC_0256,Fashion and Apparel Designer,Bachelor's Degree / Design Diploma,"B.Des, M.Des, B.Arch, Bachelor of Fine Arts (BFA)",Any Bachelor's degree with proven Figma design portfolio and case studies,"Nielsen Norman Group UX Certification, Google UX Design Professional Certificate",Entry-Level (0-2 yrs) with strong design portfolio; 5+ yrs for Lead Designer,"UCEED, CEED, NID DAT, Portfolio Review",
OCC_0257,Textile Surface Designer,Bachelor's Degree / Design Diploma,"B.Des, M.Des, B.Arch, Bachelor of Fine Arts (BFA)",Any Bachelor's degree with proven Figma design portfolio and case studies,"Nielsen Norman Group UX Certification, Google UX Design Professional Certificate",Entry-Level (0-2 yrs) with strong design portfolio; 5+ yrs for Lead Designer,"UCEED, CEED, NID DAT, Portfolio Review",
OCC_0258,Creative Art Director,Bachelor's Degree / Design Diploma,"B.Des, M.Des, B.Arch, Bachelor of Fine Arts (BFA)",Any Bachelor's degree with proven Figma design portfolio and case studies,"Nielsen Norman Group UX Certification, Google UX Design Professional Certificate",Entry-Level (0-2 yrs) with strong design portfolio; 5+ yrs for Lead Designer,"UCEED, CEED, NID DAT, Portfolio Review",
OCC_0259,Design Systems Lead,Bachelor's Degree / Design Diploma,"B.Des, M.Des, B.Arch, Bachelor of Fine Arts (BFA)",Any Bachelor's degree with proven Figma design portfolio and case studies,"Nielsen Norman Group UX Certification, Google UX Design Professional Certificate",Entry-Level (0-2 yrs) with strong design portfolio; 5+ yrs for Lead Designer,"UCEED, CEED, NID DAT, Portfolio Review",
OCC_0260,Information Architect,Bachelor's Degree / Design Diploma,"B.Des, M.Des, B.Arch, Bachelor of Fine Arts (BFA)",Any Bachelor's degree with proven Figma design portfolio and case studies,"Nielsen Norman Group UX Certification, Google UX Design Professional Certificate",Entry-Level (0-2 yrs) with strong design portfolio; 5+ yrs for Lead Designer,"UCEED, CEED, NID DAT, Portfolio Review",
OCC_0261,Corporate Legal Associate,Bachelor's Degree in Law (LL.B - 3 Year or 5-Year Integrated B.A. LL.B / BBA LL.B),B.A. LL.B (Hons) from National Law Universities (NLUs); LL.M for specialist roles,LL.B (3 Years) after graduation in any discipline,All India Bar Examination (AIBE) Certificate of Practice,0-2 yrs for Junior Associate; 4-7 yrs for Senior Associate / Counsel,"CLAT (Common Law Admission Test), AILET, LSAT India, AIBE",State Bar Council Enrollment and All India Bar Examination (AIBE) mandatory for court practice
OCC_0262,Senior In-House Legal Counsel,Bachelor's Degree in Law (LL.B - 3 Year or 5-Year Integrated B.A. LL.B / BBA LL.B),B.A. LL.B (Hons) from National Law Universities (NLUs); LL.M for specialist roles,LL.B (3 Years) after graduation in any discipline,All India Bar Examination (AIBE) Certificate of Practice,0-2 yrs for Junior Associate; 4-7 yrs for Senior Associate / Counsel,"CLAT (Common Law Admission Test), AILET, LSAT India, AIBE",State Bar Council Enrollment and All India Bar Examination (AIBE) mandatory for court practice
OCC_0263,Commercial Litigation Advocate,Bachelor's Degree in Law (LL.B - 3 Year or 5-Year Integrated B.A. LL.B / BBA LL.B),B.A. LL.B (Hons) from National Law Universities (NLUs); LL.M for specialist roles,LL.B (3 Years) after graduation in any discipline,All India Bar Examination (AIBE) Certificate of Practice,0-2 yrs for Junior Associate; 4-7 yrs for Senior Associate / Counsel,"CLAT (Common Law Admission Test), AILET, LSAT India, AIBE",State Bar Council Enrollment and All India Bar Examination (AIBE) mandatory for court practice
OCC_0264,Intellectual Property and Patent Attorney,Bachelor's Degree in Law (LL.B - 3 Year or 5-Year Integrated B.A. LL.B / BBA LL.B),B.A. LL.B (Hons) from National Law Universities (NLUs); LL.M for specialist roles,LL.B (3 Years) after graduation in any discipline,All India Bar Examination (AIBE) Certificate of Practice,0-2 yrs for Junior Associate; 4-7 yrs for Senior Associate / Counsel,"CLAT (Common Law Admission Test), AILET, LSAT India, AIBE",State Bar Council Enrollment and All India Bar Examination (AIBE) mandatory for court practice
OCC_0265,Patent Examination Specialist,Bachelor's Degree in Law (LL.B - 3 Year or 5-Year Integrated B.A. LL.B / BBA LL.B),B.A. LL.B (Hons) from National Law Universities (NLUs); LL.M for specialist roles,LL.B (3 Years) after graduation in any discipline,All India Bar Examination (AIBE) Certificate of Practice,0-2 yrs for Junior Associate; 4-7 yrs for Senior Associate / Counsel,"CLAT (Common Law Admission Test), AILET, LSAT India, AIBE",State Bar Council Enrollment and All India Bar Examination (AIBE) mandatory for court practice
OCC_0266,Cyber Law and Privacy Legal Advisor,Bachelor's Degree in Law (LL.B - 3 Year or 5-Year Integrated B.A. LL.B / BBA LL.B),B.A. LL.B (Hons) from National Law Universities (NLUs); LL.M for specialist roles,LL.B (3 Years) after graduation in any discipline,All India Bar Examination (AIBE) Certificate of Practice,0-2 yrs for Junior Associate; 4-7 yrs for Senior Associate / Counsel,"CLAT (Common Law Admission Test), AILET, LSAT India, AIBE",State Bar Council Enrollment and All India Bar Examination (AIBE) mandatory for court practice
OCC_0267,Banking and Finance Lawyer,Bachelor's Degree in Law (LL.B - 3 Year or 5-Year Integrated B.A. LL.B / BBA LL.B),B.A. LL.B (Hons) from National Law Universities (NLUs); LL.M for specialist roles,LL.B (3 Years) after graduation in any discipline,All India Bar Examination (AIBE) Certificate of Practice,0-2 yrs for Junior Associate; 4-7 yrs for Senior Associate / Counsel,"CLAT (Common Law Admission Test), AILET, LSAT India, AIBE",State Bar Council Enrollment and All India Bar Examination (AIBE) mandatory for court practice
OCC_0268,Criminal Defense Advocate,Bachelor's Degree in Law (LL.B - 3 Year or 5-Year Integrated B.A. LL.B / BBA LL.B),B.A. LL.B (Hons) from National Law Universities (NLUs); LL.M for specialist roles,LL.B (3 Years) after graduation in any discipline,All India Bar Examination (AIBE) Certificate of Practice,0-2 yrs for Junior Associate; 4-7 yrs for Senior Associate / Counsel,"CLAT (Common Law Admission Test), AILET, LSAT India, AIBE",State Bar Council Enrollment and All India Bar Examination (AIBE) mandatory for court practice
OCC_0269,Commercial Arbitration Specialist,Bachelor's Degree in Law (LL.B - 3 Year or 5-Year Integrated B.A. LL.B / BBA LL.B),B.A. LL.B (Hons) from National Law Universities (NLUs); LL.M for specialist roles,LL.B (3 Years) after graduation in any discipline,All India Bar Examination (AIBE) Certificate of Practice,0-2 yrs for Junior Associate; 4-7 yrs for Senior Associate / Counsel,"CLAT (Common Law Admission Test), AILET, LSAT India, AIBE",State Bar Council Enrollment and All India Bar Examination (AIBE) mandatory for court practice
OCC_0270,Statutory Compliance Legal Officer,Bachelor's Degree in Law (LL.B - 3 Year or 5-Year Integrated B.A. LL.B / BBA LL.B),B.A. LL.B (Hons) from National Law Universities (NLUs); LL.M for specialist roles,LL.B (3 Years) after graduation in any discipline,All India Bar Examination (AIBE) Certificate of Practice,0-2 yrs for Junior Associate; 4-7 yrs for Senior Associate / Counsel,"CLAT (Common Law Admission Test), AILET, LSAT India, AIBE",State Bar Council Enrollment and All India Bar Examination (AIBE) mandatory for court practice
OCC_0271,Contract Lifecycle Management Specialist,Bachelor's Degree in Law (LL.B - 3 Year or 5-Year Integrated B.A. LL.B / BBA LL.B),B.A. LL.B (Hons) from National Law Universities (NLUs); LL.M for specialist roles,LL.B (3 Years) after graduation in any discipline,All India Bar Examination (AIBE) Certificate of Practice,0-2 yrs for Junior Associate; 4-7 yrs for Senior Associate / Counsel,"CLAT (Common Law Admission Test), AILET, LSAT India, AIBE",State Bar Council Enrollment and All India Bar Examination (AIBE) mandatory for court practice
OCC_0272,Legal Research Associate,Bachelor's Degree in Law (LL.B - 3 Year or 5-Year Integrated B.A. LL.B / BBA LL.B),B.A. LL.B (Hons) from National Law Universities (NLUs); LL.M for specialist roles,LL.B (3 Years) after graduation in any discipline,All India Bar Examination (AIBE) Certificate of Practice,0-2 yrs for Junior Associate; 4-7 yrs for Senior Associate / Counsel,"CLAT (Common Law Admission Test), AILET, LSAT India, AIBE",State Bar Council Enrollment and All India Bar Examination (AIBE) mandatory for court practice
OCC_0273,Real Estate Legal Advisor,Bachelor's Degree in Law (LL.B - 3 Year or 5-Year Integrated B.A. LL.B / BBA LL.B),B.A. LL.B (Hons) from National Law Universities (NLUs); LL.M for specialist roles,LL.B (3 Years) after graduation in any discipline,All India Bar Examination (AIBE) Certificate of Practice,0-2 yrs for Junior Associate; 4-7 yrs for Senior Associate / Counsel,"CLAT (Common Law Admission Test), AILET, LSAT India, AIBE",State Bar Council Enrollment and All India Bar Examination (AIBE) mandatory for court practice
OCC_0274,Taxation Legal Advocate,Bachelor's Degree in Law (LL.B - 3 Year or 5-Year Integrated B.A. LL.B / BBA LL.B),B.A. LL.B (Hons) from National Law Universities (NLUs); LL.M for specialist roles,LL.B (3 Years) after graduation in any discipline,All India Bar Examination (AIBE) Certificate of Practice,0-2 yrs for Junior Associate; 4-7 yrs for Senior Associate / Counsel,"CLAT (Common Law Admission Test), AILET, LSAT India, AIBE",State Bar Council Enrollment and All India Bar Examination (AIBE) mandatory for court practice
OCC_0275,General Counsel,Bachelor's Degree; Master's (MBA/PGDM) preferred,"MBA / PGDM from top tier institution, BBA, B.Tech + MBA",Bachelor's in any discipline with relevant domain track record,"PMP (Project Management Professional), Certified ScrumMaster (CSM)",0-2 yrs for Associate; 4-8 yrs for Project Manager / Product Manager,"CAT, XAT, GMAT, CMAT",
OCC_0276,Secondary STEM School Teacher,Bachelor's Degree with B.Ed (for Schools) / Master's with UGC NET (for Colleges),"B.Ed, M.Ed for K-12; M.Sc/M.A/M.Tech with UGC NET / CSIR NET / PhD for Colleges",D.El.Ed for primary schools; Industry professionals for vocational training,"CTET (Central Teacher Eligibility Test), State TET, UGC NET JRF",Entry-Level (0-2 yrs) with B.Ed; 3-5 yrs for PGT; PhD mandatory for University Associate Professor,"CTET, State TET, UGC NET, CSIR NET",Teacher Eligibility Certificate (CTET/TET) for formal school appointments
OCC_0277,Senior Secondary Teacher PGT,Bachelor's Degree with B.Ed (for Schools) / Master's with UGC NET (for Colleges),"B.Ed, M.Ed for K-12; M.Sc/M.A/M.Tech with UGC NET / CSIR NET / PhD for Colleges",D.El.Ed for primary schools; Industry professionals for vocational training,"CTET (Central Teacher Eligibility Test), State TET, UGC NET JRF",Entry-Level (0-2 yrs) with B.Ed; 3-5 yrs for PGT; PhD mandatory for University Associate Professor,"CTET, State TET, UGC NET, CSIR NET",Teacher Eligibility Certificate (CTET/TET) for formal school appointments
OCC_0278,Assistant Professor - Engineering,Bachelor's Degree with B.Ed (for Schools) / Master's with UGC NET (for Colleges),"B.Ed, M.Ed for K-12; M.Sc/M.A/M.Tech with UGC NET / CSIR NET / PhD for Colleges",D.El.Ed for primary schools; Industry professionals for vocational training,"CTET (Central Teacher Eligibility Test), State TET, UGC NET JRF",Entry-Level (0-2 yrs) with B.Ed; 3-5 yrs for PGT; PhD mandatory for University Associate Professor,"CTET, State TET, UGC NET, CSIR NET",Teacher Eligibility Certificate (CTET/TET) for formal school appointments
OCC_0279,Assistant Professor - Management,Bachelor's Degree with B.Ed (for Schools) / Master's with UGC NET (for Colleges),"B.Ed, M.Ed for K-12; M.Sc/M.A/M.Tech with UGC NET / CSIR NET / PhD for Colleges",D.El.Ed for primary schools; Industry professionals for vocational training,"CTET (Central Teacher Eligibility Test), State TET, UGC NET JRF",Entry-Level (0-2 yrs) with B.Ed; 3-5 yrs for PGT; PhD mandatory for University Associate Professor,"CTET, State TET, UGC NET, CSIR NET",Teacher Eligibility Certificate (CTET/TET) for formal school appointments
OCC_0280,Assistant Professor - Sciences,Bachelor's Degree with B.Ed (for Schools) / Master's with UGC NET (for Colleges),"B.Ed, M.Ed for K-12; M.Sc/M.A/M.Tech with UGC NET / CSIR NET / PhD for Colleges",D.El.Ed for primary schools; Industry professionals for vocational training,"CTET (Central Teacher Eligibility Test), State TET, UGC NET JRF",Entry-Level (0-2 yrs) with B.Ed; 3-5 yrs for PGT; PhD mandatory for University Associate Professor,"CTET, State TET, UGC NET, CSIR NET",Teacher Eligibility Certificate (CTET/TET) for formal school appointments
OCC_0281,Assistant Professor - Humanities,Bachelor's Degree with B.Ed (for Schools) / Master's with UGC NET (for Colleges),"B.Ed, M.Ed for K-12; M.Sc/M.A/M.Tech with UGC NET / CSIR NET / PhD for Colleges",D.El.Ed for primary schools; Industry professionals for vocational training,"CTET (Central Teacher Eligibility Test), State TET, UGC NET JRF",Entry-Level (0-2 yrs) with B.Ed; 3-5 yrs for PGT; PhD mandatory for University Associate Professor,"CTET, State TET, UGC NET, CSIR NET",Teacher Eligibility Certificate (CTET/TET) for formal school appointments
OCC_0282,Professor and Department Chair,Bachelor's Degree with B.Ed (for Schools) / Master's with UGC NET (for Colleges),"B.Ed, M.Ed for K-12; M.Sc/M.A/M.Tech with UGC NET / CSIR NET / PhD for Colleges",D.El.Ed for primary schools; Industry professionals for vocational training,"CTET (Central Teacher Eligibility Test), State TET, UGC NET JRF",Entry-Level (0-2 yrs) with B.Ed; 3-5 yrs for PGT; PhD mandatory for University Associate Professor,"CTET, State TET, UGC NET, CSIR NET",Teacher Eligibility Certificate (CTET/TET) for formal school appointments
OCC_0283,Postdoctoral Research Scholar,Bachelor's Degree,Bachelor's Degree in relevant discipline,Bachelor's degree in any field with demonstrated domain skills,Relevant Industry Certifications,Entry-Level (0-2 yrs); Mid-Level (3-5 yrs),Corporate Campus & Direct Recruitment Drives,
OCC_0284,Curriculum and Instructional Designer,Bachelor's Degree with B.Ed (for Schools) / Master's with UGC NET (for Colleges),"B.Ed, M.Ed for K-12; M.Sc/M.A/M.Tech with UGC NET / CSIR NET / PhD for Colleges",D.El.Ed for primary schools; Industry professionals for vocational training,"CTET (Central Teacher Eligibility Test), State TET, UGC NET JRF",Entry-Level (0-2 yrs) with B.Ed; 3-5 yrs for PGT; PhD mandatory for University Associate Professor,"CTET, State TET, UGC NET, CSIR NET",Teacher Eligibility Certificate (CTET/TET) for formal school appointments
OCC_0285,EdTech Academic Content Specialist,Bachelor's Degree with B.Ed (for Schools) / Master's with UGC NET (for Colleges),"B.Ed, M.Ed for K-12; M.Sc/M.A/M.Tech with UGC NET / CSIR NET / PhD for Colleges",D.El.Ed for primary schools; Industry professionals for vocational training,"CTET (Central Teacher Eligibility Test), State TET, UGC NET JRF",Entry-Level (0-2 yrs) with B.Ed; 3-5 yrs for PGT; PhD mandatory for University Associate Professor,"CTET, State TET, UGC NET, CSIR NET",Teacher Eligibility Certificate (CTET/TET) for formal school appointments
OCC_0286,Education Career Counselor,Bachelor's Degree with B.Ed (for Schools) / Master's with UGC NET (for Colleges),"B.Ed, M.Ed for K-12; M.Sc/M.A/M.Tech with UGC NET / CSIR NET / PhD for Colleges",D.El.Ed for primary schools; Industry professionals for vocational training,"CTET (Central Teacher Eligibility Test), State TET, UGC NET JRF",Entry-Level (0-2 yrs) with B.Ed; 3-5 yrs for PGT; PhD mandatory for University Associate Professor,"CTET, State TET, UGC NET, CSIR NET",Teacher Eligibility Certificate (CTET/TET) for formal school appointments
OCC_0287,School Principal,Bachelor's Degree; Master's (MBA/PGDM) preferred,"MBA / PGDM from top tier institution, BBA, B.Tech + MBA",Bachelor's in any discipline with relevant domain track record,"PMP (Project Management Professional), Certified ScrumMaster (CSM)",0-2 yrs for Associate; 4-8 yrs for Project Manager / Product Manager,"CAT, XAT, GMAT, CMAT",
OCC_0288,Primary School Educator,Bachelor's Degree with B.Ed (for Schools) / Master's with UGC NET (for Colleges),"B.Ed, M.Ed for K-12; M.Sc/M.A/M.Tech with UGC NET / CSIR NET / PhD for Colleges",D.El.Ed for primary schools; Industry professionals for vocational training,"CTET (Central Teacher Eligibility Test), State TET, UGC NET JRF",Entry-Level (0-2 yrs) with B.Ed; 3-5 yrs for PGT; PhD mandatory for University Associate Professor,"CTET, State TET, UGC NET, CSIR NET",Teacher Eligibility Certificate (CTET/TET) for formal school appointments
OCC_0289,Special Education Teacher,Bachelor's Degree with B.Ed (for Schools) / Master's with UGC NET (for Colleges),"B.Ed, M.Ed for K-12; M.Sc/M.A/M.Tech with UGC NET / CSIR NET / PhD for Colleges",D.El.Ed for primary schools; Industry professionals for vocational training,"CTET (Central Teacher Eligibility Test), State TET, UGC NET JRF",Entry-Level (0-2 yrs) with B.Ed; 3-5 yrs for PGT; PhD mandatory for University Associate Professor,"CTET, State TET, UGC NET, CSIR NET",Teacher Eligibility Certificate (CTET/TET) for formal school appointments
OCC_0290,Corporate Learning and Development Specialist,Bachelor's Degree with B.Ed (for Schools) / Master's with UGC NET (for Colleges),"B.Ed, M.Ed for K-12; M.Sc/M.A/M.Tech with UGC NET / CSIR NET / PhD for Colleges",D.El.Ed for primary schools; Industry professionals for vocational training,"CTET (Central Teacher Eligibility Test), State TET, UGC NET JRF",Entry-Level (0-2 yrs) with B.Ed; 3-5 yrs for PGT; PhD mandatory for University Associate Professor,"CTET, State TET, UGC NET, CSIR NET",Teacher Eligibility Certificate (CTET/TET) for formal school appointments
OCC_0291,Investigative News Journalist,Bachelor's Degree,"BJMC (Journalism & Mass Comm), BA English / Journalism, MJMC",Any Bachelor's degree with published reporting portfolio or multimedia clips,"Adobe Certified Professional (Premiere Pro / Photoshop), Broadcast Journalism Diploma",Entry-Level (0-2 yrs) for Reporter/Writer; 4-8 yrs for Senior Anchor / Editor,"IIMC Entrance Exam, CUET-UG/PG for Mass Communication",Press Accreditation Card (issued by PIB / State Information Departments for beat reporters)
OCC_0292,Broadcast News Anchor,Bachelor's Degree,"BJMC (Journalism & Mass Comm), BA English / Journalism, MJMC",Any Bachelor's degree with published reporting portfolio or multimedia clips,"Adobe Certified Professional (Premiere Pro / Photoshop), Broadcast Journalism Diploma",Entry-Level (0-2 yrs) for Reporter/Writer; 4-8 yrs for Senior Anchor / Editor,"IIMC Entrance Exam, CUET-UG/PG for Mass Communication",Press Accreditation Card (issued by PIB / State Information Departments for beat reporters)
OCC_0293,Copywriter and Advertising Creative,Bachelor's Degree,"BJMC (Journalism & Mass Comm), BA English / Journalism, MJMC",Any Bachelor's degree with published reporting portfolio or multimedia clips,"Adobe Certified Professional (Premiere Pro / Photoshop), Broadcast Journalism Diploma",Entry-Level (0-2 yrs) for Reporter/Writer; 4-8 yrs for Senior Anchor / Editor,"IIMC Entrance Exam, CUET-UG/PG for Mass Communication",Press Accreditation Card (issued by PIB / State Information Departments for beat reporters)
OCC_0294,Technical Documentation Writer,Bachelor's Degree,"BJMC (Journalism & Mass Comm), BA English / Journalism, MJMC",Any Bachelor's degree with published reporting portfolio or multimedia clips,"Adobe Certified Professional (Premiere Pro / Photoshop), Broadcast Journalism Diploma",Entry-Level (0-2 yrs) for Reporter/Writer; 4-8 yrs for Senior Anchor / Editor,"IIMC Entrance Exam, CUET-UG/PG for Mass Communication",Press Accreditation Card (issued by PIB / State Information Departments for beat reporters)
OCC_0295,Digital Content Editor,Bachelor's Degree,"BJMC (Journalism & Mass Comm), BA English / Journalism, MJMC",Any Bachelor's degree with published reporting portfolio or multimedia clips,"Adobe Certified Professional (Premiere Pro / Photoshop), Broadcast Journalism Diploma",Entry-Level (0-2 yrs) for Reporter/Writer; 4-8 yrs for Senior Anchor / Editor,"IIMC Entrance Exam, CUET-UG/PG for Mass Communication",Press Accreditation Card (issued by PIB / State Information Departments for beat reporters)
OCC_0296,Video Editor and Post-Production Lead,Bachelor's Degree,"BJMC (Journalism & Mass Comm), BA English / Journalism, MJMC",Any Bachelor's degree with published reporting portfolio or multimedia clips,"Adobe Certified Professional (Premiere Pro / Photoshop), Broadcast Journalism Diploma",Entry-Level (0-2 yrs) for Reporter/Writer; 4-8 yrs for Senior Anchor / Editor,"IIMC Entrance Exam, CUET-UG/PG for Mass Communication",Press Accreditation Card (issued by PIB / State Information Departments for beat reporters)
OCC_0297,Cinematographer and Director of Photography,Bachelor's Degree,"BJMC (Journalism & Mass Comm), BA English / Journalism, MJMC",Any Bachelor's degree with published reporting portfolio or multimedia clips,"Adobe Certified Professional (Premiere Pro / Photoshop), Broadcast Journalism Diploma",Entry-Level (0-2 yrs) for Reporter/Writer; 4-8 yrs for Senior Anchor / Editor,"IIMC Entrance Exam, CUET-UG/PG for Mass Communication",Press Accreditation Card (issued by PIB / State Information Departments for beat reporters)
OCC_0298,Audio and Sound Design Engineer,Bachelor's Degree,"BJMC (Journalism & Mass Comm), BA English / Journalism, MJMC",Any Bachelor's degree with published reporting portfolio or multimedia clips,"Adobe Certified Professional (Premiere Pro / Photoshop), Broadcast Journalism Diploma",Entry-Level (0-2 yrs) for Reporter/Writer; 4-8 yrs for Senior Anchor / Editor,"IIMC Entrance Exam, CUET-UG/PG for Mass Communication",Press Accreditation Card (issued by PIB / State Information Departments for beat reporters)
OCC_0299,Podcast Producer,Bachelor's Degree,"BJMC (Journalism & Mass Comm), BA English / Journalism, MJMC",Any Bachelor's degree with published reporting portfolio or multimedia clips,"Adobe Certified Professional (Premiere Pro / Photoshop), Broadcast Journalism Diploma",Entry-Level (0-2 yrs) for Reporter/Writer; 4-8 yrs for Senior Anchor / Editor,"IIMC Entrance Exam, CUET-UG/PG for Mass Communication",Press Accreditation Card (issued by PIB / State Information Departments for beat reporters)
OCC_0300,Documentary Filmmaker,Bachelor's Degree,"BJMC (Journalism & Mass Comm), BA English / Journalism, MJMC",Any Bachelor's degree with published reporting portfolio or multimedia clips,"Adobe Certified Professional (Premiere Pro / Photoshop), Broadcast Journalism Diploma",Entry-Level (0-2 yrs) for Reporter/Writer; 4-8 yrs for Senior Anchor / Editor,"IIMC Entrance Exam, CUET-UG/PG for Mass Communication",Press Accreditation Card (issued by PIB / State Information Departments for beat reporters)
OCC_0301,Social Media Influencer Manager,Bachelor's Degree,"BJMC (Journalism & Mass Comm), BA English / Journalism, MJMC",Any Bachelor's degree with published reporting portfolio or multimedia clips,"Adobe Certified Professional (Premiere Pro / Photoshop), Broadcast Journalism Diploma",Entry-Level (0-2 yrs) for Reporter/Writer; 4-8 yrs for Senior Anchor / Editor,"IIMC Entrance Exam, CUET-UG/PG for Mass Communication",Press Accreditation Card (issued by PIB / State Information Departments for beat reporters)
OCC_0302,Scientific Communicator,Bachelor's Degree,"BJMC (Journalism & Mass Comm), BA English / Journalism, MJMC",Any Bachelor's degree with published reporting portfolio or multimedia clips,"Adobe Certified Professional (Premiere Pro / Photoshop), Broadcast Journalism Diploma",Entry-Level (0-2 yrs) for Reporter/Writer; 4-8 yrs for Senior Anchor / Editor,"IIMC Entrance Exam, CUET-UG/PG for Mass Communication",Press Accreditation Card (issued by PIB / State Information Departments for beat reporters)
OCC_0303,Publishing Acquisitions Editor,Bachelor's Degree,"BJMC (Journalism & Mass Comm), BA English / Journalism, MJMC",Any Bachelor's degree with published reporting portfolio or multimedia clips,"Adobe Certified Professional (Premiere Pro / Photoshop), Broadcast Journalism Diploma",Entry-Level (0-2 yrs) for Reporter/Writer; 4-8 yrs for Senior Anchor / Editor,"IIMC Entrance Exam, CUET-UG/PG for Mass Communication",Press Accreditation Card (issued by PIB / State Information Departments for beat reporters)
OCC_0304,Photojournalist,Bachelor's Degree,"BJMC (Journalism & Mass Comm), BA English / Journalism, MJMC",Any Bachelor's degree with published reporting portfolio or multimedia clips,"Adobe Certified Professional (Premiere Pro / Photoshop), Broadcast Journalism Diploma",Entry-Level (0-2 yrs) for Reporter/Writer; 4-8 yrs for Senior Anchor / Editor,"IIMC Entrance Exam, CUET-UG/PG for Mass Communication",Press Accreditation Card (issued by PIB / State Information Departments for beat reporters)
OCC_0305,Research Biotechnologist,Bachelor's Degree (B.Tech Biotechnology / B.Sc Biotechnology); M.Sc / M.Tech preferred,"M.Sc / M.Tech in Biotechnology, Bioinformatics, Molecular Biology; PhD for Research Scientist","B.Sc Microbiology, Biochemistry, B.Pharm","GLP (Good Laboratory Practice) Training, Biosafety Level 2/3 protocols",0-2 yrs for Research Assistant; 3-6 yrs for Senior Scientist,"GATE (Biotechnology), GAT-B, CSIR NET JRF, ICMR JRF",None (Institutional Biosafety Committee clearance required for GMO research)
OCC_0306,Computational Bioinformatics Scientist,Bachelor's Degree (B.Tech Biotechnology / B.Sc Biotechnology); M.Sc / M.Tech preferred,"M.Sc / M.Tech in Biotechnology, Bioinformatics, Molecular Biology; PhD for Research Scientist","B.Sc Microbiology, Biochemistry, B.Pharm","GLP (Good Laboratory Practice) Training, Biosafety Level 2/3 protocols",0-2 yrs for Research Assistant; 3-6 yrs for Senior Scientist,"GATE (Biotechnology), GAT-B, CSIR NET JRF, ICMR JRF",None (Institutional Biosafety Committee clearance required for GMO research)
OCC_0307,Genomics Data Analyst,Bachelor's Degree (B.Tech Biotechnology / B.Sc Biotechnology); M.Sc / M.Tech preferred,"M.Sc / M.Tech in Biotechnology, Bioinformatics, Molecular Biology; PhD for Research Scientist","B.Sc Microbiology, Biochemistry, B.Pharm","GLP (Good Laboratory Practice) Training, Biosafety Level 2/3 protocols",0-2 yrs for Research Assistant; 3-6 yrs for Senior Scientist,"GATE (Biotechnology), GAT-B, CSIR NET JRF, ICMR JRF",None (Institutional Biosafety Committee clearance required for GMO research)
OCC_0308,Molecular Biologist,Bachelor's Degree (B.Tech Biotechnology / B.Sc Biotechnology); M.Sc / M.Tech preferred,"M.Sc / M.Tech in Biotechnology, Bioinformatics, Molecular Biology; PhD for Research Scientist","B.Sc Microbiology, Biochemistry, B.Pharm","GLP (Good Laboratory Practice) Training, Biosafety Level 2/3 protocols",0-2 yrs for Research Assistant; 3-6 yrs for Senior Scientist,"GATE (Biotechnology), GAT-B, CSIR NET JRF, ICMR JRF",None (Institutional Biosafety Committee clearance required for GMO research)
OCC_0309,Industrial Fermentation Specialist,Bachelor's Degree (B.Tech Biotechnology / B.Sc Biotechnology); M.Sc / M.Tech preferred,"M.Sc / M.Tech in Biotechnology, Bioinformatics, Molecular Biology; PhD for Research Scientist","B.Sc Microbiology, Biochemistry, B.Pharm","GLP (Good Laboratory Practice) Training, Biosafety Level 2/3 protocols",0-2 yrs for Research Assistant; 3-6 yrs for Senior Scientist,"GATE (Biotechnology), GAT-B, CSIR NET JRF, ICMR JRF",None (Institutional Biosafety Committee clearance required for GMO research)
OCC_0310,Agricultural Extension Specialist,Bachelor's Degree (B.Sc Agriculture / B.Tech Agricultural Engineering),B.Sc (Hons) Agriculture from ICAR-accredited university; M.Sc Agronomy / Soil Science,"B.Sc Horticulture, B.Tech Food Technology",Drone Pilot Certification (DGCA) for precision agriculture,Entry-Level (0-2 yrs) for Extension Officer; 4-8 yrs for Senior Agronomist,"ICAR AIEEA-UG / PG, State Agriculture University CET, State PSC AO/ADA Exam",Insecticide / Fertilizer Inspector statutory license where appointed by government
OCC_0311,Soil and Crop Scientist Agronomist,Bachelor's Degree (B.Sc Agriculture / B.Tech Agricultural Engineering),B.Sc (Hons) Agriculture from ICAR-accredited university; M.Sc Agronomy / Soil Science,"B.Sc Horticulture, B.Tech Food Technology",Drone Pilot Certification (DGCA) for precision agriculture,Entry-Level (0-2 yrs) for Extension Officer; 4-8 yrs for Senior Agronomist,"ICAR AIEEA-UG / PG, State Agriculture University CET, State PSC AO/ADA Exam",Insecticide / Fertilizer Inspector statutory license where appointed by government
OCC_0312,Precision Farming Technology Specialist,Bachelor's Degree (B.Sc Agriculture / B.Tech Agricultural Engineering),B.Sc (Hons) Agriculture from ICAR-accredited university; M.Sc Agronomy / Soil Science,"B.Sc Horticulture, B.Tech Food Technology",Drone Pilot Certification (DGCA) for precision agriculture,Entry-Level (0-2 yrs) for Extension Officer; 4-8 yrs for Senior Agronomist,"ICAR AIEEA-UG / PG, State Agriculture University CET, State PSC AO/ADA Exam",Insecticide / Fertilizer Inspector statutory license where appointed by government
OCC_0313,Horticulture Development Officer,Bachelor's Degree (B.Sc Agriculture / B.Tech Agricultural Engineering),B.Sc (Hons) Agriculture from ICAR-accredited university; M.Sc Agronomy / Soil Science,"B.Sc Horticulture, B.Tech Food Technology",Drone Pilot Certification (DGCA) for precision agriculture,Entry-Level (0-2 yrs) for Extension Officer; 4-8 yrs for Senior Agronomist,"ICAR AIEEA-UG / PG, State Agriculture University CET, State PSC AO/ADA Exam",Insecticide / Fertilizer Inspector statutory license where appointed by government
OCC_0314,Food Safety and Quality Assurance Officer,Bachelor's Degree (B.Sc Agriculture / B.Tech Agricultural Engineering),B.Sc (Hons) Agriculture from ICAR-accredited university; M.Sc Agronomy / Soil Science,"B.Sc Horticulture, B.Tech Food Technology",Drone Pilot Certification (DGCA) for precision agriculture,Entry-Level (0-2 yrs) for Extension Officer; 4-8 yrs for Senior Agronomist,"ICAR AIEEA-UG / PG, State Agriculture University CET, State PSC AO/ADA Exam",Insecticide / Fertilizer Inspector statutory license where appointed by government
OCC_0315,Dairy and Food Processing Technologist,Bachelor's Degree (B.Sc Agriculture / B.Tech Agricultural Engineering),B.Sc (Hons) Agriculture from ICAR-accredited university; M.Sc Agronomy / Soil Science,"B.Sc Horticulture, B.Tech Food Technology",Drone Pilot Certification (DGCA) for precision agriculture,Entry-Level (0-2 yrs) for Extension Officer; 4-8 yrs for Senior Agronomist,"ICAR AIEEA-UG / PG, State Agriculture University CET, State PSC AO/ADA Exam",Insecticide / Fertilizer Inspector statutory license where appointed by government
OCC_0316,Seed Production and Genetics Specialist,Bachelor's Degree (B.Sc Agriculture / B.Tech Agricultural Engineering),B.Sc (Hons) Agriculture from ICAR-accredited university; M.Sc Agronomy / Soil Science,"B.Sc Horticulture, B.Tech Food Technology",Drone Pilot Certification (DGCA) for precision agriculture,Entry-Level (0-2 yrs) for Extension Officer; 4-8 yrs for Senior Agronomist,"ICAR AIEEA-UG / PG, State Agriculture University CET, State PSC AO/ADA Exam",Insecticide / Fertilizer Inspector statutory license where appointed by government
OCC_0317,Environmental Microbiologist,Bachelor's Degree (B.Tech Biotechnology / B.Sc Biotechnology); M.Sc / M.Tech preferred,"M.Sc / M.Tech in Biotechnology, Bioinformatics, Molecular Biology; PhD for Research Scientist","B.Sc Microbiology, Biochemistry, B.Pharm","GLP (Good Laboratory Practice) Training, Biosafety Level 2/3 protocols",0-2 yrs for Research Assistant; 3-6 yrs for Senior Scientist,"GATE (Biotechnology), GAT-B, CSIR NET JRF, ICMR JRF",None (Institutional Biosafety Committee clearance required for GMO research)
OCC_0318,Plant Tissue Culture Specialist,Bachelor's Degree (B.Sc Agriculture / B.Tech Agricultural Engineering),B.Sc (Hons) Agriculture from ICAR-accredited university; M.Sc Agronomy / Soil Science,"B.Sc Horticulture, B.Tech Food Technology",Drone Pilot Certification (DGCA) for precision agriculture,Entry-Level (0-2 yrs) for Extension Officer; 4-8 yrs for Senior Agronomist,"ICAR AIEEA-UG / PG, State Agriculture University CET, State PSC AO/ADA Exam",Insecticide / Fertilizer Inspector statutory license where appointed by government
OCC_0319,Bio-Safety and Regulatory Associate,Bachelor's Degree (B.Tech Biotechnology / B.Sc Biotechnology); M.Sc / M.Tech preferred,"M.Sc / M.Tech in Biotechnology, Bioinformatics, Molecular Biology; PhD for Research Scientist","B.Sc Microbiology, Biochemistry, B.Pharm","GLP (Good Laboratory Practice) Training, Biosafety Level 2/3 protocols",0-2 yrs for Research Assistant; 3-6 yrs for Senior Scientist,"GATE (Biotechnology), GAT-B, CSIR NET JRF, ICMR JRF",None (Institutional Biosafety Committee clearance required for GMO research)
OCC_0320,Civil Services Administrative Officer,Bachelor's Degree in Any Discipline,"Graduation from recognized university in any stream (Engineering, Humanities, Commerce, Sciences)",Open university / Distance education recognized by UGC/DEC,None pre-entry; Cadre training at LBSNAA / SVPNPA / State ATIs post-selection,Direct entry based on competitive exam merit (0 yrs experience required),"UPSC Civil Services Examination (CSE), State Public Service Commission (State PCS), SSC CGL",Government Gazette Notification & Service Allotment
OCC_0321,Police and Law Enforcement Officer,Bachelor's Degree in Any Discipline,"Graduation from recognized university in any stream (Engineering, Humanities, Commerce, Sciences)",Open university / Distance education recognized by UGC/DEC,None pre-entry; Cadre training at LBSNAA / SVPNPA / State ATIs post-selection,Direct entry based on competitive exam merit (0 yrs experience required),"UPSC Civil Services Examination (CSE), State Public Service Commission (State PCS), SSC CGL",Government Gazette Notification & Service Allotment
OCC_0322,Public Policy Research Analyst,Bachelor's Degree in Any Discipline,"Graduation from recognized university in any stream (Engineering, Humanities, Commerce, Sciences)",Open university / Distance education recognized by UGC/DEC,None pre-entry; Cadre training at LBSNAA / SVPNPA / State ATIs post-selection,Direct entry based on competitive exam merit (0 yrs experience required),"UPSC Civil Services Examination (CSE), State Public Service Commission (State PCS), SSC CGL",Government Gazette Notification & Service Allotment
OCC_0323,Urban Governance Specialist,Bachelor's Degree in Any Discipline,"Graduation from recognized university in any stream (Engineering, Humanities, Commerce, Sciences)",Open university / Distance education recognized by UGC/DEC,None pre-entry; Cadre training at LBSNAA / SVPNPA / State ATIs post-selection,Direct entry based on competitive exam merit (0 yrs experience required),"UPSC Civil Services Examination (CSE), State Public Service Commission (State PCS), SSC CGL",Government Gazette Notification & Service Allotment
OCC_0324,Non-Profit Development Program Manager,Bachelor's Degree in Any Discipline,"Graduation from recognized university in any stream (Engineering, Humanities, Commerce, Sciences)",Open university / Distance education recognized by UGC/DEC,None pre-entry; Cadre training at LBSNAA / SVPNPA / State ATIs post-selection,Direct entry based on competitive exam merit (0 yrs experience required),"UPSC Civil Services Examination (CSE), State Public Service Commission (State PCS), SSC CGL",Government Gazette Notification & Service Allotment
OCC_0325,Monitoring and Evaluation Specialist,Bachelor's Degree in Any Discipline,"Graduation from recognized university in any stream (Engineering, Humanities, Commerce, Sciences)",Open university / Distance education recognized by UGC/DEC,None pre-entry; Cadre training at LBSNAA / SVPNPA / State ATIs post-selection,Direct entry based on competitive exam merit (0 yrs experience required),"UPSC Civil Services Examination (CSE), State Public Service Commission (State PCS), SSC CGL",Government Gazette Notification & Service Allotment
OCC_0326,Disaster Management Operations Specialist,Bachelor's Degree in Any Discipline,"Graduation from recognized university in any stream (Engineering, Humanities, Commerce, Sciences)",Open university / Distance education recognized by UGC/DEC,None pre-entry; Cadre training at LBSNAA / SVPNPA / State ATIs post-selection,Direct entry based on competitive exam merit (0 yrs experience required),"UPSC Civil Services Examination (CSE), State Public Service Commission (State PCS), SSC CGL",Government Gazette Notification & Service Allotment
OCC_0327,International Development Consultant,Bachelor's Degree in Any Discipline,"Graduation from recognized university in any stream (Engineering, Humanities, Commerce, Sciences)",Open university / Distance education recognized by UGC/DEC,None pre-entry; Cadre training at LBSNAA / SVPNPA / State ATIs post-selection,Direct entry based on competitive exam merit (0 yrs experience required),"UPSC Civil Services Examination (CSE), State Public Service Commission (State PCS), SSC CGL",Government Gazette Notification & Service Allotment
OCC_0328,Panchayati Raj and Rural Development Officer,Bachelor's Degree in Any Discipline,"Graduation from recognized university in any stream (Engineering, Humanities, Commerce, Sciences)",Open university / Distance education recognized by UGC/DEC,None pre-entry; Cadre training at LBSNAA / SVPNPA / State ATIs post-selection,Direct entry based on competitive exam merit (0 yrs experience required),"UPSC Civil Services Examination (CSE), State Public Service Commission (State PCS), SSC CGL",Government Gazette Notification & Service Allotment
OCC_0329,Sustainability and CSR Manager,Bachelor's Degree; Master's (MBA/PGDM) preferred,"MBA / PGDM from top tier institution, BBA, B.Tech + MBA",Bachelor's in any discipline with relevant domain track record,"PMP (Project Management Professional), Certified ScrumMaster (CSM)",0-2 yrs for Associate; 4-8 yrs for Project Manager / Product Manager,"CAT, XAT, GMAT, CMAT",
OCC_0330,Diplomatic and Foreign Service Officer,Bachelor's Degree in Any Discipline,"Graduation from recognized university in any stream (Engineering, Humanities, Commerce, Sciences)",Open university / Distance education recognized by UGC/DEC,None pre-entry; Cadre training at LBSNAA / SVPNPA / State ATIs post-selection,Direct entry based on competitive exam merit (0 yrs experience required),"UPSC Civil Services Examination (CSE), State Public Service Commission (State PCS), SSC CGL",Government Gazette Notification & Service Allotment
OCC_0331,State Tax and Revenue Officer,Bachelor's Degree in Any Discipline,"Graduation from recognized university in any stream (Engineering, Humanities, Commerce, Sciences)",Open university / Distance education recognized by UGC/DEC,None pre-entry; Cadre training at LBSNAA / SVPNPA / State ATIs post-selection,Direct entry based on competitive exam merit (0 yrs experience required),"UPSC Civil Services Examination (CSE), State Public Service Commission (State PCS), SSC CGL",Government Gazette Notification & Service Allotment
OCC_0332,Hotel Front Office Operations Manager,Degree / Diploma in Hotel Management (BHM / B.Sc Hospitality),B.Sc Hospitality & Hotel Administration from NCHMCT-affiliated institute,Diploma in Food & Beverage / Front Office with industry training,"HACCP Food Safety Certification, ServSafe Manager",Management Trainee (0-1 yrs); 4-8 yrs for F&B Director / Front Office Manager,"NCHM JEE, Hotel Chain Management Training Programs (e.g. Oberoi OCLD, Taj TMTP)",FSSAI Food Safety Supervisor Certification
OCC_0333,Food and Beverage Service Director,Degree / Diploma in Hotel Management (BHM / B.Sc Hospitality),B.Sc Hospitality & Hotel Administration from NCHMCT-affiliated institute,Diploma in Food & Beverage / Front Office with industry training,"HACCP Food Safety Certification, ServSafe Manager",Management Trainee (0-1 yrs); 4-8 yrs for F&B Director / Front Office Manager,"NCHM JEE, Hotel Chain Management Training Programs (e.g. Oberoi OCLD, Taj TMTP)",FSSAI Food Safety Supervisor Certification
OCC_0334,Executive Sous Chef,Degree / Diploma in Hotel Management (BHM / B.Sc Hospitality),B.Sc Hospitality & Hotel Administration from NCHMCT-affiliated institute,Diploma in Food & Beverage / Front Office with industry training,"HACCP Food Safety Certification, ServSafe Manager",Management Trainee (0-1 yrs); 4-8 yrs for F&B Director / Front Office Manager,"NCHM JEE, Hotel Chain Management Training Programs (e.g. Oberoi OCLD, Taj TMTP)",FSSAI Food Safety Supervisor Certification
OCC_0335,Industrial CNC Machinist and Programmer,Polytechnic Diploma / ITI / B.Tech Mechanical / Production,"Diploma in Tool & Die Making, B.Tech Industrial & Production, ITI Machinist",B.Tech Mechanical with shop-floor training,"Six Sigma Green/Black Belt, CNC Programmer Certification, ISO 9001 Lead Auditor",0-2 yrs for Junior Machinist/Technician; 5-10 yrs for Plant Manager,"Apprenticeship under NATS/NAPS, Central Tool Room (MSME) Entrance",Boiler Attendant / Electrical Supervisory License where statutory
OCC_0336,Electrical Maintenance Master Technician,Polytechnic Diploma / ITI / B.Tech Mechanical / Production,"Diploma in Tool & Die Making, B.Tech Industrial & Production, ITI Machinist",B.Tech Mechanical with shop-floor training,"Six Sigma Green/Black Belt, CNC Programmer Certification, ISO 9001 Lead Auditor",0-2 yrs for Junior Machinist/Technician; 5-10 yrs for Plant Manager,"Apprenticeship under NATS/NAPS, Central Tool Room (MSME) Entrance",Boiler Attendant / Electrical Supervisory License where statutory
OCC_0337,Automotive Master Service Technician,Bachelor's Degree,Bachelor's Degree in relevant discipline,Bachelor's degree in any field with demonstrated domain skills,Relevant Industry Certifications,Entry-Level (0-2 yrs); Mid-Level (3-5 yrs),Corporate Campus & Direct Recruitment Drives,
OCC_0338,HVAC Systems Field Technician,Bachelor's Degree / Polytechnic Diploma,"B.Tech / B.E. in relevant discipline (Mechanical, Civil, Electrical, Chemical)",Polytechnic Diploma in respective stream with 3+ yrs experience,"AutoCAD Certified Professional, SolidWorks CSWA/CSWP, Lean Six Sigma Green Belt",Entry-Level (0-2 yrs) for Site/Design Engineer; 5-10 yrs for Project Manager,"GATE (for PSUs like IOCL, NTPC, ONGC, BHEL) / State PSC Assistant Engineer",Chartered Engineer (IEI) recommended for senior stamping
OCC_0339,Fleet Operations Supervisor,Bachelor's Degree,"BBA Supply Chain & Logistics, MBA Logistics, B.Com, B.Tech",Any Bachelor's degree with logistics operations experience,"APICS Certified Supply Chain Professional (CSCP), CILT Certification",0-2 yrs for Operations Supervisor; 4-8 yrs for Logistics Manager,Direct Corporate Recruitment / MBA Entrance,Customs Broker License (Rule 6 Examination) for customs clearance agents
OCC_0340,Airline Commercial Pilot,Bachelor's Degree / Specialized Aviation License (for Pilots/ATC),Commercial Pilot License (CPL) for Pilots; Bachelor's in Science/Engineering with AAI Exam for ATC; Any Degree for Facility Ops,Engineering / Science graduation for Air Traffic Control,"DGCA Commercial Pilot License (CPL), Instrument Rating, Multi-Engine Rating; ATC Rating",200 flying hours for Junior First Officer; 3-5 yrs for Facility Operations Manager,DGCA CPL Theory & Flying Tests; AAI Junior Executive (Air Traffic Control) Exam,DGCA License mandatory for Airline Pilots & Air Traffic Controllers
OCC_0341,Air Traffic Control Specialist,Bachelor's Degree / Specialized Aviation License (for Pilots/ATC),Commercial Pilot License (CPL) for Pilots; Bachelor's in Science/Engineering with AAI Exam for ATC; Any Degree for Facility Ops,Engineering / Science graduation for Air Traffic Control,"DGCA Commercial Pilot License (CPL), Instrument Rating, Multi-Engine Rating; ATC Rating",200 flying hours for Junior First Officer; 3-5 yrs for Facility Operations Manager,DGCA CPL Theory & Flying Tests; AAI Junior Executive (Air Traffic Control) Exam,DGCA License mandatory for Airline Pilots & Air Traffic Controllers
