occupation_id,skill_id,skill_name,importance_score,proficiency_level,skill_type,is_core_skill
OCC_0001,SKL_0001,Python,0.9,Advanced,Technical,True
OCC_0001,SKL_0002,Java,0.85,Advanced,Technical,True
OCC_0001,SKL_0003,JavaScript,0.83,Intermediate,Technical,False
OCC_0001,SKL_0026,Data Structures & Algorithms,0.92,Expert,Technical,True
OCC_0001,SKL_0028,System Design,0.9,Advanced,Technical,True
OCC_0001,SKL_0336,Git,0.87,Advanced,Tools & Technologies,True
OCC_0001,SKL_0337,Docker,0.78,Intermediate,Tools & Technologies,False
OCC_0001,SKL_0031,RESTful API Design,0.84,Advanced,Technical,True
OCC_0001,SKL_0383,Problem Solving,0.88,Advanced,Soft,True
OCC_0001,SKL_0382,Communication,0.72,Intermediate,Soft,False
OCC_0002,SKL_0001,Python,0.93,Advanced,Technical,True
OCC_0002,SKL_0002,Java,0.84,Advanced,Technical,True
OCC_0002,SKL_0003,JavaScript,0.83,Intermediate,Technical,False
OCC_0002,SKL_0026,Data Structures & Algorithms,0.93,Expert,Technical,True
OCC_0002,SKL_0028,System Design,0.89,Advanced,Technical,True
OCC_0002,SKL_0336,Git,0.84,Advanced,Tools & Technologies,True
OCC_0002,SKL_0337,Docker,0.76,Intermediate,Tools & Technologies,False
OCC_0002,SKL_0031,RESTful API Design,0.84,Advanced,Technical,True
OCC_0002,SKL_0383,Problem Solving,0.9,Advanced,Soft,True
OCC_0002,SKL_0382,Communication,0.71,Intermediate,Soft,False
OCC_0003,SKL_0001,Python,0.92,Advanced,Technical,True
OCC_0003,SKL_0002,Java,0.86,Advanced,Technical,True
OCC_0003,SKL_0003,JavaScript,0.83,Intermediate,Technical,False
OCC_0003,SKL_0026,Data Structures & Algorithms,0.95,Expert,Technical,True
OCC_0003,SKL_0028,System Design,0.88,Advanced,Technical,True
OCC_0003,SKL_0336,Git,0.87,Advanced,Tools & Technologies,True
OCC_0003,SKL_0337,Docker,0.79,Intermediate,Tools & Technologies,False
OCC_0003,SKL_0031,RESTful API Design,0.84,Advanced,Technical,True
OCC_0003,SKL_0383,Problem Solving,0.88,Advanced,Soft,True
OCC_0003,SKL_0382,Communication,0.71,Intermediate,Soft,False
OCC_0004,SKL_0001,Python,0.94,Advanced,Technical,True
OCC_0004,SKL_0002,Java,0.84,Advanced,Technical,True
OCC_0004,SKL_0003,JavaScript,0.84,Intermediate,Technical,False
OCC_0004,SKL_0026,Data Structures & Algorithms,0.96,Expert,Technical,True
OCC_0004,SKL_0028,System Design,0.89,Advanced,Technical,True
OCC_0004,SKL_0336,Git,0.85,Advanced,Tools & Technologies,True
OCC_0004,SKL_0337,Docker,0.78,Intermediate,Tools & Technologies,False
OCC_0004,SKL_0031,RESTful API Design,0.86,Advanced,Technical,True
OCC_0004,SKL_0383,Problem Solving,0.89,Advanced,Soft,True
OCC_0004,SKL_0382,Communication,0.73,Intermediate,Soft,False
OCC_0005,SKL_0001,Python,0.91,Advanced,Technical,True
OCC_0005,SKL_0002,Java,0.86,Advanced,Technical,True
OCC_0005,SKL_0003,JavaScript,0.85,Intermediate,Technical,False
OCC_0005,SKL_0026,Data Structures & Algorithms,0.92,Expert,Technical,True
OCC_0005,SKL_0028,System Design,0.87,Advanced,Technical,True
OCC_0005,SKL_0336,Git,0.86,Advanced,Tools & Technologies,True
OCC_0005,SKL_0337,Docker,0.77,Intermediate,Tools & Technologies,False
OCC_0005,SKL_0031,RESTful API Design,0.86,Advanced,Technical,True
OCC_0005,SKL_0383,Problem Solving,0.91,Advanced,Soft,True
OCC_0005,SKL_0382,Communication,0.72,Intermediate,Soft,False
OCC_0006,SKL_0001,Python,0.92,Advanced,Technical,True
OCC_0006,SKL_0002,Java,0.86,Advanced,Technical,True
OCC_0006,SKL_0003,JavaScript,0.84,Intermediate,Technical,False
OCC_0006,SKL_0026,Data Structures & Algorithms,0.93,Expert,Technical,True
OCC_0006,SKL_0028,System Design,0.89,Advanced,Technical,True
OCC_0006,SKL_0336,Git,0.84,Advanced,Tools & Technologies,True
OCC_0006,SKL_0337,Docker,0.8,Intermediate,Tools & Technologies,False
OCC_0006,SKL_0031,RESTful API Design,0.85,Advanced,Technical,True
OCC_0006,SKL_0383,Problem Solving,0.91,Advanced,Soft,True
OCC_0006,SKL_0382,Communication,0.74,Intermediate,Soft,False
OCC_0007,SKL_0001,Python,0.93,Advanced,Technical,True
OCC_0007,SKL_0002,Java,0.83,Advanced,Technical,True
OCC_0007,SKL_0003,JavaScript,0.86,Intermediate,Technical,False
OCC_0007,SKL_0026,Data Structures & Algorithms,0.95,Expert,Technical,True
OCC_0007,SKL_0028,System Design,0.9,Advanced,Technical,True
OCC_0007,SKL_0336,Git,0.86,Advanced,Tools & Technologies,True
OCC_0007,SKL_0337,Docker,0.8,Intermediate,Tools & Technologies,False
OCC_0007,SKL_0031,RESTful API Design,0.86,Advanced,Technical,True
OCC_0007,SKL_0383,Problem Solving,0.89,Advanced,Soft,True
OCC_0007,SKL_0382,Communication,0.71,Intermediate,Soft,False
OCC_0008,SKL_0001,Python,0.9,Advanced,Technical,True
OCC_0008,SKL_0002,Java,0.86,Advanced,Technical,True
OCC_0008,SKL_0003,JavaScript,0.84,Intermediate,Technical,False
OCC_0008,SKL_0026,Data Structures & Algorithms,0.95,Expert,Technical,True
OCC_0008,SKL_0028,System Design,0.89,Advanced,Technical,True
OCC_0008,SKL_0336,Git,0.87,Advanced,Tools & Technologies,True
OCC_0008,SKL_0337,Docker,0.78,Intermediate,Tools & Technologies,False
OCC_0008,SKL_0031,RESTful API Design,0.84,Advanced,Technical,True
OCC_0008,SKL_0383,Problem Solving,0.89,Advanced,Soft,True
OCC_0008,SKL_0382,Communication,0.73,Intermediate,Soft,False
OCC_0009,SKL_0001,Python,0.91,Advanced,Technical,True
OCC_0009,SKL_0002,Java,0.85,Advanced,Technical,True
OCC_0009,SKL_0003,JavaScript,0.85,Intermediate,Technical,False
OCC_0009,SKL_0026,Data Structures & Algorithms,0.95,Expert,Technical,True
OCC_0009,SKL_0028,System Design,0.86,Advanced,Technical,True
OCC_0009,SKL_0336,Git,0.84,Advanced,Tools & Technologies,True
OCC_0009,SKL_0337,Docker,0.76,Intermediate,Tools & Technologies,False
OCC_0009,SKL_0031,RESTful API Design,0.85,Advanced,Technical,True
OCC_0009,SKL_0383,Problem Solving,0.89,Advanced,Soft,True
OCC_0009,SKL_0382,Communication,0.71,Intermediate,Soft,False
OCC_0010,SKL_0001,Python,0.91,Advanced,Technical,True
OCC_0010,SKL_0002,Java,0.83,Advanced,Technical,True
OCC_0010,SKL_0003,JavaScript,0.82,Intermediate,Technical,False
OCC_0010,SKL_0026,Data Structures & Algorithms,0.96,Expert,Technical,True
OCC_0010,SKL_0028,System Design,0.89,Advanced,Technical,True
OCC_0010,SKL_0336,Git,0.87,Advanced,Tools & Technologies,True
OCC_0010,SKL_0337,Docker,0.8,Intermediate,Tools & Technologies,False
OCC_0010,SKL_0031,RESTful API Design,0.86,Advanced,Technical,True
OCC_0010,SKL_0383,Problem Solving,0.91,Advanced,Soft,True
OCC_0010,SKL_0382,Communication,0.7,Intermediate,Soft,False
OCC_0011,SKL_0001,Python,0.93,Advanced,Technical,True
OCC_0011,SKL_0002,Java,0.84,Advanced,Technical,True
OCC_0011,SKL_0003,JavaScript,0.85,Intermediate,Technical,False
OCC_0011,SKL_0026,Data Structures & Algorithms,0.96,Expert,Technical,True
OCC_0011,SKL_0028,System Design,0.88,Advanced,Technical,True
OCC_0011,SKL_0336,Git,0.88,Advanced,Tools & Technologies,True
OCC_0011,SKL_0337,Docker,0.8,Intermediate,Tools & Technologies,False
OCC_0011,SKL_0031,RESTful API Design,0.86,Advanced,Technical,True
OCC_0011,SKL_0383,Problem Solving,0.89,Advanced,Soft,True
OCC_0011,SKL_0382,Communication,0.72,Intermediate,Soft,False
OCC_0012,SKL_0001,Python,0.94,Advanced,Technical,True
OCC_0012,SKL_0002,Java,0.86,Advanced,Technical,True
OCC_0012,SKL_0003,JavaScript,0.86,Intermediate,Technical,False
OCC_0012,SKL_0026,Data Structures & Algorithms,0.93,Expert,Technical,True
OCC_0012,SKL_0028,System Design,0.88,Advanced,Technical,True
OCC_0012,SKL_0336,Git,0.88,Advanced,Tools & Technologies,True
OCC_0012,SKL_0337,Docker,0.79,Intermediate,Tools & Technologies,False
OCC_0012,SKL_0031,RESTful API Design,0.84,Advanced,Technical,True
OCC_0012,SKL_0383,Problem Solving,0.89,Advanced,Soft,True
OCC_0012,SKL_0382,Communication,0.7,Intermediate,Soft,False
OCC_0013,SKL_0134,Computer-Aided Design (CAD),0.93,Advanced,Technical,True
OCC_0013,SKL_0131,Finite Element Analysis (FEA),0.88,Advanced,Technical,True
OCC_0013,SKL_0133,Thermodynamic Analysis,0.84,Advanced,Technical,True
OCC_0013,SKL_0366,AutoCAD,0.88,Advanced,Tools & Technologies,True
OCC_0013,SKL_0367,SolidWorks,0.9,Advanced,Tools & Technologies,True
OCC_0013,SKL_0135,Geometric Dimensioning and Tolerancing (GD&T),0.85,Advanced,Technical,True
OCC_0013,SKL_0381,Analytical Thinking,0.9,Expert,Soft,True
OCC_0013,SKL_0390,Attention to Detail,0.86,Advanced,Soft,False
OCC_0013,SKL_0383,Problem Solving,0.9,Advanced,Soft,True
OCC_0013,SKL_0382,Communication,0.72,Intermediate,Soft,False
OCC_0014,SKL_0134,Computer-Aided Design (CAD),0.91,Advanced,Technical,True
OCC_0014,SKL_0131,Finite Element Analysis (FEA),0.88,Advanced,Technical,True
OCC_0014,SKL_0133,Thermodynamic Analysis,0.84,Advanced,Technical,True
OCC_0014,SKL_0366,AutoCAD,0.91,Advanced,Tools & Technologies,True
OCC_0014,SKL_0367,SolidWorks,0.87,Advanced,Tools & Technologies,True
OCC_0014,SKL_0135,Geometric Dimensioning and Tolerancing (GD&T),0.87,Advanced,Technical,True
OCC_0014,SKL_0381,Analytical Thinking,0.92,Expert,Soft,True
OCC_0014,SKL_0390,Attention to Detail,0.87,Advanced,Soft,False
OCC_0014,SKL_0383,Problem Solving,0.86,Advanced,Soft,True
OCC_0014,SKL_0382,Communication,0.7,Intermediate,Soft,False
OCC_0015,SKL_0001,Python,0.92,Advanced,Technical,True
OCC_0015,SKL_0002,Java,0.84,Advanced,Technical,True
OCC_0015,SKL_0003,JavaScript,0.84,Intermediate,Technical,False
OCC_0015,SKL_0026,Data Structures & Algorithms,0.96,Expert,Technical,True
OCC_0015,SKL_0028,System Design,0.87,Advanced,Technical,True
OCC_0015,SKL_0336,Git,0.87,Advanced,Tools & Technologies,True
OCC_0015,SKL_0337,Docker,0.8,Intermediate,Tools & Technologies,False
OCC_0015,SKL_0031,RESTful API Design,0.86,Advanced,Technical,True
OCC_0015,SKL_0383,Problem Solving,0.89,Advanced,Soft,True
OCC_0015,SKL_0382,Communication,0.73,Intermediate,Soft,False
OCC_0016,SKL_0001,Python,0.94,Advanced,Technical,True
OCC_0016,SKL_0002,Java,0.85,Advanced,Technical,True
OCC_0016,SKL_0003,JavaScript,0.84,Intermediate,Technical,False
OCC_0016,SKL_0026,Data Structures & Algorithms,0.96,Expert,Technical,True
OCC_0016,SKL_0028,System Design,0.88,Advanced,Technical,True
OCC_0016,SKL_0336,Git,0.86,Advanced,Tools & Technologies,True
OCC_0016,SKL_0337,Docker,0.79,Intermediate,Tools & Technologies,False
OCC_0016,SKL_0031,RESTful API Design,0.86,Advanced,Technical,True
OCC_0016,SKL_0383,Problem Solving,0.91,Advanced,Soft,True
OCC_0016,SKL_0382,Communication,0.72,Intermediate,Soft,False
OCC_0017,SKL_0001,Python,0.9,Advanced,Technical,True
OCC_0017,SKL_0002,Java,0.87,Advanced,Technical,True
OCC_0017,SKL_0003,JavaScript,0.85,Intermediate,Technical,False
OCC_0017,SKL_0026,Data Structures & Algorithms,0.94,Expert,Technical,True
OCC_0017,SKL_0028,System Design,0.88,Advanced,Technical,True
OCC_0017,SKL_0336,Git,0.88,Advanced,Tools & Technologies,True
OCC_0017,SKL_0337,Docker,0.77,Intermediate,Tools & Technologies,False
OCC_0017,SKL_0031,RESTful API Design,0.86,Advanced,Technical,True
OCC_0017,SKL_0383,Problem Solving,0.9,Advanced,Soft,True
OCC_0017,SKL_0382,Communication,0.73,Intermediate,Soft,False
OCC_0018,SKL_0001,Python,0.94,Advanced,Technical,True
OCC_0018,SKL_0002,Java,0.83,Advanced,Technical,True
OCC_0018,SKL_0003,JavaScript,0.84,Intermediate,Technical,False
OCC_0018,SKL_0026,Data Structures & Algorithms,0.96,Expert,Technical,True
OCC_0018,SKL_0028,System Design,0.86,Advanced,Technical,True
OCC_0018,SKL_0336,Git,0.86,Advanced,Tools & Technologies,True
OCC_0018,SKL_0337,Docker,0.79,Intermediate,Tools & Technologies,False
OCC_0018,SKL_0031,RESTful API Design,0.86,Advanced,Technical,True
OCC_0018,SKL_0383,Problem Solving,0.89,Advanced,Soft,True
OCC_0018,SKL_0382,Communication,0.7,Intermediate,Soft,False
OCC_0019,SKL_0001,Python,0.92,Advanced,Technical,True
OCC_0019,SKL_0002,Java,0.84,Advanced,Technical,True
OCC_0019,SKL_0003,JavaScript,0.85,Intermediate,Technical,False
OCC_0019,SKL_0026,Data Structures & Algorithms,0.96,Expert,Technical,True
OCC_0019,SKL_0028,System Design,0.89,Advanced,Technical,True
OCC_0019,SKL_0336,Git,0.85,Advanced,Tools & Technologies,True
OCC_0019,SKL_0337,Docker,0.76,Intermediate,Tools & Technologies,False
OCC_0019,SKL_0031,RESTful API Design,0.86,Advanced,Technical,True
OCC_0019,SKL_0383,Problem Solving,0.91,Advanced,Soft,True
OCC_0019,SKL_0382,Communication,0.71,Intermediate,Soft,False
OCC_0020,SKL_0234,Project Management & Scheduling,0.91,Advanced,Technical,True
OCC_0020,SKL_0233,Agile & Scrum Methodologies,0.89,Advanced,Domain Knowledge,True
OCC_0020,SKL_0231,Business Analysis & Requirements Gathering,0.86,Advanced,Technical,True
OCC_0020,SKL_0385,Stakeholder Management,0.94,Expert,Soft,True
OCC_0020,SKL_0384,Cross-Functional Leadership,0.9,Expert,Soft,True
OCC_0020,SKL_0398,Strategic Decision Making,0.9,Advanced,Soft,True
OCC_0020,SKL_0382,Communication,0.93,Expert,Soft,True
OCC_0020,SKL_0386,Negotiation & Persuasion,0.86,Advanced,Soft,False
OCC_0020,SKL_0387,Time Management & Prioritization,0.89,Advanced,Soft,True
OCC_0020,SKL_0383,Problem Solving,0.88,Advanced,Soft,False
OCC_0021,SKL_0234,Project Management & Scheduling,0.94,Advanced,Technical,True
OCC_0021,SKL_0233,Agile & Scrum Methodologies,0.86,Advanced,Domain Knowledge,True
OCC_0021,SKL_0231,Business Analysis & Requirements Gathering,0.84,Advanced,Technical,True
OCC_0021,SKL_0385,Stakeholder Management,0.95,Expert,Soft,True
OCC_0021,SKL_0384,Cross-Functional Leadership,0.9,Expert,Soft,True
OCC_0021,SKL_0398,Strategic Decision Making,0.88,Advanced,Soft,True
OCC_0021,SKL_0382,Communication,0.95,Expert,Soft,True
OCC_0021,SKL_0386,Negotiation & Persuasion,0.87,Advanced,Soft,False
OCC_0021,SKL_0387,Time Management & Prioritization,0.88,Advanced,Soft,True
OCC_0021,SKL_0383,Problem Solving,0.89,Advanced,Soft,False
OCC_0022,SKL_0234,Project Management & Scheduling,0.93,Advanced,Technical,True
OCC_0022,SKL_0233,Agile & Scrum Methodologies,0.87,Advanced,Domain Knowledge,True
OCC_0022,SKL_0231,Business Analysis & Requirements Gathering,0.86,Advanced,Technical,True
OCC_0022,SKL_0385,Stakeholder Management,0.96,Expert,Soft,True
OCC_0022,SKL_0384,Cross-Functional Leadership,0.9,Expert,Soft,True
OCC_0022,SKL_0398,Strategic Decision Making,0.89,Advanced,Soft,True
OCC_0022,SKL_0382,Communication,0.95,Expert,Soft,True
OCC_0022,SKL_0386,Negotiation & Persuasion,0.86,Advanced,Soft,False
OCC_0022,SKL_0387,Time Management & Prioritization,0.9,Advanced,Soft,True
OCC_0022,SKL_0383,Problem Solving,0.86,Advanced,Soft,False
OCC_0023,SKL_0001,Python,0.93,Advanced,Technical,True
OCC_0023,SKL_0002,Java,0.84,Advanced,Technical,True
OCC_0023,SKL_0003,JavaScript,0.83,Intermediate,Technical,False
OCC_0023,SKL_0026,Data Structures & Algorithms,0.92,Expert,Technical,True
OCC_0023,SKL_0028,System Design,0.87,Advanced,Technical,True
OCC_0023,SKL_0336,Git,0.87,Advanced,Tools & Technologies,True
OCC_0023,SKL_0337,Docker,0.78,Intermediate,Tools & Technologies,False
OCC_0023,SKL_0031,RESTful API Design,0.84,Advanced,Technical,True
OCC_0023,SKL_0383,Problem Solving,0.9,Advanced,Soft,True
OCC_0023,SKL_0382,Communication,0.73,Intermediate,Soft,False
OCC_0024,SKL_0001,Python,0.9,Advanced,Technical,True
OCC_0024,SKL_0002,Java,0.85,Advanced,Technical,True
OCC_0024,SKL_0003,JavaScript,0.85,Intermediate,Technical,False
OCC_0024,SKL_0026,Data Structures & Algorithms,0.93,Expert,Technical,True
OCC_0024,SKL_0028,System Design,0.89,Advanced,Technical,True
OCC_0024,SKL_0336,Git,0.86,Advanced,Tools & Technologies,True
OCC_0024,SKL_0337,Docker,0.79,Intermediate,Tools & Technologies,False
OCC_0024,SKL_0031,RESTful API Design,0.87,Advanced,Technical,True
OCC_0024,SKL_0383,Problem Solving,0.91,Advanced,Soft,True
OCC_0024,SKL_0382,Communication,0.71,Intermediate,Soft,False
OCC_0025,SKL_0001,Python,0.94,Advanced,Technical,True
OCC_0025,SKL_0002,Java,0.85,Advanced,Technical,True
OCC_0025,SKL_0003,JavaScript,0.83,Intermediate,Technical,False
OCC_0025,SKL_0026,Data Structures & Algorithms,0.95,Expert,Technical,True
OCC_0025,SKL_0028,System Design,0.89,Advanced,Technical,True
OCC_0025,SKL_0336,Git,0.87,Advanced,Tools & Technologies,True
OCC_0025,SKL_0337,Docker,0.78,Intermediate,Tools & Technologies,False
OCC_0025,SKL_0031,RESTful API Design,0.84,Advanced,Technical,True
OCC_0025,SKL_0383,Problem Solving,0.88,Advanced,Soft,True
OCC_0025,SKL_0382,Communication,0.71,Intermediate,Soft,False
OCC_0026,SKL_0001,Python,0.92,Advanced,Technical,True
OCC_0026,SKL_0002,Java,0.86,Advanced,Technical,True
OCC_0026,SKL_0003,JavaScript,0.84,Intermediate,Technical,False
OCC_0026,SKL_0026,Data Structures & Algorithms,0.94,Expert,Technical,True
OCC_0026,SKL_0028,System Design,0.9,Advanced,Technical,True
OCC_0026,SKL_0336,Git,0.84,Advanced,Tools & Technologies,True
OCC_0026,SKL_0337,Docker,0.76,Intermediate,Tools & Technologies,False
OCC_0026,SKL_0031,RESTful API Design,0.86,Advanced,Technical,True
OCC_0026,SKL_0383,Problem Solving,0.9,Advanced,Soft,True
OCC_0026,SKL_0382,Communication,0.73,Intermediate,Soft,False
OCC_0027,SKL_0001,Python,0.9,Advanced,Technical,True
OCC_0027,SKL_0002,Java,0.85,Advanced,Technical,True
OCC_0027,SKL_0003,JavaScript,0.82,Intermediate,Technical,False
OCC_0027,SKL_0026,Data Structures & Algorithms,0.93,Expert,Technical,True
OCC_0027,SKL_0028,System Design,0.86,Advanced,Technical,True
OCC_0027,SKL_0336,Git,0.87,Advanced,Tools & Technologies,True
OCC_0027,SKL_0337,Docker,0.8,Intermediate,Tools & Technologies,False
OCC_0027,SKL_0031,RESTful API Design,0.85,Advanced,Technical,True
OCC_0027,SKL_0383,Problem Solving,0.91,Advanced,Soft,True
OCC_0027,SKL_0382,Communication,0.73,Intermediate,Soft,False
OCC_0028,SKL_0001,Python,0.93,Advanced,Technical,True
OCC_0028,SKL_0002,Java,0.84,Advanced,Technical,True
OCC_0028,SKL_0003,JavaScript,0.85,Intermediate,Technical,False
OCC_0028,SKL_0026,Data Structures & Algorithms,0.94,Expert,Technical,True
OCC_0028,SKL_0028,System Design,0.88,Advanced,Technical,True
OCC_0028,SKL_0336,Git,0.88,Advanced,Tools & Technologies,True
OCC_0028,SKL_0337,Docker,0.78,Intermediate,Tools & Technologies,False
OCC_0028,SKL_0031,RESTful API Design,0.83,Advanced,Technical,True
OCC_0028,SKL_0383,Problem Solving,0.89,Advanced,Soft,True
OCC_0028,SKL_0382,Communication,0.72,Intermediate,Soft,False
OCC_0029,SKL_0001,Python,0.94,Advanced,Technical,True
OCC_0029,SKL_0002,Java,0.86,Advanced,Technical,True
OCC_0029,SKL_0003,JavaScript,0.85,Intermediate,Technical,False
OCC_0029,SKL_0026,Data Structures & Algorithms,0.93,Expert,Technical,True
OCC_0029,SKL_0028,System Design,0.86,Advanced,Technical,True
OCC_0029,SKL_0336,Git,0.85,Advanced,Tools & Technologies,True
OCC_0029,SKL_0337,Docker,0.76,Intermediate,Tools & Technologies,False
OCC_0029,SKL_0031,RESTful API Design,0.85,Advanced,Technical,True
OCC_0029,SKL_0383,Problem Solving,0.88,Advanced,Soft,True
OCC_0029,SKL_0382,Communication,0.71,Intermediate,Soft,False
OCC_0030,SKL_0001,Python,0.93,Advanced,Technical,True
OCC_0030,SKL_0002,Java,0.85,Advanced,Technical,True
OCC_0030,SKL_0003,JavaScript,0.83,Intermediate,Technical,False
OCC_0030,SKL_0026,Data Structures & Algorithms,0.95,Expert,Technical,True
OCC_0030,SKL_0028,System Design,0.89,Advanced,Technical,True
OCC_0030,SKL_0336,Git,0.85,Advanced,Tools & Technologies,True
OCC_0030,SKL_0337,Docker,0.77,Intermediate,Tools & Technologies,False
OCC_0030,SKL_0031,RESTful API Design,0.86,Advanced,Technical,True
OCC_0030,SKL_0383,Problem Solving,0.91,Advanced,Soft,True
OCC_0030,SKL_0382,Communication,0.74,Intermediate,Soft,False
OCC_0031,SKL_0001,Python,0.92,Advanced,Technical,True
OCC_0031,SKL_0002,Java,0.84,Advanced,Technical,True
OCC_0031,SKL_0003,JavaScript,0.85,Intermediate,Technical,False
OCC_0031,SKL_0026,Data Structures & Algorithms,0.92,Expert,Technical,True
OCC_0031,SKL_0028,System Design,0.89,Advanced,Technical,True
OCC_0031,SKL_0336,Git,0.85,Advanced,Tools & Technologies,True
OCC_0031,SKL_0337,Docker,0.78,Intermediate,Tools & Technologies,False
OCC_0031,SKL_0031,RESTful API Design,0.84,Advanced,Technical,True
OCC_0031,SKL_0383,Problem Solving,0.91,Advanced,Soft,True
OCC_0031,SKL_0382,Communication,0.73,Intermediate,Soft,False
OCC_0032,SKL_0001,Python,0.9,Advanced,Technical,True
OCC_0032,SKL_0002,Java,0.86,Advanced,Technical,True
OCC_0032,SKL_0003,JavaScript,0.86,Intermediate,Technical,False
OCC_0032,SKL_0026,Data Structures & Algorithms,0.93,Expert,Technical,True
OCC_0032,SKL_0028,System Design,0.89,Advanced,Technical,True
OCC_0032,SKL_0336,Git,0.86,Advanced,Tools & Technologies,True
OCC_0032,SKL_0337,Docker,0.76,Intermediate,Tools & Technologies,False
OCC_0032,SKL_0031,RESTful API Design,0.87,Advanced,Technical,True
OCC_0032,SKL_0383,Problem Solving,0.91,Advanced,Soft,True
OCC_0032,SKL_0382,Communication,0.72,Intermediate,Soft,False
OCC_0033,SKL_0001,Python,0.91,Advanced,Technical,True
OCC_0033,SKL_0002,Java,0.84,Advanced,Technical,True
OCC_0033,SKL_0003,JavaScript,0.85,Intermediate,Technical,False
OCC_0033,SKL_0026,Data Structures & Algorithms,0.93,Expert,Technical,True
OCC_0033,SKL_0028,System Design,0.89,Advanced,Technical,True
OCC_0033,SKL_0336,Git,0.85,Advanced,Tools & Technologies,True
OCC_0033,SKL_0337,Docker,0.76,Intermediate,Tools & Technologies,False
OCC_0033,SKL_0031,RESTful API Design,0.86,Advanced,Technical,True
OCC_0033,SKL_0383,Problem Solving,0.91,Advanced,Soft,True
OCC_0033,SKL_0382,Communication,0.72,Intermediate,Soft,False
OCC_0034,SKL_0001,Python,0.91,Advanced,Technical,True
OCC_0034,SKL_0002,Java,0.85,Advanced,Technical,True
OCC_0034,SKL_0003,JavaScript,0.84,Intermediate,Technical,False
OCC_0034,SKL_0026,Data Structures & Algorithms,0.96,Expert,Technical,True
OCC_0034,SKL_0028,System Design,0.87,Advanced,Technical,True
OCC_0034,SKL_0336,Git,0.88,Advanced,Tools & Technologies,True
OCC_0034,SKL_0337,Docker,0.78,Intermediate,Tools & Technologies,False
OCC_0034,SKL_0031,RESTful API Design,0.85,Advanced,Technical,True
OCC_0034,SKL_0383,Problem Solving,0.89,Advanced,Soft,True
OCC_0034,SKL_0382,Communication,0.73,Intermediate,Soft,False
OCC_0035,SKL_0001,Python,0.93,Advanced,Technical,True
OCC_0035,SKL_0002,Java,0.87,Advanced,Technical,True
OCC_0035,SKL_0003,JavaScript,0.83,Intermediate,Technical,False
OCC_0035,SKL_0026,Data Structures & Algorithms,0.93,Expert,Technical,True
OCC_0035,SKL_0028,System Design,0.89,Advanced,Technical,True
OCC_0035,SKL_0336,Git,0.84,Advanced,Tools & Technologies,True
OCC_0035,SKL_0337,Docker,0.77,Intermediate,Tools & Technologies,False
OCC_0035,SKL_0031,RESTful API Design,0.86,Advanced,Technical,True
OCC_0035,SKL_0383,Problem Solving,0.9,Advanced,Soft,True
OCC_0035,SKL_0382,Communication,0.71,Intermediate,Soft,False
OCC_0036,SKL_0001,Python,0.94,Expert,Technical,True
OCC_0036,SKL_0012,SQL,0.94,Advanced,Technical,True
OCC_0036,SKL_0357,Pandas,0.9,Advanced,Tools & Technologies,True
OCC_0036,SKL_0358,NumPy,0.89,Advanced,Tools & Technologies,True
OCC_0036,SKL_0051,Machine Learning,0.95,Expert,Technical,True
OCC_0036,SKL_0060,Statistical Hypothesis Testing,0.86,Advanced,Technical,True
OCC_0036,SKL_0061,Exploratory Data Analysis,0.88,Advanced,Technical,True
OCC_0036,SKL_0359,Scikit-learn,0.87,Advanced,Tools & Technologies,False
OCC_0036,SKL_0363,Power BI,0.76,Intermediate,Tools & Technologies,False
OCC_0036,SKL_0381,Analytical Thinking,0.9,Expert,Soft,True
OCC_0036,SKL_0382,Communication,0.79,Intermediate,Soft,False
OCC_0037,SKL_0001,Python,0.95,Expert,Technical,True
OCC_0037,SKL_0012,SQL,0.94,Advanced,Technical,True
OCC_0037,SKL_0357,Pandas,0.9,Advanced,Tools & Technologies,True
OCC_0037,SKL_0358,NumPy,0.89,Advanced,Tools & Technologies,True
OCC_0037,SKL_0051,Machine Learning,0.93,Expert,Technical,True
OCC_0037,SKL_0060,Statistical Hypothesis Testing,0.87,Advanced,Technical,True
OCC_0037,SKL_0061,Exploratory Data Analysis,0.9,Advanced,Technical,True
OCC_0037,SKL_0359,Scikit-learn,0.84,Advanced,Tools & Technologies,False
OCC_0037,SKL_0363,Power BI,0.74,Intermediate,Tools & Technologies,False
OCC_0037,SKL_0381,Analytical Thinking,0.92,Expert,Soft,True
OCC_0037,SKL_0382,Communication,0.8,Intermediate,Soft,False
OCC_0038,SKL_0001,Python,0.95,Expert,Technical,True
OCC_0038,SKL_0012,SQL,0.91,Advanced,Technical,True
OCC_0038,SKL_0357,Pandas,0.9,Advanced,Tools & Technologies,True
OCC_0038,SKL_0358,NumPy,0.86,Advanced,Tools & Technologies,True
OCC_0038,SKL_0051,Machine Learning,0.96,Expert,Technical,True
OCC_0038,SKL_0060,Statistical Hypothesis Testing,0.84,Advanced,Technical,True
OCC_0038,SKL_0061,Exploratory Data Analysis,0.89,Advanced,Technical,True
OCC_0038,SKL_0359,Scikit-learn,0.86,Advanced,Tools & Technologies,False
OCC_0038,SKL_0363,Power BI,0.73,Intermediate,Tools & Technologies,False
OCC_0038,SKL_0381,Analytical Thinking,0.92,Expert,Soft,True
OCC_0038,SKL_0382,Communication,0.78,Intermediate,Soft,False
OCC_0039,SKL_0001,Python,0.96,Expert,Technical,True
OCC_0039,SKL_0012,SQL,0.93,Advanced,Technical,True
OCC_0039,SKL_0357,Pandas,0.9,Advanced,Tools & Technologies,True
OCC_0039,SKL_0358,NumPy,0.87,Advanced,Tools & Technologies,True
OCC_0039,SKL_0051,Machine Learning,0.94,Expert,Technical,True
OCC_0039,SKL_0060,Statistical Hypothesis Testing,0.84,Advanced,Technical,True
OCC_0039,SKL_0061,Exploratory Data Analysis,0.9,Advanced,Technical,True
OCC_0039,SKL_0359,Scikit-learn,0.87,Advanced,Tools & Technologies,False
OCC_0039,SKL_0363,Power BI,0.74,Intermediate,Tools & Technologies,False
OCC_0039,SKL_0381,Analytical Thinking,0.91,Expert,Soft,True
OCC_0039,SKL_0382,Communication,0.79,Intermediate,Soft,False
OCC_0040,SKL_0001,Python,0.93,Expert,Technical,True
OCC_0040,SKL_0012,SQL,0.92,Advanced,Technical,True
OCC_0040,SKL_0357,Pandas,0.89,Advanced,Tools & Technologies,True
OCC_0040,SKL_0358,NumPy,0.89,Advanced,Tools & Technologies,True
OCC_0040,SKL_0051,Machine Learning,0.95,Expert,Technical,True
OCC_0040,SKL_0060,Statistical Hypothesis Testing,0.87,Advanced,Technical,True
OCC_0040,SKL_0061,Exploratory Data Analysis,0.87,Advanced,Technical,True
OCC_0040,SKL_0359,Scikit-learn,0.85,Advanced,Tools & Technologies,False
OCC_0040,SKL_0363,Power BI,0.76,Intermediate,Tools & Technologies,False
OCC_0040,SKL_0381,Analytical Thinking,0.93,Expert,Soft,True
OCC_0040,SKL_0382,Communication,0.78,Intermediate,Soft,False
OCC_0041,SKL_0001,Python,0.96,Expert,Technical,True
OCC_0041,SKL_0012,SQL,0.91,Advanced,Technical,True
OCC_0041,SKL_0357,Pandas,0.9,Advanced,Tools & Technologies,True
OCC_0041,SKL_0358,NumPy,0.89,Advanced,Tools & Technologies,True
OCC_0041,SKL_0051,Machine Learning,0.95,Expert,Technical,True
OCC_0041,SKL_0060,Statistical Hypothesis Testing,0.84,Advanced,Technical,True
OCC_0041,SKL_0061,Exploratory Data Analysis,0.91,Advanced,Technical,True
OCC_0041,SKL_0359,Scikit-learn,0.84,Advanced,Tools & Technologies,False
OCC_0041,SKL_0363,Power BI,0.73,Intermediate,Tools & Technologies,False
OCC_0041,SKL_0381,Analytical Thinking,0.92,Expert,Soft,True
OCC_0041,SKL_0382,Communication,0.77,Intermediate,Soft,False
OCC_0042,SKL_0001,Python,0.97,Expert,Technical,True
OCC_0042,SKL_0012,SQL,0.92,Advanced,Technical,True
OCC_0042,SKL_0357,Pandas,0.91,Advanced,Tools & Technologies,True
OCC_0042,SKL_0358,NumPy,0.89,Advanced,Tools & Technologies,True
OCC_0042,SKL_0051,Machine Learning,0.92,Expert,Technical,True
OCC_0042,SKL_0060,Statistical Hypothesis Testing,0.88,Advanced,Technical,True
OCC_0042,SKL_0061,Exploratory Data Analysis,0.9,Advanced,Technical,True
OCC_0042,SKL_0359,Scikit-learn,0.83,Advanced,Tools & Technologies,False
OCC_0042,SKL_0363,Power BI,0.77,Intermediate,Tools & Technologies,False
OCC_0042,SKL_0381,Analytical Thinking,0.93,Expert,Soft,True
OCC_0042,SKL_0382,Communication,0.8,Intermediate,Soft,False
OCC_0043,SKL_0001,Python,0.93,Expert,Technical,True
OCC_0043,SKL_0012,SQL,0.91,Advanced,Technical,True
OCC_0043,SKL_0357,Pandas,0.9,Advanced,Tools & Technologies,True
OCC_0043,SKL_0358,NumPy,0.87,Advanced,Tools & Technologies,True
OCC_0043,SKL_0051,Machine Learning,0.93,Expert,Technical,True
OCC_0043,SKL_0060,Statistical Hypothesis Testing,0.86,Advanced,Technical,True
OCC_0043,SKL_0061,Exploratory Data Analysis,0.87,Advanced,Technical,True
OCC_0043,SKL_0359,Scikit-learn,0.86,Advanced,Tools & Technologies,False
OCC_0043,SKL_0363,Power BI,0.74,Intermediate,Tools & Technologies,False
OCC_0043,SKL_0381,Analytical Thinking,0.94,Expert,Soft,True
OCC_0043,SKL_0382,Communication,0.77,Intermediate,Soft,False
OCC_0044,SKL_0001,Python,0.93,Expert,Technical,True
OCC_0044,SKL_0012,SQL,0.92,Advanced,Technical,True
OCC_0044,SKL_0357,Pandas,0.92,Advanced,Tools & Technologies,True
OCC_0044,SKL_0358,NumPy,0.88,Advanced,Tools & Technologies,True
OCC_0044,SKL_0051,Machine Learning,0.96,Expert,Technical,True
OCC_0044,SKL_0060,Statistical Hypothesis Testing,0.85,Advanced,Technical,True
OCC_0044,SKL_0061,Exploratory Data Analysis,0.9,Advanced,Technical,True
OCC_0044,SKL_0359,Scikit-learn,0.84,Advanced,Tools & Technologies,False
OCC_0044,SKL_0363,Power BI,0.74,Intermediate,Tools & Technologies,False
OCC_0044,SKL_0381,Analytical Thinking,0.91,Expert,Soft,True
OCC_0044,SKL_0382,Communication,0.79,Intermediate,Soft,False
OCC_0045,SKL_0001,Python,0.94,Expert,Technical,True
OCC_0045,SKL_0012,SQL,0.9,Advanced,Technical,True
OCC_0045,SKL_0357,Pandas,0.89,Advanced,Tools & Technologies,True
OCC_0045,SKL_0358,NumPy,0.88,Advanced,Tools & Technologies,True
OCC_0045,SKL_0051,Machine Learning,0.94,Expert,Technical,True
OCC_0045,SKL_0060,Statistical Hypothesis Testing,0.84,Advanced,Technical,True
OCC_0045,SKL_0061,Exploratory Data Analysis,0.9,Advanced,Technical,True
OCC_0045,SKL_0359,Scikit-learn,0.86,Advanced,Tools & Technologies,False
OCC_0045,SKL_0363,Power BI,0.75,Intermediate,Tools & Technologies,False
OCC_0045,SKL_0381,Analytical Thinking,0.91,Expert,Soft,True
OCC_0045,SKL_0382,Communication,0.78,Intermediate,Soft,False
OCC_0046,SKL_0001,Python,0.96,Expert,Technical,True
OCC_0046,SKL_0012,SQL,0.94,Advanced,Technical,True
OCC_0046,SKL_0357,Pandas,0.91,Advanced,Tools & Technologies,True
OCC_0046,SKL_0358,NumPy,0.9,Advanced,Tools & Technologies,True
OCC_0046,SKL_0051,Machine Learning,0.92,Expert,Technical,True
OCC_0046,SKL_0060,Statistical Hypothesis Testing,0.88,Advanced,Technical,True
OCC_0046,SKL_0061,Exploratory Data Analysis,0.89,Advanced,Technical,True
OCC_0046,SKL_0359,Scikit-learn,0.83,Advanced,Tools & Technologies,False
OCC_0046,SKL_0363,Power BI,0.77,Intermediate,Tools & Technologies,False
OCC_0046,SKL_0381,Analytical Thinking,0.91,Expert,Soft,True
OCC_0046,SKL_0382,Communication,0.8,Intermediate,Soft,False
OCC_0047,SKL_0001,Python,0.93,Expert,Technical,True
OCC_0047,SKL_0012,SQL,0.91,Advanced,Technical,True
OCC_0047,SKL_0357,Pandas,0.91,Advanced,Tools & Technologies,True
OCC_0047,SKL_0358,NumPy,0.88,Advanced,Tools & Technologies,True
OCC_0047,SKL_0051,Machine Learning,0.95,Expert,Technical,True
OCC_0047,SKL_0060,Statistical Hypothesis Testing,0.86,Advanced,Technical,True
OCC_0047,SKL_0061,Exploratory Data Analysis,0.9,Advanced,Technical,True
OCC_0047,SKL_0359,Scikit-learn,0.84,Advanced,Tools & Technologies,False
OCC_0047,SKL_0363,Power BI,0.77,Intermediate,Tools & Technologies,False
OCC_0047,SKL_0381,Analytical Thinking,0.92,Expert,Soft,True
OCC_0047,SKL_0382,Communication,0.77,Intermediate,Soft,False
OCC_0048,SKL_0001,Python,0.94,Expert,Technical,True
OCC_0048,SKL_0012,SQL,0.92,Advanced,Technical,True
OCC_0048,SKL_0357,Pandas,0.91,Advanced,Tools & Technologies,True
OCC_0048,SKL_0358,NumPy,0.87,Advanced,Tools & Technologies,True
OCC_0048,SKL_0051,Machine Learning,0.92,Expert,Technical,True
OCC_0048,SKL_0060,Statistical Hypothesis Testing,0.87,Advanced,Technical,True
OCC_0048,SKL_0061,Exploratory Data Analysis,0.88,Advanced,Technical,True
OCC_0048,SKL_0359,Scikit-learn,0.87,Advanced,Tools & Technologies,False
OCC_0048,SKL_0363,Power BI,0.76,Intermediate,Tools & Technologies,False
OCC_0048,SKL_0381,Analytical Thinking,0.92,Expert,Soft,True
OCC_0048,SKL_0382,Communication,0.77,Intermediate,Soft,False
OCC_0049,SKL_0001,Python,0.96,Expert,Technical,True
OCC_0049,SKL_0012,SQL,0.91,Advanced,Technical,True
OCC_0049,SKL_0357,Pandas,0.9,Advanced,Tools & Technologies,True
OCC_0049,SKL_0358,NumPy,0.89,Advanced,Tools & Technologies,True
OCC_0049,SKL_0051,Machine Learning,0.95,Expert,Technical,True
OCC_0049,SKL_0060,Statistical Hypothesis Testing,0.86,Advanced,Technical,True
OCC_0049,SKL_0061,Exploratory Data Analysis,0.88,Advanced,Technical,True
OCC_0049,SKL_0359,Scikit-learn,0.84,Advanced,Tools & Technologies,False
OCC_0049,SKL_0363,Power BI,0.76,Intermediate,Tools & Technologies,False
OCC_0049,SKL_0381,Analytical Thinking,0.91,Expert,Soft,True
OCC_0049,SKL_0382,Communication,0.77,Intermediate,Soft,False
OCC_0050,SKL_0001,Python,0.95,Expert,Technical,True
OCC_0050,SKL_0012,SQL,0.94,Advanced,Technical,True
OCC_0050,SKL_0357,Pandas,0.91,Advanced,Tools & Technologies,True
OCC_0050,SKL_0358,NumPy,0.86,Advanced,Tools & Technologies,True
OCC_0050,SKL_0051,Machine Learning,0.93,Expert,Technical,True
OCC_0050,SKL_0060,Statistical Hypothesis Testing,0.86,Advanced,Technical,True
OCC_0050,SKL_0061,Exploratory Data Analysis,0.88,Advanced,Technical,True
OCC_0050,SKL_0359,Scikit-learn,0.87,Advanced,Tools & Technologies,False
OCC_0050,SKL_0363,Power BI,0.76,Intermediate,Tools & Technologies,False
OCC_0050,SKL_0381,Analytical Thinking,0.91,Expert,Soft,True
OCC_0050,SKL_0382,Communication,0.8,Intermediate,Soft,False
OCC_0051,SKL_0001,Python,0.96,Expert,Technical,True
OCC_0051,SKL_0012,SQL,0.93,Advanced,Technical,True
OCC_0051,SKL_0357,Pandas,0.91,Advanced,Tools & Technologies,True
OCC_0051,SKL_0358,NumPy,0.87,Advanced,Tools & Technologies,True
OCC_0051,SKL_0051,Machine Learning,0.93,Expert,Technical,True
OCC_0051,SKL_0060,Statistical Hypothesis Testing,0.84,Advanced,Technical,True
OCC_0051,SKL_0061,Exploratory Data Analysis,0.88,Advanced,Technical,True
OCC_0051,SKL_0359,Scikit-learn,0.84,Advanced,Tools & Technologies,False
OCC_0051,SKL_0363,Power BI,0.74,Intermediate,Tools & Technologies,False
OCC_0051,SKL_0381,Analytical Thinking,0.91,Expert,Soft,True
OCC_0051,SKL_0382,Communication,0.78,Intermediate,Soft,False
OCC_0052,SKL_0001,Python,0.93,Expert,Technical,True
OCC_0052,SKL_0012,SQL,0.91,Advanced,Technical,True
OCC_0052,SKL_0357,Pandas,0.89,Advanced,Tools & Technologies,True
OCC_0052,SKL_0358,NumPy,0.87,Advanced,Tools & Technologies,True
OCC_0052,SKL_0051,Machine Learning,0.94,Expert,Technical,True
OCC_0052,SKL_0060,Statistical Hypothesis Testing,0.85,Advanced,Technical,True
OCC_0052,SKL_0061,Exploratory Data Analysis,0.88,Advanced,Technical,True
OCC_0052,SKL_0359,Scikit-learn,0.87,Advanced,Tools & Technologies,False
OCC_0052,SKL_0363,Power BI,0.75,Intermediate,Tools & Technologies,False
OCC_0052,SKL_0381,Analytical Thinking,0.92,Expert,Soft,True
OCC_0052,SKL_0382,Communication,0.77,Intermediate,Soft,False
OCC_0053,SKL_0001,Python,0.95,Expert,Technical,True
OCC_0053,SKL_0012,SQL,0.91,Advanced,Technical,True
OCC_0053,SKL_0357,Pandas,0.88,Advanced,Tools & Technologies,True
OCC_0053,SKL_0358,NumPy,0.89,Advanced,Tools & Technologies,True
OCC_0053,SKL_0051,Machine Learning,0.96,Expert,Technical,True
OCC_0053,SKL_0060,Statistical Hypothesis Testing,0.85,Advanced,Technical,True
OCC_0053,SKL_0061,Exploratory Data Analysis,0.9,Advanced,Technical,True
OCC_0053,SKL_0359,Scikit-learn,0.85,Advanced,Tools & Technologies,False
OCC_0053,SKL_0363,Power BI,0.74,Intermediate,Tools & Technologies,False
OCC_0053,SKL_0381,Analytical Thinking,0.94,Expert,Soft,True
OCC_0053,SKL_0382,Communication,0.8,Intermediate,Soft,False
OCC_0054,SKL_0234,Project Management & Scheduling,0.92,Advanced,Technical,True
OCC_0054,SKL_0233,Agile & Scrum Methodologies,0.87,Advanced,Domain Knowledge,True
OCC_0054,SKL_0231,Business Analysis & Requirements Gathering,0.86,Advanced,Technical,True
OCC_0054,SKL_0385,Stakeholder Management,0.96,Expert,Soft,True
OCC_0054,SKL_0384,Cross-Functional Leadership,0.92,Expert,Soft,True
OCC_0054,SKL_0398,Strategic Decision Making,0.91,Advanced,Soft,True
OCC_0054,SKL_0382,Communication,0.95,Expert,Soft,True
OCC_0054,SKL_0386,Negotiation & Persuasion,0.88,Advanced,Soft,False
OCC_0054,SKL_0387,Time Management & Prioritization,0.87,Advanced,Soft,True
OCC_0054,SKL_0383,Problem Solving,0.88,Advanced,Soft,False
OCC_0055,SKL_0234,Project Management & Scheduling,0.91,Advanced,Technical,True
OCC_0055,SKL_0233,Agile & Scrum Methodologies,0.88,Advanced,Domain Knowledge,True
OCC_0055,SKL_0231,Business Analysis & Requirements Gathering,0.87,Advanced,Technical,True
OCC_0055,SKL_0385,Stakeholder Management,0.94,Expert,Soft,True
OCC_0055,SKL_0384,Cross-Functional Leadership,0.9,Expert,Soft,True
OCC_0055,SKL_0398,Strategic Decision Making,0.88,Advanced,Soft,True
OCC_0055,SKL_0382,Communication,0.95,Expert,Soft,True
OCC_0055,SKL_0386,Negotiation & Persuasion,0.86,Advanced,Soft,False
OCC_0055,SKL_0387,Time Management & Prioritization,0.87,Advanced,Soft,True
OCC_0055,SKL_0383,Problem Solving,0.9,Advanced,Soft,False
OCC_0056,SKL_0001,Python,0.94,Expert,Technical,True
OCC_0056,SKL_0012,SQL,0.9,Advanced,Technical,True
OCC_0056,SKL_0357,Pandas,0.9,Advanced,Tools & Technologies,True
OCC_0056,SKL_0358,NumPy,0.88,Advanced,Tools & Technologies,True
OCC_0056,SKL_0051,Machine Learning,0.95,Expert,Technical,True
OCC_0056,SKL_0060,Statistical Hypothesis Testing,0.84,Advanced,Technical,True
OCC_0056,SKL_0061,Exploratory Data Analysis,0.89,Advanced,Technical,True
OCC_0056,SKL_0359,Scikit-learn,0.84,Advanced,Tools & Technologies,False
OCC_0056,SKL_0363,Power BI,0.74,Intermediate,Tools & Technologies,False
OCC_0056,SKL_0381,Analytical Thinking,0.92,Expert,Soft,True
OCC_0056,SKL_0382,Communication,0.8,Intermediate,Soft,False
OCC_0057,SKL_0001,Python,0.97,Expert,Technical,True
OCC_0057,SKL_0012,SQL,0.91,Advanced,Technical,True
OCC_0057,SKL_0357,Pandas,0.89,Advanced,Tools & Technologies,True
OCC_0057,SKL_0358,NumPy,0.89,Advanced,Tools & Technologies,True
OCC_0057,SKL_0051,Machine Learning,0.93,Expert,Technical,True
OCC_0057,SKL_0060,Statistical Hypothesis Testing,0.85,Advanced,Technical,True
OCC_0057,SKL_0061,Exploratory Data Analysis,0.88,Advanced,Technical,True
OCC_0057,SKL_0359,Scikit-learn,0.84,Advanced,Tools & Technologies,False
OCC_0057,SKL_0363,Power BI,0.77,Intermediate,Tools & Technologies,False
OCC_0057,SKL_0381,Analytical Thinking,0.93,Expert,Soft,True
OCC_0057,SKL_0382,Communication,0.76,Intermediate,Soft,False
OCC_0058,SKL_0001,Python,0.96,Expert,Technical,True
OCC_0058,SKL_0012,SQL,0.92,Advanced,Technical,True
OCC_0058,SKL_0357,Pandas,0.92,Advanced,Tools & Technologies,True
OCC_0058,SKL_0358,NumPy,0.89,Advanced,Tools & Technologies,True
OCC_0058,SKL_0051,Machine Learning,0.93,Expert,Technical,True
OCC_0058,SKL_0060,Statistical Hypothesis Testing,0.87,Advanced,Technical,True
OCC_0058,SKL_0061,Exploratory Data Analysis,0.91,Advanced,Technical,True
OCC_0058,SKL_0359,Scikit-learn,0.85,Advanced,Tools & Technologies,False
OCC_0058,SKL_0363,Power BI,0.77,Intermediate,Tools & Technologies,False
OCC_0058,SKL_0381,Analytical Thinking,0.91,Expert,Soft,True
OCC_0058,SKL_0382,Communication,0.78,Intermediate,Soft,False
OCC_0059,SKL_0001,Python,0.93,Expert,Technical,True
OCC_0059,SKL_0012,SQL,0.91,Advanced,Technical,True
OCC_0059,SKL_0357,Pandas,0.9,Advanced,Tools & Technologies,True
OCC_0059,SKL_0358,NumPy,0.89,Advanced,Tools & Technologies,True
OCC_0059,SKL_0051,Machine Learning,0.96,Expert,Technical,True
OCC_0059,SKL_0060,Statistical Hypothesis Testing,0.84,Advanced,Technical,True
OCC_0059,SKL_0061,Exploratory Data Analysis,0.91,Advanced,Technical,True
OCC_0059,SKL_0359,Scikit-learn,0.86,Advanced,Tools & Technologies,False
OCC_0059,SKL_0363,Power BI,0.73,Intermediate,Tools & Technologies,False
OCC_0059,SKL_0381,Analytical Thinking,0.92,Expert,Soft,True
OCC_0059,SKL_0382,Communication,0.8,Intermediate,Soft,False
OCC_0060,SKL_0201,Financial Modeling,0.95,Expert,Technical,True
OCC_0060,SKL_0205,Financial Statement Analysis,0.94,Expert,Technical,True
OCC_0060,SKL_0373,Advanced Microsoft Excel,0.93,Expert,Tools & Technologies,True
OCC_0060,SKL_0202,Discounted Cash Flow (DCF) Valuation,0.91,Advanced,Technical,True
OCC_0060,SKL_0204,Corporate Taxation & GST,0.84,Advanced,Domain Knowledge,False
OCC_0060,SKL_0203,Statutory Auditing,0.81,Advanced,Technical,False
OCC_0060,SKL_0381,Analytical Thinking,0.94,Expert,Soft,True
OCC_0060,SKL_0390,Attention to Detail,0.92,Expert,Soft,True
OCC_0060,SKL_0382,Communication,0.78,Intermediate,Soft,False
OCC_0060,SKL_0398,Strategic Decision Making,0.85,Advanced,Soft,False
OCC_0061,SKL_0001,Python,0.96,Expert,Technical,True
OCC_0061,SKL_0012,SQL,0.91,Advanced,Technical,True
OCC_0061,SKL_0357,Pandas,0.9,Advanced,Tools & Technologies,True
OCC_0061,SKL_0358,NumPy,0.88,Advanced,Tools & Technologies,True
OCC_0061,SKL_0051,Machine Learning,0.92,Expert,Technical,True
OCC_0061,SKL_0060,Statistical Hypothesis Testing,0.84,Advanced,Technical,True
OCC_0061,SKL_0061,Exploratory Data Analysis,0.88,Advanced,Technical,True
OCC_0061,SKL_0359,Scikit-learn,0.87,Advanced,Tools & Technologies,False
OCC_0061,SKL_0363,Power BI,0.76,Intermediate,Tools & Technologies,False
OCC_0061,SKL_0381,Analytical Thinking,0.92,Expert,Soft,True
OCC_0061,SKL_0382,Communication,0.79,Intermediate,Soft,False
OCC_0062,SKL_0106,Threat Modeling,0.94,Expert,Technical,True
OCC_0062,SKL_0107,Penetration Testing,0.9,Advanced,Technical,True
OCC_0062,SKL_0108,Vulnerability Assessment,0.88,Advanced,Technical,True
OCC_0062,SKL_0085,Linux System Administration,0.87,Advanced,Technical,True
OCC_0062,SKL_0086,Network Protocols,0.89,Advanced,Technical,True
OCC_0062,SKL_0112,Security Information and Event Management (SIEM),0.83,Advanced,Technical,True
OCC_0062,SKL_0375,Wireshark,0.81,Advanced,Tools & Technologies,False
OCC_0062,SKL_0113,Incident Response,0.9,Advanced,Technical,True
OCC_0062,SKL_0390,Attention to Detail,0.86,Advanced,Soft,True
OCC_0062,SKL_0383,Problem Solving,0.86,Advanced,Soft,False
OCC_0063,SKL_0106,Threat Modeling,0.92,Expert,Technical,True
OCC_0063,SKL_0107,Penetration Testing,0.9,Advanced,Technical,True
OCC_0063,SKL_0108,Vulnerability Assessment,0.89,Advanced,Technical,True
OCC_0063,SKL_0085,Linux System Administration,0.87,Advanced,Technical,True
OCC_0063,SKL_0086,Network Protocols,0.9,Advanced,Technical,True
OCC_0063,SKL_0112,Security Information and Event Management (SIEM),0.86,Advanced,Technical,True
OCC_0063,SKL_0375,Wireshark,0.8,Advanced,Tools & Technologies,False
OCC_0063,SKL_0113,Incident Response,0.88,Advanced,Technical,True
OCC_0063,SKL_0390,Attention to Detail,0.88,Advanced,Soft,True
OCC_0063,SKL_0383,Problem Solving,0.86,Advanced,Soft,False
OCC_0064,SKL_0106,Threat Modeling,0.91,Expert,Technical,True
OCC_0064,SKL_0107,Penetration Testing,0.88,Advanced,Technical,True
OCC_0064,SKL_0108,Vulnerability Assessment,0.87,Advanced,Technical,True
OCC_0064,SKL_0085,Linux System Administration,0.88,Advanced,Technical,True
OCC_0064,SKL_0086,Network Protocols,0.89,Advanced,Technical,True
OCC_0064,SKL_0112,Security Information and Event Management (SIEM),0.84,Advanced,Technical,True
OCC_0064,SKL_0375,Wireshark,0.81,Advanced,Tools & Technologies,False
OCC_0064,SKL_0113,Incident Response,0.88,Advanced,Technical,True
OCC_0064,SKL_0390,Attention to Detail,0.9,Advanced,Soft,True
OCC_0064,SKL_0383,Problem Solving,0.84,Advanced,Soft,False
OCC_0065,SKL_0106,Threat Modeling,0.91,Expert,Technical,True
OCC_0065,SKL_0107,Penetration Testing,0.9,Advanced,Technical,True
OCC_0065,SKL_0108,Vulnerability Assessment,0.9,Advanced,Technical,True
OCC_0065,SKL_0085,Linux System Administration,0.86,Advanced,Technical,True
OCC_0065,SKL_0086,Network Protocols,0.91,Advanced,Technical,True
OCC_0065,SKL_0112,Security Information and Event Management (SIEM),0.84,Advanced,Technical,True
OCC_0065,SKL_0375,Wireshark,0.8,Advanced,Tools & Technologies,False
OCC_0065,SKL_0113,Incident Response,0.89,Advanced,Technical,True
OCC_0065,SKL_0390,Attention to Detail,0.88,Advanced,Soft,True
OCC_0065,SKL_0383,Problem Solving,0.86,Advanced,Soft,False
OCC_0066,SKL_0106,Threat Modeling,0.93,Expert,Technical,True
OCC_0066,SKL_0107,Penetration Testing,0.91,Advanced,Technical,True
OCC_0066,SKL_0108,Vulnerability Assessment,0.87,Advanced,Technical,True
OCC_0066,SKL_0085,Linux System Administration,0.87,Advanced,Technical,True
OCC_0066,SKL_0086,Network Protocols,0.91,Advanced,Technical,True
OCC_0066,SKL_0112,Security Information and Event Management (SIEM),0.83,Advanced,Technical,True
OCC_0066,SKL_0375,Wireshark,0.82,Advanced,Tools & Technologies,False
OCC_0066,SKL_0113,Incident Response,0.89,Advanced,Technical,True
OCC_0066,SKL_0390,Attention to Detail,0.86,Advanced,Soft,True
OCC_0066,SKL_0383,Problem Solving,0.85,Advanced,Soft,False
OCC_0067,SKL_0106,Threat Modeling,0.91,Expert,Technical,True
OCC_0067,SKL_0107,Penetration Testing,0.9,Advanced,Technical,True
OCC_0067,SKL_0108,Vulnerability Assessment,0.87,Advanced,Technical,True
OCC_0067,SKL_0085,Linux System Administration,0.88,Advanced,Technical,True
OCC_0067,SKL_0086,Network Protocols,0.88,Advanced,Technical,True
OCC_0067,SKL_0112,Security Information and Event Management (SIEM),0.84,Advanced,Technical,True
OCC_0067,SKL_0375,Wireshark,0.81,Advanced,Tools & Technologies,False
OCC_0067,SKL_0113,Incident Response,0.87,Advanced,Technical,True
OCC_0067,SKL_0390,Attention to Detail,0.9,Advanced,Soft,True
OCC_0067,SKL_0383,Problem Solving,0.85,Advanced,Soft,False
OCC_0068,SKL_0106,Threat Modeling,0.93,Expert,Technical,True
OCC_0068,SKL_0107,Penetration Testing,0.9,Advanced,Technical,True
OCC_0068,SKL_0108,Vulnerability Assessment,0.88,Advanced,Technical,True
OCC_0068,SKL_0085,Linux System Administration,0.86,Advanced,Technical,True
OCC_0068,SKL_0086,Network Protocols,0.91,Advanced,Technical,True
OCC_0068,SKL_0112,Security Information and Event Management (SIEM),0.83,Advanced,Technical,True
OCC_0068,SKL_0375,Wireshark,0.82,Advanced,Tools & Technologies,False
OCC_0068,SKL_0113,Incident Response,0.86,Advanced,Technical,True
OCC_0068,SKL_0390,Attention to Detail,0.89,Advanced,Soft,True
OCC_0068,SKL_0383,Problem Solving,0.87,Advanced,Soft,False
OCC_0069,SKL_0106,Threat Modeling,0.92,Expert,Technical,True
OCC_0069,SKL_0107,Penetration Testing,0.89,Advanced,Technical,True
OCC_0069,SKL_0108,Vulnerability Assessment,0.87,Advanced,Technical,True
OCC_0069,SKL_0085,Linux System Administration,0.87,Advanced,Technical,True
OCC_0069,SKL_0086,Network Protocols,0.92,Advanced,Technical,True
OCC_0069,SKL_0112,Security Information and Event Management (SIEM),0.85,Advanced,Technical,True
OCC_0069,SKL_0375,Wireshark,0.83,Advanced,Tools & Technologies,False
OCC_0069,SKL_0113,Incident Response,0.87,Advanced,Technical,True
OCC_0069,SKL_0390,Attention to Detail,0.89,Advanced,Soft,True
OCC_0069,SKL_0383,Problem Solving,0.83,Advanced,Soft,False
OCC_0070,SKL_0106,Threat Modeling,0.93,Expert,Technical,True
OCC_0070,SKL_0107,Penetration Testing,0.89,Advanced,Technical,True
OCC_0070,SKL_0108,Vulnerability Assessment,0.89,Advanced,Technical,True
OCC_0070,SKL_0085,Linux System Administration,0.85,Advanced,Technical,True
OCC_0070,SKL_0086,Network Protocols,0.89,Advanced,Technical,True
OCC_0070,SKL_0112,Security Information and Event Management (SIEM),0.84,Advanced,Technical,True
OCC_0070,SKL_0375,Wireshark,0.81,Advanced,Tools & Technologies,False
OCC_0070,SKL_0113,Incident Response,0.86,Advanced,Technical,True
OCC_0070,SKL_0390,Attention to Detail,0.89,Advanced,Soft,True
OCC_0070,SKL_0383,Problem Solving,0.86,Advanced,Soft,False
OCC_0071,SKL_0106,Threat Modeling,0.9,Expert,Technical,True
OCC_0071,SKL_0107,Penetration Testing,0.91,Advanced,Technical,True
OCC_0071,SKL_0108,Vulnerability Assessment,0.89,Advanced,Technical,True
OCC_0071,SKL_0085,Linux System Administration,0.84,Advanced,Technical,True
OCC_0071,SKL_0086,Network Protocols,0.88,Advanced,Technical,True
OCC_0071,SKL_0112,Security Information and Event Management (SIEM),0.86,Advanced,Technical,True
OCC_0071,SKL_0375,Wireshark,0.82,Advanced,Tools & Technologies,False
OCC_0071,SKL_0113,Incident Response,0.86,Advanced,Technical,True
OCC_0071,SKL_0390,Attention to Detail,0.86,Advanced,Soft,True
OCC_0071,SKL_0383,Problem Solving,0.84,Advanced,Soft,False
OCC_0072,SKL_0106,Threat Modeling,0.9,Expert,Technical,True
OCC_0072,SKL_0107,Penetration Testing,0.91,Advanced,Technical,True
OCC_0072,SKL_0108,Vulnerability Assessment,0.89,Advanced,Technical,True
OCC_0072,SKL_0085,Linux System Administration,0.87,Advanced,Technical,True
OCC_0072,SKL_0086,Network Protocols,0.92,Advanced,Technical,True
OCC_0072,SKL_0112,Security Information and Event Management (SIEM),0.84,Advanced,Technical,True
OCC_0072,SKL_0375,Wireshark,0.84,Advanced,Tools & Technologies,False
OCC_0072,SKL_0113,Incident Response,0.87,Advanced,Technical,True
OCC_0072,SKL_0390,Attention to Detail,0.87,Advanced,Soft,True
OCC_0072,SKL_0383,Problem Solving,0.83,Advanced,Soft,False
OCC_0073,SKL_0106,Threat Modeling,0.93,Expert,Technical,True
OCC_0073,SKL_0107,Penetration Testing,0.92,Advanced,Technical,True
OCC_0073,SKL_0108,Vulnerability Assessment,0.9,Advanced,Technical,True
OCC_0073,SKL_0085,Linux System Administration,0.85,Advanced,Technical,True
OCC_0073,SKL_0086,Network Protocols,0.89,Advanced,Technical,True
OCC_0073,SKL_0112,Security Information and Event Management (SIEM),0.85,Advanced,Technical,True
OCC_0073,SKL_0375,Wireshark,0.83,Advanced,Tools & Technologies,False
OCC_0073,SKL_0113,Incident Response,0.87,Advanced,Technical,True
OCC_0073,SKL_0390,Attention to Detail,0.88,Advanced,Soft,True
OCC_0073,SKL_0383,Problem Solving,0.83,Advanced,Soft,False
OCC_0074,SKL_0106,Threat Modeling,0.92,Expert,Technical,True
OCC_0074,SKL_0107,Penetration Testing,0.88,Advanced,Technical,True
OCC_0074,SKL_0108,Vulnerability Assessment,0.87,Advanced,Technical,True
OCC_0074,SKL_0085,Linux System Administration,0.85,Advanced,Technical,True
OCC_0074,SKL_0086,Network Protocols,0.89,Advanced,Technical,True
OCC_0074,SKL_0112,Security Information and Event Management (SIEM),0.87,Advanced,Technical,True
OCC_0074,SKL_0375,Wireshark,0.82,Advanced,Tools & Technologies,False
OCC_0074,SKL_0113,Incident Response,0.9,Advanced,Technical,True
OCC_0074,SKL_0390,Attention to Detail,0.86,Advanced,Soft,True
OCC_0074,SKL_0383,Problem Solving,0.84,Advanced,Soft,False
OCC_0075,SKL_0106,Threat Modeling,0.92,Expert,Technical,True
OCC_0075,SKL_0107,Penetration Testing,0.91,Advanced,Technical,True
OCC_0075,SKL_0108,Vulnerability Assessment,0.87,Advanced,Technical,True
OCC_0075,SKL_0085,Linux System Administration,0.86,Advanced,Technical,True
OCC_0075,SKL_0086,Network Protocols,0.9,Advanced,Technical,True
OCC_0075,SKL_0112,Security Information and Event Management (SIEM),0.87,Advanced,Technical,True
OCC_0075,SKL_0375,Wireshark,0.81,Advanced,Tools & Technologies,False
OCC_0075,SKL_0113,Incident Response,0.87,Advanced,Technical,True
OCC_0075,SKL_0390,Attention to Detail,0.88,Advanced,Soft,True
OCC_0075,SKL_0383,Problem Solving,0.84,Advanced,Soft,False
OCC_0076,SKL_0234,Project Management & Scheduling,0.91,Advanced,Technical,True
OCC_0076,SKL_0233,Agile & Scrum Methodologies,0.86,Advanced,Domain Knowledge,True
OCC_0076,SKL_0231,Business Analysis & Requirements Gathering,0.88,Advanced,Technical,True
OCC_0076,SKL_0385,Stakeholder Management,0.92,Expert,Soft,True
OCC_0076,SKL_0384,Cross-Functional Leadership,0.9,Expert,Soft,True
OCC_0076,SKL_0398,Strategic Decision Making,0.89,Advanced,Soft,True
OCC_0076,SKL_0382,Communication,0.95,Expert,Soft,True
OCC_0076,SKL_0386,Negotiation & Persuasion,0.87,Advanced,Soft,False
OCC_0076,SKL_0387,Time Management & Prioritization,0.88,Advanced,Soft,True
OCC_0076,SKL_0383,Problem Solving,0.86,Advanced,Soft,False
OCC_0077,SKL_0134,Computer-Aided Design (CAD),0.91,Advanced,Technical,True
OCC_0077,SKL_0131,Finite Element Analysis (FEA),0.86,Advanced,Technical,True
OCC_0077,SKL_0133,Thermodynamic Analysis,0.84,Advanced,Technical,True
OCC_0077,SKL_0366,AutoCAD,0.9,Advanced,Tools & Technologies,True
OCC_0077,SKL_0367,SolidWorks,0.87,Advanced,Tools & Technologies,True
OCC_0077,SKL_0135,Geometric Dimensioning and Tolerancing (GD&T),0.88,Advanced,Technical,True
OCC_0077,SKL_0381,Analytical Thinking,0.9,Expert,Soft,True
OCC_0077,SKL_0390,Attention to Detail,0.86,Advanced,Soft,False
OCC_0077,SKL_0383,Problem Solving,0.87,Advanced,Soft,True
OCC_0077,SKL_0382,Communication,0.73,Intermediate,Soft,False
OCC_0078,SKL_0134,Computer-Aided Design (CAD),0.91,Advanced,Technical,True
OCC_0078,SKL_0131,Finite Element Analysis (FEA),0.86,Advanced,Technical,True
OCC_0078,SKL_0133,Thermodynamic Analysis,0.86,Advanced,Technical,True
OCC_0078,SKL_0366,AutoCAD,0.9,Advanced,Tools & Technologies,True
OCC_0078,SKL_0367,SolidWorks,0.89,Advanced,Tools & Technologies,True
OCC_0078,SKL_0135,Geometric Dimensioning and Tolerancing (GD&T),0.85,Advanced,Technical,True
OCC_0078,SKL_0381,Analytical Thinking,0.92,Expert,Soft,True
OCC_0078,SKL_0390,Attention to Detail,0.86,Advanced,Soft,False
OCC_0078,SKL_0383,Problem Solving,0.86,Advanced,Soft,True
OCC_0078,SKL_0382,Communication,0.72,Intermediate,Soft,False
OCC_0079,SKL_0134,Computer-Aided Design (CAD),0.93,Advanced,Technical,True
OCC_0079,SKL_0131,Finite Element Analysis (FEA),0.86,Advanced,Technical,True
OCC_0079,SKL_0133,Thermodynamic Analysis,0.84,Advanced,Technical,True
OCC_0079,SKL_0366,AutoCAD,0.9,Advanced,Tools & Technologies,True
OCC_0079,SKL_0367,SolidWorks,0.88,Advanced,Tools & Technologies,True
OCC_0079,SKL_0135,Geometric Dimensioning and Tolerancing (GD&T),0.84,Advanced,Technical,True
OCC_0079,SKL_0381,Analytical Thinking,0.92,Expert,Soft,True
OCC_0079,SKL_0390,Attention to Detail,0.88,Advanced,Soft,False
OCC_0079,SKL_0383,Problem Solving,0.86,Advanced,Soft,True
OCC_0079,SKL_0382,Communication,0.74,Intermediate,Soft,False
OCC_0080,SKL_0134,Computer-Aided Design (CAD),0.91,Advanced,Technical,True
OCC_0080,SKL_0131,Finite Element Analysis (FEA),0.88,Advanced,Technical,True
OCC_0080,SKL_0133,Thermodynamic Analysis,0.87,Advanced,Technical,True
OCC_0080,SKL_0366,AutoCAD,0.88,Advanced,Tools & Technologies,True
OCC_0080,SKL_0367,SolidWorks,0.89,Advanced,Tools & Technologies,True
OCC_0080,SKL_0135,Geometric Dimensioning and Tolerancing (GD&T),0.87,Advanced,Technical,True
OCC_0080,SKL_0381,Analytical Thinking,0.89,Expert,Soft,True
OCC_0080,SKL_0390,Attention to Detail,0.87,Advanced,Soft,False
OCC_0080,SKL_0383,Problem Solving,0.88,Advanced,Soft,True
OCC_0080,SKL_0382,Communication,0.71,Intermediate,Soft,False
OCC_0081,SKL_0134,Computer-Aided Design (CAD),0.93,Advanced,Technical,True
OCC_0081,SKL_0131,Finite Element Analysis (FEA),0.89,Advanced,Technical,True
OCC_0081,SKL_0133,Thermodynamic Analysis,0.85,Advanced,Technical,True
OCC_0081,SKL_0366,AutoCAD,0.9,Advanced,Tools & Technologies,True
OCC_0081,SKL_0367,SolidWorks,0.88,Advanced,Tools & Technologies,True
OCC_0081,SKL_0135,Geometric Dimensioning and Tolerancing (GD&T),0.86,Advanced,Technical,True
OCC_0081,SKL_0381,Analytical Thinking,0.9,Expert,Soft,True
OCC_0081,SKL_0390,Attention to Detail,0.85,Advanced,Soft,False
OCC_0081,SKL_0383,Problem Solving,0.89,Advanced,Soft,True
OCC_0081,SKL_0382,Communication,0.7,Intermediate,Soft,False
OCC_0082,SKL_0134,Computer-Aided Design (CAD),0.91,Advanced,Technical,True
OCC_0082,SKL_0131,Finite Element Analysis (FEA),0.88,Advanced,Technical,True
OCC_0082,SKL_0133,Thermodynamic Analysis,0.86,Advanced,Technical,True
OCC_0082,SKL_0366,AutoCAD,0.89,Advanced,Tools & Technologies,True
OCC_0082,SKL_0367,SolidWorks,0.86,Advanced,Tools & Technologies,True
OCC_0082,SKL_0135,Geometric Dimensioning and Tolerancing (GD&T),0.84,Advanced,Technical,True
OCC_0082,SKL_0381,Analytical Thinking,0.88,Expert,Soft,True
OCC_0082,SKL_0390,Attention to Detail,0.87,Advanced,Soft,False
OCC_0082,SKL_0383,Problem Solving,0.9,Advanced,Soft,True
OCC_0082,SKL_0382,Communication,0.72,Intermediate,Soft,False
OCC_0083,SKL_0134,Computer-Aided Design (CAD),0.93,Advanced,Technical,True
OCC_0083,SKL_0131,Finite Element Analysis (FEA),0.87,Advanced,Technical,True
OCC_0083,SKL_0133,Thermodynamic Analysis,0.85,Advanced,Technical,True
OCC_0083,SKL_0366,AutoCAD,0.88,Advanced,Tools & Technologies,True
OCC_0083,SKL_0367,SolidWorks,0.86,Advanced,Tools & Technologies,True
OCC_0083,SKL_0135,Geometric Dimensioning and Tolerancing (GD&T),0.87,Advanced,Technical,True
OCC_0083,SKL_0381,Analytical Thinking,0.91,Expert,Soft,True
OCC_0083,SKL_0390,Attention to Detail,0.87,Advanced,Soft,False
OCC_0083,SKL_0383,Problem Solving,0.87,Advanced,Soft,True
OCC_0083,SKL_0382,Communication,0.73,Intermediate,Soft,False
OCC_0084,SKL_0134,Computer-Aided Design (CAD),0.92,Advanced,Technical,True
OCC_0084,SKL_0131,Finite Element Analysis (FEA),0.87,Advanced,Technical,True
OCC_0084,SKL_0133,Thermodynamic Analysis,0.84,Advanced,Technical,True
OCC_0084,SKL_0366,AutoCAD,0.91,Advanced,Tools & Technologies,True
OCC_0084,SKL_0367,SolidWorks,0.88,Advanced,Tools & Technologies,True
OCC_0084,SKL_0135,Geometric Dimensioning and Tolerancing (GD&T),0.88,Advanced,Technical,True
OCC_0084,SKL_0381,Analytical Thinking,0.88,Expert,Soft,True
OCC_0084,SKL_0390,Attention to Detail,0.86,Advanced,Soft,False
OCC_0084,SKL_0383,Problem Solving,0.9,Advanced,Soft,True
OCC_0084,SKL_0382,Communication,0.72,Intermediate,Soft,False
OCC_0085,SKL_0134,Computer-Aided Design (CAD),0.91,Advanced,Technical,True
OCC_0085,SKL_0131,Finite Element Analysis (FEA),0.88,Advanced,Technical,True
OCC_0085,SKL_0133,Thermodynamic Analysis,0.85,Advanced,Technical,True
OCC_0085,SKL_0366,AutoCAD,0.88,Advanced,Tools & Technologies,True
OCC_0085,SKL_0367,SolidWorks,0.88,Advanced,Tools & Technologies,True
OCC_0085,SKL_0135,Geometric Dimensioning and Tolerancing (GD&T),0.87,Advanced,Technical,True
OCC_0085,SKL_0381,Analytical Thinking,0.89,Expert,Soft,True
OCC_0085,SKL_0390,Attention to Detail,0.87,Advanced,Soft,False
OCC_0085,SKL_0383,Problem Solving,0.88,Advanced,Soft,True
OCC_0085,SKL_0382,Communication,0.71,Intermediate,Soft,False
OCC_0086,SKL_0134,Computer-Aided Design (CAD),0.93,Advanced,Technical,True
OCC_0086,SKL_0131,Finite Element Analysis (FEA),0.88,Advanced,Technical,True
OCC_0086,SKL_0133,Thermodynamic Analysis,0.83,Advanced,Technical,True
OCC_0086,SKL_0366,AutoCAD,0.91,Advanced,Tools & Technologies,True
OCC_0086,SKL_0367,SolidWorks,0.89,Advanced,Tools & Technologies,True
OCC_0086,SKL_0135,Geometric Dimensioning and Tolerancing (GD&T),0.87,Advanced,Technical,True
OCC_0086,SKL_0381,Analytical Thinking,0.9,Expert,Soft,True
OCC_0086,SKL_0390,Attention to Detail,0.86,Advanced,Soft,False
OCC_0086,SKL_0383,Problem Solving,0.89,Advanced,Soft,True
OCC_0086,SKL_0382,Communication,0.72,Intermediate,Soft,False
OCC_0087,SKL_0134,Computer-Aided Design (CAD),0.92,Advanced,Technical,True
OCC_0087,SKL_0131,Finite Element Analysis (FEA),0.88,Advanced,Technical,True
OCC_0087,SKL_0133,Thermodynamic Analysis,0.87,Advanced,Technical,True
OCC_0087,SKL_0366,AutoCAD,0.9,Advanced,Tools & Technologies,True
OCC_0087,SKL_0367,SolidWorks,0.87,Advanced,Tools & Technologies,True
OCC_0087,SKL_0135,Geometric Dimensioning and Tolerancing (GD&T),0.88,Advanced,Technical,True
OCC_0087,SKL_0381,Analytical Thinking,0.89,Expert,Soft,True
OCC_0087,SKL_0390,Attention to Detail,0.84,Advanced,Soft,False
OCC_0087,SKL_0383,Problem Solving,0.86,Advanced,Soft,True
OCC_0087,SKL_0382,Communication,0.73,Intermediate,Soft,False
OCC_0088,SKL_0134,Computer-Aided Design (CAD),0.91,Advanced,Technical,True
OCC_0088,SKL_0131,Finite Element Analysis (FEA),0.89,Advanced,Technical,True
OCC_0088,SKL_0133,Thermodynamic Analysis,0.83,Advanced,Technical,True
OCC_0088,SKL_0366,AutoCAD,0.92,Advanced,Tools & Technologies,True
OCC_0088,SKL_0367,SolidWorks,0.87,Advanced,Tools & Technologies,True
OCC_0088,SKL_0135,Geometric Dimensioning and Tolerancing (GD&T),0.84,Advanced,Technical,True
OCC_0088,SKL_0381,Analytical Thinking,0.89,Expert,Soft,True
OCC_0088,SKL_0390,Attention to Detail,0.85,Advanced,Soft,False
OCC_0088,SKL_0383,Problem Solving,0.87,Advanced,Soft,True
OCC_0088,SKL_0382,Communication,0.73,Intermediate,Soft,False
OCC_0089,SKL_0134,Computer-Aided Design (CAD),0.91,Advanced,Technical,True
OCC_0089,SKL_0131,Finite Element Analysis (FEA),0.89,Advanced,Technical,True
OCC_0089,SKL_0133,Thermodynamic Analysis,0.85,Advanced,Technical,True
OCC_0089,SKL_0366,AutoCAD,0.92,Advanced,Tools & Technologies,True
OCC_0089,SKL_0367,SolidWorks,0.86,Advanced,Tools & Technologies,True
OCC_0089,SKL_0135,Geometric Dimensioning and Tolerancing (GD&T),0.85,Advanced,Technical,True
OCC_0089,SKL_0381,Analytical Thinking,0.89,Expert,Soft,True
OCC_0089,SKL_0390,Attention to Detail,0.84,Advanced,Soft,False
OCC_0089,SKL_0383,Problem Solving,0.87,Advanced,Soft,True
OCC_0089,SKL_0382,Communication,0.72,Intermediate,Soft,False
OCC_0090,SKL_0134,Computer-Aided Design (CAD),0.93,Advanced,Technical,True
OCC_0090,SKL_0131,Finite Element Analysis (FEA),0.88,Advanced,Technical,True
OCC_0090,SKL_0133,Thermodynamic Analysis,0.87,Advanced,Technical,True
OCC_0090,SKL_0366,AutoCAD,0.89,Advanced,Tools & Technologies,True
OCC_0090,SKL_0367,SolidWorks,0.89,Advanced,Tools & Technologies,True
OCC_0090,SKL_0135,Geometric Dimensioning and Tolerancing (GD&T),0.86,Advanced,Technical,True
OCC_0090,SKL_0381,Analytical Thinking,0.92,Expert,Soft,True
OCC_0090,SKL_0390,Attention to Detail,0.86,Advanced,Soft,False
OCC_0090,SKL_0383,Problem Solving,0.88,Advanced,Soft,True
OCC_0090,SKL_0382,Communication,0.72,Intermediate,Soft,False
OCC_0091,SKL_0134,Computer-Aided Design (CAD),0.93,Advanced,Technical,True
OCC_0091,SKL_0131,Finite Element Analysis (FEA),0.86,Advanced,Technical,True
OCC_0091,SKL_0133,Thermodynamic Analysis,0.86,Advanced,Technical,True
OCC_0091,SKL_0366,AutoCAD,0.89,Advanced,Tools & Technologies,True
OCC_0091,SKL_0367,SolidWorks,0.88,Advanced,Tools & Technologies,True
OCC_0091,SKL_0135,Geometric Dimensioning and Tolerancing (GD&T),0.87,Advanced,Technical,True
OCC_0091,SKL_0381,Analytical Thinking,0.89,Expert,Soft,True
OCC_0091,SKL_0390,Attention to Detail,0.86,Advanced,Soft,False
OCC_0091,SKL_0383,Problem Solving,0.87,Advanced,Soft,True
OCC_0091,SKL_0382,Communication,0.72,Intermediate,Soft,False
OCC_0092,SKL_0134,Computer-Aided Design (CAD),0.92,Advanced,Technical,True
OCC_0092,SKL_0131,Finite Element Analysis (FEA),0.89,Advanced,Technical,True
OCC_0092,SKL_0133,Thermodynamic Analysis,0.86,Advanced,Technical,True
OCC_0092,SKL_0366,AutoCAD,0.91,Advanced,Tools & Technologies,True
OCC_0092,SKL_0367,SolidWorks,0.88,Advanced,Tools & Technologies,True
OCC_0092,SKL_0135,Geometric Dimensioning and Tolerancing (GD&T),0.85,Advanced,Technical,True
OCC_0092,SKL_0381,Analytical Thinking,0.88,Expert,Soft,True
OCC_0092,SKL_0390,Attention to Detail,0.88,Advanced,Soft,False
OCC_0092,SKL_0383,Problem Solving,0.88,Advanced,Soft,True
OCC_0092,SKL_0382,Communication,0.71,Intermediate,Soft,False
OCC_0093,SKL_0234,Project Management & Scheduling,0.93,Advanced,Technical,True
OCC_0093,SKL_0233,Agile & Scrum Methodologies,0.86,Advanced,Domain Knowledge,True
OCC_0093,SKL_0231,Business Analysis & Requirements Gathering,0.87,Advanced,Technical,True
OCC_0093,SKL_0385,Stakeholder Management,0.92,Expert,Soft,True
OCC_0093,SKL_0384,Cross-Functional Leadership,0.91,Expert,Soft,True
OCC_0093,SKL_0398,Strategic Decision Making,0.88,Advanced,Soft,True
OCC_0093,SKL_0382,Communication,0.95,Expert,Soft,True
OCC_0093,SKL_0386,Negotiation & Persuasion,0.86,Advanced,Soft,False
OCC_0093,SKL_0387,Time Management & Prioritization,0.87,Advanced,Soft,True
OCC_0093,SKL_0383,Problem Solving,0.89,Advanced,Soft,False
OCC_0094,SKL_0134,Computer-Aided Design (CAD),0.93,Advanced,Technical,True
OCC_0094,SKL_0131,Finite Element Analysis (FEA),0.87,Advanced,Technical,True
OCC_0094,SKL_0133,Thermodynamic Analysis,0.86,Advanced,Technical,True
OCC_0094,SKL_0366,AutoCAD,0.9,Advanced,Tools & Technologies,True
OCC_0094,SKL_0367,SolidWorks,0.88,Advanced,Tools & Technologies,True
OCC_0094,SKL_0135,Geometric Dimensioning and Tolerancing (GD&T),0.85,Advanced,Technical,True
OCC_0094,SKL_0381,Analytical Thinking,0.9,Expert,Soft,True
OCC_0094,SKL_0390,Attention to Detail,0.86,Advanced,Soft,False
OCC_0094,SKL_0383,Problem Solving,0.88,Advanced,Soft,True
OCC_0094,SKL_0382,Communication,0.73,Intermediate,Soft,False
OCC_0095,SKL_0134,Computer-Aided Design (CAD),0.91,Advanced,Technical,True
OCC_0095,SKL_0131,Finite Element Analysis (FEA),0.86,Advanced,Technical,True
OCC_0095,SKL_0133,Thermodynamic Analysis,0.86,Advanced,Technical,True
OCC_0095,SKL_0366,AutoCAD,0.91,Advanced,Tools & Technologies,True
OCC_0095,SKL_0367,SolidWorks,0.88,Advanced,Tools & Technologies,True
OCC_0095,SKL_0135,Geometric Dimensioning and Tolerancing (GD&T),0.85,Advanced,Technical,True
OCC_0095,SKL_0381,Analytical Thinking,0.92,Expert,Soft,True
OCC_0095,SKL_0390,Attention to Detail,0.87,Advanced,Soft,False
OCC_0095,SKL_0383,Problem Solving,0.88,Advanced,Soft,True
OCC_0095,SKL_0382,Communication,0.74,Intermediate,Soft,False
OCC_0096,SKL_0134,Computer-Aided Design (CAD),0.92,Advanced,Technical,True
OCC_0096,SKL_0131,Finite Element Analysis (FEA),0.88,Advanced,Technical,True
OCC_0096,SKL_0133,Thermodynamic Analysis,0.86,Advanced,Technical,True
OCC_0096,SKL_0366,AutoCAD,0.9,Advanced,Tools & Technologies,True
OCC_0096,SKL_0367,SolidWorks,0.88,Advanced,Tools & Technologies,True
OCC_0096,SKL_0135,Geometric Dimensioning and Tolerancing (GD&T),0.87,Advanced,Technical,True
OCC_0096,SKL_0381,Analytical Thinking,0.9,Expert,Soft,True
OCC_0096,SKL_0390,Attention to Detail,0.85,Advanced,Soft,False
OCC_0096,SKL_0383,Problem Solving,0.87,Advanced,Soft,True
OCC_0096,SKL_0382,Communication,0.71,Intermediate,Soft,False
OCC_0097,SKL_0134,Computer-Aided Design (CAD),0.93,Advanced,Technical,True
OCC_0097,SKL_0131,Finite Element Analysis (FEA),0.87,Advanced,Technical,True
OCC_0097,SKL_0133,Thermodynamic Analysis,0.85,Advanced,Technical,True
OCC_0097,SKL_0366,AutoCAD,0.89,Advanced,Tools & Technologies,True
OCC_0097,SKL_0367,SolidWorks,0.89,Advanced,Tools & Technologies,True
OCC_0097,SKL_0135,Geometric Dimensioning and Tolerancing (GD&T),0.84,Advanced,Technical,True
OCC_0097,SKL_0381,Analytical Thinking,0.89,Expert,Soft,True
OCC_0097,SKL_0390,Attention to Detail,0.86,Advanced,Soft,False
OCC_0097,SKL_0383,Problem Solving,0.89,Advanced,Soft,True
OCC_0097,SKL_0382,Communication,0.73,Intermediate,Soft,False
OCC_0098,SKL_0134,Computer-Aided Design (CAD),0.91,Advanced,Technical,True
OCC_0098,SKL_0131,Finite Element Analysis (FEA),0.88,Advanced,Technical,True
OCC_0098,SKL_0133,Thermodynamic Analysis,0.85,Advanced,Technical,True
OCC_0098,SKL_0366,AutoCAD,0.88,Advanced,Tools & Technologies,True
OCC_0098,SKL_0367,SolidWorks,0.87,Advanced,Tools & Technologies,True
OCC_0098,SKL_0135,Geometric Dimensioning and Tolerancing (GD&T),0.85,Advanced,Technical,True
OCC_0098,SKL_0381,Analytical Thinking,0.91,Expert,Soft,True
OCC_0098,SKL_0390,Attention to Detail,0.86,Advanced,Soft,False
OCC_0098,SKL_0383,Problem Solving,0.88,Advanced,Soft,True
OCC_0098,SKL_0382,Communication,0.72,Intermediate,Soft,False
OCC_0099,SKL_0134,Computer-Aided Design (CAD),0.93,Advanced,Technical,True
OCC_0099,SKL_0131,Finite Element Analysis (FEA),0.86,Advanced,Technical,True
OCC_0099,SKL_0133,Thermodynamic Analysis,0.84,Advanced,Technical,True
OCC_0099,SKL_0366,AutoCAD,0.89,Advanced,Tools & Technologies,True
OCC_0099,SKL_0367,SolidWorks,0.87,Advanced,Tools & Technologies,True
OCC_0099,SKL_0135,Geometric Dimensioning and Tolerancing (GD&T),0.87,Advanced,Technical,True
OCC_0099,SKL_0381,Analytical Thinking,0.91,Expert,Soft,True
OCC_0099,SKL_0390,Attention to Detail,0.85,Advanced,Soft,False
OCC_0099,SKL_0383,Problem Solving,0.89,Advanced,Soft,True
OCC_0099,SKL_0382,Communication,0.74,Intermediate,Soft,False
OCC_0100,SKL_0134,Computer-Aided Design (CAD),0.92,Advanced,Technical,True
OCC_0100,SKL_0131,Finite Element Analysis (FEA),0.86,Advanced,Technical,True
OCC_0100,SKL_0133,Thermodynamic Analysis,0.86,Advanced,Technical,True
OCC_0100,SKL_0366,AutoCAD,0.88,Advanced,Tools & Technologies,True
OCC_0100,SKL_0367,SolidWorks,0.88,Advanced,Tools & Technologies,True
OCC_0100,SKL_0135,Geometric Dimensioning and Tolerancing (GD&T),0.87,Advanced,Technical,True
OCC_0100,SKL_0381,Analytical Thinking,0.92,Expert,Soft,True
OCC_0100,SKL_0390,Attention to Detail,0.86,Advanced,Soft,False
OCC_0100,SKL_0383,Problem Solving,0.87,Advanced,Soft,True
OCC_0100,SKL_0382,Communication,0.73,Intermediate,Soft,False
OCC_0101,SKL_0234,Project Management & Scheduling,0.9,Advanced,Technical,True
OCC_0101,SKL_0233,Agile & Scrum Methodologies,0.9,Advanced,Domain Knowledge,True
OCC_0101,SKL_0231,Business Analysis & Requirements Gathering,0.87,Advanced,Technical,True
OCC_0101,SKL_0385,Stakeholder Management,0.93,Expert,Soft,True
OCC_0101,SKL_0384,Cross-Functional Leadership,0.9,Expert,Soft,True
OCC_0101,SKL_0398,Strategic Decision Making,0.91,Advanced,Soft,True
OCC_0101,SKL_0382,Communication,0.96,Expert,Soft,True
OCC_0101,SKL_0386,Negotiation & Persuasion,0.86,Advanced,Soft,False
OCC_0101,SKL_0387,Time Management & Prioritization,0.89,Advanced,Soft,True
OCC_0101,SKL_0383,Problem Solving,0.9,Advanced,Soft,False
OCC_0102,SKL_0134,Computer-Aided Design (CAD),0.94,Advanced,Technical,True
OCC_0102,SKL_0131,Finite Element Analysis (FEA),0.87,Advanced,Technical,True
OCC_0102,SKL_0133,Thermodynamic Analysis,0.87,Advanced,Technical,True
OCC_0102,SKL_0366,AutoCAD,0.89,Advanced,Tools & Technologies,True
OCC_0102,SKL_0367,SolidWorks,0.86,Advanced,Tools & Technologies,True
OCC_0102,SKL_0135,Geometric Dimensioning and Tolerancing (GD&T),0.87,Advanced,Technical,True
OCC_0102,SKL_0381,Analytical Thinking,0.89,Expert,Soft,True
OCC_0102,SKL_0390,Attention to Detail,0.86,Advanced,Soft,False
OCC_0102,SKL_0383,Problem Solving,0.88,Advanced,Soft,True
OCC_0102,SKL_0382,Communication,0.73,Intermediate,Soft,False
OCC_0103,SKL_0134,Computer-Aided Design (CAD),0.91,Advanced,Technical,True
OCC_0103,SKL_0131,Finite Element Analysis (FEA),0.88,Advanced,Technical,True
OCC_0103,SKL_0133,Thermodynamic Analysis,0.84,Advanced,Technical,True
OCC_0103,SKL_0366,AutoCAD,0.89,Advanced,Tools & Technologies,True
OCC_0103,SKL_0367,SolidWorks,0.9,Advanced,Tools & Technologies,True
OCC_0103,SKL_0135,Geometric Dimensioning and Tolerancing (GD&T),0.86,Advanced,Technical,True
OCC_0103,SKL_0381,Analytical Thinking,0.89,Expert,Soft,True
OCC_0103,SKL_0390,Attention to Detail,0.86,Advanced,Soft,False
OCC_0103,SKL_0383,Problem Solving,0.88,Advanced,Soft,True
OCC_0103,SKL_0382,Communication,0.71,Intermediate,Soft,False
OCC_0104,SKL_0134,Computer-Aided Design (CAD),0.94,Advanced,Technical,True
OCC_0104,SKL_0131,Finite Element Analysis (FEA),0.87,Advanced,Technical,True
OCC_0104,SKL_0133,Thermodynamic Analysis,0.85,Advanced,Technical,True
OCC_0104,SKL_0366,AutoCAD,0.91,Advanced,Tools & Technologies,True
OCC_0104,SKL_0367,SolidWorks,0.9,Advanced,Tools & Technologies,True
OCC_0104,SKL_0135,Geometric Dimensioning and Tolerancing (GD&T),0.88,Advanced,Technical,True
OCC_0104,SKL_0381,Analytical Thinking,0.92,Expert,Soft,True
OCC_0104,SKL_0390,Attention to Detail,0.85,Advanced,Soft,False
OCC_0104,SKL_0383,Problem Solving,0.89,Advanced,Soft,True
OCC_0104,SKL_0382,Communication,0.73,Intermediate,Soft,False
OCC_0105,SKL_0134,Computer-Aided Design (CAD),0.9,Advanced,Technical,True
OCC_0105,SKL_0131,Finite Element Analysis (FEA),0.9,Advanced,Technical,True
OCC_0105,SKL_0133,Thermodynamic Analysis,0.85,Advanced,Technical,True
OCC_0105,SKL_0366,AutoCAD,0.91,Advanced,Tools & Technologies,True
OCC_0105,SKL_0367,SolidWorks,0.89,Advanced,Tools & Technologies,True
OCC_0105,SKL_0135,Geometric Dimensioning and Tolerancing (GD&T),0.88,Advanced,Technical,True
OCC_0105,SKL_0381,Analytical Thinking,0.91,Expert,Soft,True
OCC_0105,SKL_0390,Attention to Detail,0.87,Advanced,Soft,False
OCC_0105,SKL_0383,Problem Solving,0.87,Advanced,Soft,True
OCC_0105,SKL_0382,Communication,0.72,Intermediate,Soft,False
OCC_0106,SKL_0134,Computer-Aided Design (CAD),0.91,Advanced,Technical,True
OCC_0106,SKL_0131,Finite Element Analysis (FEA),0.9,Advanced,Technical,True
OCC_0106,SKL_0133,Thermodynamic Analysis,0.84,Advanced,Technical,True
OCC_0106,SKL_0366,AutoCAD,0.91,Advanced,Tools & Technologies,True
OCC_0106,SKL_0367,SolidWorks,0.86,Advanced,Tools & Technologies,True
OCC_0106,SKL_0135,Geometric Dimensioning and Tolerancing (GD&T),0.87,Advanced,Technical,True
OCC_0106,SKL_0381,Analytical Thinking,0.91,Expert,Soft,True
OCC_0106,SKL_0390,Attention to Detail,0.86,Advanced,Soft,False
OCC_0106,SKL_0383,Problem Solving,0.9,Advanced,Soft,True
OCC_0106,SKL_0382,Communication,0.72,Intermediate,Soft,False
OCC_0107,SKL_0134,Computer-Aided Design (CAD),0.94,Advanced,Technical,True
OCC_0107,SKL_0131,Finite Element Analysis (FEA),0.87,Advanced,Technical,True
OCC_0107,SKL_0133,Thermodynamic Analysis,0.83,Advanced,Technical,True
OCC_0107,SKL_0366,AutoCAD,0.91,Advanced,Tools & Technologies,True
OCC_0107,SKL_0367,SolidWorks,0.87,Advanced,Tools & Technologies,True
OCC_0107,SKL_0135,Geometric Dimensioning and Tolerancing (GD&T),0.85,Advanced,Technical,True
OCC_0107,SKL_0381,Analytical Thinking,0.92,Expert,Soft,True
OCC_0107,SKL_0390,Attention to Detail,0.88,Advanced,Soft,False
OCC_0107,SKL_0383,Problem Solving,0.89,Advanced,Soft,True
OCC_0107,SKL_0382,Communication,0.74,Intermediate,Soft,False
OCC_0108,SKL_0134,Computer-Aided Design (CAD),0.93,Advanced,Technical,True
OCC_0108,SKL_0131,Finite Element Analysis (FEA),0.88,Advanced,Technical,True
OCC_0108,SKL_0133,Thermodynamic Analysis,0.83,Advanced,Technical,True
OCC_0108,SKL_0366,AutoCAD,0.91,Advanced,Tools & Technologies,True
OCC_0108,SKL_0367,SolidWorks,0.89,Advanced,Tools & Technologies,True
OCC_0108,SKL_0135,Geometric Dimensioning and Tolerancing (GD&T),0.88,Advanced,Technical,True
OCC_0108,SKL_0381,Analytical Thinking,0.9,Expert,Soft,True
OCC_0108,SKL_0390,Attention to Detail,0.86,Advanced,Soft,False
OCC_0108,SKL_0383,Problem Solving,0.89,Advanced,Soft,True
OCC_0108,SKL_0382,Communication,0.73,Intermediate,Soft,False
OCC_0109,SKL_0134,Computer-Aided Design (CAD),0.94,Advanced,Technical,True
OCC_0109,SKL_0131,Finite Element Analysis (FEA),0.89,Advanced,Technical,True
OCC_0109,SKL_0133,Thermodynamic Analysis,0.86,Advanced,Technical,True
OCC_0109,SKL_0366,AutoCAD,0.91,Advanced,Tools & Technologies,True
OCC_0109,SKL_0367,SolidWorks,0.88,Advanced,Tools & Technologies,True
OCC_0109,SKL_0135,Geometric Dimensioning and Tolerancing (GD&T),0.85,Advanced,Technical,True
OCC_0109,SKL_0381,Analytical Thinking,0.9,Expert,Soft,True
OCC_0109,SKL_0390,Attention to Detail,0.87,Advanced,Soft,False
OCC_0109,SKL_0383,Problem Solving,0.89,Advanced,Soft,True
OCC_0109,SKL_0382,Communication,0.72,Intermediate,Soft,False
OCC_0110,SKL_0134,Computer-Aided Design (CAD),0.9,Advanced,Technical,True
OCC_0110,SKL_0131,Finite Element Analysis (FEA),0.86,Advanced,Technical,True
OCC_0110,SKL_0133,Thermodynamic Analysis,0.86,Advanced,Technical,True
OCC_0110,SKL_0366,AutoCAD,0.91,Advanced,Tools & Technologies,True
OCC_0110,SKL_0367,SolidWorks,0.89,Advanced,Tools & Technologies,True
OCC_0110,SKL_0135,Geometric Dimensioning and Tolerancing (GD&T),0.85,Advanced,Technical,True
OCC_0110,SKL_0381,Analytical Thinking,0.9,Expert,Soft,True
OCC_0110,SKL_0390,Attention to Detail,0.87,Advanced,Soft,False
OCC_0110,SKL_0383,Problem Solving,0.87,Advanced,Soft,True
OCC_0110,SKL_0382,Communication,0.7,Intermediate,Soft,False
OCC_0111,SKL_0134,Computer-Aided Design (CAD),0.91,Advanced,Technical,True
OCC_0111,SKL_0131,Finite Element Analysis (FEA),0.88,Advanced,Technical,True
OCC_0111,SKL_0133,Thermodynamic Analysis,0.87,Advanced,Technical,True
OCC_0111,SKL_0366,AutoCAD,0.91,Advanced,Tools & Technologies,True
OCC_0111,SKL_0367,SolidWorks,0.89,Advanced,Tools & Technologies,True
OCC_0111,SKL_0135,Geometric Dimensioning and Tolerancing (GD&T),0.87,Advanced,Technical,True
OCC_0111,SKL_0381,Analytical Thinking,0.91,Expert,Soft,True
OCC_0111,SKL_0390,Attention to Detail,0.87,Advanced,Soft,False
OCC_0111,SKL_0383,Problem Solving,0.87,Advanced,Soft,True
OCC_0111,SKL_0382,Communication,0.72,Intermediate,Soft,False
OCC_0112,SKL_0134,Computer-Aided Design (CAD),0.93,Advanced,Technical,True
OCC_0112,SKL_0131,Finite Element Analysis (FEA),0.87,Advanced,Technical,True
OCC_0112,SKL_0133,Thermodynamic Analysis,0.86,Advanced,Technical,True
OCC_0112,SKL_0366,AutoCAD,0.91,Advanced,Tools & Technologies,True
OCC_0112,SKL_0367,SolidWorks,0.89,Advanced,Tools & Technologies,True
OCC_0112,SKL_0135,Geometric Dimensioning and Tolerancing (GD&T),0.85,Advanced,Technical,True
OCC_0112,SKL_0381,Analytical Thinking,0.9,Expert,Soft,True
OCC_0112,SKL_0390,Attention to Detail,0.85,Advanced,Soft,False
OCC_0112,SKL_0383,Problem Solving,0.9,Advanced,Soft,True
OCC_0112,SKL_0382,Communication,0.74,Intermediate,Soft,False
OCC_0113,SKL_0134,Computer-Aided Design (CAD),0.94,Advanced,Technical,True
OCC_0113,SKL_0131,Finite Element Analysis (FEA),0.87,Advanced,Technical,True
OCC_0113,SKL_0133,Thermodynamic Analysis,0.87,Advanced,Technical,True
OCC_0113,SKL_0366,AutoCAD,0.92,Advanced,Tools & Technologies,True
OCC_0113,SKL_0367,SolidWorks,0.89,Advanced,Tools & Technologies,True
OCC_0113,SKL_0135,Geometric Dimensioning and Tolerancing (GD&T),0.87,Advanced,Technical,True
OCC_0113,SKL_0381,Analytical Thinking,0.92,Expert,Soft,True
OCC_0113,SKL_0390,Attention to Detail,0.88,Advanced,Soft,False
OCC_0113,SKL_0383,Problem Solving,0.87,Advanced,Soft,True
OCC_0113,SKL_0382,Communication,0.73,Intermediate,Soft,False
OCC_0114,SKL_0134,Computer-Aided Design (CAD),0.91,Advanced,Technical,True
OCC_0114,SKL_0131,Finite Element Analysis (FEA),0.88,Advanced,Technical,True
OCC_0114,SKL_0133,Thermodynamic Analysis,0.85,Advanced,Technical,True
OCC_0114,SKL_0366,AutoCAD,0.89,Advanced,Tools & Technologies,True
OCC_0114,SKL_0367,SolidWorks,0.86,Advanced,Tools & Technologies,True
OCC_0114,SKL_0135,Geometric Dimensioning and Tolerancing (GD&T),0.85,Advanced,Technical,True
OCC_0114,SKL_0381,Analytical Thinking,0.92,Expert,Soft,True
OCC_0114,SKL_0390,Attention to Detail,0.84,Advanced,Soft,False
OCC_0114,SKL_0383,Problem Solving,0.89,Advanced,Soft,True
OCC_0114,SKL_0382,Communication,0.72,Intermediate,Soft,False
OCC_0115,SKL_0134,Computer-Aided Design (CAD),0.94,Advanced,Technical,True
OCC_0115,SKL_0131,Finite Element Analysis (FEA),0.88,Advanced,Technical,True
OCC_0115,SKL_0133,Thermodynamic Analysis,0.86,Advanced,Technical,True
OCC_0115,SKL_0366,AutoCAD,0.88,Advanced,Tools & Technologies,True
OCC_0115,SKL_0367,SolidWorks,0.89,Advanced,Tools & Technologies,True
OCC_0115,SKL_0135,Geometric Dimensioning and Tolerancing (GD&T),0.85,Advanced,Technical,True
OCC_0115,SKL_0381,Analytical Thinking,0.91,Expert,Soft,True
OCC_0115,SKL_0390,Attention to Detail,0.87,Advanced,Soft,False
OCC_0115,SKL_0383,Problem Solving,0.87,Advanced,Soft,True
OCC_0115,SKL_0382,Communication,0.72,Intermediate,Soft,False
OCC_0116,SKL_0134,Computer-Aided Design (CAD),0.91,Advanced,Technical,True
OCC_0116,SKL_0131,Finite Element Analysis (FEA),0.89,Advanced,Technical,True
OCC_0116,SKL_0133,Thermodynamic Analysis,0.85,Advanced,Technical,True
OCC_0116,SKL_0366,AutoCAD,0.92,Advanced,Tools & Technologies,True
OCC_0116,SKL_0367,SolidWorks,0.87,Advanced,Tools & Technologies,True
OCC_0116,SKL_0135,Geometric Dimensioning and Tolerancing (GD&T),0.87,Advanced,Technical,True
OCC_0116,SKL_0381,Analytical Thinking,0.9,Expert,Soft,True
OCC_0116,SKL_0390,Attention to Detail,0.86,Advanced,Soft,False
OCC_0116,SKL_0383,Problem Solving,0.87,Advanced,Soft,True
OCC_0116,SKL_0382,Communication,0.71,Intermediate,Soft,False
OCC_0117,SKL_0134,Computer-Aided Design (CAD),0.91,Advanced,Technical,True
OCC_0117,SKL_0131,Finite Element Analysis (FEA),0.88,Advanced,Technical,True
OCC_0117,SKL_0133,Thermodynamic Analysis,0.87,Advanced,Technical,True
OCC_0117,SKL_0366,AutoCAD,0.89,Advanced,Tools & Technologies,True
OCC_0117,SKL_0367,SolidWorks,0.89,Advanced,Tools & Technologies,True
OCC_0117,SKL_0135,Geometric Dimensioning and Tolerancing (GD&T),0.86,Advanced,Technical,True
OCC_0117,SKL_0381,Analytical Thinking,0.88,Expert,Soft,True
OCC_0117,SKL_0390,Attention to Detail,0.85,Advanced,Soft,False
OCC_0117,SKL_0383,Problem Solving,0.87,Advanced,Soft,True
OCC_0117,SKL_0382,Communication,0.73,Intermediate,Soft,False
OCC_0118,SKL_0134,Computer-Aided Design (CAD),0.93,Advanced,Technical,True
OCC_0118,SKL_0131,Finite Element Analysis (FEA),0.89,Advanced,Technical,True
OCC_0118,SKL_0133,Thermodynamic Analysis,0.86,Advanced,Technical,True
OCC_0118,SKL_0366,AutoCAD,0.91,Advanced,Tools & Technologies,True
OCC_0118,SKL_0367,SolidWorks,0.87,Advanced,Tools & Technologies,True
OCC_0118,SKL_0135,Geometric Dimensioning and Tolerancing (GD&T),0.84,Advanced,Technical,True
OCC_0118,SKL_0381,Analytical Thinking,0.88,Expert,Soft,True
OCC_0118,SKL_0390,Attention to Detail,0.85,Advanced,Soft,False
OCC_0118,SKL_0383,Problem Solving,0.87,Advanced,Soft,True
OCC_0118,SKL_0382,Communication,0.74,Intermediate,Soft,False
OCC_0119,SKL_0134,Computer-Aided Design (CAD),0.94,Advanced,Technical,True
OCC_0119,SKL_0131,Finite Element Analysis (FEA),0.9,Advanced,Technical,True
OCC_0119,SKL_0133,Thermodynamic Analysis,0.87,Advanced,Technical,True
OCC_0119,SKL_0366,AutoCAD,0.9,Advanced,Tools & Technologies,True
OCC_0119,SKL_0367,SolidWorks,0.89,Advanced,Tools & Technologies,True
OCC_0119,SKL_0135,Geometric Dimensioning and Tolerancing (GD&T),0.84,Advanced,Technical,True
OCC_0119,SKL_0381,Analytical Thinking,0.89,Expert,Soft,True
OCC_0119,SKL_0390,Attention to Detail,0.86,Advanced,Soft,False
OCC_0119,SKL_0383,Problem Solving,0.87,Advanced,Soft,True
OCC_0119,SKL_0382,Communication,0.72,Intermediate,Soft,False
OCC_0120,SKL_0134,Computer-Aided Design (CAD),0.91,Advanced,Technical,True
OCC_0120,SKL_0131,Finite Element Analysis (FEA),0.9,Advanced,Technical,True
OCC_0120,SKL_0133,Thermodynamic Analysis,0.85,Advanced,Technical,True
OCC_0120,SKL_0366,AutoCAD,0.9,Advanced,Tools & Technologies,True
OCC_0120,SKL_0367,SolidWorks,0.87,Advanced,Tools & Technologies,True
OCC_0120,SKL_0135,Geometric Dimensioning and Tolerancing (GD&T),0.86,Advanced,Technical,True
OCC_0120,SKL_0381,Analytical Thinking,0.92,Expert,Soft,True
OCC_0120,SKL_0390,Attention to Detail,0.88,Advanced,Soft,False
OCC_0120,SKL_0383,Problem Solving,0.87,Advanced,Soft,True
OCC_0120,SKL_0382,Communication,0.71,Intermediate,Soft,False
OCC_0121,SKL_0134,Computer-Aided Design (CAD),0.92,Advanced,Technical,True
OCC_0121,SKL_0131,Finite Element Analysis (FEA),0.87,Advanced,Technical,True
OCC_0121,SKL_0133,Thermodynamic Analysis,0.83,Advanced,Technical,True
OCC_0121,SKL_0366,AutoCAD,0.88,Advanced,Tools & Technologies,True
OCC_0121,SKL_0367,SolidWorks,0.87,Advanced,Tools & Technologies,True
OCC_0121,SKL_0135,Geometric Dimensioning and Tolerancing (GD&T),0.87,Advanced,Technical,True
OCC_0121,SKL_0381,Analytical Thinking,0.91,Expert,Soft,True
OCC_0121,SKL_0390,Attention to Detail,0.87,Advanced,Soft,False
OCC_0121,SKL_0383,Problem Solving,0.9,Advanced,Soft,True
OCC_0121,SKL_0382,Communication,0.71,Intermediate,Soft,False
OCC_0122,SKL_0134,Computer-Aided Design (CAD),0.94,Advanced,Technical,True
OCC_0122,SKL_0131,Finite Element Analysis (FEA),0.88,Advanced,Technical,True
OCC_0122,SKL_0133,Thermodynamic Analysis,0.86,Advanced,Technical,True
OCC_0122,SKL_0366,AutoCAD,0.89,Advanced,Tools & Technologies,True
OCC_0122,SKL_0367,SolidWorks,0.87,Advanced,Tools & Technologies,True
OCC_0122,SKL_0135,Geometric Dimensioning and Tolerancing (GD&T),0.88,Advanced,Technical,True
OCC_0122,SKL_0381,Analytical Thinking,0.89,Expert,Soft,True
OCC_0122,SKL_0390,Attention to Detail,0.88,Advanced,Soft,False
OCC_0122,SKL_0383,Problem Solving,0.89,Advanced,Soft,True
OCC_0122,SKL_0382,Communication,0.71,Intermediate,Soft,False
OCC_0123,SKL_0134,Computer-Aided Design (CAD),0.93,Advanced,Technical,True
OCC_0123,SKL_0131,Finite Element Analysis (FEA),0.89,Advanced,Technical,True
OCC_0123,SKL_0133,Thermodynamic Analysis,0.86,Advanced,Technical,True
OCC_0123,SKL_0366,AutoCAD,0.88,Advanced,Tools & Technologies,True
OCC_0123,SKL_0367,SolidWorks,0.87,Advanced,Tools & Technologies,True
OCC_0123,SKL_0135,Geometric Dimensioning and Tolerancing (GD&T),0.85,Advanced,Technical,True
OCC_0123,SKL_0381,Analytical Thinking,0.88,Expert,Soft,True
OCC_0123,SKL_0390,Attention to Detail,0.85,Advanced,Soft,False
OCC_0123,SKL_0383,Problem Solving,0.89,Advanced,Soft,True
OCC_0123,SKL_0382,Communication,0.72,Intermediate,Soft,False
OCC_0124,SKL_0134,Computer-Aided Design (CAD),0.94,Advanced,Technical,True
OCC_0124,SKL_0131,Finite Element Analysis (FEA),0.9,Advanced,Technical,True
OCC_0124,SKL_0133,Thermodynamic Analysis,0.83,Advanced,Technical,True
OCC_0124,SKL_0366,AutoCAD,0.89,Advanced,Tools & Technologies,True
OCC_0124,SKL_0367,SolidWorks,0.89,Advanced,Tools & Technologies,True
OCC_0124,SKL_0135,Geometric Dimensioning and Tolerancing (GD&T),0.86,Advanced,Technical,True
OCC_0124,SKL_0381,Analytical Thinking,0.9,Expert,Soft,True
OCC_0124,SKL_0390,Attention to Detail,0.87,Advanced,Soft,False
OCC_0124,SKL_0383,Problem Solving,0.89,Advanced,Soft,True
OCC_0124,SKL_0382,Communication,0.7,Intermediate,Soft,False
OCC_0125,SKL_0134,Computer-Aided Design (CAD),0.9,Advanced,Technical,True
OCC_0125,SKL_0131,Finite Element Analysis (FEA),0.89,Advanced,Technical,True
OCC_0125,SKL_0133,Thermodynamic Analysis,0.84,Advanced,Technical,True
OCC_0125,SKL_0366,AutoCAD,0.89,Advanced,Tools & Technologies,True
OCC_0125,SKL_0367,SolidWorks,0.88,Advanced,Tools & Technologies,True
OCC_0125,SKL_0135,Geometric Dimensioning and Tolerancing (GD&T),0.85,Advanced,Technical,True
OCC_0125,SKL_0381,Analytical Thinking,0.92,Expert,Soft,True
OCC_0125,SKL_0390,Attention to Detail,0.86,Advanced,Soft,False
OCC_0125,SKL_0383,Problem Solving,0.88,Advanced,Soft,True
OCC_0125,SKL_0382,Communication,0.74,Intermediate,Soft,False
OCC_0126,SKL_0134,Computer-Aided Design (CAD),0.92,Advanced,Technical,True
OCC_0126,SKL_0131,Finite Element Analysis (FEA),0.88,Advanced,Technical,True
OCC_0126,SKL_0133,Thermodynamic Analysis,0.85,Advanced,Technical,True
OCC_0126,SKL_0366,AutoCAD,0.88,Advanced,Tools & Technologies,True
OCC_0126,SKL_0367,SolidWorks,0.89,Advanced,Tools & Technologies,True
OCC_0126,SKL_0135,Geometric Dimensioning and Tolerancing (GD&T),0.87,Advanced,Technical,True
OCC_0126,SKL_0381,Analytical Thinking,0.92,Expert,Soft,True
OCC_0126,SKL_0390,Attention to Detail,0.84,Advanced,Soft,False
OCC_0126,SKL_0383,Problem Solving,0.89,Advanced,Soft,True
OCC_0126,SKL_0382,Communication,0.73,Intermediate,Soft,False
OCC_0127,SKL_0134,Computer-Aided Design (CAD),0.92,Advanced,Technical,True
OCC_0127,SKL_0131,Finite Element Analysis (FEA),0.88,Advanced,Technical,True
OCC_0127,SKL_0133,Thermodynamic Analysis,0.87,Advanced,Technical,True
OCC_0127,SKL_0366,AutoCAD,0.91,Advanced,Tools & Technologies,True
OCC_0127,SKL_0367,SolidWorks,0.87,Advanced,Tools & Technologies,True
OCC_0127,SKL_0135,Geometric Dimensioning and Tolerancing (GD&T),0.84,Advanced,Technical,True
OCC_0127,SKL_0381,Analytical Thinking,0.91,Expert,Soft,True
OCC_0127,SKL_0390,Attention to Detail,0.87,Advanced,Soft,False
OCC_0127,SKL_0383,Problem Solving,0.88,Advanced,Soft,True
OCC_0127,SKL_0382,Communication,0.74,Intermediate,Soft,False
OCC_0128,SKL_0134,Computer-Aided Design (CAD),0.92,Advanced,Technical,True
OCC_0128,SKL_0131,Finite Element Analysis (FEA),0.86,Advanced,Technical,True
OCC_0128,SKL_0133,Thermodynamic Analysis,0.87,Advanced,Technical,True
OCC_0128,SKL_0366,AutoCAD,0.91,Advanced,Tools & Technologies,True
OCC_0128,SKL_0367,SolidWorks,0.9,Advanced,Tools & Technologies,True
OCC_0128,SKL_0135,Geometric Dimensioning and Tolerancing (GD&T),0.85,Advanced,Technical,True
OCC_0128,SKL_0381,Analytical Thinking,0.91,Expert,Soft,True
OCC_0128,SKL_0390,Attention to Detail,0.87,Advanced,Soft,False
OCC_0128,SKL_0383,Problem Solving,0.9,Advanced,Soft,True
OCC_0128,SKL_0382,Communication,0.72,Intermediate,Soft,False
OCC_0129,SKL_0166,Clinical Diagnosis,0.95,Expert,Technical,True
OCC_0129,SKL_0167,Pharmacotherapy & Drug Prescribing,0.9,Advanced,Technical,True
OCC_0129,SKL_0168,Emergency Medical Care & Triage,0.89,Advanced,Technical,True
OCC_0129,SKL_0169,Cardiopulmonary Resuscitation (CPR / BLS),0.89,Advanced,Technical,True
OCC_0129,SKL_0172,Medical Imaging Interpretation,0.83,Advanced,Technical,False
OCC_0129,SKL_0174,Infection Control & Sterilization,0.86,Advanced,Domain Knowledge,True
OCC_0129,SKL_0382,Communication,0.94,Expert,Soft,True
OCC_0129,SKL_0392,Ethical Judgment,0.95,Expert,Soft,True
OCC_0129,SKL_0388,Emotional Intelligence,0.9,Advanced,Soft,True
OCC_0129,SKL_0390,Attention to Detail,0.91,Advanced,Soft,True
OCC_0130,SKL_0166,Clinical Diagnosis,0.98,Expert,Technical,True
OCC_0130,SKL_0167,Pharmacotherapy & Drug Prescribing,0.93,Advanced,Technical,True
OCC_0130,SKL_0168,Emergency Medical Care & Triage,0.86,Advanced,Technical,True
OCC_0130,SKL_0169,Cardiopulmonary Resuscitation (CPR / BLS),0.91,Advanced,Technical,True
OCC_0130,SKL_0172,Medical Imaging Interpretation,0.84,Advanced,Technical,False
OCC_0130,SKL_0174,Infection Control & Sterilization,0.89,Advanced,Domain Knowledge,True
OCC_0130,SKL_0382,Communication,0.91,Expert,Soft,True
OCC_0130,SKL_0392,Ethical Judgment,0.96,Expert,Soft,True
OCC_0130,SKL_0388,Emotional Intelligence,0.91,Advanced,Soft,True
OCC_0130,SKL_0390,Attention to Detail,0.9,Advanced,Soft,True
OCC_0131,SKL_0166,Clinical Diagnosis,0.96,Expert,Technical,True
OCC_0131,SKL_0167,Pharmacotherapy & Drug Prescribing,0.92,Advanced,Technical,True
OCC_0131,SKL_0168,Emergency Medical Care & Triage,0.89,Advanced,Technical,True
OCC_0131,SKL_0169,Cardiopulmonary Resuscitation (CPR / BLS),0.89,Advanced,Technical,True
OCC_0131,SKL_0172,Medical Imaging Interpretation,0.86,Advanced,Technical,False
OCC_0131,SKL_0174,Infection Control & Sterilization,0.87,Advanced,Domain Knowledge,True
OCC_0131,SKL_0382,Communication,0.93,Expert,Soft,True
OCC_0131,SKL_0392,Ethical Judgment,0.96,Expert,Soft,True
OCC_0131,SKL_0388,Emotional Intelligence,0.9,Advanced,Soft,True
OCC_0131,SKL_0390,Attention to Detail,0.92,Advanced,Soft,True
OCC_0132,SKL_0166,Clinical Diagnosis,0.98,Expert,Technical,True
OCC_0132,SKL_0167,Pharmacotherapy & Drug Prescribing,0.92,Advanced,Technical,True
OCC_0132,SKL_0168,Emergency Medical Care & Triage,0.88,Advanced,Technical,True
OCC_0132,SKL_0169,Cardiopulmonary Resuscitation (CPR / BLS),0.9,Advanced,Technical,True
OCC_0132,SKL_0172,Medical Imaging Interpretation,0.86,Advanced,Technical,False
OCC_0132,SKL_0174,Infection Control & Sterilization,0.89,Advanced,Domain Knowledge,True
OCC_0132,SKL_0382,Communication,0.92,Expert,Soft,True
OCC_0132,SKL_0392,Ethical Judgment,0.95,Expert,Soft,True
OCC_0132,SKL_0388,Emotional Intelligence,0.9,Advanced,Soft,True
OCC_0132,SKL_0390,Attention to Detail,0.9,Advanced,Soft,True
OCC_0133,SKL_0166,Clinical Diagnosis,0.95,Expert,Technical,True
OCC_0133,SKL_0167,Pharmacotherapy & Drug Prescribing,0.92,Advanced,Technical,True
OCC_0133,SKL_0168,Emergency Medical Care & Triage,0.87,Advanced,Technical,True
OCC_0133,SKL_0169,Cardiopulmonary Resuscitation (CPR / BLS),0.91,Advanced,Technical,True
OCC_0133,SKL_0172,Medical Imaging Interpretation,0.84,Advanced,Technical,False
OCC_0133,SKL_0174,Infection Control & Sterilization,0.88,Advanced,Domain Knowledge,True
OCC_0133,SKL_0382,Communication,0.93,Expert,Soft,True
OCC_0133,SKL_0392,Ethical Judgment,0.95,Expert,Soft,True
OCC_0133,SKL_0388,Emotional Intelligence,0.89,Advanced,Soft,True
OCC_0133,SKL_0390,Attention to Detail,0.92,Advanced,Soft,True
OCC_0134,SKL_0166,Clinical Diagnosis,0.98,Expert,Technical,True
OCC_0134,SKL_0167,Pharmacotherapy & Drug Prescribing,0.92,Advanced,Technical,True
OCC_0134,SKL_0168,Emergency Medical Care & Triage,0.87,Advanced,Technical,True
OCC_0134,SKL_0169,Cardiopulmonary Resuscitation (CPR / BLS),0.89,Advanced,Technical,True
OCC_0134,SKL_0172,Medical Imaging Interpretation,0.87,Advanced,Technical,False
OCC_0134,SKL_0174,Infection Control & Sterilization,0.89,Advanced,Domain Knowledge,True
OCC_0134,SKL_0382,Communication,0.92,Expert,Soft,True
OCC_0134,SKL_0392,Ethical Judgment,0.94,Expert,Soft,True
OCC_0134,SKL_0388,Emotional Intelligence,0.88,Advanced,Soft,True
OCC_0134,SKL_0390,Attention to Detail,0.9,Advanced,Soft,True
OCC_0135,SKL_0166,Clinical Diagnosis,0.94,Expert,Technical,True
OCC_0135,SKL_0167,Pharmacotherapy & Drug Prescribing,0.9,Advanced,Technical,True
OCC_0135,SKL_0168,Emergency Medical Care & Triage,0.88,Advanced,Technical,True
OCC_0135,SKL_0169,Cardiopulmonary Resuscitation (CPR / BLS),0.88,Advanced,Technical,True
OCC_0135,SKL_0172,Medical Imaging Interpretation,0.86,Advanced,Technical,False
OCC_0135,SKL_0174,Infection Control & Sterilization,0.88,Advanced,Domain Knowledge,True
OCC_0135,SKL_0382,Communication,0.91,Expert,Soft,True
OCC_0135,SKL_0392,Ethical Judgment,0.94,Expert,Soft,True
OCC_0135,SKL_0388,Emotional Intelligence,0.88,Advanced,Soft,True
OCC_0135,SKL_0390,Attention to Detail,0.92,Advanced,Soft,True
OCC_0136,SKL_0166,Clinical Diagnosis,0.94,Expert,Technical,True
OCC_0136,SKL_0167,Pharmacotherapy & Drug Prescribing,0.93,Advanced,Technical,True
OCC_0136,SKL_0168,Emergency Medical Care & Triage,0.87,Advanced,Technical,True
OCC_0136,SKL_0169,Cardiopulmonary Resuscitation (CPR / BLS),0.89,Advanced,Technical,True
OCC_0136,SKL_0172,Medical Imaging Interpretation,0.85,Advanced,Technical,False
OCC_0136,SKL_0174,Infection Control & Sterilization,0.86,Advanced,Domain Knowledge,True
OCC_0136,SKL_0382,Communication,0.94,Expert,Soft,True
OCC_0136,SKL_0392,Ethical Judgment,0.94,Expert,Soft,True
OCC_0136,SKL_0388,Emotional Intelligence,0.9,Advanced,Soft,True
OCC_0136,SKL_0390,Attention to Detail,0.92,Advanced,Soft,True
OCC_0137,SKL_0166,Clinical Diagnosis,0.97,Expert,Technical,True
OCC_0137,SKL_0167,Pharmacotherapy & Drug Prescribing,0.92,Advanced,Technical,True
OCC_0137,SKL_0168,Emergency Medical Care & Triage,0.87,Advanced,Technical,True
OCC_0137,SKL_0169,Cardiopulmonary Resuscitation (CPR / BLS),0.92,Advanced,Technical,True
OCC_0137,SKL_0172,Medical Imaging Interpretation,0.86,Advanced,Technical,False
OCC_0137,SKL_0174,Infection Control & Sterilization,0.87,Advanced,Domain Knowledge,True
OCC_0137,SKL_0382,Communication,0.91,Expert,Soft,True
OCC_0137,SKL_0392,Ethical Judgment,0.96,Expert,Soft,True
OCC_0137,SKL_0388,Emotional Intelligence,0.9,Advanced,Soft,True
OCC_0137,SKL_0390,Attention to Detail,0.93,Advanced,Soft,True
OCC_0138,SKL_0166,Clinical Diagnosis,0.94,Expert,Technical,True
OCC_0138,SKL_0167,Pharmacotherapy & Drug Prescribing,0.92,Advanced,Technical,True
OCC_0138,SKL_0168,Emergency Medical Care & Triage,0.86,Advanced,Technical,True
OCC_0138,SKL_0169,Cardiopulmonary Resuscitation (CPR / BLS),0.88,Advanced,Technical,True
OCC_0138,SKL_0172,Medical Imaging Interpretation,0.84,Advanced,Technical,False
OCC_0138,SKL_0174,Infection Control & Sterilization,0.88,Advanced,Domain Knowledge,True
OCC_0138,SKL_0382,Communication,0.93,Expert,Soft,True
OCC_0138,SKL_0392,Ethical Judgment,0.96,Expert,Soft,True
OCC_0138,SKL_0388,Emotional Intelligence,0.92,Advanced,Soft,True
OCC_0138,SKL_0390,Attention to Detail,0.92,Advanced,Soft,True
OCC_0139,SKL_0166,Clinical Diagnosis,0.96,Expert,Technical,True
OCC_0139,SKL_0167,Pharmacotherapy & Drug Prescribing,0.92,Advanced,Technical,True
OCC_0139,SKL_0168,Emergency Medical Care & Triage,0.9,Advanced,Technical,True
OCC_0139,SKL_0169,Cardiopulmonary Resuscitation (CPR / BLS),0.89,Advanced,Technical,True
OCC_0139,SKL_0172,Medical Imaging Interpretation,0.86,Advanced,Technical,False
OCC_0139,SKL_0174,Infection Control & Sterilization,0.89,Advanced,Domain Knowledge,True
OCC_0139,SKL_0382,Communication,0.92,Expert,Soft,True
OCC_0139,SKL_0392,Ethical Judgment,0.94,Expert,Soft,True
OCC_0139,SKL_0388,Emotional Intelligence,0.89,Advanced,Soft,True
OCC_0139,SKL_0390,Attention to Detail,0.9,Advanced,Soft,True
OCC_0140,SKL_0166,Clinical Diagnosis,0.94,Expert,Technical,True
OCC_0140,SKL_0167,Pharmacotherapy & Drug Prescribing,0.9,Advanced,Technical,True
OCC_0140,SKL_0168,Emergency Medical Care & Triage,0.9,Advanced,Technical,True
OCC_0140,SKL_0169,Cardiopulmonary Resuscitation (CPR / BLS),0.91,Advanced,Technical,True
OCC_0140,SKL_0172,Medical Imaging Interpretation,0.84,Advanced,Technical,False
OCC_0140,SKL_0174,Infection Control & Sterilization,0.89,Advanced,Domain Knowledge,True
OCC_0140,SKL_0382,Communication,0.93,Expert,Soft,True
OCC_0140,SKL_0392,Ethical Judgment,0.95,Expert,Soft,True
OCC_0140,SKL_0388,Emotional Intelligence,0.91,Advanced,Soft,True
OCC_0140,SKL_0390,Attention to Detail,0.93,Advanced,Soft,True
OCC_0141,SKL_0166,Clinical Diagnosis,0.95,Expert,Technical,True
OCC_0141,SKL_0167,Pharmacotherapy & Drug Prescribing,0.91,Advanced,Technical,True
OCC_0141,SKL_0168,Emergency Medical Care & Triage,0.88,Advanced,Technical,True
OCC_0141,SKL_0169,Cardiopulmonary Resuscitation (CPR / BLS),0.9,Advanced,Technical,True
OCC_0141,SKL_0172,Medical Imaging Interpretation,0.83,Advanced,Technical,False
OCC_0141,SKL_0174,Infection Control & Sterilization,0.87,Advanced,Domain Knowledge,True
OCC_0141,SKL_0382,Communication,0.91,Expert,Soft,True
OCC_0141,SKL_0392,Ethical Judgment,0.96,Expert,Soft,True
OCC_0141,SKL_0388,Emotional Intelligence,0.92,Advanced,Soft,True
OCC_0141,SKL_0390,Attention to Detail,0.92,Advanced,Soft,True
OCC_0142,SKL_0166,Clinical Diagnosis,0.97,Expert,Technical,True
OCC_0142,SKL_0167,Pharmacotherapy & Drug Prescribing,0.92,Advanced,Technical,True
OCC_0142,SKL_0168,Emergency Medical Care & Triage,0.87,Advanced,Technical,True
OCC_0142,SKL_0169,Cardiopulmonary Resuscitation (CPR / BLS),0.9,Advanced,Technical,True
OCC_0142,SKL_0172,Medical Imaging Interpretation,0.86,Advanced,Technical,False
OCC_0142,SKL_0174,Infection Control & Sterilization,0.86,Advanced,Domain Knowledge,True
OCC_0142,SKL_0382,Communication,0.9,Expert,Soft,True
OCC_0142,SKL_0392,Ethical Judgment,0.96,Expert,Soft,True
OCC_0142,SKL_0388,Emotional Intelligence,0.91,Advanced,Soft,True
OCC_0142,SKL_0390,Attention to Detail,0.94,Advanced,Soft,True
OCC_0143,SKL_0166,Clinical Diagnosis,0.97,Expert,Technical,True
OCC_0143,SKL_0167,Pharmacotherapy & Drug Prescribing,0.93,Advanced,Technical,True
OCC_0143,SKL_0168,Emergency Medical Care & Triage,0.88,Advanced,Technical,True
OCC_0143,SKL_0169,Cardiopulmonary Resuscitation (CPR / BLS),0.9,Advanced,Technical,True
OCC_0143,SKL_0172,Medical Imaging Interpretation,0.84,Advanced,Technical,False
OCC_0143,SKL_0174,Infection Control & Sterilization,0.88,Advanced,Domain Knowledge,True
OCC_0143,SKL_0382,Communication,0.92,Expert,Soft,True
OCC_0143,SKL_0392,Ethical Judgment,0.95,Expert,Soft,True
OCC_0143,SKL_0388,Emotional Intelligence,0.9,Advanced,Soft,True
OCC_0143,SKL_0390,Attention to Detail,0.93,Advanced,Soft,True
OCC_0144,SKL_0166,Clinical Diagnosis,0.97,Expert,Technical,True
OCC_0144,SKL_0167,Pharmacotherapy & Drug Prescribing,0.92,Advanced,Technical,True
OCC_0144,SKL_0168,Emergency Medical Care & Triage,0.89,Advanced,Technical,True
OCC_0144,SKL_0169,Cardiopulmonary Resuscitation (CPR / BLS),0.9,Advanced,Technical,True
OCC_0144,SKL_0172,Medical Imaging Interpretation,0.85,Advanced,Technical,False
OCC_0144,SKL_0174,Infection Control & Sterilization,0.87,Advanced,Domain Knowledge,True
OCC_0144,SKL_0382,Communication,0.9,Expert,Soft,True
OCC_0144,SKL_0392,Ethical Judgment,0.97,Expert,Soft,True
OCC_0144,SKL_0388,Emotional Intelligence,0.9,Advanced,Soft,True
OCC_0144,SKL_0390,Attention to Detail,0.92,Advanced,Soft,True
OCC_0145,SKL_0166,Clinical Diagnosis,0.96,Expert,Technical,True
OCC_0145,SKL_0167,Pharmacotherapy & Drug Prescribing,0.94,Advanced,Technical,True
OCC_0145,SKL_0168,Emergency Medical Care & Triage,0.87,Advanced,Technical,True
OCC_0145,SKL_0169,Cardiopulmonary Resuscitation (CPR / BLS),0.91,Advanced,Technical,True
OCC_0145,SKL_0172,Medical Imaging Interpretation,0.83,Advanced,Technical,False
OCC_0145,SKL_0174,Infection Control & Sterilization,0.87,Advanced,Domain Knowledge,True
OCC_0145,SKL_0382,Communication,0.91,Expert,Soft,True
OCC_0145,SKL_0392,Ethical Judgment,0.94,Expert,Soft,True
OCC_0145,SKL_0388,Emotional Intelligence,0.89,Advanced,Soft,True
OCC_0145,SKL_0390,Attention to Detail,0.91,Advanced,Soft,True
OCC_0146,SKL_0166,Clinical Diagnosis,0.98,Expert,Technical,True
OCC_0146,SKL_0167,Pharmacotherapy & Drug Prescribing,0.91,Advanced,Technical,True
OCC_0146,SKL_0168,Emergency Medical Care & Triage,0.88,Advanced,Technical,True
OCC_0146,SKL_0169,Cardiopulmonary Resuscitation (CPR / BLS),0.91,Advanced,Technical,True
OCC_0146,SKL_0172,Medical Imaging Interpretation,0.86,Advanced,Technical,False
OCC_0146,SKL_0174,Infection Control & Sterilization,0.87,Advanced,Domain Knowledge,True
OCC_0146,SKL_0382,Communication,0.91,Expert,Soft,True
OCC_0146,SKL_0392,Ethical Judgment,0.96,Expert,Soft,True
OCC_0146,SKL_0388,Emotional Intelligence,0.92,Advanced,Soft,True
OCC_0146,SKL_0390,Attention to Detail,0.93,Advanced,Soft,True
OCC_0147,SKL_0166,Clinical Diagnosis,0.97,Expert,Technical,True
OCC_0147,SKL_0167,Pharmacotherapy & Drug Prescribing,0.93,Advanced,Technical,True
OCC_0147,SKL_0168,Emergency Medical Care & Triage,0.89,Advanced,Technical,True
OCC_0147,SKL_0169,Cardiopulmonary Resuscitation (CPR / BLS),0.91,Advanced,Technical,True
OCC_0147,SKL_0172,Medical Imaging Interpretation,0.86,Advanced,Technical,False
OCC_0147,SKL_0174,Infection Control & Sterilization,0.88,Advanced,Domain Knowledge,True
OCC_0147,SKL_0382,Communication,0.91,Expert,Soft,True
OCC_0147,SKL_0392,Ethical Judgment,0.96,Expert,Soft,True
OCC_0147,SKL_0388,Emotional Intelligence,0.91,Advanced,Soft,True
OCC_0147,SKL_0390,Attention to Detail,0.91,Advanced,Soft,True
OCC_0148,SKL_0166,Clinical Diagnosis,0.95,Expert,Technical,True
OCC_0148,SKL_0167,Pharmacotherapy & Drug Prescribing,0.92,Advanced,Technical,True
OCC_0148,SKL_0168,Emergency Medical Care & Triage,0.86,Advanced,Technical,True
OCC_0148,SKL_0169,Cardiopulmonary Resuscitation (CPR / BLS),0.9,Advanced,Technical,True
OCC_0148,SKL_0172,Medical Imaging Interpretation,0.87,Advanced,Technical,False
OCC_0148,SKL_0174,Infection Control & Sterilization,0.87,Advanced,Domain Knowledge,True
OCC_0148,SKL_0382,Communication,0.91,Expert,Soft,True
OCC_0148,SKL_0392,Ethical Judgment,0.93,Expert,Soft,True
OCC_0148,SKL_0388,Emotional Intelligence,0.88,Advanced,Soft,True
OCC_0148,SKL_0390,Attention to Detail,0.94,Advanced,Soft,True
OCC_0149,SKL_0166,Clinical Diagnosis,0.95,Expert,Technical,True
OCC_0149,SKL_0167,Pharmacotherapy & Drug Prescribing,0.91,Advanced,Technical,True
OCC_0149,SKL_0168,Emergency Medical Care & Triage,0.89,Advanced,Technical,True
OCC_0149,SKL_0169,Cardiopulmonary Resuscitation (CPR / BLS),0.92,Advanced,Technical,True
OCC_0149,SKL_0172,Medical Imaging Interpretation,0.83,Advanced,Technical,False
OCC_0149,SKL_0174,Infection Control & Sterilization,0.86,Advanced,Domain Knowledge,True
OCC_0149,SKL_0382,Communication,0.92,Expert,Soft,True
OCC_0149,SKL_0392,Ethical Judgment,0.95,Expert,Soft,True
OCC_0149,SKL_0388,Emotional Intelligence,0.88,Advanced,Soft,True
OCC_0149,SKL_0390,Attention to Detail,0.91,Advanced,Soft,True
OCC_0150,SKL_0166,Clinical Diagnosis,0.95,Expert,Technical,True
OCC_0150,SKL_0167,Pharmacotherapy & Drug Prescribing,0.91,Advanced,Technical,True
OCC_0150,SKL_0168,Emergency Medical Care & Triage,0.87,Advanced,Technical,True
OCC_0150,SKL_0169,Cardiopulmonary Resuscitation (CPR / BLS),0.88,Advanced,Technical,True
OCC_0150,SKL_0172,Medical Imaging Interpretation,0.87,Advanced,Technical,False
OCC_0150,SKL_0174,Infection Control & Sterilization,0.87,Advanced,Domain Knowledge,True
OCC_0150,SKL_0382,Communication,0.91,Expert,Soft,True
OCC_0150,SKL_0392,Ethical Judgment,0.96,Expert,Soft,True
OCC_0150,SKL_0388,Emotional Intelligence,0.9,Advanced,Soft,True
OCC_0150,SKL_0390,Attention to Detail,0.93,Advanced,Soft,True
OCC_0151,SKL_0166,Clinical Diagnosis,0.97,Expert,Technical,True
OCC_0151,SKL_0167,Pharmacotherapy & Drug Prescribing,0.94,Advanced,Technical,True
OCC_0151,SKL_0168,Emergency Medical Care & Triage,0.88,Advanced,Technical,True
OCC_0151,SKL_0169,Cardiopulmonary Resuscitation (CPR / BLS),0.9,Advanced,Technical,True
OCC_0151,SKL_0172,Medical Imaging Interpretation,0.86,Advanced,Technical,False
OCC_0151,SKL_0174,Infection Control & Sterilization,0.86,Advanced,Domain Knowledge,True
OCC_0151,SKL_0382,Communication,0.9,Expert,Soft,True
OCC_0151,SKL_0392,Ethical Judgment,0.95,Expert,Soft,True
OCC_0151,SKL_0388,Emotional Intelligence,0.91,Advanced,Soft,True
OCC_0151,SKL_0390,Attention to Detail,0.94,Advanced,Soft,True
OCC_0152,SKL_0234,Project Management & Scheduling,0.93,Advanced,Technical,True
OCC_0152,SKL_0233,Agile & Scrum Methodologies,0.86,Advanced,Domain Knowledge,True
OCC_0152,SKL_0231,Business Analysis & Requirements Gathering,0.84,Advanced,Technical,True
OCC_0152,SKL_0385,Stakeholder Management,0.95,Expert,Soft,True
OCC_0152,SKL_0384,Cross-Functional Leadership,0.93,Expert,Soft,True
OCC_0152,SKL_0398,Strategic Decision Making,0.92,Advanced,Soft,True
OCC_0152,SKL_0382,Communication,0.93,Expert,Soft,True
OCC_0152,SKL_0386,Negotiation & Persuasion,0.85,Advanced,Soft,False
OCC_0152,SKL_0387,Time Management & Prioritization,0.88,Advanced,Soft,True
OCC_0152,SKL_0383,Problem Solving,0.88,Advanced,Soft,False
OCC_0153,SKL_0166,Clinical Diagnosis,0.97,Expert,Technical,True
OCC_0153,SKL_0167,Pharmacotherapy & Drug Prescribing,0.9,Advanced,Technical,True
OCC_0153,SKL_0168,Emergency Medical Care & Triage,0.89,Advanced,Technical,True
OCC_0153,SKL_0169,Cardiopulmonary Resuscitation (CPR / BLS),0.89,Advanced,Technical,True
OCC_0153,SKL_0172,Medical Imaging Interpretation,0.84,Advanced,Technical,False
OCC_0153,SKL_0174,Infection Control & Sterilization,0.89,Advanced,Domain Knowledge,True
OCC_0153,SKL_0382,Communication,0.92,Expert,Soft,True
OCC_0153,SKL_0392,Ethical Judgment,0.95,Expert,Soft,True
OCC_0153,SKL_0388,Emotional Intelligence,0.91,Advanced,Soft,True
OCC_0153,SKL_0390,Attention to Detail,0.91,Advanced,Soft,True
OCC_0154,SKL_0166,Clinical Diagnosis,0.97,Expert,Technical,True
OCC_0154,SKL_0167,Pharmacotherapy & Drug Prescribing,0.91,Advanced,Technical,True
OCC_0154,SKL_0168,Emergency Medical Care & Triage,0.88,Advanced,Technical,True
OCC_0154,SKL_0169,Cardiopulmonary Resuscitation (CPR / BLS),0.88,Advanced,Technical,True
OCC_0154,SKL_0172,Medical Imaging Interpretation,0.84,Advanced,Technical,False
OCC_0154,SKL_0174,Infection Control & Sterilization,0.89,Advanced,Domain Knowledge,True
OCC_0154,SKL_0382,Communication,0.91,Expert,Soft,True
OCC_0154,SKL_0392,Ethical Judgment,0.96,Expert,Soft,True
OCC_0154,SKL_0388,Emotional Intelligence,0.89,Advanced,Soft,True
OCC_0154,SKL_0390,Attention to Detail,0.93,Advanced,Soft,True
OCC_0155,SKL_0166,Clinical Diagnosis,0.96,Expert,Technical,True
OCC_0155,SKL_0167,Pharmacotherapy & Drug Prescribing,0.91,Advanced,Technical,True
OCC_0155,SKL_0168,Emergency Medical Care & Triage,0.89,Advanced,Technical,True
OCC_0155,SKL_0169,Cardiopulmonary Resuscitation (CPR / BLS),0.9,Advanced,Technical,True
OCC_0155,SKL_0172,Medical Imaging Interpretation,0.85,Advanced,Technical,False
OCC_0155,SKL_0174,Infection Control & Sterilization,0.88,Advanced,Domain Knowledge,True
OCC_0155,SKL_0382,Communication,0.93,Expert,Soft,True
OCC_0155,SKL_0392,Ethical Judgment,0.96,Expert,Soft,True
OCC_0155,SKL_0388,Emotional Intelligence,0.89,Advanced,Soft,True
OCC_0155,SKL_0390,Attention to Detail,0.9,Advanced,Soft,True
OCC_0156,SKL_0166,Clinical Diagnosis,0.95,Expert,Technical,True
OCC_0156,SKL_0167,Pharmacotherapy & Drug Prescribing,0.9,Advanced,Technical,True
OCC_0156,SKL_0168,Emergency Medical Care & Triage,0.89,Advanced,Technical,True
OCC_0156,SKL_0169,Cardiopulmonary Resuscitation (CPR / BLS),0.92,Advanced,Technical,True
OCC_0156,SKL_0172,Medical Imaging Interpretation,0.83,Advanced,Technical,False
OCC_0156,SKL_0174,Infection Control & Sterilization,0.87,Advanced,Domain Knowledge,True
OCC_0156,SKL_0382,Communication,0.94,Expert,Soft,True
OCC_0156,SKL_0392,Ethical Judgment,0.94,Expert,Soft,True
OCC_0156,SKL_0388,Emotional Intelligence,0.88,Advanced,Soft,True
OCC_0156,SKL_0390,Attention to Detail,0.93,Advanced,Soft,True
OCC_0157,SKL_0166,Clinical Diagnosis,0.97,Expert,Technical,True
OCC_0157,SKL_0167,Pharmacotherapy & Drug Prescribing,0.93,Advanced,Technical,True
OCC_0157,SKL_0168,Emergency Medical Care & Triage,0.9,Advanced,Technical,True
OCC_0157,SKL_0169,Cardiopulmonary Resuscitation (CPR / BLS),0.88,Advanced,Technical,True
OCC_0157,SKL_0172,Medical Imaging Interpretation,0.86,Advanced,Technical,False
OCC_0157,SKL_0174,Infection Control & Sterilization,0.89,Advanced,Domain Knowledge,True
OCC_0157,SKL_0382,Communication,0.93,Expert,Soft,True
OCC_0157,SKL_0392,Ethical Judgment,0.95,Expert,Soft,True
OCC_0157,SKL_0388,Emotional Intelligence,0.89,Advanced,Soft,True
OCC_0157,SKL_0390,Attention to Detail,0.92,Advanced,Soft,True
OCC_0158,SKL_0166,Clinical Diagnosis,0.97,Expert,Technical,True
OCC_0158,SKL_0167,Pharmacotherapy & Drug Prescribing,0.92,Advanced,Technical,True
OCC_0158,SKL_0168,Emergency Medical Care & Triage,0.87,Advanced,Technical,True
OCC_0158,SKL_0169,Cardiopulmonary Resuscitation (CPR / BLS),0.91,Advanced,Technical,True
OCC_0158,SKL_0172,Medical Imaging Interpretation,0.87,Advanced,Technical,False
OCC_0158,SKL_0174,Infection Control & Sterilization,0.86,Advanced,Domain Knowledge,True
OCC_0158,SKL_0382,Communication,0.91,Expert,Soft,True
OCC_0158,SKL_0392,Ethical Judgment,0.95,Expert,Soft,True
OCC_0158,SKL_0388,Emotional Intelligence,0.92,Advanced,Soft,True
OCC_0158,SKL_0390,Attention to Detail,0.93,Advanced,Soft,True
OCC_0159,SKL_0166,Clinical Diagnosis,0.96,Expert,Technical,True
OCC_0159,SKL_0167,Pharmacotherapy & Drug Prescribing,0.91,Advanced,Technical,True
OCC_0159,SKL_0168,Emergency Medical Care & Triage,0.88,Advanced,Technical,True
OCC_0159,SKL_0169,Cardiopulmonary Resuscitation (CPR / BLS),0.91,Advanced,Technical,True
OCC_0159,SKL_0172,Medical Imaging Interpretation,0.86,Advanced,Technical,False
OCC_0159,SKL_0174,Infection Control & Sterilization,0.89,Advanced,Domain Knowledge,True
OCC_0159,SKL_0382,Communication,0.94,Expert,Soft,True
OCC_0159,SKL_0392,Ethical Judgment,0.96,Expert,Soft,True
OCC_0159,SKL_0388,Emotional Intelligence,0.9,Advanced,Soft,True
OCC_0159,SKL_0390,Attention to Detail,0.91,Advanced,Soft,True
OCC_0160,SKL_0166,Clinical Diagnosis,0.95,Expert,Technical,True
OCC_0160,SKL_0167,Pharmacotherapy & Drug Prescribing,0.9,Advanced,Technical,True
OCC_0160,SKL_0168,Emergency Medical Care & Triage,0.87,Advanced,Technical,True
OCC_0160,SKL_0169,Cardiopulmonary Resuscitation (CPR / BLS),0.91,Advanced,Technical,True
OCC_0160,SKL_0172,Medical Imaging Interpretation,0.86,Advanced,Technical,False
OCC_0160,SKL_0174,Infection Control & Sterilization,0.87,Advanced,Domain Knowledge,True
OCC_0160,SKL_0382,Communication,0.94,Expert,Soft,True
OCC_0160,SKL_0392,Ethical Judgment,0.94,Expert,Soft,True
OCC_0160,SKL_0388,Emotional Intelligence,0.88,Advanced,Soft,True
OCC_0160,SKL_0390,Attention to Detail,0.92,Advanced,Soft,True
OCC_0161,SKL_0166,Clinical Diagnosis,0.96,Expert,Technical,True
OCC_0161,SKL_0167,Pharmacotherapy & Drug Prescribing,0.93,Advanced,Technical,True
OCC_0161,SKL_0168,Emergency Medical Care & Triage,0.87,Advanced,Technical,True
OCC_0161,SKL_0169,Cardiopulmonary Resuscitation (CPR / BLS),0.88,Advanced,Technical,True
OCC_0161,SKL_0172,Medical Imaging Interpretation,0.86,Advanced,Technical,False
OCC_0161,SKL_0174,Infection Control & Sterilization,0.88,Advanced,Domain Knowledge,True
OCC_0161,SKL_0382,Communication,0.91,Expert,Soft,True
OCC_0161,SKL_0392,Ethical Judgment,0.96,Expert,Soft,True
OCC_0161,SKL_0388,Emotional Intelligence,0.91,Advanced,Soft,True
OCC_0161,SKL_0390,Attention to Detail,0.94,Advanced,Soft,True
OCC_0162,SKL_0166,Clinical Diagnosis,0.94,Expert,Technical,True
OCC_0162,SKL_0167,Pharmacotherapy & Drug Prescribing,0.9,Advanced,Technical,True
OCC_0162,SKL_0168,Emergency Medical Care & Triage,0.87,Advanced,Technical,True
OCC_0162,SKL_0169,Cardiopulmonary Resuscitation (CPR / BLS),0.91,Advanced,Technical,True
OCC_0162,SKL_0172,Medical Imaging Interpretation,0.84,Advanced,Technical,False
OCC_0162,SKL_0174,Infection Control & Sterilization,0.86,Advanced,Domain Knowledge,True
OCC_0162,SKL_0382,Communication,0.93,Expert,Soft,True
OCC_0162,SKL_0392,Ethical Judgment,0.93,Expert,Soft,True
OCC_0162,SKL_0388,Emotional Intelligence,0.89,Advanced,Soft,True
OCC_0162,SKL_0390,Attention to Detail,0.93,Advanced,Soft,True
OCC_0163,SKL_0166,Clinical Diagnosis,0.96,Expert,Technical,True
OCC_0163,SKL_0167,Pharmacotherapy & Drug Prescribing,0.94,Advanced,Technical,True
OCC_0163,SKL_0168,Emergency Medical Care & Triage,0.89,Advanced,Technical,True
OCC_0163,SKL_0169,Cardiopulmonary Resuscitation (CPR / BLS),0.92,Advanced,Technical,True
OCC_0163,SKL_0172,Medical Imaging Interpretation,0.85,Advanced,Technical,False
OCC_0163,SKL_0174,Infection Control & Sterilization,0.9,Advanced,Domain Knowledge,True
OCC_0163,SKL_0382,Communication,0.93,Expert,Soft,True
OCC_0163,SKL_0392,Ethical Judgment,0.95,Expert,Soft,True
OCC_0163,SKL_0388,Emotional Intelligence,0.9,Advanced,Soft,True
OCC_0163,SKL_0390,Attention to Detail,0.91,Advanced,Soft,True
OCC_0164,SKL_0166,Clinical Diagnosis,0.95,Expert,Technical,True
OCC_0164,SKL_0167,Pharmacotherapy & Drug Prescribing,0.93,Advanced,Technical,True
OCC_0164,SKL_0168,Emergency Medical Care & Triage,0.89,Advanced,Technical,True
OCC_0164,SKL_0169,Cardiopulmonary Resuscitation (CPR / BLS),0.91,Advanced,Technical,True
OCC_0164,SKL_0172,Medical Imaging Interpretation,0.86,Advanced,Technical,False
OCC_0164,SKL_0174,Infection Control & Sterilization,0.88,Advanced,Domain Knowledge,True
OCC_0164,SKL_0382,Communication,0.91,Expert,Soft,True
OCC_0164,SKL_0392,Ethical Judgment,0.94,Expert,Soft,True
OCC_0164,SKL_0388,Emotional Intelligence,0.9,Advanced,Soft,True
OCC_0164,SKL_0390,Attention to Detail,0.93,Advanced,Soft,True
OCC_0165,SKL_0234,Project Management & Scheduling,0.91,Advanced,Technical,True
OCC_0165,SKL_0233,Agile & Scrum Methodologies,0.86,Advanced,Domain Knowledge,True
OCC_0165,SKL_0231,Business Analysis & Requirements Gathering,0.87,Advanced,Technical,True
OCC_0165,SKL_0385,Stakeholder Management,0.95,Expert,Soft,True
OCC_0165,SKL_0384,Cross-Functional Leadership,0.9,Expert,Soft,True
OCC_0165,SKL_0398,Strategic Decision Making,0.88,Advanced,Soft,True
OCC_0165,SKL_0382,Communication,0.96,Expert,Soft,True
OCC_0165,SKL_0386,Negotiation & Persuasion,0.86,Advanced,Soft,False
OCC_0165,SKL_0387,Time Management & Prioritization,0.88,Advanced,Soft,True
OCC_0165,SKL_0383,Problem Solving,0.87,Advanced,Soft,False
OCC_0166,SKL_0166,Clinical Diagnosis,0.96,Expert,Technical,True
OCC_0166,SKL_0167,Pharmacotherapy & Drug Prescribing,0.92,Advanced,Technical,True
OCC_0166,SKL_0168,Emergency Medical Care & Triage,0.88,Advanced,Technical,True
OCC_0166,SKL_0169,Cardiopulmonary Resuscitation (CPR / BLS),0.9,Advanced,Technical,True
OCC_0166,SKL_0172,Medical Imaging Interpretation,0.84,Advanced,Technical,False
OCC_0166,SKL_0174,Infection Control & Sterilization,0.88,Advanced,Domain Knowledge,True
OCC_0166,SKL_0382,Communication,0.92,Expert,Soft,True
OCC_0166,SKL_0392,Ethical Judgment,0.95,Expert,Soft,True
OCC_0166,SKL_0388,Emotional Intelligence,0.92,Advanced,Soft,True
OCC_0166,SKL_0390,Attention to Detail,0.92,Advanced,Soft,True
OCC_0167,SKL_0166,Clinical Diagnosis,0.98,Expert,Technical,True
OCC_0167,SKL_0167,Pharmacotherapy & Drug Prescribing,0.93,Advanced,Technical,True
OCC_0167,SKL_0168,Emergency Medical Care & Triage,0.87,Advanced,Technical,True
OCC_0167,SKL_0169,Cardiopulmonary Resuscitation (CPR / BLS),0.89,Advanced,Technical,True
OCC_0167,SKL_0172,Medical Imaging Interpretation,0.86,Advanced,Technical,False
OCC_0167,SKL_0174,Infection Control & Sterilization,0.87,Advanced,Domain Knowledge,True
OCC_0167,SKL_0382,Communication,0.93,Expert,Soft,True
OCC_0167,SKL_0392,Ethical Judgment,0.96,Expert,Soft,True
OCC_0167,SKL_0388,Emotional Intelligence,0.88,Advanced,Soft,True
OCC_0167,SKL_0390,Attention to Detail,0.91,Advanced,Soft,True
OCC_0168,SKL_0166,Clinical Diagnosis,0.96,Expert,Technical,True
OCC_0168,SKL_0167,Pharmacotherapy & Drug Prescribing,0.93,Advanced,Technical,True
OCC_0168,SKL_0168,Emergency Medical Care & Triage,0.9,Advanced,Technical,True
OCC_0168,SKL_0169,Cardiopulmonary Resuscitation (CPR / BLS),0.89,Advanced,Technical,True
OCC_0168,SKL_0172,Medical Imaging Interpretation,0.87,Advanced,Technical,False
OCC_0168,SKL_0174,Infection Control & Sterilization,0.88,Advanced,Domain Knowledge,True
OCC_0168,SKL_0382,Communication,0.92,Expert,Soft,True
OCC_0168,SKL_0392,Ethical Judgment,0.93,Expert,Soft,True
OCC_0168,SKL_0388,Emotional Intelligence,0.9,Advanced,Soft,True
OCC_0168,SKL_0390,Attention to Detail,0.9,Advanced,Soft,True
OCC_0169,SKL_0201,Financial Modeling,0.94,Expert,Technical,True
OCC_0169,SKL_0205,Financial Statement Analysis,0.93,Expert,Technical,True
OCC_0169,SKL_0373,Advanced Microsoft Excel,0.94,Expert,Tools & Technologies,True
OCC_0169,SKL_0202,Discounted Cash Flow (DCF) Valuation,0.89,Advanced,Technical,True
OCC_0169,SKL_0204,Corporate Taxation & GST,0.85,Advanced,Domain Knowledge,False
OCC_0169,SKL_0203,Statutory Auditing,0.83,Advanced,Technical,False
OCC_0169,SKL_0381,Analytical Thinking,0.93,Expert,Soft,True
OCC_0169,SKL_0390,Attention to Detail,0.92,Expert,Soft,True
OCC_0169,SKL_0382,Communication,0.78,Intermediate,Soft,False
OCC_0169,SKL_0398,Strategic Decision Making,0.86,Advanced,Soft,False
OCC_0170,SKL_0201,Financial Modeling,0.97,Expert,Technical,True
OCC_0170,SKL_0205,Financial Statement Analysis,0.93,Expert,Technical,True
OCC_0170,SKL_0373,Advanced Microsoft Excel,0.93,Expert,Tools & Technologies,True
OCC_0170,SKL_0202,Discounted Cash Flow (DCF) Valuation,0.9,Advanced,Technical,True
OCC_0170,SKL_0204,Corporate Taxation & GST,0.83,Advanced,Domain Knowledge,False
OCC_0170,SKL_0203,Statutory Auditing,0.81,Advanced,Technical,False
OCC_0170,SKL_0381,Analytical Thinking,0.95,Expert,Soft,True
OCC_0170,SKL_0390,Attention to Detail,0.92,Expert,Soft,True
OCC_0170,SKL_0382,Communication,0.8,Intermediate,Soft,False
OCC_0170,SKL_0398,Strategic Decision Making,0.84,Advanced,Soft,False
OCC_0171,SKL_0201,Financial Modeling,0.97,Expert,Technical,True
OCC_0171,SKL_0205,Financial Statement Analysis,0.95,Expert,Technical,True
OCC_0171,SKL_0373,Advanced Microsoft Excel,0.92,Expert,Tools & Technologies,True
OCC_0171,SKL_0202,Discounted Cash Flow (DCF) Valuation,0.91,Advanced,Technical,True
OCC_0171,SKL_0204,Corporate Taxation & GST,0.85,Advanced,Domain Knowledge,False
OCC_0171,SKL_0203,Statutory Auditing,0.83,Advanced,Technical,False
OCC_0171,SKL_0381,Analytical Thinking,0.94,Expert,Soft,True
OCC_0171,SKL_0390,Attention to Detail,0.92,Expert,Soft,True
OCC_0171,SKL_0382,Communication,0.8,Intermediate,Soft,False
OCC_0171,SKL_0398,Strategic Decision Making,0.84,Advanced,Soft,False
OCC_0172,SKL_0201,Financial Modeling,0.96,Expert,Technical,True
OCC_0172,SKL_0205,Financial Statement Analysis,0.93,Expert,Technical,True
OCC_0172,SKL_0373,Advanced Microsoft Excel,0.93,Expert,Tools & Technologies,True
OCC_0172,SKL_0202,Discounted Cash Flow (DCF) Valuation,0.91,Advanced,Technical,True
OCC_0172,SKL_0204,Corporate Taxation & GST,0.85,Advanced,Domain Knowledge,False
OCC_0172,SKL_0203,Statutory Auditing,0.81,Advanced,Technical,False
OCC_0172,SKL_0381,Analytical Thinking,0.94,Expert,Soft,True
OCC_0172,SKL_0390,Attention to Detail,0.92,Expert,Soft,True
OCC_0172,SKL_0382,Communication,0.82,Intermediate,Soft,False
OCC_0172,SKL_0398,Strategic Decision Making,0.86,Advanced,Soft,False
OCC_0173,SKL_0201,Financial Modeling,0.96,Expert,Technical,True
OCC_0173,SKL_0205,Financial Statement Analysis,0.95,Expert,Technical,True
OCC_0173,SKL_0373,Advanced Microsoft Excel,0.93,Expert,Tools & Technologies,True
OCC_0173,SKL_0202,Discounted Cash Flow (DCF) Valuation,0.91,Advanced,Technical,True
OCC_0173,SKL_0204,Corporate Taxation & GST,0.85,Advanced,Domain Knowledge,False
OCC_0173,SKL_0203,Statutory Auditing,0.83,Advanced,Technical,False
OCC_0173,SKL_0381,Analytical Thinking,0.95,Expert,Soft,True
OCC_0173,SKL_0390,Attention to Detail,0.92,Expert,Soft,True
OCC_0173,SKL_0382,Communication,0.78,Intermediate,Soft,False
OCC_0173,SKL_0398,Strategic Decision Making,0.84,Advanced,Soft,False
OCC_0174,SKL_0201,Financial Modeling,0.94,Expert,Technical,True
OCC_0174,SKL_0205,Financial Statement Analysis,0.94,Expert,Technical,True
OCC_0174,SKL_0373,Advanced Microsoft Excel,0.92,Expert,Tools & Technologies,True
OCC_0174,SKL_0202,Discounted Cash Flow (DCF) Valuation,0.88,Advanced,Technical,True
OCC_0174,SKL_0204,Corporate Taxation & GST,0.85,Advanced,Domain Knowledge,False
OCC_0174,SKL_0203,Statutory Auditing,0.81,Advanced,Technical,False
OCC_0174,SKL_0381,Analytical Thinking,0.94,Expert,Soft,True
OCC_0174,SKL_0390,Attention to Detail,0.94,Expert,Soft,True
OCC_0174,SKL_0382,Communication,0.78,Intermediate,Soft,False
OCC_0174,SKL_0398,Strategic Decision Making,0.86,Advanced,Soft,False
OCC_0175,SKL_0201,Financial Modeling,0.94,Expert,Technical,True
OCC_0175,SKL_0205,Financial Statement Analysis,0.92,Expert,Technical,True
OCC_0175,SKL_0373,Advanced Microsoft Excel,0.93,Expert,Tools & Technologies,True
OCC_0175,SKL_0202,Discounted Cash Flow (DCF) Valuation,0.89,Advanced,Technical,True
OCC_0175,SKL_0204,Corporate Taxation & GST,0.86,Advanced,Domain Knowledge,False
OCC_0175,SKL_0203,Statutory Auditing,0.84,Advanced,Technical,False
OCC_0175,SKL_0381,Analytical Thinking,0.94,Expert,Soft,True
OCC_0175,SKL_0390,Attention to Detail,0.93,Expert,Soft,True
OCC_0175,SKL_0382,Communication,0.8,Intermediate,Soft,False
OCC_0175,SKL_0398,Strategic Decision Making,0.84,Advanced,Soft,False
OCC_0176,SKL_0201,Financial Modeling,0.93,Expert,Technical,True
OCC_0176,SKL_0205,Financial Statement Analysis,0.95,Expert,Technical,True
OCC_0176,SKL_0373,Advanced Microsoft Excel,0.9,Expert,Tools & Technologies,True
OCC_0176,SKL_0202,Discounted Cash Flow (DCF) Valuation,0.9,Advanced,Technical,True
OCC_0176,SKL_0204,Corporate Taxation & GST,0.85,Advanced,Domain Knowledge,False
OCC_0176,SKL_0203,Statutory Auditing,0.83,Advanced,Technical,False
OCC_0176,SKL_0381,Analytical Thinking,0.93,Expert,Soft,True
OCC_0176,SKL_0390,Attention to Detail,0.91,Expert,Soft,True
OCC_0176,SKL_0382,Communication,0.78,Intermediate,Soft,False
OCC_0176,SKL_0398,Strategic Decision Making,0.82,Advanced,Soft,False
OCC_0177,SKL_0201,Financial Modeling,0.94,Expert,Technical,True
OCC_0177,SKL_0205,Financial Statement Analysis,0.93,Expert,Technical,True
OCC_0177,SKL_0373,Advanced Microsoft Excel,0.91,Expert,Tools & Technologies,True
OCC_0177,SKL_0202,Discounted Cash Flow (DCF) Valuation,0.88,Advanced,Technical,True
OCC_0177,SKL_0204,Corporate Taxation & GST,0.84,Advanced,Domain Knowledge,False
OCC_0177,SKL_0203,Statutory Auditing,0.82,Advanced,Technical,False
OCC_0177,SKL_0381,Analytical Thinking,0.93,Expert,Soft,True
OCC_0177,SKL_0390,Attention to Detail,0.92,Expert,Soft,True
OCC_0177,SKL_0382,Communication,0.79,Intermediate,Soft,False
OCC_0177,SKL_0398,Strategic Decision Making,0.82,Advanced,Soft,False
OCC_0178,SKL_0201,Financial Modeling,0.93,Expert,Technical,True
OCC_0178,SKL_0205,Financial Statement Analysis,0.94,Expert,Technical,True
OCC_0178,SKL_0373,Advanced Microsoft Excel,0.91,Expert,Tools & Technologies,True
OCC_0178,SKL_0202,Discounted Cash Flow (DCF) Valuation,0.9,Advanced,Technical,True
OCC_0178,SKL_0204,Corporate Taxation & GST,0.84,Advanced,Domain Knowledge,False
OCC_0178,SKL_0203,Statutory Auditing,0.82,Advanced,Technical,False
OCC_0178,SKL_0381,Analytical Thinking,0.95,Expert,Soft,True
OCC_0178,SKL_0390,Attention to Detail,0.9,Expert,Soft,True
OCC_0178,SKL_0382,Communication,0.79,Intermediate,Soft,False
OCC_0178,SKL_0398,Strategic Decision Making,0.85,Advanced,Soft,False
OCC_0179,SKL_0201,Financial Modeling,0.95,Expert,Technical,True
OCC_0179,SKL_0205,Financial Statement Analysis,0.94,Expert,Technical,True
OCC_0179,SKL_0373,Advanced Microsoft Excel,0.93,Expert,Tools & Technologies,True
OCC_0179,SKL_0202,Discounted Cash Flow (DCF) Valuation,0.9,Advanced,Technical,True
OCC_0179,SKL_0204,Corporate Taxation & GST,0.83,Advanced,Domain Knowledge,False
OCC_0179,SKL_0203,Statutory Auditing,0.8,Advanced,Technical,False
OCC_0179,SKL_0381,Analytical Thinking,0.94,Expert,Soft,True
OCC_0179,SKL_0390,Attention to Detail,0.92,Expert,Soft,True
OCC_0179,SKL_0382,Communication,0.8,Intermediate,Soft,False
OCC_0179,SKL_0398,Strategic Decision Making,0.84,Advanced,Soft,False
OCC_0180,SKL_0201,Financial Modeling,0.94,Expert,Technical,True
OCC_0180,SKL_0205,Financial Statement Analysis,0.96,Expert,Technical,True
OCC_0180,SKL_0373,Advanced Microsoft Excel,0.91,Expert,Tools & Technologies,True
OCC_0180,SKL_0202,Discounted Cash Flow (DCF) Valuation,0.92,Advanced,Technical,True
OCC_0180,SKL_0204,Corporate Taxation & GST,0.86,Advanced,Domain Knowledge,False
OCC_0180,SKL_0203,Statutory Auditing,0.81,Advanced,Technical,False
OCC_0180,SKL_0381,Analytical Thinking,0.94,Expert,Soft,True
OCC_0180,SKL_0390,Attention to Detail,0.93,Expert,Soft,True
OCC_0180,SKL_0382,Communication,0.79,Intermediate,Soft,False
OCC_0180,SKL_0398,Strategic Decision Making,0.84,Advanced,Soft,False
OCC_0181,SKL_0201,Financial Modeling,0.93,Expert,Technical,True
OCC_0181,SKL_0205,Financial Statement Analysis,0.95,Expert,Technical,True
OCC_0181,SKL_0373,Advanced Microsoft Excel,0.91,Expert,Tools & Technologies,True
OCC_0181,SKL_0202,Discounted Cash Flow (DCF) Valuation,0.92,Advanced,Technical,True
OCC_0181,SKL_0204,Corporate Taxation & GST,0.84,Advanced,Domain Knowledge,False
OCC_0181,SKL_0203,Statutory Auditing,0.84,Advanced,Technical,False
OCC_0181,SKL_0381,Analytical Thinking,0.95,Expert,Soft,True
OCC_0181,SKL_0390,Attention to Detail,0.92,Expert,Soft,True
OCC_0181,SKL_0382,Communication,0.8,Intermediate,Soft,False
OCC_0181,SKL_0398,Strategic Decision Making,0.86,Advanced,Soft,False
OCC_0182,SKL_0201,Financial Modeling,0.95,Expert,Technical,True
OCC_0182,SKL_0205,Financial Statement Analysis,0.92,Expert,Technical,True
OCC_0182,SKL_0373,Advanced Microsoft Excel,0.92,Expert,Tools & Technologies,True
OCC_0182,SKL_0202,Discounted Cash Flow (DCF) Valuation,0.91,Advanced,Technical,True
OCC_0182,SKL_0204,Corporate Taxation & GST,0.84,Advanced,Domain Knowledge,False
OCC_0182,SKL_0203,Statutory Auditing,0.84,Advanced,Technical,False
OCC_0182,SKL_0381,Analytical Thinking,0.92,Expert,Soft,True
OCC_0182,SKL_0390,Attention to Detail,0.94,Expert,Soft,True
OCC_0182,SKL_0382,Communication,0.8,Intermediate,Soft,False
OCC_0182,SKL_0398,Strategic Decision Making,0.84,Advanced,Soft,False
OCC_0183,SKL_0201,Financial Modeling,0.96,Expert,Technical,True
OCC_0183,SKL_0205,Financial Statement Analysis,0.94,Expert,Technical,True
OCC_0183,SKL_0373,Advanced Microsoft Excel,0.91,Expert,Tools & Technologies,True
OCC_0183,SKL_0202,Discounted Cash Flow (DCF) Valuation,0.91,Advanced,Technical,True
OCC_0183,SKL_0204,Corporate Taxation & GST,0.85,Advanced,Domain Knowledge,False
OCC_0183,SKL_0203,Statutory Auditing,0.82,Advanced,Technical,False
OCC_0183,SKL_0381,Analytical Thinking,0.92,Expert,Soft,True
OCC_0183,SKL_0390,Attention to Detail,0.93,Expert,Soft,True
OCC_0183,SKL_0382,Communication,0.8,Intermediate,Soft,False
OCC_0183,SKL_0398,Strategic Decision Making,0.83,Advanced,Soft,False
OCC_0184,SKL_0201,Financial Modeling,0.95,Expert,Technical,True
OCC_0184,SKL_0205,Financial Statement Analysis,0.92,Expert,Technical,True
OCC_0184,SKL_0373,Advanced Microsoft Excel,0.91,Expert,Tools & Technologies,True
OCC_0184,SKL_0202,Discounted Cash Flow (DCF) Valuation,0.9,Advanced,Technical,True
OCC_0184,SKL_0204,Corporate Taxation & GST,0.84,Advanced,Domain Knowledge,False
OCC_0184,SKL_0203,Statutory Auditing,0.82,Advanced,Technical,False
OCC_0184,SKL_0381,Analytical Thinking,0.94,Expert,Soft,True
OCC_0184,SKL_0390,Attention to Detail,0.94,Expert,Soft,True
OCC_0184,SKL_0382,Communication,0.79,Intermediate,Soft,False
OCC_0184,SKL_0398,Strategic Decision Making,0.85,Advanced,Soft,False
OCC_0185,SKL_0201,Financial Modeling,0.94,Expert,Technical,True
OCC_0185,SKL_0205,Financial Statement Analysis,0.93,Expert,Technical,True
OCC_0185,SKL_0373,Advanced Microsoft Excel,0.93,Expert,Tools & Technologies,True
OCC_0185,SKL_0202,Discounted Cash Flow (DCF) Valuation,0.9,Advanced,Technical,True
OCC_0185,SKL_0204,Corporate Taxation & GST,0.84,Advanced,Domain Knowledge,False
OCC_0185,SKL_0203,Statutory Auditing,0.84,Advanced,Technical,False
OCC_0185,SKL_0381,Analytical Thinking,0.93,Expert,Soft,True
OCC_0185,SKL_0390,Attention to Detail,0.92,Expert,Soft,True
OCC_0185,SKL_0382,Communication,0.8,Intermediate,Soft,False
OCC_0185,SKL_0398,Strategic Decision Making,0.82,Advanced,Soft,False
OCC_0186,SKL_0234,Project Management & Scheduling,0.93,Advanced,Technical,True
OCC_0186,SKL_0233,Agile & Scrum Methodologies,0.89,Advanced,Domain Knowledge,True
OCC_0186,SKL_0231,Business Analysis & Requirements Gathering,0.84,Advanced,Technical,True
OCC_0186,SKL_0385,Stakeholder Management,0.94,Expert,Soft,True
OCC_0186,SKL_0384,Cross-Functional Leadership,0.94,Expert,Soft,True
OCC_0186,SKL_0398,Strategic Decision Making,0.91,Advanced,Soft,True
OCC_0186,SKL_0382,Communication,0.94,Expert,Soft,True
OCC_0186,SKL_0386,Negotiation & Persuasion,0.88,Advanced,Soft,False
OCC_0186,SKL_0387,Time Management & Prioritization,0.89,Advanced,Soft,True
OCC_0186,SKL_0383,Problem Solving,0.89,Advanced,Soft,False
OCC_0187,SKL_0201,Financial Modeling,0.95,Expert,Technical,True
OCC_0187,SKL_0205,Financial Statement Analysis,0.95,Expert,Technical,True
OCC_0187,SKL_0373,Advanced Microsoft Excel,0.93,Expert,Tools & Technologies,True
OCC_0187,SKL_0202,Discounted Cash Flow (DCF) Valuation,0.88,Advanced,Technical,True
OCC_0187,SKL_0204,Corporate Taxation & GST,0.83,Advanced,Domain Knowledge,False
OCC_0187,SKL_0203,Statutory Auditing,0.83,Advanced,Technical,False
OCC_0187,SKL_0381,Analytical Thinking,0.95,Expert,Soft,True
OCC_0187,SKL_0390,Attention to Detail,0.93,Expert,Soft,True
OCC_0187,SKL_0382,Communication,0.79,Intermediate,Soft,False
OCC_0187,SKL_0398,Strategic Decision Making,0.85,Advanced,Soft,False
OCC_0188,SKL_0201,Financial Modeling,0.96,Expert,Technical,True
OCC_0188,SKL_0205,Financial Statement Analysis,0.93,Expert,Technical,True
OCC_0188,SKL_0373,Advanced Microsoft Excel,0.91,Expert,Tools & Technologies,True
OCC_0188,SKL_0202,Discounted Cash Flow (DCF) Valuation,0.91,Advanced,Technical,True
OCC_0188,SKL_0204,Corporate Taxation & GST,0.86,Advanced,Domain Knowledge,False
OCC_0188,SKL_0203,Statutory Auditing,0.8,Advanced,Technical,False
OCC_0188,SKL_0381,Analytical Thinking,0.94,Expert,Soft,True
OCC_0188,SKL_0390,Attention to Detail,0.94,Expert,Soft,True
OCC_0188,SKL_0382,Communication,0.8,Intermediate,Soft,False
OCC_0188,SKL_0398,Strategic Decision Making,0.83,Advanced,Soft,False
OCC_0189,SKL_0201,Financial Modeling,0.93,Expert,Technical,True
OCC_0189,SKL_0205,Financial Statement Analysis,0.93,Expert,Technical,True
OCC_0189,SKL_0373,Advanced Microsoft Excel,0.94,Expert,Tools & Technologies,True
OCC_0189,SKL_0202,Discounted Cash Flow (DCF) Valuation,0.89,Advanced,Technical,True
OCC_0189,SKL_0204,Corporate Taxation & GST,0.83,Advanced,Domain Knowledge,False
OCC_0189,SKL_0203,Statutory Auditing,0.82,Advanced,Technical,False
OCC_0189,SKL_0381,Analytical Thinking,0.93,Expert,Soft,True
OCC_0189,SKL_0390,Attention to Detail,0.93,Expert,Soft,True
OCC_0189,SKL_0382,Communication,0.79,Intermediate,Soft,False
OCC_0189,SKL_0398,Strategic Decision Making,0.84,Advanced,Soft,False
OCC_0190,SKL_0201,Financial Modeling,0.94,Expert,Technical,True
OCC_0190,SKL_0205,Financial Statement Analysis,0.93,Expert,Technical,True
OCC_0190,SKL_0373,Advanced Microsoft Excel,0.94,Expert,Tools & Technologies,True
OCC_0190,SKL_0202,Discounted Cash Flow (DCF) Valuation,0.91,Advanced,Technical,True
OCC_0190,SKL_0204,Corporate Taxation & GST,0.84,Advanced,Domain Knowledge,False
OCC_0190,SKL_0203,Statutory Auditing,0.81,Advanced,Technical,False
OCC_0190,SKL_0381,Analytical Thinking,0.95,Expert,Soft,True
OCC_0190,SKL_0390,Attention to Detail,0.92,Expert,Soft,True
OCC_0190,SKL_0382,Communication,0.81,Intermediate,Soft,False
OCC_0190,SKL_0398,Strategic Decision Making,0.84,Advanced,Soft,False
OCC_0191,SKL_0201,Financial Modeling,0.95,Expert,Technical,True
OCC_0191,SKL_0205,Financial Statement Analysis,0.94,Expert,Technical,True
OCC_0191,SKL_0373,Advanced Microsoft Excel,0.93,Expert,Tools & Technologies,True
OCC_0191,SKL_0202,Discounted Cash Flow (DCF) Valuation,0.9,Advanced,Technical,True
OCC_0191,SKL_0204,Corporate Taxation & GST,0.86,Advanced,Domain Knowledge,False
OCC_0191,SKL_0203,Statutory Auditing,0.82,Advanced,Technical,False
OCC_0191,SKL_0381,Analytical Thinking,0.92,Expert,Soft,True
OCC_0191,SKL_0390,Attention to Detail,0.91,Expert,Soft,True
OCC_0191,SKL_0382,Communication,0.78,Intermediate,Soft,False
OCC_0191,SKL_0398,Strategic Decision Making,0.83,Advanced,Soft,False
OCC_0192,SKL_0234,Project Management & Scheduling,0.92,Advanced,Technical,True
OCC_0192,SKL_0233,Agile & Scrum Methodologies,0.87,Advanced,Domain Knowledge,True
OCC_0192,SKL_0231,Business Analysis & Requirements Gathering,0.86,Advanced,Technical,True
OCC_0192,SKL_0385,Stakeholder Management,0.95,Expert,Soft,True
OCC_0192,SKL_0384,Cross-Functional Leadership,0.91,Expert,Soft,True
OCC_0192,SKL_0398,Strategic Decision Making,0.91,Advanced,Soft,True
OCC_0192,SKL_0382,Communication,0.96,Expert,Soft,True
OCC_0192,SKL_0386,Negotiation & Persuasion,0.87,Advanced,Soft,False
OCC_0192,SKL_0387,Time Management & Prioritization,0.88,Advanced,Soft,True
OCC_0192,SKL_0383,Problem Solving,0.87,Advanced,Soft,False
OCC_0193,SKL_0201,Financial Modeling,0.95,Expert,Technical,True
OCC_0193,SKL_0205,Financial Statement Analysis,0.94,Expert,Technical,True
OCC_0193,SKL_0373,Advanced Microsoft Excel,0.94,Expert,Tools & Technologies,True
OCC_0193,SKL_0202,Discounted Cash Flow (DCF) Valuation,0.91,Advanced,Technical,True
OCC_0193,SKL_0204,Corporate Taxation & GST,0.87,Advanced,Domain Knowledge,False
OCC_0193,SKL_0203,Statutory Auditing,0.8,Advanced,Technical,False
OCC_0193,SKL_0381,Analytical Thinking,0.96,Expert,Soft,True
OCC_0193,SKL_0390,Attention to Detail,0.92,Expert,Soft,True
OCC_0193,SKL_0382,Communication,0.82,Intermediate,Soft,False
OCC_0193,SKL_0398,Strategic Decision Making,0.83,Advanced,Soft,False
OCC_0194,SKL_0201,Financial Modeling,0.96,Expert,Technical,True
OCC_0194,SKL_0205,Financial Statement Analysis,0.94,Expert,Technical,True
OCC_0194,SKL_0373,Advanced Microsoft Excel,0.91,Expert,Tools & Technologies,True
OCC_0194,SKL_0202,Discounted Cash Flow (DCF) Valuation,0.91,Advanced,Technical,True
OCC_0194,SKL_0204,Corporate Taxation & GST,0.87,Advanced,Domain Knowledge,False
OCC_0194,SKL_0203,Statutory Auditing,0.81,Advanced,Technical,False
OCC_0194,SKL_0381,Analytical Thinking,0.93,Expert,Soft,True
OCC_0194,SKL_0390,Attention to Detail,0.92,Expert,Soft,True
OCC_0194,SKL_0382,Communication,0.8,Intermediate,Soft,False
OCC_0194,SKL_0398,Strategic Decision Making,0.82,Advanced,Soft,False
OCC_0195,SKL_0234,Project Management & Scheduling,0.91,Advanced,Technical,True
OCC_0195,SKL_0233,Agile & Scrum Methodologies,0.86,Advanced,Domain Knowledge,True
OCC_0195,SKL_0231,Business Analysis & Requirements Gathering,0.86,Advanced,Technical,True
OCC_0195,SKL_0385,Stakeholder Management,0.92,Expert,Soft,True
OCC_0195,SKL_0384,Cross-Functional Leadership,0.93,Expert,Soft,True
OCC_0195,SKL_0398,Strategic Decision Making,0.92,Advanced,Soft,True
OCC_0195,SKL_0382,Communication,0.94,Expert,Soft,True
OCC_0195,SKL_0386,Negotiation & Persuasion,0.84,Advanced,Soft,False
OCC_0195,SKL_0387,Time Management & Prioritization,0.87,Advanced,Soft,True
OCC_0195,SKL_0383,Problem Solving,0.87,Advanced,Soft,False
OCC_0196,SKL_0201,Financial Modeling,0.94,Expert,Technical,True
OCC_0196,SKL_0205,Financial Statement Analysis,0.95,Expert,Technical,True
OCC_0196,SKL_0373,Advanced Microsoft Excel,0.9,Expert,Tools & Technologies,True
OCC_0196,SKL_0202,Discounted Cash Flow (DCF) Valuation,0.9,Advanced,Technical,True
OCC_0196,SKL_0204,Corporate Taxation & GST,0.86,Advanced,Domain Knowledge,False
OCC_0196,SKL_0203,Statutory Auditing,0.82,Advanced,Technical,False
OCC_0196,SKL_0381,Analytical Thinking,0.95,Expert,Soft,True
OCC_0196,SKL_0390,Attention to Detail,0.91,Expert,Soft,True
OCC_0196,SKL_0382,Communication,0.79,Intermediate,Soft,False
OCC_0196,SKL_0398,Strategic Decision Making,0.82,Advanced,Soft,False
OCC_0197,SKL_0234,Project Management & Scheduling,0.91,Advanced,Technical,True
OCC_0197,SKL_0233,Agile & Scrum Methodologies,0.87,Advanced,Domain Knowledge,True
OCC_0197,SKL_0231,Business Analysis & Requirements Gathering,0.84,Advanced,Technical,True
OCC_0197,SKL_0385,Stakeholder Management,0.93,Expert,Soft,True
OCC_0197,SKL_0384,Cross-Functional Leadership,0.93,Expert,Soft,True
OCC_0197,SKL_0398,Strategic Decision Making,0.92,Advanced,Soft,True
OCC_0197,SKL_0382,Communication,0.95,Expert,Soft,True
OCC_0197,SKL_0386,Negotiation & Persuasion,0.86,Advanced,Soft,False
OCC_0197,SKL_0387,Time Management & Prioritization,0.89,Advanced,Soft,True
OCC_0197,SKL_0383,Problem Solving,0.89,Advanced,Soft,False
OCC_0198,SKL_0234,Project Management & Scheduling,0.92,Advanced,Technical,True
OCC_0198,SKL_0233,Agile & Scrum Methodologies,0.86,Advanced,Domain Knowledge,True
OCC_0198,SKL_0231,Business Analysis & Requirements Gathering,0.84,Advanced,Technical,True
OCC_0198,SKL_0385,Stakeholder Management,0.92,Expert,Soft,True
OCC_0198,SKL_0384,Cross-Functional Leadership,0.91,Expert,Soft,True
OCC_0198,SKL_0398,Strategic Decision Making,0.91,Advanced,Soft,True
OCC_0198,SKL_0382,Communication,0.92,Expert,Soft,True
OCC_0198,SKL_0386,Negotiation & Persuasion,0.85,Advanced,Soft,False
OCC_0198,SKL_0387,Time Management & Prioritization,0.9,Advanced,Soft,True
OCC_0198,SKL_0383,Problem Solving,0.88,Advanced,Soft,False
OCC_0199,SKL_0234,Project Management & Scheduling,0.91,Advanced,Technical,True
OCC_0199,SKL_0233,Agile & Scrum Methodologies,0.89,Advanced,Domain Knowledge,True
OCC_0199,SKL_0231,Business Analysis & Requirements Gathering,0.84,Advanced,Technical,True
OCC_0199,SKL_0385,Stakeholder Management,0.95,Expert,Soft,True
OCC_0199,SKL_0384,Cross-Functional Leadership,0.92,Expert,Soft,True
OCC_0199,SKL_0398,Strategic Decision Making,0.89,Advanced,Soft,True
OCC_0199,SKL_0382,Communication,0.94,Expert,Soft,True
OCC_0199,SKL_0386,Negotiation & Persuasion,0.84,Advanced,Soft,False
OCC_0199,SKL_0387,Time Management & Prioritization,0.89,Advanced,Soft,True
OCC_0199,SKL_0383,Problem Solving,0.87,Advanced,Soft,False
OCC_0200,SKL_0234,Project Management & Scheduling,0.92,Advanced,Technical,True
OCC_0200,SKL_0233,Agile & Scrum Methodologies,0.89,Advanced,Domain Knowledge,True
OCC_0200,SKL_0231,Business Analysis & Requirements Gathering,0.84,Advanced,Technical,True
OCC_0200,SKL_0385,Stakeholder Management,0.94,Expert,Soft,True
OCC_0200,SKL_0384,Cross-Functional Leadership,0.93,Expert,Soft,True
OCC_0200,SKL_0398,Strategic Decision Making,0.92,Advanced,Soft,True
OCC_0200,SKL_0382,Communication,0.94,Expert,Soft,True
OCC_0200,SKL_0386,Negotiation & Persuasion,0.85,Advanced,Soft,False
OCC_0200,SKL_0387,Time Management & Prioritization,0.9,Advanced,Soft,True
OCC_0200,SKL_0383,Problem Solving,0.89,Advanced,Soft,False
OCC_0201,SKL_0234,Project Management & Scheduling,0.92,Advanced,Technical,True
OCC_0201,SKL_0233,Agile & Scrum Methodologies,0.87,Advanced,Domain Knowledge,True
OCC_0201,SKL_0231,Business Analysis & Requirements Gathering,0.85,Advanced,Technical,True
OCC_0201,SKL_0385,Stakeholder Management,0.92,Expert,Soft,True
OCC_0201,SKL_0384,Cross-Functional Leadership,0.92,Expert,Soft,True
OCC_0201,SKL_0398,Strategic Decision Making,0.88,Advanced,Soft,True
OCC_0201,SKL_0382,Communication,0.95,Expert,Soft,True
OCC_0201,SKL_0386,Negotiation & Persuasion,0.85,Advanced,Soft,False
OCC_0201,SKL_0387,Time Management & Prioritization,0.88,Advanced,Soft,True
OCC_0201,SKL_0383,Problem Solving,0.89,Advanced,Soft,False
OCC_0202,SKL_0234,Project Management & Scheduling,0.91,Advanced,Technical,True
OCC_0202,SKL_0233,Agile & Scrum Methodologies,0.88,Advanced,Domain Knowledge,True
OCC_0202,SKL_0231,Business Analysis & Requirements Gathering,0.87,Advanced,Technical,True
OCC_0202,SKL_0385,Stakeholder Management,0.94,Expert,Soft,True
OCC_0202,SKL_0384,Cross-Functional Leadership,0.91,Expert,Soft,True
OCC_0202,SKL_0398,Strategic Decision Making,0.91,Advanced,Soft,True
OCC_0202,SKL_0382,Communication,0.92,Expert,Soft,True
OCC_0202,SKL_0386,Negotiation & Persuasion,0.85,Advanced,Soft,False
OCC_0202,SKL_0387,Time Management & Prioritization,0.88,Advanced,Soft,True
OCC_0202,SKL_0383,Problem Solving,0.9,Advanced,Soft,False
OCC_0203,SKL_0234,Project Management & Scheduling,0.93,Advanced,Technical,True
OCC_0203,SKL_0233,Agile & Scrum Methodologies,0.87,Advanced,Domain Knowledge,True
OCC_0203,SKL_0231,Business Analysis & Requirements Gathering,0.88,Advanced,Technical,True
OCC_0203,SKL_0385,Stakeholder Management,0.95,Expert,Soft,True
OCC_0203,SKL_0384,Cross-Functional Leadership,0.91,Expert,Soft,True
OCC_0203,SKL_0398,Strategic Decision Making,0.89,Advanced,Soft,True
OCC_0203,SKL_0382,Communication,0.93,Expert,Soft,True
OCC_0203,SKL_0386,Negotiation & Persuasion,0.85,Advanced,Soft,False
OCC_0203,SKL_0387,Time Management & Prioritization,0.86,Advanced,Soft,True
OCC_0203,SKL_0383,Problem Solving,0.88,Advanced,Soft,False
OCC_0204,SKL_0234,Project Management & Scheduling,0.93,Advanced,Technical,True
OCC_0204,SKL_0233,Agile & Scrum Methodologies,0.86,Advanced,Domain Knowledge,True
OCC_0204,SKL_0231,Business Analysis & Requirements Gathering,0.86,Advanced,Technical,True
OCC_0204,SKL_0385,Stakeholder Management,0.95,Expert,Soft,True
OCC_0204,SKL_0384,Cross-Functional Leadership,0.93,Expert,Soft,True
OCC_0204,SKL_0398,Strategic Decision Making,0.9,Advanced,Soft,True
OCC_0204,SKL_0382,Communication,0.93,Expert,Soft,True
OCC_0204,SKL_0386,Negotiation & Persuasion,0.85,Advanced,Soft,False
OCC_0204,SKL_0387,Time Management & Prioritization,0.9,Advanced,Soft,True
OCC_0204,SKL_0383,Problem Solving,0.89,Advanced,Soft,False
OCC_0205,SKL_0234,Project Management & Scheduling,0.91,Advanced,Technical,True
OCC_0205,SKL_0233,Agile & Scrum Methodologies,0.89,Advanced,Domain Knowledge,True
OCC_0205,SKL_0231,Business Analysis & Requirements Gathering,0.87,Advanced,Technical,True
OCC_0205,SKL_0385,Stakeholder Management,0.96,Expert,Soft,True
OCC_0205,SKL_0384,Cross-Functional Leadership,0.92,Expert,Soft,True
OCC_0205,SKL_0398,Strategic Decision Making,0.89,Advanced,Soft,True
OCC_0205,SKL_0382,Communication,0.94,Expert,Soft,True
OCC_0205,SKL_0386,Negotiation & Persuasion,0.88,Advanced,Soft,False
OCC_0205,SKL_0387,Time Management & Prioritization,0.88,Advanced,Soft,True
OCC_0205,SKL_0383,Problem Solving,0.88,Advanced,Soft,False
OCC_0206,SKL_0234,Project Management & Scheduling,0.91,Advanced,Technical,True
OCC_0206,SKL_0233,Agile & Scrum Methodologies,0.88,Advanced,Domain Knowledge,True
OCC_0206,SKL_0231,Business Analysis & Requirements Gathering,0.87,Advanced,Technical,True
OCC_0206,SKL_0385,Stakeholder Management,0.92,Expert,Soft,True
OCC_0206,SKL_0384,Cross-Functional Leadership,0.91,Expert,Soft,True
OCC_0206,SKL_0398,Strategic Decision Making,0.88,Advanced,Soft,True
OCC_0206,SKL_0382,Communication,0.93,Expert,Soft,True
OCC_0206,SKL_0386,Negotiation & Persuasion,0.85,Advanced,Soft,False
OCC_0206,SKL_0387,Time Management & Prioritization,0.88,Advanced,Soft,True
OCC_0206,SKL_0383,Problem Solving,0.87,Advanced,Soft,False
OCC_0207,SKL_0234,Project Management & Scheduling,0.93,Advanced,Technical,True
OCC_0207,SKL_0233,Agile & Scrum Methodologies,0.9,Advanced,Domain Knowledge,True
OCC_0207,SKL_0231,Business Analysis & Requirements Gathering,0.85,Advanced,Technical,True
OCC_0207,SKL_0385,Stakeholder Management,0.95,Expert,Soft,True
OCC_0207,SKL_0384,Cross-Functional Leadership,0.91,Expert,Soft,True
OCC_0207,SKL_0398,Strategic Decision Making,0.89,Advanced,Soft,True
OCC_0207,SKL_0382,Communication,0.96,Expert,Soft,True
OCC_0207,SKL_0386,Negotiation & Persuasion,0.85,Advanced,Soft,False
OCC_0207,SKL_0387,Time Management & Prioritization,0.86,Advanced,Soft,True
OCC_0207,SKL_0383,Problem Solving,0.86,Advanced,Soft,False
OCC_0208,SKL_0234,Project Management & Scheduling,0.9,Advanced,Technical,True
OCC_0208,SKL_0233,Agile & Scrum Methodologies,0.87,Advanced,Domain Knowledge,True
OCC_0208,SKL_0231,Business Analysis & Requirements Gathering,0.85,Advanced,Technical,True
OCC_0208,SKL_0385,Stakeholder Management,0.94,Expert,Soft,True
OCC_0208,SKL_0384,Cross-Functional Leadership,0.93,Expert,Soft,True
OCC_0208,SKL_0398,Strategic Decision Making,0.88,Advanced,Soft,True
OCC_0208,SKL_0382,Communication,0.92,Expert,Soft,True
OCC_0208,SKL_0386,Negotiation & Persuasion,0.85,Advanced,Soft,False
OCC_0208,SKL_0387,Time Management & Prioritization,0.87,Advanced,Soft,True
OCC_0208,SKL_0383,Problem Solving,0.9,Advanced,Soft,False
OCC_0209,SKL_0234,Project Management & Scheduling,0.93,Advanced,Technical,True
OCC_0209,SKL_0233,Agile & Scrum Methodologies,0.87,Advanced,Domain Knowledge,True
OCC_0209,SKL_0231,Business Analysis & Requirements Gathering,0.86,Advanced,Technical,True
OCC_0209,SKL_0385,Stakeholder Management,0.93,Expert,Soft,True
OCC_0209,SKL_0384,Cross-Functional Leadership,0.9,Expert,Soft,True
OCC_0209,SKL_0398,Strategic Decision Making,0.91,Advanced,Soft,True
OCC_0209,SKL_0382,Communication,0.96,Expert,Soft,True
OCC_0209,SKL_0386,Negotiation & Persuasion,0.84,Advanced,Soft,False
OCC_0209,SKL_0387,Time Management & Prioritization,0.89,Advanced,Soft,True
OCC_0209,SKL_0383,Problem Solving,0.88,Advanced,Soft,False
OCC_0210,SKL_0234,Project Management & Scheduling,0.93,Advanced,Technical,True
OCC_0210,SKL_0233,Agile & Scrum Methodologies,0.86,Advanced,Domain Knowledge,True
OCC_0210,SKL_0231,Business Analysis & Requirements Gathering,0.88,Advanced,Technical,True
OCC_0210,SKL_0385,Stakeholder Management,0.93,Expert,Soft,True
OCC_0210,SKL_0384,Cross-Functional Leadership,0.91,Expert,Soft,True
OCC_0210,SKL_0398,Strategic Decision Making,0.91,Advanced,Soft,True
OCC_0210,SKL_0382,Communication,0.95,Expert,Soft,True
OCC_0210,SKL_0386,Negotiation & Persuasion,0.88,Advanced,Soft,False
OCC_0210,SKL_0387,Time Management & Prioritization,0.9,Advanced,Soft,True
OCC_0210,SKL_0383,Problem Solving,0.9,Advanced,Soft,False
OCC_0211,SKL_0234,Project Management & Scheduling,0.94,Advanced,Technical,True
OCC_0211,SKL_0233,Agile & Scrum Methodologies,0.9,Advanced,Domain Knowledge,True
OCC_0211,SKL_0231,Business Analysis & Requirements Gathering,0.84,Advanced,Technical,True
OCC_0211,SKL_0385,Stakeholder Management,0.93,Expert,Soft,True
OCC_0211,SKL_0384,Cross-Functional Leadership,0.94,Expert,Soft,True
OCC_0211,SKL_0398,Strategic Decision Making,0.91,Advanced,Soft,True
OCC_0211,SKL_0382,Communication,0.93,Expert,Soft,True
OCC_0211,SKL_0386,Negotiation & Persuasion,0.86,Advanced,Soft,False
OCC_0211,SKL_0387,Time Management & Prioritization,0.87,Advanced,Soft,True
OCC_0211,SKL_0383,Problem Solving,0.88,Advanced,Soft,False
OCC_0212,SKL_0234,Project Management & Scheduling,0.94,Advanced,Technical,True
OCC_0212,SKL_0233,Agile & Scrum Methodologies,0.87,Advanced,Domain Knowledge,True
OCC_0212,SKL_0231,Business Analysis & Requirements Gathering,0.84,Advanced,Technical,True
OCC_0212,SKL_0385,Stakeholder Management,0.94,Expert,Soft,True
OCC_0212,SKL_0384,Cross-Functional Leadership,0.91,Expert,Soft,True
OCC_0212,SKL_0398,Strategic Decision Making,0.9,Advanced,Soft,True
OCC_0212,SKL_0382,Communication,0.95,Expert,Soft,True
OCC_0212,SKL_0386,Negotiation & Persuasion,0.85,Advanced,Soft,False
OCC_0212,SKL_0387,Time Management & Prioritization,0.86,Advanced,Soft,True
OCC_0212,SKL_0383,Problem Solving,0.89,Advanced,Soft,False
OCC_0213,SKL_0234,Project Management & Scheduling,0.93,Advanced,Technical,True
OCC_0213,SKL_0233,Agile & Scrum Methodologies,0.89,Advanced,Domain Knowledge,True
OCC_0213,SKL_0231,Business Analysis & Requirements Gathering,0.88,Advanced,Technical,True
OCC_0213,SKL_0385,Stakeholder Management,0.96,Expert,Soft,True
OCC_0213,SKL_0384,Cross-Functional Leadership,0.91,Expert,Soft,True
OCC_0213,SKL_0398,Strategic Decision Making,0.88,Advanced,Soft,True
OCC_0213,SKL_0382,Communication,0.94,Expert,Soft,True
OCC_0213,SKL_0386,Negotiation & Persuasion,0.87,Advanced,Soft,False
OCC_0213,SKL_0387,Time Management & Prioritization,0.86,Advanced,Soft,True
OCC_0213,SKL_0383,Problem Solving,0.88,Advanced,Soft,False
OCC_0214,SKL_0234,Project Management & Scheduling,0.93,Advanced,Technical,True
OCC_0214,SKL_0233,Agile & Scrum Methodologies,0.89,Advanced,Domain Knowledge,True
OCC_0214,SKL_0231,Business Analysis & Requirements Gathering,0.86,Advanced,Technical,True
OCC_0214,SKL_0385,Stakeholder Management,0.94,Expert,Soft,True
OCC_0214,SKL_0384,Cross-Functional Leadership,0.92,Expert,Soft,True
OCC_0214,SKL_0398,Strategic Decision Making,0.89,Advanced,Soft,True
OCC_0214,SKL_0382,Communication,0.93,Expert,Soft,True
OCC_0214,SKL_0386,Negotiation & Persuasion,0.87,Advanced,Soft,False
OCC_0214,SKL_0387,Time Management & Prioritization,0.89,Advanced,Soft,True
OCC_0214,SKL_0383,Problem Solving,0.88,Advanced,Soft,False
OCC_0215,SKL_0234,Project Management & Scheduling,0.91,Advanced,Technical,True
OCC_0215,SKL_0233,Agile & Scrum Methodologies,0.88,Advanced,Domain Knowledge,True
OCC_0215,SKL_0231,Business Analysis & Requirements Gathering,0.88,Advanced,Technical,True
OCC_0215,SKL_0385,Stakeholder Management,0.94,Expert,Soft,True
OCC_0215,SKL_0384,Cross-Functional Leadership,0.9,Expert,Soft,True
OCC_0215,SKL_0398,Strategic Decision Making,0.89,Advanced,Soft,True
OCC_0215,SKL_0382,Communication,0.93,Expert,Soft,True
OCC_0215,SKL_0386,Negotiation & Persuasion,0.87,Advanced,Soft,False
OCC_0215,SKL_0387,Time Management & Prioritization,0.88,Advanced,Soft,True
OCC_0215,SKL_0383,Problem Solving,0.87,Advanced,Soft,False
OCC_0216,SKL_0234,Project Management & Scheduling,0.94,Advanced,Technical,True
OCC_0216,SKL_0233,Agile & Scrum Methodologies,0.88,Advanced,Domain Knowledge,True
OCC_0216,SKL_0231,Business Analysis & Requirements Gathering,0.88,Advanced,Technical,True
OCC_0216,SKL_0385,Stakeholder Management,0.93,Expert,Soft,True
OCC_0216,SKL_0384,Cross-Functional Leadership,0.92,Expert,Soft,True
OCC_0216,SKL_0398,Strategic Decision Making,0.89,Advanced,Soft,True
OCC_0216,SKL_0382,Communication,0.92,Expert,Soft,True
OCC_0216,SKL_0386,Negotiation & Persuasion,0.86,Advanced,Soft,False
OCC_0216,SKL_0387,Time Management & Prioritization,0.87,Advanced,Soft,True
OCC_0216,SKL_0383,Problem Solving,0.88,Advanced,Soft,False
OCC_0217,SKL_0234,Project Management & Scheduling,0.92,Advanced,Technical,True
OCC_0217,SKL_0233,Agile & Scrum Methodologies,0.88,Advanced,Domain Knowledge,True
OCC_0217,SKL_0231,Business Analysis & Requirements Gathering,0.86,Advanced,Technical,True
OCC_0217,SKL_0385,Stakeholder Management,0.94,Expert,Soft,True
OCC_0217,SKL_0384,Cross-Functional Leadership,0.92,Expert,Soft,True
OCC_0217,SKL_0398,Strategic Decision Making,0.91,Advanced,Soft,True
OCC_0217,SKL_0382,Communication,0.93,Expert,Soft,True
OCC_0217,SKL_0386,Negotiation & Persuasion,0.86,Advanced,Soft,False
OCC_0217,SKL_0387,Time Management & Prioritization,0.87,Advanced,Soft,True
OCC_0217,SKL_0383,Problem Solving,0.87,Advanced,Soft,False
OCC_0218,SKL_0234,Project Management & Scheduling,0.93,Advanced,Technical,True
OCC_0218,SKL_0233,Agile & Scrum Methodologies,0.87,Advanced,Domain Knowledge,True
OCC_0218,SKL_0231,Business Analysis & Requirements Gathering,0.84,Advanced,Technical,True
OCC_0218,SKL_0385,Stakeholder Management,0.95,Expert,Soft,True
OCC_0218,SKL_0384,Cross-Functional Leadership,0.92,Expert,Soft,True
OCC_0218,SKL_0398,Strategic Decision Making,0.91,Advanced,Soft,True
OCC_0218,SKL_0382,Communication,0.95,Expert,Soft,True
OCC_0218,SKL_0386,Negotiation & Persuasion,0.88,Advanced,Soft,False
OCC_0218,SKL_0387,Time Management & Prioritization,0.86,Advanced,Soft,True
OCC_0218,SKL_0383,Problem Solving,0.86,Advanced,Soft,False
OCC_0219,SKL_0234,Project Management & Scheduling,0.9,Advanced,Technical,True
OCC_0219,SKL_0233,Agile & Scrum Methodologies,0.87,Advanced,Domain Knowledge,True
OCC_0219,SKL_0231,Business Analysis & Requirements Gathering,0.85,Advanced,Technical,True
OCC_0219,SKL_0385,Stakeholder Management,0.93,Expert,Soft,True
OCC_0219,SKL_0384,Cross-Functional Leadership,0.91,Expert,Soft,True
OCC_0219,SKL_0398,Strategic Decision Making,0.91,Advanced,Soft,True
OCC_0219,SKL_0382,Communication,0.95,Expert,Soft,True
OCC_0219,SKL_0386,Negotiation & Persuasion,0.85,Advanced,Soft,False
OCC_0219,SKL_0387,Time Management & Prioritization,0.89,Advanced,Soft,True
OCC_0219,SKL_0383,Problem Solving,0.9,Advanced,Soft,False
OCC_0220,SKL_0234,Project Management & Scheduling,0.94,Advanced,Technical,True
OCC_0220,SKL_0233,Agile & Scrum Methodologies,0.89,Advanced,Domain Knowledge,True
OCC_0220,SKL_0231,Business Analysis & Requirements Gathering,0.87,Advanced,Technical,True
OCC_0220,SKL_0385,Stakeholder Management,0.96,Expert,Soft,True
OCC_0220,SKL_0384,Cross-Functional Leadership,0.9,Expert,Soft,True
OCC_0220,SKL_0398,Strategic Decision Making,0.89,Advanced,Soft,True
OCC_0220,SKL_0382,Communication,0.95,Expert,Soft,True
OCC_0220,SKL_0386,Negotiation & Persuasion,0.87,Advanced,Soft,False
OCC_0220,SKL_0387,Time Management & Prioritization,0.88,Advanced,Soft,True
OCC_0220,SKL_0383,Problem Solving,0.88,Advanced,Soft,False
OCC_0221,SKL_0256,Search Engine Optimization (SEO),0.88,Advanced,Technical,True
OCC_0221,SKL_0258,Performance Marketing & ROAS,0.91,Advanced,Technical,True
OCC_0221,SKL_0259,Social Media Marketing & Community,0.85,Advanced,Technical,True
OCC_0221,SKL_0260,Content Strategy & Copywriting,0.88,Advanced,Technical,True
OCC_0221,SKL_0262,Market Research & Consumer Insights,0.87,Advanced,Technical,True
OCC_0221,SKL_0263,Public Relations & Media Outreach,0.79,Intermediate,Technical,False
OCC_0221,SKL_0382,Communication,0.94,Expert,Soft,True
OCC_0221,SKL_0381,Analytical Thinking,0.81,Advanced,Soft,False
OCC_0221,SKL_0386,Negotiation & Persuasion,0.86,Advanced,Soft,True
OCC_0221,SKL_0389,Public Speaking & Presentation,0.84,Advanced,Soft,False
OCC_0222,SKL_0256,Search Engine Optimization (SEO),0.88,Advanced,Technical,True
OCC_0222,SKL_0258,Performance Marketing & ROAS,0.91,Advanced,Technical,True
OCC_0222,SKL_0259,Social Media Marketing & Community,0.86,Advanced,Technical,True
OCC_0222,SKL_0260,Content Strategy & Copywriting,0.89,Advanced,Technical,True
OCC_0222,SKL_0262,Market Research & Consumer Insights,0.86,Advanced,Technical,True
OCC_0222,SKL_0263,Public Relations & Media Outreach,0.81,Intermediate,Technical,False
OCC_0222,SKL_0382,Communication,0.93,Expert,Soft,True
OCC_0222,SKL_0381,Analytical Thinking,0.81,Advanced,Soft,False
OCC_0222,SKL_0386,Negotiation & Persuasion,0.86,Advanced,Soft,True
OCC_0222,SKL_0389,Public Speaking & Presentation,0.85,Advanced,Soft,False
OCC_0223,SKL_0256,Search Engine Optimization (SEO),0.87,Advanced,Technical,True
OCC_0223,SKL_0258,Performance Marketing & ROAS,0.9,Advanced,Technical,True
OCC_0223,SKL_0259,Social Media Marketing & Community,0.85,Advanced,Technical,True
OCC_0223,SKL_0260,Content Strategy & Copywriting,0.87,Advanced,Technical,True
OCC_0223,SKL_0262,Market Research & Consumer Insights,0.86,Advanced,Technical,True
OCC_0223,SKL_0263,Public Relations & Media Outreach,0.79,Intermediate,Technical,False
OCC_0223,SKL_0382,Communication,0.96,Expert,Soft,True
OCC_0223,SKL_0381,Analytical Thinking,0.8,Advanced,Soft,False
OCC_0223,SKL_0386,Negotiation & Persuasion,0.86,Advanced,Soft,True
OCC_0223,SKL_0389,Public Speaking & Presentation,0.85,Advanced,Soft,False
OCC_0224,SKL_0256,Search Engine Optimization (SEO),0.87,Advanced,Technical,True
OCC_0224,SKL_0258,Performance Marketing & ROAS,0.9,Advanced,Technical,True
OCC_0224,SKL_0259,Social Media Marketing & Community,0.86,Advanced,Technical,True
OCC_0224,SKL_0260,Content Strategy & Copywriting,0.88,Advanced,Technical,True
OCC_0224,SKL_0262,Market Research & Consumer Insights,0.87,Advanced,Technical,True
OCC_0224,SKL_0263,Public Relations & Media Outreach,0.8,Intermediate,Technical,False
OCC_0224,SKL_0382,Communication,0.93,Expert,Soft,True
OCC_0224,SKL_0381,Analytical Thinking,0.8,Advanced,Soft,False
OCC_0224,SKL_0386,Negotiation & Persuasion,0.86,Advanced,Soft,True
OCC_0224,SKL_0389,Public Speaking & Presentation,0.86,Advanced,Soft,False
OCC_0225,SKL_0256,Search Engine Optimization (SEO),0.87,Advanced,Technical,True
OCC_0225,SKL_0258,Performance Marketing & ROAS,0.92,Advanced,Technical,True
OCC_0225,SKL_0259,Social Media Marketing & Community,0.84,Advanced,Technical,True
OCC_0225,SKL_0260,Content Strategy & Copywriting,0.89,Advanced,Technical,True
OCC_0225,SKL_0262,Market Research & Consumer Insights,0.86,Advanced,Technical,True
OCC_0225,SKL_0263,Public Relations & Media Outreach,0.8,Intermediate,Technical,False
OCC_0225,SKL_0382,Communication,0.95,Expert,Soft,True
OCC_0225,SKL_0381,Analytical Thinking,0.84,Advanced,Soft,False
OCC_0225,SKL_0386,Negotiation & Persuasion,0.84,Advanced,Soft,True
OCC_0225,SKL_0389,Public Speaking & Presentation,0.84,Advanced,Soft,False
OCC_0226,SKL_0256,Search Engine Optimization (SEO),0.88,Advanced,Technical,True
OCC_0226,SKL_0258,Performance Marketing & ROAS,0.89,Advanced,Technical,True
OCC_0226,SKL_0259,Social Media Marketing & Community,0.83,Advanced,Technical,True
OCC_0226,SKL_0260,Content Strategy & Copywriting,0.88,Advanced,Technical,True
OCC_0226,SKL_0262,Market Research & Consumer Insights,0.86,Advanced,Technical,True
OCC_0226,SKL_0263,Public Relations & Media Outreach,0.82,Intermediate,Technical,False
OCC_0226,SKL_0382,Communication,0.92,Expert,Soft,True
OCC_0226,SKL_0381,Analytical Thinking,0.8,Advanced,Soft,False
OCC_0226,SKL_0386,Negotiation & Persuasion,0.85,Advanced,Soft,True
OCC_0226,SKL_0389,Public Speaking & Presentation,0.82,Advanced,Soft,False
OCC_0227,SKL_0256,Search Engine Optimization (SEO),0.89,Advanced,Technical,True
OCC_0227,SKL_0258,Performance Marketing & ROAS,0.9,Advanced,Technical,True
OCC_0227,SKL_0259,Social Media Marketing & Community,0.84,Advanced,Technical,True
OCC_0227,SKL_0260,Content Strategy & Copywriting,0.86,Advanced,Technical,True
OCC_0227,SKL_0262,Market Research & Consumer Insights,0.88,Advanced,Technical,True
OCC_0227,SKL_0263,Public Relations & Media Outreach,0.79,Intermediate,Technical,False
OCC_0227,SKL_0382,Communication,0.93,Expert,Soft,True
OCC_0227,SKL_0381,Analytical Thinking,0.83,Advanced,Soft,False
OCC_0227,SKL_0386,Negotiation & Persuasion,0.83,Advanced,Soft,True
OCC_0227,SKL_0389,Public Speaking & Presentation,0.82,Advanced,Soft,False
OCC_0228,SKL_0256,Search Engine Optimization (SEO),0.88,Advanced,Technical,True
OCC_0228,SKL_0258,Performance Marketing & ROAS,0.89,Advanced,Technical,True
OCC_0228,SKL_0259,Social Media Marketing & Community,0.86,Advanced,Technical,True
OCC_0228,SKL_0260,Content Strategy & Copywriting,0.88,Advanced,Technical,True
OCC_0228,SKL_0262,Market Research & Consumer Insights,0.85,Advanced,Technical,True
OCC_0228,SKL_0263,Public Relations & Media Outreach,0.78,Intermediate,Technical,False
OCC_0228,SKL_0382,Communication,0.94,Expert,Soft,True
OCC_0228,SKL_0381,Analytical Thinking,0.82,Advanced,Soft,False
OCC_0228,SKL_0386,Negotiation & Persuasion,0.83,Advanced,Soft,True
OCC_0228,SKL_0389,Public Speaking & Presentation,0.86,Advanced,Soft,False
OCC_0229,SKL_0256,Search Engine Optimization (SEO),0.89,Advanced,Technical,True
OCC_0229,SKL_0258,Performance Marketing & ROAS,0.89,Advanced,Technical,True
OCC_0229,SKL_0259,Social Media Marketing & Community,0.84,Advanced,Technical,True
OCC_0229,SKL_0260,Content Strategy & Copywriting,0.88,Advanced,Technical,True
OCC_0229,SKL_0262,Market Research & Consumer Insights,0.87,Advanced,Technical,True
OCC_0229,SKL_0263,Public Relations & Media Outreach,0.8,Intermediate,Technical,False
OCC_0229,SKL_0382,Communication,0.94,Expert,Soft,True
OCC_0229,SKL_0381,Analytical Thinking,0.84,Advanced,Soft,False
OCC_0229,SKL_0386,Negotiation & Persuasion,0.85,Advanced,Soft,True
OCC_0229,SKL_0389,Public Speaking & Presentation,0.84,Advanced,Soft,False
OCC_0230,SKL_0256,Search Engine Optimization (SEO),0.89,Advanced,Technical,True
OCC_0230,SKL_0258,Performance Marketing & ROAS,0.89,Advanced,Technical,True
OCC_0230,SKL_0259,Social Media Marketing & Community,0.83,Advanced,Technical,True
OCC_0230,SKL_0260,Content Strategy & Copywriting,0.87,Advanced,Technical,True
OCC_0230,SKL_0262,Market Research & Consumer Insights,0.84,Advanced,Technical,True
OCC_0230,SKL_0263,Public Relations & Media Outreach,0.8,Intermediate,Technical,False
OCC_0230,SKL_0382,Communication,0.95,Expert,Soft,True
OCC_0230,SKL_0381,Analytical Thinking,0.82,Advanced,Soft,False
OCC_0230,SKL_0386,Negotiation & Persuasion,0.87,Advanced,Soft,True
OCC_0230,SKL_0389,Public Speaking & Presentation,0.86,Advanced,Soft,False
OCC_0231,SKL_0264,B2B Enterprise Solution Selling,0.94,Expert,Technical,True
OCC_0231,SKL_0240,Customer Relationship Management (CRM),0.88,Advanced,Domain Knowledge,True
OCC_0231,SKL_0372,Salesforce,0.87,Advanced,Tools & Technologies,True
OCC_0231,SKL_0382,Communication,0.95,Expert,Soft,True
OCC_0231,SKL_0386,Negotiation & Persuasion,0.97,Expert,Soft,True
OCC_0231,SKL_0385,Stakeholder Management,0.88,Advanced,Soft,True
OCC_0231,SKL_0387,Time Management & Prioritization,0.86,Advanced,Soft,False
OCC_0231,SKL_0395,Active Listening,0.91,Advanced,Soft,True
OCC_0231,SKL_0400,Resilience Under Pressure,0.87,Advanced,Soft,False
OCC_0232,SKL_0264,B2B Enterprise Solution Selling,0.94,Expert,Technical,True
OCC_0232,SKL_0240,Customer Relationship Management (CRM),0.89,Advanced,Domain Knowledge,True
OCC_0232,SKL_0372,Salesforce,0.85,Advanced,Tools & Technologies,True
OCC_0232,SKL_0382,Communication,0.95,Expert,Soft,True
OCC_0232,SKL_0386,Negotiation & Persuasion,0.97,Expert,Soft,True
OCC_0232,SKL_0385,Stakeholder Management,0.89,Advanced,Soft,True
OCC_0232,SKL_0387,Time Management & Prioritization,0.85,Advanced,Soft,False
OCC_0232,SKL_0395,Active Listening,0.92,Advanced,Soft,True
OCC_0232,SKL_0400,Resilience Under Pressure,0.87,Advanced,Soft,False
OCC_0233,SKL_0264,B2B Enterprise Solution Selling,0.94,Expert,Technical,True
OCC_0233,SKL_0240,Customer Relationship Management (CRM),0.88,Advanced,Domain Knowledge,True
OCC_0233,SKL_0372,Salesforce,0.88,Advanced,Tools & Technologies,True
OCC_0233,SKL_0382,Communication,0.95,Expert,Soft,True
OCC_0233,SKL_0386,Negotiation & Persuasion,0.96,Expert,Soft,True
OCC_0233,SKL_0385,Stakeholder Management,0.87,Advanced,Soft,True
OCC_0233,SKL_0387,Time Management & Prioritization,0.86,Advanced,Soft,False
OCC_0233,SKL_0395,Active Listening,0.89,Advanced,Soft,True
OCC_0233,SKL_0400,Resilience Under Pressure,0.9,Advanced,Soft,False
OCC_0234,SKL_0264,B2B Enterprise Solution Selling,0.95,Expert,Technical,True
OCC_0234,SKL_0240,Customer Relationship Management (CRM),0.89,Advanced,Domain Knowledge,True
OCC_0234,SKL_0372,Salesforce,0.85,Advanced,Tools & Technologies,True
OCC_0234,SKL_0382,Communication,0.96,Expert,Soft,True
OCC_0234,SKL_0386,Negotiation & Persuasion,0.97,Expert,Soft,True
OCC_0234,SKL_0385,Stakeholder Management,0.88,Advanced,Soft,True
OCC_0234,SKL_0387,Time Management & Prioritization,0.87,Advanced,Soft,False
OCC_0234,SKL_0395,Active Listening,0.88,Advanced,Soft,True
OCC_0234,SKL_0400,Resilience Under Pressure,0.86,Advanced,Soft,False
OCC_0235,SKL_0264,B2B Enterprise Solution Selling,0.95,Expert,Technical,True
OCC_0235,SKL_0240,Customer Relationship Management (CRM),0.87,Advanced,Domain Knowledge,True
OCC_0235,SKL_0372,Salesforce,0.86,Advanced,Tools & Technologies,True
OCC_0235,SKL_0382,Communication,0.95,Expert,Soft,True
OCC_0235,SKL_0386,Negotiation & Persuasion,0.95,Expert,Soft,True
OCC_0235,SKL_0385,Stakeholder Management,0.88,Advanced,Soft,True
OCC_0235,SKL_0387,Time Management & Prioritization,0.83,Advanced,Soft,False
OCC_0235,SKL_0395,Active Listening,0.91,Advanced,Soft,True
OCC_0235,SKL_0400,Resilience Under Pressure,0.89,Advanced,Soft,False
OCC_0236,SKL_0256,Search Engine Optimization (SEO),0.88,Advanced,Technical,True
OCC_0236,SKL_0258,Performance Marketing & ROAS,0.91,Advanced,Technical,True
OCC_0236,SKL_0259,Social Media Marketing & Community,0.86,Advanced,Technical,True
OCC_0236,SKL_0260,Content Strategy & Copywriting,0.88,Advanced,Technical,True
OCC_0236,SKL_0262,Market Research & Consumer Insights,0.84,Advanced,Technical,True
OCC_0236,SKL_0263,Public Relations & Media Outreach,0.78,Intermediate,Technical,False
OCC_0236,SKL_0382,Communication,0.96,Expert,Soft,True
OCC_0236,SKL_0381,Analytical Thinking,0.81,Advanced,Soft,False
OCC_0236,SKL_0386,Negotiation & Persuasion,0.86,Advanced,Soft,True
OCC_0236,SKL_0389,Public Speaking & Presentation,0.84,Advanced,Soft,False
OCC_0237,SKL_0256,Search Engine Optimization (SEO),0.86,Advanced,Technical,True
OCC_0237,SKL_0258,Performance Marketing & ROAS,0.9,Advanced,Technical,True
OCC_0237,SKL_0259,Social Media Marketing & Community,0.84,Advanced,Technical,True
OCC_0237,SKL_0260,Content Strategy & Copywriting,0.9,Advanced,Technical,True
OCC_0237,SKL_0262,Market Research & Consumer Insights,0.85,Advanced,Technical,True
OCC_0237,SKL_0263,Public Relations & Media Outreach,0.81,Intermediate,Technical,False
OCC_0237,SKL_0382,Communication,0.95,Expert,Soft,True
OCC_0237,SKL_0381,Analytical Thinking,0.81,Advanced,Soft,False
OCC_0237,SKL_0386,Negotiation & Persuasion,0.83,Advanced,Soft,True
OCC_0237,SKL_0389,Public Speaking & Presentation,0.82,Advanced,Soft,False
OCC_0238,SKL_0234,Project Management & Scheduling,0.91,Advanced,Technical,True
OCC_0238,SKL_0233,Agile & Scrum Methodologies,0.88,Advanced,Domain Knowledge,True
OCC_0238,SKL_0231,Business Analysis & Requirements Gathering,0.86,Advanced,Technical,True
OCC_0238,SKL_0385,Stakeholder Management,0.92,Expert,Soft,True
OCC_0238,SKL_0384,Cross-Functional Leadership,0.93,Expert,Soft,True
OCC_0238,SKL_0398,Strategic Decision Making,0.91,Advanced,Soft,True
OCC_0238,SKL_0382,Communication,0.93,Expert,Soft,True
OCC_0238,SKL_0386,Negotiation & Persuasion,0.85,Advanced,Soft,False
OCC_0238,SKL_0387,Time Management & Prioritization,0.87,Advanced,Soft,True
OCC_0238,SKL_0383,Problem Solving,0.86,Advanced,Soft,False
OCC_0239,SKL_0364,Figma,0.97,Expert,Tools & Technologies,True
OCC_0239,SKL_0276,Wireframing & UI Prototyping,0.93,Expert,Technical,True
OCC_0239,SKL_0277,User Experience (UX) Research,0.91,Advanced,Technical,True
OCC_0239,SKL_0278,Design Systems Architecture,0.89,Advanced,Technical,True
OCC_0239,SKL_0279,Typography & Visual Hierarchy,0.87,Advanced,Technical,True
OCC_0239,SKL_0365,Adobe Creative Cloud,0.86,Advanced,Tools & Technologies,False
OCC_0239,SKL_0399,Empathy in User Research,0.93,Expert,Soft,True
OCC_0239,SKL_0390,Attention to Detail,0.92,Advanced,Soft,True
OCC_0239,SKL_0382,Communication,0.82,Intermediate,Soft,False
OCC_0240,SKL_0364,Figma,0.95,Expert,Tools & Technologies,True
OCC_0240,SKL_0276,Wireframing & UI Prototyping,0.92,Expert,Technical,True
OCC_0240,SKL_0277,User Experience (UX) Research,0.88,Advanced,Technical,True
OCC_0240,SKL_0278,Design Systems Architecture,0.89,Advanced,Technical,True
OCC_0240,SKL_0279,Typography & Visual Hierarchy,0.87,Advanced,Technical,True
OCC_0240,SKL_0365,Adobe Creative Cloud,0.87,Advanced,Tools & Technologies,False
OCC_0240,SKL_0399,Empathy in User Research,0.91,Expert,Soft,True
OCC_0240,SKL_0390,Attention to Detail,0.89,Advanced,Soft,True
OCC_0240,SKL_0382,Communication,0.8,Intermediate,Soft,False
OCC_0241,SKL_0364,Figma,0.96,Expert,Tools & Technologies,True
OCC_0241,SKL_0276,Wireframing & UI Prototyping,0.96,Expert,Technical,True
OCC_0241,SKL_0277,User Experience (UX) Research,0.89,Advanced,Technical,True
OCC_0241,SKL_0278,Design Systems Architecture,0.87,Advanced,Technical,True
OCC_0241,SKL_0279,Typography & Visual Hierarchy,0.87,Advanced,Technical,True
OCC_0241,SKL_0365,Adobe Creative Cloud,0.84,Advanced,Tools & Technologies,False
OCC_0241,SKL_0399,Empathy in User Research,0.94,Expert,Soft,True
OCC_0241,SKL_0390,Attention to Detail,0.91,Advanced,Soft,True
OCC_0241,SKL_0382,Communication,0.83,Intermediate,Soft,False
OCC_0242,SKL_0364,Figma,0.95,Expert,Tools & Technologies,True
OCC_0242,SKL_0276,Wireframing & UI Prototyping,0.93,Expert,Technical,True
OCC_0242,SKL_0277,User Experience (UX) Research,0.9,Advanced,Technical,True
OCC_0242,SKL_0278,Design Systems Architecture,0.86,Advanced,Technical,True
OCC_0242,SKL_0279,Typography & Visual Hierarchy,0.85,Advanced,Technical,True
OCC_0242,SKL_0365,Adobe Creative Cloud,0.85,Advanced,Tools & Technologies,False
OCC_0242,SKL_0399,Empathy in User Research,0.91,Expert,Soft,True
OCC_0242,SKL_0390,Attention to Detail,0.89,Advanced,Soft,True
OCC_0242,SKL_0382,Communication,0.82,Intermediate,Soft,False
OCC_0243,SKL_0364,Figma,0.98,Expert,Tools & Technologies,True
OCC_0243,SKL_0276,Wireframing & UI Prototyping,0.92,Expert,Technical,True
OCC_0243,SKL_0277,User Experience (UX) Research,0.89,Advanced,Technical,True
OCC_0243,SKL_0278,Design Systems Architecture,0.87,Advanced,Technical,True
OCC_0243,SKL_0279,Typography & Visual Hierarchy,0.85,Advanced,Technical,True
OCC_0243,SKL_0365,Adobe Creative Cloud,0.85,Advanced,Tools & Technologies,False
OCC_0243,SKL_0399,Empathy in User Research,0.91,Expert,Soft,True
OCC_0243,SKL_0390,Attention to Detail,0.9,Advanced,Soft,True
OCC_0243,SKL_0382,Communication,0.82,Intermediate,Soft,False
OCC_0244,SKL_0364,Figma,0.94,Expert,Tools & Technologies,True
OCC_0244,SKL_0276,Wireframing & UI Prototyping,0.95,Expert,Technical,True
OCC_0244,SKL_0277,User Experience (UX) Research,0.91,Advanced,Technical,True
OCC_0244,SKL_0278,Design Systems Architecture,0.87,Advanced,Technical,True
OCC_0244,SKL_0279,Typography & Visual Hierarchy,0.84,Advanced,Technical,True
OCC_0244,SKL_0365,Adobe Creative Cloud,0.84,Advanced,Tools & Technologies,False
OCC_0244,SKL_0399,Empathy in User Research,0.91,Expert,Soft,True
OCC_0244,SKL_0390,Attention to Detail,0.9,Advanced,Soft,True
OCC_0244,SKL_0382,Communication,0.84,Intermediate,Soft,False
OCC_0245,SKL_0364,Figma,0.94,Expert,Tools & Technologies,True
OCC_0245,SKL_0276,Wireframing & UI Prototyping,0.94,Expert,Technical,True
OCC_0245,SKL_0277,User Experience (UX) Research,0.92,Advanced,Technical,True
OCC_0245,SKL_0278,Design Systems Architecture,0.89,Advanced,Technical,True
OCC_0245,SKL_0279,Typography & Visual Hierarchy,0.85,Advanced,Technical,True
OCC_0245,SKL_0365,Adobe Creative Cloud,0.87,Advanced,Tools & Technologies,False
OCC_0245,SKL_0399,Empathy in User Research,0.92,Expert,Soft,True
OCC_0245,SKL_0390,Attention to Detail,0.92,Advanced,Soft,True
OCC_0245,SKL_0382,Communication,0.83,Intermediate,Soft,False
OCC_0246,SKL_0364,Figma,0.97,Expert,Tools & Technologies,True
OCC_0246,SKL_0276,Wireframing & UI Prototyping,0.96,Expert,Technical,True
OCC_0246,SKL_0277,User Experience (UX) Research,0.91,Advanced,Technical,True
OCC_0246,SKL_0278,Design Systems Architecture,0.87,Advanced,Technical,True
OCC_0246,SKL_0279,Typography & Visual Hierarchy,0.87,Advanced,Technical,True
OCC_0246,SKL_0365,Adobe Creative Cloud,0.87,Advanced,Tools & Technologies,False
OCC_0246,SKL_0399,Empathy in User Research,0.91,Expert,Soft,True
OCC_0246,SKL_0390,Attention to Detail,0.91,Advanced,Soft,True
OCC_0246,SKL_0382,Communication,0.82,Intermediate,Soft,False
OCC_0247,SKL_0364,Figma,0.95,Expert,Tools & Technologies,True
OCC_0247,SKL_0276,Wireframing & UI Prototyping,0.94,Expert,Technical,True
OCC_0247,SKL_0277,User Experience (UX) Research,0.9,Advanced,Technical,True
OCC_0247,SKL_0278,Design Systems Architecture,0.88,Advanced,Technical,True
OCC_0247,SKL_0279,Typography & Visual Hierarchy,0.87,Advanced,Technical,True
OCC_0247,SKL_0365,Adobe Creative Cloud,0.84,Advanced,Tools & Technologies,False
OCC_0247,SKL_0399,Empathy in User Research,0.92,Expert,Soft,True
OCC_0247,SKL_0390,Attention to Detail,0.92,Advanced,Soft,True
OCC_0247,SKL_0382,Communication,0.81,Intermediate,Soft,False
OCC_0248,SKL_0364,Figma,0.96,Expert,Tools & Technologies,True
OCC_0248,SKL_0276,Wireframing & UI Prototyping,0.96,Expert,Technical,True
OCC_0248,SKL_0277,User Experience (UX) Research,0.89,Advanced,Technical,True
OCC_0248,SKL_0278,Design Systems Architecture,0.89,Advanced,Technical,True
OCC_0248,SKL_0279,Typography & Visual Hierarchy,0.87,Advanced,Technical,True
OCC_0248,SKL_0365,Adobe Creative Cloud,0.85,Advanced,Tools & Technologies,False
OCC_0248,SKL_0399,Empathy in User Research,0.9,Expert,Soft,True
OCC_0248,SKL_0390,Attention to Detail,0.89,Advanced,Soft,True
OCC_0248,SKL_0382,Communication,0.81,Intermediate,Soft,False
OCC_0249,SKL_0283,Architectural Building Drafting,0.93,Expert,Technical,True
OCC_0249,SKL_0284,Building Information Modeling (BIM),0.89,Advanced,Technical,True
OCC_0249,SKL_0366,AutoCAD,0.9,Advanced,Tools & Technologies,True
OCC_0249,SKL_0370,Revit,0.9,Advanced,Tools & Technologies,True
OCC_0249,SKL_0286,Sustainable Green Building Design,0.85,Advanced,Domain Knowledge,False
OCC_0249,SKL_0390,Attention to Detail,0.94,Expert,Soft,True
OCC_0249,SKL_0383,Problem Solving,0.87,Advanced,Soft,False
OCC_0249,SKL_0413,Council of Architecture (COA) Registration,0.94,Expert,Certifications,True
OCC_0250,SKL_0283,Architectural Building Drafting,0.93,Expert,Technical,True
OCC_0250,SKL_0284,Building Information Modeling (BIM),0.91,Advanced,Technical,True
OCC_0250,SKL_0366,AutoCAD,0.93,Advanced,Tools & Technologies,True
OCC_0250,SKL_0370,Revit,0.88,Advanced,Tools & Technologies,True
OCC_0250,SKL_0286,Sustainable Green Building Design,0.87,Advanced,Domain Knowledge,False
OCC_0250,SKL_0390,Attention to Detail,0.93,Expert,Soft,True
OCC_0250,SKL_0383,Problem Solving,0.85,Advanced,Soft,False
OCC_0250,SKL_0413,Council of Architecture (COA) Registration,0.93,Expert,Certifications,True
OCC_0251,SKL_0283,Architectural Building Drafting,0.95,Expert,Technical,True
OCC_0251,SKL_0284,Building Information Modeling (BIM),0.89,Advanced,Technical,True
OCC_0251,SKL_0366,AutoCAD,0.91,Advanced,Tools & Technologies,True
OCC_0251,SKL_0370,Revit,0.88,Advanced,Tools & Technologies,True
OCC_0251,SKL_0286,Sustainable Green Building Design,0.87,Advanced,Domain Knowledge,False
OCC_0251,SKL_0390,Attention to Detail,0.93,Expert,Soft,True
OCC_0251,SKL_0383,Problem Solving,0.85,Advanced,Soft,False
OCC_0251,SKL_0413,Council of Architecture (COA) Registration,0.96,Expert,Certifications,True
OCC_0252,SKL_0283,Architectural Building Drafting,0.95,Expert,Technical,True
OCC_0252,SKL_0284,Building Information Modeling (BIM),0.9,Advanced,Technical,True
OCC_0252,SKL_0366,AutoCAD,0.92,Advanced,Tools & Technologies,True
OCC_0252,SKL_0370,Revit,0.87,Advanced,Tools & Technologies,True
OCC_0252,SKL_0286,Sustainable Green Building Design,0.85,Advanced,Domain Knowledge,False
OCC_0252,SKL_0390,Attention to Detail,0.9,Expert,Soft,True
OCC_0252,SKL_0383,Problem Solving,0.87,Advanced,Soft,False
OCC_0252,SKL_0413,Council of Architecture (COA) Registration,0.93,Expert,Certifications,True
OCC_0253,SKL_0283,Architectural Building Drafting,0.93,Expert,Technical,True
OCC_0253,SKL_0284,Building Information Modeling (BIM),0.91,Advanced,Technical,True
OCC_0253,SKL_0366,AutoCAD,0.91,Advanced,Tools & Technologies,True
OCC_0253,SKL_0370,Revit,0.87,Advanced,Tools & Technologies,True
OCC_0253,SKL_0286,Sustainable Green Building Design,0.83,Advanced,Domain Knowledge,False
OCC_0253,SKL_0390,Attention to Detail,0.92,Expert,Soft,True
OCC_0253,SKL_0383,Problem Solving,0.87,Advanced,Soft,False
OCC_0253,SKL_0413,Council of Architecture (COA) Registration,0.97,Expert,Certifications,True
OCC_0254,SKL_0364,Figma,0.95,Expert,Tools & Technologies,True
OCC_0254,SKL_0276,Wireframing & UI Prototyping,0.92,Expert,Technical,True
OCC_0254,SKL_0277,User Experience (UX) Research,0.91,Advanced,Technical,True
OCC_0254,SKL_0278,Design Systems Architecture,0.87,Advanced,Technical,True
OCC_0254,SKL_0279,Typography & Visual Hierarchy,0.87,Advanced,Technical,True
OCC_0254,SKL_0365,Adobe Creative Cloud,0.84,Advanced,Tools & Technologies,False
OCC_0254,SKL_0399,Empathy in User Research,0.91,Expert,Soft,True
OCC_0254,SKL_0390,Attention to Detail,0.89,Advanced,Soft,True
OCC_0254,SKL_0382,Communication,0.81,Intermediate,Soft,False
OCC_0255,SKL_0364,Figma,0.96,Expert,Tools & Technologies,True
OCC_0255,SKL_0276,Wireframing & UI Prototyping,0.95,Expert,Technical,True
OCC_0255,SKL_0277,User Experience (UX) Research,0.89,Advanced,Technical,True
OCC_0255,SKL_0278,Design Systems Architecture,0.89,Advanced,Technical,True
OCC_0255,SKL_0279,Typography & Visual Hierarchy,0.84,Advanced,Technical,True
OCC_0255,SKL_0365,Adobe Creative Cloud,0.87,Advanced,Tools & Technologies,False
OCC_0255,SKL_0399,Empathy in User Research,0.92,Expert,Soft,True
OCC_0255,SKL_0390,Attention to Detail,0.89,Advanced,Soft,True
OCC_0255,SKL_0382,Communication,0.82,Intermediate,Soft,False
OCC_0256,SKL_0364,Figma,0.96,Expert,Tools & Technologies,True
OCC_0256,SKL_0276,Wireframing & UI Prototyping,0.95,Expert,Technical,True
OCC_0256,SKL_0277,User Experience (UX) Research,0.91,Advanced,Technical,True
OCC_0256,SKL_0278,Design Systems Architecture,0.89,Advanced,Technical,True
OCC_0256,SKL_0279,Typography & Visual Hierarchy,0.87,Advanced,Technical,True
OCC_0256,SKL_0365,Adobe Creative Cloud,0.83,Advanced,Tools & Technologies,False
OCC_0256,SKL_0399,Empathy in User Research,0.92,Expert,Soft,True
OCC_0256,SKL_0390,Attention to Detail,0.91,Advanced,Soft,True
OCC_0256,SKL_0382,Communication,0.83,Intermediate,Soft,False
OCC_0257,SKL_0364,Figma,0.98,Expert,Tools & Technologies,True
OCC_0257,SKL_0276,Wireframing & UI Prototyping,0.94,Expert,Technical,True
OCC_0257,SKL_0277,User Experience (UX) Research,0.89,Advanced,Technical,True
OCC_0257,SKL_0278,Design Systems Architecture,0.89,Advanced,Technical,True
OCC_0257,SKL_0279,Typography & Visual Hierarchy,0.85,Advanced,Technical,True
OCC_0257,SKL_0365,Adobe Creative Cloud,0.85,Advanced,Tools & Technologies,False
OCC_0257,SKL_0399,Empathy in User Research,0.92,Expert,Soft,True
OCC_0257,SKL_0390,Attention to Detail,0.9,Advanced,Soft,True
OCC_0257,SKL_0382,Communication,0.82,Intermediate,Soft,False
OCC_0258,SKL_0364,Figma,0.94,Expert,Tools & Technologies,True
OCC_0258,SKL_0276,Wireframing & UI Prototyping,0.93,Expert,Technical,True
OCC_0258,SKL_0277,User Experience (UX) Research,0.9,Advanced,Technical,True
OCC_0258,SKL_0278,Design Systems Architecture,0.87,Advanced,Technical,True
OCC_0258,SKL_0279,Typography & Visual Hierarchy,0.85,Advanced,Technical,True
OCC_0258,SKL_0365,Adobe Creative Cloud,0.83,Advanced,Tools & Technologies,False
OCC_0258,SKL_0399,Empathy in User Research,0.92,Expert,Soft,True
OCC_0258,SKL_0390,Attention to Detail,0.91,Advanced,Soft,True
OCC_0258,SKL_0382,Communication,0.82,Intermediate,Soft,False
OCC_0259,SKL_0364,Figma,0.98,Expert,Tools & Technologies,True
OCC_0259,SKL_0276,Wireframing & UI Prototyping,0.96,Expert,Technical,True
OCC_0259,SKL_0277,User Experience (UX) Research,0.92,Advanced,Technical,True
OCC_0259,SKL_0278,Design Systems Architecture,0.87,Advanced,Technical,True
OCC_0259,SKL_0279,Typography & Visual Hierarchy,0.86,Advanced,Technical,True
OCC_0259,SKL_0365,Adobe Creative Cloud,0.86,Advanced,Tools & Technologies,False
OCC_0259,SKL_0399,Empathy in User Research,0.92,Expert,Soft,True
OCC_0259,SKL_0390,Attention to Detail,0.9,Advanced,Soft,True
OCC_0259,SKL_0382,Communication,0.8,Intermediate,Soft,False
OCC_0260,SKL_0364,Figma,0.98,Expert,Tools & Technologies,True
OCC_0260,SKL_0276,Wireframing & UI Prototyping,0.94,Expert,Technical,True
OCC_0260,SKL_0277,User Experience (UX) Research,0.9,Advanced,Technical,True
OCC_0260,SKL_0278,Design Systems Architecture,0.87,Advanced,Technical,True
OCC_0260,SKL_0279,Typography & Visual Hierarchy,0.86,Advanced,Technical,True
OCC_0260,SKL_0365,Adobe Creative Cloud,0.84,Advanced,Tools & Technologies,False
OCC_0260,SKL_0399,Empathy in User Research,0.94,Expert,Soft,True
OCC_0260,SKL_0390,Attention to Detail,0.91,Advanced,Soft,True
OCC_0260,SKL_0382,Communication,0.82,Intermediate,Soft,False
OCC_0261,SKL_0301,Legal Research & Precedent Analysis,0.96,Expert,Technical,True
OCC_0261,SKL_0302,Contract Drafting & Review,0.95,Expert,Technical,True
OCC_0261,SKL_0303,Litigation Trial Advocacy,0.91,Advanced,Technical,True
OCC_0261,SKL_0306,Corporate Law & Governance Compliance,0.89,Advanced,Domain Knowledge,True
OCC_0261,SKL_0410,Bar Council of India Enrollment,0.99,Expert,Certifications,True
OCC_0261,SKL_0392,Ethical Judgment,0.96,Expert,Soft,True
OCC_0261,SKL_0382,Communication,0.93,Expert,Soft,True
OCC_0261,SKL_0394,Critical Thinking,0.9,Advanced,Soft,True
OCC_0261,SKL_0390,Attention to Detail,0.91,Advanced,Soft,False
OCC_0262,SKL_0301,Legal Research & Precedent Analysis,0.97,Expert,Technical,True
OCC_0262,SKL_0302,Contract Drafting & Review,0.95,Expert,Technical,True
OCC_0262,SKL_0303,Litigation Trial Advocacy,0.91,Advanced,Technical,True
OCC_0262,SKL_0306,Corporate Law & Governance Compliance,0.89,Advanced,Domain Knowledge,True
OCC_0262,SKL_0410,Bar Council of India Enrollment,0.97,Expert,Certifications,True
OCC_0262,SKL_0392,Ethical Judgment,0.95,Expert,Soft,True
OCC_0262,SKL_0382,Communication,0.95,Expert,Soft,True
OCC_0262,SKL_0394,Critical Thinking,0.91,Advanced,Soft,True
OCC_0262,SKL_0390,Attention to Detail,0.9,Advanced,Soft,False
OCC_0263,SKL_0301,Legal Research & Precedent Analysis,0.98,Expert,Technical,True
OCC_0263,SKL_0302,Contract Drafting & Review,0.95,Expert,Technical,True
OCC_0263,SKL_0303,Litigation Trial Advocacy,0.88,Advanced,Technical,True
OCC_0263,SKL_0306,Corporate Law & Governance Compliance,0.89,Advanced,Domain Knowledge,True
OCC_0263,SKL_0410,Bar Council of India Enrollment,0.99,Expert,Certifications,True
OCC_0263,SKL_0392,Ethical Judgment,0.97,Expert,Soft,True
OCC_0263,SKL_0382,Communication,0.94,Expert,Soft,True
OCC_0263,SKL_0394,Critical Thinking,0.92,Advanced,Soft,True
OCC_0263,SKL_0390,Attention to Detail,0.92,Advanced,Soft,False
OCC_0264,SKL_0301,Legal Research & Precedent Analysis,0.96,Expert,Technical,True
OCC_0264,SKL_0302,Contract Drafting & Review,0.93,Expert,Technical,True
OCC_0264,SKL_0303,Litigation Trial Advocacy,0.9,Advanced,Technical,True
OCC_0264,SKL_0306,Corporate Law & Governance Compliance,0.89,Advanced,Domain Knowledge,True
OCC_0264,SKL_0410,Bar Council of India Enrollment,0.97,Expert,Certifications,True
OCC_0264,SKL_0392,Ethical Judgment,0.94,Expert,Soft,True
OCC_0264,SKL_0382,Communication,0.96,Expert,Soft,True
OCC_0264,SKL_0394,Critical Thinking,0.93,Advanced,Soft,True
OCC_0264,SKL_0390,Attention to Detail,0.9,Advanced,Soft,False
OCC_0265,SKL_0301,Legal Research & Precedent Analysis,0.95,Expert,Technical,True
OCC_0265,SKL_0302,Contract Drafting & Review,0.94,Expert,Technical,True
OCC_0265,SKL_0303,Litigation Trial Advocacy,0.92,Advanced,Technical,True
OCC_0265,SKL_0306,Corporate Law & Governance Compliance,0.89,Advanced,Domain Knowledge,True
OCC_0265,SKL_0410,Bar Council of India Enrollment,0.96,Expert,Certifications,True
OCC_0265,SKL_0392,Ethical Judgment,0.96,Expert,Soft,True
OCC_0265,SKL_0382,Communication,0.95,Expert,Soft,True
OCC_0265,SKL_0394,Critical Thinking,0.91,Advanced,Soft,True
OCC_0265,SKL_0390,Attention to Detail,0.89,Advanced,Soft,False
OCC_0266,SKL_0301,Legal Research & Precedent Analysis,0.97,Expert,Technical,True
OCC_0266,SKL_0302,Contract Drafting & Review,0.96,Expert,Technical,True
OCC_0266,SKL_0303,Litigation Trial Advocacy,0.9,Advanced,Technical,True
OCC_0266,SKL_0306,Corporate Law & Governance Compliance,0.87,Advanced,Domain Knowledge,True
OCC_0266,SKL_0410,Bar Council of India Enrollment,0.99,Expert,Certifications,True
OCC_0266,SKL_0392,Ethical Judgment,0.96,Expert,Soft,True
OCC_0266,SKL_0382,Communication,0.92,Expert,Soft,True
OCC_0266,SKL_0394,Critical Thinking,0.9,Advanced,Soft,True
OCC_0266,SKL_0390,Attention to Detail,0.91,Advanced,Soft,False
OCC_0267,SKL_0301,Legal Research & Precedent Analysis,0.96,Expert,Technical,True
OCC_0267,SKL_0302,Contract Drafting & Review,0.95,Expert,Technical,True
OCC_0267,SKL_0303,Litigation Trial Advocacy,0.91,Advanced,Technical,True
OCC_0267,SKL_0306,Corporate Law & Governance Compliance,0.87,Advanced,Domain Knowledge,True
OCC_0267,SKL_0410,Bar Council of India Enrollment,0.97,Expert,Certifications,True
OCC_0267,SKL_0392,Ethical Judgment,0.96,Expert,Soft,True
OCC_0267,SKL_0382,Communication,0.93,Expert,Soft,True
OCC_0267,SKL_0394,Critical Thinking,0.91,Advanced,Soft,True
OCC_0267,SKL_0390,Attention to Detail,0.92,Advanced,Soft,False
OCC_0268,SKL_0301,Legal Research & Precedent Analysis,0.96,Expert,Technical,True
OCC_0268,SKL_0302,Contract Drafting & Review,0.95,Expert,Technical,True
OCC_0268,SKL_0303,Litigation Trial Advocacy,0.89,Advanced,Technical,True
OCC_0268,SKL_0306,Corporate Law & Governance Compliance,0.86,Advanced,Domain Knowledge,True
OCC_0268,SKL_0410,Bar Council of India Enrollment,0.97,Expert,Certifications,True
OCC_0268,SKL_0392,Ethical Judgment,0.96,Expert,Soft,True
OCC_0268,SKL_0382,Communication,0.93,Expert,Soft,True
OCC_0268,SKL_0394,Critical Thinking,0.94,Advanced,Soft,True
OCC_0268,SKL_0390,Attention to Detail,0.9,Advanced,Soft,False
OCC_0269,SKL_0301,Legal Research & Precedent Analysis,0.97,Expert,Technical,True
OCC_0269,SKL_0302,Contract Drafting & Review,0.94,Expert,Technical,True
OCC_0269,SKL_0303,Litigation Trial Advocacy,0.91,Advanced,Technical,True
OCC_0269,SKL_0306,Corporate Law & Governance Compliance,0.87,Advanced,Domain Knowledge,True
OCC_0269,SKL_0410,Bar Council of India Enrollment,0.97,Expert,Certifications,True
OCC_0269,SKL_0392,Ethical Judgment,0.95,Expert,Soft,True
OCC_0269,SKL_0382,Communication,0.93,Expert,Soft,True
OCC_0269,SKL_0394,Critical Thinking,0.91,Advanced,Soft,True
OCC_0269,SKL_0390,Attention to Detail,0.9,Advanced,Soft,False
OCC_0270,SKL_0301,Legal Research & Precedent Analysis,0.96,Expert,Technical,True
OCC_0270,SKL_0302,Contract Drafting & Review,0.95,Expert,Technical,True
OCC_0270,SKL_0303,Litigation Trial Advocacy,0.88,Advanced,Technical,True
OCC_0270,SKL_0306,Corporate Law & Governance Compliance,0.86,Advanced,Domain Knowledge,True
OCC_0270,SKL_0410,Bar Council of India Enrollment,0.99,Expert,Certifications,True
OCC_0270,SKL_0392,Ethical Judgment,0.93,Expert,Soft,True
OCC_0270,SKL_0382,Communication,0.94,Expert,Soft,True
OCC_0270,SKL_0394,Critical Thinking,0.94,Advanced,Soft,True
OCC_0270,SKL_0390,Attention to Detail,0.88,Advanced,Soft,False
OCC_0271,SKL_0301,Legal Research & Precedent Analysis,0.96,Expert,Technical,True
OCC_0271,SKL_0302,Contract Drafting & Review,0.92,Expert,Technical,True
OCC_0271,SKL_0303,Litigation Trial Advocacy,0.9,Advanced,Technical,True
OCC_0271,SKL_0306,Corporate Law & Governance Compliance,0.9,Advanced,Domain Knowledge,True
OCC_0271,SKL_0410,Bar Council of India Enrollment,0.99,Expert,Certifications,True
OCC_0271,SKL_0392,Ethical Judgment,0.97,Expert,Soft,True
OCC_0271,SKL_0382,Communication,0.94,Expert,Soft,True
OCC_0271,SKL_0394,Critical Thinking,0.91,Advanced,Soft,True
OCC_0271,SKL_0390,Attention to Detail,0.9,Advanced,Soft,False
OCC_0272,SKL_0301,Legal Research & Precedent Analysis,0.95,Expert,Technical,True
OCC_0272,SKL_0302,Contract Drafting & Review,0.96,Expert,Technical,True
OCC_0272,SKL_0303,Litigation Trial Advocacy,0.92,Advanced,Technical,True
OCC_0272,SKL_0306,Corporate Law & Governance Compliance,0.89,Advanced,Domain Knowledge,True
OCC_0272,SKL_0410,Bar Council of India Enrollment,0.99,Expert,Certifications,True
OCC_0272,SKL_0392,Ethical Judgment,0.96,Expert,Soft,True
OCC_0272,SKL_0382,Communication,0.94,Expert,Soft,True
OCC_0272,SKL_0394,Critical Thinking,0.9,Advanced,Soft,True
OCC_0272,SKL_0390,Attention to Detail,0.89,Advanced,Soft,False
OCC_0273,SKL_0301,Legal Research & Precedent Analysis,0.95,Expert,Technical,True
OCC_0273,SKL_0302,Contract Drafting & Review,0.92,Expert,Technical,True
OCC_0273,SKL_0303,Litigation Trial Advocacy,0.9,Advanced,Technical,True
OCC_0273,SKL_0306,Corporate Law & Governance Compliance,0.89,Advanced,Domain Knowledge,True
OCC_0273,SKL_0410,Bar Council of India Enrollment,0.99,Expert,Certifications,True
OCC_0273,SKL_0392,Ethical Judgment,0.97,Expert,Soft,True
OCC_0273,SKL_0382,Communication,0.93,Expert,Soft,True
OCC_0273,SKL_0394,Critical Thinking,0.92,Advanced,Soft,True
OCC_0273,SKL_0390,Attention to Detail,0.91,Advanced,Soft,False
OCC_0274,SKL_0301,Legal Research & Precedent Analysis,0.95,Expert,Technical,True
OCC_0274,SKL_0302,Contract Drafting & Review,0.95,Expert,Technical,True
OCC_0274,SKL_0303,Litigation Trial Advocacy,0.91,Advanced,Technical,True
OCC_0274,SKL_0306,Corporate Law & Governance Compliance,0.87,Advanced,Domain Knowledge,True
OCC_0274,SKL_0410,Bar Council of India Enrollment,0.98,Expert,Certifications,True
OCC_0274,SKL_0392,Ethical Judgment,0.96,Expert,Soft,True
OCC_0274,SKL_0382,Communication,0.94,Expert,Soft,True
OCC_0274,SKL_0394,Critical Thinking,0.92,Advanced,Soft,True
OCC_0274,SKL_0390,Attention to Detail,0.89,Advanced,Soft,False
OCC_0275,SKL_0234,Project Management & Scheduling,0.94,Advanced,Technical,True
OCC_0275,SKL_0233,Agile & Scrum Methodologies,0.9,Advanced,Domain Knowledge,True
OCC_0275,SKL_0231,Business Analysis & Requirements Gathering,0.87,Advanced,Technical,True
OCC_0275,SKL_0385,Stakeholder Management,0.92,Expert,Soft,True
OCC_0275,SKL_0384,Cross-Functional Leadership,0.91,Expert,Soft,True
OCC_0275,SKL_0398,Strategic Decision Making,0.88,Advanced,Soft,True
OCC_0275,SKL_0382,Communication,0.95,Expert,Soft,True
OCC_0275,SKL_0386,Negotiation & Persuasion,0.85,Advanced,Soft,False
OCC_0275,SKL_0387,Time Management & Prioritization,0.88,Advanced,Soft,True
OCC_0275,SKL_0383,Problem Solving,0.88,Advanced,Soft,False
OCC_0276,SKL_0321,Curriculum & Lesson Planning,0.94,Expert,Technical,True
OCC_0276,SKL_0322,Classroom Management & Engagement,0.92,Expert,Soft,True
OCC_0276,SKL_0324,Formative & Summative Assessment Design,0.86,Advanced,Technical,True
OCC_0276,SKL_0323,Instructional Design & Microlearning,0.85,Advanced,Technical,False
OCC_0276,SKL_0382,Communication,0.97,Expert,Soft,True
OCC_0276,SKL_0389,Public Speaking & Presentation,0.92,Advanced,Soft,True
OCC_0276,SKL_0395,Active Listening,0.9,Advanced,Soft,False
OCC_0276,SKL_0393,Mentorship & Coaching,0.87,Advanced,Soft,False
OCC_0277,SKL_0321,Curriculum & Lesson Planning,0.96,Expert,Technical,True
OCC_0277,SKL_0322,Classroom Management & Engagement,0.93,Expert,Soft,True
OCC_0277,SKL_0324,Formative & Summative Assessment Design,0.87,Advanced,Technical,True
OCC_0277,SKL_0323,Instructional Design & Microlearning,0.84,Advanced,Technical,False
OCC_0277,SKL_0382,Communication,0.94,Expert,Soft,True
OCC_0277,SKL_0389,Public Speaking & Presentation,0.9,Advanced,Soft,True
OCC_0277,SKL_0395,Active Listening,0.88,Advanced,Soft,False
OCC_0277,SKL_0393,Mentorship & Coaching,0.87,Advanced,Soft,False
OCC_0278,SKL_0321,Curriculum & Lesson Planning,0.94,Expert,Technical,True
OCC_0278,SKL_0322,Classroom Management & Engagement,0.91,Expert,Soft,True
OCC_0278,SKL_0324,Formative & Summative Assessment Design,0.89,Advanced,Technical,True
OCC_0278,SKL_0323,Instructional Design & Microlearning,0.84,Advanced,Technical,False
OCC_0278,SKL_0382,Communication,0.96,Expert,Soft,True
OCC_0278,SKL_0389,Public Speaking & Presentation,0.9,Advanced,Soft,True
OCC_0278,SKL_0395,Active Listening,0.89,Advanced,Soft,False
OCC_0278,SKL_0393,Mentorship & Coaching,0.85,Advanced,Soft,False
OCC_0279,SKL_0321,Curriculum & Lesson Planning,0.94,Expert,Technical,True
OCC_0279,SKL_0322,Classroom Management & Engagement,0.9,Expert,Soft,True
OCC_0279,SKL_0324,Formative & Summative Assessment Design,0.89,Advanced,Technical,True
OCC_0279,SKL_0323,Instructional Design & Microlearning,0.84,Advanced,Technical,False
OCC_0279,SKL_0382,Communication,0.94,Expert,Soft,True
OCC_0279,SKL_0389,Public Speaking & Presentation,0.91,Advanced,Soft,True
OCC_0279,SKL_0395,Active Listening,0.89,Advanced,Soft,False
OCC_0279,SKL_0393,Mentorship & Coaching,0.84,Advanced,Soft,False
OCC_0280,SKL_0321,Curriculum & Lesson Planning,0.94,Expert,Technical,True
OCC_0280,SKL_0322,Classroom Management & Engagement,0.93,Expert,Soft,True
OCC_0280,SKL_0324,Formative & Summative Assessment Design,0.87,Advanced,Technical,True
OCC_0280,SKL_0323,Instructional Design & Microlearning,0.87,Advanced,Technical,False
OCC_0280,SKL_0382,Communication,0.97,Expert,Soft,True
OCC_0280,SKL_0389,Public Speaking & Presentation,0.91,Advanced,Soft,True
OCC_0280,SKL_0395,Active Listening,0.87,Advanced,Soft,False
OCC_0280,SKL_0393,Mentorship & Coaching,0.85,Advanced,Soft,False
OCC_0281,SKL_0321,Curriculum & Lesson Planning,0.94,Expert,Technical,True
OCC_0281,SKL_0322,Classroom Management & Engagement,0.94,Expert,Soft,True
OCC_0281,SKL_0324,Formative & Summative Assessment Design,0.86,Advanced,Technical,True
OCC_0281,SKL_0323,Instructional Design & Microlearning,0.84,Advanced,Technical,False
OCC_0281,SKL_0382,Communication,0.95,Expert,Soft,True
OCC_0281,SKL_0389,Public Speaking & Presentation,0.91,Advanced,Soft,True
OCC_0281,SKL_0395,Active Listening,0.86,Advanced,Soft,False
OCC_0281,SKL_0393,Mentorship & Coaching,0.87,Advanced,Soft,False
OCC_0282,SKL_0321,Curriculum & Lesson Planning,0.95,Expert,Technical,True
OCC_0282,SKL_0322,Classroom Management & Engagement,0.94,Expert,Soft,True
OCC_0282,SKL_0324,Formative & Summative Assessment Design,0.89,Advanced,Technical,True
OCC_0282,SKL_0323,Instructional Design & Microlearning,0.85,Advanced,Technical,False
OCC_0282,SKL_0382,Communication,0.96,Expert,Soft,True
OCC_0282,SKL_0389,Public Speaking & Presentation,0.9,Advanced,Soft,True
OCC_0282,SKL_0395,Active Listening,0.89,Advanced,Soft,False
OCC_0282,SKL_0393,Mentorship & Coaching,0.87,Advanced,Soft,False
OCC_0283,SKL_0383,Problem Solving,0.9,Advanced,Soft,True
OCC_0283,SKL_0382,Communication,0.89,Advanced,Soft,True
OCC_0283,SKL_0381,Analytical Thinking,0.86,Advanced,Soft,True
OCC_0283,SKL_0387,Time Management & Prioritization,0.83,Intermediate,Soft,False
OCC_0283,SKL_0390,Attention to Detail,0.85,Intermediate,Soft,False
OCC_0283,SKL_0397,Team Collaboration,0.84,Advanced,Soft,True
OCC_0283,SKL_0391,Adaptability,0.78,Intermediate,Soft,False
OCC_0283,SKL_0394,Critical Thinking,0.8,Advanced,Soft,False
OCC_0284,SKL_0321,Curriculum & Lesson Planning,0.92,Expert,Technical,True
OCC_0284,SKL_0322,Classroom Management & Engagement,0.93,Expert,Soft,True
OCC_0284,SKL_0324,Formative & Summative Assessment Design,0.9,Advanced,Technical,True
OCC_0284,SKL_0323,Instructional Design & Microlearning,0.86,Advanced,Technical,False
OCC_0284,SKL_0382,Communication,0.93,Expert,Soft,True
OCC_0284,SKL_0389,Public Speaking & Presentation,0.89,Advanced,Soft,True
OCC_0284,SKL_0395,Active Listening,0.89,Advanced,Soft,False
OCC_0284,SKL_0393,Mentorship & Coaching,0.88,Advanced,Soft,False
OCC_0285,SKL_0321,Curriculum & Lesson Planning,0.94,Expert,Technical,True
OCC_0285,SKL_0322,Classroom Management & Engagement,0.9,Expert,Soft,True
OCC_0285,SKL_0324,Formative & Summative Assessment Design,0.86,Advanced,Technical,True
OCC_0285,SKL_0323,Instructional Design & Microlearning,0.85,Advanced,Technical,False
OCC_0285,SKL_0382,Communication,0.96,Expert,Soft,True
OCC_0285,SKL_0389,Public Speaking & Presentation,0.92,Advanced,Soft,True
OCC_0285,SKL_0395,Active Listening,0.87,Advanced,Soft,False
OCC_0285,SKL_0393,Mentorship & Coaching,0.85,Advanced,Soft,False
OCC_0286,SKL_0321,Curriculum & Lesson Planning,0.95,Expert,Technical,True
OCC_0286,SKL_0322,Classroom Management & Engagement,0.93,Expert,Soft,True
OCC_0286,SKL_0324,Formative & Summative Assessment Design,0.88,Advanced,Technical,True
OCC_0286,SKL_0323,Instructional Design & Microlearning,0.85,Advanced,Technical,False
OCC_0286,SKL_0382,Communication,0.94,Expert,Soft,True
OCC_0286,SKL_0389,Public Speaking & Presentation,0.9,Advanced,Soft,True
OCC_0286,SKL_0395,Active Listening,0.88,Advanced,Soft,False
OCC_0286,SKL_0393,Mentorship & Coaching,0.86,Advanced,Soft,False
OCC_0287,SKL_0234,Project Management & Scheduling,0.91,Advanced,Technical,True
OCC_0287,SKL_0233,Agile & Scrum Methodologies,0.9,Advanced,Domain Knowledge,True
OCC_0287,SKL_0231,Business Analysis & Requirements Gathering,0.87,Advanced,Technical,True
OCC_0287,SKL_0385,Stakeholder Management,0.94,Expert,Soft,True
OCC_0287,SKL_0384,Cross-Functional Leadership,0.92,Expert,Soft,True
OCC_0287,SKL_0398,Strategic Decision Making,0.9,Advanced,Soft,True
OCC_0287,SKL_0382,Communication,0.93,Expert,Soft,True
OCC_0287,SKL_0386,Negotiation & Persuasion,0.87,Advanced,Soft,False
OCC_0287,SKL_0387,Time Management & Prioritization,0.89,Advanced,Soft,True
OCC_0287,SKL_0383,Problem Solving,0.89,Advanced,Soft,False
OCC_0288,SKL_0321,Curriculum & Lesson Planning,0.94,Expert,Technical,True
OCC_0288,SKL_0322,Classroom Management & Engagement,0.91,Expert,Soft,True
OCC_0288,SKL_0324,Formative & Summative Assessment Design,0.9,Advanced,Technical,True
OCC_0288,SKL_0323,Instructional Design & Microlearning,0.83,Advanced,Technical,False
OCC_0288,SKL_0382,Communication,0.97,Expert,Soft,True
OCC_0288,SKL_0389,Public Speaking & Presentation,0.91,Advanced,Soft,True
OCC_0288,SKL_0395,Active Listening,0.88,Advanced,Soft,False
OCC_0288,SKL_0393,Mentorship & Coaching,0.87,Advanced,Soft,False
OCC_0289,SKL_0321,Curriculum & Lesson Planning,0.94,Expert,Technical,True
OCC_0289,SKL_0322,Classroom Management & Engagement,0.93,Expert,Soft,True
OCC_0289,SKL_0324,Formative & Summative Assessment Design,0.88,Advanced,Technical,True
OCC_0289,SKL_0323,Instructional Design & Microlearning,0.87,Advanced,Technical,False
OCC_0289,SKL_0382,Communication,0.94,Expert,Soft,True
OCC_0289,SKL_0389,Public Speaking & Presentation,0.91,Advanced,Soft,True
OCC_0289,SKL_0395,Active Listening,0.87,Advanced,Soft,False
OCC_0289,SKL_0393,Mentorship & Coaching,0.87,Advanced,Soft,False
OCC_0290,SKL_0321,Curriculum & Lesson Planning,0.95,Expert,Technical,True
OCC_0290,SKL_0322,Classroom Management & Engagement,0.93,Expert,Soft,True
OCC_0290,SKL_0324,Formative & Summative Assessment Design,0.86,Advanced,Technical,True
OCC_0290,SKL_0323,Instructional Design & Microlearning,0.86,Advanced,Technical,False
OCC_0290,SKL_0382,Communication,0.94,Expert,Soft,True
OCC_0290,SKL_0389,Public Speaking & Presentation,0.9,Advanced,Soft,True
OCC_0290,SKL_0395,Active Listening,0.88,Advanced,Soft,False
OCC_0290,SKL_0393,Mentorship & Coaching,0.88,Advanced,Soft,False
OCC_0291,SKL_0260,Content Strategy & Copywriting,0.95,Expert,Technical,True
OCC_0291,SKL_0289,Video Editing & Narrative Pacing,0.89,Advanced,Technical,True
OCC_0291,SKL_0365,Adobe Creative Cloud,0.88,Advanced,Tools & Technologies,True
OCC_0291,SKL_0382,Communication,0.96,Expert,Soft,True
OCC_0291,SKL_0291,Storyboarding & Visual Scripting,0.81,Intermediate,Technical,False
OCC_0291,SKL_0394,Critical Thinking,0.89,Advanced,Soft,True
OCC_0291,SKL_0390,Attention to Detail,0.87,Advanced,Soft,False
OCC_0291,SKL_0383,Problem Solving,0.9,Advanced,Soft,False
OCC_0291,SKL_0381,Analytical Thinking,0.86,Advanced,Soft,False
OCC_0292,SKL_0260,Content Strategy & Copywriting,0.95,Expert,Technical,True
OCC_0292,SKL_0289,Video Editing & Narrative Pacing,0.88,Advanced,Technical,True
OCC_0292,SKL_0365,Adobe Creative Cloud,0.86,Advanced,Tools & Technologies,True
OCC_0292,SKL_0382,Communication,0.95,Expert,Soft,True
OCC_0292,SKL_0291,Storyboarding & Visual Scripting,0.83,Intermediate,Technical,False
OCC_0292,SKL_0394,Critical Thinking,0.87,Advanced,Soft,True
OCC_0292,SKL_0390,Attention to Detail,0.86,Advanced,Soft,False
OCC_0292,SKL_0383,Problem Solving,0.9,Advanced,Soft,False
OCC_0292,SKL_0381,Analytical Thinking,0.86,Advanced,Soft,False
OCC_0293,SKL_0260,Content Strategy & Copywriting,0.94,Expert,Technical,True
OCC_0293,SKL_0289,Video Editing & Narrative Pacing,0.87,Advanced,Technical,True
OCC_0293,SKL_0365,Adobe Creative Cloud,0.87,Advanced,Tools & Technologies,True
OCC_0293,SKL_0382,Communication,0.96,Expert,Soft,True
OCC_0293,SKL_0291,Storyboarding & Visual Scripting,0.83,Intermediate,Technical,False
OCC_0293,SKL_0394,Critical Thinking,0.89,Advanced,Soft,True
OCC_0293,SKL_0390,Attention to Detail,0.86,Advanced,Soft,False
OCC_0293,SKL_0383,Problem Solving,0.9,Advanced,Soft,False
OCC_0293,SKL_0381,Analytical Thinking,0.86,Advanced,Soft,False
OCC_0294,SKL_0260,Content Strategy & Copywriting,0.94,Expert,Technical,True
OCC_0294,SKL_0289,Video Editing & Narrative Pacing,0.87,Advanced,Technical,True
OCC_0294,SKL_0365,Adobe Creative Cloud,0.85,Advanced,Tools & Technologies,True
OCC_0294,SKL_0382,Communication,0.97,Expert,Soft,True
OCC_0294,SKL_0291,Storyboarding & Visual Scripting,0.81,Intermediate,Technical,False
OCC_0294,SKL_0394,Critical Thinking,0.87,Advanced,Soft,True
OCC_0294,SKL_0390,Attention to Detail,0.84,Advanced,Soft,False
OCC_0294,SKL_0383,Problem Solving,0.9,Advanced,Soft,False
OCC_0294,SKL_0381,Analytical Thinking,0.86,Advanced,Soft,False
OCC_0295,SKL_0260,Content Strategy & Copywriting,0.95,Expert,Technical,True
OCC_0295,SKL_0289,Video Editing & Narrative Pacing,0.89,Advanced,Technical,True
OCC_0295,SKL_0365,Adobe Creative Cloud,0.84,Advanced,Tools & Technologies,True
OCC_0295,SKL_0382,Communication,0.97,Expert,Soft,True
OCC_0295,SKL_0291,Storyboarding & Visual Scripting,0.82,Intermediate,Technical,False
OCC_0295,SKL_0394,Critical Thinking,0.89,Advanced,Soft,True
OCC_0295,SKL_0390,Attention to Detail,0.87,Advanced,Soft,False
OCC_0295,SKL_0383,Problem Solving,0.9,Advanced,Soft,False
OCC_0295,SKL_0381,Analytical Thinking,0.86,Advanced,Soft,False
OCC_0296,SKL_0260,Content Strategy & Copywriting,0.93,Expert,Technical,True
OCC_0296,SKL_0289,Video Editing & Narrative Pacing,0.9,Advanced,Technical,True
OCC_0296,SKL_0365,Adobe Creative Cloud,0.86,Advanced,Tools & Technologies,True
OCC_0296,SKL_0382,Communication,0.97,Expert,Soft,True
OCC_0296,SKL_0291,Storyboarding & Visual Scripting,0.84,Intermediate,Technical,False
OCC_0296,SKL_0394,Critical Thinking,0.86,Advanced,Soft,True
OCC_0296,SKL_0390,Attention to Detail,0.87,Advanced,Soft,False
OCC_0296,SKL_0383,Problem Solving,0.9,Advanced,Soft,False
OCC_0296,SKL_0381,Analytical Thinking,0.86,Advanced,Soft,False
OCC_0297,SKL_0260,Content Strategy & Copywriting,0.93,Expert,Technical,True
OCC_0297,SKL_0289,Video Editing & Narrative Pacing,0.86,Advanced,Technical,True
OCC_0297,SKL_0365,Adobe Creative Cloud,0.88,Advanced,Tools & Technologies,True
OCC_0297,SKL_0382,Communication,0.97,Expert,Soft,True
OCC_0297,SKL_0291,Storyboarding & Visual Scripting,0.82,Intermediate,Technical,False
OCC_0297,SKL_0394,Critical Thinking,0.9,Advanced,Soft,True
OCC_0297,SKL_0390,Attention to Detail,0.86,Advanced,Soft,False
OCC_0297,SKL_0383,Problem Solving,0.9,Advanced,Soft,False
OCC_0297,SKL_0381,Analytical Thinking,0.86,Advanced,Soft,False
OCC_0298,SKL_0260,Content Strategy & Copywriting,0.94,Expert,Technical,True
OCC_0298,SKL_0289,Video Editing & Narrative Pacing,0.86,Advanced,Technical,True
OCC_0298,SKL_0365,Adobe Creative Cloud,0.85,Advanced,Tools & Technologies,True
OCC_0298,SKL_0382,Communication,0.96,Expert,Soft,True
OCC_0298,SKL_0291,Storyboarding & Visual Scripting,0.83,Intermediate,Technical,False
OCC_0298,SKL_0394,Critical Thinking,0.9,Advanced,Soft,True
OCC_0298,SKL_0390,Attention to Detail,0.86,Advanced,Soft,False
OCC_0298,SKL_0383,Problem Solving,0.9,Advanced,Soft,False
OCC_0298,SKL_0381,Analytical Thinking,0.86,Advanced,Soft,False
OCC_0299,SKL_0260,Content Strategy & Copywriting,0.94,Expert,Technical,True
OCC_0299,SKL_0289,Video Editing & Narrative Pacing,0.89,Advanced,Technical,True
OCC_0299,SKL_0365,Adobe Creative Cloud,0.87,Advanced,Tools & Technologies,True
OCC_0299,SKL_0382,Communication,0.97,Expert,Soft,True
OCC_0299,SKL_0291,Storyboarding & Visual Scripting,0.83,Intermediate,Technical,False
OCC_0299,SKL_0394,Critical Thinking,0.89,Advanced,Soft,True
OCC_0299,SKL_0390,Attention to Detail,0.86,Advanced,Soft,False
OCC_0299,SKL_0383,Problem Solving,0.9,Advanced,Soft,False
OCC_0299,SKL_0381,Analytical Thinking,0.86,Advanced,Soft,False
OCC_0300,SKL_0260,Content Strategy & Copywriting,0.93,Expert,Technical,True
OCC_0300,SKL_0289,Video Editing & Narrative Pacing,0.89,Advanced,Technical,True
OCC_0300,SKL_0365,Adobe Creative Cloud,0.85,Advanced,Tools & Technologies,True
OCC_0300,SKL_0382,Communication,0.94,Expert,Soft,True
OCC_0300,SKL_0291,Storyboarding & Visual Scripting,0.8,Intermediate,Technical,False
OCC_0300,SKL_0394,Critical Thinking,0.88,Advanced,Soft,True
OCC_0300,SKL_0390,Attention to Detail,0.86,Advanced,Soft,False
OCC_0300,SKL_0383,Problem Solving,0.9,Advanced,Soft,False
OCC_0300,SKL_0381,Analytical Thinking,0.86,Advanced,Soft,False
OCC_0301,SKL_0260,Content Strategy & Copywriting,0.94,Expert,Technical,True
OCC_0301,SKL_0289,Video Editing & Narrative Pacing,0.86,Advanced,Technical,True
OCC_0301,SKL_0365,Adobe Creative Cloud,0.86,Advanced,Tools & Technologies,True
OCC_0301,SKL_0382,Communication,0.96,Expert,Soft,True
OCC_0301,SKL_0291,Storyboarding & Visual Scripting,0.81,Intermediate,Technical,False
OCC_0301,SKL_0394,Critical Thinking,0.89,Advanced,Soft,True
OCC_0301,SKL_0390,Attention to Detail,0.86,Advanced,Soft,False
OCC_0301,SKL_0383,Problem Solving,0.9,Advanced,Soft,False
OCC_0301,SKL_0381,Analytical Thinking,0.86,Advanced,Soft,False
OCC_0302,SKL_0260,Content Strategy & Copywriting,0.93,Expert,Technical,True
OCC_0302,SKL_0289,Video Editing & Narrative Pacing,0.88,Advanced,Technical,True
OCC_0302,SKL_0365,Adobe Creative Cloud,0.87,Advanced,Tools & Technologies,True
OCC_0302,SKL_0382,Communication,0.96,Expert,Soft,True
OCC_0302,SKL_0291,Storyboarding & Visual Scripting,0.82,Intermediate,Technical,False
OCC_0302,SKL_0394,Critical Thinking,0.86,Advanced,Soft,True
OCC_0302,SKL_0390,Attention to Detail,0.83,Advanced,Soft,False
OCC_0302,SKL_0383,Problem Solving,0.9,Advanced,Soft,False
OCC_0302,SKL_0381,Analytical Thinking,0.86,Advanced,Soft,False
OCC_0303,SKL_0260,Content Strategy & Copywriting,0.96,Expert,Technical,True
OCC_0303,SKL_0289,Video Editing & Narrative Pacing,0.89,Advanced,Technical,True
OCC_0303,SKL_0365,Adobe Creative Cloud,0.85,Advanced,Tools & Technologies,True
OCC_0303,SKL_0382,Communication,0.97,Expert,Soft,True
OCC_0303,SKL_0291,Storyboarding & Visual Scripting,0.8,Intermediate,Technical,False
OCC_0303,SKL_0394,Critical Thinking,0.88,Advanced,Soft,True
OCC_0303,SKL_0390,Attention to Detail,0.85,Advanced,Soft,False
OCC_0303,SKL_0383,Problem Solving,0.9,Advanced,Soft,False
OCC_0303,SKL_0381,Analytical Thinking,0.86,Advanced,Soft,False
OCC_0304,SKL_0260,Content Strategy & Copywriting,0.95,Expert,Technical,True
OCC_0304,SKL_0289,Video Editing & Narrative Pacing,0.88,Advanced,Technical,True
OCC_0304,SKL_0365,Adobe Creative Cloud,0.86,Advanced,Tools & Technologies,True
OCC_0304,SKL_0382,Communication,0.96,Expert,Soft,True
OCC_0304,SKL_0291,Storyboarding & Visual Scripting,0.83,Intermediate,Technical,False
OCC_0304,SKL_0394,Critical Thinking,0.89,Advanced,Soft,True
OCC_0304,SKL_0390,Attention to Detail,0.83,Advanced,Soft,False
OCC_0304,SKL_0383,Problem Solving,0.9,Advanced,Soft,False
OCC_0304,SKL_0381,Analytical Thinking,0.86,Advanced,Soft,False
OCC_0305,SKL_0188,Recombinant DNA & Gene Cloning,0.95,Expert,Technical,True
OCC_0305,SKL_0189,Polymerase Chain Reaction (PCR),0.94,Expert,Technical,True
OCC_0305,SKL_0190,Next-Generation Sequencing (NGS) Analysis,0.9,Advanced,Technical,True
OCC_0305,SKL_0191,Fermentation & Bioprocess Scaling,0.85,Advanced,Technical,True
OCC_0305,SKL_0381,Analytical Thinking,0.92,Expert,Soft,True
OCC_0305,SKL_0390,Attention to Detail,0.89,Advanced,Soft,True
OCC_0305,SKL_0180,Good Manufacturing Practice (cGMP),0.85,Advanced,Domain Knowledge,False
OCC_0305,SKL_0383,Problem Solving,0.9,Advanced,Soft,False
OCC_0305,SKL_0382,Communication,0.88,Advanced,Soft,False
OCC_0306,SKL_0188,Recombinant DNA & Gene Cloning,0.95,Expert,Technical,True
OCC_0306,SKL_0189,Polymerase Chain Reaction (PCR),0.9,Expert,Technical,True
OCC_0306,SKL_0190,Next-Generation Sequencing (NGS) Analysis,0.87,Advanced,Technical,True
OCC_0306,SKL_0191,Fermentation & Bioprocess Scaling,0.85,Advanced,Technical,True
OCC_0306,SKL_0381,Analytical Thinking,0.91,Expert,Soft,True
OCC_0306,SKL_0390,Attention to Detail,0.9,Advanced,Soft,True
OCC_0306,SKL_0180,Good Manufacturing Practice (cGMP),0.86,Advanced,Domain Knowledge,False
OCC_0306,SKL_0383,Problem Solving,0.9,Advanced,Soft,False
OCC_0306,SKL_0382,Communication,0.88,Advanced,Soft,False
OCC_0307,SKL_0188,Recombinant DNA & Gene Cloning,0.92,Expert,Technical,True
OCC_0307,SKL_0189,Polymerase Chain Reaction (PCR),0.94,Expert,Technical,True
OCC_0307,SKL_0190,Next-Generation Sequencing (NGS) Analysis,0.88,Advanced,Technical,True
OCC_0307,SKL_0191,Fermentation & Bioprocess Scaling,0.85,Advanced,Technical,True
OCC_0307,SKL_0381,Analytical Thinking,0.92,Expert,Soft,True
OCC_0307,SKL_0390,Attention to Detail,0.9,Advanced,Soft,True
OCC_0307,SKL_0180,Good Manufacturing Practice (cGMP),0.87,Advanced,Domain Knowledge,False
OCC_0307,SKL_0383,Problem Solving,0.9,Advanced,Soft,False
OCC_0307,SKL_0382,Communication,0.88,Advanced,Soft,False
OCC_0308,SKL_0188,Recombinant DNA & Gene Cloning,0.92,Expert,Technical,True
OCC_0308,SKL_0189,Polymerase Chain Reaction (PCR),0.91,Expert,Technical,True
OCC_0308,SKL_0190,Next-Generation Sequencing (NGS) Analysis,0.9,Advanced,Technical,True
OCC_0308,SKL_0191,Fermentation & Bioprocess Scaling,0.86,Advanced,Technical,True
OCC_0308,SKL_0381,Analytical Thinking,0.93,Expert,Soft,True
OCC_0308,SKL_0390,Attention to Detail,0.91,Advanced,Soft,True
OCC_0308,SKL_0180,Good Manufacturing Practice (cGMP),0.85,Advanced,Domain Knowledge,False
OCC_0308,SKL_0383,Problem Solving,0.9,Advanced,Soft,False
OCC_0308,SKL_0382,Communication,0.88,Advanced,Soft,False
OCC_0309,SKL_0188,Recombinant DNA & Gene Cloning,0.94,Expert,Technical,True
OCC_0309,SKL_0189,Polymerase Chain Reaction (PCR),0.93,Expert,Technical,True
OCC_0309,SKL_0190,Next-Generation Sequencing (NGS) Analysis,0.88,Advanced,Technical,True
OCC_0309,SKL_0191,Fermentation & Bioprocess Scaling,0.88,Advanced,Technical,True
OCC_0309,SKL_0381,Analytical Thinking,0.91,Expert,Soft,True
OCC_0309,SKL_0390,Attention to Detail,0.9,Advanced,Soft,True
OCC_0309,SKL_0180,Good Manufacturing Practice (cGMP),0.84,Advanced,Domain Knowledge,False
OCC_0309,SKL_0383,Problem Solving,0.9,Advanced,Soft,False
OCC_0309,SKL_0382,Communication,0.88,Advanced,Soft,False
OCC_0310,SKL_0192,Agronomic Soil Nutrient Management,0.92,Expert,Technical,True
OCC_0310,SKL_0193,HACCP & Food Safety Regulations,0.89,Advanced,Domain Knowledge,True
OCC_0310,SKL_0381,Analytical Thinking,0.87,Advanced,Soft,True
OCC_0310,SKL_0383,Problem Solving,0.85,Advanced,Soft,True
OCC_0310,SKL_0382,Communication,0.79,Intermediate,Soft,False
OCC_0310,SKL_0390,Attention to Detail,0.85,Intermediate,Soft,False
OCC_0310,SKL_0387,Time Management & Prioritization,0.82,Intermediate,Soft,False
OCC_0310,SKL_0397,Team Collaboration,0.85,Advanced,Soft,False
OCC_0310,SKL_0391,Adaptability,0.8,Intermediate,Soft,False
OCC_0311,SKL_0192,Agronomic Soil Nutrient Management,0.96,Expert,Technical,True
OCC_0311,SKL_0193,HACCP & Food Safety Regulations,0.88,Advanced,Domain Knowledge,True
OCC_0311,SKL_0381,Analytical Thinking,0.87,Advanced,Soft,True
OCC_0311,SKL_0383,Problem Solving,0.85,Advanced,Soft,True
OCC_0311,SKL_0382,Communication,0.79,Intermediate,Soft,False
OCC_0311,SKL_0390,Attention to Detail,0.84,Intermediate,Soft,False
OCC_0311,SKL_0387,Time Management & Prioritization,0.82,Intermediate,Soft,False
OCC_0311,SKL_0397,Team Collaboration,0.85,Advanced,Soft,False
OCC_0311,SKL_0391,Adaptability,0.8,Intermediate,Soft,False
OCC_0312,SKL_0192,Agronomic Soil Nutrient Management,0.92,Expert,Technical,True
OCC_0312,SKL_0193,HACCP & Food Safety Regulations,0.87,Advanced,Domain Knowledge,True
OCC_0312,SKL_0381,Analytical Thinking,0.88,Advanced,Soft,True
OCC_0312,SKL_0383,Problem Solving,0.88,Advanced,Soft,True
OCC_0312,SKL_0382,Communication,0.8,Intermediate,Soft,False
OCC_0312,SKL_0390,Attention to Detail,0.82,Intermediate,Soft,False
OCC_0312,SKL_0387,Time Management & Prioritization,0.82,Intermediate,Soft,False
OCC_0312,SKL_0397,Team Collaboration,0.85,Advanced,Soft,False
OCC_0312,SKL_0391,Adaptability,0.8,Intermediate,Soft,False
OCC_0313,SKL_0192,Agronomic Soil Nutrient Management,0.93,Expert,Technical,True
OCC_0313,SKL_0193,HACCP & Food Safety Regulations,0.88,Advanced,Domain Knowledge,True
OCC_0313,SKL_0381,Analytical Thinking,0.89,Advanced,Soft,True
OCC_0313,SKL_0383,Problem Solving,0.86,Advanced,Soft,True
OCC_0313,SKL_0382,Communication,0.78,Intermediate,Soft,False
OCC_0313,SKL_0390,Attention to Detail,0.85,Intermediate,Soft,False
OCC_0313,SKL_0387,Time Management & Prioritization,0.82,Intermediate,Soft,False
OCC_0313,SKL_0397,Team Collaboration,0.85,Advanced,Soft,False
OCC_0313,SKL_0391,Adaptability,0.8,Intermediate,Soft,False
OCC_0314,SKL_0192,Agronomic Soil Nutrient Management,0.96,Expert,Technical,True
OCC_0314,SKL_0193,HACCP & Food Safety Regulations,0.89,Advanced,Domain Knowledge,True
OCC_0314,SKL_0381,Analytical Thinking,0.87,Advanced,Soft,True
OCC_0314,SKL_0383,Problem Solving,0.85,Advanced,Soft,True
OCC_0314,SKL_0382,Communication,0.81,Intermediate,Soft,False
OCC_0314,SKL_0390,Attention to Detail,0.85,Intermediate,Soft,False
OCC_0314,SKL_0387,Time Management & Prioritization,0.82,Intermediate,Soft,False
OCC_0314,SKL_0397,Team Collaboration,0.85,Advanced,Soft,False
OCC_0314,SKL_0391,Adaptability,0.8,Intermediate,Soft,False
OCC_0315,SKL_0192,Agronomic Soil Nutrient Management,0.94,Expert,Technical,True
OCC_0315,SKL_0193,HACCP & Food Safety Regulations,0.88,Advanced,Domain Knowledge,True
OCC_0315,SKL_0381,Analytical Thinking,0.87,Advanced,Soft,True
OCC_0315,SKL_0383,Problem Solving,0.88,Advanced,Soft,True
OCC_0315,SKL_0382,Communication,0.8,Intermediate,Soft,False
OCC_0315,SKL_0390,Attention to Detail,0.82,Intermediate,Soft,False
OCC_0315,SKL_0387,Time Management & Prioritization,0.82,Intermediate,Soft,False
OCC_0315,SKL_0397,Team Collaboration,0.85,Advanced,Soft,False
OCC_0315,SKL_0391,Adaptability,0.8,Intermediate,Soft,False
OCC_0316,SKL_0192,Agronomic Soil Nutrient Management,0.94,Expert,Technical,True
OCC_0316,SKL_0193,HACCP & Food Safety Regulations,0.86,Advanced,Domain Knowledge,True
OCC_0316,SKL_0381,Analytical Thinking,0.86,Advanced,Soft,True
OCC_0316,SKL_0383,Problem Solving,0.84,Advanced,Soft,True
OCC_0316,SKL_0382,Communication,0.8,Intermediate,Soft,False
OCC_0316,SKL_0390,Attention to Detail,0.82,Intermediate,Soft,False
OCC_0316,SKL_0387,Time Management & Prioritization,0.82,Intermediate,Soft,False
OCC_0316,SKL_0397,Team Collaboration,0.85,Advanced,Soft,False
OCC_0316,SKL_0391,Adaptability,0.8,Intermediate,Soft,False
OCC_0317,SKL_0188,Recombinant DNA & Gene Cloning,0.95,Expert,Technical,True
OCC_0317,SKL_0189,Polymerase Chain Reaction (PCR),0.91,Expert,Technical,True
OCC_0317,SKL_0190,Next-Generation Sequencing (NGS) Analysis,0.87,Advanced,Technical,True
OCC_0317,SKL_0191,Fermentation & Bioprocess Scaling,0.85,Advanced,Technical,True
OCC_0317,SKL_0381,Analytical Thinking,0.93,Expert,Soft,True
OCC_0317,SKL_0390,Attention to Detail,0.89,Advanced,Soft,True
OCC_0317,SKL_0180,Good Manufacturing Practice (cGMP),0.83,Advanced,Domain Knowledge,False
OCC_0317,SKL_0383,Problem Solving,0.9,Advanced,Soft,False
OCC_0317,SKL_0382,Communication,0.88,Advanced,Soft,False
OCC_0318,SKL_0192,Agronomic Soil Nutrient Management,0.94,Expert,Technical,True
OCC_0318,SKL_0193,HACCP & Food Safety Regulations,0.9,Advanced,Domain Knowledge,True
OCC_0318,SKL_0381,Analytical Thinking,0.88,Advanced,Soft,True
OCC_0318,SKL_0383,Problem Solving,0.84,Advanced,Soft,True
OCC_0318,SKL_0382,Communication,0.82,Intermediate,Soft,False
OCC_0318,SKL_0390,Attention to Detail,0.83,Intermediate,Soft,False
OCC_0318,SKL_0387,Time Management & Prioritization,0.82,Intermediate,Soft,False
OCC_0318,SKL_0397,Team Collaboration,0.85,Advanced,Soft,False
OCC_0318,SKL_0391,Adaptability,0.8,Intermediate,Soft,False
OCC_0319,SKL_0188,Recombinant DNA & Gene Cloning,0.95,Expert,Technical,True
OCC_0319,SKL_0189,Polymerase Chain Reaction (PCR),0.91,Expert,Technical,True
OCC_0319,SKL_0190,Next-Generation Sequencing (NGS) Analysis,0.89,Advanced,Technical,True
OCC_0319,SKL_0191,Fermentation & Bioprocess Scaling,0.86,Advanced,Technical,True
OCC_0319,SKL_0381,Analytical Thinking,0.92,Expert,Soft,True
OCC_0319,SKL_0390,Attention to Detail,0.91,Advanced,Soft,True
OCC_0319,SKL_0180,Good Manufacturing Practice (cGMP),0.86,Advanced,Domain Knowledge,False
OCC_0319,SKL_0383,Problem Solving,0.9,Advanced,Soft,False
OCC_0319,SKL_0382,Communication,0.88,Advanced,Soft,False
OCC_0320,SKL_0333,Public Policy Policy Brief Writing,0.92,Expert,Technical,True
OCC_0320,SKL_0394,Critical Thinking,0.94,Expert,Soft,True
OCC_0320,SKL_0392,Ethical Judgment,0.98,Expert,Soft,True
OCC_0320,SKL_0385,Stakeholder Management,0.89,Advanced,Soft,True
OCC_0320,SKL_0382,Communication,0.94,Expert,Soft,True
OCC_0320,SKL_0398,Strategic Decision Making,0.88,Advanced,Soft,False
OCC_0320,SKL_0383,Problem Solving,0.9,Advanced,Soft,False
OCC_0320,SKL_0381,Analytical Thinking,0.86,Advanced,Soft,False
OCC_0320,SKL_0387,Time Management & Prioritization,0.82,Intermediate,Soft,False
OCC_0321,SKL_0333,Public Policy Policy Brief Writing,0.91,Expert,Technical,True
OCC_0321,SKL_0394,Critical Thinking,0.95,Expert,Soft,True
OCC_0321,SKL_0392,Ethical Judgment,0.98,Expert,Soft,True
OCC_0321,SKL_0385,Stakeholder Management,0.9,Advanced,Soft,True
OCC_0321,SKL_0382,Communication,0.92,Expert,Soft,True
OCC_0321,SKL_0398,Strategic Decision Making,0.89,Advanced,Soft,False
OCC_0321,SKL_0383,Problem Solving,0.9,Advanced,Soft,False
OCC_0321,SKL_0381,Analytical Thinking,0.86,Advanced,Soft,False
OCC_0321,SKL_0387,Time Management & Prioritization,0.82,Intermediate,Soft,False
OCC_0322,SKL_0333,Public Policy Policy Brief Writing,0.92,Expert,Technical,True
OCC_0322,SKL_0394,Critical Thinking,0.93,Expert,Soft,True
OCC_0322,SKL_0392,Ethical Judgment,0.94,Expert,Soft,True
OCC_0322,SKL_0385,Stakeholder Management,0.9,Advanced,Soft,True
OCC_0322,SKL_0382,Communication,0.91,Expert,Soft,True
OCC_0322,SKL_0398,Strategic Decision Making,0.87,Advanced,Soft,False
OCC_0322,SKL_0383,Problem Solving,0.9,Advanced,Soft,False
OCC_0322,SKL_0381,Analytical Thinking,0.86,Advanced,Soft,False
OCC_0322,SKL_0387,Time Management & Prioritization,0.82,Intermediate,Soft,False
OCC_0323,SKL_0333,Public Policy Policy Brief Writing,0.92,Expert,Technical,True
OCC_0323,SKL_0394,Critical Thinking,0.95,Expert,Soft,True
OCC_0323,SKL_0392,Ethical Judgment,0.94,Expert,Soft,True
OCC_0323,SKL_0385,Stakeholder Management,0.91,Advanced,Soft,True
OCC_0323,SKL_0382,Communication,0.94,Expert,Soft,True
OCC_0323,SKL_0398,Strategic Decision Making,0.89,Advanced,Soft,False
OCC_0323,SKL_0383,Problem Solving,0.9,Advanced,Soft,False
OCC_0323,SKL_0381,Analytical Thinking,0.86,Advanced,Soft,False
OCC_0323,SKL_0387,Time Management & Prioritization,0.82,Intermediate,Soft,False
OCC_0324,SKL_0333,Public Policy Policy Brief Writing,0.91,Expert,Technical,True
OCC_0324,SKL_0394,Critical Thinking,0.94,Expert,Soft,True
OCC_0324,SKL_0392,Ethical Judgment,0.97,Expert,Soft,True
OCC_0324,SKL_0385,Stakeholder Management,0.89,Advanced,Soft,True
OCC_0324,SKL_0382,Communication,0.94,Expert,Soft,True
OCC_0324,SKL_0398,Strategic Decision Making,0.89,Advanced,Soft,False
OCC_0324,SKL_0383,Problem Solving,0.9,Advanced,Soft,False
OCC_0324,SKL_0381,Analytical Thinking,0.86,Advanced,Soft,False
OCC_0324,SKL_0387,Time Management & Prioritization,0.82,Intermediate,Soft,False
OCC_0325,SKL_0333,Public Policy Policy Brief Writing,0.92,Expert,Technical,True
OCC_0325,SKL_0394,Critical Thinking,0.93,Expert,Soft,True
OCC_0325,SKL_0392,Ethical Judgment,0.96,Expert,Soft,True
OCC_0325,SKL_0385,Stakeholder Management,0.92,Advanced,Soft,True
OCC_0325,SKL_0382,Communication,0.94,Expert,Soft,True
OCC_0325,SKL_0398,Strategic Decision Making,0.89,Advanced,Soft,False
OCC_0325,SKL_0383,Problem Solving,0.9,Advanced,Soft,False
OCC_0325,SKL_0381,Analytical Thinking,0.86,Advanced,Soft,False
OCC_0325,SKL_0387,Time Management & Prioritization,0.82,Intermediate,Soft,False
OCC_0326,SKL_0333,Public Policy Policy Brief Writing,0.91,Expert,Technical,True
OCC_0326,SKL_0394,Critical Thinking,0.95,Expert,Soft,True
OCC_0326,SKL_0392,Ethical Judgment,0.98,Expert,Soft,True
OCC_0326,SKL_0385,Stakeholder Management,0.9,Advanced,Soft,True
OCC_0326,SKL_0382,Communication,0.91,Expert,Soft,True
OCC_0326,SKL_0398,Strategic Decision Making,0.86,Advanced,Soft,False
OCC_0326,SKL_0383,Problem Solving,0.9,Advanced,Soft,False
OCC_0326,SKL_0381,Analytical Thinking,0.86,Advanced,Soft,False
OCC_0326,SKL_0387,Time Management & Prioritization,0.82,Intermediate,Soft,False
OCC_0327,SKL_0333,Public Policy Policy Brief Writing,0.9,Expert,Technical,True
OCC_0327,SKL_0394,Critical Thinking,0.95,Expert,Soft,True
OCC_0327,SKL_0392,Ethical Judgment,0.98,Expert,Soft,True
OCC_0327,SKL_0385,Stakeholder Management,0.89,Advanced,Soft,True
OCC_0327,SKL_0382,Communication,0.9,Expert,Soft,True
OCC_0327,SKL_0398,Strategic Decision Making,0.89,Advanced,Soft,False
OCC_0327,SKL_0383,Problem Solving,0.9,Advanced,Soft,False
OCC_0327,SKL_0381,Analytical Thinking,0.86,Advanced,Soft,False
OCC_0327,SKL_0387,Time Management & Prioritization,0.82,Intermediate,Soft,False
OCC_0328,SKL_0333,Public Policy Policy Brief Writing,0.92,Expert,Technical,True
OCC_0328,SKL_0394,Critical Thinking,0.94,Expert,Soft,True
OCC_0328,SKL_0392,Ethical Judgment,0.97,Expert,Soft,True
OCC_0328,SKL_0385,Stakeholder Management,0.92,Advanced,Soft,True
OCC_0328,SKL_0382,Communication,0.92,Expert,Soft,True
OCC_0328,SKL_0398,Strategic Decision Making,0.88,Advanced,Soft,False
OCC_0328,SKL_0383,Problem Solving,0.9,Advanced,Soft,False
OCC_0328,SKL_0381,Analytical Thinking,0.86,Advanced,Soft,False
OCC_0328,SKL_0387,Time Management & Prioritization,0.82,Intermediate,Soft,False
OCC_0329,SKL_0234,Project Management & Scheduling,0.93,Advanced,Technical,True
OCC_0329,SKL_0233,Agile & Scrum Methodologies,0.88,Advanced,Domain Knowledge,True
OCC_0329,SKL_0231,Business Analysis & Requirements Gathering,0.86,Advanced,Technical,True
OCC_0329,SKL_0385,Stakeholder Management,0.96,Expert,Soft,True
OCC_0329,SKL_0384,Cross-Functional Leadership,0.94,Expert,Soft,True
OCC_0329,SKL_0398,Strategic Decision Making,0.91,Advanced,Soft,True
OCC_0329,SKL_0382,Communication,0.94,Expert,Soft,True
OCC_0329,SKL_0386,Negotiation & Persuasion,0.86,Advanced,Soft,False
OCC_0329,SKL_0387,Time Management & Prioritization,0.9,Advanced,Soft,True
OCC_0329,SKL_0383,Problem Solving,0.89,Advanced,Soft,False
OCC_0330,SKL_0333,Public Policy Policy Brief Writing,0.93,Expert,Technical,True
OCC_0330,SKL_0394,Critical Thinking,0.95,Expert,Soft,True
OCC_0330,SKL_0392,Ethical Judgment,0.97,Expert,Soft,True
OCC_0330,SKL_0385,Stakeholder Management,0.89,Advanced,Soft,True
OCC_0330,SKL_0382,Communication,0.93,Expert,Soft,True
OCC_0330,SKL_0398,Strategic Decision Making,0.9,Advanced,Soft,False
OCC_0330,SKL_0383,Problem Solving,0.9,Advanced,Soft,False
OCC_0330,SKL_0381,Analytical Thinking,0.86,Advanced,Soft,False
OCC_0330,SKL_0387,Time Management & Prioritization,0.82,Intermediate,Soft,False
OCC_0331,SKL_0333,Public Policy Policy Brief Writing,0.93,Expert,Technical,True
OCC_0331,SKL_0394,Critical Thinking,0.96,Expert,Soft,True
OCC_0331,SKL_0392,Ethical Judgment,0.96,Expert,Soft,True
OCC_0331,SKL_0385,Stakeholder Management,0.9,Advanced,Soft,True
OCC_0331,SKL_0382,Communication,0.92,Expert,Soft,True
OCC_0331,SKL_0398,Strategic Decision Making,0.9,Advanced,Soft,False
OCC_0331,SKL_0383,Problem Solving,0.9,Advanced,Soft,False
OCC_0331,SKL_0381,Analytical Thinking,0.86,Advanced,Soft,False
OCC_0331,SKL_0387,Time Management & Prioritization,0.82,Intermediate,Soft,False
OCC_0332,SKL_0240,Customer Relationship Management (CRM),0.89,Advanced,Domain Knowledge,True
OCC_0332,SKL_0382,Communication,0.97,Expert,Soft,True
OCC_0332,SKL_0388,Emotional Intelligence,0.92,Expert,Soft,True
OCC_0332,SKL_0387,Time Management & Prioritization,0.89,Advanced,Soft,True
OCC_0332,SKL_0383,Problem Solving,0.83,Advanced,Soft,False
OCC_0332,SKL_0381,Analytical Thinking,0.86,Advanced,Soft,False
OCC_0332,SKL_0390,Attention to Detail,0.84,Intermediate,Soft,False
OCC_0332,SKL_0397,Team Collaboration,0.85,Advanced,Soft,False
OCC_0332,SKL_0391,Adaptability,0.8,Intermediate,Soft,False
OCC_0333,SKL_0240,Customer Relationship Management (CRM),0.89,Advanced,Domain Knowledge,True
OCC_0333,SKL_0382,Communication,0.95,Expert,Soft,True
OCC_0333,SKL_0388,Emotional Intelligence,0.94,Expert,Soft,True
OCC_0333,SKL_0387,Time Management & Prioritization,0.9,Advanced,Soft,True
OCC_0333,SKL_0383,Problem Solving,0.85,Advanced,Soft,False
OCC_0333,SKL_0381,Analytical Thinking,0.86,Advanced,Soft,False
OCC_0333,SKL_0390,Attention to Detail,0.84,Intermediate,Soft,False
OCC_0333,SKL_0397,Team Collaboration,0.85,Advanced,Soft,False
OCC_0333,SKL_0391,Adaptability,0.8,Intermediate,Soft,False
OCC_0334,SKL_0240,Customer Relationship Management (CRM),0.87,Advanced,Domain Knowledge,True
OCC_0334,SKL_0382,Communication,0.93,Expert,Soft,True
OCC_0334,SKL_0388,Emotional Intelligence,0.94,Expert,Soft,True
OCC_0334,SKL_0387,Time Management & Prioritization,0.89,Advanced,Soft,True
OCC_0334,SKL_0383,Problem Solving,0.85,Advanced,Soft,False
OCC_0334,SKL_0381,Analytical Thinking,0.86,Advanced,Soft,False
OCC_0334,SKL_0390,Attention to Detail,0.84,Intermediate,Soft,False
OCC_0334,SKL_0397,Team Collaboration,0.85,Advanced,Soft,False
OCC_0334,SKL_0391,Adaptability,0.8,Intermediate,Soft,False
OCC_0335,SKL_0157,Lean Manufacturing & Six Sigma,0.93,Expert,Domain Knowledge,True
OCC_0335,SKL_0158,CNC G-Code Programming,0.88,Advanced,Technical,True
OCC_0335,SKL_0135,Geometric Dimensioning and Tolerancing (GD&T),0.87,Advanced,Technical,True
OCC_0335,SKL_0390,Attention to Detail,0.91,Expert,Soft,True
OCC_0335,SKL_0383,Problem Solving,0.85,Advanced,Soft,True
OCC_0335,SKL_0382,Communication,0.88,Advanced,Soft,False
OCC_0335,SKL_0381,Analytical Thinking,0.86,Advanced,Soft,False
OCC_0335,SKL_0387,Time Management & Prioritization,0.82,Intermediate,Soft,False
OCC_0335,SKL_0397,Team Collaboration,0.85,Advanced,Soft,False
OCC_0336,SKL_0157,Lean Manufacturing & Six Sigma,0.93,Expert,Domain Knowledge,True
OCC_0336,SKL_0158,CNC G-Code Programming,0.9,Advanced,Technical,True
OCC_0336,SKL_0135,Geometric Dimensioning and Tolerancing (GD&T),0.87,Advanced,Technical,True
OCC_0336,SKL_0390,Attention to Detail,0.91,Expert,Soft,True
OCC_0336,SKL_0383,Problem Solving,0.88,Advanced,Soft,True
OCC_0336,SKL_0382,Communication,0.88,Advanced,Soft,False
OCC_0336,SKL_0381,Analytical Thinking,0.86,Advanced,Soft,False
OCC_0336,SKL_0387,Time Management & Prioritization,0.82,Intermediate,Soft,False
OCC_0336,SKL_0397,Team Collaboration,0.85,Advanced,Soft,False
OCC_0337,SKL_0383,Problem Solving,0.91,Advanced,Soft,True
OCC_0337,SKL_0382,Communication,0.89,Advanced,Soft,True
OCC_0337,SKL_0381,Analytical Thinking,0.84,Advanced,Soft,True
OCC_0337,SKL_0387,Time Management & Prioritization,0.82,Intermediate,Soft,False
OCC_0337,SKL_0390,Attention to Detail,0.84,Intermediate,Soft,False
OCC_0337,SKL_0397,Team Collaboration,0.85,Advanced,Soft,True
OCC_0337,SKL_0391,Adaptability,0.79,Intermediate,Soft,False
OCC_0337,SKL_0394,Critical Thinking,0.82,Advanced,Soft,False
OCC_0338,SKL_0134,Computer-Aided Design (CAD),0.91,Advanced,Technical,True
OCC_0338,SKL_0131,Finite Element Analysis (FEA),0.87,Advanced,Technical,True
OCC_0338,SKL_0133,Thermodynamic Analysis,0.83,Advanced,Technical,True
OCC_0338,SKL_0366,AutoCAD,0.92,Advanced,Tools & Technologies,True
OCC_0338,SKL_0367,SolidWorks,0.87,Advanced,Tools & Technologies,True
OCC_0338,SKL_0135,Geometric Dimensioning and Tolerancing (GD&T),0.85,Advanced,Technical,True
OCC_0338,SKL_0381,Analytical Thinking,0.88,Expert,Soft,True
OCC_0338,SKL_0390,Attention to Detail,0.86,Advanced,Soft,False
OCC_0338,SKL_0383,Problem Solving,0.86,Advanced,Soft,True
OCC_0338,SKL_0382,Communication,0.72,Intermediate,Soft,False
OCC_0339,SKL_0235,Supply Chain Network Optimization,0.91,Expert,Technical,True
OCC_0339,SKL_0243,Warehouse Layout & WMS Optimization,0.88,Advanced,Technical,True
OCC_0339,SKL_0244,Fleet Routing & Telematics,0.88,Advanced,Technical,True
OCC_0339,SKL_0387,Time Management & Prioritization,0.87,Advanced,Soft,True
OCC_0339,SKL_0383,Problem Solving,0.87,Advanced,Soft,False
OCC_0339,SKL_0382,Communication,0.88,Advanced,Soft,False
OCC_0339,SKL_0381,Analytical Thinking,0.86,Advanced,Soft,False
OCC_0339,SKL_0390,Attention to Detail,0.84,Intermediate,Soft,False
OCC_0339,SKL_0397,Team Collaboration,0.85,Advanced,Soft,False
OCC_0340,SKL_0248,Operations Capacity Planning,0.91,Expert,Technical,True
OCC_0340,SKL_0241,Key Performance Indicators (KPIs) & OKRs,0.9,Advanced,Domain Knowledge,True
OCC_0340,SKL_0385,Stakeholder Management,0.87,Advanced,Soft,True
OCC_0340,SKL_0383,Problem Solving,0.9,Advanced,Soft,True
OCC_0340,SKL_0387,Time Management & Prioritization,0.87,Advanced,Soft,False
OCC_0340,SKL_0382,Communication,0.88,Advanced,Soft,False
OCC_0340,SKL_0381,Analytical Thinking,0.86,Advanced,Soft,False
OCC_0340,SKL_0390,Attention to Detail,0.84,Intermediate,Soft,False
OCC_0340,SKL_0397,Team Collaboration,0.85,Advanced,Soft,False
OCC_0341,SKL_0248,Operations Capacity Planning,0.93,Expert,Technical,True
OCC_0341,SKL_0241,Key Performance Indicators (KPIs) & OKRs,0.88,Advanced,Domain Knowledge,True
OCC_0341,SKL_0385,Stakeholder Management,0.88,Advanced,Soft,True
OCC_0341,SKL_0383,Problem Solving,0.91,Advanced,Soft,True
OCC_0341,SKL_0387,Time Management & Prioritization,0.87,Advanced,Soft,False
OCC_0341,SKL_0382,Communication,0.88,Advanced,Soft,False
OCC_0341,SKL_0381,Analytical Thinking,0.86,Advanced,Soft,False
OCC_0341,SKL_0390,Attention to Detail,0.84,Intermediate,Soft,False
OCC_0341,SKL_0397,Team Collaboration,0.85,Advanced,Soft,False
