student_id,recommendation_count,top_occupation_id,top_occupation_name,top_score,recommendation_status,evidence_count,rank
STU-PSYCH-0001,5,GGOCC-00196,Product Manager,0.7925,RANKABLE,2,1
STU-PSYCH-0002,5,GGOCC-00196,Product Manager,0.7925,RANKABLE,2,1
STU-PSYCH-0003,5,GGOCC-00196,Product Manager,0.7925,RANKABLE,2,1
STU-PSYCH-0004,5,GGOCC-00346,Research Scientist,0.8287,RANKABLE,2,1
STU-PSYCH-0005,5,GGOCC-00516,Teacher,0.7931,RANKABLE,2,1
STU-PSYCH-0006,5,GGOCC-00196,Product Manager,0.7925,RANKABLE,2,1
STU-PSYCH-0007,5,GGOCC-00196,Product Manager,0.7925,RANKABLE,2,1
STU-PSYCH-0008,5,GGOCC-01325,Software Developer,0.8512,RANKABLE,2,1
STU-PSYCH-0009,5,GGOCC-00196,Product Manager,0.7925,RANKABLE,2,1
STU-PSYCH-0010,5,GGOCC-00196,Product Manager,0.7925,RANKABLE,2,1
STU-PSYCH-0011,5,GGOCC-02545,Marketing Manager,0.8562,RANKABLE,2,1
STU-PSYCH-0012,5,GGOCC-00196,Product Manager,0.7925,RANKABLE,2,1
STU-PSYCH-0013,5,GGOCC-00196,Product Manager,0.7925,RANKABLE,2,1
STU-PSYCH-0014,5,GGOCC-03098,Human Resources Manager,0.8627,RANKABLE,2,1
STU-PSYCH-0015,5,GGOCC-00196,Product Manager,0.7925,RANKABLE,2,1
STU-PSYCH-0016,5,GGOCC-00196,Product Manager,0.7925,RANKABLE,2,1
STU-PSYCH-0017,5,GGOCC-00196,Product Manager,0.7925,RANKABLE,2,1
STU-PSYCH-0018,5,GGOCC-00196,Product Manager,0.7925,RANKABLE,2,1
STU-PSYCH-0019,5,GGOCC-00196,Product Manager,0.7925,RANKABLE,2,1
STU-PSYCH-0020,5,GGOCC-00196,Product Manager,0.7925,RANKABLE,2,1
STU-PSYCH-0021,5,GGOCC-03152,Real Estate Agent,0.9963,RANKABLE,2,1
STU-PSYCH-0022,5,GGOCC-00196,Product Manager,0.7925,RANKABLE,2,1
STU-PSYCH-0023,5,GGOCC-00196,Product Manager,0.7925,RANKABLE,2,1
STU-PSYCH-0024,5,GGOCC-00196,Product Manager,0.7925,RANKABLE,2,1
STU-PSYCH-0025,5,GGOCC-00196,Product Manager,0.7925,RANKABLE,2,1
STU-PSYCH-0026,5,GGOCC-00196,Product Manager,0.7925,RANKABLE,2,1
STU-PSYCH-0027,5,GGOCC-00196,Product Manager,0.7925,RANKABLE,2,1
STU-PSYCH-0028,5,GGOCC-00196,Product Manager,0.7925,RANKABLE,2,1
STU-PSYCH-0029,5,GGOCC-00196,Product Manager,0.7925,RANKABLE,2,1
STU-PSYCH-0030,5,GGOCC-00196,Product Manager,0.7925,RANKABLE,2,1
STU-PSYCH-0031,5,GGOCC-00196,Product Manager,0.7925,RANKABLE,2,1
STU-PSYCH-0032,5,GGOCC-00196,Product Manager,0.7925,RANKABLE,2,1
STU-PSYCH-0033,5,GGOCC-00196,Product Manager,0.7925,RANKABLE,2,1
STU-PSYCH-0034,5,GGOCC-00196,Product Manager,0.7925,RANKABLE,2,1
STU-PSYCH-0035,5,GGOCC-00196,Product Manager,0.7925,RANKABLE,2,1
STU-PSYCH-0036,5,GGOCC-00196,Product Manager,0.7925,RANKABLE,2,1
STU-PSYCH-0037,5,GGOCC-00196,Product Manager,0.7925,RANKABLE,2,1
STU-PSYCH-0038,5,GGOCC-00196,Product Manager,0.7925,RANKABLE,2,1
STU-PSYCH-0039,5,GGOCC-00196,Product Manager,0.7925,RANKABLE,2,1
STU-PSYCH-0040,5,GGOCC-00196,Product Manager,0.7925,RANKABLE,2,1
STU-PSYCH-0041,5,GGOCC-00196,Product Manager,0.7925,RANKABLE,2,1
STU-PSYCH-0042,5,GGOCC-00196,Product Manager,0.7925,RANKABLE,2,1
STU-PSYCH-0043,5,GGOCC-00196,Product Manager,0.7925,RANKABLE,2,1
STU-PSYCH-0044,5,GGOCC-00196,Product Manager,0.7925,RANKABLE,2,1
STU-PSYCH-0045,5,GGOCC-00196,Product Manager,0.7925,RANKABLE,2,1
STU-PSYCH-0046,5,GGOCC-00196,Product Manager,0.7925,RANKABLE,2,1
STU-PSYCH-0047,5,GGOCC-00196,Product Manager,0.7925,RANKABLE,2,1
STU-PSYCH-0048,5,GGOCC-00196,Product Manager,0.7925,RANKABLE,2,1
STU-PSYCH-0049,5,GGOCC-02036,Web Developer,0.8192,RANKABLE,2,1
STU-PSYCH-0050,5,GGOCC-00196,Product Manager,0.7925,RANKABLE,2,1
STU-PSYCH-0051,5,GGOCC-00196,Product Manager,0.7925,RANKABLE,2,1
STU-PSYCH-0052,5,GGOCC-00196,Product Manager,0.7925,RANKABLE,2,1
STU-PSYCH-0053,5,GGOCC-00196,Product Manager,0.7925,RANKABLE,2,1
STU-PSYCH-0054,5,GGOCC-00196,Product Manager,0.7925,RANKABLE,2,1
STU-PSYCH-0055,5,GGOCC-00196,Product Manager,0.7925,RANKABLE,2,1
STU-PSYCH-0056,5,GGOCC-00196,Product Manager,0.7925,RANKABLE,2,1
STU-PSYCH-0057,5,GGOCC-00196,Product Manager,0.7925,RANKABLE,2,1
STU-PSYCH-0058,5,GGOCC-00196,Product Manager,0.7925,RANKABLE,2,1
STU-PSYCH-0059,5,GGOCC-00196,Product Manager,0.7925,RANKABLE,2,1
STU-PSYCH-0060,5,GGOCC-04728,Dental Hygienist,0.8385,RANKABLE,2,1
STU-PSYCH-0061,5,GGOCC-00196,Product Manager,0.7925,RANKABLE,2,1
STU-PSYCH-0062,5,GGOCC-00196,Product Manager,0.7925,RANKABLE,2,1
STU-PSYCH-0063,5,GGOCC-00196,Product Manager,0.7925,RANKABLE,2,1
STU-PSYCH-0064,5,GGOCC-00196,Product Manager,0.7925,RANKABLE,2,1
STU-PSYCH-0065,5,GGOCC-00196,Product Manager,0.7925,RANKABLE,2,1
STU-PSYCH-0066,5,GGOCC-00643,It Project Manager,0.8454,RANKABLE,2,1
STU-PSYCH-0067,5,GGOCC-00196,Product Manager,0.7925,RANKABLE,2,1
STU-PSYCH-0068,5,GGOCC-00196,Product Manager,0.7925,RANKABLE,2,1
STU-PSYCH-0069,5,GGOCC-00196,Product Manager,0.7925,RANKABLE,2,1
STU-PSYCH-0070,5,GGOCC-00196,Product Manager,0.7925,RANKABLE,2,1
STU-PSYCH-0071,5,GGOCC-00196,Product Manager,0.7925,RANKABLE,2,1
STU-PSYCH-0072,5,GGOCC-00196,Product Manager,0.7925,RANKABLE,2,1
STU-PSYCH-0073,5,GGOCC-00196,Product Manager,0.7925,RANKABLE,2,1
STU-PSYCH-0074,5,GGOCC-00196,Product Manager,0.7925,RANKABLE,2,1
STU-PSYCH-0075,5,GGOCC-00196,Product Manager,0.7925,RANKABLE,2,1
STU-PSYCH-0076,5,GGOCC-00196,Product Manager,0.7925,RANKABLE,2,1
STU-PSYCH-0077,5,GGOCC-00196,Product Manager,0.7925,RANKABLE,2,1
STU-PSYCH-0078,5,GGOCC-00196,Product Manager,0.7925,RANKABLE,2,1
STU-PSYCH-0079,5,GGOCC-00196,Product Manager,0.7925,RANKABLE,2,1
STU-PSYCH-0080,5,GGOCC-00196,Product Manager,0.7925,RANKABLE,2,1
STU-PSYCH-0081,5,GGOCC-00196,Product Manager,0.7925,RANKABLE,2,1
STU-PSYCH-0082,5,GGOCC-00196,Product Manager,0.7925,RANKABLE,2,1
STU-PSYCH-0083,5,GGOCC-00196,Product Manager,0.7925,RANKABLE,2,1
STU-PSYCH-0084,5,GGOCC-00196,Product Manager,0.7925,RANKABLE,2,1
STU-PSYCH-0085,5,GGOCC-00196,Product Manager,0.9245,RANKABLE,3,1
STU-PSYCH-0086,5,GGOCC-00196,Product Manager,0.7925,RANKABLE,2,1
STU-PSYCH-0087,5,GGOCC-00196,Product Manager,0.7925,RANKABLE,2,1
STU-PSYCH-0088,5,GGOCC-00196,Product Manager,0.7925,RANKABLE,2,1
STU-PSYCH-0089,5,GGOCC-00196,Product Manager,0.7925,RANKABLE,2,1
STU-PSYCH-0090,5,GGOCC-00196,Product Manager,0.7925,RANKABLE,2,1
STU-PSYCH-0091,5,GGOCC-00196,Product Manager,0.7925,RANKABLE,2,1
STU-PSYCH-0092,5,GGOCC-00488,Radiologic Technologist,0.8123,RANKABLE,2,1
STU-PSYCH-0093,5,GGOCC-00196,Product Manager,0.7925,RANKABLE,2,1
STU-PSYCH-0094,5,GGOCC-00196,Product Manager,0.7925,RANKABLE,2,1
STU-PSYCH-0095,5,GGOCC-00196,Product Manager,0.7925,RANKABLE,2,1
STU-PSYCH-0096,5,GGOCC-00196,Product Manager,0.7925,RANKABLE,2,1
STU-PSYCH-0097,5,GGOCC-00196,Product Manager,0.7925,RANKABLE,2,1
STU-PSYCH-0098,5,GGOCC-03981,Police Officer,0.8123,RANKABLE,2,1
STU-PSYCH-0099,5,GGOCC-00196,Product Manager,0.7925,RANKABLE,2,1
STU-PSYCH-0100,5,GGOCC-00196,Product Manager,0.7925,RANKABLE,2,1
STU-PSYCH-0101,5,GGOCC-00196,Product Manager,0.7925,RANKABLE,2,1
STU-PSYCH-0102,5,GGOCC-00196,Product Manager,0.7925,RANKABLE,2,1
STU-PSYCH-0103,5,GGOCC-00196,Product Manager,0.7925,RANKABLE,2,1
STU-PSYCH-0104,5,GGOCC-00196,Product Manager,0.7925,RANKABLE,2,1
STU-PSYCH-0105,5,GGOCC-00196,Product Manager,0.7925,RANKABLE,2,1
STU-PIP-0001,5,GGOCC-00196,Product Manager,0.7925,RANKABLE,2,1
STU-PIP-0002,5,GGOCC-00196,Product Manager,0.7925,RANKABLE,2,1
STU-PIP-0003,5,GGOCC-00196,Product Manager,0.7925,RANKABLE,2,1
STU-PIP-0004,5,GGOCC-00196,Product Manager,0.7925,RANKABLE,2,1
STU-PIP-0005,5,GGOCC-00196,Product Manager,0.7925,RANKABLE,2,1
STU-PIP-0006,5,GGOCC-00196,Product Manager,0.7925,RANKABLE,2,1
STU-PIP-0007,5,GGOCC-00196,Product Manager,0.7925,RANKABLE,2,1
STU-PIP-0008,5,GGOCC-00196,Product Manager,0.7925,RANKABLE,2,1
STU-PIP-0009,5,GGOCC-00196,Product Manager,0.7925,RANKABLE,2,1
STU-PIP-0010,5,GGOCC-00196,Product Manager,0.7925,RANKABLE,2,1
STU-PIP-0011,5,GGOCC-00196,Product Manager,0.7925,RANKABLE,2,1
STU-PIP-0012,5,GGOCC-00196,Product Manager,0.7925,RANKABLE,2,1
STU-PIP-0013,5,GGOCC-00196,Product Manager,0.7925,RANKABLE,2,1
STU-PIP-0014,5,GGOCC-00196,Product Manager,0.7925,RANKABLE,2,1
STU-PIP-0015,5,GGOCC-00196,Product Manager,0.7925,RANKABLE,2,1
STU-PIP-0016,5,GGOCC-00196,Product Manager,0.7925,RANKABLE,2,1
STU-PIP-0017,5,GGOCC-00196,Product Manager,0.7925,RANKABLE,2,1
STU-PIP-0018,5,GGOCC-00196,Product Manager,0.7925,RANKABLE,2,1
STU-PIP-0019,5,GGOCC-00196,Product Manager,0.7925,RANKABLE,2,1
STU-PIP-0020,5,GGOCC-00196,Product Manager,0.7925,RANKABLE,2,1
STU-PIP-0021,5,GGOCC-00196,Product Manager,0.7925,RANKABLE,2,1
STU-PIP-0022,5,GGOCC-00196,Product Manager,0.7925,RANKABLE,2,1
STU-PIP-0023,5,GGOCC-00196,Product Manager,0.7925,RANKABLE,2,1
STU-PIP-0024,5,GGOCC-00196,Product Manager,0.7925,RANKABLE,2,1
STU-PIP-0025,5,GGOCC-00196,Product Manager,0.7925,RANKABLE,2,1
STU-PIP-0026,5,GGOCC-00196,Product Manager,0.7925,RANKABLE,2,1
STU-PIP-0027,5,GGOCC-00196,Product Manager,0.7925,RANKABLE,2,1
STU-PIP-0028,5,GGOCC-00196,Product Manager,0.7925,RANKABLE,2,1
STU-PIP-0029,5,GGOCC-00196,Product Manager,0.7925,RANKABLE,2,1
STU-PIP-0030,5,GGOCC-00196,Product Manager,0.7925,RANKABLE,2,1
STU-PIP-0031,5,GGOCC-00196,Product Manager,0.7925,RANKABLE,2,1
STU-PIP-0032,5,GGOCC-00196,Product Manager,0.7925,RANKABLE,2,1
STU-PIP-0033,5,GGOCC-00196,Product Manager,0.7925,RANKABLE,2,1
STU-PIP-0034,5,GGOCC-00196,Product Manager,0.7925,RANKABLE,2,1
STU-PIP-0035,5,GGOCC-00196,Product Manager,0.7925,RANKABLE,2,1
STU-PIP-0036,5,GGOCC-00196,Product Manager,0.7925,RANKABLE,2,1
STU-PIP-0037,5,GGOCC-00196,Product Manager,0.7925,RANKABLE,2,1
STU-PIP-0038,5,GGOCC-00196,Product Manager,0.7925,RANKABLE,2,1
STU-PIP-0039,5,GGOCC-00196,Product Manager,0.7925,RANKABLE,2,1
STU-PIP-0040,5,GGOCC-00196,Product Manager,0.7925,RANKABLE,2,1
STU-PIP-0041,5,GGOCC-00196,Product Manager,0.7925,RANKABLE,2,1
STU-PIP-0042,5,GGOCC-00196,Product Manager,0.7925,RANKABLE,2,1
STU-PIP-0043,5,GGOCC-00196,Product Manager,0.7925,RANKABLE,2,1
STU-PIP-0044,5,GGOCC-00196,Product Manager,0.7925,RANKABLE,2,1
STU-PIP-0045,5,GGOCC-00196,Product Manager,0.7925,RANKABLE,2,1
STU-PIP-0046,5,GGOCC-00196,Product Manager,0.7925,RANKABLE,2,1
STU-PIP-0047,5,GGOCC-00196,Product Manager,0.7925,RANKABLE,2,1
STU-PIP-0048,5,GGOCC-00196,Product Manager,0.7925,RANKABLE,2,1
STU-PIP-0049,5,GGOCC-00196,Product Manager,0.7925,RANKABLE,2,1
STU-PIP-0050,5,GGOCC-00196,Product Manager,0.7925,RANKABLE,2,1
STU-PIP-0051,5,GGOCC-00196,Product Manager,0.7925,RANKABLE,2,1
STU-PIP-0052,5,GGOCC-00196,Product Manager,0.7925,RANKABLE,2,1
STU-PIP-0053,5,GGOCC-00196,Product Manager,0.7925,RANKABLE,2,1
STU-PIP-0054,5,GGOCC-00196,Product Manager,0.7925,RANKABLE,2,1
STU-PIP-0055,5,GGOCC-00196,Product Manager,0.7925,RANKABLE,2,1
STU-PIP-0056,5,GGOCC-00196,Product Manager,0.7925,RANKABLE,2,1
STU-PIP-0057,5,GGOCC-00196,Product Manager,0.7925,RANKABLE,2,1
STU-PIP-0058,5,GGOCC-00196,Product Manager,0.7925,RANKABLE,2,1
STU-PIP-0059,5,GGOCC-00196,Product Manager,0.7925,RANKABLE,2,1
STU-PIP-0060,5,GGOCC-00196,Product Manager,0.7925,RANKABLE,2,1
STU-PIP-0061,5,GGOCC-00196,Product Manager,0.7925,RANKABLE,2,1
STU-PIP-0062,5,GGOCC-00196,Product Manager,0.7925,RANKABLE,2,1
STU-PIP-0063,5,GGOCC-00196,Product Manager,0.7925,RANKABLE,2,1
STU-PIP-0064,5,GGOCC-00196,Product Manager,0.7925,RANKABLE,2,1
STU-PIP-0065,5,GGOCC-00196,Product Manager,0.7925,RANKABLE,2,1
STU-PIP-0066,5,GGOCC-00196,Product Manager,0.7925,RANKABLE,2,1
STU-PIP-0067,5,GGOCC-00196,Product Manager,0.7925,RANKABLE,2,1
STU-PIP-0068,5,GGOCC-00196,Product Manager,0.7925,RANKABLE,2,1
STU-PIP-0069,5,GGOCC-00196,Product Manager,0.7925,RANKABLE,2,1
STU-PIP-0070,5,GGOCC-00196,Product Manager,0.7925,RANKABLE,2,1
STU-PIP-0071,5,GGOCC-00196,Product Manager,0.7925,RANKABLE,2,1
STU-PIP-0072,5,GGOCC-00196,Product Manager,0.7925,RANKABLE,2,1
STU-PIP-0073,5,GGOCC-00196,Product Manager,0.7925,RANKABLE,2,1
STU-PIP-0074,5,GGOCC-00196,Product Manager,0.7925,RANKABLE,2,1
STU-PIP-0075,5,GGOCC-00196,Product Manager,0.7925,RANKABLE,2,1
STU-PIP-0076,5,GGOCC-00196,Product Manager,0.7925,RANKABLE,2,1
STU-PIP-0077,5,GGOCC-00196,Product Manager,0.7925,RANKABLE,2,1
STU-PIP-0078,5,GGOCC-00196,Product Manager,0.7925,RANKABLE,2,1
STU-PIP-0079,5,GGOCC-00196,Product Manager,0.7925,RANKABLE,2,1
STU-PIP-0080,5,GGOCC-00196,Product Manager,0.7925,RANKABLE,2,1
STU-PIP-0081,5,GGOCC-00196,Product Manager,0.7925,RANKABLE,2,1
STU-PIP-0082,5,GGOCC-00196,Product Manager,0.7925,RANKABLE,2,1
STU-PIP-0083,5,GGOCC-00196,Product Manager,0.7925,RANKABLE,2,1
STU-PIP-0084,5,GGOCC-00196,Product Manager,0.7925,RANKABLE,2,1
STU-PIP-0085,5,GGOCC-00196,Product Manager,0.7925,RANKABLE,2,1
STU-PIP-0086,5,GGOCC-00196,Product Manager,0.7925,RANKABLE,2,1
STU-PIP-0087,5,GGOCC-00196,Product Manager,0.7925,RANKABLE,2,1
STU-PIP-0088,5,GGOCC-00196,Product Manager,0.7925,RANKABLE,2,1
STU-PIP-0089,5,GGOCC-00196,Product Manager,0.7925,RANKABLE,2,1
STU-PIP-0090,5,GGOCC-00196,Product Manager,0.7925,RANKABLE,2,1
STU-PIP-0091,5,GGOCC-00196,Product Manager,0.7925,RANKABLE,2,1
STU-PIP-0092,5,GGOCC-00196,Product Manager,0.7925,RANKABLE,2,1
STU-PIP-0093,5,GGOCC-00196,Product Manager,0.7925,RANKABLE,2,1
STU-PIP-0094,5,GGOCC-00196,Product Manager,0.7925,RANKABLE,2,1
STU-PIP-0095,5,GGOCC-00196,Product Manager,0.7925,RANKABLE,2,1
STU-PIP-0096,5,GGOCC-00196,Product Manager,0.7925,RANKABLE,2,1
STU-PIP-0097,5,GGOCC-00196,Product Manager,0.7925,RANKABLE,2,1
STU-PIP-0098,5,GGOCC-00196,Product Manager,0.7925,RANKABLE,2,1
STU-PIP-0099,5,GGOCC-00196,Product Manager,0.7925,RANKABLE,2,1
STU-PIP-0100,5,GGOCC-00196,Product Manager,0.7925,RANKABLE,2,1
STU-PIP-0101,5,GGOCC-00196,Product Manager,0.7925,RANKABLE,2,1
STU-PIP-0102,5,GGOCC-00196,Product Manager,0.7925,RANKABLE,2,1
STU-PIP-0103,5,GGOCC-00196,Product Manager,0.7925,RANKABLE,2,1
STU-PIP-0104,5,GGOCC-00196,Product Manager,0.7925,RANKABLE,2,1
STU-PIP-0105,5,GGOCC-00196,Product Manager,0.7925,RANKABLE,2,1
STU-PIP-0106,5,GGOCC-00196,Product Manager,0.7925,RANKABLE,2,1
STU-PIP-0107,5,GGOCC-00196,Product Manager,0.7925,RANKABLE,2,1
STU-PIP-0108,5,GGOCC-00196,Product Manager,0.7925,RANKABLE,2,1
STU-PIP-0109,5,GGOCC-00196,Product Manager,0.7925,RANKABLE,2,1
STU-PIP-0110,5,GGOCC-00196,Product Manager,0.7925,RANKABLE,2,1
STU-PIP-0111,5,GGOCC-00196,Product Manager,0.7925,RANKABLE,2,1
STU-PIP-0112,5,GGOCC-00196,Product Manager,0.7925,RANKABLE,2,1
STU-PIP-0113,5,GGOCC-00196,Product Manager,0.7925,RANKABLE,2,1
STU-PIP-0114,5,GGOCC-00196,Product Manager,0.7925,RANKABLE,2,1
STU-PIP-0115,5,GGOCC-00196,Product Manager,0.7925,RANKABLE,2,1
STU-PIP-0116,5,GGOCC-00196,Product Manager,0.7925,RANKABLE,2,1
STU-PIP-0117,5,GGOCC-00196,Product Manager,0.7925,RANKABLE,2,1
STU-PIP-0118,5,GGOCC-00196,Product Manager,0.7925,RANKABLE,2,1
STU-PIP-0119,5,GGOCC-00196,Product Manager,0.7925,RANKABLE,2,1
STU-PIP-0120,5,GGOCC-00196,Product Manager,0.7925,RANKABLE,2,1
STU-PIP-0121,5,GGOCC-00196,Product Manager,0.7925,RANKABLE,2,1
STU-PIP-0122,5,GGOCC-00196,Product Manager,0.7925,RANKABLE,2,1
STU-PIP-0123,5,GGOCC-00196,Product Manager,0.7925,RANKABLE,2,1
STU-PIP-0124,5,GGOCC-00196,Product Manager,0.7925,RANKABLE,2,1
STU-PIP-0125,5,GGOCC-00196,Product Manager,0.7925,RANKABLE,2,1
STU-PIP-0126,5,GGOCC-00196,Product Manager,0.7925,RANKABLE,2,1
STU-PIP-0127,5,GGOCC-00196,Product Manager,0.7925,RANKABLE,2,1
STU-PIP-0128,5,GGOCC-00196,Product Manager,0.7925,RANKABLE,2,1
STU-PIP-0129,5,GGOCC-00196,Product Manager,0.7925,RANKABLE,2,1
STU-PIP-0130,5,GGOCC-00196,Product Manager,0.7925,RANKABLE,2,1
STU-PIP-0131,5,GGOCC-00196,Product Manager,0.7925,RANKABLE,2,1
STU-PIP-0132,5,GGOCC-00196,Product Manager,0.7925,RANKABLE,2,1
STU-PIP-0133,5,GGOCC-00196,Product Manager,0.7925,RANKABLE,2,1
STU-PIP-0134,5,GGOCC-00196,Product Manager,0.7925,RANKABLE,2,1
STU-PIP-0135,5,GGOCC-00196,Product Manager,0.7925,RANKABLE,2,1
STU-PIP-0136,5,GGOCC-00196,Product Manager,0.7925,RANKABLE,2,1
STU-PIP-0137,5,GGOCC-00196,Product Manager,0.7925,RANKABLE,2,1
STU-PIP-0138,5,GGOCC-00196,Product Manager,0.7925,RANKABLE,2,1
STU-PIP-0139,5,GGOCC-00196,Product Manager,0.7925,RANKABLE,2,1
STU-PIP-0140,5,GGOCC-00196,Product Manager,0.7925,RANKABLE,2,1
STU-PIP-0141,5,GGOCC-00196,Product Manager,0.7925,RANKABLE,2,1
STU-PIP-0142,5,GGOCC-00196,Product Manager,0.7925,RANKABLE,2,1
STU-PIP-0143,5,GGOCC-00196,Product Manager,0.7925,RANKABLE,2,1
STU-PIP-0144,5,GGOCC-00196,Product Manager,0.7925,RANKABLE,2,1
STU-PIP-0145,5,GGOCC-00196,Product Manager,0.7925,RANKABLE,2,1
STU-PIP-0146,5,GGOCC-00196,Product Manager,0.7925,RANKABLE,2,1
STU-PIP-0147,5,GGOCC-00196,Product Manager,0.7925,RANKABLE,2,1
STU-PIP-0148,5,GGOCC-00196,Product Manager,0.7925,RANKABLE,2,1
STU-PIP-0149,5,GGOCC-00196,Product Manager,0.7925,RANKABLE,2,1
STU-PIP-0150,5,GGOCC-00196,Product Manager,0.7925,RANKABLE,2,1
STU-PIP-0151,5,GGOCC-00196,Product Manager,0.7925,RANKABLE,2,1
STU-PIP-0152,5,GGOCC-00196,Product Manager,0.7925,RANKABLE,2,1
STU-PIP-0153,5,GGOCC-00196,Product Manager,0.7925,RANKABLE,2,1
STU-PIP-0154,5,GGOCC-00196,Product Manager,0.7925,RANKABLE,2,1
STU-PIP-0155,5,GGOCC-00196,Product Manager,0.7925,RANKABLE,2,1
STU-PIP-0156,5,GGOCC-00196,Product Manager,0.7925,RANKABLE,2,1
STU-PIP-0157,5,GGOCC-00196,Product Manager,0.7925,RANKABLE,2,1
STU-PIP-0158,5,GGOCC-00196,Product Manager,0.7925,RANKABLE,2,1
STU-PIP-0159,5,GGOCC-00196,Product Manager,0.7925,RANKABLE,2,1
STU-PIP-0160,5,GGOCC-00196,Product Manager,0.7925,RANKABLE,2,1
STU-PIP-0161,5,GGOCC-00196,Product Manager,0.7925,RANKABLE,2,1
STU-PIP-0162,5,GGOCC-00196,Product Manager,0.7925,RANKABLE,2,1
STU-PIP-0163,5,GGOCC-00196,Product Manager,0.7925,RANKABLE,2,1
STU-PIP-0164,5,GGOCC-00196,Product Manager,0.7925,RANKABLE,2,1
STU-PIP-0165,5,GGOCC-00196,Product Manager,0.7925,RANKABLE,2,1
STU-PIP-0166,5,GGOCC-00196,Product Manager,0.7925,RANKABLE,2,1
STU-PIP-0167,5,GGOCC-00196,Product Manager,0.7925,RANKABLE,2,1
STU-PIP-0168,5,GGOCC-00196,Product Manager,0.7925,RANKABLE,2,1
STU-PIP-0169,5,GGOCC-00196,Product Manager,0.7925,RANKABLE,2,1
STU-PIP-0170,5,GGOCC-00196,Product Manager,0.7925,RANKABLE,2,1
STU-PIP-0171,5,GGOCC-00196,Product Manager,0.7925,RANKABLE,2,1
STU-PIP-0172,5,GGOCC-00196,Product Manager,0.7925,RANKABLE,2,1
STU-PIP-0173,5,GGOCC-00196,Product Manager,0.7925,RANKABLE,2,1
STU-PIP-0174,5,GGOCC-00196,Product Manager,0.7925,RANKABLE,2,1
STU-PIP-0175,5,GGOCC-00196,Product Manager,0.7925,RANKABLE,2,1
STU-PIP-0176,5,GGOCC-00196,Product Manager,0.7925,RANKABLE,2,1
STU-PIP-0177,5,GGOCC-00196,Product Manager,0.7925,RANKABLE,2,1
STU-PIP-0178,5,GGOCC-00196,Product Manager,0.7925,RANKABLE,2,1
STU-PIP-0179,5,GGOCC-00196,Product Manager,0.7925,RANKABLE,2,1
STU-PIP-0180,5,GGOCC-00196,Product Manager,0.7925,RANKABLE,2,1
STU-PIP-0181,5,GGOCC-00196,Product Manager,0.7925,RANKABLE,2,1
STU-PIP-0182,5,GGOCC-00196,Product Manager,0.7925,RANKABLE,2,1
STU-PIP-0183,5,GGOCC-00196,Product Manager,0.7925,RANKABLE,2,1
STU-PIP-0184,5,GGOCC-00196,Product Manager,0.7925,RANKABLE,2,1
STU-PIP-0185,5,GGOCC-00196,Product Manager,0.7925,RANKABLE,2,1
STU-PIP-0186,5,GGOCC-00196,Product Manager,0.7925,RANKABLE,2,1
STU-PIP-0187,5,GGOCC-00196,Product Manager,0.7925,RANKABLE,2,1
STU-PIP-0188,5,GGOCC-00196,Product Manager,0.7925,RANKABLE,2,1
STU-PIP-0189,5,GGOCC-00196,Product Manager,0.7925,RANKABLE,2,1
STU-PIP-0190,5,GGOCC-00196,Product Manager,0.7925,RANKABLE,2,1
STU-PIP-0191,5,GGOCC-00196,Product Manager,0.7925,RANKABLE,2,1
STU-PIP-0192,5,GGOCC-00196,Product Manager,0.7925,RANKABLE,2,1
STU-PIP-0193,5,GGOCC-00196,Product Manager,0.7925,RANKABLE,2,1
STU-PIP-0194,5,GGOCC-00196,Product Manager,0.7925,RANKABLE,2,1
STU-PIP-0195,5,GGOCC-00196,Product Manager,0.7925,RANKABLE,2,1
STU-PIP-0196,5,GGOCC-00196,Product Manager,0.7925,RANKABLE,2,1
STU-PIP-0197,5,GGOCC-00196,Product Manager,0.7925,RANKABLE,2,1
STU-PIP-0198,5,GGOCC-00196,Product Manager,0.7925,RANKABLE,2,1
STU-PIP-0199,5,GGOCC-00196,Product Manager,0.7925,RANKABLE,2,1
STU-PIP-0200,5,GGOCC-00196,Product Manager,0.7925,RANKABLE,2,1
STU-PIP-0201,5,GGOCC-00196,Product Manager,0.7925,RANKABLE,2,1
STU-PIP-0202,5,GGOCC-00196,Product Manager,0.7925,RANKABLE,2,1
STU-PIP-0203,5,GGOCC-00196,Product Manager,0.7925,RANKABLE,2,1
STU-PIP-0204,5,GGOCC-00196,Product Manager,0.7925,RANKABLE,2,1
STU-PIP-0205,5,GGOCC-00196,Product Manager,0.7925,RANKABLE,2,1
STU-PIP-0206,5,GGOCC-00196,Product Manager,0.7925,RANKABLE,2,1
STU-PIP-0207,5,GGOCC-00196,Product Manager,0.7925,RANKABLE,2,1
STU-PIP-0208,5,GGOCC-00196,Product Manager,0.7925,RANKABLE,2,1
STU-PIP-0209,5,GGOCC-00196,Product Manager,0.7925,RANKABLE,2,1
STU-PIP-0210,5,GGOCC-00196,Product Manager,0.7925,RANKABLE,2,1
STU-PIP-0211,5,GGOCC-00196,Product Manager,0.7925,RANKABLE,2,1
STU-PIP-0212,5,GGOCC-00196,Product Manager,0.7925,RANKABLE,2,1
STU-PIP-0213,5,GGOCC-00196,Product Manager,0.7925,RANKABLE,2,1
STU-PIP-0214,5,GGOCC-00196,Product Manager,0.7925,RANKABLE,2,1
STU-PIP-0215,5,GGOCC-00196,Product Manager,0.7925,RANKABLE,2,1
STU-PIP-0216,5,GGOCC-00196,Product Manager,0.7925,RANKABLE,2,1
STU-PIP-0217,5,GGOCC-00196,Product Manager,0.7925,RANKABLE,2,1
STU-PIP-0218,5,GGOCC-00196,Product Manager,0.7925,RANKABLE,2,1
STU-PIP-0219,5,GGOCC-00196,Product Manager,0.7925,RANKABLE,2,1
STU-PIP-0220,5,GGOCC-00196,Product Manager,0.7925,RANKABLE,2,1
STU-PIP-0221,5,GGOCC-00196,Product Manager,0.7925,RANKABLE,2,1
STU-PIP-0222,5,GGOCC-00196,Product Manager,0.7925,RANKABLE,2,1
STU-PIP-0223,5,GGOCC-00196,Product Manager,0.7925,RANKABLE,2,1
STU-PIP-0224,5,GGOCC-00196,Product Manager,0.7925,RANKABLE,2,1
STU-PIP-0225,5,GGOCC-00196,Product Manager,0.7925,RANKABLE,2,1
STU-PIP-0226,5,GGOCC-00196,Product Manager,0.7925,RANKABLE,2,1
STU-PIP-0227,5,GGOCC-00196,Product Manager,0.7925,RANKABLE,2,1
STU-PIP-0228,5,GGOCC-00196,Product Manager,0.7925,RANKABLE,2,1
STU-PIP-0229,5,GGOCC-00196,Product Manager,0.7925,RANKABLE,2,1
STU-PIP-0230,5,GGOCC-00196,Product Manager,0.7925,RANKABLE,2,1
STU-PIP-0231,5,GGOCC-00196,Product Manager,0.7925,RANKABLE,2,1
STU-PIP-0232,5,GGOCC-00196,Product Manager,0.7925,RANKABLE,2,1
STU-PIP-0233,5,GGOCC-00196,Product Manager,0.7925,RANKABLE,2,1
STU-PIP-0234,5,GGOCC-00196,Product Manager,0.7925,RANKABLE,2,1
STU-PIP-0235,5,GGOCC-00196,Product Manager,0.7925,RANKABLE,2,1
STU-PIP-0236,5,GGOCC-00196,Product Manager,0.7925,RANKABLE,2,1
STU-PIP-0237,5,GGOCC-00196,Product Manager,0.7925,RANKABLE,2,1
STU-PIP-0238,5,GGOCC-00196,Product Manager,0.7925,RANKABLE,2,1
STU-PIP-0239,5,GGOCC-00196,Product Manager,0.7925,RANKABLE,2,1
STU-PIP-0240,5,GGOCC-00196,Product Manager,0.7925,RANKABLE,2,1
STU-PIP-0241,5,GGOCC-00196,Product Manager,0.7925,RANKABLE,2,1
STU-PIP-0242,5,GGOCC-00196,Product Manager,0.7925,RANKABLE,2,1
STU-PIP-0243,5,GGOCC-00196,Product Manager,0.7925,RANKABLE,2,1
STU-PIP-0244,5,GGOCC-00196,Product Manager,0.7925,RANKABLE,2,1
STU-PIP-0245,5,GGOCC-00196,Product Manager,0.7925,RANKABLE,2,1
STU-PIP-0246,5,GGOCC-00196,Product Manager,0.7925,RANKABLE,2,1
STU-PIP-0247,5,GGOCC-00196,Product Manager,0.7925,RANKABLE,2,1
STU-PIP-0248,5,GGOCC-00196,Product Manager,0.7925,RANKABLE,2,1
STU-PIP-0249,5,GGOCC-00196,Product Manager,0.7925,RANKABLE,2,1
STU-PIP-0250,5,GGOCC-00196,Product Manager,0.7925,RANKABLE,2,1
STU-PIP-0251,5,GGOCC-00196,Product Manager,0.7925,RANKABLE,2,1
STU-PIP-0252,5,GGOCC-00196,Product Manager,0.7925,RANKABLE,2,1
STU-PIP-0253,5,GGOCC-00196,Product Manager,0.7925,RANKABLE,2,1
STU-PIP-0254,5,GGOCC-00196,Product Manager,0.7925,RANKABLE,2,1
STU-PIP-0255,5,GGOCC-00196,Product Manager,0.7925,RANKABLE,2,1
STU-PIP-0256,5,GGOCC-00196,Product Manager,0.7925,RANKABLE,2,1
STU-PIP-0257,5,GGOCC-00196,Product Manager,0.7925,RANKABLE,2,1
STU-PIP-0258,5,GGOCC-00196,Product Manager,0.7925,RANKABLE,2,1
STU-PIP-0259,5,GGOCC-00196,Product Manager,0.7925,RANKABLE,2,1
STU-PIP-0260,5,GGOCC-00196,Product Manager,0.7925,RANKABLE,2,1
STU-PIP-0261,5,GGOCC-00196,Product Manager,0.7925,RANKABLE,2,1
STU-PIP-0262,5,GGOCC-00196,Product Manager,0.7925,RANKABLE,2,1
STU-PIP-0263,5,GGOCC-00196,Product Manager,0.7925,RANKABLE,2,1
STU-PIP-0264,5,GGOCC-00196,Product Manager,0.7925,RANKABLE,2,1
STU-PIP-0265,5,GGOCC-00196,Product Manager,0.7925,RANKABLE,2,1
STU-PIP-0266,5,GGOCC-00196,Product Manager,0.7925,RANKABLE,2,1
STU-PIP-0267,5,GGOCC-00196,Product Manager,0.7925,RANKABLE,2,1
STU-PIP-0268,5,GGOCC-00196,Product Manager,0.7925,RANKABLE,2,1
STU-PIP-0269,5,GGOCC-00196,Product Manager,0.7925,RANKABLE,2,1
STU-PIP-0270,5,GGOCC-00196,Product Manager,0.7925,RANKABLE,2,1
STU-PIP-0271,5,GGOCC-00196,Product Manager,0.7925,RANKABLE,2,1
STU-PIP-0272,5,GGOCC-00196,Product Manager,0.7925,RANKABLE,2,1
STU-PIP-0273,5,GGOCC-00196,Product Manager,0.7925,RANKABLE,2,1
STU-PIP-0274,5,GGOCC-00196,Product Manager,0.7925,RANKABLE,2,1
STU-PIP-0275,5,GGOCC-00196,Product Manager,0.7925,RANKABLE,2,1
STU-PIP-0276,5,GGOCC-00196,Product Manager,0.7925,RANKABLE,2,1
STU-PIP-0277,5,GGOCC-00196,Product Manager,0.7925,RANKABLE,2,1
STU-PIP-0278,5,GGOCC-00196,Product Manager,0.7925,RANKABLE,2,1
STU-PIP-0279,5,GGOCC-00196,Product Manager,0.7925,RANKABLE,2,1
STU-PIP-0280,5,GGOCC-00196,Product Manager,0.7925,RANKABLE,2,1
STU-PIP-0281,5,GGOCC-00196,Product Manager,0.7925,RANKABLE,2,1
STU-PIP-0282,5,GGOCC-00196,Product Manager,0.7925,RANKABLE,2,1
STU-PIP-0283,5,GGOCC-00196,Product Manager,0.7925,RANKABLE,2,1
STU-PIP-0284,5,GGOCC-00196,Product Manager,0.7925,RANKABLE,2,1
STU-PIP-0285,5,GGOCC-00196,Product Manager,0.7925,RANKABLE,2,1
STU-PIP-0286,5,GGOCC-00196,Product Manager,0.7925,RANKABLE,2,1
STU-PIP-0287,5,GGOCC-00196,Product Manager,0.7925,RANKABLE,2,1
STU-PIP-0288,5,GGOCC-00196,Product Manager,0.7925,RANKABLE,2,1
STU-PIP-0289,5,GGOCC-00196,Product Manager,0.7925,RANKABLE,2,1
STU-PIP-0290,5,GGOCC-00196,Product Manager,0.7925,RANKABLE,2,1
STU-PIP-0291,5,GGOCC-00196,Product Manager,0.7925,RANKABLE,2,1
STU-PIP-0292,5,GGOCC-00196,Product Manager,0.7925,RANKABLE,2,1
STU-PIP-0293,5,GGOCC-00196,Product Manager,0.7925,RANKABLE,2,1
STU-PIP-0294,5,GGOCC-00196,Product Manager,0.7925,RANKABLE,2,1
STU-PIP-0295,5,GGOCC-00196,Product Manager,0.7925,RANKABLE,2,1
STU-PIP-0296,5,GGOCC-00196,Product Manager,0.7925,RANKABLE,2,1
STU-PIP-0297,5,GGOCC-00196,Product Manager,0.7925,RANKABLE,2,1
STU-PIP-0298,5,GGOCC-00196,Product Manager,0.7925,RANKABLE,2,1
STU-PIP-0299,5,GGOCC-00196,Product Manager,0.7925,RANKABLE,2,1
STU-PIP-0300,5,GGOCC-00196,Product Manager,0.7925,RANKABLE,2,1
STU-PIP-0301,5,GGOCC-00196,Product Manager,0.7925,RANKABLE,2,1
STU-PIP-0302,5,GGOCC-00196,Product Manager,0.7925,RANKABLE,2,1
STU-PIP-0303,5,GGOCC-00196,Product Manager,0.7925,RANKABLE,2,1
STU-PIP-0304,5,GGOCC-00196,Product Manager,0.7925,RANKABLE,2,1
STU-PIP-0305,5,GGOCC-00196,Product Manager,0.7925,RANKABLE,2,1
STU-PIP-0306,5,GGOCC-00196,Product Manager,0.7925,RANKABLE,2,1
STU-PIP-0307,5,GGOCC-00196,Product Manager,0.7925,RANKABLE,2,1
STU-PIP-0308,5,GGOCC-00196,Product Manager,0.7925,RANKABLE,2,1
STU-PIP-0309,5,GGOCC-00196,Product Manager,0.7925,RANKABLE,2,1
STU-PIP-0310,5,GGOCC-00196,Product Manager,0.7925,RANKABLE,2,1
STU-PIP-0311,5,GGOCC-00196,Product Manager,0.7925,RANKABLE,2,1
STU-PIP-0312,5,GGOCC-00196,Product Manager,0.7925,RANKABLE,2,1
STU-PIP-0313,5,GGOCC-00196,Product Manager,0.7925,RANKABLE,2,1
STU-PIP-0314,5,GGOCC-00196,Product Manager,0.7925,RANKABLE,2,1
STU-PIP-0315,5,GGOCC-00196,Product Manager,0.7925,RANKABLE,2,1
STU-PIP-0316,5,GGOCC-00196,Product Manager,0.7925,RANKABLE,2,1
STU-PIP-0317,5,GGOCC-00196,Product Manager,0.7925,RANKABLE,2,1
STU-PIP-0318,5,GGOCC-00196,Product Manager,0.7925,RANKABLE,2,1
STU-PIP-0319,5,GGOCC-00196,Product Manager,0.7925,RANKABLE,2,1
STU-PIP-0320,5,GGOCC-00196,Product Manager,0.7925,RANKABLE,2,1
STU-PIP-0321,5,GGOCC-00196,Product Manager,0.7925,RANKABLE,2,1
STU-PIP-0322,5,GGOCC-00196,Product Manager,0.7925,RANKABLE,2,1
STU-PIP-0323,5,GGOCC-00196,Product Manager,0.7925,RANKABLE,2,1
STU-PIP-0324,5,GGOCC-00196,Product Manager,0.7925,RANKABLE,2,1
STU-PIP-0325,5,GGOCC-00196,Product Manager,0.7925,RANKABLE,2,1
STU-PIP-0326,5,GGOCC-00196,Product Manager,0.7925,RANKABLE,2,1
STU-PIP-0327,5,GGOCC-00196,Product Manager,0.7925,RANKABLE,2,1
STU-PIP-0328,5,GGOCC-00196,Product Manager,0.7925,RANKABLE,2,1
STU-PIP-0329,5,GGOCC-00196,Product Manager,0.7925,RANKABLE,2,1
STU-PIP-0330,5,GGOCC-00196,Product Manager,0.7925,RANKABLE,2,1
STU-PIP-0331,5,GGOCC-00196,Product Manager,0.7925,RANKABLE,2,1
STU-PIP-0332,5,GGOCC-00196,Product Manager,0.7925,RANKABLE,2,1
STU-PIP-0333,5,GGOCC-00196,Product Manager,0.7925,RANKABLE,2,1
STU-PIP-0334,5,GGOCC-00196,Product Manager,0.7925,RANKABLE,2,1
STU-PIP-0335,5,GGOCC-00196,Product Manager,0.7925,RANKABLE,2,1
STU-PIP-0336,5,GGOCC-00196,Product Manager,0.7925,RANKABLE,2,1
STU-PIP-0337,5,GGOCC-00196,Product Manager,0.7925,RANKABLE,2,1
STU-PIP-0338,5,GGOCC-00196,Product Manager,0.7925,RANKABLE,2,1
STU-PIP-0339,5,GGOCC-00196,Product Manager,0.7925,RANKABLE,2,1
STU-PIP-0340,5,GGOCC-00196,Product Manager,0.7925,RANKABLE,2,1
STU-PIP-0341,5,GGOCC-00196,Product Manager,0.7925,RANKABLE,2,1
STU-PIP-0342,5,GGOCC-00196,Product Manager,0.7925,RANKABLE,2,1
STU-PIP-0343,5,GGOCC-00196,Product Manager,0.7925,RANKABLE,2,1
STU-PIP-0344,5,GGOCC-00196,Product Manager,0.7925,RANKABLE,2,1
STU-PIP-0345,5,GGOCC-00196,Product Manager,0.7925,RANKABLE,2,1
STU-PIP-0346,5,GGOCC-00196,Product Manager,0.7925,RANKABLE,2,1
STU-PIP-0347,5,GGOCC-00196,Product Manager,0.7925,RANKABLE,2,1
STU-PIP-0348,5,GGOCC-00196,Product Manager,0.7925,RANKABLE,2,1
STU-PIP-0349,5,GGOCC-00196,Product Manager,0.7925,RANKABLE,2,1
STU-PIP-0350,5,GGOCC-00196,Product Manager,0.7925,RANKABLE,2,1
STU-PIP-0351,5,GGOCC-00196,Product Manager,0.7925,RANKABLE,2,1
STU-PIP-0352,5,GGOCC-00196,Product Manager,0.7925,RANKABLE,2,1
STU-PIP-0353,5,GGOCC-00196,Product Manager,0.7925,RANKABLE,2,1
STU-PIP-0354,5,GGOCC-00196,Product Manager,0.7925,RANKABLE,2,1
STU-PIP-0355,5,GGOCC-00196,Product Manager,0.7925,RANKABLE,2,1
STU-PIP-0356,5,GGOCC-00196,Product Manager,0.7925,RANKABLE,2,1
STU-PIP-0357,5,GGOCC-00196,Product Manager,0.7925,RANKABLE,2,1
STU-PIP-0358,5,GGOCC-00196,Product Manager,0.7925,RANKABLE,2,1
STU-PIP-0359,5,GGOCC-00196,Product Manager,0.7925,RANKABLE,2,1
STU-PIP-0360,5,GGOCC-00196,Product Manager,0.7925,RANKABLE,2,1
STU-PIP-0361,5,GGOCC-00196,Product Manager,0.7925,RANKABLE,2,1
STU-PIP-0362,5,GGOCC-00196,Product Manager,0.7925,RANKABLE,2,1
STU-PIP-0363,5,GGOCC-00196,Product Manager,0.7925,RANKABLE,2,1
STU-PIP-0364,5,GGOCC-00196,Product Manager,0.7925,RANKABLE,2,1
STU-PIP-0365,5,GGOCC-00196,Product Manager,0.7925,RANKABLE,2,1
STU-PIP-0366,5,GGOCC-00196,Product Manager,0.7925,RANKABLE,2,1
STU-PIP-0367,5,GGOCC-00196,Product Manager,0.7925,RANKABLE,2,1
STU-PIP-0368,5,GGOCC-00196,Product Manager,0.7925,RANKABLE,2,1
STU-PIP-0369,5,GGOCC-00196,Product Manager,0.7925,RANKABLE,2,1
STU-PIP-0370,5,GGOCC-00196,Product Manager,0.7925,RANKABLE,2,1
STU-PIP-0371,5,GGOCC-00196,Product Manager,0.7925,RANKABLE,2,1
STU-PIP-0372,5,GGOCC-00196,Product Manager,0.7925,RANKABLE,2,1
STU-PIP-0373,5,GGOCC-00196,Product Manager,0.7925,RANKABLE,2,1
STU-PIP-0374,5,GGOCC-00196,Product Manager,0.7925,RANKABLE,2,1
STU-PIP-0375,5,GGOCC-00196,Product Manager,0.7925,RANKABLE,2,1
STU-PIP-0376,5,GGOCC-00196,Product Manager,0.7925,RANKABLE,2,1
STU-PIP-0377,5,GGOCC-00196,Product Manager,0.7925,RANKABLE,2,1
STU-PIP-0378,5,GGOCC-00196,Product Manager,0.7925,RANKABLE,2,1
STU-PIP-0379,5,GGOCC-00196,Product Manager,0.7925,RANKABLE,2,1
STU-PIP-0380,5,GGOCC-00196,Product Manager,0.7925,RANKABLE,2,1
STU-PIP-0381,5,GGOCC-00196,Product Manager,0.7925,RANKABLE,2,1
STU-PIP-0382,5,GGOCC-00196,Product Manager,0.7925,RANKABLE,2,1
STU-PIP-0383,5,GGOCC-00196,Product Manager,0.7925,RANKABLE,2,1
STU-PIP-0384,5,GGOCC-00196,Product Manager,0.7925,RANKABLE,2,1
STU-PIP-0385,5,GGOCC-00196,Product Manager,0.7925,RANKABLE,2,1
STU-PIP-0386,5,GGOCC-00196,Product Manager,0.7925,RANKABLE,2,1
STU-PIP-0387,5,GGOCC-00196,Product Manager,0.7925,RANKABLE,2,1
STU-PIP-0388,5,GGOCC-00196,Product Manager,0.7925,RANKABLE,2,1
STU-PIP-0389,5,GGOCC-00196,Product Manager,0.7925,RANKABLE,2,1
STU-PIP-0390,5,GGOCC-00196,Product Manager,0.7925,RANKABLE,2,1
STU-PIP-0391,5,GGOCC-00196,Product Manager,0.7925,RANKABLE,2,1
STU-PIP-0392,5,GGOCC-00196,Product Manager,0.7925,RANKABLE,2,1
STU-PIP-0393,5,GGOCC-00196,Product Manager,0.7925,RANKABLE,2,1
STU-PIP-0394,5,GGOCC-00196,Product Manager,0.7925,RANKABLE,2,1
STU-PIP-0395,5,GGOCC-00196,Product Manager,0.7925,RANKABLE,2,1
STU-PIP-0396,5,GGOCC-00196,Product Manager,0.7925,RANKABLE,2,1
STU-PIP-0397,5,GGOCC-00196,Product Manager,0.7925,RANKABLE,2,1
STU-PIP-0398,5,GGOCC-00196,Product Manager,0.7925,RANKABLE,2,1
STU-PIP-0399,5,GGOCC-00196,Product Manager,0.7925,RANKABLE,2,1
STU-PIP-0400,5,GGOCC-00196,Product Manager,0.7925,RANKABLE,2,1
STU-PIP-0401,5,GGOCC-00196,Product Manager,0.7925,RANKABLE,2,1
STU-PIP-0402,5,GGOCC-00196,Product Manager,0.7925,RANKABLE,2,1
STU-PIP-0403,5,GGOCC-00196,Product Manager,0.7925,RANKABLE,2,1
STU-PIP-0404,5,GGOCC-00196,Product Manager,0.7925,RANKABLE,2,1
STU-PIP-0405,5,GGOCC-00196,Product Manager,0.7925,RANKABLE,2,1
STU-PIP-0406,5,GGOCC-00196,Product Manager,0.7925,RANKABLE,2,1
STU-PIP-0407,5,GGOCC-00196,Product Manager,0.7925,RANKABLE,2,1
STU-PIP-0408,5,GGOCC-00196,Product Manager,0.7925,RANKABLE,2,1
STU-PIP-0409,5,GGOCC-00196,Product Manager,0.7925,RANKABLE,2,1
STU-PIP-0410,5,GGOCC-00196,Product Manager,0.7925,RANKABLE,2,1
STU-PIP-0411,5,GGOCC-00196,Product Manager,0.7925,RANKABLE,2,1
STU-PIP-0412,5,GGOCC-00196,Product Manager,0.7925,RANKABLE,2,1
STU-PIP-0413,5,GGOCC-00196,Product Manager,0.7925,RANKABLE,2,1
STU-PIP-0414,5,GGOCC-00196,Product Manager,0.7925,RANKABLE,2,1
STU-PIP-0415,5,GGOCC-00196,Product Manager,0.7925,RANKABLE,2,1
STU-PIP-0416,5,GGOCC-00196,Product Manager,0.7925,RANKABLE,2,1
STU-PIP-0417,5,GGOCC-00196,Product Manager,0.7925,RANKABLE,2,1
STU-PIP-0418,5,GGOCC-00196,Product Manager,0.7925,RANKABLE,2,1
STU-PIP-0419,5,GGOCC-00196,Product Manager,0.7925,RANKABLE,2,1
STU-PIP-0420,5,GGOCC-00196,Product Manager,0.7925,RANKABLE,2,1
STU-PIP-0421,5,GGOCC-00196,Product Manager,0.7925,RANKABLE,2,1
STU-PIP-0422,5,GGOCC-00196,Product Manager,0.7925,RANKABLE,2,1
STU-PIP-0423,5,GGOCC-00196,Product Manager,0.7925,RANKABLE,2,1
STU-PIP-0424,5,GGOCC-00196,Product Manager,0.7925,RANKABLE,2,1
STU-PIP-0425,5,GGOCC-00196,Product Manager,0.7925,RANKABLE,2,1
STU-PIP-0426,5,GGOCC-00196,Product Manager,0.7925,RANKABLE,2,1
STU-PIP-0427,5,GGOCC-00196,Product Manager,0.7925,RANKABLE,2,1
STU-PIP-0428,5,GGOCC-00196,Product Manager,0.7925,RANKABLE,2,1
STU-PIP-0429,5,GGOCC-00196,Product Manager,0.7925,RANKABLE,2,1
STU-PIP-0430,5,GGOCC-00196,Product Manager,0.7925,RANKABLE,2,1
STU-PIP-0431,5,GGOCC-00196,Product Manager,0.7925,RANKABLE,2,1
STU-PIP-0432,5,GGOCC-00196,Product Manager,0.7925,RANKABLE,2,1
STU-PIP-0433,5,GGOCC-00196,Product Manager,0.7925,RANKABLE,2,1
STU-PIP-0434,5,GGOCC-00196,Product Manager,0.7925,RANKABLE,2,1
STU-PIP-0435,5,GGOCC-00196,Product Manager,0.7925,RANKABLE,2,1
STU-PIP-0436,5,GGOCC-00196,Product Manager,0.7925,RANKABLE,2,1
STU-PIP-0437,5,GGOCC-00196,Product Manager,0.7925,RANKABLE,2,1
STU-PIP-0438,5,GGOCC-00196,Product Manager,0.7925,RANKABLE,2,1
STU-PIP-0439,5,GGOCC-00196,Product Manager,0.7925,RANKABLE,2,1
STU-PIP-0440,5,GGOCC-00196,Product Manager,0.7925,RANKABLE,2,1
STU-PIP-0441,5,GGOCC-00196,Product Manager,0.7925,RANKABLE,2,1
STU-PIP-0442,5,GGOCC-00196,Product Manager,0.7925,RANKABLE,2,1
STU-PIP-0443,5,GGOCC-00196,Product Manager,0.7925,RANKABLE,2,1
STU-PIP-0444,5,GGOCC-00196,Product Manager,0.7925,RANKABLE,2,1
STU-PIP-0445,5,GGOCC-00196,Product Manager,0.7925,RANKABLE,2,1
STU-PIP-0446,5,GGOCC-00196,Product Manager,0.7925,RANKABLE,2,1
STU-PIP-0447,5,GGOCC-00196,Product Manager,0.7925,RANKABLE,2,1
STU-PIP-0448,5,GGOCC-00196,Product Manager,0.7925,RANKABLE,2,1
STU-PIP-0449,5,GGOCC-00196,Product Manager,0.7925,RANKABLE,2,1
STU-PIP-0450,5,GGOCC-00196,Product Manager,0.7925,RANKABLE,2,1
STU-PIP-0451,5,GGOCC-00196,Product Manager,0.7925,RANKABLE,2,1
STU-PIP-0452,5,GGOCC-00196,Product Manager,0.7925,RANKABLE,2,1
STU-PIP-0453,5,GGOCC-00196,Product Manager,0.7925,RANKABLE,2,1
STU-PIP-0454,5,GGOCC-00196,Product Manager,0.7925,RANKABLE,2,1
STU-PIP-0455,5,GGOCC-00196,Product Manager,0.7925,RANKABLE,2,1
STU-PIP-0456,5,GGOCC-00196,Product Manager,0.7925,RANKABLE,2,1
STU-PIP-0457,5,GGOCC-00196,Product Manager,0.7925,RANKABLE,2,1
STU-PIP-0458,5,GGOCC-00196,Product Manager,0.7925,RANKABLE,2,1
STU-PIP-0459,5,GGOCC-00196,Product Manager,0.7925,RANKABLE,2,1
STU-PIP-0460,5,GGOCC-00196,Product Manager,0.7925,RANKABLE,2,1
STU-PIP-0461,5,GGOCC-00196,Product Manager,0.7925,RANKABLE,2,1
STU-PIP-0462,5,GGOCC-00196,Product Manager,0.7925,RANKABLE,2,1
STU-PIP-0463,5,GGOCC-00196,Product Manager,0.7925,RANKABLE,2,1
STU-PIP-0464,5,GGOCC-00196,Product Manager,0.7925,RANKABLE,2,1
STU-PIP-0465,5,GGOCC-00196,Product Manager,0.7925,RANKABLE,2,1
STU-PIP-0466,5,GGOCC-00196,Product Manager,0.7925,RANKABLE,2,1
STU-PIP-0467,5,GGOCC-00196,Product Manager,0.7925,RANKABLE,2,1
STU-PIP-0468,5,GGOCC-00196,Product Manager,0.7925,RANKABLE,2,1
STU-PIP-0469,5,GGOCC-00196,Product Manager,0.7925,RANKABLE,2,1
STU-PIP-0470,5,GGOCC-00196,Product Manager,0.7925,RANKABLE,2,1
STU-PIP-0471,5,GGOCC-00196,Product Manager,0.7925,RANKABLE,2,1
STU-PIP-0472,5,GGOCC-00196,Product Manager,0.7925,RANKABLE,2,1
STU-PIP-0473,5,GGOCC-00196,Product Manager,0.7925,RANKABLE,2,1
STU-PIP-0474,5,GGOCC-00196,Product Manager,0.7925,RANKABLE,2,1
STU-PIP-0475,5,GGOCC-00196,Product Manager,0.7925,RANKABLE,2,1
STU-PIP-0476,5,GGOCC-00196,Product Manager,0.7925,RANKABLE,2,1
STU-PIP-0477,5,GGOCC-00196,Product Manager,0.7925,RANKABLE,2,1
STU-PIP-0478,5,GGOCC-00196,Product Manager,0.7925,RANKABLE,2,1
STU-PIP-0479,5,GGOCC-00196,Product Manager,0.7925,RANKABLE,2,1
STU-PIP-0480,5,GGOCC-00196,Product Manager,0.7925,RANKABLE,2,1
STU-PIP-0481,5,GGOCC-00196,Product Manager,0.7925,RANKABLE,2,1
STU-PIP-0482,5,GGOCC-00196,Product Manager,0.7925,RANKABLE,2,1
STU-PIP-0483,5,GGOCC-00196,Product Manager,0.7925,RANKABLE,2,1
STU-PIP-0484,5,GGOCC-00196,Product Manager,0.7925,RANKABLE,2,1
STU-PIP-0485,5,GGOCC-00196,Product Manager,0.7925,RANKABLE,2,1
STU-PIP-0486,5,GGOCC-00196,Product Manager,0.7925,RANKABLE,2,1
STU-PIP-0487,5,GGOCC-00196,Product Manager,0.7925,RANKABLE,2,1
STU-PIP-0488,5,GGOCC-00196,Product Manager,0.7925,RANKABLE,2,1
STU-PIP-0489,5,GGOCC-00196,Product Manager,0.7925,RANKABLE,2,1
STU-PIP-0490,5,GGOCC-00196,Product Manager,0.7925,RANKABLE,2,1
STU-PIP-0491,5,GGOCC-00196,Product Manager,0.7925,RANKABLE,2,1
STU-PIP-0492,5,GGOCC-00196,Product Manager,0.7925,RANKABLE,2,1
STU-PIP-0493,5,GGOCC-00196,Product Manager,0.7925,RANKABLE,2,1
STU-PIP-0494,5,GGOCC-00196,Product Manager,0.7925,RANKABLE,2,1
STU-PIP-0495,5,GGOCC-00196,Product Manager,0.7925,RANKABLE,2,1
STU-PIP-0496,5,GGOCC-00196,Product Manager,0.7925,RANKABLE,2,1
STU-PIP-0497,5,GGOCC-00196,Product Manager,0.7925,RANKABLE,2,1
STU-PIP-0498,5,GGOCC-00196,Product Manager,0.7925,RANKABLE,2,1
STU-PIP-0499,5,GGOCC-00196,Product Manager,0.7925,RANKABLE,2,1
STU-PIP-0500,5,GGOCC-00196,Product Manager,0.7925,RANKABLE,2,1
STU-PIP-0501,5,GGOCC-00196,Product Manager,0.7925,RANKABLE,2,1
STU-PIP-0502,5,GGOCC-00196,Product Manager,0.7925,RANKABLE,2,1
STU-PIP-0503,5,GGOCC-00196,Product Manager,0.7925,RANKABLE,2,1
STU-PIP-0504,5,GGOCC-00196,Product Manager,0.7925,RANKABLE,2,1
STU-PIP-0505,5,GGOCC-00196,Product Manager,0.7925,RANKABLE,2,1
STU-PIP-0506,5,GGOCC-00196,Product Manager,0.7925,RANKABLE,2,1
STU-PIP-0507,5,GGOCC-00196,Product Manager,0.7925,RANKABLE,2,1
STU-PIP-0508,5,GGOCC-00196,Product Manager,0.7925,RANKABLE,2,1
STU-PIP-0509,5,GGOCC-00196,Product Manager,0.7925,RANKABLE,2,1
STU-PIP-0510,5,GGOCC-00196,Product Manager,0.7925,RANKABLE,2,1
STU-PIP-0511,5,GGOCC-00196,Product Manager,0.7925,RANKABLE,2,1
STU-PIP-0512,5,GGOCC-00196,Product Manager,0.7925,RANKABLE,2,1
STU-PIP-0513,5,GGOCC-00196,Product Manager,0.7925,RANKABLE,2,1
STU-PIP-0514,5,GGOCC-00196,Product Manager,0.7925,RANKABLE,2,1
STU-PIP-0515,5,GGOCC-00196,Product Manager,0.7925,RANKABLE,2,1
STU-PIP-0516,5,GGOCC-00196,Product Manager,0.7925,RANKABLE,2,1
STU-PIP-0517,5,GGOCC-00196,Product Manager,0.7925,RANKABLE,2,1
STU-PIP-0518,5,GGOCC-00196,Product Manager,0.7925,RANKABLE,2,1
STU-PIP-0519,5,GGOCC-00196,Product Manager,0.7925,RANKABLE,2,1
STU-PIP-0520,5,GGOCC-00196,Product Manager,0.7925,RANKABLE,2,1
STU-PIP-0521,5,GGOCC-00196,Product Manager,0.7925,RANKABLE,2,1
STU-PIP-0522,5,GGOCC-00196,Product Manager,0.7925,RANKABLE,2,1
STU-PIP-0523,5,GGOCC-00196,Product Manager,0.7925,RANKABLE,2,1
STU-PIP-0524,5,GGOCC-00196,Product Manager,0.7925,RANKABLE,2,1
STU-PIP-0525,5,GGOCC-00196,Product Manager,0.7925,RANKABLE,2,1
STU-PIP-0526,5,GGOCC-00196,Product Manager,0.7925,RANKABLE,2,1
STU-PIP-0527,5,GGOCC-00196,Product Manager,0.7925,RANKABLE,2,1
STU-PIP-0528,5,GGOCC-00196,Product Manager,0.7925,RANKABLE,2,1
STU-PIP-0529,5,GGOCC-00196,Product Manager,0.7925,RANKABLE,2,1
STU-PIP-0530,5,GGOCC-00196,Product Manager,0.7925,RANKABLE,2,1
STU-PIP-0531,5,GGOCC-00196,Product Manager,0.7925,RANKABLE,2,1
STU-PIP-0532,5,GGOCC-00196,Product Manager,0.7925,RANKABLE,2,1
STU-PIP-0533,5,GGOCC-00196,Product Manager,0.7925,RANKABLE,2,1
STU-PIP-0534,5,GGOCC-00196,Product Manager,0.7925,RANKABLE,2,1
STU-PIP-0535,5,GGOCC-00196,Product Manager,0.7925,RANKABLE,2,1
STU-PIP-0536,5,GGOCC-00196,Product Manager,0.7925,RANKABLE,2,1
STU-PIP-0537,5,GGOCC-00196,Product Manager,0.7925,RANKABLE,2,1
STU-PIP-0538,5,GGOCC-00196,Product Manager,0.7925,RANKABLE,2,1
STU-PIP-0539,5,GGOCC-00196,Product Manager,0.7925,RANKABLE,2,1
STU-PIP-0540,5,GGOCC-00196,Product Manager,0.7925,RANKABLE,2,1
STU-PIP-0541,5,GGOCC-00196,Product Manager,0.7925,RANKABLE,2,1
STU-PIP-0542,5,GGOCC-00196,Product Manager,0.7925,RANKABLE,2,1
STU-PIP-0543,5,GGOCC-00196,Product Manager,0.7925,RANKABLE,2,1
STU-PIP-0544,5,GGOCC-00196,Product Manager,0.7925,RANKABLE,2,1
STU-PIP-0545,5,GGOCC-00196,Product Manager,0.7925,RANKABLE,2,1
STU-PIP-0546,5,GGOCC-00196,Product Manager,0.7925,RANKABLE,2,1
STU-PIP-0547,5,GGOCC-00196,Product Manager,0.7925,RANKABLE,2,1
STU-PIP-0548,5,GGOCC-00196,Product Manager,0.7925,RANKABLE,2,1
STU-PIP-0549,5,GGOCC-00196,Product Manager,0.7925,RANKABLE,2,1
STU-PIP-0550,5,GGOCC-00196,Product Manager,0.7925,RANKABLE,2,1
STU-PIP-0551,5,GGOCC-00196,Product Manager,0.7925,RANKABLE,2,1
STU-PIP-0552,5,GGOCC-00196,Product Manager,0.7925,RANKABLE,2,1
STU-PIP-0553,5,GGOCC-00196,Product Manager,0.7925,RANKABLE,2,1
STU-PIP-0554,5,GGOCC-00196,Product Manager,0.7925,RANKABLE,2,1
STU-PIP-0555,5,GGOCC-00196,Product Manager,0.7925,RANKABLE,2,1
STU-PIP-0556,5,GGOCC-00196,Product Manager,0.7925,RANKABLE,2,1
STU-PIP-0557,5,GGOCC-00196,Product Manager,0.7925,RANKABLE,2,1
STU-PIP-0558,5,GGOCC-00196,Product Manager,0.7925,RANKABLE,2,1
STU-PIP-0559,5,GGOCC-00196,Product Manager,0.7925,RANKABLE,2,1
STU-PIP-0560,5,GGOCC-00196,Product Manager,0.7925,RANKABLE,2,1
STU-PIP-0561,5,GGOCC-00196,Product Manager,0.7925,RANKABLE,2,1
STU-PIP-0562,5,GGOCC-00196,Product Manager,0.7925,RANKABLE,2,1
STU-PIP-0563,5,GGOCC-00196,Product Manager,0.7925,RANKABLE,2,1
STU-PIP-0564,5,GGOCC-00196,Product Manager,0.7925,RANKABLE,2,1
STU-PIP-0565,5,GGOCC-00196,Product Manager,0.7925,RANKABLE,2,1
STU-PIP-0566,5,GGOCC-00196,Product Manager,0.7925,RANKABLE,2,1
STU-PIP-0567,5,GGOCC-00196,Product Manager,0.7925,RANKABLE,2,1
STU-PIP-0568,5,GGOCC-00196,Product Manager,0.7925,RANKABLE,2,1
STU-PIP-0569,5,GGOCC-00196,Product Manager,0.7925,RANKABLE,2,1
STU-PIP-0570,5,GGOCC-00196,Product Manager,0.7925,RANKABLE,2,1
STU-PIP-0571,5,GGOCC-00196,Product Manager,0.7925,RANKABLE,2,1
STU-PIP-0572,5,GGOCC-00196,Product Manager,0.7925,RANKABLE,2,1
STU-PIP-0573,5,GGOCC-00196,Product Manager,0.7925,RANKABLE,2,1
STU-PIP-0574,5,GGOCC-00196,Product Manager,0.7925,RANKABLE,2,1
STU-PIP-0575,5,GGOCC-00196,Product Manager,0.7925,RANKABLE,2,1
STU-PIP-0576,5,GGOCC-00196,Product Manager,0.7925,RANKABLE,2,1
STU-PIP-0577,5,GGOCC-00196,Product Manager,0.7925,RANKABLE,2,1
STU-PIP-0578,5,GGOCC-00196,Product Manager,0.7925,RANKABLE,2,1
STU-PIP-0579,5,GGOCC-00196,Product Manager,0.7925,RANKABLE,2,1
STU-PIP-0580,5,GGOCC-00196,Product Manager,0.7925,RANKABLE,2,1
STU-PIP-0581,5,GGOCC-00196,Product Manager,0.7925,RANKABLE,2,1
STU-PIP-0582,5,GGOCC-00196,Product Manager,0.7925,RANKABLE,2,1
STU-PIP-0583,5,GGOCC-00196,Product Manager,0.7925,RANKABLE,2,1
STU-PIP-0584,5,GGOCC-00196,Product Manager,0.7925,RANKABLE,2,1
STU-PIP-0585,5,GGOCC-00196,Product Manager,0.7925,RANKABLE,2,1
STU-PIP-0586,5,GGOCC-00196,Product Manager,0.7925,RANKABLE,2,1
STU-PIP-0587,5,GGOCC-00196,Product Manager,0.7925,RANKABLE,2,1
STU-PIP-0588,5,GGOCC-00196,Product Manager,0.7925,RANKABLE,2,1
STU-PIP-0589,5,GGOCC-00196,Product Manager,0.7925,RANKABLE,2,1
STU-PIP-0590,5,GGOCC-00196,Product Manager,0.7925,RANKABLE,2,1
STU-PIP-0591,5,GGOCC-00196,Product Manager,0.7925,RANKABLE,2,1
STU-PIP-0592,5,GGOCC-00196,Product Manager,0.7925,RANKABLE,2,1
STU-PIP-0593,5,GGOCC-00196,Product Manager,0.7925,RANKABLE,2,1
STU-PIP-0594,5,GGOCC-00196,Product Manager,0.7925,RANKABLE,2,1
STU-PIP-0595,5,GGOCC-00196,Product Manager,0.7925,RANKABLE,2,1
STU-PIP-0596,5,GGOCC-00196,Product Manager,0.7925,RANKABLE,2,1
STU-PIP-0597,5,GGOCC-00196,Product Manager,0.7925,RANKABLE,2,1
STU-PIP-0598,5,GGOCC-00196,Product Manager,0.7925,RANKABLE,2,1
STU-PIP-0599,5,GGOCC-00196,Product Manager,0.7925,RANKABLE,2,1
STU-PIP-0600,5,GGOCC-00196,Product Manager,0.7925,RANKABLE,2,1
STU-PIP-0601,5,GGOCC-00196,Product Manager,0.7925,RANKABLE,2,1
STU-PIP-0602,5,GGOCC-00196,Product Manager,0.7925,RANKABLE,2,1
STU-PIP-0603,5,GGOCC-00196,Product Manager,0.7925,RANKABLE,2,1
STU-PIP-0604,5,GGOCC-00196,Product Manager,0.7925,RANKABLE,2,1
STU-PIP-0605,5,GGOCC-00196,Product Manager,0.7925,RANKABLE,2,1
STU-PIP-0606,5,GGOCC-00196,Product Manager,0.7925,RANKABLE,2,1
STU-PIP-0607,5,GGOCC-00196,Product Manager,0.7925,RANKABLE,2,1
STU-PIP-0608,5,GGOCC-00196,Product Manager,0.7925,RANKABLE,2,1
STU-PIP-0609,5,GGOCC-00196,Product Manager,0.7925,RANKABLE,2,1
STU-PIP-0610,5,GGOCC-00196,Product Manager,0.7925,RANKABLE,2,1
STU-PIP-0611,5,GGOCC-00196,Product Manager,0.7925,RANKABLE,2,1
STU-PIP-0612,5,GGOCC-00196,Product Manager,0.7925,RANKABLE,2,1
STU-PIP-0613,5,GGOCC-00196,Product Manager,0.7925,RANKABLE,2,1
STU-PIP-0614,5,GGOCC-00196,Product Manager,0.7925,RANKABLE,2,1
STU-PIP-0615,5,GGOCC-00196,Product Manager,0.7925,RANKABLE,2,1
STU-PIP-0616,5,GGOCC-00196,Product Manager,0.7925,RANKABLE,2,1
STU-PIP-0617,5,GGOCC-00196,Product Manager,0.7925,RANKABLE,2,1
STU-PIP-0618,5,GGOCC-00196,Product Manager,0.7925,RANKABLE,2,1
STU-PIP-0619,5,GGOCC-00196,Product Manager,0.7925,RANKABLE,2,1
STU-PIP-0620,5,GGOCC-00196,Product Manager,0.7925,RANKABLE,2,1
STU-PIP-0621,5,GGOCC-00196,Product Manager,0.7925,RANKABLE,2,1
STU-PIP-0622,5,GGOCC-00196,Product Manager,0.7925,RANKABLE,2,1
STU-PIP-0623,5,GGOCC-00196,Product Manager,0.7925,RANKABLE,2,1
STU-PIP-0624,5,GGOCC-00196,Product Manager,0.7925,RANKABLE,2,1
STU-PIP-0625,5,GGOCC-00196,Product Manager,0.7925,RANKABLE,2,1
STU-PIP-0626,5,GGOCC-00196,Product Manager,0.7925,RANKABLE,2,1
STU-PIP-0627,5,GGOCC-00196,Product Manager,0.7925,RANKABLE,2,1
STU-PIP-0628,5,GGOCC-00196,Product Manager,0.7925,RANKABLE,2,1
STU-PIP-0629,5,GGOCC-00196,Product Manager,0.7925,RANKABLE,2,1
STU-PIP-0630,5,GGOCC-00196,Product Manager,0.7925,RANKABLE,2,1
STU-PIP-0631,5,GGOCC-00196,Product Manager,0.7925,RANKABLE,2,1
STU-PIP-0632,5,GGOCC-00196,Product Manager,0.7925,RANKABLE,2,1
STU-PIP-0633,5,GGOCC-00196,Product Manager,0.7925,RANKABLE,2,1
STU-PIP-0634,5,GGOCC-00196,Product Manager,0.7925,RANKABLE,2,1
STU-PIP-0635,5,GGOCC-00196,Product Manager,0.7925,RANKABLE,2,1
STU-PIP-0636,5,GGOCC-00196,Product Manager,0.7925,RANKABLE,2,1
STU-PIP-0637,5,GGOCC-00196,Product Manager,0.7925,RANKABLE,2,1
STU-PIP-0638,5,GGOCC-00196,Product Manager,0.7925,RANKABLE,2,1
STU-PIP-0639,5,GGOCC-00196,Product Manager,0.7925,RANKABLE,2,1
STU-PIP-0640,5,GGOCC-00196,Product Manager,0.7925,RANKABLE,2,1
STU-PIP-0641,5,GGOCC-00196,Product Manager,0.7925,RANKABLE,2,1
STU-PIP-0642,5,GGOCC-00196,Product Manager,0.7925,RANKABLE,2,1
STU-PIP-0643,5,GGOCC-00196,Product Manager,0.7925,RANKABLE,2,1
STU-PIP-0644,5,GGOCC-00196,Product Manager,0.7925,RANKABLE,2,1
STU-PIP-0645,5,GGOCC-00196,Product Manager,0.7925,RANKABLE,2,1
STU-PIP-0646,5,GGOCC-00196,Product Manager,0.7925,RANKABLE,2,1
STU-PIP-0647,5,GGOCC-00196,Product Manager,0.7925,RANKABLE,2,1
STU-PIP-0648,5,GGOCC-00196,Product Manager,0.7925,RANKABLE,2,1
STU-PIP-0649,5,GGOCC-00196,Product Manager,0.7925,RANKABLE,2,1
STU-PIP-0650,5,GGOCC-00196,Product Manager,0.7925,RANKABLE,2,1
STU-PIP-0651,5,GGOCC-00196,Product Manager,0.7925,RANKABLE,2,1
STU-PIP-0652,5,GGOCC-00196,Product Manager,0.7925,RANKABLE,2,1
STU-PIP-0653,5,GGOCC-00196,Product Manager,0.7925,RANKABLE,2,1
STU-PIP-0654,5,GGOCC-00196,Product Manager,0.7925,RANKABLE,2,1
STU-PIP-0655,5,GGOCC-00196,Product Manager,0.7925,RANKABLE,2,1
STU-PIP-0656,5,GGOCC-00196,Product Manager,0.7925,RANKABLE,2,1
STU-PIP-0657,5,GGOCC-00196,Product Manager,0.7925,RANKABLE,2,1
STU-PIP-0658,5,GGOCC-00196,Product Manager,0.7925,RANKABLE,2,1
STU-PIP-0659,5,GGOCC-00196,Product Manager,0.7925,RANKABLE,2,1
STU-PIP-0660,5,GGOCC-00196,Product Manager,0.7925,RANKABLE,2,1
STU-PIP-0661,5,GGOCC-00196,Product Manager,0.7925,RANKABLE,2,1
STU-PIP-0662,5,GGOCC-00196,Product Manager,0.7925,RANKABLE,2,1
STU-PIP-0663,5,GGOCC-00196,Product Manager,0.7925,RANKABLE,2,1
STU-PIP-0664,5,GGOCC-00196,Product Manager,0.7925,RANKABLE,2,1
STU-PIP-0665,5,GGOCC-00196,Product Manager,0.7925,RANKABLE,2,1
STU-PIP-0666,5,GGOCC-00196,Product Manager,0.7925,RANKABLE,2,1
STU-PIP-0667,5,GGOCC-00196,Product Manager,0.7925,RANKABLE,2,1
STU-PIP-0668,5,GGOCC-00196,Product Manager,0.7925,RANKABLE,2,1
STU-PIP-0669,5,GGOCC-00196,Product Manager,0.7925,RANKABLE,2,1
STU-PIP-0670,5,GGOCC-00196,Product Manager,0.7925,RANKABLE,2,1
STU-PIP-0671,5,GGOCC-00196,Product Manager,0.7925,RANKABLE,2,1
STU-PIP-0672,5,GGOCC-00196,Product Manager,0.7925,RANKABLE,2,1
STU-PIP-0673,5,GGOCC-00196,Product Manager,0.7925,RANKABLE,2,1
STU-PIP-0674,5,GGOCC-00196,Product Manager,0.7925,RANKABLE,2,1
STU-PIP-0675,5,GGOCC-00196,Product Manager,0.7925,RANKABLE,2,1
STU-PIP-0676,5,GGOCC-00196,Product Manager,0.7925,RANKABLE,2,1
STU-PIP-0677,5,GGOCC-00196,Product Manager,0.7925,RANKABLE,2,1
STU-PIP-0678,5,GGOCC-00196,Product Manager,0.7925,RANKABLE,2,1
STU-PIP-0679,5,GGOCC-00196,Product Manager,0.7925,RANKABLE,2,1
STU-PIP-0680,5,GGOCC-00196,Product Manager,0.7925,RANKABLE,2,1
STU-PIP-0681,5,GGOCC-00196,Product Manager,0.7925,RANKABLE,2,1
STU-PIP-0682,5,GGOCC-00196,Product Manager,0.7925,RANKABLE,2,1
STU-PIP-0683,5,GGOCC-00196,Product Manager,0.7925,RANKABLE,2,1
STU-PIP-0684,5,GGOCC-00196,Product Manager,0.7925,RANKABLE,2,1
STU-PIP-0685,5,GGOCC-00196,Product Manager,0.7925,RANKABLE,2,1
STU-PIP-0686,5,GGOCC-00196,Product Manager,0.7925,RANKABLE,2,1
STU-PIP-0687,5,GGOCC-00196,Product Manager,0.7925,RANKABLE,2,1
STU-PIP-0688,5,GGOCC-00196,Product Manager,0.7925,RANKABLE,2,1
STU-PIP-0689,5,GGOCC-00196,Product Manager,0.7925,RANKABLE,2,1
STU-PIP-0690,5,GGOCC-00196,Product Manager,0.7925,RANKABLE,2,1
STU-PIP-0691,5,GGOCC-00196,Product Manager,0.7925,RANKABLE,2,1
STU-PIP-0692,5,GGOCC-00196,Product Manager,0.7925,RANKABLE,2,1
STU-PIP-0693,5,GGOCC-00196,Product Manager,0.7925,RANKABLE,2,1
STU-PIP-0694,5,GGOCC-00196,Product Manager,0.7925,RANKABLE,2,1
STU-PIP-0695,5,GGOCC-00196,Product Manager,0.7925,RANKABLE,2,1
STU-PIP-0696,5,GGOCC-00196,Product Manager,0.7925,RANKABLE,2,1
STU-PIP-0697,5,GGOCC-00196,Product Manager,0.7925,RANKABLE,2,1
STU-PIP-0698,5,GGOCC-00196,Product Manager,0.7925,RANKABLE,2,1
STU-PIP-0699,5,GGOCC-00196,Product Manager,0.7925,RANKABLE,2,1
STU-PIP-0700,5,GGOCC-00196,Product Manager,0.7925,RANKABLE,2,1
STU-PIP-0701,5,GGOCC-00196,Product Manager,0.7925,RANKABLE,2,1
STU-PIP-0702,5,GGOCC-00196,Product Manager,0.7925,RANKABLE,2,1
STU-PIP-0703,5,GGOCC-00196,Product Manager,0.7925,RANKABLE,2,1
STU-PIP-0704,5,GGOCC-00196,Product Manager,0.7925,RANKABLE,2,1
STU-PIP-0705,5,GGOCC-00196,Product Manager,0.7925,RANKABLE,2,1
STU-PIP-0706,5,GGOCC-00196,Product Manager,0.7925,RANKABLE,2,1
STU-PIP-0707,5,GGOCC-00196,Product Manager,0.7925,RANKABLE,2,1
STU-PIP-0708,5,GGOCC-00196,Product Manager,0.7925,RANKABLE,2,1
STU-PIP-0709,5,GGOCC-00196,Product Manager,0.7925,RANKABLE,2,1
STU-PIP-0710,5,GGOCC-00196,Product Manager,0.7925,RANKABLE,2,1
STU-PIP-0711,5,GGOCC-00196,Product Manager,0.7925,RANKABLE,2,1
STU-PIP-0712,5,GGOCC-00196,Product Manager,0.7925,RANKABLE,2,1
STU-PIP-0713,5,GGOCC-00196,Product Manager,0.7925,RANKABLE,2,1
STU-PIP-0714,5,GGOCC-00196,Product Manager,0.7925,RANKABLE,2,1
STU-PIP-0715,5,GGOCC-00196,Product Manager,0.7925,RANKABLE,2,1
STU-PIP-0716,5,GGOCC-00196,Product Manager,0.7925,RANKABLE,2,1
STU-PIP-0717,5,GGOCC-00196,Product Manager,0.7925,RANKABLE,2,1
STU-PIP-0718,5,GGOCC-00196,Product Manager,0.7925,RANKABLE,2,1
STU-PIP-0719,5,GGOCC-00196,Product Manager,0.7925,RANKABLE,2,1
STU-PIP-0720,5,GGOCC-00196,Product Manager,0.7925,RANKABLE,2,1
STU-PIP-0721,5,GGOCC-00196,Product Manager,0.7925,RANKABLE,2,1
STU-PIP-0722,5,GGOCC-00196,Product Manager,0.7925,RANKABLE,2,1
STU-PIP-0723,5,GGOCC-00196,Product Manager,0.7925,RANKABLE,2,1
STU-PIP-0724,5,GGOCC-00196,Product Manager,0.7925,RANKABLE,2,1
STU-PIP-0725,5,GGOCC-00196,Product Manager,0.7925,RANKABLE,2,1
STU-PIP-0726,5,GGOCC-00196,Product Manager,0.7925,RANKABLE,2,1
STU-PIP-0727,5,GGOCC-00196,Product Manager,0.7925,RANKABLE,2,1
STU-PIP-0728,5,GGOCC-00196,Product Manager,0.7925,RANKABLE,2,1
STU-PIP-0729,5,GGOCC-00196,Product Manager,0.7925,RANKABLE,2,1
STU-PIP-0730,5,GGOCC-00196,Product Manager,0.7925,RANKABLE,2,1
STU-PIP-0731,5,GGOCC-00196,Product Manager,0.7925,RANKABLE,2,1
STU-PIP-0732,5,GGOCC-00196,Product Manager,0.7925,RANKABLE,2,1
STU-PIP-0733,5,GGOCC-00196,Product Manager,0.7925,RANKABLE,2,1
STU-PIP-0734,5,GGOCC-00196,Product Manager,0.7925,RANKABLE,2,1
STU-PIP-0735,5,GGOCC-00196,Product Manager,0.7925,RANKABLE,2,1
STU-PIP-0736,5,GGOCC-00196,Product Manager,0.7925,RANKABLE,2,1
STU-PIP-0737,5,GGOCC-00196,Product Manager,0.7925,RANKABLE,2,1
STU-PIP-0738,5,GGOCC-00196,Product Manager,0.7925,RANKABLE,2,1
STU-PIP-0739,5,GGOCC-00196,Product Manager,0.7925,RANKABLE,2,1
STU-PIP-0740,5,GGOCC-00196,Product Manager,0.7925,RANKABLE,2,1
STU-PIP-0741,5,GGOCC-00196,Product Manager,0.7925,RANKABLE,2,1
STU-PIP-0742,5,GGOCC-00196,Product Manager,0.7925,RANKABLE,2,1
STU-PIP-0743,5,GGOCC-00196,Product Manager,0.7925,RANKABLE,2,1
STU-PIP-0744,5,GGOCC-00196,Product Manager,0.7925,RANKABLE,2,1
STU-PIP-0745,5,GGOCC-00196,Product Manager,0.7925,RANKABLE,2,1
STU-PIP-0746,5,GGOCC-00196,Product Manager,0.7925,RANKABLE,2,1
STU-PIP-0747,5,GGOCC-00196,Product Manager,0.7925,RANKABLE,2,1
STU-PIP-0748,5,GGOCC-00196,Product Manager,0.7925,RANKABLE,2,1
STU-PIP-0749,5,GGOCC-00196,Product Manager,0.7925,RANKABLE,2,1
STU-PIP-0750,5,GGOCC-00196,Product Manager,0.7925,RANKABLE,2,1
STU-PIP-0751,5,GGOCC-00196,Product Manager,0.7925,RANKABLE,2,1
STU-PIP-0752,5,GGOCC-00196,Product Manager,0.7925,RANKABLE,2,1
STU-PIP-0753,5,GGOCC-00196,Product Manager,0.7925,RANKABLE,2,1
STU-PIP-0754,5,GGOCC-00196,Product Manager,0.7925,RANKABLE,2,1
STU-PIP-0755,5,GGOCC-00196,Product Manager,0.7925,RANKABLE,2,1
STU-PIP-0756,5,GGOCC-00196,Product Manager,0.7925,RANKABLE,2,1
STU-PIP-0757,5,GGOCC-00196,Product Manager,0.7925,RANKABLE,2,1
STU-PIP-0758,5,GGOCC-00196,Product Manager,0.7925,RANKABLE,2,1
STU-PIP-0759,5,GGOCC-00196,Product Manager,0.7925,RANKABLE,2,1
STU-PIP-0760,5,GGOCC-00196,Product Manager,0.7925,RANKABLE,2,1
STU-PIP-0761,5,GGOCC-00196,Product Manager,0.7925,RANKABLE,2,1
STU-PIP-0762,5,GGOCC-00196,Product Manager,0.7925,RANKABLE,2,1
STU-PIP-0763,5,GGOCC-00196,Product Manager,0.7925,RANKABLE,2,1
STU-PIP-0764,5,GGOCC-00196,Product Manager,0.7925,RANKABLE,2,1
STU-PIP-0765,5,GGOCC-00196,Product Manager,0.7925,RANKABLE,2,1
STU-PIP-0766,5,GGOCC-00196,Product Manager,0.7925,RANKABLE,2,1
STU-PIP-0767,5,GGOCC-00196,Product Manager,0.7925,RANKABLE,2,1
STU-PIP-0768,5,GGOCC-00196,Product Manager,0.7925,RANKABLE,2,1
STU-PIP-0769,5,GGOCC-00196,Product Manager,0.7925,RANKABLE,2,1
STU-PIP-0770,5,GGOCC-00196,Product Manager,0.7925,RANKABLE,2,1
STU-PIP-0771,5,GGOCC-00196,Product Manager,0.7925,RANKABLE,2,1
STU-PIP-0772,5,GGOCC-00196,Product Manager,0.7925,RANKABLE,2,1
STU-PIP-0773,5,GGOCC-00196,Product Manager,0.7925,RANKABLE,2,1
STU-PIP-0774,5,GGOCC-00196,Product Manager,0.7925,RANKABLE,2,1
STU-PIP-0775,5,GGOCC-00196,Product Manager,0.7925,RANKABLE,2,1
STU-PIP-0776,5,GGOCC-00196,Product Manager,0.7925,RANKABLE,2,1
STU-PIP-0777,5,GGOCC-00196,Product Manager,0.7925,RANKABLE,2,1
STU-PIP-0778,5,GGOCC-00196,Product Manager,0.7925,RANKABLE,2,1
STU-PIP-0779,5,GGOCC-00196,Product Manager,0.7925,RANKABLE,2,1
STU-PIP-0780,5,GGOCC-00196,Product Manager,0.7925,RANKABLE,2,1
STU-PIP-0781,5,GGOCC-00196,Product Manager,0.7925,RANKABLE,2,1
STU-PIP-0782,5,GGOCC-00196,Product Manager,0.7925,RANKABLE,2,1
STU-PIP-0783,5,GGOCC-00196,Product Manager,0.7925,RANKABLE,2,1
STU-PIP-0784,5,GGOCC-00196,Product Manager,0.7925,RANKABLE,2,1
STU-PIP-0785,5,GGOCC-00196,Product Manager,0.7925,RANKABLE,2,1
STU-PIP-0786,5,GGOCC-00196,Product Manager,0.7925,RANKABLE,2,1
STU-PIP-0787,5,GGOCC-00196,Product Manager,0.7925,RANKABLE,2,1
STU-PIP-0788,5,GGOCC-00196,Product Manager,0.7925,RANKABLE,2,1
STU-PIP-0789,5,GGOCC-00196,Product Manager,0.7925,RANKABLE,2,1
STU-PIP-0790,5,GGOCC-00196,Product Manager,0.7925,RANKABLE,2,1
STU-PIP-0791,5,GGOCC-00196,Product Manager,0.7925,RANKABLE,2,1
STU-PIP-0792,5,GGOCC-00196,Product Manager,0.7925,RANKABLE,2,1
STU-PIP-0793,5,GGOCC-00196,Product Manager,0.7925,RANKABLE,2,1
STU-PIP-0794,5,GGOCC-00196,Product Manager,0.7925,RANKABLE,2,1
STU-PIP-0795,5,GGOCC-00196,Product Manager,0.7925,RANKABLE,2,1
STU-PIP-0796,5,GGOCC-00196,Product Manager,0.7925,RANKABLE,2,1
STU-PIP-0797,5,GGOCC-00196,Product Manager,0.7925,RANKABLE,2,1
STU-PIP-0798,5,GGOCC-00196,Product Manager,0.7925,RANKABLE,2,1
STU-PIP-0799,5,GGOCC-00196,Product Manager,0.7925,RANKABLE,2,1
STU-PIP-0800,5,GGOCC-00196,Product Manager,0.7925,RANKABLE,2,1
STU-PIP-0801,5,GGOCC-00196,Product Manager,0.7925,RANKABLE,2,1
STU-PIP-0802,5,GGOCC-00196,Product Manager,0.7925,RANKABLE,2,1
STU-PIP-0803,5,GGOCC-00196,Product Manager,0.7925,RANKABLE,2,1
STU-PIP-0804,5,GGOCC-00196,Product Manager,0.7925,RANKABLE,2,1
STU-PIP-0805,5,GGOCC-00196,Product Manager,0.7925,RANKABLE,2,1
STU-PIP-0806,5,GGOCC-00196,Product Manager,0.7925,RANKABLE,2,1
STU-PIP-0807,5,GGOCC-00196,Product Manager,0.7925,RANKABLE,2,1
STU-PIP-0808,5,GGOCC-00196,Product Manager,0.7925,RANKABLE,2,1
STU-PIP-0809,5,GGOCC-00196,Product Manager,0.7925,RANKABLE,2,1
STU-PIP-0810,5,GGOCC-00196,Product Manager,0.7925,RANKABLE,2,1
STU-PIP-0811,5,GGOCC-00196,Product Manager,0.7925,RANKABLE,2,1
STU-PIP-0812,5,GGOCC-00196,Product Manager,0.7925,RANKABLE,2,1
STU-PIP-0813,5,GGOCC-00196,Product Manager,0.7925,RANKABLE,2,1
STU-PIP-0814,5,GGOCC-00196,Product Manager,0.7925,RANKABLE,2,1
STU-PIP-0815,5,GGOCC-00196,Product Manager,0.7925,RANKABLE,2,1
STU-PIP-0816,5,GGOCC-00196,Product Manager,0.7925,RANKABLE,2,1
STU-PIP-0817,5,GGOCC-00196,Product Manager,0.7925,RANKABLE,2,1
STU-PIP-0818,5,GGOCC-00196,Product Manager,0.7925,RANKABLE,2,1
STU-PIP-0819,5,GGOCC-00196,Product Manager,0.7925,RANKABLE,2,1
STU-PIP-0820,5,GGOCC-00196,Product Manager,0.7925,RANKABLE,2,1
STU-PIP-0821,5,GGOCC-00196,Product Manager,0.7925,RANKABLE,2,1
STU-PIP-0822,5,GGOCC-00196,Product Manager,0.7925,RANKABLE,2,1
STU-PIP-0823,5,GGOCC-00196,Product Manager,0.7925,RANKABLE,2,1
STU-PIP-0824,5,GGOCC-00196,Product Manager,0.7925,RANKABLE,2,1
STU-PIP-0825,5,GGOCC-00196,Product Manager,0.7925,RANKABLE,2,1
STU-PIP-0826,5,GGOCC-00196,Product Manager,0.7925,RANKABLE,2,1
STU-PIP-0827,5,GGOCC-00196,Product Manager,0.7925,RANKABLE,2,1
STU-PIP-0828,5,GGOCC-00196,Product Manager,0.7925,RANKABLE,2,1
STU-PIP-0829,5,GGOCC-00196,Product Manager,0.7925,RANKABLE,2,1
STU-PIP-0830,5,GGOCC-00196,Product Manager,0.7925,RANKABLE,2,1
STU-PIP-0831,5,GGOCC-00196,Product Manager,0.7925,RANKABLE,2,1
STU-PIP-0832,5,GGOCC-00196,Product Manager,0.7925,RANKABLE,2,1
STU-PIP-0833,5,GGOCC-00196,Product Manager,0.7925,RANKABLE,2,1
STU-PIP-0834,5,GGOCC-00196,Product Manager,0.7925,RANKABLE,2,1
STU-PIP-0835,5,GGOCC-00196,Product Manager,0.7925,RANKABLE,2,1
STU-PIP-0836,5,GGOCC-00196,Product Manager,0.7925,RANKABLE,2,1
STU-PIP-0837,5,GGOCC-00196,Product Manager,0.7925,RANKABLE,2,1
STU-PIP-0838,5,GGOCC-00196,Product Manager,0.7925,RANKABLE,2,1
STU-PIP-0839,5,GGOCC-00196,Product Manager,0.7925,RANKABLE,2,1
STU-PIP-0840,5,GGOCC-00196,Product Manager,0.7925,RANKABLE,2,1
STU-PIP-0841,5,GGOCC-00196,Product Manager,0.7925,RANKABLE,2,1
STU-PIP-0842,5,GGOCC-00196,Product Manager,0.7925,RANKABLE,2,1
STU-PIP-0843,5,GGOCC-00196,Product Manager,0.7925,RANKABLE,2,1
STU-PIP-0844,5,GGOCC-00196,Product Manager,0.7925,RANKABLE,2,1
STU-PIP-0845,5,GGOCC-00196,Product Manager,0.7925,RANKABLE,2,1
STU-PIP-0846,5,GGOCC-00196,Product Manager,0.7925,RANKABLE,2,1
STU-PIP-0847,5,GGOCC-00196,Product Manager,0.7925,RANKABLE,2,1
STU-PIP-0848,5,GGOCC-00196,Product Manager,0.7925,RANKABLE,2,1
STU-PIP-0849,5,GGOCC-00196,Product Manager,0.7925,RANKABLE,2,1
STU-PIP-0850,5,GGOCC-00196,Product Manager,0.7925,RANKABLE,2,1
STU-PIP-0851,5,GGOCC-00196,Product Manager,0.7925,RANKABLE,2,1
STU-PIP-0852,5,GGOCC-00196,Product Manager,0.7925,RANKABLE,2,1
STU-PIP-0853,5,GGOCC-00196,Product Manager,0.7925,RANKABLE,2,1
STU-PIP-0854,5,GGOCC-00196,Product Manager,0.7925,RANKABLE,2,1
STU-PIP-0855,5,GGOCC-00196,Product Manager,0.7925,RANKABLE,2,1
STU-PIP-0856,5,GGOCC-00196,Product Manager,0.7925,RANKABLE,2,1
STU-PIP-0857,5,GGOCC-00196,Product Manager,0.7925,RANKABLE,2,1
STU-PIP-0858,5,GGOCC-00196,Product Manager,0.7925,RANKABLE,2,1
STU-PIP-0859,5,GGOCC-00196,Product Manager,0.7925,RANKABLE,2,1
STU-PIP-0860,5,GGOCC-00196,Product Manager,0.7925,RANKABLE,2,1
STU-PIP-0861,5,GGOCC-00196,Product Manager,0.7925,RANKABLE,2,1
STU-PIP-0862,5,GGOCC-00196,Product Manager,0.7925,RANKABLE,2,1
STU-PIP-0863,5,GGOCC-00196,Product Manager,0.7925,RANKABLE,2,1
STU-PIP-0864,5,GGOCC-00196,Product Manager,0.7925,RANKABLE,2,1
STU-PIP-0865,5,GGOCC-00196,Product Manager,0.7925,RANKABLE,2,1
STU-PIP-0866,5,GGOCC-00196,Product Manager,0.7925,RANKABLE,2,1
STU-PIP-0867,5,GGOCC-00196,Product Manager,0.7925,RANKABLE,2,1
STU-PIP-0868,5,GGOCC-00196,Product Manager,0.7925,RANKABLE,2,1
STU-PIP-0869,5,GGOCC-00196,Product Manager,0.7925,RANKABLE,2,1
STU-PIP-0870,5,GGOCC-00196,Product Manager,0.7925,RANKABLE,2,1
STU-PIP-0871,5,GGOCC-00196,Product Manager,0.7925,RANKABLE,2,1
STU-PIP-0872,5,GGOCC-00196,Product Manager,0.7925,RANKABLE,2,1
STU-PIP-0873,5,GGOCC-00196,Product Manager,0.7925,RANKABLE,2,1
STU-PIP-0874,5,GGOCC-00196,Product Manager,0.7925,RANKABLE,2,1
STU-PIP-0875,5,GGOCC-00196,Product Manager,0.7925,RANKABLE,2,1
STU-PIP-0876,5,GGOCC-00196,Product Manager,0.7925,RANKABLE,2,1
STU-PIP-0877,5,GGOCC-00196,Product Manager,0.7925,RANKABLE,2,1
STU-PIP-0878,5,GGOCC-00196,Product Manager,0.7925,RANKABLE,2,1
STU-PIP-0879,5,GGOCC-00196,Product Manager,0.7925,RANKABLE,2,1
STU-PIP-0880,5,GGOCC-00196,Product Manager,0.7925,RANKABLE,2,1
STU-PIP-0881,5,GGOCC-00196,Product Manager,0.7925,RANKABLE,2,1
STU-PIP-0882,5,GGOCC-00196,Product Manager,0.7925,RANKABLE,2,1
STU-PIP-0883,5,GGOCC-00196,Product Manager,0.7925,RANKABLE,2,1
STU-PIP-0884,5,GGOCC-00196,Product Manager,0.7925,RANKABLE,2,1
STU-PIP-0885,5,GGOCC-00196,Product Manager,0.7925,RANKABLE,2,1
STU-PIP-0886,5,GGOCC-00196,Product Manager,0.7925,RANKABLE,2,1
STU-PIP-0887,5,GGOCC-00196,Product Manager,0.7925,RANKABLE,2,1
STU-PIP-0888,5,GGOCC-00196,Product Manager,0.7925,RANKABLE,2,1
STU-PIP-0889,5,GGOCC-00196,Product Manager,0.7925,RANKABLE,2,1
STU-PIP-0890,5,GGOCC-00196,Product Manager,0.7925,RANKABLE,2,1
STU-PIP-0891,5,GGOCC-00196,Product Manager,0.7925,RANKABLE,2,1
STU-PIP-0892,5,GGOCC-00196,Product Manager,0.7925,RANKABLE,2,1
STU-PIP-0893,5,GGOCC-00196,Product Manager,0.7925,RANKABLE,2,1
STU-PIP-0894,5,GGOCC-00196,Product Manager,0.7925,RANKABLE,2,1
STU-PIP-0895,5,GGOCC-00196,Product Manager,0.7925,RANKABLE,2,1
STU-PIP-0896,5,GGOCC-00196,Product Manager,0.7925,RANKABLE,2,1
STU-PIP-0897,5,GGOCC-00196,Product Manager,0.7925,RANKABLE,2,1
STU-PIP-0898,5,GGOCC-00196,Product Manager,0.7925,RANKABLE,2,1
STU-PIP-0899,5,GGOCC-00196,Product Manager,0.7925,RANKABLE,2,1
STU-PIP-0900,5,GGOCC-00196,Product Manager,0.7925,RANKABLE,2,1
STU-PIP-0901,5,GGOCC-00196,Product Manager,0.7925,RANKABLE,2,1
STU-PIP-0902,5,GGOCC-00196,Product Manager,0.7925,RANKABLE,2,1
STU-PIP-0903,5,GGOCC-00196,Product Manager,0.7925,RANKABLE,2,1
STU-PIP-0904,5,GGOCC-00196,Product Manager,0.7925,RANKABLE,2,1
STU-PIP-0905,5,GGOCC-00196,Product Manager,0.7925,RANKABLE,2,1
STU-PIP-0906,5,GGOCC-00196,Product Manager,0.7925,RANKABLE,2,1
STU-PIP-0907,5,GGOCC-00196,Product Manager,0.7925,RANKABLE,2,1
STU-PIP-0908,5,GGOCC-00196,Product Manager,0.7925,RANKABLE,2,1
STU-PIP-0909,5,GGOCC-00196,Product Manager,0.7925,RANKABLE,2,1
STU-PIP-0910,5,GGOCC-00196,Product Manager,0.7925,RANKABLE,2,1
STU-PIP-0911,5,GGOCC-00196,Product Manager,0.7925,RANKABLE,2,1
STU-PIP-0912,5,GGOCC-00196,Product Manager,0.7925,RANKABLE,2,1
STU-PIP-0913,5,GGOCC-00196,Product Manager,0.7925,RANKABLE,2,1
STU-PIP-0914,5,GGOCC-00196,Product Manager,0.7925,RANKABLE,2,1
STU-PIP-0915,5,GGOCC-00196,Product Manager,0.7925,RANKABLE,2,1
STU-PIP-0916,5,GGOCC-00196,Product Manager,0.7925,RANKABLE,2,1
STU-PIP-0917,5,GGOCC-00196,Product Manager,0.7925,RANKABLE,2,1
STU-PIP-0918,5,GGOCC-00196,Product Manager,0.7925,RANKABLE,2,1
STU-PIP-0919,5,GGOCC-00196,Product Manager,0.7925,RANKABLE,2,1
STU-PIP-0920,5,GGOCC-00196,Product Manager,0.7925,RANKABLE,2,1
STU-PIP-0921,5,GGOCC-00196,Product Manager,0.7925,RANKABLE,2,1
STU-PIP-0922,5,GGOCC-00196,Product Manager,0.7925,RANKABLE,2,1
STU-PIP-0923,5,GGOCC-00196,Product Manager,0.7925,RANKABLE,2,1
STU-PIP-0924,5,GGOCC-00196,Product Manager,0.7925,RANKABLE,2,1
STU-PIP-0925,5,GGOCC-00196,Product Manager,0.7925,RANKABLE,2,1
STU-PIP-0926,5,GGOCC-00196,Product Manager,0.7925,RANKABLE,2,1
STU-PIP-0927,5,GGOCC-00196,Product Manager,0.7925,RANKABLE,2,1
STU-PIP-0928,5,GGOCC-00196,Product Manager,0.7925,RANKABLE,2,1
STU-PIP-0929,5,GGOCC-00196,Product Manager,0.7925,RANKABLE,2,1
STU-PIP-0930,5,GGOCC-00196,Product Manager,0.7925,RANKABLE,2,1
STU-PIP-0931,5,GGOCC-00196,Product Manager,0.7925,RANKABLE,2,1
STU-PIP-0932,5,GGOCC-00196,Product Manager,0.7925,RANKABLE,2,1
STU-PIP-0933,5,GGOCC-00196,Product Manager,0.7925,RANKABLE,2,1
STU-PIP-0934,5,GGOCC-00196,Product Manager,0.7925,RANKABLE,2,1
STU-PIP-0935,5,GGOCC-00196,Product Manager,0.7925,RANKABLE,2,1
STU-PIP-0936,5,GGOCC-00196,Product Manager,0.7925,RANKABLE,2,1
STU-PIP-0937,5,GGOCC-00196,Product Manager,0.7925,RANKABLE,2,1
STU-PIP-0938,5,GGOCC-00196,Product Manager,0.7925,RANKABLE,2,1
STU-PIP-0939,5,GGOCC-00196,Product Manager,0.7925,RANKABLE,2,1
STU-PIP-0940,5,GGOCC-00196,Product Manager,0.7925,RANKABLE,2,1
STU-PIP-0941,5,GGOCC-00196,Product Manager,0.7925,RANKABLE,2,1
STU-PIP-0942,5,GGOCC-00196,Product Manager,0.7925,RANKABLE,2,1
STU-PIP-0943,5,GGOCC-00196,Product Manager,0.7925,RANKABLE,2,1
STU-PIP-0944,5,GGOCC-00196,Product Manager,0.7925,RANKABLE,2,1
STU-PIP-0945,5,GGOCC-00196,Product Manager,0.7925,RANKABLE,2,1
STU-PIP-0946,5,GGOCC-00196,Product Manager,0.7925,RANKABLE,2,1
STU-PIP-0947,5,GGOCC-00196,Product Manager,0.7925,RANKABLE,2,1
STU-PIP-0948,5,GGOCC-00196,Product Manager,0.7925,RANKABLE,2,1
STU-PIP-0949,5,GGOCC-00196,Product Manager,0.7925,RANKABLE,2,1
STU-PIP-0950,5,GGOCC-00196,Product Manager,0.7925,RANKABLE,2,1
STU-PIP-0951,5,GGOCC-00196,Product Manager,0.7925,RANKABLE,2,1
STU-PIP-0952,5,GGOCC-00196,Product Manager,0.7925,RANKABLE,2,1
STU-PIP-0953,5,GGOCC-00196,Product Manager,0.7925,RANKABLE,2,1
STU-PIP-0954,5,GGOCC-00196,Product Manager,0.7925,RANKABLE,2,1
STU-PIP-0955,5,GGOCC-00196,Product Manager,0.7925,RANKABLE,2,1
STU-PIP-0956,5,GGOCC-00196,Product Manager,0.7925,RANKABLE,2,1
STU-PIP-0957,5,GGOCC-00196,Product Manager,0.7925,RANKABLE,2,1
STU-PIP-0958,5,GGOCC-00196,Product Manager,0.7925,RANKABLE,2,1
STU-PIP-0959,5,GGOCC-00196,Product Manager,0.7925,RANKABLE,2,1
STU-PIP-0960,5,GGOCC-00196,Product Manager,0.7925,RANKABLE,2,1
STU-PIP-0961,5,GGOCC-00196,Product Manager,0.7925,RANKABLE,2,1
STU-PIP-0962,5,GGOCC-00196,Product Manager,0.7925,RANKABLE,2,1
STU-PIP-0963,5,GGOCC-00196,Product Manager,0.7925,RANKABLE,2,1
STU-PIP-0964,5,GGOCC-00196,Product Manager,0.7925,RANKABLE,2,1
STU-PIP-0965,5,GGOCC-00196,Product Manager,0.7925,RANKABLE,2,1
STU-PIP-0966,5,GGOCC-00196,Product Manager,0.7925,RANKABLE,2,1
STU-PIP-0967,5,GGOCC-00196,Product Manager,0.7925,RANKABLE,2,1
STU-PIP-0968,5,GGOCC-00196,Product Manager,0.7925,RANKABLE,2,1
STU-PIP-0969,5,GGOCC-00196,Product Manager,0.7925,RANKABLE,2,1
STU-PIP-0970,5,GGOCC-00196,Product Manager,0.7925,RANKABLE,2,1
STU-PIP-0971,5,GGOCC-00196,Product Manager,0.7925,RANKABLE,2,1
STU-PIP-0972,5,GGOCC-00196,Product Manager,0.7925,RANKABLE,2,1
STU-PIP-0973,5,GGOCC-00196,Product Manager,0.7925,RANKABLE,2,1
STU-PIP-0974,5,GGOCC-00196,Product Manager,0.7925,RANKABLE,2,1
STU-PIP-0975,5,GGOCC-00196,Product Manager,0.7925,RANKABLE,2,1
STU-PIP-0976,5,GGOCC-00196,Product Manager,0.7925,RANKABLE,2,1
STU-PIP-0977,5,GGOCC-00196,Product Manager,0.7925,RANKABLE,2,1
STU-PIP-0978,5,GGOCC-00196,Product Manager,0.7925,RANKABLE,2,1
STU-PIP-0979,5,GGOCC-00196,Product Manager,0.7925,RANKABLE,2,1
STU-PIP-0980,5,GGOCC-00196,Product Manager,0.7925,RANKABLE,2,1
STU-PIP-0981,5,GGOCC-00196,Product Manager,0.7925,RANKABLE,2,1
STU-PIP-0982,5,GGOCC-00196,Product Manager,0.7925,RANKABLE,2,1
STU-PIP-0983,5,GGOCC-00196,Product Manager,0.7925,RANKABLE,2,1
STU-PIP-0984,5,GGOCC-00196,Product Manager,0.7925,RANKABLE,2,1
STU-PIP-0985,5,GGOCC-00196,Product Manager,0.7925,RANKABLE,2,1
STU-PIP-0986,5,GGOCC-00196,Product Manager,0.7925,RANKABLE,2,1
STU-PIP-0987,5,GGOCC-00196,Product Manager,0.7925,RANKABLE,2,1
STU-PIP-0988,5,GGOCC-00196,Product Manager,0.7925,RANKABLE,2,1
STU-PIP-0989,5,GGOCC-00196,Product Manager,0.7925,RANKABLE,2,1
STU-PIP-0990,5,GGOCC-00196,Product Manager,0.7925,RANKABLE,2,1
STU-PIP-0991,5,GGOCC-00196,Product Manager,0.7925,RANKABLE,2,1
STU-PIP-0992,5,GGOCC-00196,Product Manager,0.7925,RANKABLE,2,1
STU-PIP-0993,5,GGOCC-00196,Product Manager,0.7925,RANKABLE,2,1
STU-PIP-0994,5,GGOCC-00196,Product Manager,0.7925,RANKABLE,2,1
STU-PIP-0995,5,GGOCC-00196,Product Manager,0.7925,RANKABLE,2,1
STU-PIP-0996,5,GGOCC-00196,Product Manager,0.7925,RANKABLE,2,1
STU-PIP-0997,5,GGOCC-00196,Product Manager,0.7925,RANKABLE,2,1
STU-PIP-0998,5,GGOCC-00196,Product Manager,0.7925,RANKABLE,2,1
STU-PIP-0999,5,GGOCC-00196,Product Manager,0.7925,RANKABLE,2,1
STU-PIP-1000,5,GGOCC-00196,Product Manager,0.7925,RANKABLE,2,1
STU-PIP-1001,5,GGOCC-00196,Product Manager,0.7925,RANKABLE,2,1
STU-PIP-1002,5,GGOCC-00196,Product Manager,0.7925,RANKABLE,2,1
STU-PIP-1003,5,GGOCC-00196,Product Manager,0.7925,RANKABLE,2,1
STU-PIP-1004,5,GGOCC-00196,Product Manager,0.7925,RANKABLE,2,1
STU-PIP-1005,5,GGOCC-00196,Product Manager,0.7925,RANKABLE,2,1
STU-PIP-1006,5,GGOCC-00196,Product Manager,0.7925,RANKABLE,2,1
STU-PIP-1007,5,GGOCC-00196,Product Manager,0.7925,RANKABLE,2,1
STU-PIP-1008,5,GGOCC-00196,Product Manager,0.7925,RANKABLE,2,1
STU-PIP-1009,5,GGOCC-00196,Product Manager,0.7925,RANKABLE,2,1
STU-PIP-1010,5,GGOCC-00196,Product Manager,0.7925,RANKABLE,2,1
STU-PIP-1011,5,GGOCC-00196,Product Manager,0.7925,RANKABLE,2,1
STU-PIP-1012,5,GGOCC-00196,Product Manager,0.7925,RANKABLE,2,1
STU-PIP-1013,5,GGOCC-00196,Product Manager,0.7925,RANKABLE,2,1
STU-PIP-1014,5,GGOCC-00196,Product Manager,0.7925,RANKABLE,2,1
STU-PIP-1015,5,GGOCC-00196,Product Manager,0.7925,RANKABLE,2,1
STU-PIP-1016,5,GGOCC-00196,Product Manager,0.7925,RANKABLE,2,1
STU-PIP-1017,5,GGOCC-00196,Product Manager,0.7925,RANKABLE,2,1
STU-PIP-1018,5,GGOCC-00196,Product Manager,0.7925,RANKABLE,2,1
STU-PIP-1019,5,GGOCC-00196,Product Manager,0.7925,RANKABLE,2,1
STU-PIP-1020,5,GGOCC-00196,Product Manager,0.7925,RANKABLE,2,1
STU-PIP-1021,5,GGOCC-00196,Product Manager,0.7925,RANKABLE,2,1
STU-PIP-1022,5,GGOCC-00196,Product Manager,0.7925,RANKABLE,2,1
STU-PIP-1023,5,GGOCC-00196,Product Manager,0.7925,RANKABLE,2,1
STU-PIP-1024,5,GGOCC-00196,Product Manager,0.7925,RANKABLE,2,1
STU-PIP-1025,5,GGOCC-00196,Product Manager,0.7925,RANKABLE,2,1
STU-PIP-1026,5,GGOCC-00196,Product Manager,0.7925,RANKABLE,2,1
STU-PIP-1027,5,GGOCC-00196,Product Manager,0.7925,RANKABLE,2,1
STU-PIP-1028,5,GGOCC-00196,Product Manager,0.7925,RANKABLE,2,1
STU-PIP-1029,5,GGOCC-00196,Product Manager,0.7925,RANKABLE,2,1
STU-PIP-1030,5,GGOCC-00196,Product Manager,0.7925,RANKABLE,2,1
STU-PIP-1031,5,GGOCC-00196,Product Manager,0.7925,RANKABLE,2,1
STU-PIP-1032,5,GGOCC-00196,Product Manager,0.7925,RANKABLE,2,1
STU-PIP-1033,5,GGOCC-00196,Product Manager,0.7925,RANKABLE,2,1
STU-PIP-1034,5,GGOCC-00196,Product Manager,0.7925,RANKABLE,2,1
STU-PIP-1035,5,GGOCC-00196,Product Manager,0.7925,RANKABLE,2,1
STU-PIP-1036,5,GGOCC-00196,Product Manager,0.7925,RANKABLE,2,1
STU-PIP-1037,5,GGOCC-00196,Product Manager,0.7925,RANKABLE,2,1
STU-PIP-1038,5,GGOCC-00196,Product Manager,0.7925,RANKABLE,2,1
STU-PIP-1039,5,GGOCC-00196,Product Manager,0.7925,RANKABLE,2,1
STU-PIP-1040,5,GGOCC-00196,Product Manager,0.7925,RANKABLE,2,1
STU-PIP-1041,5,GGOCC-00196,Product Manager,0.7925,RANKABLE,2,1
STU-PIP-1042,5,GGOCC-00196,Product Manager,0.7925,RANKABLE,2,1
STU-PIP-1043,5,GGOCC-00196,Product Manager,0.7925,RANKABLE,2,1
STU-PIP-1044,5,GGOCC-00196,Product Manager,0.7925,RANKABLE,2,1
STU-PIP-1045,5,GGOCC-00196,Product Manager,0.7925,RANKABLE,2,1
STU-PIP-1046,5,GGOCC-00196,Product Manager,0.7925,RANKABLE,2,1
STU-PIP-1047,5,GGOCC-00196,Product Manager,0.7925,RANKABLE,2,1
STU-PIP-1048,5,GGOCC-00196,Product Manager,0.7925,RANKABLE,2,1
STU-PIP-1049,5,GGOCC-00196,Product Manager,0.7925,RANKABLE,2,1
STU-PIP-1050,5,GGOCC-00196,Product Manager,0.7925,RANKABLE,2,1
STU-PIP-1051,5,GGOCC-00196,Product Manager,0.7925,RANKABLE,2,1
STU-PIP-1052,5,GGOCC-00196,Product Manager,0.7925,RANKABLE,2,1
STU-PIP-1053,5,GGOCC-00196,Product Manager,0.7925,RANKABLE,2,1
STU-PIP-1054,5,GGOCC-00196,Product Manager,0.7925,RANKABLE,2,1
STU-PIP-1055,5,GGOCC-00196,Product Manager,0.7925,RANKABLE,2,1
STU-PIP-1056,5,GGOCC-00196,Product Manager,0.7925,RANKABLE,2,1
STU-PIP-1057,5,GGOCC-00196,Product Manager,0.7925,RANKABLE,2,1
STU-PIP-1058,5,GGOCC-00196,Product Manager,0.7925,RANKABLE,2,1
STU-PIP-1059,5,GGOCC-00196,Product Manager,0.7925,RANKABLE,2,1
STU-PIP-1060,5,GGOCC-00196,Product Manager,0.7925,RANKABLE,2,1
STU-PIP-1061,5,GGOCC-00196,Product Manager,0.7925,RANKABLE,2,1
STU-PIP-1062,5,GGOCC-00196,Product Manager,0.7925,RANKABLE,2,1
STU-PIP-1063,5,GGOCC-00196,Product Manager,0.7925,RANKABLE,2,1
STU-PIP-1064,5,GGOCC-00196,Product Manager,0.7925,RANKABLE,2,1
STU-PIP-1065,5,GGOCC-00196,Product Manager,0.7925,RANKABLE,2,1
STU-PIP-1066,5,GGOCC-00196,Product Manager,0.7925,RANKABLE,2,1
STU-PIP-1067,5,GGOCC-00196,Product Manager,0.7925,RANKABLE,2,1
STU-PIP-1068,5,GGOCC-00196,Product Manager,0.7925,RANKABLE,2,1
STU-PIP-1069,5,GGOCC-00196,Product Manager,0.7925,RANKABLE,2,1
STU-PIP-1070,5,GGOCC-00196,Product Manager,0.7925,RANKABLE,2,1
STU-PIP-1071,5,GGOCC-00196,Product Manager,0.7925,RANKABLE,2,1
STU-PIP-1072,5,GGOCC-00196,Product Manager,0.7925,RANKABLE,2,1
STU-PIP-1073,5,GGOCC-00196,Product Manager,0.7925,RANKABLE,2,1
STU-PIP-1074,5,GGOCC-00196,Product Manager,0.7925,RANKABLE,2,1
STU-PIP-1075,5,GGOCC-00196,Product Manager,0.7925,RANKABLE,2,1
STU-PIP-1076,5,GGOCC-00196,Product Manager,0.7925,RANKABLE,2,1
STU-PIP-1077,5,GGOCC-00196,Product Manager,0.7925,RANKABLE,2,1
STU-PIP-1078,5,GGOCC-00196,Product Manager,0.7925,RANKABLE,2,1
STU-PIP-1079,5,GGOCC-00196,Product Manager,0.7925,RANKABLE,2,1
STU-PIP-1080,5,GGOCC-00196,Product Manager,0.7925,RANKABLE,2,1
STU-PIP-1081,5,GGOCC-00196,Product Manager,0.7925,RANKABLE,2,1
STU-PIP-1082,5,GGOCC-00196,Product Manager,0.7925,RANKABLE,2,1
STU-PIP-1083,5,GGOCC-00196,Product Manager,0.7925,RANKABLE,2,1
STU-PIP-1084,5,GGOCC-00196,Product Manager,0.7925,RANKABLE,2,1
STU-PIP-1085,5,GGOCC-00196,Product Manager,0.7925,RANKABLE,2,1
STU-PIP-1086,5,GGOCC-00196,Product Manager,0.7925,RANKABLE,2,1
STU-PIP-1087,5,GGOCC-00196,Product Manager,0.7925,RANKABLE,2,1
STU-PIP-1088,5,GGOCC-00196,Product Manager,0.7925,RANKABLE,2,1
STU-PIP-1089,5,GGOCC-00196,Product Manager,0.7925,RANKABLE,2,1
STU-PIP-1090,5,GGOCC-00196,Product Manager,0.7925,RANKABLE,2,1
STU-PIP-1091,5,GGOCC-00196,Product Manager,0.7925,RANKABLE,2,1
STU-PIP-1092,5,GGOCC-00196,Product Manager,0.7925,RANKABLE,2,1
STU-PIP-1093,5,GGOCC-00196,Product Manager,0.7925,RANKABLE,2,1
STU-PIP-1094,5,GGOCC-00196,Product Manager,0.7925,RANKABLE,2,1
STU-PIP-1095,5,GGOCC-00196,Product Manager,0.7925,RANKABLE,2,1
STU-PIP-1096,5,GGOCC-00196,Product Manager,0.7925,RANKABLE,2,1
STU-PIP-1097,5,GGOCC-00196,Product Manager,0.7925,RANKABLE,2,1
STU-PIP-1098,5,GGOCC-00196,Product Manager,0.7925,RANKABLE,2,1
STU-PIP-1099,5,GGOCC-00196,Product Manager,0.7925,RANKABLE,2,1
STU-PIP-1100,5,GGOCC-00196,Product Manager,0.7925,RANKABLE,2,1
STU-PIP-1101,5,GGOCC-00196,Product Manager,0.7925,RANKABLE,2,1
STU-PIP-1102,5,GGOCC-00196,Product Manager,0.7925,RANKABLE,2,1
STU-PIP-1103,5,GGOCC-00196,Product Manager,0.7925,RANKABLE,2,1
STU-PIP-1104,5,GGOCC-00196,Product Manager,0.7925,RANKABLE,2,1
STU-PIP-1105,5,GGOCC-00196,Product Manager,0.7925,RANKABLE,2,1
STU-PIP-1106,5,GGOCC-00196,Product Manager,0.7925,RANKABLE,2,1
STU-PIP-1107,5,GGOCC-00196,Product Manager,0.7925,RANKABLE,2,1
STU-PIP-1108,5,GGOCC-00196,Product Manager,0.7925,RANKABLE,2,1
STU-PIP-1109,5,GGOCC-00196,Product Manager,0.7925,RANKABLE,2,1
STU-PIP-1110,5,GGOCC-00196,Product Manager,0.7925,RANKABLE,2,1
STU-PIP-1111,5,GGOCC-00196,Product Manager,0.7925,RANKABLE,2,1
STU-PIP-1112,5,GGOCC-00196,Product Manager,0.7925,RANKABLE,2,1
STU-PIP-1113,5,GGOCC-00196,Product Manager,0.7925,RANKABLE,2,1
STU-PIP-1114,5,GGOCC-00196,Product Manager,0.7925,RANKABLE,2,1
STU-PIP-1115,5,GGOCC-00196,Product Manager,0.7925,RANKABLE,2,1
STU-PIP-1116,5,GGOCC-00196,Product Manager,0.7925,RANKABLE,2,1
STU-PIP-1117,5,GGOCC-00196,Product Manager,0.7925,RANKABLE,2,1
STU-PIP-1118,5,GGOCC-00196,Product Manager,0.7925,RANKABLE,2,1
STU-PIP-1119,5,GGOCC-00196,Product Manager,0.7925,RANKABLE,2,1
STU-PIP-1120,5,GGOCC-00196,Product Manager,0.7925,RANKABLE,2,1
STU-PIP-1121,5,GGOCC-00196,Product Manager,0.7925,RANKABLE,2,1
STU-PIP-1122,5,GGOCC-00196,Product Manager,0.7925,RANKABLE,2,1
STU-PIP-1123,5,GGOCC-00196,Product Manager,0.7925,RANKABLE,2,1
STU-PIP-1124,5,GGOCC-00196,Product Manager,0.7925,RANKABLE,2,1
STU-PIP-1125,5,GGOCC-00196,Product Manager,0.7925,RANKABLE,2,1
STU-PIP-1126,5,GGOCC-00196,Product Manager,0.7925,RANKABLE,2,1
STU-PIP-1127,5,GGOCC-00196,Product Manager,0.7925,RANKABLE,2,1
STU-PIP-1128,5,GGOCC-00196,Product Manager,0.7925,RANKABLE,2,1
STU-PIP-1129,5,GGOCC-00196,Product Manager,0.7925,RANKABLE,2,1
STU-PIP-1130,5,GGOCC-00196,Product Manager,0.7925,RANKABLE,2,1
STU-PIP-1131,5,GGOCC-00196,Product Manager,0.7925,RANKABLE,2,1
STU-PIP-1132,5,GGOCC-00196,Product Manager,0.7925,RANKABLE,2,1
STU-PIP-1133,5,GGOCC-00196,Product Manager,0.7925,RANKABLE,2,1
STU-PIP-1134,5,GGOCC-00196,Product Manager,0.7925,RANKABLE,2,1
STU-PIP-1135,5,GGOCC-00196,Product Manager,0.7925,RANKABLE,2,1
STU-PIP-1136,5,GGOCC-00196,Product Manager,0.7925,RANKABLE,2,1
STU-PIP-1137,5,GGOCC-00196,Product Manager,0.7925,RANKABLE,2,1
STU-PIP-1138,5,GGOCC-00196,Product Manager,0.7925,RANKABLE,2,1
STU-PIP-1139,5,GGOCC-00196,Product Manager,0.7925,RANKABLE,2,1
STU-PIP-1140,5,GGOCC-00196,Product Manager,0.7925,RANKABLE,2,1
STU-PIP-1141,5,GGOCC-00196,Product Manager,0.7925,RANKABLE,2,1
STU-PIP-1142,5,GGOCC-00196,Product Manager,0.7925,RANKABLE,2,1
STU-PIP-1143,5,GGOCC-00196,Product Manager,0.7925,RANKABLE,2,1
STU-PIP-1144,5,GGOCC-00196,Product Manager,0.7925,RANKABLE,2,1
STU-PIP-1145,5,GGOCC-00196,Product Manager,0.7925,RANKABLE,2,1
STU-PIP-1146,5,GGOCC-00196,Product Manager,0.7925,RANKABLE,2,1
STU-PIP-1147,5,GGOCC-00196,Product Manager,0.7925,RANKABLE,2,1
STU-PIP-1148,5,GGOCC-00196,Product Manager,0.7925,RANKABLE,2,1
STU-PIP-1149,5,GGOCC-00196,Product Manager,0.7925,RANKABLE,2,1
STU-PIP-1150,5,GGOCC-00196,Product Manager,0.7925,RANKABLE,2,1
STU-PIP-1151,5,GGOCC-00196,Product Manager,0.7925,RANKABLE,2,1
STU-PIP-1152,5,GGOCC-00196,Product Manager,0.7925,RANKABLE,2,1
STU-PIP-1153,5,GGOCC-00196,Product Manager,0.7925,RANKABLE,2,1
STU-PIP-1154,5,GGOCC-00196,Product Manager,0.7925,RANKABLE,2,1
STU-PIP-1155,5,GGOCC-00196,Product Manager,0.7925,RANKABLE,2,1
STU-PIP-1156,5,GGOCC-00196,Product Manager,0.7925,RANKABLE,2,1
STU-PIP-1157,5,GGOCC-00196,Product Manager,0.7925,RANKABLE,2,1
STU-PIP-1158,5,GGOCC-00196,Product Manager,0.7925,RANKABLE,2,1
STU-PIP-1159,5,GGOCC-00196,Product Manager,0.7925,RANKABLE,2,1
STU-PIP-1160,5,GGOCC-00196,Product Manager,0.7925,RANKABLE,2,1
STU-PIP-1161,5,GGOCC-00196,Product Manager,0.7925,RANKABLE,2,1
STU-PIP-1162,5,GGOCC-00196,Product Manager,0.7925,RANKABLE,2,1
STU-PIP-1163,5,GGOCC-00196,Product Manager,0.7925,RANKABLE,2,1
STU-PIP-1164,5,GGOCC-00196,Product Manager,0.7925,RANKABLE,2,1
STU-PIP-1165,5,GGOCC-00196,Product Manager,0.7925,RANKABLE,2,1
STU-PIP-1166,5,GGOCC-00196,Product Manager,0.7925,RANKABLE,2,1
STU-PIP-1167,5,GGOCC-00196,Product Manager,0.7925,RANKABLE,2,1
STU-PIP-1168,5,GGOCC-00196,Product Manager,0.7925,RANKABLE,2,1
STU-PIP-1169,5,GGOCC-00196,Product Manager,0.7925,RANKABLE,2,1
STU-PIP-1170,5,GGOCC-00196,Product Manager,0.7925,RANKABLE,2,1
STU-PIP-1171,5,GGOCC-00196,Product Manager,0.7925,RANKABLE,2,1
STU-PIP-1172,5,GGOCC-00196,Product Manager,0.7925,RANKABLE,2,1
STU-PIP-1173,5,GGOCC-00196,Product Manager,0.7925,RANKABLE,2,1
STU-PIP-1174,5,GGOCC-00196,Product Manager,0.7925,RANKABLE,2,1
STU-PIP-1175,5,GGOCC-00196,Product Manager,0.7925,RANKABLE,2,1
STU-PIP-1176,5,GGOCC-00196,Product Manager,0.7925,RANKABLE,2,1
STU-PIP-1177,5,GGOCC-00196,Product Manager,0.7925,RANKABLE,2,1
STU-PIP-1178,5,GGOCC-00196,Product Manager,0.7925,RANKABLE,2,1
STU-PIP-1179,5,GGOCC-00196,Product Manager,0.7925,RANKABLE,2,1
STU-PIP-1180,5,GGOCC-00196,Product Manager,0.7925,RANKABLE,2,1
STU-PIP-1181,5,GGOCC-00196,Product Manager,0.7925,RANKABLE,2,1
STU-PIP-1182,5,GGOCC-00196,Product Manager,0.7925,RANKABLE,2,1
STU-PIP-1183,5,GGOCC-00196,Product Manager,0.7925,RANKABLE,2,1
STU-PIP-1184,5,GGOCC-00196,Product Manager,0.7925,RANKABLE,2,1
STU-PIP-1185,5,GGOCC-00196,Product Manager,0.7925,RANKABLE,2,1
STU-PIP-1186,5,GGOCC-00196,Product Manager,0.7925,RANKABLE,2,1
STU-PIP-1187,5,GGOCC-00196,Product Manager,0.7925,RANKABLE,2,1
STU-PIP-1188,5,GGOCC-00196,Product Manager,0.7925,RANKABLE,2,1
STU-PIP-1189,5,GGOCC-00196,Product Manager,0.7925,RANKABLE,2,1
STU-PIP-1190,5,GGOCC-00196,Product Manager,0.7925,RANKABLE,2,1
STU-PIP-1191,5,GGOCC-00196,Product Manager,0.7925,RANKABLE,2,1
STU-PIP-1192,5,GGOCC-00196,Product Manager,0.7925,RANKABLE,2,1
STU-PIP-1193,5,GGOCC-00196,Product Manager,0.7925,RANKABLE,2,1
STU-PIP-1194,5,GGOCC-00196,Product Manager,0.7925,RANKABLE,2,1
STU-PIP-1195,5,GGOCC-00196,Product Manager,0.7925,RANKABLE,2,1
STU-PIP-1196,5,GGOCC-00196,Product Manager,0.7925,RANKABLE,2,1
STU-PIP-1197,5,GGOCC-00196,Product Manager,0.7925,RANKABLE,2,1
STU-PIP-1198,5,GGOCC-00196,Product Manager,0.7925,RANKABLE,2,1
STU-PIP-1199,5,GGOCC-00196,Product Manager,0.7925,RANKABLE,2,1
STU-PIP-1200,5,GGOCC-00196,Product Manager,0.7925,RANKABLE,2,1
STU-PIP-1201,5,GGOCC-00196,Product Manager,0.7925,RANKABLE,2,1
STU-PIP-1202,5,GGOCC-00196,Product Manager,0.7925,RANKABLE,2,1
STU-PIP-1203,5,GGOCC-00196,Product Manager,0.7925,RANKABLE,2,1
STU-PIP-1204,5,GGOCC-00196,Product Manager,0.7925,RANKABLE,2,1
STU-PIP-1205,5,GGOCC-00196,Product Manager,0.7925,RANKABLE,2,1
STU-PIP-1206,5,GGOCC-00196,Product Manager,0.7925,RANKABLE,2,1
STU-PIP-1207,5,GGOCC-00196,Product Manager,0.7925,RANKABLE,2,1
STU-PIP-1208,5,GGOCC-00196,Product Manager,0.7925,RANKABLE,2,1
STU-PIP-1209,5,GGOCC-00196,Product Manager,0.7925,RANKABLE,2,1
STU-PIP-1210,5,GGOCC-00196,Product Manager,0.7925,RANKABLE,2,1
STU-PIP-1211,5,GGOCC-00196,Product Manager,0.7925,RANKABLE,2,1
STU-PIP-1212,5,GGOCC-00196,Product Manager,0.7925,RANKABLE,2,1
STU-PIP-1213,5,GGOCC-00196,Product Manager,0.7925,RANKABLE,2,1
STU-PIP-1214,5,GGOCC-00196,Product Manager,0.7925,RANKABLE,2,1
STU-PIP-1215,5,GGOCC-00196,Product Manager,0.7925,RANKABLE,2,1
STU-PIP-1216,5,GGOCC-00196,Product Manager,0.7925,RANKABLE,2,1
STU-PIP-1217,5,GGOCC-00196,Product Manager,0.7925,RANKABLE,2,1
STU-PIP-1218,5,GGOCC-00196,Product Manager,0.7925,RANKABLE,2,1
STU-PIP-1219,5,GGOCC-00196,Product Manager,0.7925,RANKABLE,2,1
STU-PIP-1220,5,GGOCC-00196,Product Manager,0.7925,RANKABLE,2,1
STU-PIP-1221,5,GGOCC-00196,Product Manager,0.7925,RANKABLE,2,1
STU-PIP-1222,5,GGOCC-00196,Product Manager,0.7925,RANKABLE,2,1
STU-PIP-1223,5,GGOCC-00196,Product Manager,0.7925,RANKABLE,2,1
STU-PIP-1224,5,GGOCC-00196,Product Manager,0.7925,RANKABLE,2,1
STU-PIP-1225,5,GGOCC-00196,Product Manager,0.7925,RANKABLE,2,1
STU-PIP-1226,5,GGOCC-00196,Product Manager,0.7925,RANKABLE,2,1
STU-PIP-1227,5,GGOCC-00196,Product Manager,0.7925,RANKABLE,2,1
STU-PIP-1228,5,GGOCC-00196,Product Manager,0.7925,RANKABLE,2,1
STU-PIP-1229,5,GGOCC-00196,Product Manager,0.7925,RANKABLE,2,1
STU-PIP-1230,5,GGOCC-00196,Product Manager,0.7925,RANKABLE,2,1
STU-PIP-1231,5,GGOCC-00196,Product Manager,0.7925,RANKABLE,2,1
STU-PIP-1232,5,GGOCC-00196,Product Manager,0.7925,RANKABLE,2,1
STU-PIP-1233,5,GGOCC-00196,Product Manager,0.7925,RANKABLE,2,1
STU-PIP-1234,5,GGOCC-00196,Product Manager,0.7925,RANKABLE,2,1
STU-PIP-1235,5,GGOCC-00196,Product Manager,0.7925,RANKABLE,2,1
STU-PIP-1236,5,GGOCC-00196,Product Manager,0.7925,RANKABLE,2,1
STU-PIP-1237,5,GGOCC-00196,Product Manager,0.7925,RANKABLE,2,1
STU-PIP-1238,5,GGOCC-00196,Product Manager,0.7925,RANKABLE,2,1
STU-PIP-1239,5,GGOCC-00196,Product Manager,0.7925,RANKABLE,2,1
STU-PIP-1240,5,GGOCC-00196,Product Manager,0.7925,RANKABLE,2,1
STU-PIP-1241,5,GGOCC-00196,Product Manager,0.7925,RANKABLE,2,1
STU-PIP-1242,5,GGOCC-00196,Product Manager,0.7925,RANKABLE,2,1
STU-PIP-1243,5,GGOCC-00196,Product Manager,0.7925,RANKABLE,2,1
STU-PIP-1244,5,GGOCC-00196,Product Manager,0.7925,RANKABLE,2,1
STU-PIP-1245,5,GGOCC-00196,Product Manager,0.7925,RANKABLE,2,1
STU-PIP-1246,5,GGOCC-00196,Product Manager,0.7925,RANKABLE,2,1
STU-PIP-1247,5,GGOCC-00196,Product Manager,0.7925,RANKABLE,2,1
STU-PIP-1248,5,GGOCC-00196,Product Manager,0.7925,RANKABLE,2,1
STU-PIP-1249,5,GGOCC-00196,Product Manager,0.7925,RANKABLE,2,1
STU-PIP-1250,5,GGOCC-00196,Product Manager,0.7925,RANKABLE,2,1
STU-PIP-1251,5,GGOCC-00196,Product Manager,0.7925,RANKABLE,2,1
STU-PIP-1252,5,GGOCC-00196,Product Manager,0.7925,RANKABLE,2,1
STU-PIP-1253,5,GGOCC-00196,Product Manager,0.7925,RANKABLE,2,1
STU-PIP-1254,5,GGOCC-00196,Product Manager,0.7925,RANKABLE,2,1
STU-PIP-1255,5,GGOCC-00196,Product Manager,0.7925,RANKABLE,2,1
STU-PIP-1256,5,GGOCC-00196,Product Manager,0.7925,RANKABLE,2,1
STU-PIP-1257,5,GGOCC-00196,Product Manager,0.7925,RANKABLE,2,1
STU-PIP-1258,5,GGOCC-00196,Product Manager,0.7925,RANKABLE,2,1
STU-PIP-1259,5,GGOCC-00196,Product Manager,0.7925,RANKABLE,2,1
STU-PIP-1260,5,GGOCC-00196,Product Manager,0.7925,RANKABLE,2,1
STU-PIP-1261,5,GGOCC-00196,Product Manager,0.7925,RANKABLE,2,1
STU-PIP-1262,5,GGOCC-00196,Product Manager,0.7925,RANKABLE,2,1
STU-PIP-1263,5,GGOCC-00196,Product Manager,0.7925,RANKABLE,2,1
STU-PIP-1264,5,GGOCC-00196,Product Manager,0.7925,RANKABLE,2,1
STU-PIP-1265,5,GGOCC-00196,Product Manager,0.7925,RANKABLE,2,1
STU-PIP-1266,5,GGOCC-00196,Product Manager,0.7925,RANKABLE,2,1
STU-PIP-1267,5,GGOCC-00196,Product Manager,0.7925,RANKABLE,2,1
STU-PIP-1268,5,GGOCC-00196,Product Manager,0.7925,RANKABLE,2,1
STU-PIP-1269,5,GGOCC-00196,Product Manager,0.7925,RANKABLE,2,1
STU-PIP-1270,5,GGOCC-00196,Product Manager,0.7925,RANKABLE,2,1
STU-PIP-1271,5,GGOCC-00196,Product Manager,0.7925,RANKABLE,2,1
STU-PIP-1272,5,GGOCC-00196,Product Manager,0.7925,RANKABLE,2,1
STU-PIP-1273,5,GGOCC-00196,Product Manager,0.7925,RANKABLE,2,1
STU-PIP-1274,5,GGOCC-00196,Product Manager,0.7925,RANKABLE,2,1
STU-PIP-1275,5,GGOCC-00196,Product Manager,0.7925,RANKABLE,2,1
STU-PIP-1276,5,GGOCC-00196,Product Manager,0.7925,RANKABLE,2,1
STU-PIP-1277,5,GGOCC-00196,Product Manager,0.7925,RANKABLE,2,1
STU-PIP-1278,5,GGOCC-00196,Product Manager,0.7925,RANKABLE,2,1
STU-PIP-1279,5,GGOCC-00196,Product Manager,0.7925,RANKABLE,2,1
STU-PIP-1280,5,GGOCC-00196,Product Manager,0.7925,RANKABLE,2,1
STU-PIP-1281,5,GGOCC-00196,Product Manager,0.7925,RANKABLE,2,1
STU-PIP-1282,5,GGOCC-00196,Product Manager,0.7925,RANKABLE,2,1
STU-PIP-1283,5,GGOCC-00196,Product Manager,0.7925,RANKABLE,2,1
STU-PIP-1284,5,GGOCC-00196,Product Manager,0.7925,RANKABLE,2,1
STU-PIP-1285,5,GGOCC-00196,Product Manager,0.7925,RANKABLE,2,1
STU-PIP-1286,5,GGOCC-00196,Product Manager,0.7925,RANKABLE,2,1
STU-PIP-1287,5,GGOCC-00196,Product Manager,0.7925,RANKABLE,2,1
STU-PIP-1288,5,GGOCC-00196,Product Manager,0.7925,RANKABLE,2,1
STU-PIP-1289,5,GGOCC-00196,Product Manager,0.7925,RANKABLE,2,1
STU-PIP-1290,5,GGOCC-00196,Product Manager,0.7925,RANKABLE,2,1
STU-PIP-1291,5,GGOCC-00196,Product Manager,0.7925,RANKABLE,2,1
STU-PIP-1292,5,GGOCC-00196,Product Manager,0.7925,RANKABLE,2,1
STU-PIP-1293,5,GGOCC-00196,Product Manager,0.7925,RANKABLE,2,1
STU-PIP-1294,5,GGOCC-00196,Product Manager,0.7925,RANKABLE,2,1
STU-PIP-1295,5,GGOCC-00196,Product Manager,0.7925,RANKABLE,2,1
STU-PIP-1296,5,GGOCC-00196,Product Manager,0.7925,RANKABLE,2,1
STU-PIP-1297,5,GGOCC-00196,Product Manager,0.7925,RANKABLE,2,1
STU-PIP-1298,5,GGOCC-00196,Product Manager,0.7925,RANKABLE,2,1
STU-PIP-1299,5,GGOCC-00196,Product Manager,0.7925,RANKABLE,2,1
STU-PIP-1300,5,GGOCC-00196,Product Manager,0.7925,RANKABLE,2,1
STU-PIP-1301,5,GGOCC-00196,Product Manager,0.7925,RANKABLE,2,1
STU-PIP-1302,5,GGOCC-00196,Product Manager,0.7925,RANKABLE,2,1
STU-PIP-1303,5,GGOCC-00196,Product Manager,0.7925,RANKABLE,2,1
STU-PIP-1304,5,GGOCC-00196,Product Manager,0.7925,RANKABLE,2,1
STU-PIP-1305,5,GGOCC-00196,Product Manager,0.7925,RANKABLE,2,1
STU-PIP-1306,5,GGOCC-00196,Product Manager,0.7925,RANKABLE,2,1
STU-PIP-1307,5,GGOCC-00196,Product Manager,0.7925,RANKABLE,2,1
STU-PIP-1308,5,GGOCC-00196,Product Manager,0.7925,RANKABLE,2,1
STU-PIP-1309,5,GGOCC-00196,Product Manager,0.7925,RANKABLE,2,1
STU-PIP-1310,5,GGOCC-00196,Product Manager,0.7925,RANKABLE,2,1
STU-PIP-1311,5,GGOCC-00196,Product Manager,0.7925,RANKABLE,2,1
STU-PIP-1312,5,GGOCC-00196,Product Manager,0.7925,RANKABLE,2,1
STU-PIP-1313,5,GGOCC-00196,Product Manager,0.7925,RANKABLE,2,1
STU-PIP-1314,5,GGOCC-00196,Product Manager,0.7925,RANKABLE,2,1
STU-PIP-1315,5,GGOCC-00196,Product Manager,0.7925,RANKABLE,2,1
STU-PIP-1316,5,GGOCC-00196,Product Manager,0.7925,RANKABLE,2,1
STU-PIP-1317,5,GGOCC-00196,Product Manager,0.7925,RANKABLE,2,1
STU-PIP-1318,5,GGOCC-00196,Product Manager,0.7925,RANKABLE,2,1
STU-PIP-1319,5,GGOCC-00196,Product Manager,0.7925,RANKABLE,2,1
STU-PIP-1320,5,GGOCC-00196,Product Manager,0.7925,RANKABLE,2,1
STU-PIP-1321,5,GGOCC-00196,Product Manager,0.7925,RANKABLE,2,1
STU-PIP-1322,5,GGOCC-00196,Product Manager,0.7925,RANKABLE,2,1
STU-PIP-1323,5,GGOCC-00196,Product Manager,0.7925,RANKABLE,2,1
STU-PIP-1324,5,GGOCC-00196,Product Manager,0.7925,RANKABLE,2,1
STU-PIP-1325,5,GGOCC-00196,Product Manager,0.7925,RANKABLE,2,1
STU-PIP-1326,5,GGOCC-00196,Product Manager,0.7925,RANKABLE,2,1
STU-PIP-1327,5,GGOCC-00196,Product Manager,0.7925,RANKABLE,2,1
STU-PIP-1328,5,GGOCC-00196,Product Manager,0.7925,RANKABLE,2,1
STU-PIP-1329,5,GGOCC-00196,Product Manager,0.7925,RANKABLE,2,1
STU-PIP-1330,5,GGOCC-00196,Product Manager,0.7925,RANKABLE,2,1
STU-PIP-1331,5,GGOCC-00196,Product Manager,0.7925,RANKABLE,2,1
STU-PIP-1332,5,GGOCC-00196,Product Manager,0.7925,RANKABLE,2,1
STU-PIP-1333,5,GGOCC-00196,Product Manager,0.7925,RANKABLE,2,1
STU-PIP-1334,5,GGOCC-00196,Product Manager,0.7925,RANKABLE,2,1
STU-PIP-1335,5,GGOCC-00196,Product Manager,0.7925,RANKABLE,2,1
STU-PIP-1336,5,GGOCC-00196,Product Manager,0.7925,RANKABLE,2,1
STU-PIP-1337,5,GGOCC-00196,Product Manager,0.7925,RANKABLE,2,1
STU-PIP-1338,5,GGOCC-00196,Product Manager,0.7925,RANKABLE,2,1
STU-PIP-1339,5,GGOCC-00196,Product Manager,0.7925,RANKABLE,2,1
STU-PIP-1340,5,GGOCC-00196,Product Manager,0.7925,RANKABLE,2,1
STU-PIP-1341,5,GGOCC-00196,Product Manager,0.7925,RANKABLE,2,1
STU-PIP-1342,5,GGOCC-00196,Product Manager,0.7925,RANKABLE,2,1
STU-PIP-1343,5,GGOCC-00196,Product Manager,0.7925,RANKABLE,2,1
STU-PIP-1344,5,GGOCC-00196,Product Manager,0.7925,RANKABLE,2,1
STU-PIP-1345,5,GGOCC-00196,Product Manager,0.7925,RANKABLE,2,1
STU-PIP-1346,5,GGOCC-00196,Product Manager,0.7925,RANKABLE,2,1
STU-PIP-1347,5,GGOCC-00196,Product Manager,0.7925,RANKABLE,2,1
STU-PIP-1348,5,GGOCC-00196,Product Manager,0.7925,RANKABLE,2,1
STU-PIP-1349,5,GGOCC-00196,Product Manager,0.7925,RANKABLE,2,1
STU-PIP-1350,5,GGOCC-00196,Product Manager,0.7925,RANKABLE,2,1
STU-PIP-1351,5,GGOCC-00196,Product Manager,0.7925,RANKABLE,2,1
STU-PIP-1352,5,GGOCC-00196,Product Manager,0.7925,RANKABLE,2,1
STU-PIP-1353,5,GGOCC-00196,Product Manager,0.7925,RANKABLE,2,1
STU-PIP-1354,5,GGOCC-00196,Product Manager,0.7925,RANKABLE,2,1
STU-PIP-1355,5,GGOCC-00196,Product Manager,0.7925,RANKABLE,2,1
STU-PIP-1356,5,GGOCC-00196,Product Manager,0.7925,RANKABLE,2,1
STU-PIP-1357,5,GGOCC-00196,Product Manager,0.7925,RANKABLE,2,1
STU-PIP-1358,5,GGOCC-00196,Product Manager,0.7925,RANKABLE,2,1
STU-PIP-1359,5,GGOCC-00196,Product Manager,0.7925,RANKABLE,2,1
STU-PIP-1360,5,GGOCC-00196,Product Manager,0.7925,RANKABLE,2,1
STU-PIP-1361,5,GGOCC-00196,Product Manager,0.7925,RANKABLE,2,1
STU-PIP-1362,5,GGOCC-00196,Product Manager,0.7925,RANKABLE,2,1
STU-PIP-1363,5,GGOCC-00196,Product Manager,0.7925,RANKABLE,2,1
STU-PIP-1364,5,GGOCC-00196,Product Manager,0.7925,RANKABLE,2,1
STU-PIP-1365,5,GGOCC-00196,Product Manager,0.7925,RANKABLE,2,1
STU-PIP-1366,5,GGOCC-00196,Product Manager,0.7925,RANKABLE,2,1
STU-PIP-1367,5,GGOCC-00196,Product Manager,0.7925,RANKABLE,2,1
STU-PIP-1368,5,GGOCC-00196,Product Manager,0.7925,RANKABLE,2,1
STU-PIP-1369,5,GGOCC-00196,Product Manager,0.7925,RANKABLE,2,1
STU-PIP-1370,5,GGOCC-00196,Product Manager,0.7925,RANKABLE,2,1
STU-PIP-1371,5,GGOCC-00196,Product Manager,0.7925,RANKABLE,2,1
STU-PIP-1372,5,GGOCC-00196,Product Manager,0.7925,RANKABLE,2,1
STU-PIP-1373,5,GGOCC-00196,Product Manager,0.7925,RANKABLE,2,1
STU-PIP-1374,5,GGOCC-00196,Product Manager,0.7925,RANKABLE,2,1
STU-PIP-1375,5,GGOCC-00196,Product Manager,0.7925,RANKABLE,2,1
STU-PIP-1376,5,GGOCC-00196,Product Manager,0.7925,RANKABLE,2,1
STU-PIP-1377,5,GGOCC-00196,Product Manager,0.7925,RANKABLE,2,1
STU-PIP-1378,5,GGOCC-00196,Product Manager,0.7925,RANKABLE,2,1
STU-PIP-1379,5,GGOCC-00196,Product Manager,0.7925,RANKABLE,2,1
STU-PIP-1380,5,GGOCC-00196,Product Manager,0.7925,RANKABLE,2,1
STU-PIP-1381,5,GGOCC-00196,Product Manager,0.7925,RANKABLE,2,1
STU-PIP-1382,5,GGOCC-00196,Product Manager,0.7925,RANKABLE,2,1
STU-PIP-1383,5,GGOCC-00196,Product Manager,0.7925,RANKABLE,2,1
STU-PIP-1384,5,GGOCC-00196,Product Manager,0.7925,RANKABLE,2,1
STU-PIP-1385,5,GGOCC-00196,Product Manager,0.7925,RANKABLE,2,1
STU-PIP-1386,5,GGOCC-00196,Product Manager,0.7925,RANKABLE,2,1
STU-PIP-1387,5,GGOCC-00196,Product Manager,0.7925,RANKABLE,2,1
STU-PIP-1388,5,GGOCC-00196,Product Manager,0.7925,RANKABLE,2,1
STU-PIP-1389,5,GGOCC-00196,Product Manager,0.7925,RANKABLE,2,1
STU-PIP-1390,5,GGOCC-00196,Product Manager,0.7925,RANKABLE,2,1
STU-PIP-1391,5,GGOCC-00196,Product Manager,0.7925,RANKABLE,2,1
STU-PIP-1392,5,GGOCC-00196,Product Manager,0.7925,RANKABLE,2,1
STU-PIP-1393,5,GGOCC-00196,Product Manager,0.7925,RANKABLE,2,1
STU-PIP-1394,5,GGOCC-00196,Product Manager,0.7925,RANKABLE,2,1
STU-PIP-1395,5,GGOCC-00196,Product Manager,0.7925,RANKABLE,2,1
STU-PIP-1396,5,GGOCC-00196,Product Manager,0.7925,RANKABLE,2,1
STU-PIP-1397,5,GGOCC-00196,Product Manager,0.7925,RANKABLE,2,1
STU-PIP-1398,5,GGOCC-00196,Product Manager,0.7925,RANKABLE,2,1
STU-PIP-1399,5,GGOCC-00196,Product Manager,0.7925,RANKABLE,2,1
STU-PIP-1400,5,GGOCC-00196,Product Manager,0.7925,RANKABLE,2,1
STU-PIP-1401,5,GGOCC-00196,Product Manager,0.7925,RANKABLE,2,1
STU-PIP-1402,5,GGOCC-00196,Product Manager,0.7925,RANKABLE,2,1
STU-PIP-1403,5,GGOCC-00196,Product Manager,0.7925,RANKABLE,2,1
STU-PIP-1404,5,GGOCC-00196,Product Manager,0.7925,RANKABLE,2,1
STU-PIP-1405,5,GGOCC-00196,Product Manager,0.7925,RANKABLE,2,1
STU-PIP-1406,5,GGOCC-00196,Product Manager,0.7925,RANKABLE,2,1
STU-PIP-1407,5,GGOCC-00196,Product Manager,0.7925,RANKABLE,2,1
STU-PIP-1408,5,GGOCC-00196,Product Manager,0.7925,RANKABLE,2,1
STU-PIP-1409,5,GGOCC-00196,Product Manager,0.7925,RANKABLE,2,1
STU-PIP-1410,5,GGOCC-00196,Product Manager,0.7925,RANKABLE,2,1
STU-PIP-1411,5,GGOCC-00196,Product Manager,0.7925,RANKABLE,2,1
STU-PIP-1412,5,GGOCC-00196,Product Manager,0.7925,RANKABLE,2,1
STU-PIP-1413,5,GGOCC-00196,Product Manager,0.7925,RANKABLE,2,1
STU-PIP-1414,5,GGOCC-00196,Product Manager,0.7925,RANKABLE,2,1
STU-PIP-1415,5,GGOCC-00196,Product Manager,0.7925,RANKABLE,2,1
STU-PIP-1416,5,GGOCC-00196,Product Manager,0.7925,RANKABLE,2,1
STU-PIP-1417,5,GGOCC-00196,Product Manager,0.7925,RANKABLE,2,1
STU-PIP-1418,5,GGOCC-00196,Product Manager,0.7925,RANKABLE,2,1
STU-PIP-1419,5,GGOCC-00196,Product Manager,0.7925,RANKABLE,2,1
STU-PIP-1420,5,GGOCC-00196,Product Manager,0.7925,RANKABLE,2,1
STU-PIP-1421,5,GGOCC-00196,Product Manager,0.7925,RANKABLE,2,1
STU-PIP-1422,5,GGOCC-00196,Product Manager,0.7925,RANKABLE,2,1
STU-PIP-1423,5,GGOCC-00196,Product Manager,0.7925,RANKABLE,2,1
STU-PIP-1424,5,GGOCC-00196,Product Manager,0.7925,RANKABLE,2,1
STU-PIP-1425,5,GGOCC-00196,Product Manager,0.7925,RANKABLE,2,1
STU-PIP-1426,5,GGOCC-00196,Product Manager,0.7925,RANKABLE,2,1
STU-PIP-1427,5,GGOCC-00196,Product Manager,0.7925,RANKABLE,2,1
STU-PIP-1428,5,GGOCC-00196,Product Manager,0.7925,RANKABLE,2,1
STU-PIP-1429,5,GGOCC-00196,Product Manager,0.7925,RANKABLE,2,1
STU-PIP-1430,5,GGOCC-00196,Product Manager,0.7925,RANKABLE,2,1
STU-PIP-1431,5,GGOCC-00196,Product Manager,0.7925,RANKABLE,2,1
STU-PIP-1432,5,GGOCC-00196,Product Manager,0.7925,RANKABLE,2,1
STU-PIP-1433,5,GGOCC-00196,Product Manager,0.7925,RANKABLE,2,1
STU-PIP-1434,5,GGOCC-00196,Product Manager,0.7925,RANKABLE,2,1
STU-PIP-1435,5,GGOCC-00196,Product Manager,0.7925,RANKABLE,2,1
STU-PIP-1436,5,GGOCC-00196,Product Manager,0.7925,RANKABLE,2,1
STU-PIP-1437,5,GGOCC-00196,Product Manager,0.7925,RANKABLE,2,1
STU-PIP-1438,5,GGOCC-00196,Product Manager,0.7925,RANKABLE,2,1
STU-PIP-1439,5,GGOCC-00196,Product Manager,0.7925,RANKABLE,2,1
STU-PIP-1440,5,GGOCC-00196,Product Manager,0.7925,RANKABLE,2,1
STU-PIP-1441,5,GGOCC-00196,Product Manager,0.7925,RANKABLE,2,1
STU-PIP-1442,5,GGOCC-00196,Product Manager,0.7925,RANKABLE,2,1
STU-PIP-1443,5,GGOCC-00196,Product Manager,0.7925,RANKABLE,2,1
STU-PIP-1444,5,GGOCC-00196,Product Manager,0.7925,RANKABLE,2,1
STU-PIP-1445,5,GGOCC-00196,Product Manager,0.7925,RANKABLE,2,1
STU-PIP-1446,5,GGOCC-00196,Product Manager,0.7925,RANKABLE,2,1
STU-PIP-1447,5,GGOCC-00196,Product Manager,0.7925,RANKABLE,2,1
STU-PIP-1448,5,GGOCC-00196,Product Manager,0.7925,RANKABLE,2,1
STU-PIP-1449,5,GGOCC-00196,Product Manager,0.7925,RANKABLE,2,1
STU-PIP-1450,5,GGOCC-00196,Product Manager,0.7925,RANKABLE,2,1
STU-PIP-1451,5,GGOCC-00196,Product Manager,0.7925,RANKABLE,2,1
STU-PIP-1452,5,GGOCC-00196,Product Manager,0.7925,RANKABLE,2,1
STU-PIP-1453,5,GGOCC-00196,Product Manager,0.7925,RANKABLE,2,1
STU-PIP-1454,5,GGOCC-00196,Product Manager,0.7925,RANKABLE,2,1
STU-PIP-1455,5,GGOCC-00196,Product Manager,0.7925,RANKABLE,2,1
STU-PIP-1456,5,GGOCC-00196,Product Manager,0.7925,RANKABLE,2,1
STU-PIP-1457,5,GGOCC-00196,Product Manager,0.7925,RANKABLE,2,1
STU-PIP-1458,5,GGOCC-00196,Product Manager,0.7925,RANKABLE,2,1
STU-PIP-1459,5,GGOCC-00196,Product Manager,0.7925,RANKABLE,2,1
STU-PIP-1460,5,GGOCC-00196,Product Manager,0.7925,RANKABLE,2,1
STU-PIP-1461,5,GGOCC-00196,Product Manager,0.7925,RANKABLE,2,1
STU-PIP-1462,5,GGOCC-00196,Product Manager,0.7925,RANKABLE,2,1
STU-PIP-1463,5,GGOCC-00196,Product Manager,0.7925,RANKABLE,2,1
STU-PIP-1464,5,GGOCC-00196,Product Manager,0.7925,RANKABLE,2,1
STU-PIP-1465,5,GGOCC-00196,Product Manager,0.7925,RANKABLE,2,1
STU-PIP-1466,5,GGOCC-00196,Product Manager,0.7925,RANKABLE,2,1
STU-PIP-1467,5,GGOCC-00196,Product Manager,0.7925,RANKABLE,2,1
STU-PIP-1468,5,GGOCC-00196,Product Manager,0.7925,RANKABLE,2,1
STU-PIP-1469,5,GGOCC-00196,Product Manager,0.7925,RANKABLE,2,1
STU-PIP-1470,5,GGOCC-00196,Product Manager,0.7925,RANKABLE,2,1
STU-PIP-1471,5,GGOCC-00196,Product Manager,0.7925,RANKABLE,2,1
STU-PIP-1472,5,GGOCC-00196,Product Manager,0.7925,RANKABLE,2,1
STU-PIP-1473,5,GGOCC-00196,Product Manager,0.7925,RANKABLE,2,1
STU-PIP-1474,5,GGOCC-00196,Product Manager,0.7925,RANKABLE,2,1
STU-PIP-1475,5,GGOCC-00196,Product Manager,0.7925,RANKABLE,2,1
STU-PIP-1476,5,GGOCC-00196,Product Manager,0.7925,RANKABLE,2,1
STU-PIP-1477,5,GGOCC-00196,Product Manager,0.7925,RANKABLE,2,1
STU-PIP-1478,5,GGOCC-00196,Product Manager,0.7925,RANKABLE,2,1
STU-PIP-1479,5,GGOCC-00196,Product Manager,0.7925,RANKABLE,2,1
STU-PIP-1480,5,GGOCC-00196,Product Manager,0.7925,RANKABLE,2,1
STU-PIP-1481,5,GGOCC-00196,Product Manager,0.7925,RANKABLE,2,1
STU-PIP-1482,5,GGOCC-00196,Product Manager,0.7925,RANKABLE,2,1
STU-PIP-1483,5,GGOCC-00196,Product Manager,0.7925,RANKABLE,2,1
STU-PIP-1484,5,GGOCC-00196,Product Manager,0.7925,RANKABLE,2,1
STU-PIP-1485,5,GGOCC-00196,Product Manager,0.7925,RANKABLE,2,1
STU-PIP-1486,5,GGOCC-00196,Product Manager,0.7925,RANKABLE,2,1
STU-PIP-1487,5,GGOCC-00196,Product Manager,0.7925,RANKABLE,2,1
STU-PIP-1488,5,GGOCC-00196,Product Manager,0.7925,RANKABLE,2,1
STU-PIP-1489,5,GGOCC-00196,Product Manager,0.7925,RANKABLE,2,1
STU-PIP-1490,5,GGOCC-00196,Product Manager,0.7925,RANKABLE,2,1
STU-PIP-1491,5,GGOCC-00196,Product Manager,0.7925,RANKABLE,2,1
STU-PIP-1492,5,GGOCC-00196,Product Manager,0.7925,RANKABLE,2,1
STU-PIP-1493,5,GGOCC-00196,Product Manager,0.7925,RANKABLE,2,1
STU-PIP-1494,5,GGOCC-00196,Product Manager,0.7925,RANKABLE,2,1
STU-PIP-1495,5,GGOCC-00196,Product Manager,0.7925,RANKABLE,2,1
STU-PIP-1496,5,GGOCC-00196,Product Manager,0.7925,RANKABLE,2,1
STU-PIP-1497,5,GGOCC-00196,Product Manager,0.7925,RANKABLE,2,1
STU-PIP-1498,5,GGOCC-00196,Product Manager,0.7925,RANKABLE,2,1
STU-PIP-1499,5,GGOCC-00196,Product Manager,0.7925,RANKABLE,2,1
STU-PIP-1500,5,GGOCC-00196,Product Manager,0.7925,RANKABLE,2,1
STU-PIP-1501,5,GGOCC-00196,Product Manager,0.7925,RANKABLE,2,1
STU-PIP-1502,5,GGOCC-00196,Product Manager,0.7925,RANKABLE,2,1
STU-PIP-1503,5,GGOCC-00196,Product Manager,0.7925,RANKABLE,2,1
STU-PIP-1504,5,GGOCC-00196,Product Manager,0.7925,RANKABLE,2,1
STU-PIP-1505,5,GGOCC-00196,Product Manager,0.7925,RANKABLE,2,1
STU-PIP-1506,5,GGOCC-00196,Product Manager,0.7925,RANKABLE,2,1
STU-PIP-1507,5,GGOCC-00196,Product Manager,0.7925,RANKABLE,2,1
STU-PIP-1508,5,GGOCC-00196,Product Manager,0.7925,RANKABLE,2,1
STU-PIP-1509,5,GGOCC-00196,Product Manager,0.7925,RANKABLE,2,1
STU-PIP-1510,5,GGOCC-00196,Product Manager,0.7925,RANKABLE,2,1
STU-PIP-1511,5,GGOCC-00196,Product Manager,0.7925,RANKABLE,2,1
STU-PIP-1512,5,GGOCC-00196,Product Manager,0.7925,RANKABLE,2,1
STU-PIP-1513,5,GGOCC-00196,Product Manager,0.7925,RANKABLE,2,1
STU-PIP-1514,5,GGOCC-00196,Product Manager,0.7925,RANKABLE,2,1
STU-PIP-1515,5,GGOCC-00196,Product Manager,0.7925,RANKABLE,2,1
STU-PIP-1516,5,GGOCC-00196,Product Manager,0.7925,RANKABLE,2,1
STU-PIP-1517,5,GGOCC-00196,Product Manager,0.7925,RANKABLE,2,1
STU-PIP-1518,5,GGOCC-00196,Product Manager,0.7925,RANKABLE,2,1
STU-PIP-1519,5,GGOCC-00196,Product Manager,0.7925,RANKABLE,2,1
STU-PIP-1520,5,GGOCC-00196,Product Manager,0.7925,RANKABLE,2,1
STU-PIP-1521,5,GGOCC-00196,Product Manager,0.7925,RANKABLE,2,1
STU-PIP-1522,5,GGOCC-00196,Product Manager,0.7925,RANKABLE,2,1
STU-PIP-1523,5,GGOCC-00196,Product Manager,0.7925,RANKABLE,2,1
STU-PIP-1524,5,GGOCC-00196,Product Manager,0.7925,RANKABLE,2,1
STU-PIP-1525,5,GGOCC-00196,Product Manager,0.7925,RANKABLE,2,1
STU-PIP-1526,5,GGOCC-00196,Product Manager,0.7925,RANKABLE,2,1
STU-PIP-1527,5,GGOCC-00196,Product Manager,0.7925,RANKABLE,2,1
STU-PIP-1528,5,GGOCC-00196,Product Manager,0.7925,RANKABLE,2,1
STU-PIP-1529,5,GGOCC-00196,Product Manager,0.7925,RANKABLE,2,1
STU-PIP-1530,5,GGOCC-00196,Product Manager,0.7925,RANKABLE,2,1
STU-PIP-1531,5,GGOCC-00196,Product Manager,0.7925,RANKABLE,2,1
STU-PIP-1532,5,GGOCC-00196,Product Manager,0.7925,RANKABLE,2,1
STU-PIP-1533,5,GGOCC-00196,Product Manager,0.7925,RANKABLE,2,1
STU-PIP-1534,5,GGOCC-00196,Product Manager,0.7925,RANKABLE,2,1
STU-PIP-1535,5,GGOCC-00196,Product Manager,0.7925,RANKABLE,2,1
STU-PIP-1536,5,GGOCC-00196,Product Manager,0.7925,RANKABLE,2,1
STU-PIP-1537,5,GGOCC-00196,Product Manager,0.7925,RANKABLE,2,1
STU-PIP-1538,5,GGOCC-00196,Product Manager,0.7925,RANKABLE,2,1
STU-PIP-1539,5,GGOCC-00196,Product Manager,0.7925,RANKABLE,2,1
STU-PIP-1540,5,GGOCC-00196,Product Manager,0.7925,RANKABLE,2,1
STU-PIP-1541,5,GGOCC-00196,Product Manager,0.7925,RANKABLE,2,1
STU-PIP-1542,5,GGOCC-00196,Product Manager,0.7925,RANKABLE,2,1
STU-PIP-1543,5,GGOCC-00196,Product Manager,0.7925,RANKABLE,2,1
STU-PIP-1544,5,GGOCC-00196,Product Manager,0.7925,RANKABLE,2,1
STU-PIP-1545,5,GGOCC-00196,Product Manager,0.7925,RANKABLE,2,1
STU-PIP-1546,5,GGOCC-00196,Product Manager,0.7925,RANKABLE,2,1
STU-PIP-1547,5,GGOCC-00196,Product Manager,0.7925,RANKABLE,2,1
STU-PIP-1548,5,GGOCC-00196,Product Manager,0.7925,RANKABLE,2,1
STU-PIP-1549,5,GGOCC-00196,Product Manager,0.7925,RANKABLE,2,1
STU-PIP-1550,5,GGOCC-00196,Product Manager,0.7925,RANKABLE,2,1
STU-PIP-1551,5,GGOCC-00196,Product Manager,0.7925,RANKABLE,2,1
STU-PIP-1552,5,GGOCC-00196,Product Manager,0.7925,RANKABLE,2,1
STU-PIP-1553,5,GGOCC-00196,Product Manager,0.7925,RANKABLE,2,1
STU-PIP-1554,5,GGOCC-00196,Product Manager,0.7925,RANKABLE,2,1
STU-PIP-1555,5,GGOCC-00196,Product Manager,0.7925,RANKABLE,2,1
STU-PIP-1556,5,GGOCC-00196,Product Manager,0.7925,RANKABLE,2,1
STU-PIP-1557,5,GGOCC-00196,Product Manager,0.7925,RANKABLE,2,1
STU-PIP-1558,5,GGOCC-00196,Product Manager,0.7925,RANKABLE,2,1
STU-PIP-1559,5,GGOCC-00196,Product Manager,0.7925,RANKABLE,2,1
STU-PIP-1560,5,GGOCC-00196,Product Manager,0.7925,RANKABLE,2,1
STU-PIP-1561,5,GGOCC-00196,Product Manager,0.7925,RANKABLE,2,1
STU-PIP-1562,5,GGOCC-00196,Product Manager,0.7925,RANKABLE,2,1
STU-PIP-1563,5,GGOCC-00196,Product Manager,0.7925,RANKABLE,2,1
STU-PIP-1564,5,GGOCC-00196,Product Manager,0.7925,RANKABLE,2,1
STU-PIP-1565,5,GGOCC-00196,Product Manager,0.7925,RANKABLE,2,1
STU-PIP-1566,5,GGOCC-00196,Product Manager,0.7925,RANKABLE,2,1
STU-PIP-1567,5,GGOCC-00196,Product Manager,0.7925,RANKABLE,2,1
STU-PIP-1568,5,GGOCC-00196,Product Manager,0.7925,RANKABLE,2,1
STU-PIP-1569,5,GGOCC-00196,Product Manager,0.7925,RANKABLE,2,1
STU-PIP-1570,5,GGOCC-00196,Product Manager,0.7925,RANKABLE,2,1
STU-PIP-1571,5,GGOCC-00196,Product Manager,0.7925,RANKABLE,2,1
STU-PIP-1572,5,GGOCC-00196,Product Manager,0.7925,RANKABLE,2,1
STU-PIP-1573,5,GGOCC-00196,Product Manager,0.7925,RANKABLE,2,1
STU-PIP-1574,5,GGOCC-00196,Product Manager,0.7925,RANKABLE,2,1
STU-PIP-1575,5,GGOCC-00196,Product Manager,0.7925,RANKABLE,2,1
STU-PIP-1576,5,GGOCC-00196,Product Manager,0.7925,RANKABLE,2,1
STU-PIP-1577,5,GGOCC-00196,Product Manager,0.7925,RANKABLE,2,1
STU-PIP-1578,5,GGOCC-00196,Product Manager,0.7925,RANKABLE,2,1
STU-PIP-1579,5,GGOCC-00196,Product Manager,0.7925,RANKABLE,2,1
STU-PIP-1580,5,GGOCC-00196,Product Manager,0.7925,RANKABLE,2,1
STU-PIP-1581,5,GGOCC-00196,Product Manager,0.7925,RANKABLE,2,1
STU-PIP-1582,5,GGOCC-00196,Product Manager,0.7925,RANKABLE,2,1
STU-PIP-1583,5,GGOCC-00196,Product Manager,0.7925,RANKABLE,2,1
STU-PIP-1584,5,GGOCC-00196,Product Manager,0.7925,RANKABLE,2,1
STU-PIP-1585,5,GGOCC-00196,Product Manager,0.7925,RANKABLE,2,1
STU-PIP-1586,5,GGOCC-00196,Product Manager,0.7925,RANKABLE,2,1
STU-PIP-1587,5,GGOCC-00196,Product Manager,0.7925,RANKABLE,2,1
STU-PIP-1588,5,GGOCC-00196,Product Manager,0.7925,RANKABLE,2,1
STU-PIP-1589,5,GGOCC-00196,Product Manager,0.7925,RANKABLE,2,1
STU-PIP-1590,5,GGOCC-00196,Product Manager,0.7925,RANKABLE,2,1
STU-PIP-1591,5,GGOCC-00196,Product Manager,0.7925,RANKABLE,2,1
STU-PIP-1592,5,GGOCC-00196,Product Manager,0.7925,RANKABLE,2,1
STU-PIP-1593,5,GGOCC-00196,Product Manager,0.7925,RANKABLE,2,1
STU-PIP-1594,5,GGOCC-00196,Product Manager,0.7925,RANKABLE,2,1
STU-PIP-1595,5,GGOCC-00196,Product Manager,0.7925,RANKABLE,2,1
STU-PIP-1596,5,GGOCC-00196,Product Manager,0.7925,RANKABLE,2,1
STU-PIP-1597,5,GGOCC-00196,Product Manager,0.7925,RANKABLE,2,1
STU-PIP-1598,5,GGOCC-00196,Product Manager,0.7925,RANKABLE,2,1
STU-PIP-1599,5,GGOCC-00196,Product Manager,0.7925,RANKABLE,2,1
STU-PIP-1600,5,GGOCC-00196,Product Manager,0.7925,RANKABLE,2,1
STU-PIP-1601,5,GGOCC-00196,Product Manager,0.7925,RANKABLE,2,1
STU-PIP-1602,5,GGOCC-00196,Product Manager,0.7925,RANKABLE,2,1
STU-PIP-1603,5,GGOCC-00196,Product Manager,0.7925,RANKABLE,2,1
STU-PIP-1604,5,GGOCC-00196,Product Manager,0.7925,RANKABLE,2,1
STU-PIP-1605,5,GGOCC-00196,Product Manager,0.7925,RANKABLE,2,1
STU-PIP-1606,5,GGOCC-00196,Product Manager,0.7925,RANKABLE,2,1
STU-PIP-1607,5,GGOCC-00196,Product Manager,0.7925,RANKABLE,2,1
STU-PIP-1608,5,GGOCC-00196,Product Manager,0.7925,RANKABLE,2,1
STU-PIP-1609,5,GGOCC-00196,Product Manager,0.7925,RANKABLE,2,1
STU-PIP-1610,5,GGOCC-00196,Product Manager,0.7925,RANKABLE,2,1
STU-PIP-1611,5,GGOCC-00196,Product Manager,0.7925,RANKABLE,2,1
STU-PIP-1612,5,GGOCC-00196,Product Manager,0.7925,RANKABLE,2,1
STU-PIP-1613,5,GGOCC-00196,Product Manager,0.7925,RANKABLE,2,1
STU-PIP-1614,5,GGOCC-00196,Product Manager,0.7925,RANKABLE,2,1
STU-PIP-1615,5,GGOCC-00196,Product Manager,0.7925,RANKABLE,2,1
STU-PIP-1616,5,GGOCC-00196,Product Manager,0.7925,RANKABLE,2,1
STU-PIP-1617,5,GGOCC-00196,Product Manager,0.7925,RANKABLE,2,1
STU-PIP-1618,5,GGOCC-00196,Product Manager,0.7925,RANKABLE,2,1
STU-PIP-1619,5,GGOCC-00196,Product Manager,0.7925,RANKABLE,2,1
STU-PIP-1620,5,GGOCC-00196,Product Manager,0.7925,RANKABLE,2,1
STU-PIP-1621,5,GGOCC-00196,Product Manager,0.7925,RANKABLE,2,1
STU-PIP-1622,5,GGOCC-00196,Product Manager,0.7925,RANKABLE,2,1
STU-PIP-1623,5,GGOCC-00196,Product Manager,0.7925,RANKABLE,2,1
STU-PIP-1624,5,GGOCC-00196,Product Manager,0.7925,RANKABLE,2,1
STU-PIP-1625,5,GGOCC-00196,Product Manager,0.7925,RANKABLE,2,1
STU-PIP-1626,5,GGOCC-00196,Product Manager,0.7925,RANKABLE,2,1
STU-PIP-1627,5,GGOCC-00196,Product Manager,0.7925,RANKABLE,2,1
STU-PIP-1628,5,GGOCC-00196,Product Manager,0.7925,RANKABLE,2,1
STU-PIP-1629,5,GGOCC-00196,Product Manager,0.7925,RANKABLE,2,1
STU-PIP-1630,5,GGOCC-00196,Product Manager,0.7925,RANKABLE,2,1
STU-PIP-1631,5,GGOCC-00196,Product Manager,0.7925,RANKABLE,2,1
STU-PIP-1632,5,GGOCC-00196,Product Manager,0.7925,RANKABLE,2,1
STU-PIP-1633,5,GGOCC-00196,Product Manager,0.7925,RANKABLE,2,1
STU-PIP-1634,5,GGOCC-00196,Product Manager,0.7925,RANKABLE,2,1
STU-PIP-1635,5,GGOCC-00196,Product Manager,0.7925,RANKABLE,2,1
STU-PIP-1636,5,GGOCC-00196,Product Manager,0.7925,RANKABLE,2,1
STU-PIP-1637,5,GGOCC-00196,Product Manager,0.7925,RANKABLE,2,1
STU-PIP-1638,5,GGOCC-00196,Product Manager,0.7925,RANKABLE,2,1
STU-PIP-1639,5,GGOCC-00196,Product Manager,0.7925,RANKABLE,2,1
STU-PIP-1640,5,GGOCC-00196,Product Manager,0.7925,RANKABLE,2,1
STU-PIP-1641,5,GGOCC-00196,Product Manager,0.7925,RANKABLE,2,1
STU-PIP-1642,5,GGOCC-00196,Product Manager,0.7925,RANKABLE,2,1
STU-PIP-1643,5,GGOCC-00196,Product Manager,0.7925,RANKABLE,2,1
STU-PIP-1644,5,GGOCC-00196,Product Manager,0.7925,RANKABLE,2,1
STU-PIP-1645,5,GGOCC-00196,Product Manager,0.7925,RANKABLE,2,1
STU-PIP-1646,5,GGOCC-00196,Product Manager,0.7925,RANKABLE,2,1
STU-PIP-1647,5,GGOCC-00196,Product Manager,0.7925,RANKABLE,2,1
STU-PIP-1648,5,GGOCC-00196,Product Manager,0.7925,RANKABLE,2,1
STU-PIP-1649,5,GGOCC-00196,Product Manager,0.7925,RANKABLE,2,1
STU-PIP-1650,5,GGOCC-00196,Product Manager,0.7925,RANKABLE,2,1
STU-PIP-1651,5,GGOCC-00196,Product Manager,0.7925,RANKABLE,2,1
STU-PIP-1652,5,GGOCC-00196,Product Manager,0.7925,RANKABLE,2,1
STU-PIP-1653,5,GGOCC-00196,Product Manager,0.7925,RANKABLE,2,1
STU-PIP-1654,5,GGOCC-00196,Product Manager,0.7925,RANKABLE,2,1
STU-PIP-1655,5,GGOCC-00196,Product Manager,0.7925,RANKABLE,2,1
STU-PIP-1656,5,GGOCC-00196,Product Manager,0.7925,RANKABLE,2,1
STU-PIP-1657,5,GGOCC-00196,Product Manager,0.7925,RANKABLE,2,1
STU-PIP-1658,5,GGOCC-00196,Product Manager,0.7925,RANKABLE,2,1
STU-PIP-1659,5,GGOCC-00196,Product Manager,0.7925,RANKABLE,2,1
STU-PIP-1660,5,GGOCC-00196,Product Manager,0.7925,RANKABLE,2,1
STU-PIP-1661,5,GGOCC-00196,Product Manager,0.7925,RANKABLE,2,1
STU-PIP-1662,5,GGOCC-00196,Product Manager,0.7925,RANKABLE,2,1
STU-PIP-1663,5,GGOCC-00196,Product Manager,0.7925,RANKABLE,2,1
STU-PIP-1664,5,GGOCC-00196,Product Manager,0.7925,RANKABLE,2,1
STU-PIP-1665,5,GGOCC-00196,Product Manager,0.7925,RANKABLE,2,1
STU-PIP-1666,5,GGOCC-00196,Product Manager,0.7925,RANKABLE,2,1
STU-PIP-1667,5,GGOCC-00196,Product Manager,0.7925,RANKABLE,2,1
STU-PIP-1668,5,GGOCC-00196,Product Manager,0.7925,RANKABLE,2,1
STU-PIP-1669,5,GGOCC-00196,Product Manager,0.7925,RANKABLE,2,1
STU-PIP-1670,5,GGOCC-00196,Product Manager,0.7925,RANKABLE,2,1
STU-PIP-1671,5,GGOCC-00196,Product Manager,0.7925,RANKABLE,2,1
STU-PIP-1672,5,GGOCC-00196,Product Manager,0.7925,RANKABLE,2,1
STU-PIP-1673,5,GGOCC-00196,Product Manager,0.7925,RANKABLE,2,1
STU-PIP-1674,5,GGOCC-00196,Product Manager,0.7925,RANKABLE,2,1
STU-PIP-1675,5,GGOCC-00196,Product Manager,0.7925,RANKABLE,2,1
STU-PIP-1676,5,GGOCC-00196,Product Manager,0.7925,RANKABLE,2,1
STU-PIP-1677,5,GGOCC-00196,Product Manager,0.7925,RANKABLE,2,1
STU-PIP-1678,5,GGOCC-00196,Product Manager,0.7925,RANKABLE,2,1
STU-PIP-1679,5,GGOCC-00196,Product Manager,0.7925,RANKABLE,2,1
STU-PIP-1680,5,GGOCC-00196,Product Manager,0.7925,RANKABLE,2,1
STU-PIP-1681,5,GGOCC-00196,Product Manager,0.7925,RANKABLE,2,1
STU-PIP-1682,5,GGOCC-00196,Product Manager,0.7925,RANKABLE,2,1
STU-PIP-1683,5,GGOCC-00196,Product Manager,0.7925,RANKABLE,2,1
STU-PIP-1684,5,GGOCC-00196,Product Manager,0.7925,RANKABLE,2,1
STU-PIP-1685,5,GGOCC-00196,Product Manager,0.7925,RANKABLE,2,1
STU-PIP-1686,5,GGOCC-00196,Product Manager,0.7925,RANKABLE,2,1
STU-PIP-1687,5,GGOCC-00196,Product Manager,0.7925,RANKABLE,2,1
STU-PIP-1688,5,GGOCC-00196,Product Manager,0.7925,RANKABLE,2,1
STU-PIP-1689,5,GGOCC-00196,Product Manager,0.7925,RANKABLE,2,1
STU-PIP-1690,5,GGOCC-00196,Product Manager,0.7925,RANKABLE,2,1
STU-PIP-1691,5,GGOCC-00196,Product Manager,0.7925,RANKABLE,2,1
STU-PIP-1692,5,GGOCC-00196,Product Manager,0.7925,RANKABLE,2,1
STU-PIP-1693,5,GGOCC-00196,Product Manager,0.7925,RANKABLE,2,1
STU-PIP-1694,5,GGOCC-00196,Product Manager,0.7925,RANKABLE,2,1
STU-PIP-1695,5,GGOCC-00196,Product Manager,0.7925,RANKABLE,2,1
STU-PIP-1696,5,GGOCC-00196,Product Manager,0.7925,RANKABLE,2,1
STU-PIP-1697,5,GGOCC-00196,Product Manager,0.7925,RANKABLE,2,1
STU-PIP-1698,5,GGOCC-00196,Product Manager,0.7925,RANKABLE,2,1
STU-PIP-1699,5,GGOCC-00196,Product Manager,0.7925,RANKABLE,2,1
STU-PIP-1700,5,GGOCC-00196,Product Manager,0.7925,RANKABLE,2,1
STU-PIP-1701,5,GGOCC-00196,Product Manager,0.7925,RANKABLE,2,1
STU-PIP-1702,5,GGOCC-00196,Product Manager,0.7925,RANKABLE,2,1
STU-PIP-1703,5,GGOCC-00196,Product Manager,0.7925,RANKABLE,2,1
STU-PIP-1704,5,GGOCC-00196,Product Manager,0.7925,RANKABLE,2,1
STU-PIP-1705,5,GGOCC-00196,Product Manager,0.7925,RANKABLE,2,1
STU-PIP-1706,5,GGOCC-00196,Product Manager,0.7925,RANKABLE,2,1
STU-PIP-1707,5,GGOCC-00196,Product Manager,0.7925,RANKABLE,2,1
STU-PIP-1708,5,GGOCC-00196,Product Manager,0.7925,RANKABLE,2,1
STU-PIP-1709,5,GGOCC-00196,Product Manager,0.7925,RANKABLE,2,1
STU-PIP-1710,5,GGOCC-00196,Product Manager,0.7925,RANKABLE,2,1
STU-PIP-1711,5,GGOCC-00196,Product Manager,0.7925,RANKABLE,2,1
STU-PIP-1712,5,GGOCC-00196,Product Manager,0.7925,RANKABLE,2,1
STU-PIP-1713,5,GGOCC-00196,Product Manager,0.7925,RANKABLE,2,1
STU-PIP-1714,5,GGOCC-00196,Product Manager,0.7925,RANKABLE,2,1
STU-PIP-1715,5,GGOCC-00196,Product Manager,0.7925,RANKABLE,2,1
STU-PIP-1716,5,GGOCC-00196,Product Manager,0.7925,RANKABLE,2,1
STU-PIP-1717,5,GGOCC-00196,Product Manager,0.7925,RANKABLE,2,1
STU-PIP-1718,5,GGOCC-00196,Product Manager,0.7925,RANKABLE,2,1
STU-PIP-1719,5,GGOCC-00196,Product Manager,0.7925,RANKABLE,2,1
STU-PIP-1720,5,GGOCC-00196,Product Manager,0.7925,RANKABLE,2,1
STU-PIP-1721,5,GGOCC-00196,Product Manager,0.7925,RANKABLE,2,1
STU-PIP-1722,5,GGOCC-00196,Product Manager,0.7925,RANKABLE,2,1
STU-PIP-1723,5,GGOCC-00196,Product Manager,0.7925,RANKABLE,2,1
STU-PIP-1724,5,GGOCC-00196,Product Manager,0.7925,RANKABLE,2,1
STU-PIP-1725,5,GGOCC-00196,Product Manager,0.7925,RANKABLE,2,1
STU-PIP-1726,5,GGOCC-00196,Product Manager,0.7925,RANKABLE,2,1
STU-PIP-1727,5,GGOCC-00196,Product Manager,0.7925,RANKABLE,2,1
STU-PIP-1728,5,GGOCC-00196,Product Manager,0.7925,RANKABLE,2,1
STU-PIP-1729,5,GGOCC-00196,Product Manager,0.7925,RANKABLE,2,1
STU-PIP-1730,5,GGOCC-00196,Product Manager,0.7925,RANKABLE,2,1
STU-PIP-1731,5,GGOCC-00196,Product Manager,0.7925,RANKABLE,2,1
STU-PIP-1732,5,GGOCC-00196,Product Manager,0.7925,RANKABLE,2,1
STU-PIP-1733,5,GGOCC-00196,Product Manager,0.7925,RANKABLE,2,1
STU-PIP-1734,5,GGOCC-00196,Product Manager,0.7925,RANKABLE,2,1
STU-PIP-1735,5,GGOCC-00196,Product Manager,0.7925,RANKABLE,2,1
STU-PIP-1736,5,GGOCC-00196,Product Manager,0.7925,RANKABLE,2,1
STU-PIP-1737,5,GGOCC-00196,Product Manager,0.7925,RANKABLE,2,1
STU-PIP-1738,5,GGOCC-00196,Product Manager,0.7925,RANKABLE,2,1
STU-PIP-1739,5,GGOCC-00196,Product Manager,0.7925,RANKABLE,2,1
STU-PIP-1740,5,GGOCC-00196,Product Manager,0.7925,RANKABLE,2,1
STU-PIP-1741,5,GGOCC-00196,Product Manager,0.7925,RANKABLE,2,1
STU-PIP-1742,5,GGOCC-00196,Product Manager,0.7925,RANKABLE,2,1
STU-PIP-1743,5,GGOCC-00196,Product Manager,0.7925,RANKABLE,2,1
STU-PIP-1744,5,GGOCC-00196,Product Manager,0.7925,RANKABLE,2,1
STU-PIP-1745,5,GGOCC-00196,Product Manager,0.7925,RANKABLE,2,1
STU-PIP-1746,5,GGOCC-00196,Product Manager,0.7925,RANKABLE,2,1
STU-PIP-1747,5,GGOCC-00196,Product Manager,0.7925,RANKABLE,2,1
STU-PIP-1748,5,GGOCC-00196,Product Manager,0.7925,RANKABLE,2,1
STU-PIP-1749,5,GGOCC-00196,Product Manager,0.7925,RANKABLE,2,1
STU-PIP-1750,5,GGOCC-00196,Product Manager,0.7925,RANKABLE,2,1
STU-PIP-1751,5,GGOCC-00196,Product Manager,0.7925,RANKABLE,2,1
STU-PIP-1752,5,GGOCC-00196,Product Manager,0.7925,RANKABLE,2,1
STU-PIP-1753,5,GGOCC-00196,Product Manager,0.7925,RANKABLE,2,1
STU-PIP-1754,5,GGOCC-00196,Product Manager,0.7925,RANKABLE,2,1
STU-PIP-1755,5,GGOCC-00196,Product Manager,0.7925,RANKABLE,2,1
STU-PIP-1756,5,GGOCC-00196,Product Manager,0.7925,RANKABLE,2,1
STU-PIP-1757,5,GGOCC-00196,Product Manager,0.7925,RANKABLE,2,1
STU-PIP-1758,5,GGOCC-00196,Product Manager,0.7925,RANKABLE,2,1
STU-PIP-1759,5,GGOCC-00196,Product Manager,0.7925,RANKABLE,2,1
STU-PIP-1760,5,GGOCC-00196,Product Manager,0.7925,RANKABLE,2,1
STU-PIP-1761,5,GGOCC-00196,Product Manager,0.7925,RANKABLE,2,1
STU-PIP-1762,5,GGOCC-00196,Product Manager,0.7925,RANKABLE,2,1
STU-PIP-1763,5,GGOCC-00196,Product Manager,0.7925,RANKABLE,2,1
STU-PIP-1764,5,GGOCC-00196,Product Manager,0.7925,RANKABLE,2,1
STU-PIP-1765,5,GGOCC-00196,Product Manager,0.7925,RANKABLE,2,1
STU-PIP-1766,5,GGOCC-00196,Product Manager,0.7925,RANKABLE,2,1
STU-PIP-1767,5,GGOCC-00196,Product Manager,0.7925,RANKABLE,2,1
STU-PIP-1768,5,GGOCC-00196,Product Manager,0.7925,RANKABLE,2,1
STU-PIP-1769,5,GGOCC-00196,Product Manager,0.7925,RANKABLE,2,1
STU-PIP-1770,5,GGOCC-00196,Product Manager,0.7925,RANKABLE,2,1
STU-PIP-1771,5,GGOCC-00196,Product Manager,0.7925,RANKABLE,2,1
STU-PIP-1772,5,GGOCC-00196,Product Manager,0.7925,RANKABLE,2,1
STU-PIP-1773,5,GGOCC-00196,Product Manager,0.7925,RANKABLE,2,1
STU-PIP-1774,5,GGOCC-00196,Product Manager,0.7925,RANKABLE,2,1
STU-PIP-1775,5,GGOCC-00196,Product Manager,0.7925,RANKABLE,2,1
STU-PIP-1776,5,GGOCC-00196,Product Manager,0.7925,RANKABLE,2,1
STU-PIP-1777,5,GGOCC-00196,Product Manager,0.7925,RANKABLE,2,1
STU-PIP-1778,5,GGOCC-00196,Product Manager,0.7925,RANKABLE,2,1
STU-PIP-1779,5,GGOCC-00196,Product Manager,0.7925,RANKABLE,2,1
STU-PIP-1780,5,GGOCC-00196,Product Manager,0.7925,RANKABLE,2,1
STU-PIP-1781,5,GGOCC-00196,Product Manager,0.7925,RANKABLE,2,1
STU-PIP-1782,5,GGOCC-00196,Product Manager,0.7925,RANKABLE,2,1
STU-PIP-1783,5,GGOCC-00196,Product Manager,0.7925,RANKABLE,2,1
STU-PIP-1784,5,GGOCC-00196,Product Manager,0.7925,RANKABLE,2,1
STU-PIP-1785,5,GGOCC-00196,Product Manager,0.7925,RANKABLE,2,1
STU-PIP-1786,5,GGOCC-00196,Product Manager,0.7925,RANKABLE,2,1
STU-PIP-1787,5,GGOCC-00196,Product Manager,0.7925,RANKABLE,2,1
STU-PIP-1788,5,GGOCC-00196,Product Manager,0.7925,RANKABLE,2,1
STU-PIP-1789,5,GGOCC-00196,Product Manager,0.7925,RANKABLE,2,1
STU-PIP-1790,5,GGOCC-00196,Product Manager,0.7925,RANKABLE,2,1
STU-PIP-1791,5,GGOCC-00196,Product Manager,0.7925,RANKABLE,2,1
STU-PIP-1792,5,GGOCC-00196,Product Manager,0.7925,RANKABLE,2,1
STU-PIP-1793,5,GGOCC-00196,Product Manager,0.7925,RANKABLE,2,1
STU-PIP-1794,5,GGOCC-00196,Product Manager,0.7925,RANKABLE,2,1
STU-PIP-1795,5,GGOCC-00196,Product Manager,0.7925,RANKABLE,2,1
STU-PIP-1796,5,GGOCC-00196,Product Manager,0.7925,RANKABLE,2,1
STU-PIP-1797,5,GGOCC-00196,Product Manager,0.7925,RANKABLE,2,1
STU-PIP-1798,5,GGOCC-00196,Product Manager,0.7925,RANKABLE,2,1
STU-PIP-1799,5,GGOCC-00196,Product Manager,0.7925,RANKABLE,2,1
STU-PIP-1800,5,GGOCC-00196,Product Manager,0.7925,RANKABLE,2,1
STU-PIP-1801,5,GGOCC-00196,Product Manager,0.7925,RANKABLE,2,1
STU-PIP-1802,5,GGOCC-00196,Product Manager,0.7925,RANKABLE,2,1
STU-PIP-1803,5,GGOCC-00196,Product Manager,0.7925,RANKABLE,2,1
STU-PIP-1804,5,GGOCC-00196,Product Manager,0.7925,RANKABLE,2,1
STU-PIP-1805,5,GGOCC-00196,Product Manager,0.7925,RANKABLE,2,1
STU-PIP-1806,5,GGOCC-00196,Product Manager,0.7925,RANKABLE,2,1
STU-PIP-1807,5,GGOCC-00196,Product Manager,0.7925,RANKABLE,2,1
STU-PIP-1808,5,GGOCC-00196,Product Manager,0.7925,RANKABLE,2,1
STU-PIP-1809,5,GGOCC-00196,Product Manager,0.7925,RANKABLE,2,1
STU-PIP-1810,5,GGOCC-00196,Product Manager,0.7925,RANKABLE,2,1
STU-PIP-1811,5,GGOCC-00196,Product Manager,0.7925,RANKABLE,2,1
STU-PIP-1812,5,GGOCC-00196,Product Manager,0.7925,RANKABLE,2,1
STU-PIP-1813,5,GGOCC-00196,Product Manager,0.7925,RANKABLE,2,1
STU-PIP-1814,5,GGOCC-00196,Product Manager,0.7925,RANKABLE,2,1
STU-PIP-1815,5,GGOCC-00196,Product Manager,0.7925,RANKABLE,2,1
STU-PIP-1816,5,GGOCC-00196,Product Manager,0.7925,RANKABLE,2,1
STU-PIP-1817,5,GGOCC-00196,Product Manager,0.7925,RANKABLE,2,1
STU-PIP-1818,5,GGOCC-00196,Product Manager,0.7925,RANKABLE,2,1
STU-PIP-1819,5,GGOCC-00196,Product Manager,0.7925,RANKABLE,2,1
STU-PIP-1820,5,GGOCC-00196,Product Manager,0.7925,RANKABLE,2,1
STU-PIP-1821,5,GGOCC-00196,Product Manager,0.7925,RANKABLE,2,1
STU-PIP-1822,5,GGOCC-00196,Product Manager,0.7925,RANKABLE,2,1
STU-PIP-1823,5,GGOCC-00196,Product Manager,0.7925,RANKABLE,2,1
STU-PIP-1824,5,GGOCC-00196,Product Manager,0.7925,RANKABLE,2,1
STU-PIP-1825,5,GGOCC-00196,Product Manager,0.7925,RANKABLE,2,1
STU-PIP-1826,5,GGOCC-00196,Product Manager,0.7925,RANKABLE,2,1
STU-PIP-1827,5,GGOCC-00196,Product Manager,0.7925,RANKABLE,2,1
STU-PIP-1828,5,GGOCC-00196,Product Manager,0.7925,RANKABLE,2,1
STU-PIP-1829,5,GGOCC-00196,Product Manager,0.7925,RANKABLE,2,1
STU-PIP-1830,5,GGOCC-00196,Product Manager,0.7925,RANKABLE,2,1
STU-PIP-1831,5,GGOCC-00196,Product Manager,0.7925,RANKABLE,2,1
STU-PIP-1832,5,GGOCC-00196,Product Manager,0.7925,RANKABLE,2,1
STU-PIP-1833,5,GGOCC-00196,Product Manager,0.7925,RANKABLE,2,1
STU-PIP-1834,5,GGOCC-00196,Product Manager,0.7925,RANKABLE,2,1
STU-PIP-1835,5,GGOCC-00196,Product Manager,0.7925,RANKABLE,2,1
STU-PIP-1836,5,GGOCC-00196,Product Manager,0.7925,RANKABLE,2,1
STU-PIP-1837,5,GGOCC-00196,Product Manager,0.7925,RANKABLE,2,1
STU-PIP-1838,5,GGOCC-00196,Product Manager,0.7925,RANKABLE,2,1
STU-PIP-1839,5,GGOCC-00196,Product Manager,0.7925,RANKABLE,2,1
STU-PIP-1840,5,GGOCC-00196,Product Manager,0.7925,RANKABLE,2,1
STU-PIP-1841,5,GGOCC-00196,Product Manager,0.7925,RANKABLE,2,1
STU-PIP-1842,5,GGOCC-00196,Product Manager,0.7925,RANKABLE,2,1
STU-PIP-1843,5,GGOCC-00196,Product Manager,0.7925,RANKABLE,2,1
STU-PIP-1844,5,GGOCC-00196,Product Manager,0.7925,RANKABLE,2,1
STU-PIP-1845,5,GGOCC-00196,Product Manager,0.7925,RANKABLE,2,1
STU-PIP-1846,5,GGOCC-00196,Product Manager,0.7925,RANKABLE,2,1
STU-PIP-1847,5,GGOCC-00196,Product Manager,0.7925,RANKABLE,2,1
STU-PIP-1848,5,GGOCC-00196,Product Manager,0.7925,RANKABLE,2,1
STU-PIP-1849,5,GGOCC-00196,Product Manager,0.7925,RANKABLE,2,1
STU-PIP-1850,5,GGOCC-00196,Product Manager,0.7925,RANKABLE,2,1
STU-PIP-1851,5,GGOCC-00196,Product Manager,0.7925,RANKABLE,2,1
STU-PIP-1852,5,GGOCC-00196,Product Manager,0.7925,RANKABLE,2,1
STU-PIP-1853,5,GGOCC-00196,Product Manager,0.7925,RANKABLE,2,1
STU-PIP-1854,5,GGOCC-00196,Product Manager,0.7925,RANKABLE,2,1
STU-PIP-1855,5,GGOCC-00196,Product Manager,0.7925,RANKABLE,2,1
STU-PIP-1856,5,GGOCC-00196,Product Manager,0.7925,RANKABLE,2,1
STU-PIP-1857,5,GGOCC-00196,Product Manager,0.7925,RANKABLE,2,1
STU-PIP-1858,5,GGOCC-00196,Product Manager,0.7925,RANKABLE,2,1
STU-PIP-1859,5,GGOCC-00196,Product Manager,0.7925,RANKABLE,2,1
STU-PIP-1860,5,GGOCC-00196,Product Manager,0.7925,RANKABLE,2,1
STU-PIP-1861,5,GGOCC-00196,Product Manager,0.7925,RANKABLE,2,1
STU-PIP-1862,5,GGOCC-00196,Product Manager,0.7925,RANKABLE,2,1
STU-PIP-1863,5,GGOCC-00196,Product Manager,0.7925,RANKABLE,2,1
STU-PIP-1864,5,GGOCC-00196,Product Manager,0.7925,RANKABLE,2,1
STU-PIP-1865,5,GGOCC-00196,Product Manager,0.7925,RANKABLE,2,1
STU-PIP-1866,5,GGOCC-00196,Product Manager,0.7925,RANKABLE,2,1
STU-PIP-1867,5,GGOCC-00196,Product Manager,0.7925,RANKABLE,2,1
STU-PIP-1868,5,GGOCC-00196,Product Manager,0.7925,RANKABLE,2,1
STU-PIP-1869,5,GGOCC-00196,Product Manager,0.7925,RANKABLE,2,1
STU-PIP-1870,5,GGOCC-00196,Product Manager,0.7925,RANKABLE,2,1
STU-PIP-1871,5,GGOCC-00196,Product Manager,0.7925,RANKABLE,2,1
STU-PIP-1872,5,GGOCC-00196,Product Manager,0.7925,RANKABLE,2,1
STU-PIP-1873,5,GGOCC-00196,Product Manager,0.7925,RANKABLE,2,1
STU-PIP-1874,5,GGOCC-00196,Product Manager,0.7925,RANKABLE,2,1
STU-PIP-1875,5,GGOCC-00196,Product Manager,0.7925,RANKABLE,2,1
STU-PIP-1876,5,GGOCC-00196,Product Manager,0.7925,RANKABLE,2,1
STU-PIP-1877,5,GGOCC-00196,Product Manager,0.7925,RANKABLE,2,1
STU-PIP-1878,5,GGOCC-00196,Product Manager,0.7925,RANKABLE,2,1
STU-PIP-1879,5,GGOCC-00196,Product Manager,0.7925,RANKABLE,2,1
STU-PIP-1880,5,GGOCC-00196,Product Manager,0.7925,RANKABLE,2,1
STU-PIP-1881,5,GGOCC-00196,Product Manager,0.7925,RANKABLE,2,1
STU-PIP-1882,5,GGOCC-00196,Product Manager,0.7925,RANKABLE,2,1
STU-PIP-1883,5,GGOCC-00196,Product Manager,0.7925,RANKABLE,2,1
STU-PIP-1884,5,GGOCC-00196,Product Manager,0.7925,RANKABLE,2,1
STU-PIP-1885,5,GGOCC-00196,Product Manager,0.7925,RANKABLE,2,1
STU-PIP-1886,5,GGOCC-00196,Product Manager,0.7925,RANKABLE,2,1
STU-PIP-1887,5,GGOCC-00196,Product Manager,0.7925,RANKABLE,2,1
STU-PIP-1888,5,GGOCC-00196,Product Manager,0.7925,RANKABLE,2,1
STU-PIP-1889,5,GGOCC-00196,Product Manager,0.7925,RANKABLE,2,1
STU-PIP-1890,5,GGOCC-00196,Product Manager,0.7925,RANKABLE,2,1
STU-PIP-1891,5,GGOCC-00196,Product Manager,0.7925,RANKABLE,2,1
STU-PIP-1892,5,GGOCC-00196,Product Manager,0.7925,RANKABLE,2,1
STU-PIP-1893,5,GGOCC-00196,Product Manager,0.7925,RANKABLE,2,1
STU-PIP-1894,5,GGOCC-00196,Product Manager,0.7925,RANKABLE,2,1
STU-PIP-1895,5,GGOCC-00196,Product Manager,0.7925,RANKABLE,2,1
STU-PIP-1896,5,GGOCC-00196,Product Manager,0.7925,RANKABLE,2,1
STU-PIP-1897,5,GGOCC-00196,Product Manager,0.7925,RANKABLE,2,1
STU-PIP-1898,5,GGOCC-00196,Product Manager,0.7925,RANKABLE,2,1
STU-PIP-1899,5,GGOCC-00196,Product Manager,0.7925,RANKABLE,2,1
STU-PIP-1900,5,GGOCC-00196,Product Manager,0.7925,RANKABLE,2,1
STU-PIP-1901,5,GGOCC-00196,Product Manager,0.7925,RANKABLE,2,1
STU-PIP-1902,5,GGOCC-00196,Product Manager,0.7925,RANKABLE,2,1
STU-PIP-1903,5,GGOCC-00196,Product Manager,0.7925,RANKABLE,2,1
STU-PIP-1904,5,GGOCC-00196,Product Manager,0.7925,RANKABLE,2,1
STU-PIP-1905,5,GGOCC-00196,Product Manager,0.7925,RANKABLE,2,1
STU-PIP-1906,5,GGOCC-00196,Product Manager,0.7925,RANKABLE,2,1
STU-PIP-1907,5,GGOCC-00196,Product Manager,0.7925,RANKABLE,2,1
STU-PIP-1908,5,GGOCC-00196,Product Manager,0.7925,RANKABLE,2,1
STU-PIP-1909,5,GGOCC-00196,Product Manager,0.7925,RANKABLE,2,1
STU-PIP-1910,5,GGOCC-00196,Product Manager,0.7925,RANKABLE,2,1
STU-PIP-1911,5,GGOCC-00196,Product Manager,0.7925,RANKABLE,2,1
STU-PIP-1912,5,GGOCC-00196,Product Manager,0.7925,RANKABLE,2,1
STU-PIP-1913,5,GGOCC-00196,Product Manager,0.7925,RANKABLE,2,1
STU-PIP-1914,5,GGOCC-00196,Product Manager,0.7925,RANKABLE,2,1
STU-PIP-1915,5,GGOCC-00196,Product Manager,0.7925,RANKABLE,2,1
STU-PIP-1916,5,GGOCC-00196,Product Manager,0.7925,RANKABLE,2,1
STU-PIP-1917,5,GGOCC-00196,Product Manager,0.7925,RANKABLE,2,1
STU-PIP-1918,5,GGOCC-00196,Product Manager,0.7925,RANKABLE,2,1
STU-PIP-1919,5,GGOCC-00196,Product Manager,0.7925,RANKABLE,2,1
STU-PIP-1920,5,GGOCC-00196,Product Manager,0.7925,RANKABLE,2,1
STU-PIP-1921,5,GGOCC-00196,Product Manager,0.7925,RANKABLE,2,1
STU-PIP-1922,5,GGOCC-00196,Product Manager,0.7925,RANKABLE,2,1
STU-PIP-1923,5,GGOCC-00196,Product Manager,0.7925,RANKABLE,2,1
STU-PIP-1924,5,GGOCC-00196,Product Manager,0.7925,RANKABLE,2,1
STU-PIP-1925,5,GGOCC-00196,Product Manager,0.7925,RANKABLE,2,1
STU-PIP-1926,5,GGOCC-00196,Product Manager,0.7925,RANKABLE,2,1
STU-PIP-1927,5,GGOCC-00196,Product Manager,0.7925,RANKABLE,2,1
STU-PIP-1928,5,GGOCC-00196,Product Manager,0.7925,RANKABLE,2,1
STU-PIP-1929,5,GGOCC-00196,Product Manager,0.7925,RANKABLE,2,1
STU-PIP-1930,5,GGOCC-00196,Product Manager,0.7925,RANKABLE,2,1
STU-PIP-1931,5,GGOCC-00196,Product Manager,0.7925,RANKABLE,2,1
STU-PIP-1932,5,GGOCC-00196,Product Manager,0.7925,RANKABLE,2,1
STU-PIP-1933,5,GGOCC-00196,Product Manager,0.7925,RANKABLE,2,1
STU-PIP-1934,5,GGOCC-00196,Product Manager,0.7925,RANKABLE,2,1
STU-PIP-1935,5,GGOCC-00196,Product Manager,0.7925,RANKABLE,2,1
STU-PIP-1936,5,GGOCC-00196,Product Manager,0.7925,RANKABLE,2,1
STU-PIP-1937,5,GGOCC-00196,Product Manager,0.7925,RANKABLE,2,1
STU-PIP-1938,5,GGOCC-00196,Product Manager,0.7925,RANKABLE,2,1
STU-PIP-1939,5,GGOCC-00196,Product Manager,0.7925,RANKABLE,2,1
STU-PIP-1940,5,GGOCC-00196,Product Manager,0.7925,RANKABLE,2,1
STU-PIP-1941,5,GGOCC-00196,Product Manager,0.7925,RANKABLE,2,1
STU-PIP-1942,5,GGOCC-00196,Product Manager,0.7925,RANKABLE,2,1
STU-PIP-1943,5,GGOCC-00196,Product Manager,0.7925,RANKABLE,2,1
STU-PIP-1944,5,GGOCC-00196,Product Manager,0.7925,RANKABLE,2,1
STU-PIP-1945,5,GGOCC-00196,Product Manager,0.7925,RANKABLE,2,1
STU-PIP-1946,5,GGOCC-00196,Product Manager,0.7925,RANKABLE,2,1
STU-PIP-1947,5,GGOCC-00196,Product Manager,0.7925,RANKABLE,2,1
STU-PIP-1948,5,GGOCC-00196,Product Manager,0.7925,RANKABLE,2,1
STU-PIP-1949,5,GGOCC-00196,Product Manager,0.7925,RANKABLE,2,1
STU-PIP-1950,5,GGOCC-00196,Product Manager,0.7925,RANKABLE,2,1
STU-PIP-1951,5,GGOCC-00196,Product Manager,0.7925,RANKABLE,2,1
STU-PIP-1952,5,GGOCC-00196,Product Manager,0.7925,RANKABLE,2,1
STU-PIP-1953,5,GGOCC-00196,Product Manager,0.7925,RANKABLE,2,1
STU-PIP-1954,5,GGOCC-00196,Product Manager,0.7925,RANKABLE,2,1
STU-PIP-1955,5,GGOCC-00196,Product Manager,0.7925,RANKABLE,2,1
STU-PIP-1956,5,GGOCC-00196,Product Manager,0.7925,RANKABLE,2,1
STU-PIP-1957,5,GGOCC-00196,Product Manager,0.7925,RANKABLE,2,1
STU-PIP-1958,5,GGOCC-00196,Product Manager,0.7925,RANKABLE,2,1
STU-PIP-1959,5,GGOCC-00196,Product Manager,0.7925,RANKABLE,2,1
STU-PIP-1960,5,GGOCC-00196,Product Manager,0.7925,RANKABLE,2,1
STU-PIP-1961,5,GGOCC-00196,Product Manager,0.7925,RANKABLE,2,1
STU-PIP-1962,5,GGOCC-00196,Product Manager,0.7925,RANKABLE,2,1
STU-PIP-1963,5,GGOCC-00196,Product Manager,0.7925,RANKABLE,2,1
STU-PIP-1964,5,GGOCC-00196,Product Manager,0.7925,RANKABLE,2,1
STU-PIP-1965,5,GGOCC-00196,Product Manager,0.7925,RANKABLE,2,1
STU-PIP-1966,5,GGOCC-00196,Product Manager,0.7925,RANKABLE,2,1
STU-PIP-1967,5,GGOCC-00196,Product Manager,0.7925,RANKABLE,2,1
STU-PIP-1968,5,GGOCC-00196,Product Manager,0.7925,RANKABLE,2,1
STU-PIP-1969,5,GGOCC-00196,Product Manager,0.7925,RANKABLE,2,1
STU-PIP-1970,5,GGOCC-00196,Product Manager,0.7925,RANKABLE,2,1
STU-PIP-1971,5,GGOCC-00196,Product Manager,0.7925,RANKABLE,2,1
STU-PIP-1972,5,GGOCC-00196,Product Manager,0.7925,RANKABLE,2,1
STU-PIP-1973,5,GGOCC-00196,Product Manager,0.7925,RANKABLE,2,1
STU-PIP-1974,5,GGOCC-00196,Product Manager,0.7925,RANKABLE,2,1
STU-PIP-1975,5,GGOCC-00196,Product Manager,0.7925,RANKABLE,2,1
STU-PIP-1976,5,GGOCC-00196,Product Manager,0.7925,RANKABLE,2,1
STU-PIP-1977,5,GGOCC-00196,Product Manager,0.7925,RANKABLE,2,1
STU-PIP-1978,5,GGOCC-00196,Product Manager,0.7925,RANKABLE,2,1
STU-PIP-1979,5,GGOCC-00196,Product Manager,0.7925,RANKABLE,2,1
STU-PIP-1980,5,GGOCC-00196,Product Manager,0.7925,RANKABLE,2,1
STU-PIP-1981,5,GGOCC-00196,Product Manager,0.7925,RANKABLE,2,1
STU-PIP-1982,5,GGOCC-00196,Product Manager,0.7925,RANKABLE,2,1
STU-PIP-1983,5,GGOCC-00196,Product Manager,0.7925,RANKABLE,2,1
STU-PIP-1984,5,GGOCC-00196,Product Manager,0.7925,RANKABLE,2,1
STU-PIP-1985,5,GGOCC-00196,Product Manager,0.7925,RANKABLE,2,1
STU-PIP-1986,5,GGOCC-00196,Product Manager,0.7925,RANKABLE,2,1
STU-PIP-1987,5,GGOCC-00196,Product Manager,0.7925,RANKABLE,2,1
STU-PIP-1988,5,GGOCC-00196,Product Manager,0.7925,RANKABLE,2,1
STU-PIP-1989,5,GGOCC-00196,Product Manager,0.7925,RANKABLE,2,1
STU-PIP-1990,5,GGOCC-00196,Product Manager,0.7925,RANKABLE,2,1
STU-PIP-1991,5,GGOCC-00196,Product Manager,0.7925,RANKABLE,2,1
STU-PIP-1992,5,GGOCC-00196,Product Manager,0.7925,RANKABLE,2,1
STU-PIP-1993,5,GGOCC-00196,Product Manager,0.7925,RANKABLE,2,1
STU-PIP-1994,5,GGOCC-00196,Product Manager,0.7925,RANKABLE,2,1
STU-PIP-1995,5,GGOCC-00196,Product Manager,0.7925,RANKABLE,2,1
STU-PIP-1996,5,GGOCC-00196,Product Manager,0.7925,RANKABLE,2,1
STU-PIP-1997,5,GGOCC-00196,Product Manager,0.7925,RANKABLE,2,1
STU-PIP-1998,5,GGOCC-00196,Product Manager,0.7925,RANKABLE,2,1
STU-PIP-1999,5,GGOCC-00196,Product Manager,0.7925,RANKABLE,2,1
STU-PIP-2000,5,GGOCC-00196,Product Manager,0.7925,RANKABLE,2,1
STU-PIP-2001,5,GGOCC-00196,Product Manager,0.7925,RANKABLE,2,1
STU-PIP-2002,5,GGOCC-00196,Product Manager,0.7925,RANKABLE,2,1
STU-PIP-2003,5,GGOCC-00196,Product Manager,0.7925,RANKABLE,2,1
STU-PIP-2004,5,GGOCC-00196,Product Manager,0.7925,RANKABLE,2,1
STU-PIP-2005,5,GGOCC-00196,Product Manager,0.7925,RANKABLE,2,1
STU-PIP-2006,5,GGOCC-00196,Product Manager,0.7925,RANKABLE,2,1
STU-PIP-2007,5,GGOCC-00196,Product Manager,0.7925,RANKABLE,2,1
STU-PIP-2008,5,GGOCC-00196,Product Manager,0.7925,RANKABLE,2,1
STU-PIP-2009,5,GGOCC-00196,Product Manager,0.7925,RANKABLE,2,1
STU-PIP-2010,5,GGOCC-00196,Product Manager,0.7925,RANKABLE,2,1
STU-PIP-2011,5,GGOCC-00196,Product Manager,0.7925,RANKABLE,2,1
STU-PIP-2012,5,GGOCC-00196,Product Manager,0.7925,RANKABLE,2,1
STU-PIP-2013,5,GGOCC-00196,Product Manager,0.7925,RANKABLE,2,1
STU-PIP-2014,5,GGOCC-00196,Product Manager,0.7925,RANKABLE,2,1
STU-PIP-2015,5,GGOCC-00196,Product Manager,0.7925,RANKABLE,2,1
STU-PIP-2016,5,GGOCC-00196,Product Manager,0.7925,RANKABLE,2,1
STU-PIP-2017,5,GGOCC-00196,Product Manager,0.7925,RANKABLE,2,1
STU-PIP-2018,5,GGOCC-00196,Product Manager,0.7925,RANKABLE,2,1
STU-PIP-2019,5,GGOCC-00196,Product Manager,0.7925,RANKABLE,2,1
STU-PIP-2020,5,GGOCC-00196,Product Manager,0.7925,RANKABLE,2,1
STU-PIP-2021,5,GGOCC-00196,Product Manager,0.7925,RANKABLE,2,1
STU-PIP-2022,5,GGOCC-00196,Product Manager,0.7925,RANKABLE,2,1
STU-PIP-2023,5,GGOCC-00196,Product Manager,0.7925,RANKABLE,2,1
STU-PIP-2024,5,GGOCC-00196,Product Manager,0.7925,RANKABLE,2,1
STU-PIP-2025,5,GGOCC-00196,Product Manager,0.7925,RANKABLE,2,1
STU-PIP-2026,5,GGOCC-00196,Product Manager,0.7925,RANKABLE,2,1
STU-PIP-2027,5,GGOCC-00196,Product Manager,0.7925,RANKABLE,2,1
STU-PIP-2028,5,GGOCC-00196,Product Manager,0.7925,RANKABLE,2,1
STU-PIP-2029,5,GGOCC-00196,Product Manager,0.7925,RANKABLE,2,1
STU-PIP-2030,5,GGOCC-00196,Product Manager,0.7925,RANKABLE,2,1
STU-PIP-2031,5,GGOCC-00196,Product Manager,0.7925,RANKABLE,2,1
STU-PIP-2032,5,GGOCC-00196,Product Manager,0.7925,RANKABLE,2,1
STU-PIP-2033,5,GGOCC-00196,Product Manager,0.7925,RANKABLE,2,1
STU-PIP-2034,5,GGOCC-00196,Product Manager,0.7925,RANKABLE,2,1
STU-PIP-2035,5,GGOCC-00196,Product Manager,0.7925,RANKABLE,2,1
STU-PIP-2036,5,GGOCC-00196,Product Manager,0.7925,RANKABLE,2,1
STU-PIP-2037,5,GGOCC-00196,Product Manager,0.7925,RANKABLE,2,1
STU-PIP-2038,5,GGOCC-00196,Product Manager,0.7925,RANKABLE,2,1
STU-PIP-2039,5,GGOCC-00196,Product Manager,0.7925,RANKABLE,2,1
STU-PIP-2040,5,GGOCC-00196,Product Manager,0.7925,RANKABLE,2,1
STU-PIP-2041,5,GGOCC-00196,Product Manager,0.7925,RANKABLE,2,1
STU-PIP-2042,5,GGOCC-00196,Product Manager,0.7925,RANKABLE,2,1
STU-PIP-2043,5,GGOCC-00196,Product Manager,0.7925,RANKABLE,2,1
STU-PIP-2044,5,GGOCC-00196,Product Manager,0.7925,RANKABLE,2,1
STU-PIP-2045,5,GGOCC-00196,Product Manager,0.7925,RANKABLE,2,1
STU-PIP-2046,5,GGOCC-00196,Product Manager,0.7925,RANKABLE,2,1
STU-PIP-2047,5,GGOCC-00196,Product Manager,0.7925,RANKABLE,2,1
STU-PIP-2048,5,GGOCC-00196,Product Manager,0.7925,RANKABLE,2,1
STU-PIP-2049,5,GGOCC-00196,Product Manager,0.7925,RANKABLE,2,1
STU-PIP-2050,5,GGOCC-00196,Product Manager,0.7925,RANKABLE,2,1
STU-PIP-2051,5,GGOCC-00196,Product Manager,0.7925,RANKABLE,2,1
STU-PIP-2052,5,GGOCC-00196,Product Manager,0.7925,RANKABLE,2,1
STU-PIP-2053,5,GGOCC-00196,Product Manager,0.7925,RANKABLE,2,1
STU-PIP-2054,5,GGOCC-00196,Product Manager,0.7925,RANKABLE,2,1
STU-PIP-2055,5,GGOCC-00196,Product Manager,0.7925,RANKABLE,2,1
STU-PIP-2056,5,GGOCC-00196,Product Manager,0.7925,RANKABLE,2,1
STU-PIP-2057,5,GGOCC-00196,Product Manager,0.7925,RANKABLE,2,1
STU-PIP-2058,5,GGOCC-00196,Product Manager,0.7925,RANKABLE,2,1
STU-PIP-2059,5,GGOCC-00196,Product Manager,0.7925,RANKABLE,2,1
STU-PIP-2060,5,GGOCC-00196,Product Manager,0.7925,RANKABLE,2,1
STU-PIP-2061,5,GGOCC-00196,Product Manager,0.7925,RANKABLE,2,1
STU-PIP-2062,5,GGOCC-00196,Product Manager,0.7925,RANKABLE,2,1
STU-PIP-2063,5,GGOCC-00196,Product Manager,0.7925,RANKABLE,2,1
STU-PIP-2064,5,GGOCC-00196,Product Manager,0.7925,RANKABLE,2,1
STU-PIP-2065,5,GGOCC-00196,Product Manager,0.7925,RANKABLE,2,1
STU-PIP-2066,5,GGOCC-00196,Product Manager,0.7925,RANKABLE,2,1
STU-PIP-2067,5,GGOCC-00196,Product Manager,0.7925,RANKABLE,2,1
STU-PIP-2068,5,GGOCC-00196,Product Manager,0.7925,RANKABLE,2,1
STU-PIP-2069,5,GGOCC-00196,Product Manager,0.7925,RANKABLE,2,1
STU-PIP-2070,5,GGOCC-00196,Product Manager,0.7925,RANKABLE,2,1
STU-PIP-2071,5,GGOCC-00196,Product Manager,0.7925,RANKABLE,2,1
STU-PIP-2072,5,GGOCC-00196,Product Manager,0.7925,RANKABLE,2,1
STU-PIP-2073,5,GGOCC-00196,Product Manager,0.7925,RANKABLE,2,1
STU-PIP-2074,5,GGOCC-00196,Product Manager,0.7925,RANKABLE,2,1
STU-PIP-2075,5,GGOCC-00196,Product Manager,0.7925,RANKABLE,2,1
STU-PIP-2076,5,GGOCC-00196,Product Manager,0.7925,RANKABLE,2,1
STU-PIP-2077,5,GGOCC-00196,Product Manager,0.7925,RANKABLE,2,1
STU-PIP-2078,5,GGOCC-00196,Product Manager,0.7925,RANKABLE,2,1
STU-PIP-2079,5,GGOCC-00196,Product Manager,0.7925,RANKABLE,2,1
STU-PIP-2080,5,GGOCC-00196,Product Manager,0.7925,RANKABLE,2,1
STU-PIP-2081,5,GGOCC-00196,Product Manager,0.7925,RANKABLE,2,1
STU-PIP-2082,5,GGOCC-00196,Product Manager,0.7925,RANKABLE,2,1
STU-PIP-2083,5,GGOCC-00196,Product Manager,0.7925,RANKABLE,2,1
STU-PIP-2084,5,GGOCC-00196,Product Manager,0.7925,RANKABLE,2,1
STU-PIP-2085,5,GGOCC-00196,Product Manager,0.7925,RANKABLE,2,1
STU-PIP-2086,5,GGOCC-00196,Product Manager,0.7925,RANKABLE,2,1
STU-PIP-2087,5,GGOCC-00196,Product Manager,0.7925,RANKABLE,2,1
STU-PIP-2088,5,GGOCC-00196,Product Manager,0.7925,RANKABLE,2,1
STU-PIP-2089,5,GGOCC-00196,Product Manager,0.7925,RANKABLE,2,1
STU-PIP-2090,5,GGOCC-00196,Product Manager,0.7925,RANKABLE,2,1
STU-PIP-2091,5,GGOCC-00196,Product Manager,0.7925,RANKABLE,2,1
STU-PIP-2092,5,GGOCC-00196,Product Manager,0.7925,RANKABLE,2,1
STU-PIP-2093,5,GGOCC-00196,Product Manager,0.7925,RANKABLE,2,1
STU-PIP-2094,5,GGOCC-00196,Product Manager,0.7925,RANKABLE,2,1
STU-PIP-2095,5,GGOCC-00196,Product Manager,0.7925,RANKABLE,2,1
STU-PIP-2096,5,GGOCC-00196,Product Manager,0.7925,RANKABLE,2,1
STU-PIP-2097,5,GGOCC-00196,Product Manager,0.7925,RANKABLE,2,1
STU-PIP-2098,5,GGOCC-00196,Product Manager,0.7925,RANKABLE,2,1
STU-PIP-2099,5,GGOCC-00196,Product Manager,0.7925,RANKABLE,2,1
STU-PIP-2100,5,GGOCC-00196,Product Manager,0.7925,RANKABLE,2,1
STU-PIP-2101,5,GGOCC-00196,Product Manager,0.7925,RANKABLE,2,1
STU-PIP-2102,5,GGOCC-00196,Product Manager,0.7925,RANKABLE,2,1
STU-PIP-2103,5,GGOCC-00196,Product Manager,0.7925,RANKABLE,2,1
STU-PIP-2104,5,GGOCC-00196,Product Manager,0.7925,RANKABLE,2,1
STU-PIP-2105,5,GGOCC-00196,Product Manager,0.7925,RANKABLE,2,1
STU-PIP-2106,5,GGOCC-00196,Product Manager,0.7925,RANKABLE,2,1
STU-PIP-2107,5,GGOCC-00196,Product Manager,0.7925,RANKABLE,2,1
STU-PIP-2108,5,GGOCC-00196,Product Manager,0.7925,RANKABLE,2,1
STU-PIP-2109,5,GGOCC-00196,Product Manager,0.7925,RANKABLE,2,1
STU-PIP-2110,5,GGOCC-00196,Product Manager,0.7925,RANKABLE,2,1
STU-PIP-2111,5,GGOCC-00196,Product Manager,0.7925,RANKABLE,2,1
STU-PIP-2112,5,GGOCC-00196,Product Manager,0.7925,RANKABLE,2,1
STU-PIP-2113,5,GGOCC-00196,Product Manager,0.7925,RANKABLE,2,1
STU-PIP-2114,5,GGOCC-00196,Product Manager,0.7925,RANKABLE,2,1
STU-PIP-2115,5,GGOCC-00196,Product Manager,0.7925,RANKABLE,2,1
STU-PIP-2116,5,GGOCC-00196,Product Manager,0.7925,RANKABLE,2,1
STU-PIP-2117,5,GGOCC-00196,Product Manager,0.7925,RANKABLE,2,1
STU-PIP-2118,5,GGOCC-00196,Product Manager,0.7925,RANKABLE,2,1
STU-PIP-2119,5,GGOCC-00196,Product Manager,0.7925,RANKABLE,2,1
STU-PIP-2120,5,GGOCC-00196,Product Manager,0.7925,RANKABLE,2,1
STU-PIP-2121,5,GGOCC-00196,Product Manager,0.7925,RANKABLE,2,1
STU-PIP-2122,5,GGOCC-00196,Product Manager,0.7925,RANKABLE,2,1
STU-PIP-2123,5,GGOCC-00196,Product Manager,0.7925,RANKABLE,2,1
STU-PIP-2124,5,GGOCC-00196,Product Manager,0.7925,RANKABLE,2,1
STU-PIP-2125,5,GGOCC-00196,Product Manager,0.7925,RANKABLE,2,1
STU-PIP-2126,5,GGOCC-00196,Product Manager,0.7925,RANKABLE,2,1
STU-PIP-2127,5,GGOCC-00196,Product Manager,0.7925,RANKABLE,2,1
STU-PIP-2128,5,GGOCC-00196,Product Manager,0.7925,RANKABLE,2,1
STU-PIP-2129,5,GGOCC-00196,Product Manager,0.7925,RANKABLE,2,1
STU-PIP-2130,5,GGOCC-00196,Product Manager,0.7925,RANKABLE,2,1
STU-PIP-2131,5,GGOCC-00196,Product Manager,0.7925,RANKABLE,2,1
STU-PIP-2132,5,GGOCC-00196,Product Manager,0.7925,RANKABLE,2,1
STU-PIP-2133,5,GGOCC-00196,Product Manager,0.7925,RANKABLE,2,1
STU-PIP-2134,5,GGOCC-00196,Product Manager,0.7925,RANKABLE,2,1
STU-PIP-2135,5,GGOCC-00196,Product Manager,0.7925,RANKABLE,2,1
STU-PIP-2136,5,GGOCC-00196,Product Manager,0.7925,RANKABLE,2,1
STU-PIP-2137,5,GGOCC-00196,Product Manager,0.7925,RANKABLE,2,1
STU-PIP-2138,5,GGOCC-00196,Product Manager,0.7925,RANKABLE,2,1
STU-PIP-2139,5,GGOCC-00196,Product Manager,0.7925,RANKABLE,2,1
STU-PIP-2140,5,GGOCC-00196,Product Manager,0.7925,RANKABLE,2,1
STU-PIP-2141,5,GGOCC-00196,Product Manager,0.7925,RANKABLE,2,1
STU-PIP-2142,5,GGOCC-00196,Product Manager,0.7925,RANKABLE,2,1
STU-PIP-2143,5,GGOCC-00196,Product Manager,0.7925,RANKABLE,2,1
STU-PIP-2144,5,GGOCC-00196,Product Manager,0.7925,RANKABLE,2,1
STU-PIP-2145,5,GGOCC-00196,Product Manager,0.7925,RANKABLE,2,1
STU-PIP-2146,5,GGOCC-00196,Product Manager,0.7925,RANKABLE,2,1
STU-PIP-2147,5,GGOCC-00196,Product Manager,0.7925,RANKABLE,2,1
STU-PIP-2148,5,GGOCC-00196,Product Manager,0.7925,RANKABLE,2,1
STU-PIP-2149,5,GGOCC-00196,Product Manager,0.7925,RANKABLE,2,1
STU-PIP-2150,5,GGOCC-00196,Product Manager,0.7925,RANKABLE,2,1
STU-PIP-2151,5,GGOCC-00196,Product Manager,0.7925,RANKABLE,2,1
STU-PIP-2152,5,GGOCC-00196,Product Manager,0.7925,RANKABLE,2,1
STU-PIP-2153,5,GGOCC-00196,Product Manager,0.7925,RANKABLE,2,1
STU-PIP-2154,5,GGOCC-00196,Product Manager,0.7925,RANKABLE,2,1
STU-PIP-2155,5,GGOCC-00196,Product Manager,0.7925,RANKABLE,2,1
STU-PIP-2156,5,GGOCC-00196,Product Manager,0.7925,RANKABLE,2,1
STU-PIP-2157,5,GGOCC-00196,Product Manager,0.7925,RANKABLE,2,1
STU-PIP-2158,5,GGOCC-00196,Product Manager,0.7925,RANKABLE,2,1
STU-PIP-2159,5,GGOCC-00196,Product Manager,0.7925,RANKABLE,2,1
STU-PIP-2160,5,GGOCC-00196,Product Manager,0.7925,RANKABLE,2,1
STU-PIP-2161,5,GGOCC-00196,Product Manager,0.7925,RANKABLE,2,1
STU-PIP-2162,5,GGOCC-00196,Product Manager,0.7925,RANKABLE,2,1
STU-PIP-2163,5,GGOCC-00196,Product Manager,0.7925,RANKABLE,2,1
STU-PIP-2164,5,GGOCC-00196,Product Manager,0.7925,RANKABLE,2,1
STU-PIP-2165,5,GGOCC-00196,Product Manager,0.7925,RANKABLE,2,1
STU-PIP-2166,5,GGOCC-00196,Product Manager,0.7925,RANKABLE,2,1
STU-PIP-2167,5,GGOCC-00196,Product Manager,0.7925,RANKABLE,2,1
STU-PIP-2168,5,GGOCC-00196,Product Manager,0.7925,RANKABLE,2,1
STU-PIP-2169,5,GGOCC-00196,Product Manager,0.7925,RANKABLE,2,1
STU-PIP-2170,5,GGOCC-00196,Product Manager,0.7925,RANKABLE,2,1
STU-PIP-2171,5,GGOCC-00196,Product Manager,0.7925,RANKABLE,2,1
STU-PIP-2172,5,GGOCC-00196,Product Manager,0.7925,RANKABLE,2,1
STU-PIP-2173,5,GGOCC-00196,Product Manager,0.7925,RANKABLE,2,1
STU-PIP-2174,5,GGOCC-00196,Product Manager,0.7925,RANKABLE,2,1
STU-PIP-2175,5,GGOCC-00196,Product Manager,0.7925,RANKABLE,2,1
STU-PIP-2176,5,GGOCC-00196,Product Manager,0.7925,RANKABLE,2,1
STU-PIP-2177,5,GGOCC-00196,Product Manager,0.7925,RANKABLE,2,1
STU-PIP-2178,5,GGOCC-00196,Product Manager,0.7925,RANKABLE,2,1
STU-PIP-2179,5,GGOCC-00196,Product Manager,0.7925,RANKABLE,2,1
STU-PIP-2180,5,GGOCC-00196,Product Manager,0.7925,RANKABLE,2,1
STU-PIP-2181,5,GGOCC-00196,Product Manager,0.7925,RANKABLE,2,1
STU-PIP-2182,5,GGOCC-00196,Product Manager,0.7925,RANKABLE,2,1
STU-PIP-2183,5,GGOCC-00196,Product Manager,0.7925,RANKABLE,2,1
STU-PIP-2184,5,GGOCC-00196,Product Manager,0.7925,RANKABLE,2,1
STU-PIP-2185,5,GGOCC-00196,Product Manager,0.7925,RANKABLE,2,1
STU-PIP-2186,5,GGOCC-00196,Product Manager,0.7925,RANKABLE,2,1
STU-PIP-2187,5,GGOCC-00196,Product Manager,0.7925,RANKABLE,2,1
STU-PIP-2188,5,GGOCC-00196,Product Manager,0.7925,RANKABLE,2,1
STU-PIP-2189,5,GGOCC-00196,Product Manager,0.7925,RANKABLE,2,1
STU-PIP-2190,5,GGOCC-00196,Product Manager,0.7925,RANKABLE,2,1
STU-PIP-2191,5,GGOCC-00196,Product Manager,0.7925,RANKABLE,2,1
STU-PIP-2192,5,GGOCC-00196,Product Manager,0.7925,RANKABLE,2,1
STU-PIP-2193,5,GGOCC-00196,Product Manager,0.7925,RANKABLE,2,1
STU-PIP-2194,5,GGOCC-00196,Product Manager,0.7925,RANKABLE,2,1
STU-PIP-2195,5,GGOCC-00196,Product Manager,0.7925,RANKABLE,2,1
STU-PIP-2196,5,GGOCC-00196,Product Manager,0.7925,RANKABLE,2,1
STU-PIP-2197,5,GGOCC-00196,Product Manager,0.7925,RANKABLE,2,1
STU-PIP-2198,5,GGOCC-00196,Product Manager,0.7925,RANKABLE,2,1
STU-PIP-2199,5,GGOCC-00196,Product Manager,0.7925,RANKABLE,2,1
STU-PIP-2200,5,GGOCC-00196,Product Manager,0.7925,RANKABLE,2,1
STU-PIP-2201,5,GGOCC-00196,Product Manager,0.7925,RANKABLE,2,1
STU-PIP-2202,5,GGOCC-00196,Product Manager,0.7925,RANKABLE,2,1
STU-PIP-2203,5,GGOCC-00196,Product Manager,0.7925,RANKABLE,2,1
STU-PIP-2204,5,GGOCC-00196,Product Manager,0.7925,RANKABLE,2,1
STU-PIP-2205,5,GGOCC-00196,Product Manager,0.7925,RANKABLE,2,1
STU-PIP-2206,5,GGOCC-00196,Product Manager,0.7925,RANKABLE,2,1
STU-PIP-2207,5,GGOCC-00196,Product Manager,0.7925,RANKABLE,2,1
STU-PIP-2208,5,GGOCC-00196,Product Manager,0.7925,RANKABLE,2,1
STU-PIP-2209,5,GGOCC-00196,Product Manager,0.7925,RANKABLE,2,1
STU-PIP-2210,5,GGOCC-00196,Product Manager,0.7925,RANKABLE,2,1
STU-PIP-2211,5,GGOCC-00196,Product Manager,0.7925,RANKABLE,2,1
STU-PIP-2212,5,GGOCC-00196,Product Manager,0.7925,RANKABLE,2,1
STU-PIP-2213,5,GGOCC-00196,Product Manager,0.7925,RANKABLE,2,1
STU-PIP-2214,5,GGOCC-00196,Product Manager,0.7925,RANKABLE,2,1
STU-PIP-2215,5,GGOCC-00196,Product Manager,0.7925,RANKABLE,2,1
STU-PIP-2216,5,GGOCC-00196,Product Manager,0.7925,RANKABLE,2,1
STU-PIP-2217,5,GGOCC-00196,Product Manager,0.7925,RANKABLE,2,1
STU-PIP-2218,5,GGOCC-00196,Product Manager,0.7925,RANKABLE,2,1
STU-PIP-2219,5,GGOCC-00196,Product Manager,0.7925,RANKABLE,2,1
STU-PIP-2220,5,GGOCC-00196,Product Manager,0.7925,RANKABLE,2,1
STU-PIP-2221,5,GGOCC-00196,Product Manager,0.7925,RANKABLE,2,1
STU-PIP-2222,5,GGOCC-00196,Product Manager,0.7925,RANKABLE,2,1
STU-PIP-2223,5,GGOCC-00196,Product Manager,0.7925,RANKABLE,2,1
STU-PIP-2224,5,GGOCC-00196,Product Manager,0.7925,RANKABLE,2,1
STU-PIP-2225,5,GGOCC-00196,Product Manager,0.7925,RANKABLE,2,1
STU-PIP-2226,5,GGOCC-00196,Product Manager,0.7925,RANKABLE,2,1
STU-PIP-2227,5,GGOCC-00196,Product Manager,0.7925,RANKABLE,2,1
STU-PIP-2228,5,GGOCC-00196,Product Manager,0.7925,RANKABLE,2,1
STU-PIP-2229,5,GGOCC-00196,Product Manager,0.7925,RANKABLE,2,1
STU-PIP-2230,5,GGOCC-00196,Product Manager,0.7925,RANKABLE,2,1
STU-PIP-2231,5,GGOCC-00196,Product Manager,0.7925,RANKABLE,2,1
STU-PIP-2232,5,GGOCC-00196,Product Manager,0.7925,RANKABLE,2,1
STU-PIP-2233,5,GGOCC-00196,Product Manager,0.7925,RANKABLE,2,1
STU-PIP-2234,5,GGOCC-00196,Product Manager,0.7925,RANKABLE,2,1
STU-PIP-2235,5,GGOCC-00196,Product Manager,0.7925,RANKABLE,2,1
STU-PIP-2236,5,GGOCC-00196,Product Manager,0.7925,RANKABLE,2,1
STU-PIP-2237,5,GGOCC-00196,Product Manager,0.7925,RANKABLE,2,1
STU-PIP-2238,5,GGOCC-00196,Product Manager,0.7925,RANKABLE,2,1
STU-PIP-2239,5,GGOCC-00196,Product Manager,0.7925,RANKABLE,2,1
STU-PIP-2240,5,GGOCC-00196,Product Manager,0.7925,RANKABLE,2,1
STU-PIP-2241,5,GGOCC-00196,Product Manager,0.7925,RANKABLE,2,1
STU-PIP-2242,5,GGOCC-00196,Product Manager,0.7925,RANKABLE,2,1
STU-PIP-2243,5,GGOCC-00196,Product Manager,0.7925,RANKABLE,2,1
STU-PIP-2244,5,GGOCC-00196,Product Manager,0.7925,RANKABLE,2,1
STU-PIP-2245,5,GGOCC-00196,Product Manager,0.7925,RANKABLE,2,1
STU-PIP-2246,5,GGOCC-00196,Product Manager,0.7925,RANKABLE,2,1
STU-PIP-2247,5,GGOCC-00196,Product Manager,0.7925,RANKABLE,2,1
STU-PIP-2248,5,GGOCC-00196,Product Manager,0.7925,RANKABLE,2,1
STU-PIP-2249,5,GGOCC-00196,Product Manager,0.7925,RANKABLE,2,1
STU-PIP-2250,5,GGOCC-00196,Product Manager,0.7925,RANKABLE,2,1
STU-PIP-2251,5,GGOCC-00196,Product Manager,0.7925,RANKABLE,2,1
STU-PIP-2252,5,GGOCC-00196,Product Manager,0.7925,RANKABLE,2,1
STU-PIP-2253,5,GGOCC-00196,Product Manager,0.7925,RANKABLE,2,1
STU-PIP-2254,5,GGOCC-00196,Product Manager,0.7925,RANKABLE,2,1
STU-PIP-2255,5,GGOCC-00196,Product Manager,0.7925,RANKABLE,2,1
STU-PIP-2256,5,GGOCC-00196,Product Manager,0.7925,RANKABLE,2,1
STU-PIP-2257,5,GGOCC-00196,Product Manager,0.7925,RANKABLE,2,1
STU-PIP-2258,5,GGOCC-00196,Product Manager,0.7925,RANKABLE,2,1
STU-PIP-2259,5,GGOCC-00196,Product Manager,0.7925,RANKABLE,2,1
STU-PIP-2260,5,GGOCC-00196,Product Manager,0.7925,RANKABLE,2,1
STU-PIP-2261,5,GGOCC-00196,Product Manager,0.7925,RANKABLE,2,1
STU-PIP-2262,5,GGOCC-00196,Product Manager,0.7925,RANKABLE,2,1
STU-PIP-2263,5,GGOCC-00196,Product Manager,0.7925,RANKABLE,2,1
STU-PIP-2264,5,GGOCC-00196,Product Manager,0.7925,RANKABLE,2,1
STU-PIP-2265,5,GGOCC-00196,Product Manager,0.7925,RANKABLE,2,1
STU-PIP-2266,5,GGOCC-00196,Product Manager,0.7925,RANKABLE,2,1
STU-PIP-2267,5,GGOCC-00196,Product Manager,0.7925,RANKABLE,2,1
STU-PIP-2268,5,GGOCC-00196,Product Manager,0.7925,RANKABLE,2,1
STU-PIP-2269,5,GGOCC-00196,Product Manager,0.7925,RANKABLE,2,1
STU-PIP-2270,5,GGOCC-00196,Product Manager,0.7925,RANKABLE,2,1
STU-PIP-2271,5,GGOCC-00196,Product Manager,0.7925,RANKABLE,2,1
STU-PIP-2272,5,GGOCC-00196,Product Manager,0.7925,RANKABLE,2,1
STU-PIP-2273,5,GGOCC-00196,Product Manager,0.7925,RANKABLE,2,1
STU-PIP-2274,5,GGOCC-00196,Product Manager,0.7925,RANKABLE,2,1
STU-PIP-2275,5,GGOCC-00196,Product Manager,0.7925,RANKABLE,2,1
STU-PIP-2276,5,GGOCC-00196,Product Manager,0.7925,RANKABLE,2,1
STU-PIP-2277,5,GGOCC-00196,Product Manager,0.7925,RANKABLE,2,1
STU-PIP-2278,5,GGOCC-00196,Product Manager,0.7925,RANKABLE,2,1
STU-PIP-2279,5,GGOCC-00196,Product Manager,0.7925,RANKABLE,2,1
STU-PIP-2280,5,GGOCC-00196,Product Manager,0.7925,RANKABLE,2,1
STU-PIP-2281,5,GGOCC-00196,Product Manager,0.7925,RANKABLE,2,1
STU-PIP-2282,5,GGOCC-00196,Product Manager,0.7925,RANKABLE,2,1
STU-PIP-2283,5,GGOCC-00196,Product Manager,0.7925,RANKABLE,2,1
STU-PIP-2284,5,GGOCC-00196,Product Manager,0.7925,RANKABLE,2,1
STU-PIP-2285,5,GGOCC-00196,Product Manager,0.7925,RANKABLE,2,1
STU-PIP-2286,5,GGOCC-00196,Product Manager,0.7925,RANKABLE,2,1
STU-PIP-2287,5,GGOCC-00196,Product Manager,0.7925,RANKABLE,2,1
STU-PIP-2288,5,GGOCC-00196,Product Manager,0.7925,RANKABLE,2,1
STU-PIP-2289,5,GGOCC-00196,Product Manager,0.7925,RANKABLE,2,1
STU-PIP-2290,5,GGOCC-00196,Product Manager,0.7925,RANKABLE,2,1
STU-PIP-2291,5,GGOCC-00196,Product Manager,0.7925,RANKABLE,2,1
STU-PIP-2292,5,GGOCC-00196,Product Manager,0.7925,RANKABLE,2,1
STU-PIP-2293,5,GGOCC-00196,Product Manager,0.7925,RANKABLE,2,1
STU-PIP-2294,5,GGOCC-00196,Product Manager,0.7925,RANKABLE,2,1
STU-PIP-2295,5,GGOCC-00196,Product Manager,0.7925,RANKABLE,2,1
STU-PIP-2296,5,GGOCC-00196,Product Manager,0.7925,RANKABLE,2,1
STU-PIP-2297,5,GGOCC-00196,Product Manager,0.7925,RANKABLE,2,1
STU-PIP-2298,5,GGOCC-00196,Product Manager,0.7925,RANKABLE,2,1
STU-PIP-2299,5,GGOCC-00196,Product Manager,0.7925,RANKABLE,2,1
STU-PIP-2300,5,GGOCC-00196,Product Manager,0.7925,RANKABLE,2,1
STU-PIP-2301,5,GGOCC-00196,Product Manager,0.7925,RANKABLE,2,1
STU-PIP-2302,5,GGOCC-00196,Product Manager,0.7925,RANKABLE,2,1
STU-PIP-2303,5,GGOCC-00196,Product Manager,0.7925,RANKABLE,2,1
STU-PIP-2304,5,GGOCC-00196,Product Manager,0.7925,RANKABLE,2,1
STU-PIP-2305,5,GGOCC-00196,Product Manager,0.7925,RANKABLE,2,1
STU-PIP-2306,5,GGOCC-00196,Product Manager,0.7925,RANKABLE,2,1
STU-PIP-2307,5,GGOCC-00196,Product Manager,0.7925,RANKABLE,2,1
STU-PIP-2308,5,GGOCC-00196,Product Manager,0.7925,RANKABLE,2,1
STU-PIP-2309,5,GGOCC-00196,Product Manager,0.7925,RANKABLE,2,1
STU-PIP-2310,5,GGOCC-00196,Product Manager,0.7925,RANKABLE,2,1
STU-PIP-2311,5,GGOCC-00196,Product Manager,0.7925,RANKABLE,2,1
STU-PIP-2312,5,GGOCC-00196,Product Manager,0.7925,RANKABLE,2,1
STU-PIP-2313,5,GGOCC-00196,Product Manager,0.7925,RANKABLE,2,1
STU-PIP-2314,5,GGOCC-00196,Product Manager,0.7925,RANKABLE,2,1
STU-PIP-2315,5,GGOCC-00196,Product Manager,0.7925,RANKABLE,2,1
STU-PIP-2316,5,GGOCC-00196,Product Manager,0.7925,RANKABLE,2,1
STU-PIP-2317,5,GGOCC-00196,Product Manager,0.7925,RANKABLE,2,1
STU-PIP-2318,5,GGOCC-00196,Product Manager,0.7925,RANKABLE,2,1
STU-PIP-2319,5,GGOCC-00196,Product Manager,0.7925,RANKABLE,2,1
STU-PIP-2320,5,GGOCC-00196,Product Manager,0.7925,RANKABLE,2,1
STU-PIP-2321,5,GGOCC-00196,Product Manager,0.7925,RANKABLE,2,1
STU-PIP-2322,5,GGOCC-00196,Product Manager,0.7925,RANKABLE,2,1
STU-PIP-2323,5,GGOCC-00196,Product Manager,0.7925,RANKABLE,2,1
STU-PIP-2324,5,GGOCC-00196,Product Manager,0.7925,RANKABLE,2,1
STU-PIP-2325,5,GGOCC-00196,Product Manager,0.7925,RANKABLE,2,1
STU-PIP-2326,5,GGOCC-00196,Product Manager,0.7925,RANKABLE,2,1
STU-PIP-2327,5,GGOCC-00196,Product Manager,0.7925,RANKABLE,2,1
STU-PIP-2328,5,GGOCC-00196,Product Manager,0.7925,RANKABLE,2,1
STU-PIP-2329,5,GGOCC-00196,Product Manager,0.7925,RANKABLE,2,1
STU-PIP-2330,5,GGOCC-00196,Product Manager,0.7925,RANKABLE,2,1
STU-PIP-2331,5,GGOCC-00196,Product Manager,0.7925,RANKABLE,2,1
STU-PIP-2332,5,GGOCC-00196,Product Manager,0.7925,RANKABLE,2,1
STU-PIP-2333,5,GGOCC-00196,Product Manager,0.7925,RANKABLE,2,1
STU-PIP-2334,5,GGOCC-00196,Product Manager,0.7925,RANKABLE,2,1
STU-PIP-2335,5,GGOCC-00196,Product Manager,0.7925,RANKABLE,2,1
STU-PIP-2336,5,GGOCC-00196,Product Manager,0.7925,RANKABLE,2,1
STU-PIP-2337,5,GGOCC-00196,Product Manager,0.7925,RANKABLE,2,1
STU-PIP-2338,5,GGOCC-00196,Product Manager,0.7925,RANKABLE,2,1
STU-PIP-2339,5,GGOCC-00196,Product Manager,0.7925,RANKABLE,2,1
STU-PIP-2340,5,GGOCC-00196,Product Manager,0.7925,RANKABLE,2,1
STU-PIP-2341,5,GGOCC-00196,Product Manager,0.7925,RANKABLE,2,1
STU-PIP-2342,5,GGOCC-00196,Product Manager,0.7925,RANKABLE,2,1
STU-PIP-2343,5,GGOCC-00196,Product Manager,0.7925,RANKABLE,2,1
STU-PIP-2344,5,GGOCC-00196,Product Manager,0.7925,RANKABLE,2,1
STU-PIP-2345,5,GGOCC-00196,Product Manager,0.7925,RANKABLE,2,1
STU-PIP-2346,5,GGOCC-00196,Product Manager,0.7925,RANKABLE,2,1
STU-PIP-2347,5,GGOCC-00196,Product Manager,0.7925,RANKABLE,2,1
STU-PIP-2348,5,GGOCC-00196,Product Manager,0.7925,RANKABLE,2,1
STU-PIP-2349,5,GGOCC-00196,Product Manager,0.7925,RANKABLE,2,1
STU-PIP-2350,5,GGOCC-00196,Product Manager,0.7925,RANKABLE,2,1
STU-PIP-2351,5,GGOCC-00196,Product Manager,0.7925,RANKABLE,2,1
STU-PIP-2352,5,GGOCC-00196,Product Manager,0.7925,RANKABLE,2,1
STU-PIP-2353,5,GGOCC-00196,Product Manager,0.7925,RANKABLE,2,1
STU-PIP-2354,5,GGOCC-00196,Product Manager,0.7925,RANKABLE,2,1
STU-PIP-2355,5,GGOCC-00196,Product Manager,0.7925,RANKABLE,2,1
STU-PIP-2356,5,GGOCC-00196,Product Manager,0.7925,RANKABLE,2,1
STU-PIP-2357,5,GGOCC-00196,Product Manager,0.7925,RANKABLE,2,1
STU-PIP-2358,5,GGOCC-00196,Product Manager,0.7925,RANKABLE,2,1
STU-PIP-2359,5,GGOCC-00196,Product Manager,0.7925,RANKABLE,2,1
STU-PIP-2360,5,GGOCC-00196,Product Manager,0.7925,RANKABLE,2,1
STU-PIP-2361,5,GGOCC-00196,Product Manager,0.7925,RANKABLE,2,1
STU-PIP-2362,5,GGOCC-00196,Product Manager,0.7925,RANKABLE,2,1
STU-PIP-2363,5,GGOCC-00196,Product Manager,0.7925,RANKABLE,2,1
STU-PIP-2364,5,GGOCC-00196,Product Manager,0.7925,RANKABLE,2,1
STU-PIP-2365,5,GGOCC-00196,Product Manager,0.7925,RANKABLE,2,1
STU-PIP-2366,5,GGOCC-00196,Product Manager,0.7925,RANKABLE,2,1
STU-PIP-2367,5,GGOCC-00196,Product Manager,0.7925,RANKABLE,2,1
STU-PIP-2368,5,GGOCC-00196,Product Manager,0.7925,RANKABLE,2,1
STU-PIP-2369,5,GGOCC-00196,Product Manager,0.7925,RANKABLE,2,1
STU-PIP-2370,5,GGOCC-00196,Product Manager,0.7925,RANKABLE,2,1
STU-PIP-2371,5,GGOCC-00196,Product Manager,0.7925,RANKABLE,2,1
STU-PIP-2372,5,GGOCC-00196,Product Manager,0.7925,RANKABLE,2,1
STU-PIP-2373,5,GGOCC-00196,Product Manager,0.7925,RANKABLE,2,1
STU-PIP-2374,5,GGOCC-00196,Product Manager,0.7925,RANKABLE,2,1
STU-PIP-2375,5,GGOCC-00196,Product Manager,0.7925,RANKABLE,2,1
STU-PIP-2376,5,GGOCC-00196,Product Manager,0.7925,RANKABLE,2,1
STU-PIP-2377,5,GGOCC-00196,Product Manager,0.7925,RANKABLE,2,1
STU-PIP-2378,5,GGOCC-00196,Product Manager,0.7925,RANKABLE,2,1
STU-PIP-2379,5,GGOCC-00196,Product Manager,0.7925,RANKABLE,2,1
STU-PIP-2380,5,GGOCC-00196,Product Manager,0.7925,RANKABLE,2,1
STU-PIP-2381,5,GGOCC-00196,Product Manager,0.7925,RANKABLE,2,1
STU-PIP-2382,5,GGOCC-00196,Product Manager,0.7925,RANKABLE,2,1
STU-PIP-2383,5,GGOCC-00196,Product Manager,0.7925,RANKABLE,2,1
STU-PIP-2384,5,GGOCC-00196,Product Manager,0.7925,RANKABLE,2,1
STU-PIP-2385,5,GGOCC-00196,Product Manager,0.7925,RANKABLE,2,1
STU-PIP-2386,5,GGOCC-00196,Product Manager,0.7925,RANKABLE,2,1
STU-PIP-2387,5,GGOCC-00196,Product Manager,0.7925,RANKABLE,2,1
STU-PIP-2388,5,GGOCC-00196,Product Manager,0.7925,RANKABLE,2,1
STU-PIP-2389,5,GGOCC-00196,Product Manager,0.7925,RANKABLE,2,1
STU-PIP-2390,5,GGOCC-00196,Product Manager,0.7925,RANKABLE,2,1
STU-PIP-2391,5,GGOCC-00196,Product Manager,0.7925,RANKABLE,2,1
STU-PIP-2392,5,GGOCC-00196,Product Manager,0.7925,RANKABLE,2,1
STU-PIP-2393,5,GGOCC-00196,Product Manager,0.7925,RANKABLE,2,1
STU-PIP-2394,5,GGOCC-00196,Product Manager,0.7925,RANKABLE,2,1
STU-PIP-2395,5,GGOCC-00196,Product Manager,0.7925,RANKABLE,2,1
STU-PIP-2396,5,GGOCC-00196,Product Manager,0.7925,RANKABLE,2,1
STU-PIP-2397,5,GGOCC-00196,Product Manager,0.7925,RANKABLE,2,1
STU-PIP-2398,5,GGOCC-00196,Product Manager,0.7925,RANKABLE,2,1
STU-PIP-2399,5,GGOCC-00196,Product Manager,0.7925,RANKABLE,2,1
STU-PIP-2400,5,GGOCC-00196,Product Manager,0.7925,RANKABLE,2,1
STU-PIP-2401,5,GGOCC-00196,Product Manager,0.7925,RANKABLE,2,1
STU-PIP-2402,5,GGOCC-00196,Product Manager,0.7925,RANKABLE,2,1
STU-PIP-2403,5,GGOCC-00196,Product Manager,0.7925,RANKABLE,2,1
STU-PIP-2404,5,GGOCC-00196,Product Manager,0.7925,RANKABLE,2,1
STU-PIP-2405,5,GGOCC-00196,Product Manager,0.7925,RANKABLE,2,1
STU-PIP-2406,5,GGOCC-00196,Product Manager,0.7925,RANKABLE,2,1
STU-PIP-2407,5,GGOCC-00196,Product Manager,0.7925,RANKABLE,2,1
STU-PIP-2408,5,GGOCC-00196,Product Manager,0.7925,RANKABLE,2,1
STU-PIP-2409,5,GGOCC-00196,Product Manager,0.7925,RANKABLE,2,1
STU-PIP-2410,5,GGOCC-00196,Product Manager,0.7925,RANKABLE,2,1
STU-PIP-2411,5,GGOCC-00196,Product Manager,0.7925,RANKABLE,2,1
STU-PIP-2412,5,GGOCC-00196,Product Manager,0.7925,RANKABLE,2,1
STU-PIP-2413,5,GGOCC-00196,Product Manager,0.7925,RANKABLE,2,1
STU-PIP-2414,5,GGOCC-00196,Product Manager,0.7925,RANKABLE,2,1
STU-PIP-2415,5,GGOCC-00196,Product Manager,0.7925,RANKABLE,2,1
STU-PIP-2416,5,GGOCC-00196,Product Manager,0.7925,RANKABLE,2,1
STU-PIP-2417,5,GGOCC-00196,Product Manager,0.7925,RANKABLE,2,1
STU-PIP-2418,5,GGOCC-00196,Product Manager,0.7925,RANKABLE,2,1
STU-PIP-2419,5,GGOCC-00196,Product Manager,0.7925,RANKABLE,2,1
STU-PIP-2420,5,GGOCC-00196,Product Manager,0.7925,RANKABLE,2,1
STU-PIP-2421,5,GGOCC-00196,Product Manager,0.7925,RANKABLE,2,1
STU-PIP-2422,5,GGOCC-00196,Product Manager,0.7925,RANKABLE,2,1
STU-PIP-2423,5,GGOCC-00196,Product Manager,0.7925,RANKABLE,2,1
STU-PIP-2424,5,GGOCC-00196,Product Manager,0.7925,RANKABLE,2,1
STU-PIP-2425,5,GGOCC-00196,Product Manager,0.7925,RANKABLE,2,1
STU-PIP-2426,5,GGOCC-00196,Product Manager,0.7925,RANKABLE,2,1
STU-PIP-2427,5,GGOCC-00196,Product Manager,0.7925,RANKABLE,2,1
STU-PIP-2428,5,GGOCC-00196,Product Manager,0.7925,RANKABLE,2,1
STU-PIP-2429,5,GGOCC-00196,Product Manager,0.7925,RANKABLE,2,1
STU-PIP-2430,5,GGOCC-00196,Product Manager,0.7925,RANKABLE,2,1
STU-PIP-2431,5,GGOCC-00196,Product Manager,0.7925,RANKABLE,2,1
STU-PIP-2432,5,GGOCC-00196,Product Manager,0.7925,RANKABLE,2,1
STU-PIP-2433,5,GGOCC-00196,Product Manager,0.7925,RANKABLE,2,1
STU-PIP-2434,5,GGOCC-00196,Product Manager,0.7925,RANKABLE,2,1
STU-PIP-2435,5,GGOCC-00196,Product Manager,0.7925,RANKABLE,2,1
STU-PIP-2436,5,GGOCC-00196,Product Manager,0.7925,RANKABLE,2,1
STU-PIP-2437,5,GGOCC-00196,Product Manager,0.7925,RANKABLE,2,1
STU-PIP-2438,5,GGOCC-00196,Product Manager,0.7925,RANKABLE,2,1
STU-PIP-2439,5,GGOCC-00196,Product Manager,0.7925,RANKABLE,2,1
STU-PIP-2440,5,GGOCC-00196,Product Manager,0.7925,RANKABLE,2,1
STU-PIP-2441,5,GGOCC-00196,Product Manager,0.7925,RANKABLE,2,1
STU-PIP-2442,5,GGOCC-00196,Product Manager,0.7925,RANKABLE,2,1
STU-PIP-2443,5,GGOCC-00196,Product Manager,0.7925,RANKABLE,2,1
STU-PIP-2444,5,GGOCC-00196,Product Manager,0.7925,RANKABLE,2,1
STU-PIP-2445,5,GGOCC-00196,Product Manager,0.7925,RANKABLE,2,1
STU-PIP-2446,5,GGOCC-00196,Product Manager,0.7925,RANKABLE,2,1
STU-PIP-2447,5,GGOCC-00196,Product Manager,0.7925,RANKABLE,2,1
STU-PIP-2448,5,GGOCC-00196,Product Manager,0.7925,RANKABLE,2,1
STU-PIP-2449,5,GGOCC-00196,Product Manager,0.7925,RANKABLE,2,1
STU-PIP-2450,5,GGOCC-00196,Product Manager,0.7925,RANKABLE,2,1
STU-PIP-2451,5,GGOCC-00196,Product Manager,0.7925,RANKABLE,2,1
STU-PIP-2452,5,GGOCC-00196,Product Manager,0.7925,RANKABLE,2,1
STU-PIP-2453,5,GGOCC-00196,Product Manager,0.7925,RANKABLE,2,1
STU-PIP-2454,5,GGOCC-00196,Product Manager,0.7925,RANKABLE,2,1
STU-PIP-2455,5,GGOCC-00196,Product Manager,0.7925,RANKABLE,2,1
STU-PIP-2456,5,GGOCC-00196,Product Manager,0.7925,RANKABLE,2,1
STU-PIP-2457,5,GGOCC-00196,Product Manager,0.7925,RANKABLE,2,1
STU-PIP-2458,5,GGOCC-00196,Product Manager,0.7925,RANKABLE,2,1
STU-PIP-2459,5,GGOCC-00196,Product Manager,0.7925,RANKABLE,2,1
STU-PIP-2460,5,GGOCC-00196,Product Manager,0.7925,RANKABLE,2,1
STU-PIP-2461,5,GGOCC-00196,Product Manager,0.7925,RANKABLE,2,1
STU-PIP-2462,5,GGOCC-00196,Product Manager,0.7925,RANKABLE,2,1
STU-PIP-2463,5,GGOCC-00196,Product Manager,0.7925,RANKABLE,2,1
STU-PIP-2464,5,GGOCC-00196,Product Manager,0.7925,RANKABLE,2,1
STU-PIP-2465,5,GGOCC-00196,Product Manager,0.7925,RANKABLE,2,1
STU-PIP-2466,5,GGOCC-00196,Product Manager,0.7925,RANKABLE,2,1
STU-PIP-2467,5,GGOCC-00196,Product Manager,0.7925,RANKABLE,2,1
STU-PIP-2468,5,GGOCC-00196,Product Manager,0.7925,RANKABLE,2,1
STU-PIP-2469,5,GGOCC-00196,Product Manager,0.7925,RANKABLE,2,1
STU-PIP-2470,5,GGOCC-00196,Product Manager,0.7925,RANKABLE,2,1
STU-PIP-2471,5,GGOCC-00196,Product Manager,0.7925,RANKABLE,2,1
STU-PIP-2472,5,GGOCC-00196,Product Manager,0.7925,RANKABLE,2,1
STU-PIP-2473,5,GGOCC-00196,Product Manager,0.7925,RANKABLE,2,1
STU-PIP-2474,5,GGOCC-00196,Product Manager,0.7925,RANKABLE,2,1
STU-PIP-2475,5,GGOCC-00196,Product Manager,0.7925,RANKABLE,2,1
STU-PIP-2476,5,GGOCC-00196,Product Manager,0.7925,RANKABLE,2,1
STU-PIP-2477,5,GGOCC-00196,Product Manager,0.7925,RANKABLE,2,1
STU-PIP-2478,5,GGOCC-00196,Product Manager,0.7925,RANKABLE,2,1
STU-PIP-2479,5,GGOCC-00196,Product Manager,0.7925,RANKABLE,2,1
STU-PIP-2480,5,GGOCC-00196,Product Manager,0.7925,RANKABLE,2,1
STU-PIP-2481,5,GGOCC-00196,Product Manager,0.7925,RANKABLE,2,1
STU-PIP-2482,5,GGOCC-00196,Product Manager,0.7925,RANKABLE,2,1
STU-PIP-2483,5,GGOCC-00196,Product Manager,0.7925,RANKABLE,2,1
STU-PIP-2484,5,GGOCC-00196,Product Manager,0.7925,RANKABLE,2,1
STU-PIP-2485,5,GGOCC-00196,Product Manager,0.7925,RANKABLE,2,1
STU-PIP-2486,5,GGOCC-00196,Product Manager,0.7925,RANKABLE,2,1
STU-PIP-2487,5,GGOCC-00196,Product Manager,0.7925,RANKABLE,2,1
STU-PIP-2488,5,GGOCC-00196,Product Manager,0.7925,RANKABLE,2,1
STU-PIP-2489,5,GGOCC-00196,Product Manager,0.7925,RANKABLE,2,1
STU-PIP-2490,5,GGOCC-00196,Product Manager,0.7925,RANKABLE,2,1
STU-PIP-2491,5,GGOCC-00196,Product Manager,0.7925,RANKABLE,2,1
STU-PIP-2492,5,GGOCC-00196,Product Manager,0.7925,RANKABLE,2,1
STU-PIP-2493,5,GGOCC-00196,Product Manager,0.7925,RANKABLE,2,1
STU-PIP-2494,5,GGOCC-00196,Product Manager,0.7925,RANKABLE,2,1
STU-PIP-2495,5,GGOCC-00196,Product Manager,0.7925,RANKABLE,2,1
STU-PIP-2496,5,GGOCC-00196,Product Manager,0.7925,RANKABLE,2,1
STU-PIP-2497,5,GGOCC-00196,Product Manager,0.7925,RANKABLE,2,1
STU-PIP-2498,5,GGOCC-00196,Product Manager,0.7925,RANKABLE,2,1
STU-PIP-2499,5,GGOCC-00196,Product Manager,0.7925,RANKABLE,2,1
STU-PIP-2500,5,GGOCC-00196,Product Manager,0.7925,RANKABLE,2,1
STU-PIP-2501,5,GGOCC-00196,Product Manager,0.7925,RANKABLE,2,1
STU-PIP-2502,5,GGOCC-00196,Product Manager,0.7925,RANKABLE,2,1
STU-PIP-2503,5,GGOCC-00196,Product Manager,0.7925,RANKABLE,2,1
STU-PIP-2504,5,GGOCC-00196,Product Manager,0.7925,RANKABLE,2,1
STU-PIP-2505,5,GGOCC-00196,Product Manager,0.7925,RANKABLE,2,1
STU-PIP-2506,5,GGOCC-00196,Product Manager,0.7925,RANKABLE,2,1
STU-PIP-2507,5,GGOCC-00196,Product Manager,0.7925,RANKABLE,2,1
STU-PIP-2508,5,GGOCC-00196,Product Manager,0.7925,RANKABLE,2,1
STU-PIP-2509,5,GGOCC-00196,Product Manager,0.7925,RANKABLE,2,1
STU-PIP-2510,5,GGOCC-00196,Product Manager,0.7925,RANKABLE,2,1
STU-PIP-2511,5,GGOCC-00196,Product Manager,0.7925,RANKABLE,2,1
STU-PIP-2512,5,GGOCC-00196,Product Manager,0.7925,RANKABLE,2,1
STU-PIP-2513,5,GGOCC-00196,Product Manager,0.7925,RANKABLE,2,1
STU-PIP-2514,5,GGOCC-00196,Product Manager,0.7925,RANKABLE,2,1
STU-PIP-2515,5,GGOCC-00196,Product Manager,0.7925,RANKABLE,2,1
STU-PIP-2516,5,GGOCC-00196,Product Manager,0.7925,RANKABLE,2,1
STU-PIP-2517,5,GGOCC-00196,Product Manager,0.7925,RANKABLE,2,1
STU-PIP-2518,5,GGOCC-00196,Product Manager,0.7925,RANKABLE,2,1
STU-PIP-2519,5,GGOCC-00196,Product Manager,0.7925,RANKABLE,2,1
STU-PIP-2520,5,GGOCC-00196,Product Manager,0.7925,RANKABLE,2,1
STU-PIP-2521,5,GGOCC-00196,Product Manager,0.7925,RANKABLE,2,1
STU-PIP-2522,5,GGOCC-00196,Product Manager,0.7925,RANKABLE,2,1
STU-PIP-2523,5,GGOCC-00196,Product Manager,0.7925,RANKABLE,2,1
STU-PIP-2524,5,GGOCC-00196,Product Manager,0.7925,RANKABLE,2,1
STU-PIP-2525,5,GGOCC-00196,Product Manager,0.7925,RANKABLE,2,1
STU-PIP-2526,5,GGOCC-00196,Product Manager,0.7925,RANKABLE,2,1
STU-PIP-2527,5,GGOCC-00196,Product Manager,0.7925,RANKABLE,2,1
STU-PIP-2528,5,GGOCC-00196,Product Manager,0.7925,RANKABLE,2,1
STU-PIP-2529,5,GGOCC-00196,Product Manager,0.7925,RANKABLE,2,1
STU-PIP-2530,5,GGOCC-00196,Product Manager,0.7925,RANKABLE,2,1
STU-PIP-2531,5,GGOCC-00196,Product Manager,0.7925,RANKABLE,2,1
STU-PIP-2532,5,GGOCC-00196,Product Manager,0.7925,RANKABLE,2,1
STU-PIP-2533,5,GGOCC-00196,Product Manager,0.7925,RANKABLE,2,1
STU-PIP-2534,5,GGOCC-00196,Product Manager,0.7925,RANKABLE,2,1
STU-PIP-2535,5,GGOCC-00196,Product Manager,0.7925,RANKABLE,2,1
STU-PIP-2536,5,GGOCC-00196,Product Manager,0.7925,RANKABLE,2,1
STU-PIP-2537,5,GGOCC-00196,Product Manager,0.7925,RANKABLE,2,1
STU-PIP-2538,5,GGOCC-00196,Product Manager,0.7925,RANKABLE,2,1
STU-PIP-2539,5,GGOCC-00196,Product Manager,0.7925,RANKABLE,2,1
STU-PIP-2540,5,GGOCC-00196,Product Manager,0.7925,RANKABLE,2,1
STU-PIP-2541,5,GGOCC-00196,Product Manager,0.7925,RANKABLE,2,1
STU-PIP-2542,5,GGOCC-00196,Product Manager,0.7925,RANKABLE,2,1
STU-PIP-2543,5,GGOCC-00196,Product Manager,0.7925,RANKABLE,2,1
STU-PIP-2544,5,GGOCC-00196,Product Manager,0.7925,RANKABLE,2,1
STU-PIP-2545,5,GGOCC-00196,Product Manager,0.7925,RANKABLE,2,1
STU-PIP-2546,5,GGOCC-00196,Product Manager,0.7925,RANKABLE,2,1
STU-PIP-2547,5,GGOCC-00196,Product Manager,0.7925,RANKABLE,2,1
STU-PIP-2548,5,GGOCC-00196,Product Manager,0.7925,RANKABLE,2,1
STU-PIP-2549,5,GGOCC-00196,Product Manager,0.7925,RANKABLE,2,1
STU-PIP-2550,5,GGOCC-00196,Product Manager,0.7925,RANKABLE,2,1
STU-PIP-2551,5,GGOCC-00196,Product Manager,0.7925,RANKABLE,2,1
STU-PIP-2552,5,GGOCC-00196,Product Manager,0.7925,RANKABLE,2,1
STU-PIP-2553,5,GGOCC-00196,Product Manager,0.7925,RANKABLE,2,1
STU-PIP-2554,5,GGOCC-00196,Product Manager,0.7925,RANKABLE,2,1
STU-PIP-2555,5,GGOCC-00196,Product Manager,0.7925,RANKABLE,2,1
STU-PIP-2556,5,GGOCC-00196,Product Manager,0.7925,RANKABLE,2,1
STU-PIP-2557,5,GGOCC-00196,Product Manager,0.7925,RANKABLE,2,1
STU-PIP-2558,5,GGOCC-00196,Product Manager,0.7925,RANKABLE,2,1
STU-PIP-2559,5,GGOCC-00196,Product Manager,0.7925,RANKABLE,2,1
STU-PIP-2560,5,GGOCC-00196,Product Manager,0.7925,RANKABLE,2,1
STU-PIP-2561,5,GGOCC-00196,Product Manager,0.7925,RANKABLE,2,1
STU-PIP-2562,5,GGOCC-00196,Product Manager,0.7925,RANKABLE,2,1
STU-PIP-2563,5,GGOCC-00196,Product Manager,0.7925,RANKABLE,2,1
STU-PIP-2564,5,GGOCC-00196,Product Manager,0.7925,RANKABLE,2,1
STU-PIP-2565,5,GGOCC-00196,Product Manager,0.7925,RANKABLE,2,1
STU-PIP-2566,5,GGOCC-00196,Product Manager,0.7925,RANKABLE,2,1
STU-PIP-2567,5,GGOCC-00196,Product Manager,0.7925,RANKABLE,2,1
STU-PIP-2568,5,GGOCC-00196,Product Manager,0.7925,RANKABLE,2,1
STU-PIP-2569,5,GGOCC-00196,Product Manager,0.7925,RANKABLE,2,1
STU-PIP-2570,5,GGOCC-00196,Product Manager,0.7925,RANKABLE,2,1
STU-PIP-2571,5,GGOCC-00196,Product Manager,0.7925,RANKABLE,2,1
STU-PIP-2572,5,GGOCC-00196,Product Manager,0.7925,RANKABLE,2,1
STU-PIP-2573,5,GGOCC-00196,Product Manager,0.7925,RANKABLE,2,1
STU-PIP-2574,5,GGOCC-00196,Product Manager,0.7925,RANKABLE,2,1
STU-PIP-2575,5,GGOCC-00196,Product Manager,0.7925,RANKABLE,2,1
STU-PIP-2576,5,GGOCC-00196,Product Manager,0.7925,RANKABLE,2,1
STU-PIP-2577,5,GGOCC-00196,Product Manager,0.7925,RANKABLE,2,1
STU-PIP-2578,5,GGOCC-00196,Product Manager,0.7925,RANKABLE,2,1
STU-PIP-2579,5,GGOCC-00196,Product Manager,0.7925,RANKABLE,2,1
STU-PIP-2580,5,GGOCC-00196,Product Manager,0.7925,RANKABLE,2,1
STU-PIP-2581,5,GGOCC-00196,Product Manager,0.7925,RANKABLE,2,1
STU-PIP-2582,5,GGOCC-00196,Product Manager,0.7925,RANKABLE,2,1
STU-PIP-2583,5,GGOCC-00196,Product Manager,0.7925,RANKABLE,2,1
STU-PIP-2584,5,GGOCC-00196,Product Manager,0.7925,RANKABLE,2,1
STU-PIP-2585,5,GGOCC-00196,Product Manager,0.7925,RANKABLE,2,1
STU-PIP-2586,5,GGOCC-00196,Product Manager,0.7925,RANKABLE,2,1
STU-PIP-2587,5,GGOCC-00196,Product Manager,0.7925,RANKABLE,2,1
STU-PIP-2588,5,GGOCC-00196,Product Manager,0.7925,RANKABLE,2,1
STU-PIP-2589,5,GGOCC-00196,Product Manager,0.7925,RANKABLE,2,1
STU-PIP-2590,5,GGOCC-00196,Product Manager,0.7925,RANKABLE,2,1
STU-PIP-2591,5,GGOCC-00196,Product Manager,0.7925,RANKABLE,2,1
STU-PIP-2592,5,GGOCC-00196,Product Manager,0.7925,RANKABLE,2,1
STU-PIP-2593,5,GGOCC-00196,Product Manager,0.7925,RANKABLE,2,1
STU-PIP-2594,5,GGOCC-00196,Product Manager,0.7925,RANKABLE,2,1
STU-PIP-2595,5,GGOCC-00196,Product Manager,0.7925,RANKABLE,2,1
STU-PIP-2596,5,GGOCC-00196,Product Manager,0.7925,RANKABLE,2,1
STU-PIP-2597,5,GGOCC-00196,Product Manager,0.7925,RANKABLE,2,1
STU-PIP-2598,5,GGOCC-00196,Product Manager,0.7925,RANKABLE,2,1
STU-PIP-2599,5,GGOCC-00196,Product Manager,0.7925,RANKABLE,2,1
STU-PIP-2600,5,GGOCC-00196,Product Manager,0.7925,RANKABLE,2,1
STU-PIP-2601,5,GGOCC-00196,Product Manager,0.7925,RANKABLE,2,1
STU-PIP-2602,5,GGOCC-00196,Product Manager,0.7925,RANKABLE,2,1
STU-PIP-2603,5,GGOCC-00196,Product Manager,0.7925,RANKABLE,2,1
STU-PIP-2604,5,GGOCC-00196,Product Manager,0.7925,RANKABLE,2,1
STU-PIP-2605,5,GGOCC-00196,Product Manager,0.7925,RANKABLE,2,1
STU-PIP-2606,5,GGOCC-00196,Product Manager,0.7925,RANKABLE,2,1
STU-PIP-2607,5,GGOCC-00196,Product Manager,0.7925,RANKABLE,2,1
STU-PIP-2608,5,GGOCC-00196,Product Manager,0.7925,RANKABLE,2,1
STU-PIP-2609,5,GGOCC-00196,Product Manager,0.7925,RANKABLE,2,1
STU-PIP-2610,5,GGOCC-00196,Product Manager,0.7925,RANKABLE,2,1
STU-PIP-2611,5,GGOCC-00196,Product Manager,0.7925,RANKABLE,2,1
STU-PIP-2612,5,GGOCC-00196,Product Manager,0.7925,RANKABLE,2,1
STU-PIP-2613,5,GGOCC-00196,Product Manager,0.7925,RANKABLE,2,1
STU-PIP-2614,5,GGOCC-00196,Product Manager,0.7925,RANKABLE,2,1
STU-PIP-2615,5,GGOCC-00196,Product Manager,0.7925,RANKABLE,2,1
STU-PIP-2616,5,GGOCC-00196,Product Manager,0.7925,RANKABLE,2,1
STU-PIP-2617,5,GGOCC-00196,Product Manager,0.7925,RANKABLE,2,1
STU-PIP-2618,5,GGOCC-00196,Product Manager,0.7925,RANKABLE,2,1
STU-PIP-2619,5,GGOCC-00196,Product Manager,0.7925,RANKABLE,2,1
STU-PIP-2620,5,GGOCC-00196,Product Manager,0.7925,RANKABLE,2,1
STU-PIP-2621,5,GGOCC-00196,Product Manager,0.7925,RANKABLE,2,1
STU-PIP-2622,5,GGOCC-00196,Product Manager,0.7925,RANKABLE,2,1
STU-PIP-2623,5,GGOCC-00196,Product Manager,0.7925,RANKABLE,2,1
STU-PIP-2624,5,GGOCC-00196,Product Manager,0.7925,RANKABLE,2,1
STU-PIP-2625,5,GGOCC-00196,Product Manager,0.7925,RANKABLE,2,1
STU-PIP-2626,5,GGOCC-00196,Product Manager,0.7925,RANKABLE,2,1
STU-PIP-2627,5,GGOCC-00196,Product Manager,0.7925,RANKABLE,2,1
STU-PIP-2628,5,GGOCC-00196,Product Manager,0.7925,RANKABLE,2,1
STU-PIP-2629,5,GGOCC-00196,Product Manager,0.7925,RANKABLE,2,1
STU-PIP-2630,5,GGOCC-00196,Product Manager,0.7925,RANKABLE,2,1
STU-PIP-2631,5,GGOCC-00196,Product Manager,0.7925,RANKABLE,2,1
STU-PIP-2632,5,GGOCC-00196,Product Manager,0.7925,RANKABLE,2,1
STU-PIP-2633,5,GGOCC-00196,Product Manager,0.7925,RANKABLE,2,1
STU-PIP-2634,5,GGOCC-00196,Product Manager,0.7925,RANKABLE,2,1
STU-PIP-2635,5,GGOCC-00196,Product Manager,0.7925,RANKABLE,2,1
STU-PIP-2636,5,GGOCC-00196,Product Manager,0.7925,RANKABLE,2,1
STU-PIP-2637,5,GGOCC-00196,Product Manager,0.7925,RANKABLE,2,1
STU-PIP-2638,5,GGOCC-00196,Product Manager,0.7925,RANKABLE,2,1
STU-PIP-2639,5,GGOCC-00196,Product Manager,0.7925,RANKABLE,2,1
STU-PIP-2640,5,GGOCC-00196,Product Manager,0.7925,RANKABLE,2,1
STU-PIP-2641,5,GGOCC-00196,Product Manager,0.7925,RANKABLE,2,1
STU-PIP-2642,5,GGOCC-00196,Product Manager,0.7925,RANKABLE,2,1
STU-PIP-2643,5,GGOCC-00196,Product Manager,0.7925,RANKABLE,2,1
STU-PIP-2644,5,GGOCC-00196,Product Manager,0.7925,RANKABLE,2,1
STU-PIP-2645,5,GGOCC-00196,Product Manager,0.7925,RANKABLE,2,1
STU-PIP-2646,5,GGOCC-00196,Product Manager,0.7925,RANKABLE,2,1
STU-PIP-2647,5,GGOCC-00196,Product Manager,0.7925,RANKABLE,2,1
STU-PIP-2648,5,GGOCC-00196,Product Manager,0.7925,RANKABLE,2,1
STU-PIP-2649,5,GGOCC-00196,Product Manager,0.7925,RANKABLE,2,1
STU-PIP-2650,5,GGOCC-00196,Product Manager,0.7925,RANKABLE,2,1
STU-PIP-2651,5,GGOCC-00196,Product Manager,0.7925,RANKABLE,2,1
STU-PIP-2652,5,GGOCC-00196,Product Manager,0.7925,RANKABLE,2,1
STU-PIP-2653,5,GGOCC-00196,Product Manager,0.7925,RANKABLE,2,1
STU-PIP-2654,5,GGOCC-00196,Product Manager,0.7925,RANKABLE,2,1
STU-PIP-2655,5,GGOCC-00196,Product Manager,0.7925,RANKABLE,2,1
STU-PIP-2656,5,GGOCC-00196,Product Manager,0.7925,RANKABLE,2,1
STU-PIP-2657,5,GGOCC-00196,Product Manager,0.7925,RANKABLE,2,1
STU-PIP-2658,5,GGOCC-00196,Product Manager,0.7925,RANKABLE,2,1
STU-PIP-2659,5,GGOCC-00196,Product Manager,0.7925,RANKABLE,2,1
STU-PIP-2660,5,GGOCC-00196,Product Manager,0.7925,RANKABLE,2,1
STU-PIP-2661,5,GGOCC-00196,Product Manager,0.7925,RANKABLE,2,1
STU-PIP-2662,5,GGOCC-00196,Product Manager,0.7925,RANKABLE,2,1
STU-PIP-2663,5,GGOCC-00196,Product Manager,0.7925,RANKABLE,2,1
STU-PIP-2664,5,GGOCC-00196,Product Manager,0.7925,RANKABLE,2,1
STU-PIP-2665,5,GGOCC-00196,Product Manager,0.7925,RANKABLE,2,1
STU-PIP-2666,5,GGOCC-00196,Product Manager,0.7925,RANKABLE,2,1
STU-PIP-2667,5,GGOCC-00196,Product Manager,0.7925,RANKABLE,2,1
STU-PIP-2668,5,GGOCC-00196,Product Manager,0.7925,RANKABLE,2,1
STU-PIP-2669,5,GGOCC-00196,Product Manager,0.7925,RANKABLE,2,1
STU-PIP-2670,5,GGOCC-00196,Product Manager,0.7925,RANKABLE,2,1
STU-PIP-2671,5,GGOCC-00196,Product Manager,0.7925,RANKABLE,2,1
STU-PIP-2672,5,GGOCC-00196,Product Manager,0.7925,RANKABLE,2,1
STU-PIP-2673,5,GGOCC-00196,Product Manager,0.7925,RANKABLE,2,1
STU-PIP-2674,5,GGOCC-00196,Product Manager,0.7925,RANKABLE,2,1
STU-PIP-2675,5,GGOCC-00196,Product Manager,0.7925,RANKABLE,2,1
STU-PIP-2676,5,GGOCC-00196,Product Manager,0.7925,RANKABLE,2,1
STU-PIP-2677,5,GGOCC-00196,Product Manager,0.7925,RANKABLE,2,1
STU-PIP-2678,5,GGOCC-00196,Product Manager,0.7925,RANKABLE,2,1
STU-PIP-2679,5,GGOCC-00196,Product Manager,0.7925,RANKABLE,2,1
STU-PIP-2680,5,GGOCC-00196,Product Manager,0.7925,RANKABLE,2,1
STU-PIP-2681,5,GGOCC-00196,Product Manager,0.7925,RANKABLE,2,1
STU-PIP-2682,5,GGOCC-00196,Product Manager,0.7925,RANKABLE,2,1
STU-PIP-2683,5,GGOCC-00196,Product Manager,0.7925,RANKABLE,2,1
STU-PIP-2684,5,GGOCC-00196,Product Manager,0.7925,RANKABLE,2,1
STU-PIP-2685,5,GGOCC-00196,Product Manager,0.7925,RANKABLE,2,1
STU-PIP-2686,5,GGOCC-00196,Product Manager,0.7925,RANKABLE,2,1
STU-PIP-2687,5,GGOCC-00196,Product Manager,0.7925,RANKABLE,2,1
STU-PIP-2688,5,GGOCC-00196,Product Manager,0.7925,RANKABLE,2,1
STU-PIP-2689,5,GGOCC-00196,Product Manager,0.7925,RANKABLE,2,1
STU-PIP-2690,5,GGOCC-00196,Product Manager,0.7925,RANKABLE,2,1
STU-PIP-2691,5,GGOCC-00196,Product Manager,0.7925,RANKABLE,2,1
STU-PIP-2692,5,GGOCC-00196,Product Manager,0.7925,RANKABLE,2,1
STU-PIP-2693,5,GGOCC-00196,Product Manager,0.7925,RANKABLE,2,1
STU-PIP-2694,5,GGOCC-00196,Product Manager,0.7925,RANKABLE,2,1
STU-PIP-2695,5,GGOCC-00196,Product Manager,0.7925,RANKABLE,2,1
STU-PIP-2696,5,GGOCC-00196,Product Manager,0.7925,RANKABLE,2,1
STU-PIP-2697,5,GGOCC-00196,Product Manager,0.7925,RANKABLE,2,1
STU-PIP-2698,5,GGOCC-00196,Product Manager,0.7925,RANKABLE,2,1
STU-PIP-2699,5,GGOCC-00196,Product Manager,0.7925,RANKABLE,2,1
STU-PIP-2700,5,GGOCC-00196,Product Manager,0.7925,RANKABLE,2,1
STU-PIP-2701,5,GGOCC-00196,Product Manager,0.7925,RANKABLE,2,1
STU-PIP-2702,5,GGOCC-00196,Product Manager,0.7925,RANKABLE,2,1
STU-PIP-2703,5,GGOCC-00196,Product Manager,0.7925,RANKABLE,2,1
STU-PIP-2704,5,GGOCC-00196,Product Manager,0.7925,RANKABLE,2,1
STU-PIP-2705,5,GGOCC-00196,Product Manager,0.7925,RANKABLE,2,1
STU-PIP-2706,5,GGOCC-00196,Product Manager,0.7925,RANKABLE,2,1
STU-PIP-2707,5,GGOCC-00196,Product Manager,0.7925,RANKABLE,2,1
STU-PIP-2708,5,GGOCC-00196,Product Manager,0.7925,RANKABLE,2,1
STU-PIP-2709,5,GGOCC-00196,Product Manager,0.7925,RANKABLE,2,1
STU-PIP-2710,5,GGOCC-00196,Product Manager,0.7925,RANKABLE,2,1
STU-PIP-2711,5,GGOCC-00196,Product Manager,0.7925,RANKABLE,2,1
STU-PIP-2712,5,GGOCC-00196,Product Manager,0.7925,RANKABLE,2,1
STU-PIP-2713,5,GGOCC-00196,Product Manager,0.7925,RANKABLE,2,1
STU-PIP-2714,5,GGOCC-00196,Product Manager,0.7925,RANKABLE,2,1
STU-PIP-2715,5,GGOCC-00196,Product Manager,0.7925,RANKABLE,2,1
STU-PIP-2716,5,GGOCC-00196,Product Manager,0.7925,RANKABLE,2,1
STU-PIP-2717,5,GGOCC-00196,Product Manager,0.7925,RANKABLE,2,1
STU-PIP-2718,5,GGOCC-00196,Product Manager,0.7925,RANKABLE,2,1
STU-PIP-2719,5,GGOCC-00196,Product Manager,0.7925,RANKABLE,2,1
STU-PIP-2720,5,GGOCC-00196,Product Manager,0.7925,RANKABLE,2,1
STU-PIP-2721,5,GGOCC-00196,Product Manager,0.7925,RANKABLE,2,1
STU-PIP-2722,5,GGOCC-00196,Product Manager,0.7925,RANKABLE,2,1
STU-PIP-2723,5,GGOCC-00196,Product Manager,0.7925,RANKABLE,2,1
STU-PIP-2724,5,GGOCC-00196,Product Manager,0.7925,RANKABLE,2,1
STU-PIP-2725,5,GGOCC-00196,Product Manager,0.7925,RANKABLE,2,1
STU-PIP-2726,5,GGOCC-00196,Product Manager,0.7925,RANKABLE,2,1
STU-PIP-2727,5,GGOCC-00196,Product Manager,0.7925,RANKABLE,2,1
STU-PIP-2728,5,GGOCC-00196,Product Manager,0.7925,RANKABLE,2,1
STU-PIP-2729,5,GGOCC-00196,Product Manager,0.7925,RANKABLE,2,1
STU-PIP-2730,5,GGOCC-00196,Product Manager,0.7925,RANKABLE,2,1
STU-PIP-2731,5,GGOCC-00196,Product Manager,0.7925,RANKABLE,2,1
STU-PIP-2732,5,GGOCC-00196,Product Manager,0.7925,RANKABLE,2,1
STU-PIP-2733,5,GGOCC-00196,Product Manager,0.7925,RANKABLE,2,1
STU-PIP-2734,5,GGOCC-00196,Product Manager,0.7925,RANKABLE,2,1
STU-PIP-2735,5,GGOCC-00196,Product Manager,0.7925,RANKABLE,2,1
STU-PIP-2736,5,GGOCC-00196,Product Manager,0.7925,RANKABLE,2,1
STU-PIP-2737,5,GGOCC-00196,Product Manager,0.7925,RANKABLE,2,1
STU-PIP-2738,5,GGOCC-00196,Product Manager,0.7925,RANKABLE,2,1
STU-PIP-2739,5,GGOCC-00196,Product Manager,0.7925,RANKABLE,2,1
STU-PIP-2740,5,GGOCC-00196,Product Manager,0.7925,RANKABLE,2,1
STU-PIP-2741,5,GGOCC-00196,Product Manager,0.7925,RANKABLE,2,1
STU-PIP-2742,5,GGOCC-00196,Product Manager,0.7925,RANKABLE,2,1
STU-PIP-2743,5,GGOCC-00196,Product Manager,0.7925,RANKABLE,2,1
STU-PIP-2744,5,GGOCC-00196,Product Manager,0.7925,RANKABLE,2,1
STU-PIP-2745,5,GGOCC-00196,Product Manager,0.7925,RANKABLE,2,1
STU-PIP-2746,5,GGOCC-00196,Product Manager,0.7925,RANKABLE,2,1
STU-PIP-2747,5,GGOCC-00196,Product Manager,0.7925,RANKABLE,2,1
STU-PIP-2748,5,GGOCC-00196,Product Manager,0.7925,RANKABLE,2,1
STU-PIP-2749,5,GGOCC-00196,Product Manager,0.7925,RANKABLE,2,1
STU-PIP-2750,5,GGOCC-00196,Product Manager,0.7925,RANKABLE,2,1
STU-PIP-2751,5,GGOCC-00196,Product Manager,0.7925,RANKABLE,2,1
STU-PIP-2752,5,GGOCC-00196,Product Manager,0.7925,RANKABLE,2,1
STU-PIP-2753,5,GGOCC-00196,Product Manager,0.7925,RANKABLE,2,1
STU-PIP-2754,5,GGOCC-00196,Product Manager,0.7925,RANKABLE,2,1
STU-PIP-2755,5,GGOCC-00196,Product Manager,0.7925,RANKABLE,2,1
STU-PIP-2756,5,GGOCC-00196,Product Manager,0.7925,RANKABLE,2,1
STU-PIP-2757,5,GGOCC-00196,Product Manager,0.7925,RANKABLE,2,1
STU-PIP-2758,5,GGOCC-00196,Product Manager,0.7925,RANKABLE,2,1
STU-PIP-2759,5,GGOCC-00196,Product Manager,0.7925,RANKABLE,2,1
STU-PIP-2760,5,GGOCC-00196,Product Manager,0.7925,RANKABLE,2,1
STU-PIP-2761,5,GGOCC-00196,Product Manager,0.7925,RANKABLE,2,1
STU-PIP-2762,5,GGOCC-00196,Product Manager,0.7925,RANKABLE,2,1
STU-PIP-2763,5,GGOCC-00196,Product Manager,0.7925,RANKABLE,2,1
STU-PIP-2764,5,GGOCC-00196,Product Manager,0.7925,RANKABLE,2,1
STU-PIP-2765,5,GGOCC-00196,Product Manager,0.7925,RANKABLE,2,1
STU-PIP-2766,5,GGOCC-00196,Product Manager,0.7925,RANKABLE,2,1
STU-PIP-2767,5,GGOCC-00196,Product Manager,0.7925,RANKABLE,2,1
STU-PIP-2768,5,GGOCC-00196,Product Manager,0.7925,RANKABLE,2,1
STU-PIP-2769,5,GGOCC-00196,Product Manager,0.7925,RANKABLE,2,1
STU-PIP-2770,5,GGOCC-00196,Product Manager,0.7925,RANKABLE,2,1
STU-PIP-2771,5,GGOCC-00196,Product Manager,0.7925,RANKABLE,2,1
STU-PIP-2772,5,GGOCC-00196,Product Manager,0.7925,RANKABLE,2,1
STU-PIP-2773,5,GGOCC-00196,Product Manager,0.7925,RANKABLE,2,1
STU-PIP-2774,5,GGOCC-00196,Product Manager,0.7925,RANKABLE,2,1
STU-PIP-2775,5,GGOCC-00196,Product Manager,0.7925,RANKABLE,2,1
STU-PIP-2776,5,GGOCC-00196,Product Manager,0.7925,RANKABLE,2,1
STU-PIP-2777,5,GGOCC-00196,Product Manager,0.7925,RANKABLE,2,1
STU-PIP-2778,5,GGOCC-00196,Product Manager,0.7925,RANKABLE,2,1
STU-PIP-2779,5,GGOCC-00196,Product Manager,0.7925,RANKABLE,2,1
STU-PIP-2780,5,GGOCC-00196,Product Manager,0.7925,RANKABLE,2,1
STU-PIP-2781,5,GGOCC-00196,Product Manager,0.7925,RANKABLE,2,1
STU-PIP-2782,5,GGOCC-00196,Product Manager,0.7925,RANKABLE,2,1
STU-PIP-2783,5,GGOCC-00196,Product Manager,0.7925,RANKABLE,2,1
STU-PIP-2784,5,GGOCC-00196,Product Manager,0.7925,RANKABLE,2,1
STU-PIP-2785,5,GGOCC-00196,Product Manager,0.7925,RANKABLE,2,1
STU-PIP-2786,5,GGOCC-00196,Product Manager,0.7925,RANKABLE,2,1
STU-PIP-2787,5,GGOCC-00196,Product Manager,0.7925,RANKABLE,2,1
STU-PIP-2788,5,GGOCC-00196,Product Manager,0.7925,RANKABLE,2,1
STU-PIP-2789,5,GGOCC-00196,Product Manager,0.7925,RANKABLE,2,1
STU-PIP-2790,5,GGOCC-00196,Product Manager,0.7925,RANKABLE,2,1
STU-PIP-2791,5,GGOCC-00196,Product Manager,0.7925,RANKABLE,2,1
STU-PIP-2792,5,GGOCC-00196,Product Manager,0.7925,RANKABLE,2,1
STU-PIP-2793,5,GGOCC-00196,Product Manager,0.7925,RANKABLE,2,1
STU-PIP-2794,5,GGOCC-00196,Product Manager,0.7925,RANKABLE,2,1
STU-PIP-2795,5,GGOCC-00196,Product Manager,0.7925,RANKABLE,2,1
STU-PIP-2796,5,GGOCC-00196,Product Manager,0.7925,RANKABLE,2,1
STU-PIP-2797,5,GGOCC-00196,Product Manager,0.7925,RANKABLE,2,1
STU-PIP-2798,5,GGOCC-00196,Product Manager,0.7925,RANKABLE,2,1
STU-PIP-2799,5,GGOCC-00196,Product Manager,0.7925,RANKABLE,2,1
STU-PIP-2800,5,GGOCC-00196,Product Manager,0.7925,RANKABLE,2,1
STU-PIP-2801,5,GGOCC-00196,Product Manager,0.7925,RANKABLE,2,1
STU-PIP-2802,5,GGOCC-00196,Product Manager,0.7925,RANKABLE,2,1
STU-PIP-2803,5,GGOCC-00196,Product Manager,0.7925,RANKABLE,2,1
STU-PIP-2804,5,GGOCC-00196,Product Manager,0.7925,RANKABLE,2,1
STU-PIP-2805,5,GGOCC-00196,Product Manager,0.7925,RANKABLE,2,1
STU-PIP-2806,5,GGOCC-00196,Product Manager,0.7925,RANKABLE,2,1
STU-PIP-2807,5,GGOCC-00196,Product Manager,0.7925,RANKABLE,2,1
STU-PIP-2808,5,GGOCC-00196,Product Manager,0.7925,RANKABLE,2,1
STU-PIP-2809,5,GGOCC-00196,Product Manager,0.7925,RANKABLE,2,1
STU-PIP-2810,5,GGOCC-00196,Product Manager,0.7925,RANKABLE,2,1
STU-PIP-2811,5,GGOCC-00196,Product Manager,0.7925,RANKABLE,2,1
STU-PIP-2812,5,GGOCC-00196,Product Manager,0.7925,RANKABLE,2,1
STU-PIP-2813,5,GGOCC-00196,Product Manager,0.7925,RANKABLE,2,1
STU-PIP-2814,5,GGOCC-00196,Product Manager,0.7925,RANKABLE,2,1
STU-PIP-2815,5,GGOCC-00196,Product Manager,0.7925,RANKABLE,2,1
STU-PIP-2816,5,GGOCC-00196,Product Manager,0.7925,RANKABLE,2,1
STU-PIP-2817,5,GGOCC-00196,Product Manager,0.7925,RANKABLE,2,1
STU-PIP-2818,5,GGOCC-00196,Product Manager,0.7925,RANKABLE,2,1
STU-PIP-2819,5,GGOCC-00196,Product Manager,0.7925,RANKABLE,2,1
STU-PIP-2820,5,GGOCC-00196,Product Manager,0.7925,RANKABLE,2,1
STU-PIP-2821,5,GGOCC-00196,Product Manager,0.7925,RANKABLE,2,1
STU-PIP-2822,5,GGOCC-00196,Product Manager,0.7925,RANKABLE,2,1
STU-PIP-2823,5,GGOCC-00196,Product Manager,0.7925,RANKABLE,2,1
STU-PIP-2824,5,GGOCC-00196,Product Manager,0.7925,RANKABLE,2,1
STU-PIP-2825,5,GGOCC-00196,Product Manager,0.7925,RANKABLE,2,1
STU-PIP-2826,5,GGOCC-00196,Product Manager,0.7925,RANKABLE,2,1
STU-PIP-2827,5,GGOCC-00196,Product Manager,0.7925,RANKABLE,2,1
STU-PIP-2828,5,GGOCC-00196,Product Manager,0.7925,RANKABLE,2,1
STU-PIP-2829,5,GGOCC-00196,Product Manager,0.7925,RANKABLE,2,1
STU-PIP-2830,5,GGOCC-00196,Product Manager,0.7925,RANKABLE,2,1
STU-PIP-2831,5,GGOCC-00196,Product Manager,0.7925,RANKABLE,2,1
STU-PIP-2832,5,GGOCC-00196,Product Manager,0.7925,RANKABLE,2,1
STU-PIP-2833,5,GGOCC-00196,Product Manager,0.7925,RANKABLE,2,1
STU-PIP-2834,5,GGOCC-00196,Product Manager,0.7925,RANKABLE,2,1
STU-PIP-2835,5,GGOCC-00196,Product Manager,0.7925,RANKABLE,2,1
STU-PIP-2836,5,GGOCC-00196,Product Manager,0.7925,RANKABLE,2,1
STU-PIP-2837,5,GGOCC-00196,Product Manager,0.7925,RANKABLE,2,1
STU-PIP-2838,5,GGOCC-00196,Product Manager,0.7925,RANKABLE,2,1
STU-PIP-2839,5,GGOCC-00196,Product Manager,0.7925,RANKABLE,2,1
STU-PIP-2840,5,GGOCC-00196,Product Manager,0.7925,RANKABLE,2,1
STU-PIP-2841,5,GGOCC-00196,Product Manager,0.7925,RANKABLE,2,1
STU-PIP-2842,5,GGOCC-00196,Product Manager,0.7925,RANKABLE,2,1
STU-PIP-2843,5,GGOCC-00196,Product Manager,0.7925,RANKABLE,2,1
STU-PIP-2844,5,GGOCC-00196,Product Manager,0.7925,RANKABLE,2,1
STU-PIP-2845,5,GGOCC-00196,Product Manager,0.7925,RANKABLE,2,1
STU-PIP-2846,5,GGOCC-00196,Product Manager,0.7925,RANKABLE,2,1
STU-PIP-2847,5,GGOCC-00196,Product Manager,0.7925,RANKABLE,2,1
STU-PIP-2848,5,GGOCC-00196,Product Manager,0.7925,RANKABLE,2,1
STU-PIP-2849,5,GGOCC-00196,Product Manager,0.7925,RANKABLE,2,1
STU-PIP-2850,5,GGOCC-00196,Product Manager,0.7925,RANKABLE,2,1
STU-PIP-2851,5,GGOCC-00196,Product Manager,0.7925,RANKABLE,2,1
STU-PIP-2852,5,GGOCC-00196,Product Manager,0.7925,RANKABLE,2,1
STU-PIP-2853,5,GGOCC-00196,Product Manager,0.7925,RANKABLE,2,1
STU-PIP-2854,5,GGOCC-00196,Product Manager,0.7925,RANKABLE,2,1
STU-PIP-2855,5,GGOCC-00196,Product Manager,0.7925,RANKABLE,2,1
STU-PIP-2856,5,GGOCC-00196,Product Manager,0.7925,RANKABLE,2,1
STU-PIP-2857,5,GGOCC-00196,Product Manager,0.7925,RANKABLE,2,1
STU-PIP-2858,5,GGOCC-00196,Product Manager,0.7925,RANKABLE,2,1
STU-PIP-2859,5,GGOCC-00196,Product Manager,0.7925,RANKABLE,2,1
STU-PIP-2860,5,GGOCC-00196,Product Manager,0.7925,RANKABLE,2,1
STU-PIP-2861,5,GGOCC-00196,Product Manager,0.7925,RANKABLE,2,1
STU-PIP-2862,5,GGOCC-00196,Product Manager,0.7925,RANKABLE,2,1
STU-PIP-2863,5,GGOCC-00196,Product Manager,0.7925,RANKABLE,2,1
STU-PIP-2864,5,GGOCC-00196,Product Manager,0.7925,RANKABLE,2,1
STU-PIP-2865,5,GGOCC-00196,Product Manager,0.7925,RANKABLE,2,1
STU-PIP-2866,5,GGOCC-00196,Product Manager,0.7925,RANKABLE,2,1
STU-PIP-2867,5,GGOCC-00196,Product Manager,0.7925,RANKABLE,2,1
STU-PIP-2868,5,GGOCC-00196,Product Manager,0.7925,RANKABLE,2,1
STU-PIP-2869,5,GGOCC-00196,Product Manager,0.7925,RANKABLE,2,1
STU-PIP-2870,5,GGOCC-00196,Product Manager,0.7925,RANKABLE,2,1
STU-PIP-2871,5,GGOCC-00196,Product Manager,0.7925,RANKABLE,2,1
STU-PIP-2872,5,GGOCC-00196,Product Manager,0.7925,RANKABLE,2,1
STU-PIP-2873,5,GGOCC-00196,Product Manager,0.7925,RANKABLE,2,1
STU-PIP-2874,5,GGOCC-00196,Product Manager,0.7925,RANKABLE,2,1
STU-PIP-2875,5,GGOCC-00196,Product Manager,0.7925,RANKABLE,2,1
STU-PIP-2876,5,GGOCC-00196,Product Manager,0.7925,RANKABLE,2,1
STU-PIP-2877,5,GGOCC-00196,Product Manager,0.7925,RANKABLE,2,1
STU-PIP-2878,5,GGOCC-00196,Product Manager,0.7925,RANKABLE,2,1
STU-PIP-2879,5,GGOCC-00196,Product Manager,0.7925,RANKABLE,2,1
STU-PIP-2880,5,GGOCC-00196,Product Manager,0.7925,RANKABLE,2,1
STU-PIP-2881,5,GGOCC-00196,Product Manager,0.7925,RANKABLE,2,1
STU-PIP-2882,5,GGOCC-00196,Product Manager,0.7925,RANKABLE,2,1
STU-PIP-2883,5,GGOCC-00196,Product Manager,0.7925,RANKABLE,2,1
STU-PIP-2884,5,GGOCC-00196,Product Manager,0.7925,RANKABLE,2,1
STU-PIP-2885,5,GGOCC-00196,Product Manager,0.7925,RANKABLE,2,1
STU-PIP-2886,5,GGOCC-00196,Product Manager,0.7925,RANKABLE,2,1
STU-PIP-2887,5,GGOCC-00196,Product Manager,0.7925,RANKABLE,2,1
STU-PIP-2888,5,GGOCC-00196,Product Manager,0.7925,RANKABLE,2,1
STU-PIP-2889,5,GGOCC-00196,Product Manager,0.7925,RANKABLE,2,1
STU-PIP-2890,5,GGOCC-00196,Product Manager,0.7925,RANKABLE,2,1
STU-PIP-2891,5,GGOCC-00196,Product Manager,0.7925,RANKABLE,2,1
STU-PIP-2892,5,GGOCC-00196,Product Manager,0.7925,RANKABLE,2,1
STU-PIP-2893,5,GGOCC-00196,Product Manager,0.7925,RANKABLE,2,1
STU-PIP-2894,5,GGOCC-00196,Product Manager,0.7925,RANKABLE,2,1
STU-PIP-2895,5,GGOCC-00196,Product Manager,0.7925,RANKABLE,2,1
STU-PIP-2896,5,GGOCC-00196,Product Manager,0.7925,RANKABLE,2,1
STU-PIP-2897,5,GGOCC-00196,Product Manager,0.7925,RANKABLE,2,1
STU-PIP-2898,5,GGOCC-00196,Product Manager,0.7925,RANKABLE,2,1
STU-PIP-2899,5,GGOCC-00196,Product Manager,0.7925,RANKABLE,2,1
STU-PIP-2900,5,GGOCC-00196,Product Manager,0.7925,RANKABLE,2,1
STU-PIP-2901,5,GGOCC-00196,Product Manager,0.7925,RANKABLE,2,1
STU-PIP-2902,5,GGOCC-00196,Product Manager,0.7925,RANKABLE,2,1
STU-PIP-2903,5,GGOCC-00196,Product Manager,0.7925,RANKABLE,2,1
STU-PIP-2904,5,GGOCC-00196,Product Manager,0.7925,RANKABLE,2,1
STU-PIP-2905,5,GGOCC-00196,Product Manager,0.7925,RANKABLE,2,1
STU-PIP-2906,5,GGOCC-00196,Product Manager,0.7925,RANKABLE,2,1
STU-PIP-2907,5,GGOCC-00196,Product Manager,0.7925,RANKABLE,2,1
STU-PIP-2908,5,GGOCC-00196,Product Manager,0.7925,RANKABLE,2,1
STU-PIP-2909,5,GGOCC-00196,Product Manager,0.7925,RANKABLE,2,1
STU-PIP-2910,5,GGOCC-00196,Product Manager,0.7925,RANKABLE,2,1
STU-PIP-2911,5,GGOCC-00196,Product Manager,0.7925,RANKABLE,2,1
STU-PIP-2912,5,GGOCC-00196,Product Manager,0.7925,RANKABLE,2,1
STU-PIP-2913,5,GGOCC-00196,Product Manager,0.7925,RANKABLE,2,1
STU-PIP-2914,5,GGOCC-00196,Product Manager,0.7925,RANKABLE,2,1
STU-PIP-2915,5,GGOCC-00196,Product Manager,0.7925,RANKABLE,2,1
STU-PIP-2916,5,GGOCC-00196,Product Manager,0.7925,RANKABLE,2,1
STU-PIP-2917,5,GGOCC-00196,Product Manager,0.7925,RANKABLE,2,1
STU-PIP-2918,5,GGOCC-00196,Product Manager,0.7925,RANKABLE,2,1
STU-PIP-2919,5,GGOCC-00196,Product Manager,0.7925,RANKABLE,2,1
STU-PIP-2920,5,GGOCC-00196,Product Manager,0.7925,RANKABLE,2,1
STU-PIP-2921,5,GGOCC-00196,Product Manager,0.7925,RANKABLE,2,1
STU-PIP-2922,5,GGOCC-00196,Product Manager,0.7925,RANKABLE,2,1
STU-PIP-2923,5,GGOCC-00196,Product Manager,0.7925,RANKABLE,2,1
STU-PIP-2924,5,GGOCC-00196,Product Manager,0.7925,RANKABLE,2,1
STU-PIP-2925,5,GGOCC-00196,Product Manager,0.7925,RANKABLE,2,1
STU-PIP-2926,5,GGOCC-00196,Product Manager,0.7925,RANKABLE,2,1
STU-PIP-2927,5,GGOCC-00196,Product Manager,0.7925,RANKABLE,2,1
STU-PIP-2928,5,GGOCC-00196,Product Manager,0.7925,RANKABLE,2,1
STU-PIP-2929,5,GGOCC-00196,Product Manager,0.7925,RANKABLE,2,1
STU-PIP-2930,5,GGOCC-00196,Product Manager,0.7925,RANKABLE,2,1
STU-PIP-2931,5,GGOCC-00196,Product Manager,0.7925,RANKABLE,2,1
STU-PIP-2932,5,GGOCC-00196,Product Manager,0.7925,RANKABLE,2,1
STU-PIP-2933,5,GGOCC-00196,Product Manager,0.7925,RANKABLE,2,1
STU-PIP-2934,5,GGOCC-00196,Product Manager,0.7925,RANKABLE,2,1
STU-PIP-2935,5,GGOCC-00196,Product Manager,0.7925,RANKABLE,2,1
STU-PIP-2936,5,GGOCC-00196,Product Manager,0.7925,RANKABLE,2,1
STU-PIP-2937,5,GGOCC-00196,Product Manager,0.7925,RANKABLE,2,1
STU-PIP-2938,5,GGOCC-00196,Product Manager,0.7925,RANKABLE,2,1
STU-PIP-2939,5,GGOCC-00196,Product Manager,0.7925,RANKABLE,2,1
STU-PIP-2940,5,GGOCC-00196,Product Manager,0.7925,RANKABLE,2,1
STU-PIP-2941,5,GGOCC-00196,Product Manager,0.7925,RANKABLE,2,1
STU-PIP-2942,5,GGOCC-00196,Product Manager,0.7925,RANKABLE,2,1
STU-PIP-2943,5,GGOCC-00196,Product Manager,0.7925,RANKABLE,2,1
STU-PIP-2944,5,GGOCC-00196,Product Manager,0.7925,RANKABLE,2,1
STU-PIP-2945,5,GGOCC-00196,Product Manager,0.7925,RANKABLE,2,1
STU-PIP-2946,5,GGOCC-00196,Product Manager,0.7925,RANKABLE,2,1
STU-PIP-2947,5,GGOCC-00196,Product Manager,0.7925,RANKABLE,2,1
STU-PIP-2948,5,GGOCC-00196,Product Manager,0.7925,RANKABLE,2,1
STU-PIP-2949,5,GGOCC-00196,Product Manager,0.7925,RANKABLE,2,1
STU-PIP-2950,5,GGOCC-00196,Product Manager,0.7925,RANKABLE,2,1
STU-PIP-2951,5,GGOCC-00196,Product Manager,0.7925,RANKABLE,2,1
STU-PIP-2952,5,GGOCC-00196,Product Manager,0.7925,RANKABLE,2,1
STU-PIP-2953,5,GGOCC-00196,Product Manager,0.7925,RANKABLE,2,1
STU-PIP-2954,5,GGOCC-00196,Product Manager,0.7925,RANKABLE,2,1
STU-PIP-2955,5,GGOCC-00196,Product Manager,0.7925,RANKABLE,2,1
STU-PIP-2956,5,GGOCC-00196,Product Manager,0.7925,RANKABLE,2,1
STU-PIP-2957,5,GGOCC-00196,Product Manager,0.7925,RANKABLE,2,1
STU-PIP-2958,5,GGOCC-00196,Product Manager,0.7925,RANKABLE,2,1
STU-PIP-2959,5,GGOCC-00196,Product Manager,0.7925,RANKABLE,2,1
STU-PIP-2960,5,GGOCC-00196,Product Manager,0.7925,RANKABLE,2,1
STU-PIP-2961,5,GGOCC-00196,Product Manager,0.7925,RANKABLE,2,1
STU-PIP-2962,5,GGOCC-00196,Product Manager,0.7925,RANKABLE,2,1
STU-PIP-2963,5,GGOCC-00196,Product Manager,0.7925,RANKABLE,2,1
STU-PIP-2964,5,GGOCC-00196,Product Manager,0.7925,RANKABLE,2,1
STU-PIP-2965,5,GGOCC-00196,Product Manager,0.7925,RANKABLE,2,1
STU-PIP-2966,5,GGOCC-00196,Product Manager,0.7925,RANKABLE,2,1
STU-PIP-2967,5,GGOCC-00196,Product Manager,0.7925,RANKABLE,2,1
STU-PIP-2968,5,GGOCC-00196,Product Manager,0.7925,RANKABLE,2,1
STU-PIP-2969,5,GGOCC-00196,Product Manager,0.7925,RANKABLE,2,1
STU-PIP-2970,5,GGOCC-00196,Product Manager,0.7925,RANKABLE,2,1
STU-PIP-2971,5,GGOCC-00196,Product Manager,0.7925,RANKABLE,2,1
STU-PIP-2972,5,GGOCC-00196,Product Manager,0.7925,RANKABLE,2,1
STU-PIP-2973,5,GGOCC-00196,Product Manager,0.7925,RANKABLE,2,1
STU-PIP-2974,5,GGOCC-00196,Product Manager,0.7925,RANKABLE,2,1
STU-PIP-2975,5,GGOCC-00196,Product Manager,0.7925,RANKABLE,2,1
STU-PIP-2976,5,GGOCC-00196,Product Manager,0.7925,RANKABLE,2,1
STU-PIP-2977,5,GGOCC-00196,Product Manager,0.7925,RANKABLE,2,1
STU-PIP-2978,5,GGOCC-00196,Product Manager,0.7925,RANKABLE,2,1
STU-PIP-2979,5,GGOCC-00196,Product Manager,0.7925,RANKABLE,2,1
STU-PIP-2980,5,GGOCC-00196,Product Manager,0.7925,RANKABLE,2,1
STU-PIP-2981,5,GGOCC-00196,Product Manager,0.7925,RANKABLE,2,1
STU-PIP-2982,5,GGOCC-00196,Product Manager,0.7925,RANKABLE,2,1
STU-PIP-2983,5,GGOCC-00196,Product Manager,0.7925,RANKABLE,2,1
STU-PIP-2984,5,GGOCC-00196,Product Manager,0.7925,RANKABLE,2,1
STU-PIP-2985,5,GGOCC-00196,Product Manager,0.7925,RANKABLE,2,1
STU-PIP-2986,5,GGOCC-00196,Product Manager,0.7925,RANKABLE,2,1
STU-PIP-2987,5,GGOCC-00196,Product Manager,0.7925,RANKABLE,2,1
STU-PIP-2988,5,GGOCC-00196,Product Manager,0.7925,RANKABLE,2,1
STU-PIP-2989,5,GGOCC-00196,Product Manager,0.7925,RANKABLE,2,1
STU-PIP-2990,5,GGOCC-00196,Product Manager,0.7925,RANKABLE,2,1
STU-PIP-2991,5,GGOCC-00196,Product Manager,0.7925,RANKABLE,2,1
STU-PIP-2992,5,GGOCC-00196,Product Manager,0.7925,RANKABLE,2,1
STU-PIP-2993,5,GGOCC-00196,Product Manager,0.7925,RANKABLE,2,1
STU-PIP-2994,5,GGOCC-00196,Product Manager,0.7925,RANKABLE,2,1
STU-PIP-2995,5,GGOCC-00196,Product Manager,0.7925,RANKABLE,2,1
STU-PIP-2996,5,GGOCC-00196,Product Manager,0.7925,RANKABLE,2,1
STU-PIP-2997,5,GGOCC-00196,Product Manager,0.7925,RANKABLE,2,1
STU-PIP-2998,5,GGOCC-00196,Product Manager,0.7925,RANKABLE,2,1
STU-PIP-2999,5,GGOCC-00196,Product Manager,0.7925,RANKABLE,2,1
STU-PIP-3000,5,GGOCC-00196,Product Manager,0.7925,RANKABLE,2,1
STU-PIP-3001,5,GGOCC-00196,Product Manager,0.7925,RANKABLE,2,1
STU-PIP-3002,5,GGOCC-00196,Product Manager,0.7925,RANKABLE,2,1
STU-PIP-3003,5,GGOCC-00196,Product Manager,0.7925,RANKABLE,2,1
STU-PIP-3004,5,GGOCC-00196,Product Manager,0.7925,RANKABLE,2,1
STU-PIP-3005,5,GGOCC-00196,Product Manager,0.7925,RANKABLE,2,1
STU-PIP-3006,5,GGOCC-00196,Product Manager,0.7925,RANKABLE,2,1
STU-PIP-3007,5,GGOCC-00196,Product Manager,0.7925,RANKABLE,2,1
STU-PIP-3008,5,GGOCC-00196,Product Manager,0.7925,RANKABLE,2,1
STU-PIP-3009,5,GGOCC-00196,Product Manager,0.7925,RANKABLE,2,1
STU-PIP-3010,5,GGOCC-00196,Product Manager,0.7925,RANKABLE,2,1
STU-PIP-3011,5,GGOCC-00196,Product Manager,0.7925,RANKABLE,2,1
STU-PIP-3012,5,GGOCC-00196,Product Manager,0.7925,RANKABLE,2,1
STU-PIP-3013,5,GGOCC-00196,Product Manager,0.7925,RANKABLE,2,1
STU-PIP-3014,5,GGOCC-00196,Product Manager,0.7925,RANKABLE,2,1
STU-PIP-3015,5,GGOCC-00196,Product Manager,0.7925,RANKABLE,2,1
STU-PIP-3016,5,GGOCC-00196,Product Manager,0.7925,RANKABLE,2,1
STU-PIP-3017,5,GGOCC-00196,Product Manager,0.7925,RANKABLE,2,1
STU-PIP-3018,5,GGOCC-00196,Product Manager,0.7925,RANKABLE,2,1
STU-PIP-3019,5,GGOCC-00196,Product Manager,0.7925,RANKABLE,2,1
STU-PIP-3020,5,GGOCC-00196,Product Manager,0.7925,RANKABLE,2,1
STU-PIP-3021,5,GGOCC-00196,Product Manager,0.7925,RANKABLE,2,1
STU-PIP-3022,5,GGOCC-00196,Product Manager,0.7925,RANKABLE,2,1
STU-PIP-3023,5,GGOCC-00196,Product Manager,0.7925,RANKABLE,2,1
STU-PIP-3024,5,GGOCC-00196,Product Manager,0.7925,RANKABLE,2,1
STU-PIP-3025,5,GGOCC-00196,Product Manager,0.7925,RANKABLE,2,1
STU-PIP-3026,5,GGOCC-00196,Product Manager,0.7925,RANKABLE,2,1
STU-PIP-3027,5,GGOCC-00196,Product Manager,0.7925,RANKABLE,2,1
STU-PIP-3028,5,GGOCC-00196,Product Manager,0.7925,RANKABLE,2,1
STU-PIP-3029,5,GGOCC-00196,Product Manager,0.7925,RANKABLE,2,1
STU-PIP-3030,5,GGOCC-00196,Product Manager,0.7925,RANKABLE,2,1
STU-PIP-3031,5,GGOCC-00196,Product Manager,0.7925,RANKABLE,2,1
STU-PIP-3032,5,GGOCC-00196,Product Manager,0.7925,RANKABLE,2,1
STU-PIP-3033,5,GGOCC-00196,Product Manager,0.7925,RANKABLE,2,1
STU-PIP-3034,5,GGOCC-00196,Product Manager,0.7925,RANKABLE,2,1
STU-PIP-3035,5,GGOCC-00196,Product Manager,0.7925,RANKABLE,2,1
STU-PIP-3036,5,GGOCC-00196,Product Manager,0.7925,RANKABLE,2,1
STU-PIP-3037,5,GGOCC-00196,Product Manager,0.7925,RANKABLE,2,1
STU-PIP-3038,5,GGOCC-00196,Product Manager,0.7925,RANKABLE,2,1
STU-PIP-3039,5,GGOCC-00196,Product Manager,0.7925,RANKABLE,2,1
STU-PIP-3040,5,GGOCC-00196,Product Manager,0.7925,RANKABLE,2,1
STU-PIP-3041,5,GGOCC-00196,Product Manager,0.7925,RANKABLE,2,1
STU-PIP-3042,5,GGOCC-00196,Product Manager,0.7925,RANKABLE,2,1
STU-PIP-3043,5,GGOCC-00196,Product Manager,0.7925,RANKABLE,2,1
STU-PIP-3044,5,GGOCC-00196,Product Manager,0.7925,RANKABLE,2,1
STU-PIP-3045,5,GGOCC-00196,Product Manager,0.7925,RANKABLE,2,1
STU-PIP-3046,5,GGOCC-00196,Product Manager,0.7925,RANKABLE,2,1
STU-PIP-3047,5,GGOCC-00196,Product Manager,0.7925,RANKABLE,2,1
STU-PIP-3048,5,GGOCC-00196,Product Manager,0.7925,RANKABLE,2,1
STU-PIP-3049,5,GGOCC-00196,Product Manager,0.7925,RANKABLE,2,1
STU-PIP-3050,5,GGOCC-00196,Product Manager,0.7925,RANKABLE,2,1
STU-PIP-3051,5,GGOCC-00196,Product Manager,0.7925,RANKABLE,2,1
STU-PIP-3052,5,GGOCC-00196,Product Manager,0.7925,RANKABLE,2,1
STU-PIP-3053,5,GGOCC-00196,Product Manager,0.7925,RANKABLE,2,1
STU-PIP-3054,5,GGOCC-00196,Product Manager,0.7925,RANKABLE,2,1
STU-PIP-3055,5,GGOCC-00196,Product Manager,0.7925,RANKABLE,2,1
STU-PIP-3056,5,GGOCC-00196,Product Manager,0.7925,RANKABLE,2,1
STU-PIP-3057,5,GGOCC-00196,Product Manager,0.7925,RANKABLE,2,1
STU-PIP-3058,5,GGOCC-00196,Product Manager,0.7925,RANKABLE,2,1
STU-PIP-3059,5,GGOCC-00196,Product Manager,0.7925,RANKABLE,2,1
STU-PIP-3060,5,GGOCC-00196,Product Manager,0.7925,RANKABLE,2,1
STU-PIP-3061,5,GGOCC-00196,Product Manager,0.7925,RANKABLE,2,1
STU-PIP-3062,5,GGOCC-00196,Product Manager,0.7925,RANKABLE,2,1
STU-PIP-3063,5,GGOCC-00196,Product Manager,0.7925,RANKABLE,2,1
STU-PIP-3064,5,GGOCC-00196,Product Manager,0.7925,RANKABLE,2,1
STU-PIP-3065,5,GGOCC-00196,Product Manager,0.7925,RANKABLE,2,1
STU-PIP-3066,5,GGOCC-00196,Product Manager,0.7925,RANKABLE,2,1
STU-PIP-3067,5,GGOCC-00196,Product Manager,0.7925,RANKABLE,2,1
STU-PIP-3068,5,GGOCC-00196,Product Manager,0.7925,RANKABLE,2,1
STU-PIP-3069,5,GGOCC-00196,Product Manager,0.7925,RANKABLE,2,1
STU-PIP-3070,5,GGOCC-00196,Product Manager,0.7925,RANKABLE,2,1
STU-PIP-3071,5,GGOCC-00196,Product Manager,0.7925,RANKABLE,2,1
STU-PIP-3072,5,GGOCC-00196,Product Manager,0.7925,RANKABLE,2,1
STU-PIP-3073,5,GGOCC-00196,Product Manager,0.7925,RANKABLE,2,1
STU-PIP-3074,5,GGOCC-00196,Product Manager,0.7925,RANKABLE,2,1
STU-PIP-3075,5,GGOCC-00196,Product Manager,0.7925,RANKABLE,2,1
STU-PIP-3076,5,GGOCC-00196,Product Manager,0.7925,RANKABLE,2,1
STU-PIP-3077,5,GGOCC-00196,Product Manager,0.7925,RANKABLE,2,1
STU-PIP-3078,5,GGOCC-00196,Product Manager,0.7925,RANKABLE,2,1
STU-PIP-3079,5,GGOCC-00196,Product Manager,0.7925,RANKABLE,2,1
STU-PIP-3080,5,GGOCC-00196,Product Manager,0.7925,RANKABLE,2,1
STU-PIP-3081,5,GGOCC-00196,Product Manager,0.7925,RANKABLE,2,1
STU-PIP-3082,5,GGOCC-00196,Product Manager,0.7925,RANKABLE,2,1
STU-PIP-3083,5,GGOCC-00196,Product Manager,0.7925,RANKABLE,2,1
STU-PIP-3084,5,GGOCC-00196,Product Manager,0.7925,RANKABLE,2,1
STU-PIP-3085,5,GGOCC-00196,Product Manager,0.7925,RANKABLE,2,1
STU-PIP-3086,5,GGOCC-00196,Product Manager,0.7925,RANKABLE,2,1
STU-PIP-3087,5,GGOCC-00196,Product Manager,0.7925,RANKABLE,2,1
STU-PIP-3088,5,GGOCC-00196,Product Manager,0.7925,RANKABLE,2,1
STU-PIP-3089,5,GGOCC-00196,Product Manager,0.7925,RANKABLE,2,1
STU-PIP-3090,5,GGOCC-00196,Product Manager,0.7925,RANKABLE,2,1
STU-PIP-3091,5,GGOCC-00196,Product Manager,0.7925,RANKABLE,2,1
STU-PIP-3092,5,GGOCC-00196,Product Manager,0.7925,RANKABLE,2,1
STU-PIP-3093,5,GGOCC-00196,Product Manager,0.7925,RANKABLE,2,1
STU-PIP-3094,5,GGOCC-00196,Product Manager,0.7925,RANKABLE,2,1
STU-PIP-3095,5,GGOCC-00196,Product Manager,0.7925,RANKABLE,2,1
STU-PIP-3096,5,GGOCC-00196,Product Manager,0.7925,RANKABLE,2,1
STU-PIP-3097,5,GGOCC-00196,Product Manager,0.7925,RANKABLE,2,1
STU-PIP-3098,5,GGOCC-00196,Product Manager,0.7925,RANKABLE,2,1
STU-PIP-3099,5,GGOCC-00196,Product Manager,0.7925,RANKABLE,2,1
STU-PIP-3100,5,GGOCC-00196,Product Manager,0.7925,RANKABLE,2,1
STU-PIP-3101,5,GGOCC-00196,Product Manager,0.7925,RANKABLE,2,1
STU-PIP-3102,5,GGOCC-00196,Product Manager,0.7925,RANKABLE,2,1
STU-PIP-3103,5,GGOCC-00196,Product Manager,0.7925,RANKABLE,2,1
STU-PIP-3104,5,GGOCC-00196,Product Manager,0.7925,RANKABLE,2,1
STU-PIP-3105,5,GGOCC-00196,Product Manager,0.7925,RANKABLE,2,1
STU-PIP-3106,5,GGOCC-00196,Product Manager,0.7925,RANKABLE,2,1
STU-PIP-3107,5,GGOCC-00196,Product Manager,0.7925,RANKABLE,2,1
STU-PIP-3108,5,GGOCC-00196,Product Manager,0.7925,RANKABLE,2,1
STU-PIP-3109,5,GGOCC-00196,Product Manager,0.7925,RANKABLE,2,1
STU-PIP-3110,5,GGOCC-00196,Product Manager,0.7925,RANKABLE,2,1
STU-PIP-3111,5,GGOCC-00196,Product Manager,0.7925,RANKABLE,2,1
STU-PIP-3112,5,GGOCC-00196,Product Manager,0.7925,RANKABLE,2,1
STU-PIP-3113,5,GGOCC-00196,Product Manager,0.7925,RANKABLE,2,1
STU-PIP-3114,5,GGOCC-00196,Product Manager,0.7925,RANKABLE,2,1
STU-PIP-3115,5,GGOCC-00196,Product Manager,0.7925,RANKABLE,2,1
STU-PIP-3116,5,GGOCC-00196,Product Manager,0.7925,RANKABLE,2,1
STU-PIP-3117,5,GGOCC-00196,Product Manager,0.7925,RANKABLE,2,1
STU-PIP-3118,5,GGOCC-00196,Product Manager,0.7925,RANKABLE,2,1
STU-PIP-3119,5,GGOCC-00196,Product Manager,0.7925,RANKABLE,2,1
STU-PIP-3120,5,GGOCC-00196,Product Manager,0.7925,RANKABLE,2,1
STU-PIP-3121,5,GGOCC-00196,Product Manager,0.7925,RANKABLE,2,1
STU-PIP-3122,5,GGOCC-00196,Product Manager,0.7925,RANKABLE,2,1
STU-PIP-3123,5,GGOCC-00196,Product Manager,0.7925,RANKABLE,2,1
STU-PIP-3124,5,GGOCC-00196,Product Manager,0.7925,RANKABLE,2,1
STU-PIP-3125,5,GGOCC-00196,Product Manager,0.7925,RANKABLE,2,1
STU-PIP-3126,5,GGOCC-00196,Product Manager,0.7925,RANKABLE,2,1
STU-PIP-3127,5,GGOCC-00196,Product Manager,0.7925,RANKABLE,2,1
STU-PIP-3128,5,GGOCC-00196,Product Manager,0.7925,RANKABLE,2,1
STU-PIP-3129,5,GGOCC-00196,Product Manager,0.7925,RANKABLE,2,1
STU-PIP-3130,5,GGOCC-00196,Product Manager,0.7925,RANKABLE,2,1
STU-PIP-3131,5,GGOCC-00196,Product Manager,0.7925,RANKABLE,2,1
STU-PIP-3132,5,GGOCC-00196,Product Manager,0.7925,RANKABLE,2,1
STU-PIP-3133,5,GGOCC-00196,Product Manager,0.7925,RANKABLE,2,1
STU-PIP-3134,5,GGOCC-00196,Product Manager,0.7925,RANKABLE,2,1
STU-PIP-3135,5,GGOCC-00196,Product Manager,0.7925,RANKABLE,2,1
STU-PIP-3136,5,GGOCC-00196,Product Manager,0.7925,RANKABLE,2,1
STU-PIP-3137,5,GGOCC-00196,Product Manager,0.7925,RANKABLE,2,1
STU-PIP-3138,5,GGOCC-00196,Product Manager,0.7925,RANKABLE,2,1
STU-PIP-3139,5,GGOCC-00196,Product Manager,0.7925,RANKABLE,2,1
STU-PIP-3140,5,GGOCC-00196,Product Manager,0.7925,RANKABLE,2,1
STU-PIP-3141,5,GGOCC-00196,Product Manager,0.7925,RANKABLE,2,1
STU-PIP-3142,5,GGOCC-00196,Product Manager,0.7925,RANKABLE,2,1
STU-PIP-3143,5,GGOCC-00196,Product Manager,0.7925,RANKABLE,2,1
STU-PIP-3144,5,GGOCC-00196,Product Manager,0.7925,RANKABLE,2,1
STU-PIP-3145,5,GGOCC-00196,Product Manager,0.7925,RANKABLE,2,1
STU-PIP-3146,5,GGOCC-00196,Product Manager,0.7925,RANKABLE,2,1
STU-PIP-3147,5,GGOCC-00196,Product Manager,0.7925,RANKABLE,2,1
STU-PIP-3148,5,GGOCC-00196,Product Manager,0.7925,RANKABLE,2,1
STU-PIP-3149,5,GGOCC-00196,Product Manager,0.7925,RANKABLE,2,1
STU-PIP-3150,5,GGOCC-00196,Product Manager,0.7925,RANKABLE,2,1
STU-PIP-3151,5,GGOCC-00196,Product Manager,0.7925,RANKABLE,2,1
STU-PIP-3152,5,GGOCC-00196,Product Manager,0.7925,RANKABLE,2,1
STU-PIP-3153,5,GGOCC-00196,Product Manager,0.7925,RANKABLE,2,1
STU-PIP-3154,5,GGOCC-00196,Product Manager,0.7925,RANKABLE,2,1
STU-PIP-3155,5,GGOCC-00196,Product Manager,0.7925,RANKABLE,2,1
STU-PIP-3156,5,GGOCC-00196,Product Manager,0.7925,RANKABLE,2,1
STU-PIP-3157,5,GGOCC-00196,Product Manager,0.7925,RANKABLE,2,1
STU-PIP-3158,5,GGOCC-00196,Product Manager,0.7925,RANKABLE,2,1
STU-PIP-3159,5,GGOCC-00196,Product Manager,0.7925,RANKABLE,2,1
STU-PIP-3160,5,GGOCC-00196,Product Manager,0.7925,RANKABLE,2,1
STU-PIP-3161,5,GGOCC-00196,Product Manager,0.7925,RANKABLE,2,1
STU-PIP-3162,5,GGOCC-00196,Product Manager,0.7925,RANKABLE,2,1
STU-PIP-3163,5,GGOCC-00196,Product Manager,0.7925,RANKABLE,2,1
STU-PIP-3164,5,GGOCC-00196,Product Manager,0.7925,RANKABLE,2,1
STU-PIP-3165,5,GGOCC-00196,Product Manager,0.7925,RANKABLE,2,1
STU-PIP-3166,5,GGOCC-00196,Product Manager,0.7925,RANKABLE,2,1
STU-PIP-3167,5,GGOCC-00196,Product Manager,0.7925,RANKABLE,2,1
STU-PIP-3168,5,GGOCC-00196,Product Manager,0.7925,RANKABLE,2,1
STU-PIP-3169,5,GGOCC-00196,Product Manager,0.7925,RANKABLE,2,1
STU-PIP-3170,5,GGOCC-00196,Product Manager,0.7925,RANKABLE,2,1
STU-PIP-3171,5,GGOCC-00196,Product Manager,0.7925,RANKABLE,2,1
STU-PIP-3172,5,GGOCC-00196,Product Manager,0.7925,RANKABLE,2,1
STU-PIP-3173,5,GGOCC-00196,Product Manager,0.7925,RANKABLE,2,1
STU-PIP-3174,5,GGOCC-00196,Product Manager,0.7925,RANKABLE,2,1
STU-PIP-3175,5,GGOCC-00196,Product Manager,0.7925,RANKABLE,2,1
STU-PIP-3176,5,GGOCC-00196,Product Manager,0.7925,RANKABLE,2,1
STU-PIP-3177,5,GGOCC-00196,Product Manager,0.7925,RANKABLE,2,1
STU-PIP-3178,5,GGOCC-00196,Product Manager,0.7925,RANKABLE,2,1
STU-PIP-3179,5,GGOCC-00196,Product Manager,0.7925,RANKABLE,2,1
STU-PIP-3180,5,GGOCC-00196,Product Manager,0.7925,RANKABLE,2,1
STU-PIP-3181,5,GGOCC-00196,Product Manager,0.7925,RANKABLE,2,1
STU-PIP-3182,5,GGOCC-00196,Product Manager,0.7925,RANKABLE,2,1
STU-PIP-3183,5,GGOCC-00196,Product Manager,0.7925,RANKABLE,2,1
STU-PIP-3184,5,GGOCC-00196,Product Manager,0.7925,RANKABLE,2,1
STU-PIP-3185,5,GGOCC-00196,Product Manager,0.7925,RANKABLE,2,1
STU-PIP-3186,5,GGOCC-00196,Product Manager,0.7925,RANKABLE,2,1
STU-PIP-3187,5,GGOCC-00196,Product Manager,0.7925,RANKABLE,2,1
STU-PIP-3188,5,GGOCC-00196,Product Manager,0.7925,RANKABLE,2,1
STU-PIP-3189,5,GGOCC-00196,Product Manager,0.7925,RANKABLE,2,1
STU-PIP-3190,5,GGOCC-00196,Product Manager,0.7925,RANKABLE,2,1
STU-PIP-3191,5,GGOCC-00196,Product Manager,0.7925,RANKABLE,2,1
STU-PIP-3192,5,GGOCC-00196,Product Manager,0.7925,RANKABLE,2,1
STU-PIP-3193,5,GGOCC-00196,Product Manager,0.7925,RANKABLE,2,1
STU-PIP-3194,5,GGOCC-00196,Product Manager,0.7925,RANKABLE,2,1
STU-PIP-3195,5,GGOCC-00196,Product Manager,0.7925,RANKABLE,2,1
STU-PIP-3196,5,GGOCC-00196,Product Manager,0.7925,RANKABLE,2,1
STU-PIP-3197,5,GGOCC-00196,Product Manager,0.7925,RANKABLE,2,1
STU-PIP-3198,5,GGOCC-00196,Product Manager,0.7925,RANKABLE,2,1
STU-PIP-3199,5,GGOCC-00196,Product Manager,0.7925,RANKABLE,2,1
STU-PIP-3200,5,GGOCC-00196,Product Manager,0.7925,RANKABLE,2,1
STU-PIP-3201,5,GGOCC-00196,Product Manager,0.7925,RANKABLE,2,1
STU-PIP-3202,5,GGOCC-00196,Product Manager,0.7925,RANKABLE,2,1
STU-PIP-3203,5,GGOCC-00196,Product Manager,0.7925,RANKABLE,2,1
STU-PIP-3204,5,GGOCC-00196,Product Manager,0.7925,RANKABLE,2,1
STU-PIP-3205,5,GGOCC-00196,Product Manager,0.7925,RANKABLE,2,1
STU-PIP-3206,5,GGOCC-00196,Product Manager,0.7925,RANKABLE,2,1
STU-PIP-3207,5,GGOCC-00196,Product Manager,0.7925,RANKABLE,2,1
STU-PIP-3208,5,GGOCC-00196,Product Manager,0.7925,RANKABLE,2,1
STU-PIP-3209,5,GGOCC-00196,Product Manager,0.7925,RANKABLE,2,1
STU-PIP-3210,5,GGOCC-00196,Product Manager,0.7925,RANKABLE,2,1
STU-PIP-3211,5,GGOCC-00196,Product Manager,0.7925,RANKABLE,2,1
STU-PIP-3212,5,GGOCC-00196,Product Manager,0.7925,RANKABLE,2,1
STU-PIP-3213,5,GGOCC-00196,Product Manager,0.7925,RANKABLE,2,1
STU-PIP-3214,5,GGOCC-00196,Product Manager,0.7925,RANKABLE,2,1
STU-PIP-3215,5,GGOCC-00196,Product Manager,0.7925,RANKABLE,2,1
STU-PIP-3216,5,GGOCC-00196,Product Manager,0.7925,RANKABLE,2,1
STU-PIP-3217,5,GGOCC-00196,Product Manager,0.7925,RANKABLE,2,1
STU-PIP-3218,5,GGOCC-00196,Product Manager,0.7925,RANKABLE,2,1
STU-PIP-3219,5,GGOCC-00196,Product Manager,0.7925,RANKABLE,2,1
STU-PIP-3220,5,GGOCC-00196,Product Manager,0.7925,RANKABLE,2,1
STU-PIP-3221,5,GGOCC-00196,Product Manager,0.7925,RANKABLE,2,1
STU-PIP-3222,5,GGOCC-00196,Product Manager,0.7925,RANKABLE,2,1
STU-PIP-3223,5,GGOCC-00196,Product Manager,0.7925,RANKABLE,2,1
STU-PIP-3224,5,GGOCC-00196,Product Manager,0.7925,RANKABLE,2,1
STU-PIP-3225,5,GGOCC-00196,Product Manager,0.7925,RANKABLE,2,1
STU-PIP-3226,5,GGOCC-00196,Product Manager,0.7925,RANKABLE,2,1
STU-PIP-3227,5,GGOCC-00196,Product Manager,0.7925,RANKABLE,2,1
STU-PIP-3228,5,GGOCC-00196,Product Manager,0.7925,RANKABLE,2,1
STU-PIP-3229,5,GGOCC-00196,Product Manager,0.7925,RANKABLE,2,1
STU-PIP-3230,5,GGOCC-00196,Product Manager,0.7925,RANKABLE,2,1
STU-PIP-3231,5,GGOCC-00196,Product Manager,0.7925,RANKABLE,2,1
STU-PIP-3232,5,GGOCC-00196,Product Manager,0.7925,RANKABLE,2,1
STU-PIP-3233,5,GGOCC-00196,Product Manager,0.7925,RANKABLE,2,1
STU-PIP-3234,5,GGOCC-00196,Product Manager,0.7925,RANKABLE,2,1
STU-PIP-3235,5,GGOCC-00196,Product Manager,0.7925,RANKABLE,2,1
STU-PIP-3236,5,GGOCC-00196,Product Manager,0.7925,RANKABLE,2,1
STU-PIP-3237,5,GGOCC-00196,Product Manager,0.7925,RANKABLE,2,1
STU-PIP-3238,5,GGOCC-00196,Product Manager,0.7925,RANKABLE,2,1
STU-PIP-3239,5,GGOCC-00196,Product Manager,0.7925,RANKABLE,2,1
STU-PIP-3240,5,GGOCC-00196,Product Manager,0.7925,RANKABLE,2,1
STU-PIP-3241,5,GGOCC-00196,Product Manager,0.7925,RANKABLE,2,1
STU-PIP-3242,5,GGOCC-00196,Product Manager,0.7925,RANKABLE,2,1
STU-PIP-3243,5,GGOCC-00196,Product Manager,0.7925,RANKABLE,2,1
STU-PIP-3244,5,GGOCC-00196,Product Manager,0.7925,RANKABLE,2,1
STU-PIP-3245,5,GGOCC-00196,Product Manager,0.7925,RANKABLE,2,1
STU-PIP-3246,5,GGOCC-00196,Product Manager,0.7925,RANKABLE,2,1
STU-PIP-3247,5,GGOCC-00196,Product Manager,0.7925,RANKABLE,2,1
STU-PIP-3248,5,GGOCC-00196,Product Manager,0.7925,RANKABLE,2,1
STU-PIP-3249,5,GGOCC-00196,Product Manager,0.7925,RANKABLE,2,1
STU-PIP-3250,5,GGOCC-00196,Product Manager,0.7925,RANKABLE,2,1
STU-PIP-3251,5,GGOCC-00196,Product Manager,0.7925,RANKABLE,2,1
STU-PIP-3252,5,GGOCC-00196,Product Manager,0.7925,RANKABLE,2,1
STU-PIP-3253,5,GGOCC-00196,Product Manager,0.7925,RANKABLE,2,1
STU-PIP-3254,5,GGOCC-00196,Product Manager,0.7925,RANKABLE,2,1
STU-PIP-3255,5,GGOCC-00196,Product Manager,0.7925,RANKABLE,2,1
STU-PIP-3256,5,GGOCC-00196,Product Manager,0.7925,RANKABLE,2,1
STU-PIP-3257,5,GGOCC-00196,Product Manager,0.7925,RANKABLE,2,1
STU-PIP-3258,5,GGOCC-00196,Product Manager,0.7925,RANKABLE,2,1
STU-PIP-3259,5,GGOCC-00196,Product Manager,0.7925,RANKABLE,2,1
STU-PIP-3260,5,GGOCC-00196,Product Manager,0.7925,RANKABLE,2,1
STU-PIP-3261,5,GGOCC-00196,Product Manager,0.7925,RANKABLE,2,1
STU-PIP-3262,5,GGOCC-00196,Product Manager,0.7925,RANKABLE,2,1
STU-PIP-3263,5,GGOCC-00196,Product Manager,0.7925,RANKABLE,2,1
STU-PIP-3264,5,GGOCC-00196,Product Manager,0.7925,RANKABLE,2,1
STU-PIP-3265,5,GGOCC-00196,Product Manager,0.7925,RANKABLE,2,1
STU-PIP-3266,5,GGOCC-00196,Product Manager,0.7925,RANKABLE,2,1
STU-PIP-3267,5,GGOCC-00196,Product Manager,0.7925,RANKABLE,2,1
STU-PIP-3268,5,GGOCC-00196,Product Manager,0.7925,RANKABLE,2,1
STU-PIP-3269,5,GGOCC-00196,Product Manager,0.7925,RANKABLE,2,1
STU-PIP-3270,5,GGOCC-00196,Product Manager,0.7925,RANKABLE,2,1
STU-PIP-3271,5,GGOCC-00196,Product Manager,0.7925,RANKABLE,2,1
STU-PIP-3272,5,GGOCC-00196,Product Manager,0.7925,RANKABLE,2,1
STU-PIP-3273,5,GGOCC-00196,Product Manager,0.7925,RANKABLE,2,1
STU-PIP-3274,5,GGOCC-00196,Product Manager,0.7925,RANKABLE,2,1
STU-PIP-3275,5,GGOCC-00196,Product Manager,0.7925,RANKABLE,2,1
STU-PIP-3276,5,GGOCC-00196,Product Manager,0.7925,RANKABLE,2,1
STU-PIP-3277,5,GGOCC-00196,Product Manager,0.7925,RANKABLE,2,1
STU-PIP-3278,5,GGOCC-00196,Product Manager,0.7925,RANKABLE,2,1
STU-PIP-3279,5,GGOCC-00196,Product Manager,0.7925,RANKABLE,2,1
STU-PIP-3280,5,GGOCC-00196,Product Manager,0.7925,RANKABLE,2,1
STU-PIP-3281,5,GGOCC-00196,Product Manager,0.7925,RANKABLE,2,1
STU-PIP-3282,5,GGOCC-00196,Product Manager,0.7925,RANKABLE,2,1
STU-PIP-3283,5,GGOCC-00196,Product Manager,0.7925,RANKABLE,2,1
STU-PIP-3284,5,GGOCC-00196,Product Manager,0.7925,RANKABLE,2,1
STU-PIP-3285,5,GGOCC-00196,Product Manager,0.7925,RANKABLE,2,1
STU-PIP-3286,5,GGOCC-00196,Product Manager,0.7925,RANKABLE,2,1
STU-PIP-3287,5,GGOCC-00196,Product Manager,0.7925,RANKABLE,2,1
STU-PIP-3288,5,GGOCC-00196,Product Manager,0.7925,RANKABLE,2,1
STU-PIP-3289,5,GGOCC-00196,Product Manager,0.7925,RANKABLE,2,1
STU-PIP-3290,5,GGOCC-00196,Product Manager,0.7925,RANKABLE,2,1
STU-PIP-3291,5,GGOCC-00196,Product Manager,0.7925,RANKABLE,2,1
STU-PIP-3292,5,GGOCC-00196,Product Manager,0.7925,RANKABLE,2,1
STU-PIP-3293,5,GGOCC-00196,Product Manager,0.7925,RANKABLE,2,1
STU-PIP-3294,5,GGOCC-00196,Product Manager,0.7925,RANKABLE,2,1
STU-PIP-3295,5,GGOCC-00196,Product Manager,0.7925,RANKABLE,2,1
STU-PIP-3296,5,GGOCC-00196,Product Manager,0.7925,RANKABLE,2,1
STU-PIP-3297,5,GGOCC-00196,Product Manager,0.7925,RANKABLE,2,1
STU-PIP-3298,5,GGOCC-00196,Product Manager,0.7925,RANKABLE,2,1
STU-PIP-3299,5,GGOCC-00196,Product Manager,0.7925,RANKABLE,2,1
STU-PIP-3300,5,GGOCC-00196,Product Manager,0.7925,RANKABLE,2,1
STU-PIP-3301,5,GGOCC-00196,Product Manager,0.7925,RANKABLE,2,1
STU-PIP-3302,5,GGOCC-00196,Product Manager,0.7925,RANKABLE,2,1
STU-PIP-3303,5,GGOCC-00196,Product Manager,0.7925,RANKABLE,2,1
STU-PIP-3304,5,GGOCC-00196,Product Manager,0.7925,RANKABLE,2,1
STU-PIP-3305,5,GGOCC-00196,Product Manager,0.7925,RANKABLE,2,1
STU-PIP-3306,5,GGOCC-00196,Product Manager,0.7925,RANKABLE,2,1
STU-PIP-3307,5,GGOCC-00196,Product Manager,0.7925,RANKABLE,2,1
STU-PIP-3308,5,GGOCC-00196,Product Manager,0.7925,RANKABLE,2,1
STU-PIP-3309,5,GGOCC-00196,Product Manager,0.7925,RANKABLE,2,1
STU-PIP-3310,5,GGOCC-00196,Product Manager,0.7925,RANKABLE,2,1
STU-PIP-3311,5,GGOCC-00196,Product Manager,0.7925,RANKABLE,2,1
STU-PIP-3312,5,GGOCC-00196,Product Manager,0.7925,RANKABLE,2,1
STU-PIP-3313,5,GGOCC-00196,Product Manager,0.7925,RANKABLE,2,1
STU-PIP-3314,5,GGOCC-00196,Product Manager,0.7925,RANKABLE,2,1
STU-PIP-3315,5,GGOCC-00196,Product Manager,0.7925,RANKABLE,2,1
STU-PIP-3316,5,GGOCC-00196,Product Manager,0.7925,RANKABLE,2,1
STU-PIP-3317,5,GGOCC-00196,Product Manager,0.7925,RANKABLE,2,1
STU-PIP-3318,5,GGOCC-00196,Product Manager,0.7925,RANKABLE,2,1
STU-PIP-3319,5,GGOCC-00196,Product Manager,0.7925,RANKABLE,2,1
STU-PIP-3320,5,GGOCC-00196,Product Manager,0.7925,RANKABLE,2,1
STU-PIP-3321,5,GGOCC-00196,Product Manager,0.7925,RANKABLE,2,1
STU-PIP-3322,5,GGOCC-00196,Product Manager,0.7925,RANKABLE,2,1
STU-PIP-3323,5,GGOCC-00196,Product Manager,0.7925,RANKABLE,2,1
STU-PIP-3324,5,GGOCC-00196,Product Manager,0.7925,RANKABLE,2,1
STU-PIP-3325,5,GGOCC-00196,Product Manager,0.7925,RANKABLE,2,1
STU-PIP-3326,5,GGOCC-00196,Product Manager,0.7925,RANKABLE,2,1
STU-PIP-3327,5,GGOCC-00196,Product Manager,0.7925,RANKABLE,2,1
STU-PIP-3328,5,GGOCC-00196,Product Manager,0.7925,RANKABLE,2,1
STU-PIP-3329,5,GGOCC-00196,Product Manager,0.7925,RANKABLE,2,1
STU-PIP-3330,5,GGOCC-00196,Product Manager,0.7925,RANKABLE,2,1
STU-PIP-3331,5,GGOCC-00196,Product Manager,0.7925,RANKABLE,2,1
STU-PIP-3332,5,GGOCC-00196,Product Manager,0.7925,RANKABLE,2,1
STU-PIP-3333,5,GGOCC-00196,Product Manager,0.7925,RANKABLE,2,1
STU-PIP-3334,5,GGOCC-00196,Product Manager,0.7925,RANKABLE,2,1
STU-PIP-3335,5,GGOCC-00196,Product Manager,0.7925,RANKABLE,2,1
STU-PIP-3336,5,GGOCC-00196,Product Manager,0.7925,RANKABLE,2,1
STU-PIP-3337,5,GGOCC-00196,Product Manager,0.7925,RANKABLE,2,1
STU-PIP-3338,5,GGOCC-00196,Product Manager,0.7925,RANKABLE,2,1
STU-PIP-3339,5,GGOCC-00196,Product Manager,0.7925,RANKABLE,2,1
STU-PIP-3340,5,GGOCC-00196,Product Manager,0.7925,RANKABLE,2,1
STU-PIP-3341,5,GGOCC-00196,Product Manager,0.7925,RANKABLE,2,1
STU-PIP-3342,5,GGOCC-00196,Product Manager,0.7925,RANKABLE,2,1
STU-PIP-3343,5,GGOCC-00196,Product Manager,0.7925,RANKABLE,2,1
STU-PIP-3344,5,GGOCC-00196,Product Manager,0.7925,RANKABLE,2,1
STU-PIP-3345,5,GGOCC-00196,Product Manager,0.7925,RANKABLE,2,1
STU-PIP-3346,5,GGOCC-00196,Product Manager,0.7925,RANKABLE,2,1
STU-PIP-3347,5,GGOCC-00196,Product Manager,0.7925,RANKABLE,2,1
STU-PIP-3348,5,GGOCC-00196,Product Manager,0.7925,RANKABLE,2,1
STU-PIP-3349,5,GGOCC-00196,Product Manager,0.7925,RANKABLE,2,1
STU-PIP-3350,5,GGOCC-00196,Product Manager,0.7925,RANKABLE,2,1
STU-PIP-3351,5,GGOCC-00196,Product Manager,0.7925,RANKABLE,2,1
STU-PIP-3352,5,GGOCC-00196,Product Manager,0.7925,RANKABLE,2,1
STU-PIP-3353,5,GGOCC-00196,Product Manager,0.7925,RANKABLE,2,1
STU-PIP-3354,5,GGOCC-00196,Product Manager,0.7925,RANKABLE,2,1
STU-PIP-3355,5,GGOCC-00196,Product Manager,0.7925,RANKABLE,2,1
STU-PIP-3356,5,GGOCC-00196,Product Manager,0.7925,RANKABLE,2,1
STU-PIP-3357,5,GGOCC-00196,Product Manager,0.7925,RANKABLE,2,1
STU-PIP-3358,5,GGOCC-00196,Product Manager,0.7925,RANKABLE,2,1
STU-PIP-3359,5,GGOCC-00196,Product Manager,0.7925,RANKABLE,2,1
STU-PIP-3360,5,GGOCC-00196,Product Manager,0.7925,RANKABLE,2,1
STU-PIP-3361,5,GGOCC-00196,Product Manager,0.7925,RANKABLE,2,1
STU-PIP-3362,5,GGOCC-00196,Product Manager,0.7925,RANKABLE,2,1
STU-PIP-3363,5,GGOCC-00196,Product Manager,0.7925,RANKABLE,2,1
STU-PIP-3364,5,GGOCC-00196,Product Manager,0.7925,RANKABLE,2,1
STU-PIP-3365,5,GGOCC-00196,Product Manager,0.7925,RANKABLE,2,1
STU-PIP-3366,5,GGOCC-00196,Product Manager,0.7925,RANKABLE,2,1
STU-PIP-3367,5,GGOCC-00196,Product Manager,0.7925,RANKABLE,2,1
STU-PIP-3368,5,GGOCC-00196,Product Manager,0.7925,RANKABLE,2,1
STU-PIP-3369,5,GGOCC-00196,Product Manager,0.7925,RANKABLE,2,1
STU-PIP-3370,5,GGOCC-00196,Product Manager,0.7925,RANKABLE,2,1
STU-PIP-3371,5,GGOCC-00196,Product Manager,0.7925,RANKABLE,2,1
STU-PIP-3372,5,GGOCC-00196,Product Manager,0.7925,RANKABLE,2,1
STU-PIP-3373,5,GGOCC-00196,Product Manager,0.7925,RANKABLE,2,1
STU-PIP-3374,5,GGOCC-00196,Product Manager,0.7925,RANKABLE,2,1
STU-PIP-3375,5,GGOCC-00196,Product Manager,0.7925,RANKABLE,2,1
STU-PIP-3376,5,GGOCC-00196,Product Manager,0.7925,RANKABLE,2,1
STU-PIP-3377,5,GGOCC-00196,Product Manager,0.7925,RANKABLE,2,1
STU-PIP-3378,5,GGOCC-00196,Product Manager,0.7925,RANKABLE,2,1
STU-PIP-3379,5,GGOCC-00196,Product Manager,0.7925,RANKABLE,2,1
STU-PIP-3380,5,GGOCC-00196,Product Manager,0.7925,RANKABLE,2,1
STU-PIP-3381,5,GGOCC-00196,Product Manager,0.7925,RANKABLE,2,1
STU-PIP-3382,5,GGOCC-00196,Product Manager,0.7925,RANKABLE,2,1
STU-PIP-3383,5,GGOCC-00196,Product Manager,0.7925,RANKABLE,2,1
STU-PIP-3384,5,GGOCC-00196,Product Manager,0.7925,RANKABLE,2,1
STU-PIP-3385,5,GGOCC-00196,Product Manager,0.7925,RANKABLE,2,1
STU-PIP-3386,5,GGOCC-00196,Product Manager,0.7925,RANKABLE,2,1
STU-PIP-3387,5,GGOCC-00196,Product Manager,0.7925,RANKABLE,2,1
STU-PIP-3388,5,GGOCC-00196,Product Manager,0.7925,RANKABLE,2,1
STU-PIP-3389,5,GGOCC-00196,Product Manager,0.7925,RANKABLE,2,1
STU-PIP-3390,5,GGOCC-00196,Product Manager,0.7925,RANKABLE,2,1
STU-PIP-3391,5,GGOCC-00196,Product Manager,0.7925,RANKABLE,2,1
STU-PIP-3392,5,GGOCC-00196,Product Manager,0.7925,RANKABLE,2,1
STU-PIP-3393,5,GGOCC-00196,Product Manager,0.7925,RANKABLE,2,1
STU-PIP-3394,5,GGOCC-00196,Product Manager,0.7925,RANKABLE,2,1
STU-PIP-3395,5,GGOCC-00196,Product Manager,0.7925,RANKABLE,2,1
STU-PIP-3396,5,GGOCC-00196,Product Manager,0.7925,RANKABLE,2,1
STU-PIP-3397,5,GGOCC-00196,Product Manager,0.7925,RANKABLE,2,1
STU-PIP-3398,5,GGOCC-00196,Product Manager,0.7925,RANKABLE,2,1
STU-PIP-3399,5,GGOCC-00196,Product Manager,0.7925,RANKABLE,2,1
STU-PIP-3400,5,GGOCC-00196,Product Manager,0.7925,RANKABLE,2,1
STU-PIP-3401,5,GGOCC-00196,Product Manager,0.7925,RANKABLE,2,1
STU-PIP-3402,5,GGOCC-00196,Product Manager,0.7925,RANKABLE,2,1
STU-PIP-3403,5,GGOCC-00196,Product Manager,0.7925,RANKABLE,2,1
STU-PIP-3404,5,GGOCC-00196,Product Manager,0.7925,RANKABLE,2,1
STU-PIP-3405,5,GGOCC-00196,Product Manager,0.7925,RANKABLE,2,1
STU-PIP-3406,5,GGOCC-00196,Product Manager,0.7925,RANKABLE,2,1
STU-PIP-3407,5,GGOCC-00196,Product Manager,0.7925,RANKABLE,2,1
STU-PIP-3408,5,GGOCC-00196,Product Manager,0.7925,RANKABLE,2,1
STU-PIP-3409,5,GGOCC-00196,Product Manager,0.7925,RANKABLE,2,1
STU-PIP-3410,5,GGOCC-00196,Product Manager,0.7925,RANKABLE,2,1
STU-PIP-3411,5,GGOCC-00196,Product Manager,0.7925,RANKABLE,2,1
STU-PIP-3412,5,GGOCC-00196,Product Manager,0.7925,RANKABLE,2,1
STU-PIP-3413,5,GGOCC-00196,Product Manager,0.7925,RANKABLE,2,1
STU-PIP-3414,5,GGOCC-00196,Product Manager,0.7925,RANKABLE,2,1
STU-PIP-3415,5,GGOCC-00196,Product Manager,0.7925,RANKABLE,2,1
STU-PIP-3416,5,GGOCC-00196,Product Manager,0.7925,RANKABLE,2,1
STU-PIP-3417,5,GGOCC-00196,Product Manager,0.7925,RANKABLE,2,1
STU-PIP-3418,5,GGOCC-00196,Product Manager,0.7925,RANKABLE,2,1
STU-PIP-3419,5,GGOCC-00196,Product Manager,0.7925,RANKABLE,2,1
STU-PIP-3420,5,GGOCC-00196,Product Manager,0.7925,RANKABLE,2,1
STU-PIP-3421,5,GGOCC-00196,Product Manager,0.7925,RANKABLE,2,1
STU-PIP-3422,5,GGOCC-00196,Product Manager,0.7925,RANKABLE,2,1
STU-PIP-3423,5,GGOCC-00196,Product Manager,0.7925,RANKABLE,2,1
STU-PIP-3424,5,GGOCC-00196,Product Manager,0.7925,RANKABLE,2,1
STU-PIP-3425,5,GGOCC-00196,Product Manager,0.7925,RANKABLE,2,1
STU-PIP-3426,5,GGOCC-00196,Product Manager,0.7925,RANKABLE,2,1
STU-PIP-3427,5,GGOCC-00196,Product Manager,0.7925,RANKABLE,2,1
STU-PIP-3428,5,GGOCC-00196,Product Manager,0.7925,RANKABLE,2,1
STU-PIP-3429,5,GGOCC-00196,Product Manager,0.7925,RANKABLE,2,1
STU-PIP-3430,5,GGOCC-00196,Product Manager,0.7925,RANKABLE,2,1
STU-PIP-3431,5,GGOCC-00196,Product Manager,0.7925,RANKABLE,2,1
STU-PIP-3432,5,GGOCC-00196,Product Manager,0.7925,RANKABLE,2,1
STU-PIP-3433,5,GGOCC-00196,Product Manager,0.7925,RANKABLE,2,1
STU-PIP-3434,5,GGOCC-00196,Product Manager,0.7925,RANKABLE,2,1
STU-PIP-3435,5,GGOCC-00196,Product Manager,0.7925,RANKABLE,2,1
STU-PIP-3436,5,GGOCC-00196,Product Manager,0.7925,RANKABLE,2,1
STU-PIP-3437,5,GGOCC-00196,Product Manager,0.7925,RANKABLE,2,1
STU-PIP-3438,5,GGOCC-00196,Product Manager,0.7925,RANKABLE,2,1
STU-PIP-3439,5,GGOCC-00196,Product Manager,0.7925,RANKABLE,2,1
STU-PIP-3440,5,GGOCC-00196,Product Manager,0.7925,RANKABLE,2,1
STU-PIP-3441,5,GGOCC-00196,Product Manager,0.7925,RANKABLE,2,1
STU-PIP-3442,5,GGOCC-00196,Product Manager,0.7925,RANKABLE,2,1
STU-PIP-3443,5,GGOCC-00196,Product Manager,0.7925,RANKABLE,2,1
STU-PIP-3444,5,GGOCC-00196,Product Manager,0.7925,RANKABLE,2,1
STU-PIP-3445,5,GGOCC-00196,Product Manager,0.7925,RANKABLE,2,1
STU-PIP-3446,5,GGOCC-00196,Product Manager,0.7925,RANKABLE,2,1
STU-PIP-3447,5,GGOCC-00196,Product Manager,0.7925,RANKABLE,2,1
STU-PIP-3448,5,GGOCC-00196,Product Manager,0.7925,RANKABLE,2,1
STU-PIP-3449,5,GGOCC-00196,Product Manager,0.7925,RANKABLE,2,1
STU-PIP-3450,5,GGOCC-00196,Product Manager,0.7925,RANKABLE,2,1
STU-PIP-3451,5,GGOCC-00196,Product Manager,0.7925,RANKABLE,2,1
STU-PIP-3452,5,GGOCC-00196,Product Manager,0.7925,RANKABLE,2,1
STU-PIP-3453,5,GGOCC-00196,Product Manager,0.7925,RANKABLE,2,1
STU-PIP-3454,5,GGOCC-00196,Product Manager,0.7925,RANKABLE,2,1
STU-PIP-3455,5,GGOCC-00196,Product Manager,0.7925,RANKABLE,2,1
STU-PIP-3456,5,GGOCC-00196,Product Manager,0.7925,RANKABLE,2,1
STU-PIP-3457,5,GGOCC-00196,Product Manager,0.7925,RANKABLE,2,1
STU-PIP-3458,5,GGOCC-00196,Product Manager,0.7925,RANKABLE,2,1
STU-PIP-3459,5,GGOCC-00196,Product Manager,0.7925,RANKABLE,2,1
STU-PIP-3460,5,GGOCC-00196,Product Manager,0.7925,RANKABLE,2,1
STU-PIP-3461,5,GGOCC-00196,Product Manager,0.7925,RANKABLE,2,1
STU-PIP-3462,5,GGOCC-00196,Product Manager,0.7925,RANKABLE,2,1
STU-PIP-3463,5,GGOCC-00196,Product Manager,0.7925,RANKABLE,2,1
STU-PIP-3464,5,GGOCC-00196,Product Manager,0.7925,RANKABLE,2,1
STU-PIP-3465,5,GGOCC-00196,Product Manager,0.7925,RANKABLE,2,1
STU-PIP-3466,5,GGOCC-00196,Product Manager,0.7925,RANKABLE,2,1
STU-PIP-3467,5,GGOCC-00196,Product Manager,0.7925,RANKABLE,2,1
STU-PIP-3468,5,GGOCC-00196,Product Manager,0.7925,RANKABLE,2,1
STU-PIP-3469,5,GGOCC-00196,Product Manager,0.7925,RANKABLE,2,1
STU-PIP-3470,5,GGOCC-00196,Product Manager,0.7925,RANKABLE,2,1
STU-PIP-3471,5,GGOCC-00196,Product Manager,0.7925,RANKABLE,2,1
STU-PIP-3472,5,GGOCC-00196,Product Manager,0.7925,RANKABLE,2,1
STU-PIP-3473,5,GGOCC-00196,Product Manager,0.7925,RANKABLE,2,1
STU-PIP-3474,5,GGOCC-00196,Product Manager,0.7925,RANKABLE,2,1
STU-PIP-3475,5,GGOCC-00196,Product Manager,0.7925,RANKABLE,2,1
STU-PIP-3476,5,GGOCC-00196,Product Manager,0.7925,RANKABLE,2,1
STU-PIP-3477,5,GGOCC-00196,Product Manager,0.7925,RANKABLE,2,1
STU-PIP-3478,5,GGOCC-00196,Product Manager,0.7925,RANKABLE,2,1
STU-PIP-3479,5,GGOCC-00196,Product Manager,0.7925,RANKABLE,2,1
STU-PIP-3480,5,GGOCC-00196,Product Manager,0.7925,RANKABLE,2,1
STU-PIP-3481,5,GGOCC-00196,Product Manager,0.7925,RANKABLE,2,1
STU-PIP-3482,5,GGOCC-00196,Product Manager,0.7925,RANKABLE,2,1
STU-PIP-3483,5,GGOCC-00196,Product Manager,0.7925,RANKABLE,2,1
STU-PIP-3484,5,GGOCC-00196,Product Manager,0.7925,RANKABLE,2,1
STU-PIP-3485,5,GGOCC-00196,Product Manager,0.7925,RANKABLE,2,1
STU-PIP-3486,5,GGOCC-00196,Product Manager,0.7925,RANKABLE,2,1
STU-PIP-3487,5,GGOCC-00196,Product Manager,0.7925,RANKABLE,2,1
STU-PIP-3488,5,GGOCC-00196,Product Manager,0.7925,RANKABLE,2,1
STU-PIP-3489,5,GGOCC-00196,Product Manager,0.7925,RANKABLE,2,1
STU-PIP-3490,5,GGOCC-00196,Product Manager,0.7925,RANKABLE,2,1
STU-PIP-3491,5,GGOCC-00196,Product Manager,0.7925,RANKABLE,2,1
STU-PIP-3492,5,GGOCC-00196,Product Manager,0.7925,RANKABLE,2,1
STU-PIP-3493,5,GGOCC-00196,Product Manager,0.7925,RANKABLE,2,1
STU-PIP-3494,5,GGOCC-00196,Product Manager,0.7925,RANKABLE,2,1
STU-PIP-3495,5,GGOCC-00196,Product Manager,0.7925,RANKABLE,2,1
STU-PIP-3496,5,GGOCC-00196,Product Manager,0.7925,RANKABLE,2,1
STU-PIP-3497,5,GGOCC-00196,Product Manager,0.7925,RANKABLE,2,1
STU-PIP-3498,5,GGOCC-00196,Product Manager,0.7925,RANKABLE,2,1
STU-PIP-3499,5,GGOCC-00196,Product Manager,0.7925,RANKABLE,2,1
STU-PIP-3500,5,GGOCC-00196,Product Manager,0.7925,RANKABLE,2,1
STU-PIP-3501,5,GGOCC-00196,Product Manager,0.7925,RANKABLE,2,1
STU-PIP-3502,5,GGOCC-00196,Product Manager,0.7925,RANKABLE,2,1
STU-PIP-3503,5,GGOCC-00196,Product Manager,0.7925,RANKABLE,2,1
STU-PIP-3504,5,GGOCC-00196,Product Manager,0.7925,RANKABLE,2,1
STU-PIP-3505,5,GGOCC-00196,Product Manager,0.7925,RANKABLE,2,1
STU-PIP-3506,5,GGOCC-00196,Product Manager,0.7925,RANKABLE,2,1
STU-PIP-3507,5,GGOCC-00196,Product Manager,0.7925,RANKABLE,2,1
STU-PIP-3508,5,GGOCC-00196,Product Manager,0.7925,RANKABLE,2,1
STU-PIP-3509,5,GGOCC-00196,Product Manager,0.7925,RANKABLE,2,1
STU-PIP-3510,5,GGOCC-00196,Product Manager,0.7925,RANKABLE,2,1
STU-PIP-3511,5,GGOCC-00196,Product Manager,0.7925,RANKABLE,2,1
STU-PIP-3512,5,GGOCC-00196,Product Manager,0.7925,RANKABLE,2,1
STU-PIP-3513,5,GGOCC-00196,Product Manager,0.7925,RANKABLE,2,1
STU-PIP-3514,5,GGOCC-00196,Product Manager,0.7925,RANKABLE,2,1
STU-PIP-3515,5,GGOCC-00196,Product Manager,0.7925,RANKABLE,2,1
STU-PIP-3516,5,GGOCC-00196,Product Manager,0.7925,RANKABLE,2,1
STU-PIP-3517,5,GGOCC-00196,Product Manager,0.7925,RANKABLE,2,1
STU-PIP-3518,5,GGOCC-00196,Product Manager,0.7925,RANKABLE,2,1
STU-PIP-3519,5,GGOCC-00196,Product Manager,0.7925,RANKABLE,2,1
STU-PIP-3520,5,GGOCC-00196,Product Manager,0.7925,RANKABLE,2,1
STU-PIP-3521,5,GGOCC-00196,Product Manager,0.7925,RANKABLE,2,1
STU-PIP-3522,5,GGOCC-00196,Product Manager,0.7925,RANKABLE,2,1
STU-PIP-3523,5,GGOCC-00196,Product Manager,0.7925,RANKABLE,2,1
STU-PIP-3524,5,GGOCC-00196,Product Manager,0.7925,RANKABLE,2,1
STU-PIP-3525,5,GGOCC-00196,Product Manager,0.7925,RANKABLE,2,1
STU-PIP-3526,5,GGOCC-00196,Product Manager,0.7925,RANKABLE,2,1
STU-PIP-3527,5,GGOCC-00196,Product Manager,0.7925,RANKABLE,2,1
STU-PIP-3528,5,GGOCC-00196,Product Manager,0.7925,RANKABLE,2,1
STU-PIP-3529,5,GGOCC-00196,Product Manager,0.7925,RANKABLE,2,1
STU-PIP-3530,5,GGOCC-00196,Product Manager,0.7925,RANKABLE,2,1
STU-PIP-3531,5,GGOCC-00196,Product Manager,0.7925,RANKABLE,2,1
STU-PIP-3532,5,GGOCC-00196,Product Manager,0.7925,RANKABLE,2,1
STU-PIP-3533,5,GGOCC-00196,Product Manager,0.7925,RANKABLE,2,1
STU-PIP-3534,5,GGOCC-00196,Product Manager,0.7925,RANKABLE,2,1
STU-PIP-3535,5,GGOCC-00196,Product Manager,0.7925,RANKABLE,2,1
STU-PIP-3536,5,GGOCC-00196,Product Manager,0.7925,RANKABLE,2,1
STU-PIP-3537,5,GGOCC-00196,Product Manager,0.7925,RANKABLE,2,1
STU-PIP-3538,5,GGOCC-00196,Product Manager,0.7925,RANKABLE,2,1
STU-PIP-3539,5,GGOCC-00196,Product Manager,0.7925,RANKABLE,2,1
STU-PIP-3540,5,GGOCC-00196,Product Manager,0.7925,RANKABLE,2,1
STU-PIP-3541,5,GGOCC-00196,Product Manager,0.7925,RANKABLE,2,1
STU-PIP-3542,5,GGOCC-00196,Product Manager,0.7925,RANKABLE,2,1
STU-PIP-3543,5,GGOCC-00196,Product Manager,0.7925,RANKABLE,2,1
STU-PIP-3544,5,GGOCC-00196,Product Manager,0.7925,RANKABLE,2,1
STU-PIP-3545,5,GGOCC-00196,Product Manager,0.7925,RANKABLE,2,1
STU-PIP-3546,5,GGOCC-00196,Product Manager,0.7925,RANKABLE,2,1
STU-PIP-3547,5,GGOCC-00196,Product Manager,0.7925,RANKABLE,2,1
STU-PIP-3548,5,GGOCC-00196,Product Manager,0.7925,RANKABLE,2,1
STU-PIP-3549,5,GGOCC-00196,Product Manager,0.7925,RANKABLE,2,1
STU-PIP-3550,5,GGOCC-00196,Product Manager,0.7925,RANKABLE,2,1
STU-PIP-3551,5,GGOCC-00196,Product Manager,0.7925,RANKABLE,2,1
STU-PIP-3552,5,GGOCC-00196,Product Manager,0.7925,RANKABLE,2,1
STU-PIP-3553,5,GGOCC-00196,Product Manager,0.7925,RANKABLE,2,1
STU-PIP-3554,5,GGOCC-00196,Product Manager,0.7925,RANKABLE,2,1
STU-PIP-3555,5,GGOCC-00196,Product Manager,0.7925,RANKABLE,2,1
STU-PIP-3556,5,GGOCC-00196,Product Manager,0.7925,RANKABLE,2,1
STU-PIP-3557,5,GGOCC-00196,Product Manager,0.7925,RANKABLE,2,1
STU-PIP-3558,5,GGOCC-00196,Product Manager,0.7925,RANKABLE,2,1
STU-PIP-3559,5,GGOCC-00196,Product Manager,0.7925,RANKABLE,2,1
STU-PIP-3560,5,GGOCC-00196,Product Manager,0.7925,RANKABLE,2,1
STU-PIP-3561,5,GGOCC-00196,Product Manager,0.7925,RANKABLE,2,1
STU-PIP-3562,5,GGOCC-00196,Product Manager,0.7925,RANKABLE,2,1
STU-PIP-3563,5,GGOCC-00196,Product Manager,0.7925,RANKABLE,2,1
STU-PIP-3564,5,GGOCC-00196,Product Manager,0.7925,RANKABLE,2,1
STU-PIP-3565,5,GGOCC-00196,Product Manager,0.7925,RANKABLE,2,1
STU-PIP-3566,5,GGOCC-00196,Product Manager,0.7925,RANKABLE,2,1
STU-PIP-3567,5,GGOCC-00196,Product Manager,0.7925,RANKABLE,2,1
STU-PIP-3568,5,GGOCC-00196,Product Manager,0.7925,RANKABLE,2,1
STU-PIP-3569,5,GGOCC-00196,Product Manager,0.7925,RANKABLE,2,1
STU-PIP-3570,5,GGOCC-00196,Product Manager,0.7925,RANKABLE,2,1
STU-PIP-3571,5,GGOCC-00196,Product Manager,0.7925,RANKABLE,2,1
STU-PIP-3572,5,GGOCC-00196,Product Manager,0.7925,RANKABLE,2,1
STU-PIP-3573,5,GGOCC-00196,Product Manager,0.7925,RANKABLE,2,1
STU-PIP-3574,5,GGOCC-00196,Product Manager,0.7925,RANKABLE,2,1
STU-PIP-3575,5,GGOCC-00196,Product Manager,0.7925,RANKABLE,2,1
STU-PIP-3576,5,GGOCC-00196,Product Manager,0.7925,RANKABLE,2,1
STU-PIP-3577,5,GGOCC-00196,Product Manager,0.7925,RANKABLE,2,1
STU-PIP-3578,5,GGOCC-00196,Product Manager,0.7925,RANKABLE,2,1
STU-PIP-3579,5,GGOCC-00196,Product Manager,0.7925,RANKABLE,2,1
STU-PIP-3580,5,GGOCC-00196,Product Manager,0.7925,RANKABLE,2,1
STU-PIP-3581,5,GGOCC-00196,Product Manager,0.7925,RANKABLE,2,1
STU-PIP-3582,5,GGOCC-00196,Product Manager,0.7925,RANKABLE,2,1
STU-PIP-3583,5,GGOCC-00196,Product Manager,0.7925,RANKABLE,2,1
STU-PIP-3584,5,GGOCC-00196,Product Manager,0.7925,RANKABLE,2,1
STU-PIP-3585,5,GGOCC-00196,Product Manager,0.7925,RANKABLE,2,1
STU-PIP-3586,5,GGOCC-00196,Product Manager,0.7925,RANKABLE,2,1
STU-PIP-3587,5,GGOCC-00196,Product Manager,0.7925,RANKABLE,2,1
STU-PIP-3588,5,GGOCC-00196,Product Manager,0.7925,RANKABLE,2,1
STU-PIP-3589,5,GGOCC-00196,Product Manager,0.7925,RANKABLE,2,1
STU-PIP-3590,5,GGOCC-00196,Product Manager,0.7925,RANKABLE,2,1
STU-PIP-3591,5,GGOCC-00196,Product Manager,0.7925,RANKABLE,2,1
STU-PIP-3592,5,GGOCC-00196,Product Manager,0.7925,RANKABLE,2,1
STU-PIP-3593,5,GGOCC-00196,Product Manager,0.7925,RANKABLE,2,1
STU-PIP-3594,5,GGOCC-00196,Product Manager,0.7925,RANKABLE,2,1
STU-PIP-3595,5,GGOCC-00196,Product Manager,0.7925,RANKABLE,2,1
STU-PIP-3596,5,GGOCC-00196,Product Manager,0.7925,RANKABLE,2,1
STU-PIP-3597,5,GGOCC-00196,Product Manager,0.7925,RANKABLE,2,1
STU-PIP-3598,5,GGOCC-00196,Product Manager,0.7925,RANKABLE,2,1
STU-PIP-3599,5,GGOCC-00196,Product Manager,0.7925,RANKABLE,2,1
STU-PIP-3600,5,GGOCC-00196,Product Manager,0.7925,RANKABLE,2,1
STU-PIP-3601,5,GGOCC-00196,Product Manager,0.7925,RANKABLE,2,1
STU-PIP-3602,5,GGOCC-00196,Product Manager,0.7925,RANKABLE,2,1
STU-PIP-3603,5,GGOCC-00196,Product Manager,0.7925,RANKABLE,2,1
STU-PIP-3604,5,GGOCC-00196,Product Manager,0.7925,RANKABLE,2,1
STU-PIP-3605,5,GGOCC-00196,Product Manager,0.7925,RANKABLE,2,1
STU-PIP-3606,5,GGOCC-00196,Product Manager,0.7925,RANKABLE,2,1
STU-PIP-3607,5,GGOCC-00196,Product Manager,0.7925,RANKABLE,2,1
STU-PIP-3608,5,GGOCC-00196,Product Manager,0.7925,RANKABLE,2,1
STU-PIP-3609,5,GGOCC-00196,Product Manager,0.7925,RANKABLE,2,1
STU-PIP-3610,5,GGOCC-00196,Product Manager,0.7925,RANKABLE,2,1
STU-PIP-3611,5,GGOCC-00196,Product Manager,0.7925,RANKABLE,2,1
STU-PIP-3612,5,GGOCC-00196,Product Manager,0.7925,RANKABLE,2,1
STU-PIP-3613,5,GGOCC-00196,Product Manager,0.7925,RANKABLE,2,1
STU-PIP-3614,5,GGOCC-00196,Product Manager,0.7925,RANKABLE,2,1
STU-PIP-3615,5,GGOCC-00196,Product Manager,0.7925,RANKABLE,2,1
STU-PIP-3616,5,GGOCC-00196,Product Manager,0.7925,RANKABLE,2,1
STU-PIP-3617,5,GGOCC-00196,Product Manager,0.7925,RANKABLE,2,1
STU-PIP-3618,5,GGOCC-00196,Product Manager,0.7925,RANKABLE,2,1
STU-PIP-3619,5,GGOCC-00196,Product Manager,0.7925,RANKABLE,2,1
STU-PIP-3620,5,GGOCC-00196,Product Manager,0.7925,RANKABLE,2,1
STU-PIP-3621,5,GGOCC-00196,Product Manager,0.7925,RANKABLE,2,1
STU-PIP-3622,5,GGOCC-00196,Product Manager,0.7925,RANKABLE,2,1
STU-PIP-3623,5,GGOCC-00196,Product Manager,0.7925,RANKABLE,2,1
STU-PIP-3624,5,GGOCC-00196,Product Manager,0.7925,RANKABLE,2,1
STU-PIP-3625,5,GGOCC-00196,Product Manager,0.7925,RANKABLE,2,1
STU-PIP-3626,5,GGOCC-00196,Product Manager,0.7925,RANKABLE,2,1
STU-PIP-3627,5,GGOCC-00196,Product Manager,0.7925,RANKABLE,2,1
STU-PIP-3628,5,GGOCC-00196,Product Manager,0.7925,RANKABLE,2,1
STU-PIP-3629,5,GGOCC-00196,Product Manager,0.7925,RANKABLE,2,1
STU-PIP-3630,5,GGOCC-00196,Product Manager,0.7925,RANKABLE,2,1
STU-PIP-3631,5,GGOCC-00196,Product Manager,0.7925,RANKABLE,2,1
STU-PIP-3632,5,GGOCC-00196,Product Manager,0.7925,RANKABLE,2,1
STU-PIP-3633,5,GGOCC-00196,Product Manager,0.7925,RANKABLE,2,1
STU-PIP-3634,5,GGOCC-00196,Product Manager,0.7925,RANKABLE,2,1
STU-PIP-3635,5,GGOCC-00196,Product Manager,0.7925,RANKABLE,2,1
STU-PIP-3636,5,GGOCC-00196,Product Manager,0.7925,RANKABLE,2,1
STU-PIP-3637,5,GGOCC-00196,Product Manager,0.7925,RANKABLE,2,1
STU-PIP-3638,5,GGOCC-00196,Product Manager,0.7925,RANKABLE,2,1
STU-PIP-3639,5,GGOCC-00196,Product Manager,0.7925,RANKABLE,2,1
STU-PIP-3640,5,GGOCC-00196,Product Manager,0.7925,RANKABLE,2,1
STU-PIP-3641,5,GGOCC-00196,Product Manager,0.7925,RANKABLE,2,1
STU-PIP-3642,5,GGOCC-00196,Product Manager,0.7925,RANKABLE,2,1
STU-PIP-3643,5,GGOCC-00196,Product Manager,0.7925,RANKABLE,2,1
STU-PIP-3644,5,GGOCC-00196,Product Manager,0.7925,RANKABLE,2,1
STU-PIP-3645,5,GGOCC-00196,Product Manager,0.7925,RANKABLE,2,1
STU-PIP-3646,5,GGOCC-00196,Product Manager,0.7925,RANKABLE,2,1
STU-PIP-3647,5,GGOCC-00196,Product Manager,0.7925,RANKABLE,2,1
STU-PIP-3648,5,GGOCC-00196,Product Manager,0.7925,RANKABLE,2,1
STU-PIP-3649,5,GGOCC-00196,Product Manager,0.7925,RANKABLE,2,1
STU-PIP-3650,5,GGOCC-00196,Product Manager,0.7925,RANKABLE,2,1
STU-PIP-3651,5,GGOCC-00196,Product Manager,0.7925,RANKABLE,2,1
STU-PIP-3652,5,GGOCC-00196,Product Manager,0.7925,RANKABLE,2,1
STU-PIP-3653,5,GGOCC-00196,Product Manager,0.7925,RANKABLE,2,1
STU-PIP-3654,5,GGOCC-00196,Product Manager,0.7925,RANKABLE,2,1
STU-PIP-3655,5,GGOCC-00196,Product Manager,0.7925,RANKABLE,2,1
STU-PIP-3656,5,GGOCC-00196,Product Manager,0.7925,RANKABLE,2,1
STU-PIP-3657,5,GGOCC-00196,Product Manager,0.7925,RANKABLE,2,1
STU-PIP-3658,5,GGOCC-00196,Product Manager,0.7925,RANKABLE,2,1
STU-PIP-3659,5,GGOCC-00196,Product Manager,0.7925,RANKABLE,2,1
STU-PIP-3660,5,GGOCC-00196,Product Manager,0.7925,RANKABLE,2,1
STU-PIP-3661,5,GGOCC-00196,Product Manager,0.7925,RANKABLE,2,1
STU-PIP-3662,5,GGOCC-00196,Product Manager,0.7925,RANKABLE,2,1
STU-PIP-3663,5,GGOCC-00196,Product Manager,0.7925,RANKABLE,2,1
STU-PIP-3664,5,GGOCC-00196,Product Manager,0.7925,RANKABLE,2,1
STU-PIP-3665,5,GGOCC-00196,Product Manager,0.7925,RANKABLE,2,1
STU-PIP-3666,5,GGOCC-00196,Product Manager,0.7925,RANKABLE,2,1
STU-PIP-3667,5,GGOCC-00196,Product Manager,0.7925,RANKABLE,2,1
STU-PIP-3668,5,GGOCC-00196,Product Manager,0.7925,RANKABLE,2,1
STU-PIP-3669,5,GGOCC-00196,Product Manager,0.7925,RANKABLE,2,1
STU-PIP-3670,5,GGOCC-00196,Product Manager,0.7925,RANKABLE,2,1
STU-PIP-3671,5,GGOCC-00196,Product Manager,0.7925,RANKABLE,2,1
STU-PIP-3672,5,GGOCC-00196,Product Manager,0.7925,RANKABLE,2,1
STU-PIP-3673,5,GGOCC-00196,Product Manager,0.7925,RANKABLE,2,1
STU-PIP-3674,5,GGOCC-00196,Product Manager,0.7925,RANKABLE,2,1
STU-PIP-3675,5,GGOCC-00196,Product Manager,0.7925,RANKABLE,2,1
STU-PIP-3676,5,GGOCC-00196,Product Manager,0.7925,RANKABLE,2,1
STU-PIP-3677,5,GGOCC-00196,Product Manager,0.7925,RANKABLE,2,1
STU-PIP-3678,5,GGOCC-00196,Product Manager,0.7925,RANKABLE,2,1
STU-PIP-3679,5,GGOCC-00196,Product Manager,0.7925,RANKABLE,2,1
STU-PIP-3680,5,GGOCC-00196,Product Manager,0.7925,RANKABLE,2,1
STU-PIP-3681,5,GGOCC-00196,Product Manager,0.7925,RANKABLE,2,1
STU-PIP-3682,5,GGOCC-00196,Product Manager,0.7925,RANKABLE,2,1
STU-PIP-3683,5,GGOCC-00196,Product Manager,0.7925,RANKABLE,2,1
STU-PIP-3684,5,GGOCC-00196,Product Manager,0.7925,RANKABLE,2,1
STU-PIP-3685,5,GGOCC-00196,Product Manager,0.7925,RANKABLE,2,1
STU-PIP-3686,5,GGOCC-00196,Product Manager,0.7925,RANKABLE,2,1
STU-PIP-3687,5,GGOCC-00196,Product Manager,0.7925,RANKABLE,2,1
STU-PIP-3688,5,GGOCC-00196,Product Manager,0.7925,RANKABLE,2,1
STU-PIP-3689,5,GGOCC-00196,Product Manager,0.7925,RANKABLE,2,1
STU-PIP-3690,5,GGOCC-00196,Product Manager,0.7925,RANKABLE,2,1
STU-PIP-3691,5,GGOCC-00196,Product Manager,0.7925,RANKABLE,2,1
STU-PIP-3692,5,GGOCC-00196,Product Manager,0.7925,RANKABLE,2,1
STU-PIP-3693,5,GGOCC-00196,Product Manager,0.7925,RANKABLE,2,1
STU-PIP-3694,5,GGOCC-00196,Product Manager,0.7925,RANKABLE,2,1
STU-PIP-3695,5,GGOCC-00196,Product Manager,0.7925,RANKABLE,2,1
STU-PIP-3696,5,GGOCC-00196,Product Manager,0.7925,RANKABLE,2,1
STU-PIP-3697,5,GGOCC-00196,Product Manager,0.7925,RANKABLE,2,1
STU-PIP-3698,5,GGOCC-00196,Product Manager,0.7925,RANKABLE,2,1
STU-PIP-3699,5,GGOCC-00196,Product Manager,0.7925,RANKABLE,2,1
STU-PIP-3700,5,GGOCC-00196,Product Manager,0.7925,RANKABLE,2,1
STU-PIP-3701,5,GGOCC-00196,Product Manager,0.7925,RANKABLE,2,1
STU-PIP-3702,5,GGOCC-00196,Product Manager,0.7925,RANKABLE,2,1
STU-PIP-3703,5,GGOCC-00196,Product Manager,0.7925,RANKABLE,2,1
STU-PIP-3704,5,GGOCC-00196,Product Manager,0.7925,RANKABLE,2,1
STU-PIP-3705,5,GGOCC-00196,Product Manager,0.7925,RANKABLE,2,1
STU-PIP-3706,5,GGOCC-00196,Product Manager,0.7925,RANKABLE,2,1
STU-PIP-3707,5,GGOCC-00196,Product Manager,0.7925,RANKABLE,2,1
STU-PIP-3708,5,GGOCC-00196,Product Manager,0.7925,RANKABLE,2,1
STU-PIP-3709,5,GGOCC-00196,Product Manager,0.7925,RANKABLE,2,1
STU-PIP-3710,5,GGOCC-00196,Product Manager,0.7925,RANKABLE,2,1
STU-PIP-3711,5,GGOCC-00196,Product Manager,0.7925,RANKABLE,2,1
STU-PIP-3712,5,GGOCC-00196,Product Manager,0.7925,RANKABLE,2,1
STU-PIP-3713,5,GGOCC-00196,Product Manager,0.7925,RANKABLE,2,1
STU-PIP-3714,5,GGOCC-00196,Product Manager,0.7925,RANKABLE,2,1
STU-PIP-3715,5,GGOCC-00196,Product Manager,0.7925,RANKABLE,2,1
STU-PIP-3716,5,GGOCC-00196,Product Manager,0.7925,RANKABLE,2,1
STU-PIP-3717,5,GGOCC-00196,Product Manager,0.7925,RANKABLE,2,1
STU-PIP-3718,5,GGOCC-00196,Product Manager,0.7925,RANKABLE,2,1
STU-PIP-3719,5,GGOCC-00196,Product Manager,0.7925,RANKABLE,2,1
STU-PIP-3720,5,GGOCC-00196,Product Manager,0.7925,RANKABLE,2,1
STU-PIP-3721,5,GGOCC-00196,Product Manager,0.7925,RANKABLE,2,1
STU-PIP-3722,5,GGOCC-00196,Product Manager,0.7925,RANKABLE,2,1
STU-PIP-3723,5,GGOCC-00196,Product Manager,0.7925,RANKABLE,2,1
STU-PIP-3724,5,GGOCC-00196,Product Manager,0.7925,RANKABLE,2,1
STU-PIP-3725,5,GGOCC-00196,Product Manager,0.7925,RANKABLE,2,1
STU-PIP-3726,5,GGOCC-00196,Product Manager,0.7925,RANKABLE,2,1
STU-PIP-3727,5,GGOCC-00196,Product Manager,0.7925,RANKABLE,2,1
STU-PIP-3728,5,GGOCC-00196,Product Manager,0.7925,RANKABLE,2,1
STU-PIP-3729,5,GGOCC-00196,Product Manager,0.7925,RANKABLE,2,1
STU-PIP-3730,5,GGOCC-00196,Product Manager,0.7925,RANKABLE,2,1
STU-PIP-3731,5,GGOCC-00196,Product Manager,0.7925,RANKABLE,2,1
STU-PIP-3732,5,GGOCC-00196,Product Manager,0.7925,RANKABLE,2,1
STU-PIP-3733,5,GGOCC-00196,Product Manager,0.7925,RANKABLE,2,1
STU-PIP-3734,5,GGOCC-00196,Product Manager,0.7925,RANKABLE,2,1
STU-PIP-3735,5,GGOCC-00196,Product Manager,0.7925,RANKABLE,2,1
STU-PIP-3736,5,GGOCC-00196,Product Manager,0.7925,RANKABLE,2,1
STU-PIP-3737,5,GGOCC-00196,Product Manager,0.7925,RANKABLE,2,1
STU-PIP-3738,5,GGOCC-00196,Product Manager,0.7925,RANKABLE,2,1
STU-PIP-3739,5,GGOCC-00196,Product Manager,0.7925,RANKABLE,2,1
STU-PIP-3740,5,GGOCC-00196,Product Manager,0.7925,RANKABLE,2,1
STU-PIP-3741,5,GGOCC-00196,Product Manager,0.7925,RANKABLE,2,1
STU-PIP-3742,5,GGOCC-00196,Product Manager,0.7925,RANKABLE,2,1
STU-PIP-3743,5,GGOCC-00196,Product Manager,0.7925,RANKABLE,2,1
STU-PIP-3744,5,GGOCC-00196,Product Manager,0.7925,RANKABLE,2,1
STU-PIP-3745,5,GGOCC-00196,Product Manager,0.7925,RANKABLE,2,1
STU-PIP-3746,5,GGOCC-00196,Product Manager,0.7925,RANKABLE,2,1
STU-PIP-3747,5,GGOCC-00196,Product Manager,0.7925,RANKABLE,2,1
STU-PIP-3748,5,GGOCC-00196,Product Manager,0.7925,RANKABLE,2,1
STU-PIP-3749,5,GGOCC-00196,Product Manager,0.7925,RANKABLE,2,1
STU-PIP-3750,5,GGOCC-00196,Product Manager,0.7925,RANKABLE,2,1
STU-PIP-3751,5,GGOCC-00196,Product Manager,0.7925,RANKABLE,2,1
STU-PIP-3752,5,GGOCC-00196,Product Manager,0.7925,RANKABLE,2,1
STU-PIP-3753,5,GGOCC-00196,Product Manager,0.7925,RANKABLE,2,1
STU-PIP-3754,5,GGOCC-00196,Product Manager,0.7925,RANKABLE,2,1
STU-PIP-3755,5,GGOCC-00196,Product Manager,0.7925,RANKABLE,2,1
STU-PIP-3756,5,GGOCC-00196,Product Manager,0.7925,RANKABLE,2,1
STU-PIP-3757,5,GGOCC-00196,Product Manager,0.7925,RANKABLE,2,1
STU-PIP-3758,5,GGOCC-00196,Product Manager,0.7925,RANKABLE,2,1
STU-PIP-3759,5,GGOCC-00196,Product Manager,0.7925,RANKABLE,2,1
STU-PIP-3760,5,GGOCC-00196,Product Manager,0.7925,RANKABLE,2,1
STU-PIP-3761,5,GGOCC-00196,Product Manager,0.7925,RANKABLE,2,1
STU-PIP-3762,5,GGOCC-00196,Product Manager,0.7925,RANKABLE,2,1
STU-PIP-3763,5,GGOCC-00196,Product Manager,0.7925,RANKABLE,2,1
STU-PIP-3764,5,GGOCC-00196,Product Manager,0.7925,RANKABLE,2,1
STU-PIP-3765,5,GGOCC-00196,Product Manager,0.7925,RANKABLE,2,1
STU-PIP-3766,5,GGOCC-00196,Product Manager,0.7925,RANKABLE,2,1
STU-PIP-3767,5,GGOCC-00196,Product Manager,0.7925,RANKABLE,2,1
STU-PIP-3768,5,GGOCC-00196,Product Manager,0.7925,RANKABLE,2,1
STU-PIP-3769,5,GGOCC-00196,Product Manager,0.7925,RANKABLE,2,1
STU-PIP-3770,5,GGOCC-00196,Product Manager,0.7925,RANKABLE,2,1
STU-PIP-3771,5,GGOCC-00196,Product Manager,0.7925,RANKABLE,2,1
STU-PIP-3772,5,GGOCC-00196,Product Manager,0.7925,RANKABLE,2,1
STU-PIP-3773,5,GGOCC-00196,Product Manager,0.7925,RANKABLE,2,1
STU-PIP-3774,5,GGOCC-00196,Product Manager,0.7925,RANKABLE,2,1
STU-PIP-3775,5,GGOCC-00196,Product Manager,0.7925,RANKABLE,2,1
STU-PIP-3776,5,GGOCC-00196,Product Manager,0.7925,RANKABLE,2,1
STU-PIP-3777,5,GGOCC-00196,Product Manager,0.7925,RANKABLE,2,1
STU-PIP-3778,5,GGOCC-00196,Product Manager,0.7925,RANKABLE,2,1
STU-PIP-3779,5,GGOCC-00196,Product Manager,0.7925,RANKABLE,2,1
STU-PIP-3780,5,GGOCC-00196,Product Manager,0.7925,RANKABLE,2,1
STU-PIP-3781,5,GGOCC-00196,Product Manager,0.7925,RANKABLE,2,1
STU-PIP-3782,5,GGOCC-00196,Product Manager,0.7925,RANKABLE,2,1
STU-PIP-3783,5,GGOCC-00196,Product Manager,0.7925,RANKABLE,2,1
STU-PIP-3784,5,GGOCC-00196,Product Manager,0.7925,RANKABLE,2,1
STU-PIP-3785,5,GGOCC-00196,Product Manager,0.7925,RANKABLE,2,1
STU-PIP-3786,5,GGOCC-00196,Product Manager,0.7925,RANKABLE,2,1
STU-PIP-3787,5,GGOCC-00196,Product Manager,0.7925,RANKABLE,2,1
STU-PIP-3788,5,GGOCC-00196,Product Manager,0.7925,RANKABLE,2,1
STU-PIP-3789,5,GGOCC-00196,Product Manager,0.7925,RANKABLE,2,1
STU-PIP-3790,5,GGOCC-00196,Product Manager,0.7925,RANKABLE,2,1
STU-PIP-3791,5,GGOCC-00196,Product Manager,0.7925,RANKABLE,2,1
STU-PIP-3792,5,GGOCC-00196,Product Manager,0.7925,RANKABLE,2,1
STU-PIP-3793,5,GGOCC-00196,Product Manager,0.7925,RANKABLE,2,1
STU-PIP-3794,5,GGOCC-00196,Product Manager,0.7925,RANKABLE,2,1
STU-PIP-3795,5,GGOCC-00196,Product Manager,0.7925,RANKABLE,2,1
STU-PIP-3796,5,GGOCC-00196,Product Manager,0.7925,RANKABLE,2,1
STU-PIP-3797,5,GGOCC-00196,Product Manager,0.7925,RANKABLE,2,1
STU-PIP-3798,5,GGOCC-00196,Product Manager,0.7925,RANKABLE,2,1
STU-PIP-3799,5,GGOCC-00196,Product Manager,0.7925,RANKABLE,2,1
STU-PIP-3800,5,GGOCC-00196,Product Manager,0.7925,RANKABLE,2,1
STU-PIP-3801,5,GGOCC-00196,Product Manager,0.7925,RANKABLE,2,1
STU-PIP-3802,5,GGOCC-00196,Product Manager,0.7925,RANKABLE,2,1
STU-PIP-3803,5,GGOCC-00196,Product Manager,0.7925,RANKABLE,2,1
STU-PIP-3804,5,GGOCC-00196,Product Manager,0.7925,RANKABLE,2,1
STU-PIP-3805,5,GGOCC-00196,Product Manager,0.7925,RANKABLE,2,1
STU-PIP-3806,5,GGOCC-00196,Product Manager,0.7925,RANKABLE,2,1
STU-PIP-3807,5,GGOCC-00196,Product Manager,0.7925,RANKABLE,2,1
STU-PIP-3808,5,GGOCC-00196,Product Manager,0.7925,RANKABLE,2,1
STU-PIP-3809,5,GGOCC-00196,Product Manager,0.7925,RANKABLE,2,1
STU-PIP-3810,5,GGOCC-00196,Product Manager,0.7925,RANKABLE,2,1
STU-PIP-3811,5,GGOCC-00196,Product Manager,0.7925,RANKABLE,2,1
STU-PIP-3812,5,GGOCC-00196,Product Manager,0.7925,RANKABLE,2,1
STU-PIP-3813,5,GGOCC-00196,Product Manager,0.7925,RANKABLE,2,1
STU-PIP-3814,5,GGOCC-00196,Product Manager,0.7925,RANKABLE,2,1
STU-PIP-3815,5,GGOCC-00196,Product Manager,0.7925,RANKABLE,2,1
STU-PIP-3816,5,GGOCC-00196,Product Manager,0.7925,RANKABLE,2,1
STU-PIP-3817,5,GGOCC-00196,Product Manager,0.7925,RANKABLE,2,1
STU-PIP-3818,5,GGOCC-00196,Product Manager,0.7925,RANKABLE,2,1
STU-PIP-3819,5,GGOCC-00196,Product Manager,0.7925,RANKABLE,2,1
STU-PIP-3820,5,GGOCC-00196,Product Manager,0.7925,RANKABLE,2,1
STU-PIP-3821,5,GGOCC-00196,Product Manager,0.7925,RANKABLE,2,1
STU-PIP-3822,5,GGOCC-00196,Product Manager,0.7925,RANKABLE,2,1
STU-PIP-3823,5,GGOCC-00196,Product Manager,0.7925,RANKABLE,2,1
STU-PIP-3824,5,GGOCC-00196,Product Manager,0.7925,RANKABLE,2,1
STU-PIP-3825,5,GGOCC-00196,Product Manager,0.7925,RANKABLE,2,1
STU-PIP-3826,5,GGOCC-00196,Product Manager,0.7925,RANKABLE,2,1
STU-PIP-3827,5,GGOCC-00196,Product Manager,0.7925,RANKABLE,2,1
STU-PIP-3828,5,GGOCC-00196,Product Manager,0.7925,RANKABLE,2,1
STU-PIP-3829,5,GGOCC-00196,Product Manager,0.7925,RANKABLE,2,1
STU-PIP-3830,5,GGOCC-00196,Product Manager,0.7925,RANKABLE,2,1
STU-PIP-3831,5,GGOCC-00196,Product Manager,0.7925,RANKABLE,2,1
STU-PIP-3832,5,GGOCC-00196,Product Manager,0.7925,RANKABLE,2,1
STU-PIP-3833,5,GGOCC-00196,Product Manager,0.7925,RANKABLE,2,1
STU-PIP-3834,5,GGOCC-00196,Product Manager,0.7925,RANKABLE,2,1
STU-PIP-3835,5,GGOCC-00196,Product Manager,0.7925,RANKABLE,2,1
STU-PIP-3836,5,GGOCC-00196,Product Manager,0.7925,RANKABLE,2,1
STU-PIP-3837,5,GGOCC-00196,Product Manager,0.7925,RANKABLE,2,1
STU-PIP-3838,5,GGOCC-00196,Product Manager,0.7925,RANKABLE,2,1
STU-PIP-3839,5,GGOCC-00196,Product Manager,0.7925,RANKABLE,2,1
STU-PIP-3840,5,GGOCC-00196,Product Manager,0.7925,RANKABLE,2,1
STU-PIP-3841,5,GGOCC-00196,Product Manager,0.7925,RANKABLE,2,1
STU-PIP-3842,5,GGOCC-00196,Product Manager,0.7925,RANKABLE,2,1
STU-PIP-3843,5,GGOCC-00196,Product Manager,0.7925,RANKABLE,2,1
STU-PIP-3844,5,GGOCC-00196,Product Manager,0.7925,RANKABLE,2,1
STU-PIP-3845,5,GGOCC-00196,Product Manager,0.7925,RANKABLE,2,1
STU-PIP-3846,5,GGOCC-00196,Product Manager,0.7925,RANKABLE,2,1
STU-PIP-3847,5,GGOCC-00196,Product Manager,0.7925,RANKABLE,2,1
STU-PIP-3848,5,GGOCC-00196,Product Manager,0.7925,RANKABLE,2,1
STU-PIP-3849,5,GGOCC-00196,Product Manager,0.7925,RANKABLE,2,1
STU-PIP-3850,5,GGOCC-00196,Product Manager,0.7925,RANKABLE,2,1
STU-PIP-3851,5,GGOCC-00196,Product Manager,0.7925,RANKABLE,2,1
STU-PIP-3852,5,GGOCC-00196,Product Manager,0.7925,RANKABLE,2,1
STU-PIP-3853,5,GGOCC-00196,Product Manager,0.7925,RANKABLE,2,1
STU-PIP-3854,5,GGOCC-00196,Product Manager,0.7925,RANKABLE,2,1
STU-PIP-3855,5,GGOCC-00196,Product Manager,0.7925,RANKABLE,2,1
STU-PIP-3856,5,GGOCC-00196,Product Manager,0.7925,RANKABLE,2,1
STU-PIP-3857,5,GGOCC-00196,Product Manager,0.7925,RANKABLE,2,1
STU-PIP-3858,5,GGOCC-00196,Product Manager,0.7925,RANKABLE,2,1
STU-PIP-3859,5,GGOCC-00196,Product Manager,0.7925,RANKABLE,2,1
STU-PIP-3860,5,GGOCC-00196,Product Manager,0.7925,RANKABLE,2,1
STU-PIP-3861,5,GGOCC-00196,Product Manager,0.7925,RANKABLE,2,1
STU-PIP-3862,5,GGOCC-00196,Product Manager,0.7925,RANKABLE,2,1
STU-PIP-3863,5,GGOCC-00196,Product Manager,0.7925,RANKABLE,2,1
STU-PIP-3864,5,GGOCC-00196,Product Manager,0.7925,RANKABLE,2,1
STU-PIP-3865,5,GGOCC-00196,Product Manager,0.7925,RANKABLE,2,1
STU-PIP-3866,5,GGOCC-00196,Product Manager,0.7925,RANKABLE,2,1
STU-PIP-3867,5,GGOCC-00196,Product Manager,0.7925,RANKABLE,2,1
STU-PIP-3868,5,GGOCC-00196,Product Manager,0.7925,RANKABLE,2,1
STU-PIP-3869,5,GGOCC-00196,Product Manager,0.7925,RANKABLE,2,1
STU-PIP-3870,5,GGOCC-00196,Product Manager,0.7925,RANKABLE,2,1
STU-PIP-3871,5,GGOCC-00196,Product Manager,0.7925,RANKABLE,2,1
STU-PIP-3872,5,GGOCC-00196,Product Manager,0.7925,RANKABLE,2,1
STU-PIP-3873,5,GGOCC-00196,Product Manager,0.7925,RANKABLE,2,1
STU-PIP-3874,5,GGOCC-00196,Product Manager,0.7925,RANKABLE,2,1
STU-PIP-3875,5,GGOCC-00196,Product Manager,0.7925,RANKABLE,2,1
STU-PIP-3876,5,GGOCC-00196,Product Manager,0.7925,RANKABLE,2,1
STU-PIP-3877,5,GGOCC-00196,Product Manager,0.7925,RANKABLE,2,1
STU-PIP-3878,5,GGOCC-00196,Product Manager,0.7925,RANKABLE,2,1
STU-PIP-3879,5,GGOCC-00196,Product Manager,0.7925,RANKABLE,2,1
STU-PIP-3880,5,GGOCC-00196,Product Manager,0.7925,RANKABLE,2,1
STU-PIP-3881,5,GGOCC-00196,Product Manager,0.7925,RANKABLE,2,1
STU-PIP-3882,5,GGOCC-00196,Product Manager,0.7925,RANKABLE,2,1
STU-PIP-3883,5,GGOCC-00196,Product Manager,0.7925,RANKABLE,2,1
STU-PIP-3884,5,GGOCC-00196,Product Manager,0.7925,RANKABLE,2,1
STU-PIP-3885,5,GGOCC-00196,Product Manager,0.7925,RANKABLE,2,1
STU-PIP-3886,5,GGOCC-00196,Product Manager,0.7925,RANKABLE,2,1
STU-PIP-3887,5,GGOCC-00196,Product Manager,0.7925,RANKABLE,2,1
STU-PIP-3888,5,GGOCC-00196,Product Manager,0.7925,RANKABLE,2,1
STU-PIP-3889,5,GGOCC-00196,Product Manager,0.7925,RANKABLE,2,1
STU-PIP-3890,5,GGOCC-00196,Product Manager,0.7925,RANKABLE,2,1
STU-PIP-3891,5,GGOCC-00196,Product Manager,0.7925,RANKABLE,2,1
STU-PIP-3892,5,GGOCC-00196,Product Manager,0.7925,RANKABLE,2,1
STU-PIP-3893,5,GGOCC-00196,Product Manager,0.7925,RANKABLE,2,1
STU-PIP-3894,5,GGOCC-00196,Product Manager,0.7925,RANKABLE,2,1
STU-PIP-3895,5,GGOCC-00196,Product Manager,0.7925,RANKABLE,2,1
STU-PIP-3896,5,GGOCC-00196,Product Manager,0.7925,RANKABLE,2,1
STU-PIP-3897,5,GGOCC-00196,Product Manager,0.7925,RANKABLE,2,1
STU-PIP-3898,5,GGOCC-00196,Product Manager,0.7925,RANKABLE,2,1
STU-PIP-3899,5,GGOCC-00196,Product Manager,0.7925,RANKABLE,2,1
STU-PIP-3900,5,GGOCC-00196,Product Manager,0.7925,RANKABLE,2,1
STU-PIP-3901,5,GGOCC-00196,Product Manager,0.7925,RANKABLE,2,1
STU-PIP-3902,5,GGOCC-00196,Product Manager,0.7925,RANKABLE,2,1
STU-PIP-3903,5,GGOCC-00196,Product Manager,0.7925,RANKABLE,2,1
STU-PIP-3904,5,GGOCC-00196,Product Manager,0.7925,RANKABLE,2,1
STU-PIP-3905,5,GGOCC-00196,Product Manager,0.7925,RANKABLE,2,1
STU-PIP-3906,5,GGOCC-00196,Product Manager,0.7925,RANKABLE,2,1
STU-PIP-3907,5,GGOCC-00196,Product Manager,0.7925,RANKABLE,2,1
STU-PIP-3908,5,GGOCC-00196,Product Manager,0.7925,RANKABLE,2,1
STU-PIP-3909,5,GGOCC-00196,Product Manager,0.7925,RANKABLE,2,1
STU-PIP-3910,5,GGOCC-00196,Product Manager,0.7925,RANKABLE,2,1
STU-PIP-3911,5,GGOCC-00196,Product Manager,0.7925,RANKABLE,2,1
STU-PIP-3912,5,GGOCC-00196,Product Manager,0.7925,RANKABLE,2,1
STU-PIP-3913,5,GGOCC-00196,Product Manager,0.7925,RANKABLE,2,1
STU-PIP-3914,5,GGOCC-00196,Product Manager,0.7925,RANKABLE,2,1
STU-PIP-3915,5,GGOCC-00196,Product Manager,0.7925,RANKABLE,2,1
STU-PIP-3916,5,GGOCC-00196,Product Manager,0.7925,RANKABLE,2,1
STU-PIP-3917,5,GGOCC-00196,Product Manager,0.7925,RANKABLE,2,1
STU-PIP-3918,5,GGOCC-00196,Product Manager,0.7925,RANKABLE,2,1
STU-PIP-3919,5,GGOCC-00196,Product Manager,0.7925,RANKABLE,2,1
STU-PIP-3920,5,GGOCC-00196,Product Manager,0.7925,RANKABLE,2,1
STU-PIP-3921,5,GGOCC-00196,Product Manager,0.7925,RANKABLE,2,1
STU-PIP-3922,5,GGOCC-00196,Product Manager,0.7925,RANKABLE,2,1
STU-PIP-3923,5,GGOCC-00196,Product Manager,0.7925,RANKABLE,2,1
STU-PIP-3924,5,GGOCC-00196,Product Manager,0.7925,RANKABLE,2,1
STU-PIP-3925,5,GGOCC-00196,Product Manager,0.7925,RANKABLE,2,1
STU-PIP-3926,5,GGOCC-00196,Product Manager,0.7925,RANKABLE,2,1
STU-PIP-3927,5,GGOCC-00196,Product Manager,0.7925,RANKABLE,2,1
STU-PIP-3928,5,GGOCC-00196,Product Manager,0.7925,RANKABLE,2,1
STU-PIP-3929,5,GGOCC-00196,Product Manager,0.7925,RANKABLE,2,1
STU-PIP-3930,5,GGOCC-00196,Product Manager,0.7925,RANKABLE,2,1
STU-PIP-3931,5,GGOCC-00196,Product Manager,0.7925,RANKABLE,2,1
STU-PIP-3932,5,GGOCC-00196,Product Manager,0.7925,RANKABLE,2,1
STU-PIP-3933,5,GGOCC-00196,Product Manager,0.7925,RANKABLE,2,1
STU-PIP-3934,5,GGOCC-00196,Product Manager,0.7925,RANKABLE,2,1
STU-PIP-3935,5,GGOCC-00196,Product Manager,0.7925,RANKABLE,2,1
STU-PIP-3936,5,GGOCC-00196,Product Manager,0.7925,RANKABLE,2,1
STU-PIP-3937,5,GGOCC-00196,Product Manager,0.7925,RANKABLE,2,1
STU-PIP-3938,5,GGOCC-00196,Product Manager,0.7925,RANKABLE,2,1
STU-PIP-3939,5,GGOCC-00196,Product Manager,0.7925,RANKABLE,2,1
STU-PIP-3940,5,GGOCC-00196,Product Manager,0.7925,RANKABLE,2,1
STU-PIP-3941,5,GGOCC-00196,Product Manager,0.7925,RANKABLE,2,1
STU-PIP-3942,5,GGOCC-00196,Product Manager,0.7925,RANKABLE,2,1
STU-PIP-3943,5,GGOCC-00196,Product Manager,0.7925,RANKABLE,2,1
STU-PIP-3944,5,GGOCC-00196,Product Manager,0.7925,RANKABLE,2,1
STU-PIP-3945,5,GGOCC-00196,Product Manager,0.7925,RANKABLE,2,1
STU-PIP-3946,5,GGOCC-00196,Product Manager,0.7925,RANKABLE,2,1
STU-PIP-3947,5,GGOCC-00196,Product Manager,0.7925,RANKABLE,2,1
STU-PIP-3948,5,GGOCC-00196,Product Manager,0.7925,RANKABLE,2,1
STU-PIP-3949,5,GGOCC-00196,Product Manager,0.7925,RANKABLE,2,1
STU-PIP-3950,5,GGOCC-00196,Product Manager,0.7925,RANKABLE,2,1
STU-PIP-3951,5,GGOCC-00196,Product Manager,0.7925,RANKABLE,2,1
STU-PIP-3952,5,GGOCC-00196,Product Manager,0.7925,RANKABLE,2,1
STU-PIP-3953,5,GGOCC-00196,Product Manager,0.7925,RANKABLE,2,1
STU-PIP-3954,5,GGOCC-00196,Product Manager,0.7925,RANKABLE,2,1
STU-PIP-3955,5,GGOCC-00196,Product Manager,0.7925,RANKABLE,2,1
STU-PIP-3956,5,GGOCC-00196,Product Manager,0.7925,RANKABLE,2,1
STU-PIP-3957,5,GGOCC-00196,Product Manager,0.7925,RANKABLE,2,1
STU-PIP-3958,5,GGOCC-00196,Product Manager,0.7925,RANKABLE,2,1
STU-PIP-3959,5,GGOCC-00196,Product Manager,0.7925,RANKABLE,2,1
STU-PIP-3960,5,GGOCC-00196,Product Manager,0.7925,RANKABLE,2,1
STU-PIP-3961,5,GGOCC-00196,Product Manager,0.7925,RANKABLE,2,1
STU-PIP-3962,5,GGOCC-00196,Product Manager,0.7925,RANKABLE,2,1
STU-PIP-3963,5,GGOCC-00196,Product Manager,0.7925,RANKABLE,2,1
STU-PIP-3964,5,GGOCC-00196,Product Manager,0.7925,RANKABLE,2,1
STU-PIP-3965,5,GGOCC-00196,Product Manager,0.7925,RANKABLE,2,1
STU-PIP-3966,5,GGOCC-00196,Product Manager,0.7925,RANKABLE,2,1
STU-PIP-3967,5,GGOCC-00196,Product Manager,0.7925,RANKABLE,2,1
STU-PIP-3968,5,GGOCC-00196,Product Manager,0.7925,RANKABLE,2,1
STU-PIP-3969,5,GGOCC-00196,Product Manager,0.7925,RANKABLE,2,1
STU-PIP-3970,5,GGOCC-00196,Product Manager,0.7925,RANKABLE,2,1
STU-PIP-3971,5,GGOCC-00196,Product Manager,0.7925,RANKABLE,2,1
STU-PIP-3972,5,GGOCC-00196,Product Manager,0.7925,RANKABLE,2,1
STU-PIP-3973,5,GGOCC-00196,Product Manager,0.7925,RANKABLE,2,1
STU-PIP-3974,5,GGOCC-00196,Product Manager,0.7925,RANKABLE,2,1
STU-PIP-3975,5,GGOCC-00196,Product Manager,0.7925,RANKABLE,2,1
STU-PIP-3976,5,GGOCC-00196,Product Manager,0.7925,RANKABLE,2,1
STU-PIP-3977,5,GGOCC-00196,Product Manager,0.7925,RANKABLE,2,1
STU-PIP-3978,5,GGOCC-00196,Product Manager,0.7925,RANKABLE,2,1
STU-PIP-3979,5,GGOCC-00196,Product Manager,0.7925,RANKABLE,2,1
STU-PIP-3980,5,GGOCC-00196,Product Manager,0.7925,RANKABLE,2,1
STU-PIP-3981,5,GGOCC-00196,Product Manager,0.7925,RANKABLE,2,1
STU-PIP-3982,5,GGOCC-00196,Product Manager,0.7925,RANKABLE,2,1
STU-PIP-3983,5,GGOCC-00196,Product Manager,0.7925,RANKABLE,2,1
STU-PIP-3984,5,GGOCC-00196,Product Manager,0.7925,RANKABLE,2,1
STU-PIP-3985,5,GGOCC-00196,Product Manager,0.7925,RANKABLE,2,1
STU-PIP-3986,5,GGOCC-00196,Product Manager,0.7925,RANKABLE,2,1
STU-PIP-3987,5,GGOCC-00196,Product Manager,0.7925,RANKABLE,2,1
STU-PIP-3988,5,GGOCC-00196,Product Manager,0.7925,RANKABLE,2,1
STU-PIP-3989,5,GGOCC-00196,Product Manager,0.7925,RANKABLE,2,1
STU-PIP-3990,5,GGOCC-00196,Product Manager,0.7925,RANKABLE,2,1
STU-PIP-3991,5,GGOCC-00196,Product Manager,0.7925,RANKABLE,2,1
STU-PIP-3992,5,GGOCC-00196,Product Manager,0.7925,RANKABLE,2,1
STU-PIP-3993,5,GGOCC-00196,Product Manager,0.7925,RANKABLE,2,1
STU-PIP-3994,5,GGOCC-00196,Product Manager,0.7925,RANKABLE,2,1
STU-PIP-3995,5,GGOCC-00196,Product Manager,0.7925,RANKABLE,2,1
STU-PIP-3996,5,GGOCC-00196,Product Manager,0.7925,RANKABLE,2,1
STU-PIP-3997,5,GGOCC-00196,Product Manager,0.7925,RANKABLE,2,1
STU-PIP-3998,5,GGOCC-00196,Product Manager,0.7925,RANKABLE,2,1
STU-PIP-3999,5,GGOCC-00196,Product Manager,0.7925,RANKABLE,2,1
STU-PIP-4000,5,GGOCC-00196,Product Manager,0.7925,RANKABLE,2,1
STU-PIP-4001,5,GGOCC-00196,Product Manager,0.7925,RANKABLE,2,1
STU-PIP-4002,5,GGOCC-00196,Product Manager,0.7925,RANKABLE,2,1
STU-PIP-4003,5,GGOCC-00196,Product Manager,0.7925,RANKABLE,2,1
STU-PIP-4004,5,GGOCC-00196,Product Manager,0.7925,RANKABLE,2,1
STU-PIP-4005,5,GGOCC-00196,Product Manager,0.7925,RANKABLE,2,1
STU-PIP-4006,5,GGOCC-00196,Product Manager,0.7925,RANKABLE,2,1
STU-PIP-4007,5,GGOCC-00196,Product Manager,0.7925,RANKABLE,2,1
STU-PIP-4008,5,GGOCC-00196,Product Manager,0.7925,RANKABLE,2,1
STU-PIP-4009,5,GGOCC-00196,Product Manager,0.7925,RANKABLE,2,1
STU-PIP-4010,5,GGOCC-00196,Product Manager,0.7925,RANKABLE,2,1
STU-PIP-4011,5,GGOCC-00196,Product Manager,0.7925,RANKABLE,2,1
STU-PIP-4012,5,GGOCC-00196,Product Manager,0.7925,RANKABLE,2,1
STU-PIP-4013,5,GGOCC-00196,Product Manager,0.7925,RANKABLE,2,1
STU-PIP-4014,5,GGOCC-00196,Product Manager,0.7925,RANKABLE,2,1
STU-PIP-4015,5,GGOCC-00196,Product Manager,0.7925,RANKABLE,2,1
STU-PIP-4016,5,GGOCC-00196,Product Manager,0.7925,RANKABLE,2,1
STU-PIP-4017,5,GGOCC-00196,Product Manager,0.7925,RANKABLE,2,1
STU-PIP-4018,5,GGOCC-00196,Product Manager,0.7925,RANKABLE,2,1
STU-PIP-4019,5,GGOCC-00196,Product Manager,0.7925,RANKABLE,2,1
STU-PIP-4020,5,GGOCC-00196,Product Manager,0.7925,RANKABLE,2,1
STU-PIP-4021,5,GGOCC-00196,Product Manager,0.7925,RANKABLE,2,1
STU-PIP-4022,5,GGOCC-00196,Product Manager,0.7925,RANKABLE,2,1
STU-PIP-4023,5,GGOCC-00196,Product Manager,0.7925,RANKABLE,2,1
STU-PIP-4024,5,GGOCC-00196,Product Manager,0.7925,RANKABLE,2,1
STU-PIP-4025,5,GGOCC-00196,Product Manager,0.7925,RANKABLE,2,1
STU-PIP-4026,5,GGOCC-00196,Product Manager,0.7925,RANKABLE,2,1
STU-PIP-4027,5,GGOCC-00196,Product Manager,0.7925,RANKABLE,2,1
STU-PIP-4028,5,GGOCC-00196,Product Manager,0.7925,RANKABLE,2,1
STU-PIP-4029,5,GGOCC-00196,Product Manager,0.7925,RANKABLE,2,1
STU-PIP-4030,5,GGOCC-00196,Product Manager,0.7925,RANKABLE,2,1
STU-PIP-4031,5,GGOCC-00196,Product Manager,0.7925,RANKABLE,2,1
STU-PIP-4032,5,GGOCC-00196,Product Manager,0.7925,RANKABLE,2,1
STU-PIP-4033,5,GGOCC-00196,Product Manager,0.7925,RANKABLE,2,1
STU-PIP-4034,5,GGOCC-00196,Product Manager,0.7925,RANKABLE,2,1
STU-PIP-4035,5,GGOCC-00196,Product Manager,0.7925,RANKABLE,2,1
STU-PIP-4036,5,GGOCC-00196,Product Manager,0.7925,RANKABLE,2,1
STU-PIP-4037,5,GGOCC-00196,Product Manager,0.7925,RANKABLE,2,1
STU-PIP-4038,5,GGOCC-00196,Product Manager,0.7925,RANKABLE,2,1
STU-PIP-4039,5,GGOCC-00196,Product Manager,0.7925,RANKABLE,2,1
STU-PIP-4040,5,GGOCC-00196,Product Manager,0.7925,RANKABLE,2,1
STU-PIP-4041,5,GGOCC-00196,Product Manager,0.7925,RANKABLE,2,1
STU-PIP-4042,5,GGOCC-00196,Product Manager,0.7925,RANKABLE,2,1
STU-PIP-4043,5,GGOCC-00196,Product Manager,0.7925,RANKABLE,2,1
STU-PIP-4044,5,GGOCC-00196,Product Manager,0.7925,RANKABLE,2,1
STU-PIP-4045,5,GGOCC-00196,Product Manager,0.7925,RANKABLE,2,1
STU-PIP-4046,5,GGOCC-00196,Product Manager,0.7925,RANKABLE,2,1
STU-PIP-4047,5,GGOCC-00196,Product Manager,0.7925,RANKABLE,2,1
STU-PIP-4048,5,GGOCC-00196,Product Manager,0.7925,RANKABLE,2,1
STU-PIP-4049,5,GGOCC-00196,Product Manager,0.7925,RANKABLE,2,1
STU-PIP-4050,5,GGOCC-00196,Product Manager,0.7925,RANKABLE,2,1
STU-PIP-4051,5,GGOCC-00196,Product Manager,0.7925,RANKABLE,2,1
STU-PIP-4052,5,GGOCC-00196,Product Manager,0.7925,RANKABLE,2,1
STU-PIP-4053,5,GGOCC-00196,Product Manager,0.7925,RANKABLE,2,1
STU-PIP-4054,5,GGOCC-00196,Product Manager,0.7925,RANKABLE,2,1
STU-PIP-4055,5,GGOCC-00196,Product Manager,0.7925,RANKABLE,2,1
STU-PIP-4056,5,GGOCC-00196,Product Manager,0.7925,RANKABLE,2,1
STU-PIP-4057,5,GGOCC-00196,Product Manager,0.7925,RANKABLE,2,1
STU-PIP-4058,5,GGOCC-00196,Product Manager,0.7925,RANKABLE,2,1
STU-PIP-4059,5,GGOCC-00196,Product Manager,0.7925,RANKABLE,2,1
STU-PIP-4060,5,GGOCC-00196,Product Manager,0.7925,RANKABLE,2,1
STU-PIP-4061,5,GGOCC-00196,Product Manager,0.7925,RANKABLE,2,1
STU-PIP-4062,5,GGOCC-00196,Product Manager,0.7925,RANKABLE,2,1
STU-PIP-4063,5,GGOCC-00196,Product Manager,0.7925,RANKABLE,2,1
STU-PIP-4064,5,GGOCC-00196,Product Manager,0.7925,RANKABLE,2,1
STU-PIP-4065,5,GGOCC-00196,Product Manager,0.7925,RANKABLE,2,1
STU-PIP-4066,5,GGOCC-00196,Product Manager,0.7925,RANKABLE,2,1
STU-PIP-4067,5,GGOCC-00196,Product Manager,0.7925,RANKABLE,2,1
STU-PIP-4068,5,GGOCC-00196,Product Manager,0.7925,RANKABLE,2,1
STU-PIP-4069,5,GGOCC-00196,Product Manager,0.7925,RANKABLE,2,1
STU-PIP-4070,5,GGOCC-00196,Product Manager,0.7925,RANKABLE,2,1
STU-PIP-4071,5,GGOCC-00196,Product Manager,0.7925,RANKABLE,2,1
STU-PIP-4072,5,GGOCC-00196,Product Manager,0.7925,RANKABLE,2,1
STU-PIP-4073,5,GGOCC-00196,Product Manager,0.7925,RANKABLE,2,1
STU-PIP-4074,5,GGOCC-00196,Product Manager,0.7925,RANKABLE,2,1
STU-PIP-4075,5,GGOCC-00196,Product Manager,0.7925,RANKABLE,2,1
STU-PIP-4076,5,GGOCC-00196,Product Manager,0.7925,RANKABLE,2,1
STU-PIP-4077,5,GGOCC-00196,Product Manager,0.7925,RANKABLE,2,1
STU-PIP-4078,5,GGOCC-00196,Product Manager,0.7925,RANKABLE,2,1
STU-PIP-4079,5,GGOCC-00196,Product Manager,0.7925,RANKABLE,2,1
STU-PIP-4080,5,GGOCC-00196,Product Manager,0.7925,RANKABLE,2,1
STU-PIP-4081,5,GGOCC-00196,Product Manager,0.7925,RANKABLE,2,1
STU-PIP-4082,5,GGOCC-00196,Product Manager,0.7925,RANKABLE,2,1
STU-PIP-4083,5,GGOCC-00196,Product Manager,0.7925,RANKABLE,2,1
STU-PIP-4084,5,GGOCC-00196,Product Manager,0.7925,RANKABLE,2,1
STU-PIP-4085,5,GGOCC-00196,Product Manager,0.7925,RANKABLE,2,1
STU-PIP-4086,5,GGOCC-00196,Product Manager,0.7925,RANKABLE,2,1
STU-PIP-4087,5,GGOCC-00196,Product Manager,0.7925,RANKABLE,2,1
STU-PIP-4088,5,GGOCC-00196,Product Manager,0.7925,RANKABLE,2,1
STU-PIP-4089,5,GGOCC-00196,Product Manager,0.7925,RANKABLE,2,1
STU-PIP-4090,5,GGOCC-00196,Product Manager,0.7925,RANKABLE,2,1
STU-PIP-4091,5,GGOCC-00196,Product Manager,0.7925,RANKABLE,2,1
STU-PIP-4092,5,GGOCC-00196,Product Manager,0.7925,RANKABLE,2,1
STU-PIP-4093,5,GGOCC-00196,Product Manager,0.7925,RANKABLE,2,1
STU-PIP-4094,5,GGOCC-00196,Product Manager,0.7925,RANKABLE,2,1
STU-PIP-4095,5,GGOCC-00196,Product Manager,0.7925,RANKABLE,2,1
STU-PIP-4096,5,GGOCC-00196,Product Manager,0.7925,RANKABLE,2,1
STU-PIP-4097,5,GGOCC-00196,Product Manager,0.7925,RANKABLE,2,1
STU-PIP-4098,5,GGOCC-00196,Product Manager,0.7925,RANKABLE,2,1
STU-PIP-4099,5,GGOCC-00196,Product Manager,0.7925,RANKABLE,2,1
STU-PIP-4100,5,GGOCC-00196,Product Manager,0.7925,RANKABLE,2,1
STU-PIP-4101,5,GGOCC-00196,Product Manager,0.7925,RANKABLE,2,1
STU-PIP-4102,5,GGOCC-00196,Product Manager,0.7925,RANKABLE,2,1
STU-PIP-4103,5,GGOCC-00196,Product Manager,0.7925,RANKABLE,2,1
STU-PIP-4104,5,GGOCC-00196,Product Manager,0.7925,RANKABLE,2,1
STU-PIP-4105,5,GGOCC-00196,Product Manager,0.7925,RANKABLE,2,1
STU-PIP-4106,5,GGOCC-00196,Product Manager,0.7925,RANKABLE,2,1
STU-PIP-4107,5,GGOCC-00196,Product Manager,0.7925,RANKABLE,2,1
STU-PIP-4108,5,GGOCC-00196,Product Manager,0.7925,RANKABLE,2,1
STU-PIP-4109,5,GGOCC-00196,Product Manager,0.7925,RANKABLE,2,1
STU-PIP-4110,5,GGOCC-00196,Product Manager,0.7925,RANKABLE,2,1
STU-PIP-4111,5,GGOCC-00196,Product Manager,0.7925,RANKABLE,2,1
STU-PIP-4112,5,GGOCC-00196,Product Manager,0.7925,RANKABLE,2,1
STU-PIP-4113,5,GGOCC-00196,Product Manager,0.7925,RANKABLE,2,1
STU-PIP-4114,5,GGOCC-00196,Product Manager,0.7925,RANKABLE,2,1
STU-PIP-4115,5,GGOCC-00196,Product Manager,0.7925,RANKABLE,2,1
STU-PIP-4116,5,GGOCC-00196,Product Manager,0.7925,RANKABLE,2,1
STU-PIP-4117,5,GGOCC-00196,Product Manager,0.7925,RANKABLE,2,1
STU-PIP-4118,5,GGOCC-00196,Product Manager,0.7925,RANKABLE,2,1
STU-PIP-4119,5,GGOCC-00196,Product Manager,0.7925,RANKABLE,2,1
STU-PIP-4120,5,GGOCC-00196,Product Manager,0.7925,RANKABLE,2,1
STU-PIP-4121,5,GGOCC-00196,Product Manager,0.7925,RANKABLE,2,1
STU-PIP-4122,5,GGOCC-00196,Product Manager,0.7925,RANKABLE,2,1
STU-PIP-4123,5,GGOCC-00196,Product Manager,0.7925,RANKABLE,2,1
STU-PIP-4124,5,GGOCC-00196,Product Manager,0.7925,RANKABLE,2,1
STU-PIP-4125,5,GGOCC-00196,Product Manager,0.7925,RANKABLE,2,1
STU-PIP-4126,5,GGOCC-00196,Product Manager,0.7925,RANKABLE,2,1
STU-PIP-4127,5,GGOCC-00196,Product Manager,0.7925,RANKABLE,2,1
STU-PIP-4128,5,GGOCC-00196,Product Manager,0.7925,RANKABLE,2,1
STU-PIP-4129,5,GGOCC-00196,Product Manager,0.7925,RANKABLE,2,1
STU-PIP-4130,5,GGOCC-00196,Product Manager,0.7925,RANKABLE,2,1
STU-PIP-4131,5,GGOCC-00196,Product Manager,0.7925,RANKABLE,2,1
STU-PIP-4132,5,GGOCC-00196,Product Manager,0.7925,RANKABLE,2,1
STU-PIP-4133,5,GGOCC-00196,Product Manager,0.7925,RANKABLE,2,1
STU-PIP-4134,5,GGOCC-00196,Product Manager,0.7925,RANKABLE,2,1
STU-PIP-4135,5,GGOCC-00196,Product Manager,0.7925,RANKABLE,2,1
STU-PIP-4136,5,GGOCC-00196,Product Manager,0.7925,RANKABLE,2,1
STU-PIP-4137,5,GGOCC-00196,Product Manager,0.7925,RANKABLE,2,1
STU-PIP-4138,5,GGOCC-00196,Product Manager,0.7925,RANKABLE,2,1
STU-PIP-4139,5,GGOCC-00196,Product Manager,0.7925,RANKABLE,2,1
STU-PIP-4140,5,GGOCC-00196,Product Manager,0.7925,RANKABLE,2,1
STU-PIP-4141,5,GGOCC-00196,Product Manager,0.7925,RANKABLE,2,1
STU-PIP-4142,5,GGOCC-00196,Product Manager,0.7925,RANKABLE,2,1
STU-PIP-4143,5,GGOCC-00196,Product Manager,0.7925,RANKABLE,2,1
STU-PIP-4144,5,GGOCC-00196,Product Manager,0.7925,RANKABLE,2,1
STU-PIP-4145,5,GGOCC-00196,Product Manager,0.7925,RANKABLE,2,1
STU-PIP-4146,5,GGOCC-00196,Product Manager,0.7925,RANKABLE,2,1
STU-PIP-4147,5,GGOCC-00196,Product Manager,0.7925,RANKABLE,2,1
STU-PIP-4148,5,GGOCC-00196,Product Manager,0.7925,RANKABLE,2,1
STU-PIP-4149,5,GGOCC-00196,Product Manager,0.7925,RANKABLE,2,1
STU-PIP-4150,5,GGOCC-00196,Product Manager,0.7925,RANKABLE,2,1
STU-PIP-4151,5,GGOCC-00196,Product Manager,0.7925,RANKABLE,2,1
STU-PIP-4152,5,GGOCC-00196,Product Manager,0.7925,RANKABLE,2,1
STU-PIP-4153,5,GGOCC-00196,Product Manager,0.7925,RANKABLE,2,1
STU-PIP-4154,5,GGOCC-00196,Product Manager,0.7925,RANKABLE,2,1
STU-PIP-4155,5,GGOCC-00196,Product Manager,0.7925,RANKABLE,2,1
STU-PIP-4156,5,GGOCC-00196,Product Manager,0.7925,RANKABLE,2,1
STU-PIP-4157,5,GGOCC-00196,Product Manager,0.7925,RANKABLE,2,1
STU-PIP-4158,5,GGOCC-00196,Product Manager,0.7925,RANKABLE,2,1
STU-PIP-4159,5,GGOCC-00196,Product Manager,0.7925,RANKABLE,2,1
STU-PIP-4160,5,GGOCC-00196,Product Manager,0.7925,RANKABLE,2,1
STU-PIP-4161,5,GGOCC-00196,Product Manager,0.7925,RANKABLE,2,1
STU-PIP-4162,5,GGOCC-00196,Product Manager,0.7925,RANKABLE,2,1
STU-PIP-4163,5,GGOCC-00196,Product Manager,0.7925,RANKABLE,2,1
STU-PIP-4164,5,GGOCC-00196,Product Manager,0.7925,RANKABLE,2,1
STU-PIP-4165,5,GGOCC-00196,Product Manager,0.7925,RANKABLE,2,1
STU-PIP-4166,5,GGOCC-00196,Product Manager,0.7925,RANKABLE,2,1
STU-PIP-4167,5,GGOCC-00196,Product Manager,0.7925,RANKABLE,2,1
STU-PIP-4168,5,GGOCC-00196,Product Manager,0.7925,RANKABLE,2,1
STU-PIP-4169,5,GGOCC-00196,Product Manager,0.7925,RANKABLE,2,1
STU-PIP-4170,5,GGOCC-00196,Product Manager,0.7925,RANKABLE,2,1
STU-PIP-4171,5,GGOCC-00196,Product Manager,0.7925,RANKABLE,2,1
STU-PIP-4172,5,GGOCC-00196,Product Manager,0.7925,RANKABLE,2,1
STU-PIP-4173,5,GGOCC-00196,Product Manager,0.7925,RANKABLE,2,1
STU-PIP-4174,5,GGOCC-00196,Product Manager,0.7925,RANKABLE,2,1
STU-PIP-4175,5,GGOCC-00196,Product Manager,0.7925,RANKABLE,2,1
STU-PIP-4176,5,GGOCC-00196,Product Manager,0.7925,RANKABLE,2,1
STU-PIP-4177,5,GGOCC-00196,Product Manager,0.7925,RANKABLE,2,1
STU-PIP-4178,5,GGOCC-00196,Product Manager,0.7925,RANKABLE,2,1
STU-PIP-4179,5,GGOCC-00196,Product Manager,0.7925,RANKABLE,2,1
STU-PIP-4180,5,GGOCC-00196,Product Manager,0.7925,RANKABLE,2,1
STU-PIP-4181,5,GGOCC-00196,Product Manager,0.7925,RANKABLE,2,1
STU-PIP-4182,5,GGOCC-00196,Product Manager,0.7925,RANKABLE,2,1
STU-PIP-4183,5,GGOCC-00196,Product Manager,0.7925,RANKABLE,2,1
STU-PIP-4184,5,GGOCC-00196,Product Manager,0.7925,RANKABLE,2,1
STU-PIP-4185,5,GGOCC-00196,Product Manager,0.7925,RANKABLE,2,1
STU-PIP-4186,5,GGOCC-00196,Product Manager,0.7925,RANKABLE,2,1
STU-PIP-4187,5,GGOCC-00196,Product Manager,0.7925,RANKABLE,2,1
STU-PIP-4188,5,GGOCC-00196,Product Manager,0.7925,RANKABLE,2,1
STU-PIP-4189,5,GGOCC-00196,Product Manager,0.7925,RANKABLE,2,1
STU-PIP-4190,5,GGOCC-00196,Product Manager,0.7925,RANKABLE,2,1
STU-PIP-4191,5,GGOCC-00196,Product Manager,0.7925,RANKABLE,2,1
STU-PIP-4192,5,GGOCC-00196,Product Manager,0.7925,RANKABLE,2,1
STU-PIP-4193,5,GGOCC-00196,Product Manager,0.7925,RANKABLE,2,1
STU-PIP-4194,5,GGOCC-00196,Product Manager,0.7925,RANKABLE,2,1
STU-PIP-4195,5,GGOCC-00196,Product Manager,0.7925,RANKABLE,2,1
STU-PIP-4196,5,GGOCC-00196,Product Manager,0.7925,RANKABLE,2,1
STU-PIP-4197,5,GGOCC-00196,Product Manager,0.7925,RANKABLE,2,1
STU-PIP-4198,5,GGOCC-00196,Product Manager,0.7925,RANKABLE,2,1
STU-PIP-4199,5,GGOCC-00196,Product Manager,0.7925,RANKABLE,2,1
STU-PIP-4200,5,GGOCC-00196,Product Manager,0.7925,RANKABLE,2,1
STU-PIP-4201,5,GGOCC-00196,Product Manager,0.7925,RANKABLE,2,1
STU-PIP-4202,5,GGOCC-00196,Product Manager,0.7925,RANKABLE,2,1
STU-PIP-4203,5,GGOCC-00196,Product Manager,0.7925,RANKABLE,2,1
STU-PIP-4204,5,GGOCC-00196,Product Manager,0.7925,RANKABLE,2,1
STU-PIP-4205,5,GGOCC-00196,Product Manager,0.7925,RANKABLE,2,1
STU-PIP-4206,5,GGOCC-00196,Product Manager,0.7925,RANKABLE,2,1
STU-PIP-4207,5,GGOCC-00196,Product Manager,0.7925,RANKABLE,2,1
STU-PIP-4208,5,GGOCC-00196,Product Manager,0.7925,RANKABLE,2,1
STU-PIP-4209,5,GGOCC-00196,Product Manager,0.7925,RANKABLE,2,1
STU-PIP-4210,5,GGOCC-00196,Product Manager,0.7925,RANKABLE,2,1
STU-PIP-4211,5,GGOCC-00196,Product Manager,0.7925,RANKABLE,2,1
STU-PIP-4212,5,GGOCC-00196,Product Manager,0.7925,RANKABLE,2,1
STU-PIP-4213,5,GGOCC-00196,Product Manager,0.7925,RANKABLE,2,1
STU-PIP-4214,5,GGOCC-00196,Product Manager,0.7925,RANKABLE,2,1
STU-PIP-4215,5,GGOCC-00196,Product Manager,0.7925,RANKABLE,2,1
STU-PIP-4216,5,GGOCC-00196,Product Manager,0.7925,RANKABLE,2,1
STU-PIP-4217,5,GGOCC-00196,Product Manager,0.7925,RANKABLE,2,1
STU-PIP-4218,5,GGOCC-00196,Product Manager,0.7925,RANKABLE,2,1
STU-PIP-4219,5,GGOCC-00196,Product Manager,0.7925,RANKABLE,2,1
STU-PIP-4220,5,GGOCC-00196,Product Manager,0.7925,RANKABLE,2,1
STU-PIP-4221,5,GGOCC-00196,Product Manager,0.7925,RANKABLE,2,1
STU-PIP-4222,5,GGOCC-00196,Product Manager,0.7925,RANKABLE,2,1
STU-PIP-4223,5,GGOCC-00196,Product Manager,0.7925,RANKABLE,2,1
STU-PIP-4224,5,GGOCC-00196,Product Manager,0.7925,RANKABLE,2,1
STU-PIP-4225,5,GGOCC-00196,Product Manager,0.7925,RANKABLE,2,1
STU-PIP-4226,5,GGOCC-00196,Product Manager,0.7925,RANKABLE,2,1
STU-PIP-4227,5,GGOCC-00196,Product Manager,0.7925,RANKABLE,2,1
STU-PIP-4228,5,GGOCC-00196,Product Manager,0.7925,RANKABLE,2,1
STU-PIP-4229,5,GGOCC-00196,Product Manager,0.7925,RANKABLE,2,1
STU-PIP-4230,5,GGOCC-00196,Product Manager,0.7925,RANKABLE,2,1
STU-PIP-4231,5,GGOCC-00196,Product Manager,0.7925,RANKABLE,2,1
STU-PIP-4232,5,GGOCC-00196,Product Manager,0.7925,RANKABLE,2,1
STU-PIP-4233,5,GGOCC-00196,Product Manager,0.7925,RANKABLE,2,1
STU-PIP-4234,5,GGOCC-00196,Product Manager,0.7925,RANKABLE,2,1
STU-PIP-4235,5,GGOCC-00196,Product Manager,0.7925,RANKABLE,2,1
STU-PIP-4236,5,GGOCC-00196,Product Manager,0.7925,RANKABLE,2,1
STU-PIP-4237,5,GGOCC-00196,Product Manager,0.7925,RANKABLE,2,1
STU-PIP-4238,5,GGOCC-00196,Product Manager,0.7925,RANKABLE,2,1
STU-PIP-4239,5,GGOCC-00196,Product Manager,0.7925,RANKABLE,2,1
STU-PIP-4240,5,GGOCC-00196,Product Manager,0.7925,RANKABLE,2,1
STU-PIP-4241,5,GGOCC-00196,Product Manager,0.7925,RANKABLE,2,1
STU-PIP-4242,5,GGOCC-00196,Product Manager,0.7925,RANKABLE,2,1
STU-PIP-4243,5,GGOCC-00196,Product Manager,0.7925,RANKABLE,2,1
STU-PIP-4244,5,GGOCC-00196,Product Manager,0.7925,RANKABLE,2,1
STU-PIP-4245,5,GGOCC-00196,Product Manager,0.7925,RANKABLE,2,1
STU-PIP-4246,5,GGOCC-00196,Product Manager,0.7925,RANKABLE,2,1
STU-PIP-4247,5,GGOCC-00196,Product Manager,0.7925,RANKABLE,2,1
STU-PIP-4248,5,GGOCC-00196,Product Manager,0.7925,RANKABLE,2,1
STU-PIP-4249,5,GGOCC-00196,Product Manager,0.7925,RANKABLE,2,1
STU-PIP-4250,5,GGOCC-00196,Product Manager,0.7925,RANKABLE,2,1
STU-PIP-4251,5,GGOCC-00196,Product Manager,0.7925,RANKABLE,2,1
STU-PIP-4252,5,GGOCC-00196,Product Manager,0.7925,RANKABLE,2,1
STU-PIP-4253,5,GGOCC-00196,Product Manager,0.7925,RANKABLE,2,1
STU-PIP-4254,5,GGOCC-00196,Product Manager,0.7925,RANKABLE,2,1
STU-PIP-4255,5,GGOCC-00196,Product Manager,0.7925,RANKABLE,2,1
STU-PIP-4256,5,GGOCC-00196,Product Manager,0.7925,RANKABLE,2,1
STU-PIP-4257,5,GGOCC-00196,Product Manager,0.7925,RANKABLE,2,1
STU-PIP-4258,5,GGOCC-00196,Product Manager,0.7925,RANKABLE,2,1
STU-PIP-4259,5,GGOCC-00196,Product Manager,0.7925,RANKABLE,2,1
STU-PIP-4260,5,GGOCC-00196,Product Manager,0.7925,RANKABLE,2,1
STU-PIP-4261,5,GGOCC-00196,Product Manager,0.7925,RANKABLE,2,1
STU-PIP-4262,5,GGOCC-00196,Product Manager,0.7925,RANKABLE,2,1
STU-PIP-4263,5,GGOCC-00196,Product Manager,0.7925,RANKABLE,2,1
STU-PIP-4264,5,GGOCC-00196,Product Manager,0.7925,RANKABLE,2,1
STU-PIP-4265,5,GGOCC-00196,Product Manager,0.7925,RANKABLE,2,1
STU-PIP-4266,5,GGOCC-00196,Product Manager,0.7925,RANKABLE,2,1
STU-PIP-4267,5,GGOCC-00196,Product Manager,0.7925,RANKABLE,2,1
STU-PIP-4268,5,GGOCC-00196,Product Manager,0.7925,RANKABLE,2,1
STU-PIP-4269,5,GGOCC-00196,Product Manager,0.7925,RANKABLE,2,1
STU-PIP-4270,5,GGOCC-00196,Product Manager,0.7925,RANKABLE,2,1
STU-PIP-4271,5,GGOCC-00196,Product Manager,0.7925,RANKABLE,2,1
STU-PIP-4272,5,GGOCC-00196,Product Manager,0.7925,RANKABLE,2,1
STU-PIP-4273,5,GGOCC-00196,Product Manager,0.7925,RANKABLE,2,1
STU-PIP-4274,5,GGOCC-00196,Product Manager,0.7925,RANKABLE,2,1
STU-PIP-4275,5,GGOCC-00196,Product Manager,0.7925,RANKABLE,2,1
STU-PIP-4276,5,GGOCC-00196,Product Manager,0.7925,RANKABLE,2,1
STU-PIP-4277,5,GGOCC-00196,Product Manager,0.7925,RANKABLE,2,1
STU-PIP-4278,5,GGOCC-00196,Product Manager,0.7925,RANKABLE,2,1
STU-PIP-4279,5,GGOCC-00196,Product Manager,0.7925,RANKABLE,2,1
STU-PIP-4280,5,GGOCC-00196,Product Manager,0.7925,RANKABLE,2,1
STU-PIP-4281,5,GGOCC-00196,Product Manager,0.7925,RANKABLE,2,1
STU-PIP-4282,5,GGOCC-00196,Product Manager,0.7925,RANKABLE,2,1
STU-PIP-4283,5,GGOCC-00196,Product Manager,0.7925,RANKABLE,2,1
STU-PIP-4284,5,GGOCC-00196,Product Manager,0.7925,RANKABLE,2,1
STU-PIP-4285,5,GGOCC-00196,Product Manager,0.7925,RANKABLE,2,1
STU-PIP-4286,5,GGOCC-00196,Product Manager,0.7925,RANKABLE,2,1
STU-PIP-4287,5,GGOCC-00196,Product Manager,0.7925,RANKABLE,2,1
STU-PIP-4288,5,GGOCC-00196,Product Manager,0.7925,RANKABLE,2,1
STU-PIP-4289,5,GGOCC-00196,Product Manager,0.7925,RANKABLE,2,1
STU-PIP-4290,5,GGOCC-00196,Product Manager,0.7925,RANKABLE,2,1
STU-PIP-4291,5,GGOCC-00196,Product Manager,0.7925,RANKABLE,2,1
STU-PIP-4292,5,GGOCC-00196,Product Manager,0.7925,RANKABLE,2,1
STU-PIP-4293,5,GGOCC-00196,Product Manager,0.7925,RANKABLE,2,1
STU-PIP-4294,5,GGOCC-00196,Product Manager,0.7925,RANKABLE,2,1
STU-PIP-4295,5,GGOCC-00196,Product Manager,0.7925,RANKABLE,2,1
STU-PIP-4296,5,GGOCC-00196,Product Manager,0.7925,RANKABLE,2,1
STU-PIP-4297,5,GGOCC-00196,Product Manager,0.7925,RANKABLE,2,1
STU-PIP-4298,5,GGOCC-00196,Product Manager,0.7925,RANKABLE,2,1
STU-PIP-4299,5,GGOCC-00196,Product Manager,0.7925,RANKABLE,2,1
STU-PIP-4300,5,GGOCC-00196,Product Manager,0.7925,RANKABLE,2,1
STU-PIP-4301,5,GGOCC-00196,Product Manager,0.7925,RANKABLE,2,1
STU-PIP-4302,5,GGOCC-00196,Product Manager,0.7925,RANKABLE,2,1
STU-PIP-4303,5,GGOCC-00196,Product Manager,0.7925,RANKABLE,2,1
STU-PIP-4304,5,GGOCC-00196,Product Manager,0.7925,RANKABLE,2,1
STU-PIP-4305,5,GGOCC-00196,Product Manager,0.7925,RANKABLE,2,1
STU-PIP-4306,5,GGOCC-00196,Product Manager,0.7925,RANKABLE,2,1
STU-PIP-4307,5,GGOCC-00196,Product Manager,0.7925,RANKABLE,2,1
STU-PIP-4308,5,GGOCC-00196,Product Manager,0.7925,RANKABLE,2,1
STU-PIP-4309,5,GGOCC-00196,Product Manager,0.7925,RANKABLE,2,1
STU-PIP-4310,5,GGOCC-00196,Product Manager,0.7925,RANKABLE,2,1
STU-PIP-4311,5,GGOCC-00196,Product Manager,0.7925,RANKABLE,2,1
STU-PIP-4312,5,GGOCC-00196,Product Manager,0.7925,RANKABLE,2,1
STU-PIP-4313,5,GGOCC-00196,Product Manager,0.7925,RANKABLE,2,1
STU-PIP-4314,5,GGOCC-00196,Product Manager,0.7925,RANKABLE,2,1
STU-PIP-4315,5,GGOCC-00196,Product Manager,0.7925,RANKABLE,2,1
STU-PIP-4316,5,GGOCC-00196,Product Manager,0.7925,RANKABLE,2,1
STU-PIP-4317,5,GGOCC-00196,Product Manager,0.7925,RANKABLE,2,1
STU-PIP-4318,5,GGOCC-00196,Product Manager,0.7925,RANKABLE,2,1
STU-PIP-4319,5,GGOCC-00196,Product Manager,0.7925,RANKABLE,2,1
STU-PIP-4320,5,GGOCC-00196,Product Manager,0.7925,RANKABLE,2,1
STU-PIP-4321,5,GGOCC-00196,Product Manager,0.7925,RANKABLE,2,1
STU-PIP-4322,5,GGOCC-00196,Product Manager,0.7925,RANKABLE,2,1
STU-PIP-4323,5,GGOCC-00196,Product Manager,0.7925,RANKABLE,2,1
STU-PIP-4324,5,GGOCC-00196,Product Manager,0.7925,RANKABLE,2,1
STU-PIP-4325,5,GGOCC-00196,Product Manager,0.7925,RANKABLE,2,1
STU-PIP-4326,5,GGOCC-00196,Product Manager,0.7925,RANKABLE,2,1
STU-PIP-4327,5,GGOCC-00196,Product Manager,0.7925,RANKABLE,2,1
STU-PIP-4328,5,GGOCC-00196,Product Manager,0.7925,RANKABLE,2,1
STU-PIP-4329,5,GGOCC-00196,Product Manager,0.7925,RANKABLE,2,1
STU-PIP-4330,5,GGOCC-00196,Product Manager,0.7925,RANKABLE,2,1
STU-PIP-4331,5,GGOCC-00196,Product Manager,0.7925,RANKABLE,2,1
STU-PIP-4332,5,GGOCC-00196,Product Manager,0.7925,RANKABLE,2,1
STU-PIP-4333,5,GGOCC-00196,Product Manager,0.7925,RANKABLE,2,1
STU-PIP-4334,5,GGOCC-00196,Product Manager,0.7925,RANKABLE,2,1
STU-PIP-4335,5,GGOCC-00196,Product Manager,0.7925,RANKABLE,2,1
STU-PIP-4336,5,GGOCC-00196,Product Manager,0.7925,RANKABLE,2,1
STU-PIP-4337,5,GGOCC-00196,Product Manager,0.7925,RANKABLE,2,1
STU-PIP-4338,5,GGOCC-00196,Product Manager,0.7925,RANKABLE,2,1
STU-PIP-4339,5,GGOCC-00196,Product Manager,0.7925,RANKABLE,2,1
STU-PIP-4340,5,GGOCC-00196,Product Manager,0.7925,RANKABLE,2,1
STU-PIP-4341,5,GGOCC-00196,Product Manager,0.7925,RANKABLE,2,1
STU-PIP-4342,5,GGOCC-00196,Product Manager,0.7925,RANKABLE,2,1
STU-PIP-4343,5,GGOCC-00196,Product Manager,0.7925,RANKABLE,2,1
STU-PIP-4344,5,GGOCC-00196,Product Manager,0.7925,RANKABLE,2,1
STU-PIP-4345,5,GGOCC-00196,Product Manager,0.7925,RANKABLE,2,1
STU-PIP-4346,5,GGOCC-00196,Product Manager,0.7925,RANKABLE,2,1
STU-PIP-4347,5,GGOCC-00196,Product Manager,0.7925,RANKABLE,2,1
STU-PIP-4348,5,GGOCC-00196,Product Manager,0.7925,RANKABLE,2,1
STU-PIP-4349,5,GGOCC-00196,Product Manager,0.7925,RANKABLE,2,1
STU-PIP-4350,5,GGOCC-00196,Product Manager,0.7925,RANKABLE,2,1
STU-PIP-4351,5,GGOCC-00196,Product Manager,0.7925,RANKABLE,2,1
STU-PIP-4352,5,GGOCC-00196,Product Manager,0.7925,RANKABLE,2,1
STU-PIP-4353,5,GGOCC-00196,Product Manager,0.7925,RANKABLE,2,1
STU-PIP-4354,5,GGOCC-00196,Product Manager,0.7925,RANKABLE,2,1
STU-PIP-4355,5,GGOCC-00196,Product Manager,0.7925,RANKABLE,2,1
STU-PIP-4356,5,GGOCC-00196,Product Manager,0.7925,RANKABLE,2,1
STU-PIP-4357,5,GGOCC-00196,Product Manager,0.7925,RANKABLE,2,1
STU-PIP-4358,5,GGOCC-00196,Product Manager,0.7925,RANKABLE,2,1
STU-PIP-4359,5,GGOCC-00196,Product Manager,0.7925,RANKABLE,2,1
STU-PIP-4360,5,GGOCC-00196,Product Manager,0.7925,RANKABLE,2,1
STU-PIP-4361,5,GGOCC-00196,Product Manager,0.7925,RANKABLE,2,1
STU-PIP-4362,5,GGOCC-00196,Product Manager,0.7925,RANKABLE,2,1
STU-PIP-4363,5,GGOCC-00196,Product Manager,0.7925,RANKABLE,2,1
STU-PIP-4364,5,GGOCC-00196,Product Manager,0.7925,RANKABLE,2,1
STU-PIP-4365,5,GGOCC-00196,Product Manager,0.7925,RANKABLE,2,1
STU-PIP-4366,5,GGOCC-00196,Product Manager,0.7925,RANKABLE,2,1
STU-PIP-4367,5,GGOCC-00196,Product Manager,0.7925,RANKABLE,2,1
STU-PIP-4368,5,GGOCC-00196,Product Manager,0.7925,RANKABLE,2,1
STU-PIP-4369,5,GGOCC-00196,Product Manager,0.7925,RANKABLE,2,1
STU-PIP-4370,5,GGOCC-00196,Product Manager,0.7925,RANKABLE,2,1
STU-PIP-4371,5,GGOCC-00196,Product Manager,0.7925,RANKABLE,2,1
STU-PIP-4372,5,GGOCC-00196,Product Manager,0.7925,RANKABLE,2,1
STU-PIP-4373,5,GGOCC-00196,Product Manager,0.7925,RANKABLE,2,1
STU-PIP-4374,5,GGOCC-00196,Product Manager,0.7925,RANKABLE,2,1
STU-PIP-4375,5,GGOCC-00196,Product Manager,0.7925,RANKABLE,2,1
STU-PIP-4376,5,GGOCC-00196,Product Manager,0.7925,RANKABLE,2,1
STU-PIP-4377,5,GGOCC-00196,Product Manager,0.7925,RANKABLE,2,1
STU-PIP-4378,5,GGOCC-00196,Product Manager,0.7925,RANKABLE,2,1
STU-PIP-4379,5,GGOCC-00196,Product Manager,0.7925,RANKABLE,2,1
STU-PIP-4380,5,GGOCC-00196,Product Manager,0.7925,RANKABLE,2,1
STU-PIP-4381,5,GGOCC-00196,Product Manager,0.7925,RANKABLE,2,1
STU-PIP-4382,5,GGOCC-00196,Product Manager,0.7925,RANKABLE,2,1
STU-PIP-4383,5,GGOCC-00196,Product Manager,0.7925,RANKABLE,2,1
STU-PIP-4384,5,GGOCC-00196,Product Manager,0.7925,RANKABLE,2,1
STU-PIP-4385,5,GGOCC-00196,Product Manager,0.7925,RANKABLE,2,1
STU-PIP-4386,5,GGOCC-00196,Product Manager,0.7925,RANKABLE,2,1
STU-PIP-4387,5,GGOCC-00196,Product Manager,0.7925,RANKABLE,2,1
STU-PIP-4388,5,GGOCC-00196,Product Manager,0.7925,RANKABLE,2,1
STU-PIP-4389,5,GGOCC-00196,Product Manager,0.7925,RANKABLE,2,1
STU-PIP-4390,5,GGOCC-00196,Product Manager,0.7925,RANKABLE,2,1
STU-PIP-4391,5,GGOCC-00196,Product Manager,0.7925,RANKABLE,2,1
STU-PIP-4392,5,GGOCC-00196,Product Manager,0.7925,RANKABLE,2,1
STU-PIP-4393,5,GGOCC-00196,Product Manager,0.7925,RANKABLE,2,1
STU-PIP-4394,5,GGOCC-00196,Product Manager,0.7925,RANKABLE,2,1
STU-PIP-4395,5,GGOCC-00196,Product Manager,0.7925,RANKABLE,2,1
STU-PIP-4396,5,GGOCC-00196,Product Manager,0.7925,RANKABLE,2,1
STU-PIP-4397,5,GGOCC-00196,Product Manager,0.7925,RANKABLE,2,1
STU-PIP-4398,5,GGOCC-00196,Product Manager,0.7925,RANKABLE,2,1
STU-PIP-4399,5,GGOCC-00196,Product Manager,0.7925,RANKABLE,2,1
STU-PIP-4400,5,GGOCC-00196,Product Manager,0.7925,RANKABLE,2,1
STU-PIP-4401,5,GGOCC-00196,Product Manager,0.7925,RANKABLE,2,1
STU-PIP-4402,5,GGOCC-00196,Product Manager,0.7925,RANKABLE,2,1
STU-PIP-4403,5,GGOCC-00196,Product Manager,0.7925,RANKABLE,2,1
STU-PIP-4404,5,GGOCC-00196,Product Manager,0.7925,RANKABLE,2,1
STU-PIP-4405,5,GGOCC-00196,Product Manager,0.7925,RANKABLE,2,1
STU-PIP-4406,5,GGOCC-00196,Product Manager,0.7925,RANKABLE,2,1
STU-PIP-4407,5,GGOCC-00196,Product Manager,0.7925,RANKABLE,2,1
STU-PIP-4408,5,GGOCC-00196,Product Manager,0.7925,RANKABLE,2,1
STU-PIP-4409,5,GGOCC-00196,Product Manager,0.7925,RANKABLE,2,1
STU-PIP-4410,5,GGOCC-00196,Product Manager,0.7925,RANKABLE,2,1
STU-PIP-4411,5,GGOCC-00196,Product Manager,0.7925,RANKABLE,2,1
STU-PIP-4412,5,GGOCC-00196,Product Manager,0.7925,RANKABLE,2,1
STU-PIP-4413,5,GGOCC-00196,Product Manager,0.7925,RANKABLE,2,1
STU-PIP-4414,5,GGOCC-00196,Product Manager,0.7925,RANKABLE,2,1
STU-PIP-4415,5,GGOCC-00196,Product Manager,0.7925,RANKABLE,2,1
STU-PIP-4416,5,GGOCC-00196,Product Manager,0.7925,RANKABLE,2,1
STU-PIP-4417,5,GGOCC-00196,Product Manager,0.7925,RANKABLE,2,1
STU-PIP-4418,5,GGOCC-00196,Product Manager,0.7925,RANKABLE,2,1
STU-PIP-4419,5,GGOCC-00196,Product Manager,0.7925,RANKABLE,2,1
STU-PIP-4420,5,GGOCC-00196,Product Manager,0.7925,RANKABLE,2,1
STU-PIP-4421,5,GGOCC-00196,Product Manager,0.7925,RANKABLE,2,1
STU-PIP-4422,5,GGOCC-00196,Product Manager,0.7925,RANKABLE,2,1
STU-PIP-4423,5,GGOCC-00196,Product Manager,0.7925,RANKABLE,2,1
STU-PIP-4424,5,GGOCC-00196,Product Manager,0.7925,RANKABLE,2,1
