occupation_id,skill_id,source_file,relationship_type,esco_skill_uri,confidence,provenance,notes
GGOCC-00115,GGSKILL-118937,data/processed/prism_education_career/occupation_to_skill.csv,OPTIONAL,,1.0,PRISM Synthetic Graph Mapping,Core role requirement
GGOCC-00115,GGSKILL-53741,data/processed/prism_education_career/occupation_to_skill.csv,ESSENTIAL,,1.0,PRISM Synthetic Graph Mapping,Core role requirement
GGOCC-00115,GGSKILL-00174,data/processed/prism_education_career/occupation_to_skill.csv,ESSENTIAL,,1.0,PRISM Synthetic Graph Mapping,Core role requirement
GGOCC-00115,GGSKILL-232116,data/processed/prism_education_career/occupation_to_skill.csv,ESSENTIAL,,1.0,PRISM Synthetic Graph Mapping,Core role requirement
GGOCC-00115,GGSKILL-148796,data/processed/prism_education_career/occupation_to_skill.csv,OPTIONAL,,1.0,PRISM Synthetic Graph Mapping,Core role requirement
GGOCC-00115,GGSKILL-15783,data/processed/prism_education_career/occupation_to_skill.csv,ESSENTIAL,,1.0,PRISM Synthetic Graph Mapping,Core role requirement
GGOCC-00115,GGSKILL-39417,data/processed/prism_education_career/occupation_to_skill.csv,ESSENTIAL,,1.0,PRISM Synthetic Graph Mapping,Core role requirement
GGOCC-00115,GGSKILL-00144,data/processed/prism_education_career/occupation_to_skill.csv,OPTIONAL,,1.0,PRISM Synthetic Graph Mapping,Core role requirement
GGOCC-00115,GGSKILL-118937,data/processed/prism_education_career/occupation_to_skill.csv,OPTIONAL,,1.0,PRISM Synthetic Graph Mapping,Core role requirement
GGOCC-00115,GGSKILL-53741,data/processed/prism_education_career/occupation_to_skill.csv,ESSENTIAL,,1.0,PRISM Synthetic Graph Mapping,Core role requirement
GGOCC-00115,GGSKILL-00174,data/processed/prism_education_career/occupation_to_skill.csv,ESSENTIAL,,1.0,PRISM Synthetic Graph Mapping,Core role requirement
GGOCC-00115,GGSKILL-232116,data/processed/prism_education_career/occupation_to_skill.csv,ESSENTIAL,,1.0,PRISM Synthetic Graph Mapping,Core role requirement
GGOCC-00115,GGSKILL-148796,data/processed/prism_education_career/occupation_to_skill.csv,OPTIONAL,,1.0,PRISM Synthetic Graph Mapping,Core role requirement
GGOCC-00115,GGSKILL-15783,data/processed/prism_education_career/occupation_to_skill.csv,ESSENTIAL,,1.0,PRISM Synthetic Graph Mapping,Core role requirement
GGOCC-00115,GGSKILL-39417,data/processed/prism_education_career/occupation_to_skill.csv,ESSENTIAL,,1.0,PRISM Synthetic Graph Mapping,Core role requirement
GGOCC-00115,GGSKILL-00144,data/processed/prism_education_career/occupation_to_skill.csv,OPTIONAL,,1.0,PRISM Synthetic Graph Mapping,Core role requirement
GGOCC-00115,GGSKILL-118937,data/processed/prism_education_career/occupation_to_skill.csv,OPTIONAL,,1.0,PRISM Synthetic Graph Mapping,Core role requirement
GGOCC-00115,GGSKILL-53741,data/processed/prism_education_career/occupation_to_skill.csv,ESSENTIAL,,1.0,PRISM Synthetic Graph Mapping,Core role requirement
GGOCC-00115,GGSKILL-00174,data/processed/prism_education_career/occupation_to_skill.csv,ESSENTIAL,,1.0,PRISM Synthetic Graph Mapping,Core role requirement
GGOCC-00115,GGSKILL-232116,data/processed/prism_education_career/occupation_to_skill.csv,ESSENTIAL,,1.0,PRISM Synthetic Graph Mapping,Core role requirement
GGOCC-00115,GGSKILL-148796,data/processed/prism_education_career/occupation_to_skill.csv,OPTIONAL,,1.0,PRISM Synthetic Graph Mapping,Core role requirement
GGOCC-00115,GGSKILL-15783,data/processed/prism_education_career/occupation_to_skill.csv,ESSENTIAL,,1.0,PRISM Synthetic Graph Mapping,Core role requirement
GGOCC-00115,GGSKILL-39417,data/processed/prism_education_career/occupation_to_skill.csv,ESSENTIAL,,1.0,PRISM Synthetic Graph Mapping,Core role requirement
GGOCC-00115,GGSKILL-00144,data/processed/prism_education_career/occupation_to_skill.csv,OPTIONAL,,1.0,PRISM Synthetic Graph Mapping,Core role requirement
GGOCC-00085,GGSKILL-118937,data/processed/prism_education_career/occupation_to_skill.csv,OPTIONAL,,1.0,PRISM Synthetic Graph Mapping,Core role requirement
GGOCC-00085,GGSKILL-53741,data/processed/prism_education_career/occupation_to_skill.csv,ESSENTIAL,,1.0,PRISM Synthetic Graph Mapping,Core role requirement
GGOCC-00085,GGSKILL-00174,data/processed/prism_education_career/occupation_to_skill.csv,ESSENTIAL,,1.0,PRISM Synthetic Graph Mapping,Core role requirement
GGOCC-00085,GGSKILL-232116,data/processed/prism_education_career/occupation_to_skill.csv,ESSENTIAL,,1.0,PRISM Synthetic Graph Mapping,Core role requirement
GGOCC-00085,GGSKILL-148796,data/processed/prism_education_career/occupation_to_skill.csv,OPTIONAL,,1.0,PRISM Synthetic Graph Mapping,Core role requirement
GGOCC-00085,GGSKILL-15783,data/processed/prism_education_career/occupation_to_skill.csv,ESSENTIAL,,1.0,PRISM Synthetic Graph Mapping,Core role requirement
GGOCC-00085,GGSKILL-39417,data/processed/prism_education_career/occupation_to_skill.csv,ESSENTIAL,,1.0,PRISM Synthetic Graph Mapping,Core role requirement
GGOCC-00085,GGSKILL-00144,data/processed/prism_education_career/occupation_to_skill.csv,OPTIONAL,,1.0,PRISM Synthetic Graph Mapping,Core role requirement
GGOCC-00138,GGSKILL-00280,data/processed/prism_education_career/occupation_to_skill.csv,ESSENTIAL,,1.0,PRISM Synthetic Graph Mapping,Core role requirement
GGOCC-00138,GGSKILL-00327,data/processed/prism_education_career/occupation_to_skill.csv,ESSENTIAL,,1.0,PRISM Synthetic Graph Mapping,Core role requirement
GGOCC-00138,GGSKILL-00392,data/processed/prism_education_career/occupation_to_skill.csv,ESSENTIAL,,1.0,PRISM Synthetic Graph Mapping,Core role requirement
GGOCC-00138,GGSKILL-87107,data/processed/prism_education_career/occupation_to_skill.csv,ESSENTIAL,,1.0,PRISM Synthetic Graph Mapping,Core role requirement
GGOCC-00138,GGSKILL-103319,data/processed/prism_education_career/occupation_to_skill.csv,ESSENTIAL,,1.0,PRISM Synthetic Graph Mapping,Core role requirement
GGOCC-00138,GGSKILL-00020,data/processed/prism_education_career/occupation_to_skill.csv,ESSENTIAL,,1.0,PRISM Synthetic Graph Mapping,Core role requirement
GGOCC-00138,GGSKILL-236577,data/processed/prism_education_career/occupation_to_skill.csv,OPTIONAL,,1.0,PRISM Synthetic Graph Mapping,Core role requirement
GGOCC-00138,GGSKILL-39417,data/processed/prism_education_career/occupation_to_skill.csv,ESSENTIAL,,1.0,PRISM Synthetic Graph Mapping,Core role requirement
GGOCC-00138,GGSKILL-00144,data/processed/prism_education_career/occupation_to_skill.csv,OPTIONAL,,1.0,PRISM Synthetic Graph Mapping,Core role requirement
GGOCC-00155,GGSKILL-118937,data/processed/prism_education_career/occupation_to_skill.csv,OPTIONAL,,1.0,PRISM Synthetic Graph Mapping,Core role requirement
GGOCC-00155,GGSKILL-53741,data/processed/prism_education_career/occupation_to_skill.csv,ESSENTIAL,,1.0,PRISM Synthetic Graph Mapping,Core role requirement
GGOCC-00155,GGSKILL-00174,data/processed/prism_education_career/occupation_to_skill.csv,ESSENTIAL,,1.0,PRISM Synthetic Graph Mapping,Core role requirement
GGOCC-00155,GGSKILL-232116,data/processed/prism_education_career/occupation_to_skill.csv,ESSENTIAL,,1.0,PRISM Synthetic Graph Mapping,Core role requirement
GGOCC-00155,GGSKILL-148796,data/processed/prism_education_career/occupation_to_skill.csv,OPTIONAL,,1.0,PRISM Synthetic Graph Mapping,Core role requirement
GGOCC-00155,GGSKILL-15783,data/processed/prism_education_career/occupation_to_skill.csv,ESSENTIAL,,1.0,PRISM Synthetic Graph Mapping,Core role requirement
GGOCC-00155,GGSKILL-39417,data/processed/prism_education_career/occupation_to_skill.csv,ESSENTIAL,,1.0,PRISM Synthetic Graph Mapping,Core role requirement
GGOCC-00155,GGSKILL-00144,data/processed/prism_education_career/occupation_to_skill.csv,OPTIONAL,,1.0,PRISM Synthetic Graph Mapping,Core role requirement
GGOCC-00156,GGSKILL-00153,data/processed/prism_education_career/occupation_to_skill.csv,ESSENTIAL,,1.0,PRISM Synthetic Graph Mapping,Core role requirement
GGOCC-00156,GGSKILL-34106,data/processed/prism_education_career/occupation_to_skill.csv,ESSENTIAL,,1.0,PRISM Synthetic Graph Mapping,Core role requirement
GGOCC-00156,GGSKILL-00181,data/processed/prism_education_career/occupation_to_skill.csv,ESSENTIAL,,1.0,PRISM Synthetic Graph Mapping,Core role requirement
GGOCC-00156,GGSKILL-47464,data/processed/prism_education_career/occupation_to_skill.csv,ESSENTIAL,,1.0,PRISM Synthetic Graph Mapping,Core role requirement
GGOCC-00156,GGSKILL-15101,data/processed/prism_education_career/occupation_to_skill.csv,ESSENTIAL,,1.0,PRISM Synthetic Graph Mapping,Core role requirement
GGOCC-00156,GGSKILL-00223,data/processed/prism_education_career/occupation_to_skill.csv,ESSENTIAL,,1.0,PRISM Synthetic Graph Mapping,Core role requirement
GGOCC-00156,GGSKILL-00144,data/processed/prism_education_career/occupation_to_skill.csv,ESSENTIAL,,1.0,PRISM Synthetic Graph Mapping,Core role requirement
GGOCC-00156,GGSKILL-00134,data/processed/prism_education_career/occupation_to_skill.csv,OPTIONAL,,1.0,PRISM Synthetic Graph Mapping,Core role requirement
GGOCC-00156,GGSKILL-00418,data/processed/prism_education_career/occupation_to_skill.csv,ESSENTIAL,,1.0,PRISM Synthetic Graph Mapping,Core role requirement
GGOCC-00156,GGSKILL-39417,data/processed/prism_education_career/occupation_to_skill.csv,OPTIONAL,,1.0,PRISM Synthetic Graph Mapping,Core role requirement
GGOCC-00209,GGSKILL-118937,data/processed/prism_education_career/occupation_to_skill.csv,OPTIONAL,,1.0,PRISM Synthetic Graph Mapping,Core role requirement
GGOCC-00209,GGSKILL-53741,data/processed/prism_education_career/occupation_to_skill.csv,ESSENTIAL,,1.0,PRISM Synthetic Graph Mapping,Core role requirement
GGOCC-00209,GGSKILL-00174,data/processed/prism_education_career/occupation_to_skill.csv,ESSENTIAL,,1.0,PRISM Synthetic Graph Mapping,Core role requirement
GGOCC-00209,GGSKILL-232116,data/processed/prism_education_career/occupation_to_skill.csv,ESSENTIAL,,1.0,PRISM Synthetic Graph Mapping,Core role requirement
GGOCC-00209,GGSKILL-148796,data/processed/prism_education_career/occupation_to_skill.csv,OPTIONAL,,1.0,PRISM Synthetic Graph Mapping,Core role requirement
GGOCC-00209,GGSKILL-15783,data/processed/prism_education_career/occupation_to_skill.csv,ESSENTIAL,,1.0,PRISM Synthetic Graph Mapping,Core role requirement
GGOCC-00209,GGSKILL-39417,data/processed/prism_education_career/occupation_to_skill.csv,ESSENTIAL,,1.0,PRISM Synthetic Graph Mapping,Core role requirement
GGOCC-00209,GGSKILL-00144,data/processed/prism_education_career/occupation_to_skill.csv,OPTIONAL,,1.0,PRISM Synthetic Graph Mapping,Core role requirement
GGOCC-00017,GGSKILL-198577,data/processed/prism_education_career/occupation_to_skill.csv,ESSENTIAL,,1.0,PRISM Synthetic Graph Mapping,Core role requirement
GGOCC-00017,GGSKILL-15871,data/processed/prism_education_career/occupation_to_skill.csv,ESSENTIAL,,1.0,PRISM Synthetic Graph Mapping,Core role requirement
GGOCC-00017,GGSKILL-88078,data/processed/prism_education_career/occupation_to_skill.csv,ESSENTIAL,,1.0,PRISM Synthetic Graph Mapping,Core role requirement
GGOCC-00017,GGSKILL-00128,data/processed/prism_education_career/occupation_to_skill.csv,ESSENTIAL,,1.0,PRISM Synthetic Graph Mapping,Core role requirement
GGOCC-00017,GGSKILL-00358,data/processed/prism_education_career/occupation_to_skill.csv,ESSENTIAL,,1.0,PRISM Synthetic Graph Mapping,Core role requirement
GGOCC-00017,GGSKILL-75265,data/processed/prism_education_career/occupation_to_skill.csv,ESSENTIAL,,1.0,PRISM Synthetic Graph Mapping,Core role requirement
GGOCC-00017,GGSKILL-25330,data/processed/prism_education_career/occupation_to_skill.csv,OPTIONAL,,1.0,PRISM Synthetic Graph Mapping,Core role requirement
GGOCC-00017,GGSKILL-34763,data/processed/prism_education_career/occupation_to_skill.csv,OPTIONAL,,1.0,PRISM Synthetic Graph Mapping,Core role requirement
GGOCC-00017,GGSKILL-00144,data/processed/prism_education_career/occupation_to_skill.csv,OPTIONAL,,1.0,PRISM Synthetic Graph Mapping,Core role requirement
GGOCC-00017,GGSKILL-198577,data/processed/prism_education_career/occupation_to_skill.csv,ESSENTIAL,,1.0,PRISM Synthetic Graph Mapping,Core role requirement
GGOCC-00017,GGSKILL-15871,data/processed/prism_education_career/occupation_to_skill.csv,ESSENTIAL,,1.0,PRISM Synthetic Graph Mapping,Core role requirement
GGOCC-00017,GGSKILL-88078,data/processed/prism_education_career/occupation_to_skill.csv,ESSENTIAL,,1.0,PRISM Synthetic Graph Mapping,Core role requirement
GGOCC-00017,GGSKILL-00128,data/processed/prism_education_career/occupation_to_skill.csv,ESSENTIAL,,1.0,PRISM Synthetic Graph Mapping,Core role requirement
GGOCC-00017,GGSKILL-00358,data/processed/prism_education_career/occupation_to_skill.csv,ESSENTIAL,,1.0,PRISM Synthetic Graph Mapping,Core role requirement
GGOCC-00017,GGSKILL-75265,data/processed/prism_education_career/occupation_to_skill.csv,ESSENTIAL,,1.0,PRISM Synthetic Graph Mapping,Core role requirement
GGOCC-00017,GGSKILL-25330,data/processed/prism_education_career/occupation_to_skill.csv,OPTIONAL,,1.0,PRISM Synthetic Graph Mapping,Core role requirement
GGOCC-00017,GGSKILL-34763,data/processed/prism_education_career/occupation_to_skill.csv,OPTIONAL,,1.0,PRISM Synthetic Graph Mapping,Core role requirement
GGOCC-00017,GGSKILL-00144,data/processed/prism_education_career/occupation_to_skill.csv,OPTIONAL,,1.0,PRISM Synthetic Graph Mapping,Core role requirement
GGOCC-00222,GGSKILL-198577,data/processed/prism_education_career/occupation_to_skill.csv,ESSENTIAL,,1.0,PRISM Synthetic Graph Mapping,Core role requirement
GGOCC-00222,GGSKILL-15871,data/processed/prism_education_career/occupation_to_skill.csv,ESSENTIAL,,1.0,PRISM Synthetic Graph Mapping,Core role requirement
GGOCC-00222,GGSKILL-88078,data/processed/prism_education_career/occupation_to_skill.csv,ESSENTIAL,,1.0,PRISM Synthetic Graph Mapping,Core role requirement
GGOCC-00222,GGSKILL-00128,data/processed/prism_education_career/occupation_to_skill.csv,ESSENTIAL,,1.0,PRISM Synthetic Graph Mapping,Core role requirement
GGOCC-00222,GGSKILL-00358,data/processed/prism_education_career/occupation_to_skill.csv,ESSENTIAL,,1.0,PRISM Synthetic Graph Mapping,Core role requirement
GGOCC-00222,GGSKILL-75265,data/processed/prism_education_career/occupation_to_skill.csv,ESSENTIAL,,1.0,PRISM Synthetic Graph Mapping,Core role requirement
GGOCC-00222,GGSKILL-25330,data/processed/prism_education_career/occupation_to_skill.csv,OPTIONAL,,1.0,PRISM Synthetic Graph Mapping,Core role requirement
GGOCC-00222,GGSKILL-34763,data/processed/prism_education_career/occupation_to_skill.csv,OPTIONAL,,1.0,PRISM Synthetic Graph Mapping,Core role requirement
GGOCC-00222,GGSKILL-00144,data/processed/prism_education_career/occupation_to_skill.csv,OPTIONAL,,1.0,PRISM Synthetic Graph Mapping,Core role requirement
GGOCC-00222,GGSKILL-198577,data/processed/prism_education_career/occupation_to_skill.csv,ESSENTIAL,,1.0,PRISM Synthetic Graph Mapping,Core role requirement
GGOCC-00222,GGSKILL-15871,data/processed/prism_education_career/occupation_to_skill.csv,ESSENTIAL,,1.0,PRISM Synthetic Graph Mapping,Core role requirement
GGOCC-00222,GGSKILL-88078,data/processed/prism_education_career/occupation_to_skill.csv,ESSENTIAL,,1.0,PRISM Synthetic Graph Mapping,Core role requirement
GGOCC-00222,GGSKILL-00128,data/processed/prism_education_career/occupation_to_skill.csv,ESSENTIAL,,1.0,PRISM Synthetic Graph Mapping,Core role requirement
GGOCC-00222,GGSKILL-00358,data/processed/prism_education_career/occupation_to_skill.csv,ESSENTIAL,,1.0,PRISM Synthetic Graph Mapping,Core role requirement
GGOCC-00222,GGSKILL-75265,data/processed/prism_education_career/occupation_to_skill.csv,ESSENTIAL,,1.0,PRISM Synthetic Graph Mapping,Core role requirement
GGOCC-00222,GGSKILL-25330,data/processed/prism_education_career/occupation_to_skill.csv,OPTIONAL,,1.0,PRISM Synthetic Graph Mapping,Core role requirement
GGOCC-00222,GGSKILL-34763,data/processed/prism_education_career/occupation_to_skill.csv,OPTIONAL,,1.0,PRISM Synthetic Graph Mapping,Core role requirement
GGOCC-00222,GGSKILL-00144,data/processed/prism_education_career/occupation_to_skill.csv,OPTIONAL,,1.0,PRISM Synthetic Graph Mapping,Core role requirement
GGOCC-00015,GGSKILL-198577,data/processed/prism_education_career/occupation_to_skill.csv,ESSENTIAL,,1.0,PRISM Synthetic Graph Mapping,Core role requirement
GGOCC-00015,GGSKILL-15871,data/processed/prism_education_career/occupation_to_skill.csv,ESSENTIAL,,1.0,PRISM Synthetic Graph Mapping,Core role requirement
GGOCC-00015,GGSKILL-88078,data/processed/prism_education_career/occupation_to_skill.csv,ESSENTIAL,,1.0,PRISM Synthetic Graph Mapping,Core role requirement
GGOCC-00015,GGSKILL-00128,data/processed/prism_education_career/occupation_to_skill.csv,ESSENTIAL,,1.0,PRISM Synthetic Graph Mapping,Core role requirement
GGOCC-00015,GGSKILL-00358,data/processed/prism_education_career/occupation_to_skill.csv,ESSENTIAL,,1.0,PRISM Synthetic Graph Mapping,Core role requirement
GGOCC-00015,GGSKILL-75265,data/processed/prism_education_career/occupation_to_skill.csv,ESSENTIAL,,1.0,PRISM Synthetic Graph Mapping,Core role requirement
GGOCC-00015,GGSKILL-25330,data/processed/prism_education_career/occupation_to_skill.csv,OPTIONAL,,1.0,PRISM Synthetic Graph Mapping,Core role requirement
GGOCC-00015,GGSKILL-34763,data/processed/prism_education_career/occupation_to_skill.csv,OPTIONAL,,1.0,PRISM Synthetic Graph Mapping,Core role requirement
GGOCC-00015,GGSKILL-00144,data/processed/prism_education_career/occupation_to_skill.csv,OPTIONAL,,1.0,PRISM Synthetic Graph Mapping,Core role requirement
GGOCC-00015,GGSKILL-198577,data/processed/prism_education_career/occupation_to_skill.csv,ESSENTIAL,,1.0,PRISM Synthetic Graph Mapping,Core role requirement
GGOCC-00015,GGSKILL-15871,data/processed/prism_education_career/occupation_to_skill.csv,ESSENTIAL,,1.0,PRISM Synthetic Graph Mapping,Core role requirement
GGOCC-00015,GGSKILL-88078,data/processed/prism_education_career/occupation_to_skill.csv,ESSENTIAL,,1.0,PRISM Synthetic Graph Mapping,Core role requirement
GGOCC-00015,GGSKILL-00128,data/processed/prism_education_career/occupation_to_skill.csv,ESSENTIAL,,1.0,PRISM Synthetic Graph Mapping,Core role requirement
GGOCC-00015,GGSKILL-00358,data/processed/prism_education_career/occupation_to_skill.csv,ESSENTIAL,,1.0,PRISM Synthetic Graph Mapping,Core role requirement
GGOCC-00015,GGSKILL-75265,data/processed/prism_education_career/occupation_to_skill.csv,ESSENTIAL,,1.0,PRISM Synthetic Graph Mapping,Core role requirement
GGOCC-00015,GGSKILL-25330,data/processed/prism_education_career/occupation_to_skill.csv,OPTIONAL,,1.0,PRISM Synthetic Graph Mapping,Core role requirement
GGOCC-00015,GGSKILL-34763,data/processed/prism_education_career/occupation_to_skill.csv,OPTIONAL,,1.0,PRISM Synthetic Graph Mapping,Core role requirement
GGOCC-00015,GGSKILL-00144,data/processed/prism_education_career/occupation_to_skill.csv,OPTIONAL,,1.0,PRISM Synthetic Graph Mapping,Core role requirement
GGOCC-00015,GGSKILL-198577,data/processed/prism_education_career/occupation_to_skill.csv,ESSENTIAL,,1.0,PRISM Synthetic Graph Mapping,Core role requirement
GGOCC-00015,GGSKILL-15871,data/processed/prism_education_career/occupation_to_skill.csv,ESSENTIAL,,1.0,PRISM Synthetic Graph Mapping,Core role requirement
GGOCC-00015,GGSKILL-88078,data/processed/prism_education_career/occupation_to_skill.csv,ESSENTIAL,,1.0,PRISM Synthetic Graph Mapping,Core role requirement
GGOCC-00015,GGSKILL-00128,data/processed/prism_education_career/occupation_to_skill.csv,ESSENTIAL,,1.0,PRISM Synthetic Graph Mapping,Core role requirement
GGOCC-00015,GGSKILL-00358,data/processed/prism_education_career/occupation_to_skill.csv,ESSENTIAL,,1.0,PRISM Synthetic Graph Mapping,Core role requirement
GGOCC-00015,GGSKILL-75265,data/processed/prism_education_career/occupation_to_skill.csv,ESSENTIAL,,1.0,PRISM Synthetic Graph Mapping,Core role requirement
GGOCC-00015,GGSKILL-25330,data/processed/prism_education_career/occupation_to_skill.csv,OPTIONAL,,1.0,PRISM Synthetic Graph Mapping,Core role requirement
GGOCC-00015,GGSKILL-34763,data/processed/prism_education_career/occupation_to_skill.csv,OPTIONAL,,1.0,PRISM Synthetic Graph Mapping,Core role requirement
GGOCC-00015,GGSKILL-00144,data/processed/prism_education_career/occupation_to_skill.csv,OPTIONAL,,1.0,PRISM Synthetic Graph Mapping,Core role requirement
GGOCC-00128,GGSKILL-198577,data/processed/prism_education_career/occupation_to_skill.csv,ESSENTIAL,,1.0,PRISM Synthetic Graph Mapping,Core role requirement
GGOCC-00128,GGSKILL-15871,data/processed/prism_education_career/occupation_to_skill.csv,ESSENTIAL,,1.0,PRISM Synthetic Graph Mapping,Core role requirement
GGOCC-00128,GGSKILL-88078,data/processed/prism_education_career/occupation_to_skill.csv,ESSENTIAL,,1.0,PRISM Synthetic Graph Mapping,Core role requirement
GGOCC-00128,GGSKILL-00128,data/processed/prism_education_career/occupation_to_skill.csv,ESSENTIAL,,1.0,PRISM Synthetic Graph Mapping,Core role requirement
GGOCC-00128,GGSKILL-00358,data/processed/prism_education_career/occupation_to_skill.csv,ESSENTIAL,,1.0,PRISM Synthetic Graph Mapping,Core role requirement
GGOCC-00128,GGSKILL-75265,data/processed/prism_education_career/occupation_to_skill.csv,ESSENTIAL,,1.0,PRISM Synthetic Graph Mapping,Core role requirement
GGOCC-00128,GGSKILL-25330,data/processed/prism_education_career/occupation_to_skill.csv,OPTIONAL,,1.0,PRISM Synthetic Graph Mapping,Core role requirement
GGOCC-00128,GGSKILL-34763,data/processed/prism_education_career/occupation_to_skill.csv,OPTIONAL,,1.0,PRISM Synthetic Graph Mapping,Core role requirement
GGOCC-00128,GGSKILL-00144,data/processed/prism_education_career/occupation_to_skill.csv,OPTIONAL,,1.0,PRISM Synthetic Graph Mapping,Core role requirement
GGOCC-00128,GGSKILL-198577,data/processed/prism_education_career/occupation_to_skill.csv,ESSENTIAL,,1.0,PRISM Synthetic Graph Mapping,Core role requirement
GGOCC-00128,GGSKILL-15871,data/processed/prism_education_career/occupation_to_skill.csv,ESSENTIAL,,1.0,PRISM Synthetic Graph Mapping,Core role requirement
GGOCC-00128,GGSKILL-88078,data/processed/prism_education_career/occupation_to_skill.csv,ESSENTIAL,,1.0,PRISM Synthetic Graph Mapping,Core role requirement
GGOCC-00128,GGSKILL-00128,data/processed/prism_education_career/occupation_to_skill.csv,ESSENTIAL,,1.0,PRISM Synthetic Graph Mapping,Core role requirement
GGOCC-00128,GGSKILL-00358,data/processed/prism_education_career/occupation_to_skill.csv,ESSENTIAL,,1.0,PRISM Synthetic Graph Mapping,Core role requirement
GGOCC-00128,GGSKILL-75265,data/processed/prism_education_career/occupation_to_skill.csv,ESSENTIAL,,1.0,PRISM Synthetic Graph Mapping,Core role requirement
GGOCC-00128,GGSKILL-25330,data/processed/prism_education_career/occupation_to_skill.csv,OPTIONAL,,1.0,PRISM Synthetic Graph Mapping,Core role requirement
GGOCC-00128,GGSKILL-34763,data/processed/prism_education_career/occupation_to_skill.csv,OPTIONAL,,1.0,PRISM Synthetic Graph Mapping,Core role requirement
GGOCC-00128,GGSKILL-00144,data/processed/prism_education_career/occupation_to_skill.csv,OPTIONAL,,1.0,PRISM Synthetic Graph Mapping,Core role requirement
GGOCC-00284,GGSKILL-198577,data/processed/prism_education_career/occupation_to_skill.csv,ESSENTIAL,,1.0,PRISM Synthetic Graph Mapping,Core role requirement
GGOCC-00284,GGSKILL-15871,data/processed/prism_education_career/occupation_to_skill.csv,ESSENTIAL,,1.0,PRISM Synthetic Graph Mapping,Core role requirement
GGOCC-00284,GGSKILL-88078,data/processed/prism_education_career/occupation_to_skill.csv,ESSENTIAL,,1.0,PRISM Synthetic Graph Mapping,Core role requirement
GGOCC-00284,GGSKILL-00128,data/processed/prism_education_career/occupation_to_skill.csv,ESSENTIAL,,1.0,PRISM Synthetic Graph Mapping,Core role requirement
GGOCC-00284,GGSKILL-00358,data/processed/prism_education_career/occupation_to_skill.csv,ESSENTIAL,,1.0,PRISM Synthetic Graph Mapping,Core role requirement
GGOCC-00284,GGSKILL-75265,data/processed/prism_education_career/occupation_to_skill.csv,ESSENTIAL,,1.0,PRISM Synthetic Graph Mapping,Core role requirement
GGOCC-00284,GGSKILL-25330,data/processed/prism_education_career/occupation_to_skill.csv,OPTIONAL,,1.0,PRISM Synthetic Graph Mapping,Core role requirement
GGOCC-00284,GGSKILL-34763,data/processed/prism_education_career/occupation_to_skill.csv,OPTIONAL,,1.0,PRISM Synthetic Graph Mapping,Core role requirement
GGOCC-00284,GGSKILL-00144,data/processed/prism_education_career/occupation_to_skill.csv,OPTIONAL,,1.0,PRISM Synthetic Graph Mapping,Core role requirement
GGOCC-00266,GGSKILL-181391,data/processed/prism_education_career/occupation_to_skill.csv,ESSENTIAL,,1.0,PRISM Synthetic Graph Mapping,Core role requirement
GGOCC-00266,GGSKILL-14436,data/processed/prism_education_career/occupation_to_skill.csv,ESSENTIAL,,1.0,PRISM Synthetic Graph Mapping,Core role requirement
GGOCC-00266,GGSKILL-64515,data/processed/prism_education_career/occupation_to_skill.csv,ESSENTIAL,,1.0,PRISM Synthetic Graph Mapping,Core role requirement
GGOCC-00266,GGSKILL-231458,data/processed/prism_education_career/occupation_to_skill.csv,ESSENTIAL,,1.0,PRISM Synthetic Graph Mapping,Core role requirement
GGOCC-00266,GGSKILL-00365,data/processed/prism_education_career/occupation_to_skill.csv,ESSENTIAL,,1.0,PRISM Synthetic Graph Mapping,Core role requirement
GGOCC-00266,GGSKILL-00103,data/processed/prism_education_career/occupation_to_skill.csv,OPTIONAL,,1.0,PRISM Synthetic Graph Mapping,Core role requirement
GGOCC-00266,GGSKILL-48111,data/processed/prism_education_career/occupation_to_skill.csv,ESSENTIAL,,1.0,PRISM Synthetic Graph Mapping,Core role requirement
GGOCC-00266,GGSKILL-236577,data/processed/prism_education_career/occupation_to_skill.csv,ESSENTIAL,,1.0,PRISM Synthetic Graph Mapping,Core role requirement
GGOCC-00266,GGSKILL-39417,data/processed/prism_education_career/occupation_to_skill.csv,OPTIONAL,,1.0,PRISM Synthetic Graph Mapping,Core role requirement
GGOCC-00266,GGSKILL-181391,data/processed/prism_education_career/occupation_to_skill.csv,ESSENTIAL,,1.0,PRISM Synthetic Graph Mapping,Core role requirement
GGOCC-00266,GGSKILL-14436,data/processed/prism_education_career/occupation_to_skill.csv,ESSENTIAL,,1.0,PRISM Synthetic Graph Mapping,Core role requirement
GGOCC-00266,GGSKILL-64515,data/processed/prism_education_career/occupation_to_skill.csv,ESSENTIAL,,1.0,PRISM Synthetic Graph Mapping,Core role requirement
GGOCC-00266,GGSKILL-231458,data/processed/prism_education_career/occupation_to_skill.csv,ESSENTIAL,,1.0,PRISM Synthetic Graph Mapping,Core role requirement
GGOCC-00266,GGSKILL-00365,data/processed/prism_education_career/occupation_to_skill.csv,ESSENTIAL,,1.0,PRISM Synthetic Graph Mapping,Core role requirement
GGOCC-00266,GGSKILL-00103,data/processed/prism_education_career/occupation_to_skill.csv,OPTIONAL,,1.0,PRISM Synthetic Graph Mapping,Core role requirement
GGOCC-00266,GGSKILL-48111,data/processed/prism_education_career/occupation_to_skill.csv,ESSENTIAL,,1.0,PRISM Synthetic Graph Mapping,Core role requirement
GGOCC-00266,GGSKILL-236577,data/processed/prism_education_career/occupation_to_skill.csv,ESSENTIAL,,1.0,PRISM Synthetic Graph Mapping,Core role requirement
GGOCC-00266,GGSKILL-39417,data/processed/prism_education_career/occupation_to_skill.csv,OPTIONAL,,1.0,PRISM Synthetic Graph Mapping,Core role requirement
GGOCC-00124,GGSKILL-181391,data/processed/prism_education_career/occupation_to_skill.csv,ESSENTIAL,,1.0,PRISM Synthetic Graph Mapping,Core role requirement
GGOCC-00124,GGSKILL-14436,data/processed/prism_education_career/occupation_to_skill.csv,ESSENTIAL,,1.0,PRISM Synthetic Graph Mapping,Core role requirement
GGOCC-00124,GGSKILL-64515,data/processed/prism_education_career/occupation_to_skill.csv,ESSENTIAL,,1.0,PRISM Synthetic Graph Mapping,Core role requirement
GGOCC-00124,GGSKILL-231458,data/processed/prism_education_career/occupation_to_skill.csv,ESSENTIAL,,1.0,PRISM Synthetic Graph Mapping,Core role requirement
GGOCC-00124,GGSKILL-00365,data/processed/prism_education_career/occupation_to_skill.csv,ESSENTIAL,,1.0,PRISM Synthetic Graph Mapping,Core role requirement
GGOCC-00124,GGSKILL-00103,data/processed/prism_education_career/occupation_to_skill.csv,OPTIONAL,,1.0,PRISM Synthetic Graph Mapping,Core role requirement
GGOCC-00124,GGSKILL-48111,data/processed/prism_education_career/occupation_to_skill.csv,ESSENTIAL,,1.0,PRISM Synthetic Graph Mapping,Core role requirement
GGOCC-00124,GGSKILL-236577,data/processed/prism_education_career/occupation_to_skill.csv,ESSENTIAL,,1.0,PRISM Synthetic Graph Mapping,Core role requirement
GGOCC-00124,GGSKILL-39417,data/processed/prism_education_career/occupation_to_skill.csv,OPTIONAL,,1.0,PRISM Synthetic Graph Mapping,Core role requirement
GGOCC-00237,GGSKILL-181391,data/processed/prism_education_career/occupation_to_skill.csv,ESSENTIAL,,1.0,PRISM Synthetic Graph Mapping,Core role requirement
GGOCC-00237,GGSKILL-14436,data/processed/prism_education_career/occupation_to_skill.csv,ESSENTIAL,,1.0,PRISM Synthetic Graph Mapping,Core role requirement
GGOCC-00237,GGSKILL-64515,data/processed/prism_education_career/occupation_to_skill.csv,ESSENTIAL,,1.0,PRISM Synthetic Graph Mapping,Core role requirement
GGOCC-00237,GGSKILL-231458,data/processed/prism_education_career/occupation_to_skill.csv,ESSENTIAL,,1.0,PRISM Synthetic Graph Mapping,Core role requirement
GGOCC-00237,GGSKILL-00365,data/processed/prism_education_career/occupation_to_skill.csv,ESSENTIAL,,1.0,PRISM Synthetic Graph Mapping,Core role requirement
GGOCC-00237,GGSKILL-00103,data/processed/prism_education_career/occupation_to_skill.csv,OPTIONAL,,1.0,PRISM Synthetic Graph Mapping,Core role requirement
GGOCC-00237,GGSKILL-48111,data/processed/prism_education_career/occupation_to_skill.csv,ESSENTIAL,,1.0,PRISM Synthetic Graph Mapping,Core role requirement
GGOCC-00237,GGSKILL-236577,data/processed/prism_education_career/occupation_to_skill.csv,ESSENTIAL,,1.0,PRISM Synthetic Graph Mapping,Core role requirement
GGOCC-00237,GGSKILL-39417,data/processed/prism_education_career/occupation_to_skill.csv,OPTIONAL,,1.0,PRISM Synthetic Graph Mapping,Core role requirement
GGOCC-00306,GGSKILL-00153,data/processed/prism_education_career/occupation_to_skill.csv,ESSENTIAL,,1.0,PRISM Synthetic Graph Mapping,Core role requirement
GGOCC-00306,GGSKILL-34106,data/processed/prism_education_career/occupation_to_skill.csv,ESSENTIAL,,1.0,PRISM Synthetic Graph Mapping,Core role requirement
GGOCC-00306,GGSKILL-00181,data/processed/prism_education_career/occupation_to_skill.csv,ESSENTIAL,,1.0,PRISM Synthetic Graph Mapping,Core role requirement
GGOCC-00306,GGSKILL-47464,data/processed/prism_education_career/occupation_to_skill.csv,ESSENTIAL,,1.0,PRISM Synthetic Graph Mapping,Core role requirement
GGOCC-00306,GGSKILL-15101,data/processed/prism_education_career/occupation_to_skill.csv,ESSENTIAL,,1.0,PRISM Synthetic Graph Mapping,Core role requirement
GGOCC-00306,GGSKILL-00223,data/processed/prism_education_career/occupation_to_skill.csv,ESSENTIAL,,1.0,PRISM Synthetic Graph Mapping,Core role requirement
GGOCC-00306,GGSKILL-00144,data/processed/prism_education_career/occupation_to_skill.csv,ESSENTIAL,,1.0,PRISM Synthetic Graph Mapping,Core role requirement
GGOCC-00306,GGSKILL-00134,data/processed/prism_education_career/occupation_to_skill.csv,OPTIONAL,,1.0,PRISM Synthetic Graph Mapping,Core role requirement
GGOCC-00306,GGSKILL-00418,data/processed/prism_education_career/occupation_to_skill.csv,ESSENTIAL,,1.0,PRISM Synthetic Graph Mapping,Core role requirement
GGOCC-00306,GGSKILL-39417,data/processed/prism_education_career/occupation_to_skill.csv,OPTIONAL,,1.0,PRISM Synthetic Graph Mapping,Core role requirement
GGOCC-00312,GGSKILL-00280,data/processed/prism_education_career/occupation_to_skill.csv,ESSENTIAL,,1.0,PRISM Synthetic Graph Mapping,Core role requirement
GGOCC-00312,GGSKILL-00327,data/processed/prism_education_career/occupation_to_skill.csv,ESSENTIAL,,1.0,PRISM Synthetic Graph Mapping,Core role requirement
GGOCC-00312,GGSKILL-00392,data/processed/prism_education_career/occupation_to_skill.csv,ESSENTIAL,,1.0,PRISM Synthetic Graph Mapping,Core role requirement
GGOCC-00312,GGSKILL-87107,data/processed/prism_education_career/occupation_to_skill.csv,ESSENTIAL,,1.0,PRISM Synthetic Graph Mapping,Core role requirement
GGOCC-00312,GGSKILL-103319,data/processed/prism_education_career/occupation_to_skill.csv,ESSENTIAL,,1.0,PRISM Synthetic Graph Mapping,Core role requirement
GGOCC-00312,GGSKILL-00020,data/processed/prism_education_career/occupation_to_skill.csv,ESSENTIAL,,1.0,PRISM Synthetic Graph Mapping,Core role requirement
GGOCC-00312,GGSKILL-236577,data/processed/prism_education_career/occupation_to_skill.csv,OPTIONAL,,1.0,PRISM Synthetic Graph Mapping,Core role requirement
GGOCC-00312,GGSKILL-39417,data/processed/prism_education_career/occupation_to_skill.csv,ESSENTIAL,,1.0,PRISM Synthetic Graph Mapping,Core role requirement
GGOCC-00312,GGSKILL-00144,data/processed/prism_education_career/occupation_to_skill.csv,OPTIONAL,,1.0,PRISM Synthetic Graph Mapping,Core role requirement
GGOCC-00131,GGSKILL-00280,data/processed/prism_education_career/occupation_to_skill.csv,ESSENTIAL,,1.0,PRISM Synthetic Graph Mapping,Core role requirement
GGOCC-00131,GGSKILL-00327,data/processed/prism_education_career/occupation_to_skill.csv,ESSENTIAL,,1.0,PRISM Synthetic Graph Mapping,Core role requirement
GGOCC-00131,GGSKILL-00392,data/processed/prism_education_career/occupation_to_skill.csv,ESSENTIAL,,1.0,PRISM Synthetic Graph Mapping,Core role requirement
GGOCC-00131,GGSKILL-87107,data/processed/prism_education_career/occupation_to_skill.csv,ESSENTIAL,,1.0,PRISM Synthetic Graph Mapping,Core role requirement
GGOCC-00131,GGSKILL-103319,data/processed/prism_education_career/occupation_to_skill.csv,ESSENTIAL,,1.0,PRISM Synthetic Graph Mapping,Core role requirement
GGOCC-00131,GGSKILL-00020,data/processed/prism_education_career/occupation_to_skill.csv,ESSENTIAL,,1.0,PRISM Synthetic Graph Mapping,Core role requirement
GGOCC-00131,GGSKILL-236577,data/processed/prism_education_career/occupation_to_skill.csv,OPTIONAL,,1.0,PRISM Synthetic Graph Mapping,Core role requirement
GGOCC-00131,GGSKILL-39417,data/processed/prism_education_career/occupation_to_skill.csv,ESSENTIAL,,1.0,PRISM Synthetic Graph Mapping,Core role requirement
GGOCC-00131,GGSKILL-00144,data/processed/prism_education_career/occupation_to_skill.csv,OPTIONAL,,1.0,PRISM Synthetic Graph Mapping,Core role requirement
GGOCC-00269,GGSKILL-00280,data/processed/prism_education_career/occupation_to_skill.csv,ESSENTIAL,,1.0,PRISM Synthetic Graph Mapping,Core role requirement
GGOCC-00269,GGSKILL-00327,data/processed/prism_education_career/occupation_to_skill.csv,ESSENTIAL,,1.0,PRISM Synthetic Graph Mapping,Core role requirement
GGOCC-00269,GGSKILL-00392,data/processed/prism_education_career/occupation_to_skill.csv,ESSENTIAL,,1.0,PRISM Synthetic Graph Mapping,Core role requirement
GGOCC-00269,GGSKILL-87107,data/processed/prism_education_career/occupation_to_skill.csv,ESSENTIAL,,1.0,PRISM Synthetic Graph Mapping,Core role requirement
GGOCC-00269,GGSKILL-103319,data/processed/prism_education_career/occupation_to_skill.csv,ESSENTIAL,,1.0,PRISM Synthetic Graph Mapping,Core role requirement
GGOCC-00269,GGSKILL-00020,data/processed/prism_education_career/occupation_to_skill.csv,ESSENTIAL,,1.0,PRISM Synthetic Graph Mapping,Core role requirement
GGOCC-00269,GGSKILL-236577,data/processed/prism_education_career/occupation_to_skill.csv,OPTIONAL,,1.0,PRISM Synthetic Graph Mapping,Core role requirement
GGOCC-00269,GGSKILL-39417,data/processed/prism_education_career/occupation_to_skill.csv,ESSENTIAL,,1.0,PRISM Synthetic Graph Mapping,Core role requirement
GGOCC-00269,GGSKILL-00144,data/processed/prism_education_career/occupation_to_skill.csv,OPTIONAL,,1.0,PRISM Synthetic Graph Mapping,Core role requirement
GGOCC-00035,GGSKILL-00280,data/processed/prism_education_career/occupation_to_skill.csv,ESSENTIAL,,1.0,PRISM Synthetic Graph Mapping,Core role requirement
GGOCC-00035,GGSKILL-00327,data/processed/prism_education_career/occupation_to_skill.csv,ESSENTIAL,,1.0,PRISM Synthetic Graph Mapping,Core role requirement
GGOCC-00035,GGSKILL-00392,data/processed/prism_education_career/occupation_to_skill.csv,ESSENTIAL,,1.0,PRISM Synthetic Graph Mapping,Core role requirement
GGOCC-00035,GGSKILL-87107,data/processed/prism_education_career/occupation_to_skill.csv,ESSENTIAL,,1.0,PRISM Synthetic Graph Mapping,Core role requirement
GGOCC-00035,GGSKILL-103319,data/processed/prism_education_career/occupation_to_skill.csv,ESSENTIAL,,1.0,PRISM Synthetic Graph Mapping,Core role requirement
GGOCC-00035,GGSKILL-00020,data/processed/prism_education_career/occupation_to_skill.csv,ESSENTIAL,,1.0,PRISM Synthetic Graph Mapping,Core role requirement
GGOCC-00035,GGSKILL-236577,data/processed/prism_education_career/occupation_to_skill.csv,OPTIONAL,,1.0,PRISM Synthetic Graph Mapping,Core role requirement
GGOCC-00035,GGSKILL-39417,data/processed/prism_education_career/occupation_to_skill.csv,ESSENTIAL,,1.0,PRISM Synthetic Graph Mapping,Core role requirement
GGOCC-00035,GGSKILL-00144,data/processed/prism_education_career/occupation_to_skill.csv,OPTIONAL,,1.0,PRISM Synthetic Graph Mapping,Core role requirement
GGOCC-00026,GGSKILL-00280,data/processed/prism_education_career/occupation_to_skill.csv,ESSENTIAL,,1.0,PRISM Synthetic Graph Mapping,Core role requirement
GGOCC-00026,GGSKILL-00327,data/processed/prism_education_career/occupation_to_skill.csv,ESSENTIAL,,1.0,PRISM Synthetic Graph Mapping,Core role requirement
GGOCC-00026,GGSKILL-00392,data/processed/prism_education_career/occupation_to_skill.csv,ESSENTIAL,,1.0,PRISM Synthetic Graph Mapping,Core role requirement
GGOCC-00026,GGSKILL-87107,data/processed/prism_education_career/occupation_to_skill.csv,ESSENTIAL,,1.0,PRISM Synthetic Graph Mapping,Core role requirement
GGOCC-00026,GGSKILL-103319,data/processed/prism_education_career/occupation_to_skill.csv,ESSENTIAL,,1.0,PRISM Synthetic Graph Mapping,Core role requirement
GGOCC-00026,GGSKILL-00020,data/processed/prism_education_career/occupation_to_skill.csv,ESSENTIAL,,1.0,PRISM Synthetic Graph Mapping,Core role requirement
GGOCC-00026,GGSKILL-236577,data/processed/prism_education_career/occupation_to_skill.csv,OPTIONAL,,1.0,PRISM Synthetic Graph Mapping,Core role requirement
GGOCC-00026,GGSKILL-39417,data/processed/prism_education_career/occupation_to_skill.csv,ESSENTIAL,,1.0,PRISM Synthetic Graph Mapping,Core role requirement
GGOCC-00026,GGSKILL-00144,data/processed/prism_education_career/occupation_to_skill.csv,OPTIONAL,,1.0,PRISM Synthetic Graph Mapping,Core role requirement
GGOCC-00097,GGSKILL-00280,data/processed/prism_education_career/occupation_to_skill.csv,ESSENTIAL,,1.0,PRISM Synthetic Graph Mapping,Core role requirement
GGOCC-00097,GGSKILL-00327,data/processed/prism_education_career/occupation_to_skill.csv,ESSENTIAL,,1.0,PRISM Synthetic Graph Mapping,Core role requirement
GGOCC-00097,GGSKILL-00392,data/processed/prism_education_career/occupation_to_skill.csv,ESSENTIAL,,1.0,PRISM Synthetic Graph Mapping,Core role requirement
GGOCC-00097,GGSKILL-87107,data/processed/prism_education_career/occupation_to_skill.csv,ESSENTIAL,,1.0,PRISM Synthetic Graph Mapping,Core role requirement
GGOCC-00097,GGSKILL-103319,data/processed/prism_education_career/occupation_to_skill.csv,ESSENTIAL,,1.0,PRISM Synthetic Graph Mapping,Core role requirement
GGOCC-00097,GGSKILL-00020,data/processed/prism_education_career/occupation_to_skill.csv,ESSENTIAL,,1.0,PRISM Synthetic Graph Mapping,Core role requirement
GGOCC-00097,GGSKILL-236577,data/processed/prism_education_career/occupation_to_skill.csv,OPTIONAL,,1.0,PRISM Synthetic Graph Mapping,Core role requirement
GGOCC-00097,GGSKILL-39417,data/processed/prism_education_career/occupation_to_skill.csv,ESSENTIAL,,1.0,PRISM Synthetic Graph Mapping,Core role requirement
GGOCC-00097,GGSKILL-00144,data/processed/prism_education_career/occupation_to_skill.csv,OPTIONAL,,1.0,PRISM Synthetic Graph Mapping,Core role requirement
GGOCC-00326,GGSKILL-00280,data/processed/prism_education_career/occupation_to_skill.csv,ESSENTIAL,,1.0,PRISM Synthetic Graph Mapping,Core role requirement
GGOCC-00326,GGSKILL-00327,data/processed/prism_education_career/occupation_to_skill.csv,ESSENTIAL,,1.0,PRISM Synthetic Graph Mapping,Core role requirement
GGOCC-00326,GGSKILL-00392,data/processed/prism_education_career/occupation_to_skill.csv,ESSENTIAL,,1.0,PRISM Synthetic Graph Mapping,Core role requirement
GGOCC-00326,GGSKILL-87107,data/processed/prism_education_career/occupation_to_skill.csv,ESSENTIAL,,1.0,PRISM Synthetic Graph Mapping,Core role requirement
GGOCC-00326,GGSKILL-103319,data/processed/prism_education_career/occupation_to_skill.csv,ESSENTIAL,,1.0,PRISM Synthetic Graph Mapping,Core role requirement
GGOCC-00326,GGSKILL-00020,data/processed/prism_education_career/occupation_to_skill.csv,ESSENTIAL,,1.0,PRISM Synthetic Graph Mapping,Core role requirement
GGOCC-00326,GGSKILL-236577,data/processed/prism_education_career/occupation_to_skill.csv,OPTIONAL,,1.0,PRISM Synthetic Graph Mapping,Core role requirement
GGOCC-00326,GGSKILL-39417,data/processed/prism_education_career/occupation_to_skill.csv,ESSENTIAL,,1.0,PRISM Synthetic Graph Mapping,Core role requirement
GGOCC-00326,GGSKILL-00144,data/processed/prism_education_career/occupation_to_skill.csv,OPTIONAL,,1.0,PRISM Synthetic Graph Mapping,Core role requirement
GGOCC-01901,GGSKILL-00153,data/processed/prism_education_career/occupation_to_skill.csv,ESSENTIAL,,1.0,PRISM Synthetic Graph Mapping,Core role requirement
GGOCC-01901,GGSKILL-34106,data/processed/prism_education_career/occupation_to_skill.csv,ESSENTIAL,,1.0,PRISM Synthetic Graph Mapping,Core role requirement
GGOCC-01901,GGSKILL-00181,data/processed/prism_education_career/occupation_to_skill.csv,ESSENTIAL,,1.0,PRISM Synthetic Graph Mapping,Core role requirement
GGOCC-01901,GGSKILL-47464,data/processed/prism_education_career/occupation_to_skill.csv,ESSENTIAL,,1.0,PRISM Synthetic Graph Mapping,Core role requirement
GGOCC-01901,GGSKILL-15101,data/processed/prism_education_career/occupation_to_skill.csv,ESSENTIAL,,1.0,PRISM Synthetic Graph Mapping,Core role requirement
GGOCC-01901,GGSKILL-00223,data/processed/prism_education_career/occupation_to_skill.csv,ESSENTIAL,,1.0,PRISM Synthetic Graph Mapping,Core role requirement
GGOCC-01901,GGSKILL-00144,data/processed/prism_education_career/occupation_to_skill.csv,ESSENTIAL,,1.0,PRISM Synthetic Graph Mapping,Core role requirement
GGOCC-01901,GGSKILL-00134,data/processed/prism_education_career/occupation_to_skill.csv,OPTIONAL,,1.0,PRISM Synthetic Graph Mapping,Core role requirement
GGOCC-01901,GGSKILL-00418,data/processed/prism_education_career/occupation_to_skill.csv,ESSENTIAL,,1.0,PRISM Synthetic Graph Mapping,Core role requirement
GGOCC-01901,GGSKILL-39417,data/processed/prism_education_career/occupation_to_skill.csv,OPTIONAL,,1.0,PRISM Synthetic Graph Mapping,Core role requirement
GGOCC-00236,GGSKILL-00280,data/processed/prism_education_career/occupation_to_skill.csv,ESSENTIAL,,1.0,PRISM Synthetic Graph Mapping,Core role requirement
GGOCC-00236,GGSKILL-00327,data/processed/prism_education_career/occupation_to_skill.csv,ESSENTIAL,,1.0,PRISM Synthetic Graph Mapping,Core role requirement
GGOCC-00236,GGSKILL-00392,data/processed/prism_education_career/occupation_to_skill.csv,ESSENTIAL,,1.0,PRISM Synthetic Graph Mapping,Core role requirement
GGOCC-00236,GGSKILL-87107,data/processed/prism_education_career/occupation_to_skill.csv,ESSENTIAL,,1.0,PRISM Synthetic Graph Mapping,Core role requirement
GGOCC-00236,GGSKILL-103319,data/processed/prism_education_career/occupation_to_skill.csv,ESSENTIAL,,1.0,PRISM Synthetic Graph Mapping,Core role requirement
GGOCC-00236,GGSKILL-00020,data/processed/prism_education_career/occupation_to_skill.csv,ESSENTIAL,,1.0,PRISM Synthetic Graph Mapping,Core role requirement
GGOCC-00236,GGSKILL-236577,data/processed/prism_education_career/occupation_to_skill.csv,OPTIONAL,,1.0,PRISM Synthetic Graph Mapping,Core role requirement
GGOCC-00236,GGSKILL-39417,data/processed/prism_education_career/occupation_to_skill.csv,ESSENTIAL,,1.0,PRISM Synthetic Graph Mapping,Core role requirement
GGOCC-00236,GGSKILL-00144,data/processed/prism_education_career/occupation_to_skill.csv,OPTIONAL,,1.0,PRISM Synthetic Graph Mapping,Core role requirement
GGOCC-00257,GGSKILL-00280,data/processed/prism_education_career/occupation_to_skill.csv,ESSENTIAL,,1.0,PRISM Synthetic Graph Mapping,Core role requirement
GGOCC-00257,GGSKILL-00327,data/processed/prism_education_career/occupation_to_skill.csv,ESSENTIAL,,1.0,PRISM Synthetic Graph Mapping,Core role requirement
GGOCC-00257,GGSKILL-00392,data/processed/prism_education_career/occupation_to_skill.csv,ESSENTIAL,,1.0,PRISM Synthetic Graph Mapping,Core role requirement
GGOCC-00257,GGSKILL-87107,data/processed/prism_education_career/occupation_to_skill.csv,ESSENTIAL,,1.0,PRISM Synthetic Graph Mapping,Core role requirement
GGOCC-00257,GGSKILL-103319,data/processed/prism_education_career/occupation_to_skill.csv,ESSENTIAL,,1.0,PRISM Synthetic Graph Mapping,Core role requirement
GGOCC-00257,GGSKILL-00020,data/processed/prism_education_career/occupation_to_skill.csv,ESSENTIAL,,1.0,PRISM Synthetic Graph Mapping,Core role requirement
GGOCC-00257,GGSKILL-236577,data/processed/prism_education_career/occupation_to_skill.csv,OPTIONAL,,1.0,PRISM Synthetic Graph Mapping,Core role requirement
GGOCC-00257,GGSKILL-39417,data/processed/prism_education_career/occupation_to_skill.csv,ESSENTIAL,,1.0,PRISM Synthetic Graph Mapping,Core role requirement
GGOCC-00257,GGSKILL-00144,data/processed/prism_education_career/occupation_to_skill.csv,OPTIONAL,,1.0,PRISM Synthetic Graph Mapping,Core role requirement
GGOCC-00189,GGSKILL-00280,data/processed/prism_education_career/occupation_to_skill.csv,ESSENTIAL,,1.0,PRISM Synthetic Graph Mapping,Core role requirement
GGOCC-00189,GGSKILL-00327,data/processed/prism_education_career/occupation_to_skill.csv,ESSENTIAL,,1.0,PRISM Synthetic Graph Mapping,Core role requirement
GGOCC-00189,GGSKILL-00392,data/processed/prism_education_career/occupation_to_skill.csv,ESSENTIAL,,1.0,PRISM Synthetic Graph Mapping,Core role requirement
GGOCC-00189,GGSKILL-87107,data/processed/prism_education_career/occupation_to_skill.csv,ESSENTIAL,,1.0,PRISM Synthetic Graph Mapping,Core role requirement
GGOCC-00189,GGSKILL-103319,data/processed/prism_education_career/occupation_to_skill.csv,ESSENTIAL,,1.0,PRISM Synthetic Graph Mapping,Core role requirement
GGOCC-00189,GGSKILL-00020,data/processed/prism_education_career/occupation_to_skill.csv,ESSENTIAL,,1.0,PRISM Synthetic Graph Mapping,Core role requirement
GGOCC-00189,GGSKILL-236577,data/processed/prism_education_career/occupation_to_skill.csv,OPTIONAL,,1.0,PRISM Synthetic Graph Mapping,Core role requirement
GGOCC-00189,GGSKILL-39417,data/processed/prism_education_career/occupation_to_skill.csv,ESSENTIAL,,1.0,PRISM Synthetic Graph Mapping,Core role requirement
GGOCC-00189,GGSKILL-00144,data/processed/prism_education_career/occupation_to_skill.csv,OPTIONAL,,1.0,PRISM Synthetic Graph Mapping,Core role requirement
GGOCC-00173,GGSKILL-00280,data/processed/prism_education_career/occupation_to_skill.csv,ESSENTIAL,,1.0,PRISM Synthetic Graph Mapping,Core role requirement
GGOCC-00173,GGSKILL-00327,data/processed/prism_education_career/occupation_to_skill.csv,ESSENTIAL,,1.0,PRISM Synthetic Graph Mapping,Core role requirement
GGOCC-00173,GGSKILL-00392,data/processed/prism_education_career/occupation_to_skill.csv,ESSENTIAL,,1.0,PRISM Synthetic Graph Mapping,Core role requirement
GGOCC-00173,GGSKILL-87107,data/processed/prism_education_career/occupation_to_skill.csv,ESSENTIAL,,1.0,PRISM Synthetic Graph Mapping,Core role requirement
GGOCC-00173,GGSKILL-103319,data/processed/prism_education_career/occupation_to_skill.csv,ESSENTIAL,,1.0,PRISM Synthetic Graph Mapping,Core role requirement
GGOCC-00173,GGSKILL-00020,data/processed/prism_education_career/occupation_to_skill.csv,ESSENTIAL,,1.0,PRISM Synthetic Graph Mapping,Core role requirement
GGOCC-00173,GGSKILL-236577,data/processed/prism_education_career/occupation_to_skill.csv,OPTIONAL,,1.0,PRISM Synthetic Graph Mapping,Core role requirement
GGOCC-00173,GGSKILL-39417,data/processed/prism_education_career/occupation_to_skill.csv,ESSENTIAL,,1.0,PRISM Synthetic Graph Mapping,Core role requirement
GGOCC-00173,GGSKILL-00144,data/processed/prism_education_career/occupation_to_skill.csv,OPTIONAL,,1.0,PRISM Synthetic Graph Mapping,Core role requirement
GGOCC-00203,GGSKILL-00280,data/processed/prism_education_career/occupation_to_skill.csv,ESSENTIAL,,1.0,PRISM Synthetic Graph Mapping,Core role requirement
GGOCC-00203,GGSKILL-00327,data/processed/prism_education_career/occupation_to_skill.csv,ESSENTIAL,,1.0,PRISM Synthetic Graph Mapping,Core role requirement
GGOCC-00203,GGSKILL-00392,data/processed/prism_education_career/occupation_to_skill.csv,ESSENTIAL,,1.0,PRISM Synthetic Graph Mapping,Core role requirement
GGOCC-00203,GGSKILL-87107,data/processed/prism_education_career/occupation_to_skill.csv,ESSENTIAL,,1.0,PRISM Synthetic Graph Mapping,Core role requirement
GGOCC-00203,GGSKILL-103319,data/processed/prism_education_career/occupation_to_skill.csv,ESSENTIAL,,1.0,PRISM Synthetic Graph Mapping,Core role requirement
GGOCC-00203,GGSKILL-00020,data/processed/prism_education_career/occupation_to_skill.csv,ESSENTIAL,,1.0,PRISM Synthetic Graph Mapping,Core role requirement
GGOCC-00203,GGSKILL-236577,data/processed/prism_education_career/occupation_to_skill.csv,OPTIONAL,,1.0,PRISM Synthetic Graph Mapping,Core role requirement
GGOCC-00203,GGSKILL-39417,data/processed/prism_education_career/occupation_to_skill.csv,ESSENTIAL,,1.0,PRISM Synthetic Graph Mapping,Core role requirement
GGOCC-00203,GGSKILL-00144,data/processed/prism_education_career/occupation_to_skill.csv,OPTIONAL,,1.0,PRISM Synthetic Graph Mapping,Core role requirement
GGOCC-00224,GGSKILL-00008,data/processed/prism_education_career/occupation_to_skill.csv,ESSENTIAL,,1.0,PRISM Synthetic Graph Mapping,Core role requirement
GGOCC-00224,GGSKILL-00143,data/processed/prism_education_career/occupation_to_skill.csv,ESSENTIAL,,1.0,PRISM Synthetic Graph Mapping,Core role requirement
GGOCC-00224,GGSKILL-00145,data/processed/prism_education_career/occupation_to_skill.csv,ESSENTIAL,,1.0,PRISM Synthetic Graph Mapping,Core role requirement
GGOCC-00224,GGSKILL-00226,data/processed/prism_education_career/occupation_to_skill.csv,ESSENTIAL,,1.0,PRISM Synthetic Graph Mapping,Core role requirement
GGOCC-00224,GGSKILL-00359,data/processed/prism_education_career/occupation_to_skill.csv,OPTIONAL,,1.0,PRISM Synthetic Graph Mapping,Core role requirement
GGOCC-00224,GGSKILL-00139,data/processed/prism_education_career/occupation_to_skill.csv,ESSENTIAL,,1.0,PRISM Synthetic Graph Mapping,Core role requirement
GGOCC-00224,GGSKILL-00144,data/processed/prism_education_career/occupation_to_skill.csv,ESSENTIAL,,1.0,PRISM Synthetic Graph Mapping,Core role requirement
GGOCC-00224,GGSKILL-00159,data/processed/prism_education_career/occupation_to_skill.csv,ESSENTIAL,,1.0,PRISM Synthetic Graph Mapping,Core role requirement
GGOCC-00224,GGSKILL-00274,data/processed/prism_education_career/occupation_to_skill.csv,ESSENTIAL,,1.0,PRISM Synthetic Graph Mapping,Core role requirement
GGOCC-00224,GGSKILL-236577,data/processed/prism_education_career/occupation_to_skill.csv,ESSENTIAL,,1.0,PRISM Synthetic Graph Mapping,Core role requirement
GGOCC-00157,GGSKILL-00008,data/processed/prism_education_career/occupation_to_skill.csv,ESSENTIAL,,1.0,PRISM Synthetic Graph Mapping,Core role requirement
GGOCC-00157,GGSKILL-00143,data/processed/prism_education_career/occupation_to_skill.csv,ESSENTIAL,,1.0,PRISM Synthetic Graph Mapping,Core role requirement
GGOCC-00157,GGSKILL-00145,data/processed/prism_education_career/occupation_to_skill.csv,ESSENTIAL,,1.0,PRISM Synthetic Graph Mapping,Core role requirement
GGOCC-00157,GGSKILL-00226,data/processed/prism_education_career/occupation_to_skill.csv,ESSENTIAL,,1.0,PRISM Synthetic Graph Mapping,Core role requirement
GGOCC-00157,GGSKILL-00359,data/processed/prism_education_career/occupation_to_skill.csv,OPTIONAL,,1.0,PRISM Synthetic Graph Mapping,Core role requirement
GGOCC-00157,GGSKILL-00139,data/processed/prism_education_career/occupation_to_skill.csv,ESSENTIAL,,1.0,PRISM Synthetic Graph Mapping,Core role requirement
GGOCC-00157,GGSKILL-00144,data/processed/prism_education_career/occupation_to_skill.csv,ESSENTIAL,,1.0,PRISM Synthetic Graph Mapping,Core role requirement
GGOCC-00157,GGSKILL-00159,data/processed/prism_education_career/occupation_to_skill.csv,ESSENTIAL,,1.0,PRISM Synthetic Graph Mapping,Core role requirement
GGOCC-00157,GGSKILL-00274,data/processed/prism_education_career/occupation_to_skill.csv,ESSENTIAL,,1.0,PRISM Synthetic Graph Mapping,Core role requirement
GGOCC-00157,GGSKILL-236577,data/processed/prism_education_career/occupation_to_skill.csv,ESSENTIAL,,1.0,PRISM Synthetic Graph Mapping,Core role requirement
GGOCC-00279,GGSKILL-167285,data/processed/prism_education_career/occupation_to_skill.csv,ESSENTIAL,,1.0,PRISM Synthetic Graph Mapping,Core role requirement
GGOCC-00279,GGSKILL-00317,data/processed/prism_education_career/occupation_to_skill.csv,ESSENTIAL,,1.0,PRISM Synthetic Graph Mapping,Core role requirement
GGOCC-00279,GGSKILL-00215,data/processed/prism_education_career/occupation_to_skill.csv,ESSENTIAL,,1.0,PRISM Synthetic Graph Mapping,Core role requirement
GGOCC-00279,GGSKILL-00041,data/processed/prism_education_career/occupation_to_skill.csv,ESSENTIAL,,1.0,PRISM Synthetic Graph Mapping,Core role requirement
GGOCC-00279,GGSKILL-00132,data/processed/prism_education_career/occupation_to_skill.csv,OPTIONAL,,1.0,PRISM Synthetic Graph Mapping,Core role requirement
GGOCC-00279,GGSKILL-00385,data/processed/prism_education_career/occupation_to_skill.csv,OPTIONAL,,1.0,PRISM Synthetic Graph Mapping,Core role requirement
GGOCC-00279,GGSKILL-236577,data/processed/prism_education_career/occupation_to_skill.csv,ESSENTIAL,,1.0,PRISM Synthetic Graph Mapping,Core role requirement
GGOCC-00279,GGSKILL-00144,data/processed/prism_education_career/occupation_to_skill.csv,OPTIONAL,,1.0,PRISM Synthetic Graph Mapping,Core role requirement
GGOCC-00279,GGSKILL-00223,data/processed/prism_education_career/occupation_to_skill.csv,OPTIONAL,,1.0,PRISM Synthetic Graph Mapping,Core role requirement
GGOCC-00160,GGSKILL-167285,data/processed/prism_education_career/occupation_to_skill.csv,ESSENTIAL,,1.0,PRISM Synthetic Graph Mapping,Core role requirement
GGOCC-00160,GGSKILL-00317,data/processed/prism_education_career/occupation_to_skill.csv,ESSENTIAL,,1.0,PRISM Synthetic Graph Mapping,Core role requirement
GGOCC-00160,GGSKILL-00215,data/processed/prism_education_career/occupation_to_skill.csv,ESSENTIAL,,1.0,PRISM Synthetic Graph Mapping,Core role requirement
GGOCC-00160,GGSKILL-00041,data/processed/prism_education_career/occupation_to_skill.csv,ESSENTIAL,,1.0,PRISM Synthetic Graph Mapping,Core role requirement
GGOCC-00160,GGSKILL-00132,data/processed/prism_education_career/occupation_to_skill.csv,OPTIONAL,,1.0,PRISM Synthetic Graph Mapping,Core role requirement
GGOCC-00160,GGSKILL-00385,data/processed/prism_education_career/occupation_to_skill.csv,OPTIONAL,,1.0,PRISM Synthetic Graph Mapping,Core role requirement
GGOCC-00160,GGSKILL-236577,data/processed/prism_education_career/occupation_to_skill.csv,ESSENTIAL,,1.0,PRISM Synthetic Graph Mapping,Core role requirement
GGOCC-00160,GGSKILL-00144,data/processed/prism_education_career/occupation_to_skill.csv,OPTIONAL,,1.0,PRISM Synthetic Graph Mapping,Core role requirement
GGOCC-00160,GGSKILL-00223,data/processed/prism_education_career/occupation_to_skill.csv,OPTIONAL,,1.0,PRISM Synthetic Graph Mapping,Core role requirement
GGOCC-00160,GGSKILL-167285,data/processed/prism_education_career/occupation_to_skill.csv,ESSENTIAL,,1.0,PRISM Synthetic Graph Mapping,Core role requirement
GGOCC-00160,GGSKILL-00317,data/processed/prism_education_career/occupation_to_skill.csv,ESSENTIAL,,1.0,PRISM Synthetic Graph Mapping,Core role requirement
GGOCC-00160,GGSKILL-00215,data/processed/prism_education_career/occupation_to_skill.csv,ESSENTIAL,,1.0,PRISM Synthetic Graph Mapping,Core role requirement
GGOCC-00160,GGSKILL-00041,data/processed/prism_education_career/occupation_to_skill.csv,ESSENTIAL,,1.0,PRISM Synthetic Graph Mapping,Core role requirement
GGOCC-00160,GGSKILL-00132,data/processed/prism_education_career/occupation_to_skill.csv,OPTIONAL,,1.0,PRISM Synthetic Graph Mapping,Core role requirement
GGOCC-00160,GGSKILL-00385,data/processed/prism_education_career/occupation_to_skill.csv,OPTIONAL,,1.0,PRISM Synthetic Graph Mapping,Core role requirement
GGOCC-00160,GGSKILL-236577,data/processed/prism_education_career/occupation_to_skill.csv,ESSENTIAL,,1.0,PRISM Synthetic Graph Mapping,Core role requirement
GGOCC-00160,GGSKILL-00144,data/processed/prism_education_career/occupation_to_skill.csv,OPTIONAL,,1.0,PRISM Synthetic Graph Mapping,Core role requirement
GGOCC-00160,GGSKILL-00223,data/processed/prism_education_career/occupation_to_skill.csv,OPTIONAL,,1.0,PRISM Synthetic Graph Mapping,Core role requirement
GGOCC-00016,GGSKILL-167285,data/processed/prism_education_career/occupation_to_skill.csv,ESSENTIAL,,1.0,PRISM Synthetic Graph Mapping,Core role requirement
GGOCC-00016,GGSKILL-00317,data/processed/prism_education_career/occupation_to_skill.csv,ESSENTIAL,,1.0,PRISM Synthetic Graph Mapping,Core role requirement
GGOCC-00016,GGSKILL-00215,data/processed/prism_education_career/occupation_to_skill.csv,ESSENTIAL,,1.0,PRISM Synthetic Graph Mapping,Core role requirement
GGOCC-00016,GGSKILL-00041,data/processed/prism_education_career/occupation_to_skill.csv,ESSENTIAL,,1.0,PRISM Synthetic Graph Mapping,Core role requirement
GGOCC-00016,GGSKILL-00132,data/processed/prism_education_career/occupation_to_skill.csv,OPTIONAL,,1.0,PRISM Synthetic Graph Mapping,Core role requirement
GGOCC-00016,GGSKILL-00385,data/processed/prism_education_career/occupation_to_skill.csv,OPTIONAL,,1.0,PRISM Synthetic Graph Mapping,Core role requirement
GGOCC-00016,GGSKILL-236577,data/processed/prism_education_career/occupation_to_skill.csv,ESSENTIAL,,1.0,PRISM Synthetic Graph Mapping,Core role requirement
GGOCC-00016,GGSKILL-00144,data/processed/prism_education_career/occupation_to_skill.csv,OPTIONAL,,1.0,PRISM Synthetic Graph Mapping,Core role requirement
GGOCC-00016,GGSKILL-00223,data/processed/prism_education_career/occupation_to_skill.csv,OPTIONAL,,1.0,PRISM Synthetic Graph Mapping,Core role requirement
GGOCC-00013,GGSKILL-167285,data/processed/prism_education_career/occupation_to_skill.csv,ESSENTIAL,,1.0,PRISM Synthetic Graph Mapping,Core role requirement
GGOCC-00013,GGSKILL-00317,data/processed/prism_education_career/occupation_to_skill.csv,ESSENTIAL,,1.0,PRISM Synthetic Graph Mapping,Core role requirement
GGOCC-00013,GGSKILL-00215,data/processed/prism_education_career/occupation_to_skill.csv,ESSENTIAL,,1.0,PRISM Synthetic Graph Mapping,Core role requirement
GGOCC-00013,GGSKILL-00041,data/processed/prism_education_career/occupation_to_skill.csv,ESSENTIAL,,1.0,PRISM Synthetic Graph Mapping,Core role requirement
GGOCC-00013,GGSKILL-00132,data/processed/prism_education_career/occupation_to_skill.csv,OPTIONAL,,1.0,PRISM Synthetic Graph Mapping,Core role requirement
GGOCC-00013,GGSKILL-00385,data/processed/prism_education_career/occupation_to_skill.csv,OPTIONAL,,1.0,PRISM Synthetic Graph Mapping,Core role requirement
GGOCC-00013,GGSKILL-236577,data/processed/prism_education_career/occupation_to_skill.csv,ESSENTIAL,,1.0,PRISM Synthetic Graph Mapping,Core role requirement
GGOCC-00013,GGSKILL-00144,data/processed/prism_education_career/occupation_to_skill.csv,OPTIONAL,,1.0,PRISM Synthetic Graph Mapping,Core role requirement
GGOCC-00013,GGSKILL-00223,data/processed/prism_education_career/occupation_to_skill.csv,OPTIONAL,,1.0,PRISM Synthetic Graph Mapping,Core role requirement
GGOCC-00059,GGSKILL-167285,data/processed/prism_education_career/occupation_to_skill.csv,ESSENTIAL,,1.0,PRISM Synthetic Graph Mapping,Core role requirement
GGOCC-00059,GGSKILL-00317,data/processed/prism_education_career/occupation_to_skill.csv,ESSENTIAL,,1.0,PRISM Synthetic Graph Mapping,Core role requirement
GGOCC-00059,GGSKILL-00215,data/processed/prism_education_career/occupation_to_skill.csv,ESSENTIAL,,1.0,PRISM Synthetic Graph Mapping,Core role requirement
GGOCC-00059,GGSKILL-00041,data/processed/prism_education_career/occupation_to_skill.csv,ESSENTIAL,,1.0,PRISM Synthetic Graph Mapping,Core role requirement
GGOCC-00059,GGSKILL-00132,data/processed/prism_education_career/occupation_to_skill.csv,OPTIONAL,,1.0,PRISM Synthetic Graph Mapping,Core role requirement
GGOCC-00059,GGSKILL-00385,data/processed/prism_education_career/occupation_to_skill.csv,OPTIONAL,,1.0,PRISM Synthetic Graph Mapping,Core role requirement
GGOCC-00059,GGSKILL-236577,data/processed/prism_education_career/occupation_to_skill.csv,ESSENTIAL,,1.0,PRISM Synthetic Graph Mapping,Core role requirement
GGOCC-00059,GGSKILL-00144,data/processed/prism_education_career/occupation_to_skill.csv,OPTIONAL,,1.0,PRISM Synthetic Graph Mapping,Core role requirement
GGOCC-00059,GGSKILL-00223,data/processed/prism_education_career/occupation_to_skill.csv,OPTIONAL,,1.0,PRISM Synthetic Graph Mapping,Core role requirement
GGOCC-00171,GGSKILL-167285,data/processed/prism_education_career/occupation_to_skill.csv,ESSENTIAL,,1.0,PRISM Synthetic Graph Mapping,Core role requirement
GGOCC-00171,GGSKILL-00317,data/processed/prism_education_career/occupation_to_skill.csv,ESSENTIAL,,1.0,PRISM Synthetic Graph Mapping,Core role requirement
GGOCC-00171,GGSKILL-00215,data/processed/prism_education_career/occupation_to_skill.csv,ESSENTIAL,,1.0,PRISM Synthetic Graph Mapping,Core role requirement
GGOCC-00171,GGSKILL-00041,data/processed/prism_education_career/occupation_to_skill.csv,ESSENTIAL,,1.0,PRISM Synthetic Graph Mapping,Core role requirement
GGOCC-00171,GGSKILL-00132,data/processed/prism_education_career/occupation_to_skill.csv,OPTIONAL,,1.0,PRISM Synthetic Graph Mapping,Core role requirement
GGOCC-00171,GGSKILL-00385,data/processed/prism_education_career/occupation_to_skill.csv,OPTIONAL,,1.0,PRISM Synthetic Graph Mapping,Core role requirement
GGOCC-00171,GGSKILL-236577,data/processed/prism_education_career/occupation_to_skill.csv,ESSENTIAL,,1.0,PRISM Synthetic Graph Mapping,Core role requirement
GGOCC-00171,GGSKILL-00144,data/processed/prism_education_career/occupation_to_skill.csv,OPTIONAL,,1.0,PRISM Synthetic Graph Mapping,Core role requirement
GGOCC-00171,GGSKILL-00223,data/processed/prism_education_career/occupation_to_skill.csv,OPTIONAL,,1.0,PRISM Synthetic Graph Mapping,Core role requirement
GGOCC-00162,GGSKILL-00153,data/processed/prism_education_career/occupation_to_skill.csv,ESSENTIAL,,1.0,PRISM Synthetic Graph Mapping,Core role requirement
GGOCC-00162,GGSKILL-34106,data/processed/prism_education_career/occupation_to_skill.csv,ESSENTIAL,,1.0,PRISM Synthetic Graph Mapping,Core role requirement
GGOCC-00162,GGSKILL-00181,data/processed/prism_education_career/occupation_to_skill.csv,ESSENTIAL,,1.0,PRISM Synthetic Graph Mapping,Core role requirement
GGOCC-00162,GGSKILL-47464,data/processed/prism_education_career/occupation_to_skill.csv,ESSENTIAL,,1.0,PRISM Synthetic Graph Mapping,Core role requirement
GGOCC-00162,GGSKILL-15101,data/processed/prism_education_career/occupation_to_skill.csv,ESSENTIAL,,1.0,PRISM Synthetic Graph Mapping,Core role requirement
GGOCC-00162,GGSKILL-00223,data/processed/prism_education_career/occupation_to_skill.csv,ESSENTIAL,,1.0,PRISM Synthetic Graph Mapping,Core role requirement
GGOCC-00162,GGSKILL-00144,data/processed/prism_education_career/occupation_to_skill.csv,ESSENTIAL,,1.0,PRISM Synthetic Graph Mapping,Core role requirement
GGOCC-00162,GGSKILL-00134,data/processed/prism_education_career/occupation_to_skill.csv,OPTIONAL,,1.0,PRISM Synthetic Graph Mapping,Core role requirement
GGOCC-00162,GGSKILL-00418,data/processed/prism_education_career/occupation_to_skill.csv,ESSENTIAL,,1.0,PRISM Synthetic Graph Mapping,Core role requirement
GGOCC-00162,GGSKILL-39417,data/processed/prism_education_career/occupation_to_skill.csv,OPTIONAL,,1.0,PRISM Synthetic Graph Mapping,Core role requirement
GGOCC-00225,GGSKILL-00153,data/processed/prism_education_career/occupation_to_skill.csv,ESSENTIAL,,1.0,PRISM Synthetic Graph Mapping,Core role requirement
GGOCC-00225,GGSKILL-34106,data/processed/prism_education_career/occupation_to_skill.csv,ESSENTIAL,,1.0,PRISM Synthetic Graph Mapping,Core role requirement
GGOCC-00225,GGSKILL-00181,data/processed/prism_education_career/occupation_to_skill.csv,ESSENTIAL,,1.0,PRISM Synthetic Graph Mapping,Core role requirement
GGOCC-00225,GGSKILL-47464,data/processed/prism_education_career/occupation_to_skill.csv,ESSENTIAL,,1.0,PRISM Synthetic Graph Mapping,Core role requirement
GGOCC-00225,GGSKILL-15101,data/processed/prism_education_career/occupation_to_skill.csv,ESSENTIAL,,1.0,PRISM Synthetic Graph Mapping,Core role requirement
GGOCC-00225,GGSKILL-00223,data/processed/prism_education_career/occupation_to_skill.csv,ESSENTIAL,,1.0,PRISM Synthetic Graph Mapping,Core role requirement
GGOCC-00225,GGSKILL-00144,data/processed/prism_education_career/occupation_to_skill.csv,ESSENTIAL,,1.0,PRISM Synthetic Graph Mapping,Core role requirement
GGOCC-00225,GGSKILL-00134,data/processed/prism_education_career/occupation_to_skill.csv,OPTIONAL,,1.0,PRISM Synthetic Graph Mapping,Core role requirement
GGOCC-00225,GGSKILL-00418,data/processed/prism_education_career/occupation_to_skill.csv,ESSENTIAL,,1.0,PRISM Synthetic Graph Mapping,Core role requirement
GGOCC-00225,GGSKILL-39417,data/processed/prism_education_career/occupation_to_skill.csv,OPTIONAL,,1.0,PRISM Synthetic Graph Mapping,Core role requirement
GGOCC-00199,GGSKILL-00153,data/processed/prism_education_career/occupation_to_skill.csv,ESSENTIAL,,1.0,PRISM Synthetic Graph Mapping,Core role requirement
GGOCC-00199,GGSKILL-34106,data/processed/prism_education_career/occupation_to_skill.csv,ESSENTIAL,,1.0,PRISM Synthetic Graph Mapping,Core role requirement
GGOCC-00199,GGSKILL-00181,data/processed/prism_education_career/occupation_to_skill.csv,ESSENTIAL,,1.0,PRISM Synthetic Graph Mapping,Core role requirement
GGOCC-00199,GGSKILL-47464,data/processed/prism_education_career/occupation_to_skill.csv,ESSENTIAL,,1.0,PRISM Synthetic Graph Mapping,Core role requirement
GGOCC-00199,GGSKILL-15101,data/processed/prism_education_career/occupation_to_skill.csv,ESSENTIAL,,1.0,PRISM Synthetic Graph Mapping,Core role requirement
GGOCC-00199,GGSKILL-00223,data/processed/prism_education_career/occupation_to_skill.csv,ESSENTIAL,,1.0,PRISM Synthetic Graph Mapping,Core role requirement
GGOCC-00199,GGSKILL-00144,data/processed/prism_education_career/occupation_to_skill.csv,ESSENTIAL,,1.0,PRISM Synthetic Graph Mapping,Core role requirement
GGOCC-00199,GGSKILL-00134,data/processed/prism_education_career/occupation_to_skill.csv,OPTIONAL,,1.0,PRISM Synthetic Graph Mapping,Core role requirement
GGOCC-00199,GGSKILL-00418,data/processed/prism_education_career/occupation_to_skill.csv,ESSENTIAL,,1.0,PRISM Synthetic Graph Mapping,Core role requirement
GGOCC-00199,GGSKILL-39417,data/processed/prism_education_career/occupation_to_skill.csv,OPTIONAL,,1.0,PRISM Synthetic Graph Mapping,Core role requirement
GGOCC-00036,GGSKILL-00153,data/processed/prism_education_career/occupation_to_skill.csv,ESSENTIAL,,1.0,PRISM Synthetic Graph Mapping,Core role requirement
GGOCC-00036,GGSKILL-34106,data/processed/prism_education_career/occupation_to_skill.csv,ESSENTIAL,,1.0,PRISM Synthetic Graph Mapping,Core role requirement
GGOCC-00036,GGSKILL-00181,data/processed/prism_education_career/occupation_to_skill.csv,ESSENTIAL,,1.0,PRISM Synthetic Graph Mapping,Core role requirement
GGOCC-00036,GGSKILL-47464,data/processed/prism_education_career/occupation_to_skill.csv,ESSENTIAL,,1.0,PRISM Synthetic Graph Mapping,Core role requirement
GGOCC-00036,GGSKILL-15101,data/processed/prism_education_career/occupation_to_skill.csv,ESSENTIAL,,1.0,PRISM Synthetic Graph Mapping,Core role requirement
GGOCC-00036,GGSKILL-00223,data/processed/prism_education_career/occupation_to_skill.csv,ESSENTIAL,,1.0,PRISM Synthetic Graph Mapping,Core role requirement
GGOCC-00036,GGSKILL-00144,data/processed/prism_education_career/occupation_to_skill.csv,ESSENTIAL,,1.0,PRISM Synthetic Graph Mapping,Core role requirement
GGOCC-00036,GGSKILL-00134,data/processed/prism_education_career/occupation_to_skill.csv,OPTIONAL,,1.0,PRISM Synthetic Graph Mapping,Core role requirement
GGOCC-00036,GGSKILL-00418,data/processed/prism_education_career/occupation_to_skill.csv,ESSENTIAL,,1.0,PRISM Synthetic Graph Mapping,Core role requirement
GGOCC-00036,GGSKILL-39417,data/processed/prism_education_career/occupation_to_skill.csv,OPTIONAL,,1.0,PRISM Synthetic Graph Mapping,Core role requirement
GGOCC-00036,GGSKILL-00153,data/processed/prism_education_career/occupation_to_skill.csv,ESSENTIAL,,1.0,PRISM Synthetic Graph Mapping,Core role requirement
GGOCC-00036,GGSKILL-34106,data/processed/prism_education_career/occupation_to_skill.csv,ESSENTIAL,,1.0,PRISM Synthetic Graph Mapping,Core role requirement
GGOCC-00036,GGSKILL-00181,data/processed/prism_education_career/occupation_to_skill.csv,ESSENTIAL,,1.0,PRISM Synthetic Graph Mapping,Core role requirement
GGOCC-00036,GGSKILL-47464,data/processed/prism_education_career/occupation_to_skill.csv,ESSENTIAL,,1.0,PRISM Synthetic Graph Mapping,Core role requirement
GGOCC-00036,GGSKILL-15101,data/processed/prism_education_career/occupation_to_skill.csv,ESSENTIAL,,1.0,PRISM Synthetic Graph Mapping,Core role requirement
GGOCC-00036,GGSKILL-00223,data/processed/prism_education_career/occupation_to_skill.csv,ESSENTIAL,,1.0,PRISM Synthetic Graph Mapping,Core role requirement
GGOCC-00036,GGSKILL-00144,data/processed/prism_education_career/occupation_to_skill.csv,ESSENTIAL,,1.0,PRISM Synthetic Graph Mapping,Core role requirement
GGOCC-00036,GGSKILL-00134,data/processed/prism_education_career/occupation_to_skill.csv,OPTIONAL,,1.0,PRISM Synthetic Graph Mapping,Core role requirement
GGOCC-00036,GGSKILL-00418,data/processed/prism_education_career/occupation_to_skill.csv,ESSENTIAL,,1.0,PRISM Synthetic Graph Mapping,Core role requirement
GGOCC-00036,GGSKILL-39417,data/processed/prism_education_career/occupation_to_skill.csv,OPTIONAL,,1.0,PRISM Synthetic Graph Mapping,Core role requirement
GGOCC-00959,GGSKILL-00153,data/processed/prism_education_career/occupation_to_skill.csv,ESSENTIAL,,1.0,PRISM Synthetic Graph Mapping,Core role requirement
GGOCC-00959,GGSKILL-34106,data/processed/prism_education_career/occupation_to_skill.csv,ESSENTIAL,,1.0,PRISM Synthetic Graph Mapping,Core role requirement
GGOCC-00959,GGSKILL-00181,data/processed/prism_education_career/occupation_to_skill.csv,ESSENTIAL,,1.0,PRISM Synthetic Graph Mapping,Core role requirement
GGOCC-00959,GGSKILL-47464,data/processed/prism_education_career/occupation_to_skill.csv,ESSENTIAL,,1.0,PRISM Synthetic Graph Mapping,Core role requirement
GGOCC-00959,GGSKILL-15101,data/processed/prism_education_career/occupation_to_skill.csv,ESSENTIAL,,1.0,PRISM Synthetic Graph Mapping,Core role requirement
GGOCC-00959,GGSKILL-00223,data/processed/prism_education_career/occupation_to_skill.csv,ESSENTIAL,,1.0,PRISM Synthetic Graph Mapping,Core role requirement
GGOCC-00959,GGSKILL-00144,data/processed/prism_education_career/occupation_to_skill.csv,ESSENTIAL,,1.0,PRISM Synthetic Graph Mapping,Core role requirement
GGOCC-00959,GGSKILL-00134,data/processed/prism_education_career/occupation_to_skill.csv,OPTIONAL,,1.0,PRISM Synthetic Graph Mapping,Core role requirement
GGOCC-00959,GGSKILL-00418,data/processed/prism_education_career/occupation_to_skill.csv,ESSENTIAL,,1.0,PRISM Synthetic Graph Mapping,Core role requirement
GGOCC-00959,GGSKILL-39417,data/processed/prism_education_career/occupation_to_skill.csv,OPTIONAL,,1.0,PRISM Synthetic Graph Mapping,Core role requirement
GGOCC-17789,GGSKILL-00153,data/processed/prism_education_career/occupation_to_skill.csv,ESSENTIAL,,1.0,PRISM Synthetic Graph Mapping,Core role requirement
GGOCC-17789,GGSKILL-34106,data/processed/prism_education_career/occupation_to_skill.csv,ESSENTIAL,,1.0,PRISM Synthetic Graph Mapping,Core role requirement
GGOCC-17789,GGSKILL-00181,data/processed/prism_education_career/occupation_to_skill.csv,ESSENTIAL,,1.0,PRISM Synthetic Graph Mapping,Core role requirement
GGOCC-17789,GGSKILL-47464,data/processed/prism_education_career/occupation_to_skill.csv,ESSENTIAL,,1.0,PRISM Synthetic Graph Mapping,Core role requirement
GGOCC-17789,GGSKILL-15101,data/processed/prism_education_career/occupation_to_skill.csv,ESSENTIAL,,1.0,PRISM Synthetic Graph Mapping,Core role requirement
GGOCC-17789,GGSKILL-00223,data/processed/prism_education_career/occupation_to_skill.csv,ESSENTIAL,,1.0,PRISM Synthetic Graph Mapping,Core role requirement
GGOCC-17789,GGSKILL-00144,data/processed/prism_education_career/occupation_to_skill.csv,ESSENTIAL,,1.0,PRISM Synthetic Graph Mapping,Core role requirement
GGOCC-17789,GGSKILL-00134,data/processed/prism_education_career/occupation_to_skill.csv,OPTIONAL,,1.0,PRISM Synthetic Graph Mapping,Core role requirement
GGOCC-17789,GGSKILL-00418,data/processed/prism_education_career/occupation_to_skill.csv,ESSENTIAL,,1.0,PRISM Synthetic Graph Mapping,Core role requirement
GGOCC-17789,GGSKILL-39417,data/processed/prism_education_career/occupation_to_skill.csv,OPTIONAL,,1.0,PRISM Synthetic Graph Mapping,Core role requirement
GGOCC-00081,GGSKILL-00153,data/processed/prism_education_career/occupation_to_skill.csv,ESSENTIAL,,1.0,PRISM Synthetic Graph Mapping,Core role requirement
GGOCC-00081,GGSKILL-34106,data/processed/prism_education_career/occupation_to_skill.csv,ESSENTIAL,,1.0,PRISM Synthetic Graph Mapping,Core role requirement
GGOCC-00081,GGSKILL-00181,data/processed/prism_education_career/occupation_to_skill.csv,ESSENTIAL,,1.0,PRISM Synthetic Graph Mapping,Core role requirement
GGOCC-00081,GGSKILL-47464,data/processed/prism_education_career/occupation_to_skill.csv,ESSENTIAL,,1.0,PRISM Synthetic Graph Mapping,Core role requirement
GGOCC-00081,GGSKILL-15101,data/processed/prism_education_career/occupation_to_skill.csv,ESSENTIAL,,1.0,PRISM Synthetic Graph Mapping,Core role requirement
GGOCC-00081,GGSKILL-00223,data/processed/prism_education_career/occupation_to_skill.csv,ESSENTIAL,,1.0,PRISM Synthetic Graph Mapping,Core role requirement
GGOCC-00081,GGSKILL-00144,data/processed/prism_education_career/occupation_to_skill.csv,ESSENTIAL,,1.0,PRISM Synthetic Graph Mapping,Core role requirement
GGOCC-00081,GGSKILL-00134,data/processed/prism_education_career/occupation_to_skill.csv,OPTIONAL,,1.0,PRISM Synthetic Graph Mapping,Core role requirement
GGOCC-00081,GGSKILL-00418,data/processed/prism_education_career/occupation_to_skill.csv,ESSENTIAL,,1.0,PRISM Synthetic Graph Mapping,Core role requirement
GGOCC-00081,GGSKILL-39417,data/processed/prism_education_career/occupation_to_skill.csv,OPTIONAL,,1.0,PRISM Synthetic Graph Mapping,Core role requirement
GGOCC-00196,GGSKILL-00153,data/processed/prism_education_career/occupation_to_skill.csv,ESSENTIAL,,1.0,PRISM Synthetic Graph Mapping,Core role requirement
GGOCC-00196,GGSKILL-34106,data/processed/prism_education_career/occupation_to_skill.csv,ESSENTIAL,,1.0,PRISM Synthetic Graph Mapping,Core role requirement
GGOCC-00196,GGSKILL-00181,data/processed/prism_education_career/occupation_to_skill.csv,ESSENTIAL,,1.0,PRISM Synthetic Graph Mapping,Core role requirement
GGOCC-00196,GGSKILL-47464,data/processed/prism_education_career/occupation_to_skill.csv,ESSENTIAL,,1.0,PRISM Synthetic Graph Mapping,Core role requirement
GGOCC-00196,GGSKILL-15101,data/processed/prism_education_career/occupation_to_skill.csv,ESSENTIAL,,1.0,PRISM Synthetic Graph Mapping,Core role requirement
GGOCC-00196,GGSKILL-00223,data/processed/prism_education_career/occupation_to_skill.csv,ESSENTIAL,,1.0,PRISM Synthetic Graph Mapping,Core role requirement
GGOCC-00196,GGSKILL-00144,data/processed/prism_education_career/occupation_to_skill.csv,ESSENTIAL,,1.0,PRISM Synthetic Graph Mapping,Core role requirement
GGOCC-00196,GGSKILL-00134,data/processed/prism_education_career/occupation_to_skill.csv,OPTIONAL,,1.0,PRISM Synthetic Graph Mapping,Core role requirement
GGOCC-00196,GGSKILL-00418,data/processed/prism_education_career/occupation_to_skill.csv,ESSENTIAL,,1.0,PRISM Synthetic Graph Mapping,Core role requirement
GGOCC-00196,GGSKILL-39417,data/processed/prism_education_career/occupation_to_skill.csv,OPTIONAL,,1.0,PRISM Synthetic Graph Mapping,Core role requirement
GGOCC-00196,GGSKILL-00153,data/processed/prism_education_career/occupation_to_skill.csv,ESSENTIAL,,1.0,PRISM Synthetic Graph Mapping,Core role requirement
GGOCC-00196,GGSKILL-34106,data/processed/prism_education_career/occupation_to_skill.csv,ESSENTIAL,,1.0,PRISM Synthetic Graph Mapping,Core role requirement
GGOCC-00196,GGSKILL-00181,data/processed/prism_education_career/occupation_to_skill.csv,ESSENTIAL,,1.0,PRISM Synthetic Graph Mapping,Core role requirement
GGOCC-00196,GGSKILL-47464,data/processed/prism_education_career/occupation_to_skill.csv,ESSENTIAL,,1.0,PRISM Synthetic Graph Mapping,Core role requirement
GGOCC-00196,GGSKILL-15101,data/processed/prism_education_career/occupation_to_skill.csv,ESSENTIAL,,1.0,PRISM Synthetic Graph Mapping,Core role requirement
GGOCC-00196,GGSKILL-00223,data/processed/prism_education_career/occupation_to_skill.csv,ESSENTIAL,,1.0,PRISM Synthetic Graph Mapping,Core role requirement
GGOCC-00196,GGSKILL-00144,data/processed/prism_education_career/occupation_to_skill.csv,ESSENTIAL,,1.0,PRISM Synthetic Graph Mapping,Core role requirement
GGOCC-00196,GGSKILL-00134,data/processed/prism_education_career/occupation_to_skill.csv,OPTIONAL,,1.0,PRISM Synthetic Graph Mapping,Core role requirement
GGOCC-00196,GGSKILL-00418,data/processed/prism_education_career/occupation_to_skill.csv,ESSENTIAL,,1.0,PRISM Synthetic Graph Mapping,Core role requirement
GGOCC-00196,GGSKILL-39417,data/processed/prism_education_career/occupation_to_skill.csv,OPTIONAL,,1.0,PRISM Synthetic Graph Mapping,Core role requirement
GGOCC-00290,GGSKILL-00153,data/processed/prism_education_career/occupation_to_skill.csv,ESSENTIAL,,1.0,PRISM Synthetic Graph Mapping,Core role requirement
GGOCC-00290,GGSKILL-34106,data/processed/prism_education_career/occupation_to_skill.csv,ESSENTIAL,,1.0,PRISM Synthetic Graph Mapping,Core role requirement
GGOCC-00290,GGSKILL-00181,data/processed/prism_education_career/occupation_to_skill.csv,ESSENTIAL,,1.0,PRISM Synthetic Graph Mapping,Core role requirement
GGOCC-00290,GGSKILL-47464,data/processed/prism_education_career/occupation_to_skill.csv,ESSENTIAL,,1.0,PRISM Synthetic Graph Mapping,Core role requirement
GGOCC-00290,GGSKILL-15101,data/processed/prism_education_career/occupation_to_skill.csv,ESSENTIAL,,1.0,PRISM Synthetic Graph Mapping,Core role requirement
GGOCC-00290,GGSKILL-00223,data/processed/prism_education_career/occupation_to_skill.csv,ESSENTIAL,,1.0,PRISM Synthetic Graph Mapping,Core role requirement
GGOCC-00290,GGSKILL-00144,data/processed/prism_education_career/occupation_to_skill.csv,ESSENTIAL,,1.0,PRISM Synthetic Graph Mapping,Core role requirement
GGOCC-00290,GGSKILL-00134,data/processed/prism_education_career/occupation_to_skill.csv,OPTIONAL,,1.0,PRISM Synthetic Graph Mapping,Core role requirement
GGOCC-00290,GGSKILL-00418,data/processed/prism_education_career/occupation_to_skill.csv,ESSENTIAL,,1.0,PRISM Synthetic Graph Mapping,Core role requirement
GGOCC-00290,GGSKILL-39417,data/processed/prism_education_career/occupation_to_skill.csv,OPTIONAL,,1.0,PRISM Synthetic Graph Mapping,Core role requirement
GGOCC-00053,GGSKILL-121151,data/processed/prism_education_career/occupation_to_skill.csv,ESSENTIAL,,1.0,PRISM Synthetic Graph Mapping,Core role requirement
GGOCC-00053,GGSKILL-00110,data/processed/prism_education_career/occupation_to_skill.csv,ESSENTIAL,,1.0,PRISM Synthetic Graph Mapping,Core role requirement
GGOCC-00053,GGSKILL-00320,data/processed/prism_education_career/occupation_to_skill.csv,ESSENTIAL,,1.0,PRISM Synthetic Graph Mapping,Core role requirement
GGOCC-00053,GGSKILL-00237,data/processed/prism_education_career/occupation_to_skill.csv,ESSENTIAL,,1.0,PRISM Synthetic Graph Mapping,Core role requirement
GGOCC-00053,GGSKILL-00222,data/processed/prism_education_career/occupation_to_skill.csv,ESSENTIAL,,1.0,PRISM Synthetic Graph Mapping,Core role requirement
GGOCC-00053,GGSKILL-00015,data/processed/prism_education_career/occupation_to_skill.csv,OPTIONAL,,1.0,PRISM Synthetic Graph Mapping,Core role requirement
GGOCC-00053,GGSKILL-00144,data/processed/prism_education_career/occupation_to_skill.csv,ESSENTIAL,,1.0,PRISM Synthetic Graph Mapping,Core role requirement
GGOCC-00053,GGSKILL-00134,data/processed/prism_education_career/occupation_to_skill.csv,ESSENTIAL,,1.0,PRISM Synthetic Graph Mapping,Core role requirement
GGOCC-00053,GGSKILL-00351,data/processed/prism_education_career/occupation_to_skill.csv,OPTIONAL,,1.0,PRISM Synthetic Graph Mapping,Core role requirement
GGOCC-00242,GGSKILL-121151,data/processed/prism_education_career/occupation_to_skill.csv,ESSENTIAL,,1.0,PRISM Synthetic Graph Mapping,Core role requirement
GGOCC-00242,GGSKILL-00110,data/processed/prism_education_career/occupation_to_skill.csv,ESSENTIAL,,1.0,PRISM Synthetic Graph Mapping,Core role requirement
GGOCC-00242,GGSKILL-00320,data/processed/prism_education_career/occupation_to_skill.csv,ESSENTIAL,,1.0,PRISM Synthetic Graph Mapping,Core role requirement
GGOCC-00242,GGSKILL-00237,data/processed/prism_education_career/occupation_to_skill.csv,ESSENTIAL,,1.0,PRISM Synthetic Graph Mapping,Core role requirement
GGOCC-00242,GGSKILL-00222,data/processed/prism_education_career/occupation_to_skill.csv,ESSENTIAL,,1.0,PRISM Synthetic Graph Mapping,Core role requirement
GGOCC-00242,GGSKILL-00015,data/processed/prism_education_career/occupation_to_skill.csv,OPTIONAL,,1.0,PRISM Synthetic Graph Mapping,Core role requirement
GGOCC-00242,GGSKILL-00144,data/processed/prism_education_career/occupation_to_skill.csv,ESSENTIAL,,1.0,PRISM Synthetic Graph Mapping,Core role requirement
GGOCC-00242,GGSKILL-00134,data/processed/prism_education_career/occupation_to_skill.csv,ESSENTIAL,,1.0,PRISM Synthetic Graph Mapping,Core role requirement
GGOCC-00242,GGSKILL-00351,data/processed/prism_education_career/occupation_to_skill.csv,OPTIONAL,,1.0,PRISM Synthetic Graph Mapping,Core role requirement
GGOCC-08369,GGSKILL-121151,data/processed/prism_education_career/occupation_to_skill.csv,ESSENTIAL,,1.0,PRISM Synthetic Graph Mapping,Core role requirement
GGOCC-08369,GGSKILL-00110,data/processed/prism_education_career/occupation_to_skill.csv,ESSENTIAL,,1.0,PRISM Synthetic Graph Mapping,Core role requirement
GGOCC-08369,GGSKILL-00320,data/processed/prism_education_career/occupation_to_skill.csv,ESSENTIAL,,1.0,PRISM Synthetic Graph Mapping,Core role requirement
GGOCC-08369,GGSKILL-00237,data/processed/prism_education_career/occupation_to_skill.csv,ESSENTIAL,,1.0,PRISM Synthetic Graph Mapping,Core role requirement
GGOCC-08369,GGSKILL-00222,data/processed/prism_education_career/occupation_to_skill.csv,ESSENTIAL,,1.0,PRISM Synthetic Graph Mapping,Core role requirement
GGOCC-08369,GGSKILL-00015,data/processed/prism_education_career/occupation_to_skill.csv,OPTIONAL,,1.0,PRISM Synthetic Graph Mapping,Core role requirement
GGOCC-08369,GGSKILL-00144,data/processed/prism_education_career/occupation_to_skill.csv,ESSENTIAL,,1.0,PRISM Synthetic Graph Mapping,Core role requirement
GGOCC-08369,GGSKILL-00134,data/processed/prism_education_career/occupation_to_skill.csv,ESSENTIAL,,1.0,PRISM Synthetic Graph Mapping,Core role requirement
GGOCC-08369,GGSKILL-00351,data/processed/prism_education_career/occupation_to_skill.csv,OPTIONAL,,1.0,PRISM Synthetic Graph Mapping,Core role requirement
GGOCC-00148,GGSKILL-121151,data/processed/prism_education_career/occupation_to_skill.csv,ESSENTIAL,,1.0,PRISM Synthetic Graph Mapping,Core role requirement
GGOCC-00148,GGSKILL-00110,data/processed/prism_education_career/occupation_to_skill.csv,ESSENTIAL,,1.0,PRISM Synthetic Graph Mapping,Core role requirement
GGOCC-00148,GGSKILL-00320,data/processed/prism_education_career/occupation_to_skill.csv,ESSENTIAL,,1.0,PRISM Synthetic Graph Mapping,Core role requirement
GGOCC-00148,GGSKILL-00237,data/processed/prism_education_career/occupation_to_skill.csv,ESSENTIAL,,1.0,PRISM Synthetic Graph Mapping,Core role requirement
GGOCC-00148,GGSKILL-00222,data/processed/prism_education_career/occupation_to_skill.csv,ESSENTIAL,,1.0,PRISM Synthetic Graph Mapping,Core role requirement
GGOCC-00148,GGSKILL-00015,data/processed/prism_education_career/occupation_to_skill.csv,OPTIONAL,,1.0,PRISM Synthetic Graph Mapping,Core role requirement
GGOCC-00148,GGSKILL-00144,data/processed/prism_education_career/occupation_to_skill.csv,ESSENTIAL,,1.0,PRISM Synthetic Graph Mapping,Core role requirement
GGOCC-00148,GGSKILL-00134,data/processed/prism_education_career/occupation_to_skill.csv,ESSENTIAL,,1.0,PRISM Synthetic Graph Mapping,Core role requirement
GGOCC-00148,GGSKILL-00351,data/processed/prism_education_career/occupation_to_skill.csv,OPTIONAL,,1.0,PRISM Synthetic Graph Mapping,Core role requirement
GGOCC-00043,GGSKILL-121151,data/processed/prism_education_career/occupation_to_skill.csv,ESSENTIAL,,1.0,PRISM Synthetic Graph Mapping,Core role requirement
GGOCC-00043,GGSKILL-00110,data/processed/prism_education_career/occupation_to_skill.csv,ESSENTIAL,,1.0,PRISM Synthetic Graph Mapping,Core role requirement
GGOCC-00043,GGSKILL-00320,data/processed/prism_education_career/occupation_to_skill.csv,ESSENTIAL,,1.0,PRISM Synthetic Graph Mapping,Core role requirement
GGOCC-00043,GGSKILL-00237,data/processed/prism_education_career/occupation_to_skill.csv,ESSENTIAL,,1.0,PRISM Synthetic Graph Mapping,Core role requirement
GGOCC-00043,GGSKILL-00222,data/processed/prism_education_career/occupation_to_skill.csv,ESSENTIAL,,1.0,PRISM Synthetic Graph Mapping,Core role requirement
GGOCC-00043,GGSKILL-00015,data/processed/prism_education_career/occupation_to_skill.csv,OPTIONAL,,1.0,PRISM Synthetic Graph Mapping,Core role requirement
GGOCC-00043,GGSKILL-00144,data/processed/prism_education_career/occupation_to_skill.csv,ESSENTIAL,,1.0,PRISM Synthetic Graph Mapping,Core role requirement
GGOCC-00043,GGSKILL-00134,data/processed/prism_education_career/occupation_to_skill.csv,ESSENTIAL,,1.0,PRISM Synthetic Graph Mapping,Core role requirement
GGOCC-00043,GGSKILL-00351,data/processed/prism_education_career/occupation_to_skill.csv,OPTIONAL,,1.0,PRISM Synthetic Graph Mapping,Core role requirement
GGOCC-00253,GGSKILL-00304,data/processed/prism_education_career/occupation_to_skill.csv,ESSENTIAL,,1.0,PRISM Synthetic Graph Mapping,Core role requirement
GGOCC-00253,GGSKILL-31162,data/processed/prism_education_career/occupation_to_skill.csv,ESSENTIAL,,1.0,PRISM Synthetic Graph Mapping,Core role requirement
GGOCC-00253,GGSKILL-68405,data/processed/prism_education_career/occupation_to_skill.csv,ESSENTIAL,,1.0,PRISM Synthetic Graph Mapping,Core role requirement
GGOCC-00253,GGSKILL-00144,data/processed/prism_education_career/occupation_to_skill.csv,ESSENTIAL,,1.0,PRISM Synthetic Graph Mapping,Core role requirement
GGOCC-00253,GGSKILL-00134,data/processed/prism_education_career/occupation_to_skill.csv,ESSENTIAL,,1.0,PRISM Synthetic Graph Mapping,Core role requirement
GGOCC-00253,GGSKILL-47464,data/processed/prism_education_career/occupation_to_skill.csv,ESSENTIAL,,1.0,PRISM Synthetic Graph Mapping,Core role requirement
GGOCC-00253,GGSKILL-00418,data/processed/prism_education_career/occupation_to_skill.csv,OPTIONAL,,1.0,PRISM Synthetic Graph Mapping,Core role requirement
GGOCC-00253,GGSKILL-00082,data/processed/prism_education_career/occupation_to_skill.csv,OPTIONAL,,1.0,PRISM Synthetic Graph Mapping,Core role requirement
GGOCC-00180,GGSKILL-00153,data/processed/prism_education_career/occupation_to_skill.csv,ESSENTIAL,,1.0,PRISM Synthetic Graph Mapping,Core role requirement
GGOCC-00180,GGSKILL-34106,data/processed/prism_education_career/occupation_to_skill.csv,ESSENTIAL,,1.0,PRISM Synthetic Graph Mapping,Core role requirement
GGOCC-00180,GGSKILL-00181,data/processed/prism_education_career/occupation_to_skill.csv,ESSENTIAL,,1.0,PRISM Synthetic Graph Mapping,Core role requirement
GGOCC-00180,GGSKILL-47464,data/processed/prism_education_career/occupation_to_skill.csv,ESSENTIAL,,1.0,PRISM Synthetic Graph Mapping,Core role requirement
GGOCC-00180,GGSKILL-15101,data/processed/prism_education_career/occupation_to_skill.csv,ESSENTIAL,,1.0,PRISM Synthetic Graph Mapping,Core role requirement
GGOCC-00180,GGSKILL-00223,data/processed/prism_education_career/occupation_to_skill.csv,ESSENTIAL,,1.0,PRISM Synthetic Graph Mapping,Core role requirement
GGOCC-00180,GGSKILL-00144,data/processed/prism_education_career/occupation_to_skill.csv,ESSENTIAL,,1.0,PRISM Synthetic Graph Mapping,Core role requirement
GGOCC-00180,GGSKILL-00134,data/processed/prism_education_career/occupation_to_skill.csv,OPTIONAL,,1.0,PRISM Synthetic Graph Mapping,Core role requirement
GGOCC-00180,GGSKILL-00418,data/processed/prism_education_career/occupation_to_skill.csv,ESSENTIAL,,1.0,PRISM Synthetic Graph Mapping,Core role requirement
GGOCC-00180,GGSKILL-39417,data/processed/prism_education_career/occupation_to_skill.csv,OPTIONAL,,1.0,PRISM Synthetic Graph Mapping,Core role requirement
GGOCC-00110,GGSKILL-00097,data/processed/prism_education_career/occupation_to_skill.csv,ESSENTIAL,,1.0,PRISM Synthetic Graph Mapping,Core role requirement
GGOCC-00110,GGSKILL-00076,data/processed/prism_education_career/occupation_to_skill.csv,ESSENTIAL,,1.0,PRISM Synthetic Graph Mapping,Core role requirement
GGOCC-00110,GGSKILL-00209,data/processed/prism_education_career/occupation_to_skill.csv,ESSENTIAL,,1.0,PRISM Synthetic Graph Mapping,Core role requirement
GGOCC-00110,GGSKILL-00404,data/processed/prism_education_career/occupation_to_skill.csv,ESSENTIAL,,1.0,PRISM Synthetic Graph Mapping,Core role requirement
GGOCC-00110,GGSKILL-00259,data/processed/prism_education_career/occupation_to_skill.csv,ESSENTIAL,,1.0,PRISM Synthetic Graph Mapping,Core role requirement
GGOCC-00110,GGSKILL-00089,data/processed/prism_education_career/occupation_to_skill.csv,ESSENTIAL,,1.0,PRISM Synthetic Graph Mapping,Core role requirement
GGOCC-00110,GGSKILL-236577,data/processed/prism_education_career/occupation_to_skill.csv,ESSENTIAL,,1.0,PRISM Synthetic Graph Mapping,Core role requirement
GGOCC-00110,GGSKILL-00144,data/processed/prism_education_career/occupation_to_skill.csv,OPTIONAL,,1.0,PRISM Synthetic Graph Mapping,Core role requirement
GGOCC-00235,GGSKILL-00097,data/processed/prism_education_career/occupation_to_skill.csv,ESSENTIAL,,1.0,PRISM Synthetic Graph Mapping,Core role requirement
GGOCC-00235,GGSKILL-00076,data/processed/prism_education_career/occupation_to_skill.csv,ESSENTIAL,,1.0,PRISM Synthetic Graph Mapping,Core role requirement
GGOCC-00235,GGSKILL-00209,data/processed/prism_education_career/occupation_to_skill.csv,ESSENTIAL,,1.0,PRISM Synthetic Graph Mapping,Core role requirement
GGOCC-00235,GGSKILL-00404,data/processed/prism_education_career/occupation_to_skill.csv,ESSENTIAL,,1.0,PRISM Synthetic Graph Mapping,Core role requirement
GGOCC-00235,GGSKILL-00259,data/processed/prism_education_career/occupation_to_skill.csv,ESSENTIAL,,1.0,PRISM Synthetic Graph Mapping,Core role requirement
GGOCC-00235,GGSKILL-00089,data/processed/prism_education_career/occupation_to_skill.csv,ESSENTIAL,,1.0,PRISM Synthetic Graph Mapping,Core role requirement
GGOCC-00235,GGSKILL-236577,data/processed/prism_education_career/occupation_to_skill.csv,ESSENTIAL,,1.0,PRISM Synthetic Graph Mapping,Core role requirement
GGOCC-00235,GGSKILL-00144,data/processed/prism_education_career/occupation_to_skill.csv,OPTIONAL,,1.0,PRISM Synthetic Graph Mapping,Core role requirement
GGOCC-00033,GGSKILL-00097,data/processed/prism_education_career/occupation_to_skill.csv,ESSENTIAL,,1.0,PRISM Synthetic Graph Mapping,Core role requirement
GGOCC-00033,GGSKILL-00076,data/processed/prism_education_career/occupation_to_skill.csv,ESSENTIAL,,1.0,PRISM Synthetic Graph Mapping,Core role requirement
GGOCC-00033,GGSKILL-00209,data/processed/prism_education_career/occupation_to_skill.csv,ESSENTIAL,,1.0,PRISM Synthetic Graph Mapping,Core role requirement
GGOCC-00033,GGSKILL-00404,data/processed/prism_education_career/occupation_to_skill.csv,ESSENTIAL,,1.0,PRISM Synthetic Graph Mapping,Core role requirement
GGOCC-00033,GGSKILL-00259,data/processed/prism_education_career/occupation_to_skill.csv,ESSENTIAL,,1.0,PRISM Synthetic Graph Mapping,Core role requirement
GGOCC-00033,GGSKILL-00089,data/processed/prism_education_career/occupation_to_skill.csv,ESSENTIAL,,1.0,PRISM Synthetic Graph Mapping,Core role requirement
GGOCC-00033,GGSKILL-236577,data/processed/prism_education_career/occupation_to_skill.csv,ESSENTIAL,,1.0,PRISM Synthetic Graph Mapping,Core role requirement
GGOCC-00033,GGSKILL-00144,data/processed/prism_education_career/occupation_to_skill.csv,OPTIONAL,,1.0,PRISM Synthetic Graph Mapping,Core role requirement
GGOCC-00276,GGSKILL-00097,data/processed/prism_education_career/occupation_to_skill.csv,ESSENTIAL,,1.0,PRISM Synthetic Graph Mapping,Core role requirement
GGOCC-00276,GGSKILL-00076,data/processed/prism_education_career/occupation_to_skill.csv,ESSENTIAL,,1.0,PRISM Synthetic Graph Mapping,Core role requirement
GGOCC-00276,GGSKILL-00209,data/processed/prism_education_career/occupation_to_skill.csv,ESSENTIAL,,1.0,PRISM Synthetic Graph Mapping,Core role requirement
GGOCC-00276,GGSKILL-00404,data/processed/prism_education_career/occupation_to_skill.csv,ESSENTIAL,,1.0,PRISM Synthetic Graph Mapping,Core role requirement
GGOCC-00276,GGSKILL-00259,data/processed/prism_education_career/occupation_to_skill.csv,ESSENTIAL,,1.0,PRISM Synthetic Graph Mapping,Core role requirement
GGOCC-00276,GGSKILL-00089,data/processed/prism_education_career/occupation_to_skill.csv,ESSENTIAL,,1.0,PRISM Synthetic Graph Mapping,Core role requirement
GGOCC-00276,GGSKILL-236577,data/processed/prism_education_career/occupation_to_skill.csv,ESSENTIAL,,1.0,PRISM Synthetic Graph Mapping,Core role requirement
GGOCC-00276,GGSKILL-00144,data/processed/prism_education_career/occupation_to_skill.csv,OPTIONAL,,1.0,PRISM Synthetic Graph Mapping,Core role requirement
GGOCC-00294,GGSKILL-00335,data/processed/prism_education_career/occupation_to_skill.csv,ESSENTIAL,,1.0,PRISM Synthetic Graph Mapping,Core role requirement
GGOCC-00294,GGSKILL-00033,data/processed/prism_education_career/occupation_to_skill.csv,ESSENTIAL,,1.0,PRISM Synthetic Graph Mapping,Core role requirement
GGOCC-00294,GGSKILL-87107,data/processed/prism_education_career/occupation_to_skill.csv,ESSENTIAL,,1.0,PRISM Synthetic Graph Mapping,Core role requirement
GGOCC-00294,GGSKILL-00278,data/processed/prism_education_career/occupation_to_skill.csv,ESSENTIAL,,1.0,PRISM Synthetic Graph Mapping,Core role requirement
GGOCC-00294,GGSKILL-00067,data/processed/prism_education_career/occupation_to_skill.csv,OPTIONAL,,1.0,PRISM Synthetic Graph Mapping,Core role requirement
GGOCC-00294,GGSKILL-236577,data/processed/prism_education_career/occupation_to_skill.csv,ESSENTIAL,,1.0,PRISM Synthetic Graph Mapping,Core role requirement
GGOCC-00294,GGSKILL-39417,data/processed/prism_education_career/occupation_to_skill.csv,OPTIONAL,,1.0,PRISM Synthetic Graph Mapping,Core role requirement
GGOCC-00294,GGSKILL-00125,data/processed/prism_education_career/occupation_to_skill.csv,ESSENTIAL,,1.0,PRISM Synthetic Graph Mapping,Core role requirement
GGOCC-00307,GGSKILL-00335,data/processed/prism_education_career/occupation_to_skill.csv,ESSENTIAL,,1.0,PRISM Synthetic Graph Mapping,Core role requirement
GGOCC-00307,GGSKILL-00033,data/processed/prism_education_career/occupation_to_skill.csv,ESSENTIAL,,1.0,PRISM Synthetic Graph Mapping,Core role requirement
GGOCC-00307,GGSKILL-87107,data/processed/prism_education_career/occupation_to_skill.csv,ESSENTIAL,,1.0,PRISM Synthetic Graph Mapping,Core role requirement
GGOCC-00307,GGSKILL-00278,data/processed/prism_education_career/occupation_to_skill.csv,ESSENTIAL,,1.0,PRISM Synthetic Graph Mapping,Core role requirement
GGOCC-00307,GGSKILL-00067,data/processed/prism_education_career/occupation_to_skill.csv,OPTIONAL,,1.0,PRISM Synthetic Graph Mapping,Core role requirement
GGOCC-00307,GGSKILL-236577,data/processed/prism_education_career/occupation_to_skill.csv,ESSENTIAL,,1.0,PRISM Synthetic Graph Mapping,Core role requirement
GGOCC-00307,GGSKILL-39417,data/processed/prism_education_career/occupation_to_skill.csv,OPTIONAL,,1.0,PRISM Synthetic Graph Mapping,Core role requirement
GGOCC-00307,GGSKILL-00125,data/processed/prism_education_career/occupation_to_skill.csv,ESSENTIAL,,1.0,PRISM Synthetic Graph Mapping,Core role requirement
GGOCC-00272,GGSKILL-00335,data/processed/prism_education_career/occupation_to_skill.csv,ESSENTIAL,,1.0,PRISM Synthetic Graph Mapping,Core role requirement
GGOCC-00272,GGSKILL-00033,data/processed/prism_education_career/occupation_to_skill.csv,ESSENTIAL,,1.0,PRISM Synthetic Graph Mapping,Core role requirement
GGOCC-00272,GGSKILL-87107,data/processed/prism_education_career/occupation_to_skill.csv,ESSENTIAL,,1.0,PRISM Synthetic Graph Mapping,Core role requirement
GGOCC-00272,GGSKILL-00278,data/processed/prism_education_career/occupation_to_skill.csv,ESSENTIAL,,1.0,PRISM Synthetic Graph Mapping,Core role requirement
GGOCC-00272,GGSKILL-00067,data/processed/prism_education_career/occupation_to_skill.csv,OPTIONAL,,1.0,PRISM Synthetic Graph Mapping,Core role requirement
GGOCC-00272,GGSKILL-236577,data/processed/prism_education_career/occupation_to_skill.csv,ESSENTIAL,,1.0,PRISM Synthetic Graph Mapping,Core role requirement
GGOCC-00272,GGSKILL-39417,data/processed/prism_education_career/occupation_to_skill.csv,OPTIONAL,,1.0,PRISM Synthetic Graph Mapping,Core role requirement
GGOCC-00272,GGSKILL-00125,data/processed/prism_education_career/occupation_to_skill.csv,ESSENTIAL,,1.0,PRISM Synthetic Graph Mapping,Core role requirement
GGOCC-00207,GGSKILL-00097,data/processed/prism_education_career/occupation_to_skill.csv,ESSENTIAL,,1.0,PRISM Synthetic Graph Mapping,Core role requirement
GGOCC-00207,GGSKILL-00076,data/processed/prism_education_career/occupation_to_skill.csv,ESSENTIAL,,1.0,PRISM Synthetic Graph Mapping,Core role requirement
GGOCC-00207,GGSKILL-00209,data/processed/prism_education_career/occupation_to_skill.csv,ESSENTIAL,,1.0,PRISM Synthetic Graph Mapping,Core role requirement
GGOCC-00207,GGSKILL-00404,data/processed/prism_education_career/occupation_to_skill.csv,ESSENTIAL,,1.0,PRISM Synthetic Graph Mapping,Core role requirement
GGOCC-00207,GGSKILL-00259,data/processed/prism_education_career/occupation_to_skill.csv,ESSENTIAL,,1.0,PRISM Synthetic Graph Mapping,Core role requirement
GGOCC-00207,GGSKILL-00089,data/processed/prism_education_career/occupation_to_skill.csv,ESSENTIAL,,1.0,PRISM Synthetic Graph Mapping,Core role requirement
GGOCC-00207,GGSKILL-236577,data/processed/prism_education_career/occupation_to_skill.csv,ESSENTIAL,,1.0,PRISM Synthetic Graph Mapping,Core role requirement
GGOCC-00207,GGSKILL-00144,data/processed/prism_education_career/occupation_to_skill.csv,OPTIONAL,,1.0,PRISM Synthetic Graph Mapping,Core role requirement
GGOCC-00201,GGSKILL-00137,data/processed/prism_education_career/occupation_to_skill.csv,ESSENTIAL,,1.0,PRISM Synthetic Graph Mapping,Core role requirement
GGOCC-00201,GGSKILL-00298,data/processed/prism_education_career/occupation_to_skill.csv,ESSENTIAL,,1.0,PRISM Synthetic Graph Mapping,Core role requirement
GGOCC-00201,GGSKILL-00190,data/processed/prism_education_career/occupation_to_skill.csv,ESSENTIAL,,1.0,PRISM Synthetic Graph Mapping,Core role requirement
GGOCC-00201,GGSKILL-00085,data/processed/prism_education_career/occupation_to_skill.csv,OPTIONAL,,1.0,PRISM Synthetic Graph Mapping,Core role requirement
GGOCC-00201,GGSKILL-00144,data/processed/prism_education_career/occupation_to_skill.csv,ESSENTIAL,,1.0,PRISM Synthetic Graph Mapping,Core role requirement
GGOCC-00201,GGSKILL-00351,data/processed/prism_education_career/occupation_to_skill.csv,ESSENTIAL,,1.0,PRISM Synthetic Graph Mapping,Core role requirement
GGOCC-00201,GGSKILL-00192,data/processed/prism_education_career/occupation_to_skill.csv,OPTIONAL,,1.0,PRISM Synthetic Graph Mapping,Core role requirement
GGOCC-00263,GGSKILL-00137,data/processed/prism_education_career/occupation_to_skill.csv,ESSENTIAL,,1.0,PRISM Synthetic Graph Mapping,Core role requirement
GGOCC-00263,GGSKILL-00298,data/processed/prism_education_career/occupation_to_skill.csv,ESSENTIAL,,1.0,PRISM Synthetic Graph Mapping,Core role requirement
GGOCC-00263,GGSKILL-00190,data/processed/prism_education_career/occupation_to_skill.csv,ESSENTIAL,,1.0,PRISM Synthetic Graph Mapping,Core role requirement
GGOCC-00263,GGSKILL-00085,data/processed/prism_education_career/occupation_to_skill.csv,OPTIONAL,,1.0,PRISM Synthetic Graph Mapping,Core role requirement
GGOCC-00263,GGSKILL-00144,data/processed/prism_education_career/occupation_to_skill.csv,ESSENTIAL,,1.0,PRISM Synthetic Graph Mapping,Core role requirement
GGOCC-00263,GGSKILL-00351,data/processed/prism_education_career/occupation_to_skill.csv,ESSENTIAL,,1.0,PRISM Synthetic Graph Mapping,Core role requirement
GGOCC-00263,GGSKILL-00192,data/processed/prism_education_career/occupation_to_skill.csv,OPTIONAL,,1.0,PRISM Synthetic Graph Mapping,Core role requirement
GGOCC-00116,GGSKILL-00237,data/processed/prism_education_career/occupation_to_skill.csv,ESSENTIAL,,1.0,PRISM Synthetic Graph Mapping,Core role requirement
GGOCC-00116,GGSKILL-00135,data/processed/prism_education_career/occupation_to_skill.csv,ESSENTIAL,,1.0,PRISM Synthetic Graph Mapping,Core role requirement
GGOCC-00116,GGSKILL-00144,data/processed/prism_education_career/occupation_to_skill.csv,ESSENTIAL,,1.0,PRISM Synthetic Graph Mapping,Core role requirement
GGOCC-00116,GGSKILL-00288,data/processed/prism_education_career/occupation_to_skill.csv,OPTIONAL,,1.0,PRISM Synthetic Graph Mapping,Core role requirement
GGOCC-00116,GGSKILL-14981,data/processed/prism_education_career/occupation_to_skill.csv,ESSENTIAL,,1.0,PRISM Synthetic Graph Mapping,Core role requirement
GGOCC-00116,GGSKILL-236577,data/processed/prism_education_career/occupation_to_skill.csv,OPTIONAL,,1.0,PRISM Synthetic Graph Mapping,Core role requirement
GGOCC-00116,GGSKILL-39417,data/processed/prism_education_career/occupation_to_skill.csv,OPTIONAL,,1.0,PRISM Synthetic Graph Mapping,Core role requirement
GGOCC-00287,GGSKILL-00237,data/processed/prism_education_career/occupation_to_skill.csv,ESSENTIAL,,1.0,PRISM Synthetic Graph Mapping,Core role requirement
GGOCC-00287,GGSKILL-00135,data/processed/prism_education_career/occupation_to_skill.csv,ESSENTIAL,,1.0,PRISM Synthetic Graph Mapping,Core role requirement
GGOCC-00287,GGSKILL-00144,data/processed/prism_education_career/occupation_to_skill.csv,ESSENTIAL,,1.0,PRISM Synthetic Graph Mapping,Core role requirement
GGOCC-00287,GGSKILL-00288,data/processed/prism_education_career/occupation_to_skill.csv,OPTIONAL,,1.0,PRISM Synthetic Graph Mapping,Core role requirement
GGOCC-00287,GGSKILL-14981,data/processed/prism_education_career/occupation_to_skill.csv,ESSENTIAL,,1.0,PRISM Synthetic Graph Mapping,Core role requirement
GGOCC-00287,GGSKILL-236577,data/processed/prism_education_career/occupation_to_skill.csv,OPTIONAL,,1.0,PRISM Synthetic Graph Mapping,Core role requirement
GGOCC-00287,GGSKILL-39417,data/processed/prism_education_career/occupation_to_skill.csv,OPTIONAL,,1.0,PRISM Synthetic Graph Mapping,Core role requirement
GGOCC-00214,GGSKILL-00237,data/processed/prism_education_career/occupation_to_skill.csv,ESSENTIAL,,1.0,PRISM Synthetic Graph Mapping,Core role requirement
GGOCC-00214,GGSKILL-00135,data/processed/prism_education_career/occupation_to_skill.csv,ESSENTIAL,,1.0,PRISM Synthetic Graph Mapping,Core role requirement
GGOCC-00214,GGSKILL-00144,data/processed/prism_education_career/occupation_to_skill.csv,ESSENTIAL,,1.0,PRISM Synthetic Graph Mapping,Core role requirement
GGOCC-00214,GGSKILL-00288,data/processed/prism_education_career/occupation_to_skill.csv,OPTIONAL,,1.0,PRISM Synthetic Graph Mapping,Core role requirement
GGOCC-00214,GGSKILL-14981,data/processed/prism_education_career/occupation_to_skill.csv,ESSENTIAL,,1.0,PRISM Synthetic Graph Mapping,Core role requirement
GGOCC-00214,GGSKILL-236577,data/processed/prism_education_career/occupation_to_skill.csv,OPTIONAL,,1.0,PRISM Synthetic Graph Mapping,Core role requirement
GGOCC-00214,GGSKILL-39417,data/processed/prism_education_career/occupation_to_skill.csv,OPTIONAL,,1.0,PRISM Synthetic Graph Mapping,Core role requirement
GGOCC-00029,GGSKILL-00133,data/processed/prism_education_career/occupation_to_skill.csv,ESSENTIAL,,1.0,PRISM Synthetic Graph Mapping,Core role requirement
GGOCC-00029,GGSKILL-00116,data/processed/prism_education_career/occupation_to_skill.csv,ESSENTIAL,,1.0,PRISM Synthetic Graph Mapping,Core role requirement
GGOCC-00029,GGSKILL-00339,data/processed/prism_education_career/occupation_to_skill.csv,ESSENTIAL,,1.0,PRISM Synthetic Graph Mapping,Core role requirement
GGOCC-00029,GGSKILL-00198,data/processed/prism_education_career/occupation_to_skill.csv,ESSENTIAL,,1.0,PRISM Synthetic Graph Mapping,Core role requirement
GGOCC-00029,GGSKILL-236577,data/processed/prism_education_career/occupation_to_skill.csv,ESSENTIAL,,1.0,PRISM Synthetic Graph Mapping,Core role requirement
GGOCC-00029,GGSKILL-00147,data/processed/prism_education_career/occupation_to_skill.csv,OPTIONAL,,1.0,PRISM Synthetic Graph Mapping,Core role requirement
GGOCC-00029,GGSKILL-39417,data/processed/prism_education_career/occupation_to_skill.csv,OPTIONAL,,1.0,PRISM Synthetic Graph Mapping,Core role requirement
GGOCC-00029,GGSKILL-00144,data/processed/prism_education_career/occupation_to_skill.csv,OPTIONAL,,1.0,PRISM Synthetic Graph Mapping,Core role requirement
GGOCC-00246,GGSKILL-00083,data/processed/prism_education_career/occupation_to_skill.csv,ESSENTIAL,,1.0,PRISM Synthetic Graph Mapping,Core role requirement
GGOCC-00246,GGSKILL-14981,data/processed/prism_education_career/occupation_to_skill.csv,ESSENTIAL,,1.0,PRISM Synthetic Graph Mapping,Core role requirement
GGOCC-00246,GGSKILL-00159,data/processed/prism_education_career/occupation_to_skill.csv,ESSENTIAL,,1.0,PRISM Synthetic Graph Mapping,Core role requirement
GGOCC-00246,GGSKILL-47464,data/processed/prism_education_career/occupation_to_skill.csv,ESSENTIAL,,1.0,PRISM Synthetic Graph Mapping,Core role requirement
GGOCC-00246,GGSKILL-00144,data/processed/prism_education_career/occupation_to_skill.csv,ESSENTIAL,,1.0,PRISM Synthetic Graph Mapping,Core role requirement
GGOCC-00246,GGSKILL-00223,data/processed/prism_education_career/occupation_to_skill.csv,OPTIONAL,,1.0,PRISM Synthetic Graph Mapping,Core role requirement
GGOCC-00246,GGSKILL-39417,data/processed/prism_education_career/occupation_to_skill.csv,OPTIONAL,,1.0,PRISM Synthetic Graph Mapping,Core role requirement
GGOCC-00246,GGSKILL-00418,data/processed/prism_education_career/occupation_to_skill.csv,OPTIONAL,,1.0,PRISM Synthetic Graph Mapping,Core role requirement
GGOCC-00280,GGSKILL-31162,data/processed/prism_education_career/occupation_to_skill.csv,ESSENTIAL,,1.0,PRISM Synthetic Graph Mapping,Core role requirement
GGOCC-00280,GGSKILL-00144,data/processed/prism_education_career/occupation_to_skill.csv,ESSENTIAL,,1.0,PRISM Synthetic Graph Mapping,Core role requirement
GGOCC-00280,GGSKILL-00274,data/processed/prism_education_career/occupation_to_skill.csv,ESSENTIAL,,1.0,PRISM Synthetic Graph Mapping,Core role requirement
GGOCC-00280,GGSKILL-00418,data/processed/prism_education_career/occupation_to_skill.csv,ESSENTIAL,,1.0,PRISM Synthetic Graph Mapping,Core role requirement
GGOCC-00280,GGSKILL-39417,data/processed/prism_education_career/occupation_to_skill.csv,OPTIONAL,,1.0,PRISM Synthetic Graph Mapping,Core role requirement
GGOCC-00280,GGSKILL-236577,data/processed/prism_education_career/occupation_to_skill.csv,OPTIONAL,,1.0,PRISM Synthetic Graph Mapping,Core role requirement
GGOCC-00280,GGSKILL-24947,data/processed/prism_education_career/occupation_to_skill.csv,OPTIONAL,,1.0,PRISM Synthetic Graph Mapping,Core role requirement
GGOCC-00280,GGSKILL-214902,data/processed/prism_education_career/occupation_to_skill.csv,OPTIONAL,,1.0,PRISM Synthetic Graph Mapping,Core role requirement
GGOCC-00050,GGSKILL-00004,data/processed/prism_education_career/occupation_to_skill.csv,ESSENTIAL,,1.0,PRISM Synthetic Graph Mapping,Core role requirement
GGOCC-00050,GGSKILL-00025,data/processed/prism_education_career/occupation_to_skill.csv,ESSENTIAL,,1.0,PRISM Synthetic Graph Mapping,Core role requirement
GGOCC-00050,GGSKILL-47464,data/processed/prism_education_career/occupation_to_skill.csv,ESSENTIAL,,1.0,PRISM Synthetic Graph Mapping,Core role requirement
GGOCC-00050,GGSKILL-39417,data/processed/prism_education_career/occupation_to_skill.csv,ESSENTIAL,,1.0,PRISM Synthetic Graph Mapping,Core role requirement
GGOCC-00050,GGSKILL-00418,data/processed/prism_education_career/occupation_to_skill.csv,OPTIONAL,,1.0,PRISM Synthetic Graph Mapping,Core role requirement
GGOCC-00050,GGSKILL-00144,data/processed/prism_education_career/occupation_to_skill.csv,OPTIONAL,,1.0,PRISM Synthetic Graph Mapping,Core role requirement
GGOCC-00050,GGSKILL-236577,data/processed/prism_education_career/occupation_to_skill.csv,OPTIONAL,,1.0,PRISM Synthetic Graph Mapping,Core role requirement
GGOCC-00050,GGSKILL-24947,data/processed/prism_education_career/occupation_to_skill.csv,OPTIONAL,,1.0,PRISM Synthetic Graph Mapping,Core role requirement
